example_id,label,mean_prob,min_prob
0,grounded,0.88623046875,0.65869140625
0,hallucinated,0.4482421875,0.0006198883056640625
1,grounded,1.0669231414794922e-05,1.0669231414794922e-05
1,hallucinated,0.572265625,1.3947486877441406e-05
2,grounded,0.66650390625,5.173683166503906e-05
2,hallucinated,0.5263671875,1.9669532775878906e-06
3,grounded,0.166015625,0.166015625
3,hallucinated,0.68115234375,0.00717926025390625
4,grounded,5.662441253662109e-06,5.662441253662109e-06
4,hallucinated,0.296142578125,5.960464477539063e-08
5,grounded,0.52880859375,0.05718994140625
5,hallucinated,0.697265625,0.01617431640625
6,grounded,0.7998046875,1.1920928955078125e-06
6,hallucinated,0.69189453125,4.70280647277832e-05
7,grounded,0.73095703125,0.192626953125
7,hallucinated,0.432373046875,3.641843795776367e-05
8,grounded,0.80810546875,0.067138671875
8,hallucinated,0.72900390625,0.0
9,grounded,0.76513671875,6.753206253051758e-05
9,hallucinated,0.470458984375,1.5079975128173828e-05
10,grounded,0.66650390625,4.0531158447265625e-06
10,hallucinated,0.75927734375,0.0
11,grounded,0.6103515625,0.3671875
11,hallucinated,0.537109375,8.225440979003906e-06
12,grounded,0.5224609375,0.045318603515625
12,hallucinated,0.92138671875,9.5367431640625e-06
13,grounded,0.8125,0.06390380859375
13,hallucinated,0.67919921875,1.9669532775878906e-06
14,grounded,0.74853515625,0.015289306640625
14,hallucinated,0.55419921875,4.76837158203125e-07
15,grounded,0.853515625,0.269287109375
15,hallucinated,0.383544921875,3.069639205932617e-05
16,grounded,0.8623046875,0.0023345947265625
16,hallucinated,0.441162109375,1.7881393432617188e-07
17,grounded,8.958578109741211e-05,8.958578109741211e-05
17,hallucinated,0.56689453125,0.0
18,grounded,0.978515625,0.89306640625
18,hallucinated,0.60986328125,2.384185791015625e-07
19,grounded,0.00925445556640625,0.00925445556640625
19,hallucinated,0.68212890625,0.0
20,grounded,0.0003497600555419922,0.0003497600555419922
20,hallucinated,0.56494140625,5.960464477539063e-08
21,grounded,0.99755859375,0.9921875
21,hallucinated,0.76806640625,0.0
22,grounded,0.76318359375,0.05743408203125
22,hallucinated,0.72265625,0.0009851455688476562
23,grounded,0.626953125,0.0135650634765625
23,hallucinated,0.257080078125,5.841255187988281e-06
24,grounded,0.6669921875,0.0012063980102539062
24,hallucinated,0.39697265625,0.00013947486877441406
25,grounded,0.5107421875,0.021514892578125
25,hallucinated,0.68505859375,0.0
26,grounded,0.51220703125,0.0248260498046875
26,hallucinated,0.7333984375,5.364418029785156e-07
27,grounded,0.000537872314453125,0.000537872314453125
27,hallucinated,0.59375,3.5762786865234375e-07
28,grounded,0.00017511844635009766,0.00017511844635009766
28,hallucinated,0.73583984375,2.562999725341797e-05
29,grounded,0.66748046875,0.004230499267578125
29,hallucinated,0.8291015625,0.0
30,grounded,0.9892578125,0.96728515625
30,hallucinated,0.26513671875,2.8014183044433594e-06
31,grounded,0.68017578125,0.041168212890625
31,hallucinated,0.68115234375,0.0001417398452758789
32,grounded,0.00011283159255981445,0.00011283159255981445
32,hallucinated,0.55517578125,2.2649765014648438e-06
33,grounded,0.36865234375,0.36865234375
33,hallucinated,0.7080078125,9.655952453613281e-06
34,grounded,0.71142578125,1.5497207641601562e-06
34,hallucinated,0.52685546875,0.0
35,grounded,1.0,0.99951171875
35,hallucinated,0.5146484375,6.556510925292969e-07
36,grounded,0.94677734375,0.8408203125
36,hallucinated,0.77001953125,0.0013828277587890625
37,grounded,0.65234375,5.960464477539063e-08
37,hallucinated,0.383544921875,0.0
38,grounded,0.03631591796875,0.03631591796875
38,hallucinated,0.908203125,0.00101470947265625
39,grounded,0.006580352783203125,0.006580352783203125
39,hallucinated,0.876953125,0.0
40,grounded,0.5,0.00034165382385253906
40,hallucinated,0.68603515625,1.6093254089355469e-06
41,grounded,0.5380859375,0.07647705078125
41,hallucinated,0.5380859375,1.430511474609375e-06
42,grounded,0.54638671875,0.00438690185546875
42,hallucinated,0.720703125,0.0
43,grounded,0.66650390625,6.157159805297852e-05
43,hallucinated,0.736328125,1.7881393432617188e-07
44,grounded,0.9736328125,0.89501953125
44,hallucinated,0.611328125,0.00019741058349609375
45,grounded,0.833984375,0.0038585662841796875
45,hallucinated,0.61669921875,0.0004754066467285156
46,grounded,0.3359375,1.138448715209961e-05
46,hallucinated,0.50048828125,8.940696716308594e-06
47,grounded,0.71435546875,0.14306640625
47,hallucinated,0.29736328125,0.0
48,grounded,0.8095703125,0.24169921875
48,hallucinated,0.1396484375,2.5331974029541016e-05
49,grounded,5.662441253662109e-06,5.662441253662109e-06
49,hallucinated,0.67822265625,4.76837158203125e-07
50,grounded,0.51806640625,0.036468505859375
50,hallucinated,0.413818359375,0.00014448165893554688
51,grounded,0.8974609375,0.0
51,hallucinated,0.8310546875,6.699562072753906e-05
52,grounded,0.6357421875,0.0
52,hallucinated,0.59619140625,2.384185791015625e-07
53,grounded,0.75,0.00016188621520996094
53,hallucinated,0.607421875,0.0
54,grounded,0.51416015625,0.0279388427734375
54,hallucinated,0.71826171875,1.0371208190917969e-05
55,grounded,1.5079975128173828e-05,1.5079975128173828e-05
55,hallucinated,0.794921875,8.016824722290039e-05
56,grounded,0.75,0.0
56,hallucinated,0.57470703125,2.86102294921875e-06
57,grounded,0.802734375,0.0146636962890625
57,hallucinated,0.560546875,0.0
58,grounded,0.8251953125,0.1253662109375
58,hallucinated,0.609375,0.0
59,grounded,0.0209808349609375,0.0209808349609375
59,hallucinated,0.78173828125,4.589557647705078e-06
60,grounded,0.77197265625,0.31591796875
60,hallucinated,0.10186767578125,5.328655242919922e-05
61,grounded,0.499755859375,4.649162292480469e-06
61,hallucinated,0.72802734375,5.918741226196289e-05
62,grounded,1.0,1.0
62,hallucinated,0.3837890625,5.960464477539063e-08
63,grounded,0.5859375,0.0301513671875
63,hallucinated,0.734375,0.0
64,grounded,0.0022792816162109375,0.0022792816162109375
64,hallucinated,0.474853515625,8.565187454223633e-05
65,grounded,3.5762786865234375e-07,3.5762786865234375e-07
65,hallucinated,0.76220703125,3.516674041748047e-06
66,grounded,0.740234375,0.2200927734375
66,hallucinated,0.48388671875,9.566545486450195e-05
67,grounded,0.0005936622619628906,0.0005936622619628906
67,hallucinated,0.6845703125,2.384185791015625e-07
68,grounded,0.79931640625,0.0010433197021484375
68,hallucinated,0.427490234375,3.069639205932617e-05
69,grounded,0.65966796875,0.005176544189453125
69,hallucinated,0.90478515625,2.980232238769531e-07
70,grounded,0.763671875,0.054656982421875
70,hallucinated,0.669921875,0.0
71,grounded,0.5537109375,0.5537109375
71,hallucinated,0.5849609375,3.814697265625e-05
72,grounded,0.75439453125,0.5087890625
72,hallucinated,0.71875,0.022003173828125
73,grounded,0.72412109375,0.171875
73,hallucinated,0.484619140625,0.0
74,grounded,0.46728515625,1.0788440704345703e-05
74,hallucinated,0.7724609375,1.4901161193847656e-06
75,grounded,0.66650390625,0.0
75,hallucinated,0.60205078125,5.960464477539063e-08
76,grounded,0.66748046875,0.0018720626831054688
76,hallucinated,0.25439453125,3.6954879760742188e-06
77,grounded,0.73583984375,6.198883056640625e-06
77,hallucinated,0.398193359375,6.198883056640625e-06
78,grounded,0.5615234375,0.12347412109375
78,hallucinated,0.7509765625,5.072355270385742e-05
79,grounded,0.73046875,0.191162109375
79,hallucinated,0.5947265625,0.0
80,grounded,0.017181396484375,0.017181396484375
80,hallucinated,0.68994140625,0.0
81,grounded,0.75732421875,0.276123046875
81,hallucinated,0.41796875,5.960464477539063e-08
82,grounded,0.66552734375,0.0003619194030761719
82,hallucinated,0.75146484375,0.00284576416015625
83,grounded,0.9912109375,0.96630859375
83,hallucinated,0.70703125,0.0
84,grounded,0.8740234375,7.671117782592773e-05
84,hallucinated,0.81787109375,6.556510925292969e-07
85,grounded,0.66943359375,0.00870513916015625
85,hallucinated,0.325439453125,0.0005564689636230469
86,grounded,0.0122833251953125,7.998943328857422e-05
86,hallucinated,0.5234375,0.0
87,grounded,0.0001170039176940918,0.0001170039176940918
87,hallucinated,0.6435546875,2.980232238769531e-07
88,grounded,0.5224609375,0.0018663406372070312
88,hallucinated,0.62548828125,2.1457672119140625e-06
89,grounded,0.0,0.0
89,hallucinated,0.340087890625,5.960464477539063e-08
90,grounded,0.67822265625,0.034088134765625
90,hallucinated,0.488037109375,0.0016088485717773438
91,grounded,0.9375,0.8125
91,hallucinated,0.64892578125,2.0682811737060547e-05
92,grounded,0.85693359375,0.0
92,hallucinated,0.64208984375,7.748603820800781e-07
93,grounded,0.84033203125,0.0419921875
93,hallucinated,0.466064453125,3.0994415283203125e-06
94,grounded,0.75048828125,0.002216339111328125
94,hallucinated,0.36865234375,0.0
95,grounded,0.75,0.00010079145431518555
95,hallucinated,0.615234375,5.364418029785156e-07
96,grounded,0.52294921875,0.0009860992431640625
96,hallucinated,0.322265625,7.152557373046875e-07
97,grounded,0.814453125,0.082275390625
97,hallucinated,0.8115234375,0.0
98,grounded,0.458984375,2.2649765014648438e-06
98,hallucinated,0.416259765625,0.0011606216430664062
99,grounded,0.85791015625,0.29150390625
99,hallucinated,0.48974609375,0.0034542083740234375
100,grounded,0.6474609375,0.294677734375
100,hallucinated,0.78955078125,0.0049896240234375
101,grounded,0.82861328125,0.00460052490234375
101,hallucinated,0.759765625,6.556510925292969e-07
102,grounded,0.00041365623474121094,0.00041365623474121094
102,hallucinated,0.5458984375,7.748603820800781e-07
103,grounded,5.21540641784668e-05,5.21540641784668e-05
103,hallucinated,0.59033203125,0.0
104,grounded,0.888671875,1.7881393432617188e-07
104,hallucinated,0.7998046875,6.556510925292969e-07
105,grounded,0.82421875,0.022003173828125
105,hallucinated,0.75244140625,0.0
106,grounded,0.75,1.7881393432617188e-07
106,hallucinated,0.59912109375,1.1920928955078125e-07
107,grounded,0.8876953125,0.0
107,hallucinated,0.71728515625,2.8312206268310547e-05
108,grounded,0.703125,0.57763671875
108,hallucinated,0.71728515625,6.318092346191406e-06
109,grounded,0.63671875,0.273681640625
109,hallucinated,0.771484375,3.5762786865234375e-06
110,grounded,0.9775390625,0.95458984375
110,hallucinated,0.75439453125,3.6597251892089844e-05
111,grounded,0.6279296875,0.026214599609375
111,hallucinated,0.418701171875,0.00019085407257080078
112,grounded,0.5,0.0
112,hallucinated,0.791015625,0.002002716064453125
113,grounded,0.8251953125,0.3037109375
113,hallucinated,0.76806640625,1.1920928955078125e-07
114,grounded,0.0220794677734375,0.0220794677734375
114,hallucinated,0.83935546875,0.0
115,grounded,0.85693359375,1.1920928955078125e-07
115,hallucinated,0.295166015625,0.0
116,grounded,0.499267578125,5.91278076171875e-05
116,hallucinated,0.595703125,2.384185791015625e-07
117,grounded,0.55224609375,0.1041259765625
117,hallucinated,0.84814453125,0.0
118,grounded,0.69775390625,0.09344482421875
118,hallucinated,0.318603515625,0.0
119,grounded,0.66650390625,6.35981559753418e-05
119,hallucinated,0.8974609375,2.562999725341797e-06
120,grounded,0.5,0.0
120,hallucinated,0.6376953125,0.0001533031463623047
121,grounded,2.2172927856445312e-05,2.2172927856445312e-05
121,hallucinated,0.63037109375,0.0005636215209960938
122,grounded,0.75,0.0001207590103149414
122,hallucinated,0.475830078125,0.0
123,grounded,0.75244140625,0.0092315673828125
123,hallucinated,0.77294921875,0.0
124,grounded,0.798828125,0.00057220458984375
124,hallucinated,0.76953125,1.9729137420654297e-05
125,grounded,0.9091796875,0.003002166748046875
125,hallucinated,0.364990234375,0.0004825592041015625
126,grounded,0.80224609375,0.131103515625
126,hallucinated,0.58349609375,2.110004425048828e-05
127,grounded,0.66845703125,9.775161743164062e-05
127,hallucinated,0.541015625,2.5033950805664062e-06
128,grounded,0.00026679039001464844,0.00026679039001464844
128,hallucinated,0.462890625,8.940696716308594e-07
129,grounded,0.6845703125,0.0953369140625
129,hallucinated,0.2724609375,0.0
130,grounded,0.7236328125,0.44775390625
130,hallucinated,0.55859375,0.0
131,grounded,0.7900390625,0.08709716796875
131,hallucinated,0.712890625,2.580881118774414e-05
132,grounded,0.83349609375,0.004352569580078125
132,hallucinated,0.50341796875,0.0
133,grounded,0.66552734375,5.960464477539063e-08
133,hallucinated,0.7822265625,0.0
134,grounded,0.97119140625,0.97119140625
134,hallucinated,0.685546875,0.0174407958984375
135,grounded,0.921875,0.611328125
135,hallucinated,0.60498046875,3.2186508178710938e-06
136,grounded,0.984375,0.86181640625
136,hallucinated,0.8486328125,8.821487426757812e-06
137,grounded,3.844499588012695e-05,3.844499588012695e-05
137,hallucinated,0.63671875,1.436471939086914e-05
138,grounded,0.7568359375,0.0268096923828125
138,hallucinated,0.71728515625,0.0
139,grounded,0.89990234375,0.0
139,hallucinated,0.7314453125,4.6133995056152344e-05
140,grounded,0.833984375,0.250244140625
140,hallucinated,0.1441650390625,5.960464477539063e-08
141,grounded,0.96484375,0.82470703125
141,hallucinated,0.70361328125,0.0003376007080078125
142,grounded,0.5009765625,0.0023097991943359375
142,hallucinated,0.58642578125,6.556510925292969e-07
143,grounded,0.90478515625,0.90478515625
143,hallucinated,0.60009765625,1.7881393432617188e-07
144,grounded,0.66650390625,0.00023543834686279297
144,hallucinated,0.437744140625,7.152557373046875e-07
145,grounded,0.6669921875,0.0008525848388671875
145,hallucinated,0.890625,0.0
146,grounded,0.75,4.76837158203125e-07
146,hallucinated,0.8779296875,5.960464477539063e-08
147,grounded,0.87890625,0.63671875
147,hallucinated,0.51708984375,3.5762786865234375e-07
148,grounded,0.744140625,0.27783203125
148,hallucinated,0.455078125,0.0
149,grounded,0.5263671875,1.043081283569336e-05
149,hallucinated,0.58447265625,0.0
150,grounded,0.84033203125,0.042938232421875
150,hallucinated,0.6875,0.000579833984375
151,grounded,0.669921875,0.01047515869140625
151,hallucinated,0.5185546875,1.0132789611816406e-06
152,grounded,0.501953125,0.004131317138671875
152,hallucinated,0.5556640625,2.980232238769531e-07
153,grounded,0.87451171875,0.00069427490234375
153,hallucinated,0.72607421875,4.947185516357422e-06
154,grounded,0.7998046875,0.00018036365509033203
154,hallucinated,0.7587890625,1.7881393432617188e-07
155,grounded,0.9453125,0.7265625
155,hallucinated,0.4990234375,0.0
156,grounded,0.8232421875,0.646484375
156,hallucinated,0.43359375,2.944469451904297e-05
157,grounded,0.75048828125,0.0023746490478515625
157,hallucinated,0.8623046875,0.01280975341796875
158,grounded,0.69775390625,0.093017578125
158,hallucinated,0.49609375,1.7881393432617188e-07
159,grounded,0.6533203125,0.0011339187622070312
159,hallucinated,0.59130859375,5.960464477539063e-08
160,grounded,0.00963592529296875,0.00963592529296875
160,hallucinated,0.7373046875,0.00016009807586669922
161,grounded,0.83203125,0.64794921875
161,hallucinated,0.71435546875,0.0
162,grounded,0.86474609375,0.053466796875
162,hallucinated,0.7451171875,3.039836883544922e-06
163,grounded,0.0,0.0
163,hallucinated,0.86083984375,3.5762786865234375e-07
164,grounded,4.088878631591797e-05,4.088878631591797e-05
164,hallucinated,0.61279296875,4.172325134277344e-07
165,grounded,0.90234375,0.0239410400390625
165,hallucinated,0.59716796875,1.7881393432617188e-07
166,grounded,0.75439453125,0.017333984375
166,hallucinated,0.5849609375,0.0
167,grounded,0.595703125,0.0016679763793945312
167,hallucinated,0.6787109375,3.3974647521972656e-06
168,grounded,0.66796875,0.004314422607421875
168,hallucinated,0.869140625,0.0
169,grounded,0.71923828125,0.00014603137969970703
169,hallucinated,0.48828125,3.933906555175781e-06
170,grounded,0.8740234375,0.0058746337890625
170,hallucinated,0.474609375,1.0728836059570312e-06
171,grounded,0.85693359375,0.0
171,hallucinated,0.6806640625,0.0
172,grounded,0.66552734375,6.753206253051758e-05
172,hallucinated,0.5947265625,5.960464477539063e-08
173,grounded,0.001476287841796875,0.001476287841796875
173,hallucinated,0.61083984375,2.9802322387695312e-06
174,grounded,0.86279296875,0.86279296875
174,hallucinated,0.55078125,5.960464477539063e-08
175,grounded,0.50390625,0.007427215576171875
175,hallucinated,0.55517578125,0.00013339519500732422
176,grounded,0.5419921875,0.0836181640625
176,hallucinated,0.371826171875,1.0728836059570312e-06
177,grounded,0.80126953125,0.00811004638671875
177,hallucinated,0.67236328125,0.0
178,grounded,0.9345703125,0.8251953125
178,hallucinated,0.66259765625,3.5762786865234375e-07
179,grounded,0.66650390625,0.0
179,hallucinated,0.9365234375,0.0
180,grounded,0.6669921875,0.000518798828125
180,hallucinated,0.9111328125,0.0
181,grounded,0.75,0.0012807846069335938
181,hallucinated,0.6494140625,0.0005860328674316406
182,grounded,8.374452590942383e-05,8.374452590942383e-05
182,hallucinated,0.88671875,0.0
183,grounded,0.7998046875,1.2516975402832031e-06
183,hallucinated,0.73388671875,0.0
184,grounded,0.0139923095703125,0.0139923095703125
184,hallucinated,0.5478515625,5.960464477539063e-08
185,grounded,0.78564453125,0.5712890625
185,hallucinated,0.494384765625,4.941225051879883e-05
186,grounded,0.5,1.2516975402832031e-06
186,hallucinated,0.677734375,0.0
187,grounded,0.9990234375,0.9970703125
187,hallucinated,0.56787109375,0.0
188,grounded,0.98974609375,0.96875
188,hallucinated,0.6611328125,0.0
189,grounded,0.5009765625,0.0017461776733398438
189,hallucinated,0.619140625,5.960464477539062e-07
190,grounded,0.8330078125,0.0004646778106689453
190,hallucinated,0.77099609375,0.0
191,grounded,0.8291015625,0.2017822265625
191,hallucinated,0.7451171875,1.1920928955078125e-07
192,grounded,0.5,5.960464477539063e-08
192,hallucinated,0.87939453125,0.00400543212890625
193,grounded,1.2099742889404297e-05,1.2099742889404297e-05
193,hallucinated,0.640625,0.01074981689453125
194,grounded,0.75,0.00017011165618896484
194,hallucinated,0.548828125,1.1920928955078125e-07
195,grounded,0.3916015625,0.000156402587890625
195,hallucinated,0.00838470458984375,0.0
196,grounded,0.830078125,0.0003771781921386719
196,hallucinated,0.8056640625,0.0
197,grounded,0.53173828125,0.0032138824462890625
197,hallucinated,0.58740234375,3.5762786865234375e-07
198,grounded,0.75537109375,0.0236053466796875
198,hallucinated,0.7392578125,1.7881393432617188e-07
199,grounded,0.75146484375,0.005336761474609375
199,hallucinated,0.5029296875,0.0
200,grounded,0.7841796875,0.1463623046875
200,hallucinated,0.77734375,0.0
201,grounded,0.89599609375,0.7919921875
201,hallucinated,0.76611328125,2.390146255493164e-05
202,grounded,0.85888671875,0.294921875
202,hallucinated,0.84228515625,4.947185516357422e-06
203,grounded,0.669921875,0.00977325439453125
203,hallucinated,0.340576171875,0.0
204,grounded,0.92041015625,0.8408203125
204,hallucinated,0.7744140625,0.0001392364501953125
205,grounded,0.81494140625,0.002437591552734375
205,hallucinated,0.552734375,2.86102294921875e-06
206,grounded,0.0004742145538330078,0.0004742145538330078
206,hallucinated,0.74560546875,2.86102294921875e-06
207,grounded,0.521484375,0.043060302734375
207,hallucinated,0.73779296875,0.01515960693359375
208,grounded,0.0,0.0
208,hallucinated,0.83642578125,2.658367156982422e-05
209,grounded,0.80126953125,0.005237579345703125
209,hallucinated,0.67919921875,3.516674041748047e-06
210,grounded,0.916015625,0.83251953125
210,hallucinated,0.361083984375,0.0
211,grounded,5.602836608886719e-06,5.602836608886719e-06
211,hallucinated,0.48876953125,0.0
212,grounded,0.5,5.960464477539063e-08
212,hallucinated,0.826171875,0.0
213,grounded,0.66796875,0.00667572021484375
213,hallucinated,0.74560546875,4.76837158203125e-07
214,grounded,0.66845703125,0.007015228271484375
214,hallucinated,0.89599609375,1.4901161193847656e-06
215,grounded,0.8671875,4.1544437408447266e-05
215,hallucinated,0.485107421875,2.384185791015625e-07
216,grounded,0.80029296875,0.0025119781494140625
216,hallucinated,0.57421875,5.960464477539063e-08
217,grounded,0.80810546875,0.24853515625
217,hallucinated,0.57275390625,4.398822784423828e-05
218,grounded,0.01300811767578125,0.01300811767578125
218,hallucinated,0.74609375,1.990795135498047e-05
219,grounded,0.857421875,0.443115234375
219,hallucinated,0.61767578125,0.0
220,grounded,0.75,0.0
220,hallucinated,0.6123046875,0.022491455078125
221,grounded,0.77001953125,0.08087158203125
221,hallucinated,0.469970703125,0.0
222,grounded,0.16357421875,0.16357421875
222,hallucinated,0.4423828125,0.0
223,grounded,0.982421875,0.94775390625
223,hallucinated,0.564453125,5.841255187988281e-06
224,grounded,0.673828125,0.0236663818359375
224,hallucinated,0.71875,0.0003123283386230469
225,grounded,0.98486328125,0.9541015625
225,hallucinated,0.7724609375,1.3113021850585938e-06
226,grounded,0.83544921875,0.01345062255859375
226,hallucinated,0.67822265625,6.395578384399414e-05
227,grounded,2.1159648895263672e-05,2.1159648895263672e-05
227,hallucinated,0.074462890625,0.0
228,grounded,0.99609375,0.984375
228,hallucinated,0.61328125,5.960464477539063e-08
229,grounded,0.00232696533203125,0.00232696533203125
229,hallucinated,0.642578125,0.0
230,grounded,5.9604644775390625e-05,5.9604644775390625e-05
230,hallucinated,0.736328125,0.00011557340621948242
231,grounded,0.7373046875,0.04656982421875
231,hallucinated,0.46484375,5.960464477539063e-08
232,grounded,0.681640625,0.045166015625
232,hallucinated,0.3349609375,3.993511199951172e-06
233,grounded,0.9951171875,0.974609375
233,hallucinated,0.227783203125,3.993511199951172e-06
234,grounded,0.5009765625,0.0015134811401367188
234,hallucinated,0.51171875,2.086162567138672e-06
235,grounded,0.0833740234375,0.0833740234375
235,hallucinated,0.51904296875,0.0
236,grounded,2.777576446533203e-05,2.777576446533203e-05
236,hallucinated,0.85009765625,5.960464477539063e-08
237,grounded,0.74951171875,9.5367431640625e-07
237,hallucinated,0.68994140625,5.960464477539063e-08
238,grounded,0.8720703125,0.3603515625
238,hallucinated,0.73779296875,1.7881393432617188e-07
239,grounded,0.74951171875,0.0
239,hallucinated,0.8095703125,9.47713851928711e-06
240,grounded,0.98583984375,0.94384765625
240,hallucinated,0.6142578125,3.5762786865234375e-07
241,grounded,0.49755859375,1.1920928955078125e-07
241,hallucinated,0.74365234375,7.152557373046875e-07
242,grounded,0.6474609375,5.829334259033203e-05
242,hallucinated,0.45068359375,0.0002868175506591797
243,grounded,0.75341796875,0.01357269287109375
243,hallucinated,0.412109375,1.1920928955078125e-07
244,grounded,0.80224609375,0.01226806640625
244,hallucinated,0.41162109375,0.0
245,grounded,0.67578125,0.027313232421875
245,hallucinated,0.440673828125,8.881092071533203e-06
246,grounded,1.0,1.0
246,hallucinated,0.1676025390625,0.0
247,grounded,0.50439453125,0.00865936279296875
247,hallucinated,0.81494140625,0.07025146484375
248,grounded,0.51025390625,0.0204925537109375
248,hallucinated,0.548828125,7.271766662597656e-06
249,grounded,0.80029296875,0.0010528564453125
249,hallucinated,0.5576171875,1.7881393432617188e-07
250,grounded,0.828125,0.828125
250,hallucinated,4.410743713378906e-06,0.0
251,grounded,0.82958984375,0.148193359375
251,hallucinated,0.61767578125,0.0
252,grounded,0.0,0.0
252,hallucinated,0.447998046875,7.987022399902344e-06
253,grounded,0.50341796875,0.007091522216796875
253,hallucinated,0.58349609375,7.748603820800781e-07
254,grounded,0.86669921875,0.2000732421875
254,hallucinated,0.50732421875,0.00015354156494140625
255,grounded,0.673828125,0.0218658447265625
255,hallucinated,0.5732421875,0.0007367134094238281
256,grounded,0.0,0.0
256,hallucinated,0.5087890625,1.1920928955078125e-07
257,grounded,0.75048828125,5.924701690673828e-05
257,hallucinated,0.79736328125,5.960464477539063e-08
258,grounded,0.63037109375,0.00189971923828125
258,hallucinated,0.67578125,6.258487701416016e-06
259,grounded,0.83642578125,0.68359375
259,hallucinated,0.6904296875,0.0
260,grounded,0.80029296875,0.0005321502685546875
260,hallucinated,0.42041015625,0.0
261,grounded,0.830078125,0.31982421875
261,hallucinated,0.59814453125,2.8789043426513672e-05
262,grounded,0.006374359130859375,0.006374359130859375
262,hallucinated,0.86328125,2.2649765014648438e-06
263,grounded,0.494384765625,0.0
263,hallucinated,0.63330078125,1.2516975402832031e-06
264,grounded,0.97216796875,0.91796875
264,hallucinated,0.7314453125,1.9669532775878906e-06
265,grounded,0.74072265625,0.0027103424072265625
265,hallucinated,0.70849609375,0.0009765625
266,grounded,0.890625,0.0255584716796875
266,hallucinated,0.80517578125,0.0
267,grounded,0.0003292560577392578,0.0003292560577392578
267,hallucinated,0.6904296875,0.01125335693359375
268,grounded,5.960464477539063e-08,5.960464477539063e-08
268,hallucinated,0.58203125,0.0
269,grounded,0.84228515625,0.05450439453125
269,hallucinated,0.390625,3.2782554626464844e-06
270,grounded,0.07708740234375,0.07708740234375
270,hallucinated,0.50146484375,2.4437904357910156e-06
271,grounded,0.75390625,0.50830078125
271,hallucinated,0.445068359375,3.039836883544922e-06
272,grounded,6.198883056640625e-06,6.198883056640625e-06
272,hallucinated,0.480712890625,1.0371208190917969e-05
273,grounded,0.80029296875,0.0014972686767578125
273,hallucinated,0.422607421875,4.76837158203125e-07
274,grounded,0.0008945465087890625,0.0008945465087890625
274,hallucinated,0.59716796875,2.4318695068359375e-05
275,grounded,0.82666015625,0.133544921875
275,hallucinated,0.73583984375,1.7881393432617188e-07
276,grounded,0.791015625,0.163818359375
276,hallucinated,0.5810546875,0.0
277,grounded,0.9921875,0.96826171875
277,hallucinated,0.56982421875,5.245208740234375e-05
278,grounded,1.6689300537109375e-06,1.6689300537109375e-06
278,hallucinated,0.712890625,9.5367431640625e-07
279,grounded,0.79833984375,1.4007091522216797e-05
279,hallucinated,0.61865234375,0.0
280,grounded,0.75,0.00016558170318603516
280,hallucinated,0.334716796875,8.344650268554688e-07
281,grounded,0.89892578125,2.7418136596679688e-05
281,hallucinated,0.67822265625,3.409385681152344e-05
282,grounded,0.5,2.9802322387695312e-06
282,hallucinated,0.71435546875,0.0
283,grounded,0.7998046875,1.7881393432617188e-07
283,hallucinated,0.421142578125,0.00168609619140625
284,grounded,0.5205078125,5.960464477539063e-08
284,hallucinated,0.5966796875,1.1920928955078125e-06
285,grounded,0.85400390625,0.5615234375
285,hallucinated,0.62841796875,0.0
286,grounded,0.74853515625,0.0
286,hallucinated,0.62158203125,5.960464477539063e-08
287,grounded,0.08404541015625,0.08404541015625
287,hallucinated,0.447509765625,5.960464477539063e-08
288,grounded,0.6669921875,0.001766204833984375
288,hallucinated,0.4306640625,5.960464477539063e-08
289,grounded,0.64990234375,1.7642974853515625e-05
289,hallucinated,0.7705078125,0.0
290,grounded,0.50146484375,0.0030956268310546875
290,hallucinated,0.54052734375,1.7881393432617188e-07
291,grounded,0.57861328125,0.0019102096557617188
291,hallucinated,0.5087890625,0.0
292,grounded,0.7998046875,6.604194641113281e-05
292,hallucinated,0.433349609375,4.76837158203125e-07
293,grounded,0.79833984375,0.003948211669921875
293,hallucinated,0.8134765625,0.0
294,grounded,0.0025501251220703125,0.0025501251220703125
294,hallucinated,0.828125,7.462501525878906e-05
295,grounded,0.66455078125,0.00017178058624267578
295,hallucinated,0.603515625,0.00012183189392089844
296,grounded,0.0007214546203613281,0.0007214546203613281
296,hallucinated,0.65478515625,0.0
297,grounded,2.002716064453125e-05,2.002716064453125e-05
297,hallucinated,0.458740234375,7.152557373046875e-07
298,grounded,0.943359375,0.66943359375
298,hallucinated,0.70751953125,0.0
299,grounded,0.8671875,0.203369140625
299,hallucinated,0.8564453125,0.01543426513671875
300,grounded,0.7041015625,0.03143310546875
300,hallucinated,0.595703125,3.451108932495117e-05
301,grounded,0.75,5.960464477539063e-08
301,hallucinated,0.65869140625,3.5762786865234375e-07
302,grounded,0.74951171875,0.0
302,hallucinated,0.62744140625,0.0
303,grounded,0.57177734375,0.143798828125
303,hallucinated,0.564453125,2.6226043701171875e-06
304,grounded,0.44287109375,0.12152099609375
304,hallucinated,0.80419921875,6.496906280517578e-06
305,grounded,0.8681640625,0.478271484375
305,hallucinated,0.59912109375,2.8371810913085938e-05
306,grounded,0.59912109375,0.1978759765625
306,hallucinated,0.498779296875,3.039836883544922e-05
307,grounded,0.48486328125,0.00023496150970458984
307,hallucinated,0.6015625,0.0001735687255859375
308,grounded,0.95947265625,0.9189453125
308,hallucinated,0.456787109375,5.960464477539063e-08
309,grounded,0.66796875,0.003650665283203125
309,hallucinated,0.6650390625,4.291534423828125e-06
310,grounded,0.5810546875,0.0001665353775024414
310,hallucinated,0.59130859375,5.960464477539063e-08
311,grounded,0.98974609375,0.9697265625
311,hallucinated,0.454833984375,4.5299530029296875e-05
312,grounded,0.4970703125,3.2901763916015625e-05
312,hallucinated,0.7685546875,0.0
313,grounded,0.5,0.0001920461654663086
313,hallucinated,0.8798828125,2.980232238769531e-07
314,grounded,0.80029296875,0.0014781951904296875
314,hallucinated,0.65380859375,0.0015888214111328125
315,grounded,0.8564453125,3.314018249511719e-05
315,hallucinated,0.70947265625,0.0
316,grounded,0.7998046875,0.0
316,hallucinated,0.5693359375,1.537799835205078e-05
317,grounded,0.513671875,0.027618408203125
317,hallucinated,0.6650390625,0.0003914833068847656
318,grounded,0.75,4.172325134277344e-07
318,hallucinated,0.4267578125,8.344650268554688e-07
319,grounded,0.6669921875,0.0014896392822265625
319,hallucinated,0.7646484375,0.0007143020629882812
320,grounded,0.66650390625,0.00016307830810546875
320,hallucinated,0.44775390625,0.0
321,grounded,0.66650390625,5.960464477539063e-08
321,hallucinated,0.79833984375,1.3709068298339844e-06
322,grounded,0.002132415771484375,0.002132415771484375
322,hallucinated,0.428466796875,1.4126300811767578e-05
323,grounded,0.0001188516616821289,0.0001188516616821289
323,hallucinated,0.12457275390625,1.1920928955078125e-07
324,grounded,0.75537109375,0.021942138671875
324,hallucinated,0.52783203125,5.960464477539063e-08
325,grounded,0.75439453125,0.016876220703125
325,hallucinated,0.58544921875,0.0011281967163085938
326,grounded,0.67333984375,0.0196990966796875
326,hallucinated,0.81005859375,0.0
327,grounded,0.75048828125,0.022979736328125
327,hallucinated,0.71826171875,5.543231964111328e-05
328,grounded,0.66650390625,3.606081008911133e-05
328,hallucinated,0.53759765625,0.0
329,grounded,0.671875,0.0001361370086669922
329,hallucinated,0.0814208984375,7.927417755126953e-06
330,grounded,0.52001953125,0.041473388671875
330,hallucinated,0.41015625,9.5367431640625e-06
331,grounded,0.79248046875,0.0005092620849609375
331,hallucinated,0.4033203125,5.960464477539063e-08
332,grounded,0.8994140625,3.039836883544922e-06
332,hallucinated,0.7607421875,0.0
333,grounded,0.5,2.0802021026611328e-05
333,hallucinated,0.67431640625,1.1920928955078125e-07
334,grounded,0.0499267578125,0.0499267578125
334,hallucinated,0.66845703125,5.960464477539063e-08
335,grounded,0.96923828125,0.87744140625
335,hallucinated,0.50341796875,0.0
336,grounded,0.50537109375,0.0102691650390625
336,hallucinated,0.6669921875,1.1920928955078125e-07
337,grounded,0.91064453125,0.7431640625
337,hallucinated,0.66064453125,0.0
338,grounded,0.357177734375,0.357177734375
338,hallucinated,0.54248046875,1.7881393432617188e-06
339,grounded,0.8349609375,0.01110076904296875
339,hallucinated,0.84619140625,0.0
340,grounded,5.960464477539062e-07,5.960464477539062e-07
340,hallucinated,0.798828125,5.561113357543945e-05
341,grounded,0.5,0.0
341,hallucinated,0.224365234375,0.0
342,grounded,0.0,0.0
342,hallucinated,0.6357421875,0.0
343,grounded,0.7392578125,0.001323699951171875
343,hallucinated,0.7333984375,5.4836273193359375e-06
344,grounded,0.7265625,0.1790771484375
344,hallucinated,0.64208984375,5.960464477539063e-08
345,grounded,0.49169921875,1.150369644165039e-05
345,hallucinated,0.73291015625,0.0
346,grounded,0.77783203125,0.0081329345703125
346,hallucinated,0.40234375,0.0
347,grounded,0.99609375,0.9794921875
347,hallucinated,0.64892578125,5.960464477539063e-08
348,grounded,0.68408203125,0.0010776519775390625
348,hallucinated,0.50537109375,0.0
349,grounded,0.888671875,0.00020897388458251953
349,hallucinated,0.7841796875,5.960464477539063e-08
350,grounded,0.0002313852310180664,0.0002313852310180664
350,hallucinated,0.459716796875,0.0
351,grounded,0.99072265625,0.9716796875
351,hallucinated,0.431640625,0.0
352,grounded,0.462890625,0.462890625
352,hallucinated,0.1263427734375,0.0
353,grounded,0.7998046875,1.6093254089355469e-06
353,hallucinated,0.67431640625,1.7881393432617188e-07
354,grounded,4.1604042053222656e-05,4.1604042053222656e-05
354,hallucinated,0.72021484375,0.0
355,grounded,0.2587890625,0.0003323554992675781
355,hallucinated,0.57177734375,2.2649765014648438e-06
356,grounded,0.81787109375,0.0008025169372558594
356,hallucinated,0.75341796875,5.960464477539063e-08
357,grounded,0.72802734375,1.6689300537109375e-05
357,hallucinated,0.60546875,0.0
358,grounded,0.9013671875,0.42236328125
358,hallucinated,0.77197265625,0.0018701553344726562
359,grounded,0.7998046875,4.0531158447265625e-06
359,hallucinated,0.57177734375,1.8477439880371094e-06
360,grounded,0.73095703125,0.0167236328125
360,hallucinated,0.68798828125,0.00014102458953857422
361,grounded,0.6845703125,0.0123291015625
361,hallucinated,0.452880859375,2.980232238769531e-07
362,grounded,0.4765625,0.0
362,hallucinated,0.78173828125,0.0309600830078125
363,grounded,0.6845703125,0.053253173828125
363,hallucinated,0.6474609375,0.0
364,grounded,0.499267578125,2.4199485778808594e-05
364,hallucinated,0.619140625,1.7881393432617188e-07
365,grounded,0.50341796875,1.6689300537109375e-06
365,hallucinated,0.6904296875,0.10015869140625
366,grounded,0.70263671875,0.107421875
366,hallucinated,0.296142578125,0.0025730133056640625
367,grounded,0.82568359375,0.303466796875
367,hallucinated,0.537109375,4.2498111724853516e-05
368,grounded,0.9521484375,0.9521484375
368,hallucinated,0.79931640625,0.00047206878662109375
369,grounded,1.430511474609375e-05,1.430511474609375e-05
369,hallucinated,0.9228515625,0.0
370,grounded,0.97265625,0.9453125
370,hallucinated,0.60791015625,0.0
371,grounded,0.3935546875,0.0
371,hallucinated,0.56640625,8.344650268554688e-07
372,grounded,0.86962890625,0.0260009765625
372,hallucinated,0.681640625,4.70280647277832e-05
373,grounded,9.298324584960938e-06,9.298324584960938e-06
373,hallucinated,0.50390625,2.980232238769531e-07
374,grounded,0.476318359375,4.202127456665039e-05
374,hallucinated,0.48193359375,2.980232238769531e-07
375,grounded,0.5,0.0001577138900756836
375,hallucinated,0.7626953125,3.594160079956055e-05
376,grounded,0.8759765625,0.751953125
376,hallucinated,0.328857421875,0.0
377,grounded,0.77001953125,0.00011831521987915039
377,hallucinated,0.63037109375,1.1920928955078125e-06
378,grounded,0.248779296875,0.248779296875
378,hallucinated,0.361083984375,6.556510925292969e-07
379,grounded,0.89013671875,0.01303863525390625
379,hallucinated,0.73291015625,1.621246337890625e-05
380,grounded,9.822845458984375e-05,9.822845458984375e-05
380,hallucinated,0.62158203125,4.172325134277344e-07
381,grounded,0.9912109375,0.955078125
381,hallucinated,0.40185546875,0.0
382,grounded,0.5,1.3232231140136719e-05
382,hallucinated,0.73974609375,0.0
383,grounded,0.66650390625,6.556510925292969e-07
383,hallucinated,0.66650390625,0.00109100341796875
384,grounded,0.81640625,3.36766242980957e-05
384,hallucinated,0.74853515625,0.0001214742660522461
385,grounded,0.42333984375,0.42333984375
385,hallucinated,0.771484375,0.0014123916625976562
386,grounded,0.890625,0.0
386,hallucinated,0.744140625,0.0
387,grounded,0.888671875,0.55810546875
387,hallucinated,0.6650390625,0.0006742477416992188
388,grounded,1.7881393432617188e-07,1.7881393432617188e-07
388,hallucinated,0.63623046875,0.0005550384521484375
389,grounded,0.74951171875,0.0003979206085205078
389,hallucinated,0.431396484375,7.152557373046875e-07
390,grounded,0.5068359375,0.01384735107421875
390,hallucinated,0.390380859375,0.0
391,grounded,0.51806640625,0.035919189453125
391,hallucinated,0.8154296875,0.0005440711975097656
392,grounded,0.66796875,0.0028324127197265625
392,hallucinated,0.202880859375,1.2516975402832031e-06
393,grounded,0.50048828125,0.0011148452758789062
393,hallucinated,0.521484375,0.0
394,grounded,0.8349609375,0.00926971435546875
394,hallucinated,0.63916015625,1.436471939086914e-05
395,grounded,0.50048828125,0.0008959770202636719
395,hallucinated,0.68212890625,7.492303848266602e-05
396,grounded,0.80078125,0.00588226318359375
396,hallucinated,0.56689453125,2.4437904357910156e-06
397,grounded,0.6708984375,0.34130859375
397,hallucinated,0.65771484375,4.225969314575195e-05
398,grounded,0.66162109375,0.0006861686706542969
398,hallucinated,0.6025390625,3.039836883544922e-06
399,grounded,0.7998046875,0.003063201904296875
399,hallucinated,0.347900390625,0.0
400,grounded,0.67578125,0.026885986328125
400,hallucinated,0.69189453125,0.00021517276763916016
401,grounded,0.54931640625,0.0987548828125
401,hallucinated,0.66455078125,0.00015544891357421875
402,grounded,0.7734375,0.0034046173095703125
402,hallucinated,0.280029296875,5.364418029785156e-07
403,grounded,0.9873046875,0.93603515625
403,hallucinated,0.62548828125,0.0
404,grounded,0.6669921875,0.0012025833129882812
404,hallucinated,0.6767578125,0.0004494190216064453
405,grounded,0.66455078125,0.0
405,hallucinated,0.51025390625,5.960464477539063e-08
406,grounded,0.00896453857421875,0.00896453857421875
406,hallucinated,0.51318359375,2.5033950805664062e-06
407,grounded,0.51025390625,0.020843505859375
407,hallucinated,0.33154296875,3.6954879760742188e-06
408,grounded,0.7490234375,0.252197265625
408,hallucinated,0.498046875,0.0011272430419921875
409,grounded,2.4616718292236328e-05,2.4616718292236328e-05
409,hallucinated,0.5390625,0.0
410,grounded,0.73974609375,0.0005755424499511719
410,hallucinated,0.69287109375,6.735324859619141e-06
411,grounded,0.939453125,0.87841796875
411,hallucinated,0.22607421875,0.00040721893310546875
412,grounded,0.89990234375,0.7001953125
412,hallucinated,0.68212890625,0.0
413,grounded,1.6808509826660156e-05,1.6808509826660156e-05
413,hallucinated,0.6962890625,0.0
414,grounded,0.9267578125,0.6328125
414,hallucinated,0.64794921875,0.00016582012176513672
415,grounded,0.796875,0.1881103515625
415,hallucinated,0.58056640625,1.7881393432617188e-06
416,grounded,0.54931640625,2.980232238769531e-07
416,hallucinated,0.6142578125,5.960464477539063e-08
417,grounded,0.66650390625,0.00046944618225097656
417,hallucinated,0.58447265625,0.0
418,grounded,0.99951171875,0.99853515625
418,hallucinated,0.68212890625,0.0
419,grounded,0.8134765625,0.08587646484375
419,hallucinated,0.3466796875,9.5367431640625e-07
420,grounded,0.5107421875,0.0213470458984375
420,hallucinated,0.430908203125,0.0
421,grounded,0.62939453125,3.3974647521972656e-06
421,hallucinated,0.6220703125,0.0
422,grounded,0.00608062744140625,0.00608062744140625
422,hallucinated,0.833984375,0.0
423,grounded,0.8779296875,0.76708984375
423,hallucinated,0.72900390625,0.00012540817260742188
424,grounded,0.83935546875,0.03948974609375
424,hallucinated,0.53662109375,1.3113021850585938e-06
425,grounded,0.83349609375,0.00153350830078125
425,hallucinated,0.6259765625,0.0
426,grounded,0.75732421875,0.0293426513671875
426,hallucinated,0.5947265625,0.0001494884490966797
427,grounded,0.50146484375,0.0024700164794921875
427,hallucinated,0.5,0.0
428,grounded,0.99755859375,0.98828125
428,hallucinated,0.61962890625,3.516674041748047e-05
429,grounded,0.0010843276977539062,0.0010843276977539062
429,hallucinated,0.5654296875,0.0
430,grounded,0.57958984375,0.223876953125
430,hallucinated,0.62646484375,0.0033206939697265625
431,grounded,1.1920928955078125e-07,1.1920928955078125e-07
431,hallucinated,0.65771484375,3.516674041748047e-06
432,grounded,0.9931640625,0.9716796875
432,hallucinated,0.70556640625,6.556510925292969e-07
433,grounded,0.736328125,0.47216796875
433,hallucinated,0.00685882568359375,0.0
434,grounded,0.5517578125,0.0059967041015625
434,hallucinated,0.8095703125,2.086162567138672e-06
435,grounded,0.60009765625,0.0
435,hallucinated,0.1533203125,0.0
436,grounded,0.6953125,0.0865478515625
436,hallucinated,0.7275390625,1.3113021850585938e-05
437,grounded,2.384185791015625e-07,2.384185791015625e-07
437,hallucinated,0.79443359375,0.0024700164794921875
438,grounded,0.875,9.834766387939453e-06
438,hallucinated,0.67431640625,4.172325134277344e-07
439,grounded,0.92138671875,0.685546875
439,hallucinated,0.5986328125,0.0
440,grounded,0.79833984375,5.960464477539063e-08
440,hallucinated,0.830078125,1.0728836059570312e-06
441,grounded,0.9150390625,0.58349609375
441,hallucinated,0.70263671875,0.0077056884765625
442,grounded,1.9848346710205078e-05,1.9848346710205078e-05
442,hallucinated,0.449462890625,0.0005950927734375
443,grounded,0.896484375,1.7881393432617188e-07
443,hallucinated,0.62451171875,0.0056304931640625
444,grounded,0.5,0.0003542900085449219
444,hallucinated,5.066394805908203e-06,0.0
445,grounded,0.50341796875,0.006534576416015625
445,hallucinated,0.60693359375,3.5762786865234375e-07
446,grounded,0.83349609375,0.0005474090576171875
446,hallucinated,0.46826171875,0.0
447,grounded,0.830078125,0.00011277198791503906
447,hallucinated,0.74609375,2.7418136596679688e-06
448,grounded,0.230224609375,0.230224609375
448,hallucinated,0.95068359375,0.0
449,grounded,1.1920928955078125e-07,1.1920928955078125e-07
449,hallucinated,0.5107421875,0.001087188720703125
450,grounded,0.75048828125,0.0012054443359375
450,hallucinated,0.426025390625,1.7881393432617188e-07
451,grounded,0.7861328125,4.0411949157714844e-05
451,hallucinated,0.9033203125,1.1920928955078125e-06
452,grounded,0.00021207332611083984,0.00021207332611083984
452,hallucinated,0.63427734375,0.00017309188842773438
453,grounded,0.50341796875,0.00835418701171875
453,hallucinated,0.513671875,0.0004029273986816406
454,grounded,0.88818359375,0.0
454,hallucinated,0.83349609375,0.0035762786865234375
455,grounded,0.80078125,0.003284454345703125
455,hallucinated,0.488037109375,2.5033950805664062e-06
456,grounded,0.0,0.0
456,hallucinated,0.77099609375,3.993511199951172e-05
457,grounded,6.616115570068359e-06,6.616115570068359e-06
457,hallucinated,0.5849609375,0.0
458,grounded,0.90283203125,0.90283203125
458,hallucinated,0.412841796875,1.2040138244628906e-05
459,grounded,0.75146484375,0.006435394287109375
459,hallucinated,0.703125,2.384185791015625e-07
460,grounded,0.81201171875,0.435546875
460,hallucinated,0.7587890625,0.0
461,grounded,0.49951171875,7.534027099609375e-05
461,hallucinated,0.68310546875,0.0
462,grounded,0.79833984375,2.205371856689453e-06
462,hallucinated,0.51611328125,1.1920928955078125e-07
463,grounded,0.78076171875,0.1243896484375
463,hallucinated,0.48486328125,1.4901161193847656e-06
464,grounded,0.84912109375,5.4717063903808594e-05
464,hallucinated,0.79296875,0.0
465,grounded,0.9453125,0.8642578125
465,hallucinated,0.6416015625,1.7285346984863281e-06
466,grounded,0.0487060546875,0.0487060546875
466,hallucinated,0.46630859375,0.0
467,grounded,0.85888671875,7.838010787963867e-05
467,hallucinated,0.7578125,1.0132789611816406e-06
468,grounded,0.83056640625,3.5762786865234375e-07
468,hallucinated,0.446533203125,0.0002123117446899414
469,grounded,0.99951171875,0.998046875
469,hallucinated,0.68359375,5.960464477539063e-08
470,grounded,0.68798828125,0.10345458984375
470,hallucinated,0.4765625,5.960464477539063e-08
471,grounded,0.9755859375,0.95166015625
471,hallucinated,0.56396484375,0.0
472,grounded,0.78515625,0.01336669921875
472,hallucinated,0.626953125,6.16908073425293e-05
473,grounded,0.7685546875,0.0751953125
473,hallucinated,0.6748046875,1.7881393432617188e-07
474,grounded,0.677734375,0.0328369140625
474,hallucinated,0.6318359375,0.0002696514129638672
475,grounded,0.7177734375,0.4443359375
475,hallucinated,0.6328125,1.0132789611816406e-05
476,grounded,0.826171875,1.6570091247558594e-05
476,hallucinated,0.55078125,0.0
477,grounded,0.0032253265380859375,0.00027108192443847656
477,hallucinated,0.61181640625,0.00012433528900146484
478,grounded,0.69091796875,0.07318115234375
478,hallucinated,0.6591796875,3.5762786865234375e-07
479,grounded,0.888671875,0.0
479,hallucinated,0.440185546875,0.0094451904296875
480,grounded,0.51708984375,0.033905029296875
480,hallucinated,0.5947265625,0.0009918212890625
481,grounded,0.99951171875,0.9990234375
481,hallucinated,0.4990234375,0.0001061558723449707
482,grounded,0.501953125,0.0038623809814453125
482,hallucinated,0.65966796875,1.7881393432617188e-07
483,grounded,0.0,0.0
483,hallucinated,0.0040283203125,0.0
484,grounded,0.76953125,0.078857421875
484,hallucinated,0.52685546875,1.1920928955078125e-07
485,grounded,1.1146068572998047e-05,1.1146068572998047e-05
485,hallucinated,0.81640625,5.960464477539063e-08
486,grounded,4.220008850097656e-05,4.220008850097656e-05
486,hallucinated,0.423828125,4.780292510986328e-05
487,grounded,0.05584716796875,0.0
487,hallucinated,0.1383056640625,0.0
488,grounded,0.5,0.00015926361083984375
488,hallucinated,0.446533203125,1.430511474609375e-06
489,grounded,0.5,0.0
489,hallucinated,0.78857421875,0.037689208984375
490,grounded,0.80419921875,0.0222930908203125
490,hallucinated,0.57275390625,0.0
491,grounded,0.6845703125,2.390146255493164e-05
491,hallucinated,0.54150390625,0.0
492,grounded,0.92236328125,0.92236328125
492,hallucinated,0.72509765625,1.5497207641601562e-06
493,grounded,0.00023877620697021484,0.00023877620697021484
493,hallucinated,0.615234375,0.0010013580322265625
494,grounded,0.83447265625,0.5029296875
494,hallucinated,0.6875,1.1920928955078125e-07
495,grounded,0.5390625,0.07818603515625
495,hallucinated,0.654296875,0.0008673667907714844
496,grounded,0.66357421875,1.436471939086914e-05
496,hallucinated,0.5439453125,9.059906005859375e-06
497,grounded,6.520748138427734e-05,6.520748138427734e-05
497,hallucinated,0.732421875,6.377696990966797e-06
498,grounded,0.94873046875,0.69140625
498,hallucinated,0.7958984375,5.960464477539063e-08
499,grounded,0.794921875,0.0003669261932373047
499,hallucinated,0.70361328125,0.00011014938354492188
500,grounded,0.50634765625,0.01250457763671875
500,hallucinated,0.5556640625,1.7881393432617188e-07
501,grounded,1.7881393432617188e-07,1.7881393432617188e-07
501,hallucinated,0.2337646484375,0.0
502,grounded,0.77734375,3.522634506225586e-05
502,hallucinated,0.49560546875,9.60230827331543e-05
503,grounded,0.66650390625,0.0
503,hallucinated,0.78271484375,0.0
504,grounded,0.6708984375,0.012786865234375
504,hallucinated,0.8232421875,1.6093254089355469e-06
505,grounded,0.79931640625,5.960464477539062e-07
505,hallucinated,0.3623046875,7.152557373046875e-07
506,grounded,0.73046875,0.001953125
506,hallucinated,0.53759765625,1.7881393432617188e-07
507,grounded,0.71826171875,1.8894672393798828e-05
507,hallucinated,0.59716796875,5.960464477539063e-08
508,grounded,0.921875,0.60986328125
508,hallucinated,0.61962890625,1.4185905456542969e-05
509,grounded,0.80419921875,0.0206756591796875
509,hallucinated,0.81689453125,1.6689300537109375e-06
510,grounded,0.75,1.7881393432617188e-07
510,hallucinated,0.80859375,0.0
511,grounded,0.98291015625,0.9482421875
511,hallucinated,0.6669921875,5.960464477539062e-07
512,grounded,2.0682811737060547e-05,2.0682811737060547e-05
512,hallucinated,0.363525390625,6.4373016357421875e-06
513,grounded,0.89990234375,0.00267791748046875
513,hallucinated,0.74267578125,5.960464477539063e-08
514,grounded,0.83203125,0.0003581047058105469
514,hallucinated,0.54052734375,0.0
515,grounded,0.81298828125,0.06524658203125
515,hallucinated,0.7314453125,2.980232238769531e-07
516,grounded,0.50244140625,0.00524139404296875
516,hallucinated,0.71826171875,7.963180541992188e-05
517,grounded,0.72265625,0.005397796630859375
517,hallucinated,0.75341796875,7.462501525878906e-05
518,grounded,0.80615234375,0.039825439453125
518,hallucinated,0.71044921875,6.192922592163086e-05
519,grounded,0.5,0.0
519,hallucinated,0.36181640625,4.4286251068115234e-05
520,grounded,0.467529296875,0.0025348663330078125
520,hallucinated,0.190673828125,1.0132789611816406e-06
521,grounded,4.583597183227539e-05,4.583597183227539e-05
521,hallucinated,0.4462890625,2.1457672119140625e-06
522,grounded,0.52587890625,0.052032470703125
522,hallucinated,0.67041015625,0.0
523,grounded,0.75,0.0010309219360351562
523,hallucinated,0.59765625,0.0
524,grounded,0.6953125,0.08624267578125
524,hallucinated,0.397705078125,8.404254913330078e-06
525,grounded,0.5,5.960464477539063e-08
525,hallucinated,0.7822265625,7.987022399902344e-06
526,grounded,0.83251953125,0.00209808349609375
526,hallucinated,0.72998046875,2.384185791015625e-07
527,grounded,0.7998046875,0.0
527,hallucinated,0.673828125,0.0
528,grounded,0.8505859375,0.10357666015625
528,hallucinated,0.60400390625,5.960464477539063e-08
529,grounded,0.8046875,0.0247039794921875
529,hallucinated,0.85302734375,7.510185241699219e-06
530,grounded,0.6669921875,0.0004267692565917969
530,hallucinated,0.42919921875,9.5367431640625e-07
531,grounded,0.50048828125,0.0010395050048828125
531,hallucinated,0.39208984375,0.0
532,grounded,0.88427734375,0.306396484375
532,hallucinated,0.7802734375,0.000179290771484375
533,grounded,0.9345703125,0.0
533,hallucinated,0.744140625,2.580881118774414e-05
534,grounded,0.75,0.0003256797790527344
534,hallucinated,0.75,0.0005297660827636719
535,grounded,0.6650390625,1.4722347259521484e-05
535,hallucinated,0.499755859375,0.0
536,grounded,0.9951171875,0.97216796875
536,hallucinated,0.1727294921875,0.0
537,grounded,0.80078125,0.0027408599853515625
537,hallucinated,0.386474609375,0.0
538,grounded,0.91650390625,0.66650390625
538,hallucinated,0.2734375,6.16908073425293e-05
539,grounded,0.0,0.0
539,hallucinated,0.7958984375,0.0
540,grounded,0.5,7.826089859008789e-05
540,hallucinated,0.6982421875,0.0
541,grounded,0.9453125,0.89111328125
541,hallucinated,0.609375,5.960464477539063e-08
542,grounded,0.83447265625,0.0074310302734375
542,hallucinated,0.55224609375,1.1324882507324219e-06
543,grounded,0.6005859375,2.980232238769531e-07
543,hallucinated,0.66259765625,0.00024390220642089844
544,grounded,0.9873046875,0.93701171875
544,hallucinated,0.68994140625,0.0
545,grounded,0.5,2.1338462829589844e-05
545,hallucinated,0.57080078125,1.430511474609375e-06
546,grounded,0.95849609375,0.80078125
546,hallucinated,0.890625,0.000286102294921875
547,grounded,1.9669532775878906e-06,1.9669532775878906e-06
547,hallucinated,0.73388671875,0.0021038055419921875
548,grounded,0.55712890625,0.00421905517578125
548,hallucinated,0.5126953125,0.0004029273986816406
549,grounded,0.91015625,0.375244140625
549,hallucinated,0.72998046875,8.285045623779297e-06
550,grounded,0.54345703125,0.0010747909545898438
550,hallucinated,0.467529296875,0.0
551,grounded,0.7998046875,6.258487701416016e-06
551,hallucinated,0.338134765625,5.066394805908203e-06
552,grounded,0.66650390625,8.165836334228516e-06
552,hallucinated,0.67333984375,2.384185791015625e-07
553,grounded,0.75048828125,0.010009765625
553,hallucinated,0.379150390625,0.0
554,grounded,0.7998046875,0.0001316070556640625
554,hallucinated,0.564453125,0.0
555,grounded,0.8681640625,0.1134033203125
555,hallucinated,0.42236328125,3.248453140258789e-05
556,grounded,0.5,0.00037360191345214844
556,hallucinated,0.57666015625,0.0001016855239868164
557,grounded,0.99951171875,0.99658203125
557,hallucinated,0.73681640625,0.0
558,grounded,0.58203125,0.58203125
558,hallucinated,0.60107421875,2.980232238769531e-07
559,grounded,0.8759765625,0.007114410400390625
559,hallucinated,0.8310546875,1.430511474609375e-06
560,grounded,0.90087890625,0.00757598876953125
560,hallucinated,0.5322265625,0.0
561,grounded,0.99560546875,0.98193359375
561,hallucinated,0.578125,1.2755393981933594e-05
562,grounded,0.5751953125,0.150634765625
562,hallucinated,0.71435546875,0.0005350112915039062
563,grounded,0.67578125,0.353759765625
563,hallucinated,0.5986328125,3.516674041748047e-06
564,grounded,0.7783203125,2.6226043701171875e-06
564,hallucinated,0.849609375,2.6702880859375e-05
565,grounded,0.80029296875,0.0017709732055664062
565,hallucinated,0.64208984375,4.172325134277344e-07
566,grounded,0.82568359375,0.143310546875
566,hallucinated,0.42919921875,0.0
567,grounded,0.98779296875,0.9755859375
567,hallucinated,0.50537109375,0.0
568,grounded,0.84375,0.3740234375
568,hallucinated,0.6474609375,1.1920928955078125e-07
569,grounded,0.83935546875,0.04315185546875
569,hallucinated,0.60107421875,0.0
570,grounded,0.65771484375,0.00264739990234375
570,hallucinated,0.50048828125,0.0
571,grounded,0.5693359375,0.149169921875
571,hallucinated,0.728515625,0.0
572,grounded,0.6708984375,0.013336181640625
572,hallucinated,0.56494140625,0.0003483295440673828
573,grounded,0.5087890625,0.0174407958984375
573,hallucinated,0.66259765625,0.00353240966796875
574,grounded,1.7285346984863281e-06,1.7285346984863281e-06
574,hallucinated,0.5537109375,2.384185791015625e-07
575,grounded,0.822265625,0.466796875
575,hallucinated,0.7060546875,5.960464477539063e-08
576,grounded,8.940696716308594e-07,8.940696716308594e-07
576,hallucinated,0.56103515625,2.980232238769531e-07
577,grounded,5.960464477539062e-07,5.960464477539062e-07
577,hallucinated,0.51513671875,5.137920379638672e-05
578,grounded,0.9716796875,0.92333984375
578,hallucinated,0.56201171875,1.7881393432617188e-07
579,grounded,0.00017321109771728516,0.00017321109771728516
579,hallucinated,0.5107421875,7.450580596923828e-05
580,grounded,4.1961669921875e-05,4.1961669921875e-05
580,hallucinated,0.451171875,1.5497207641601562e-05
581,grounded,1.9669532775878906e-06,1.9669532775878906e-06
581,hallucinated,0.85400390625,0.0
582,grounded,0.5302734375,3.4868717193603516e-05
582,hallucinated,0.00830841064453125,0.0
583,grounded,0.732421875,0.465576171875
583,hallucinated,0.77001953125,7.748603820800781e-07
584,grounded,0.828125,7.456541061401367e-05
584,hallucinated,0.85302734375,0.0
585,grounded,0.80126953125,0.006839752197265625
585,hallucinated,0.7099609375,6.556510925292969e-07
586,grounded,0.888671875,9.387731552124023e-05
586,hallucinated,0.74853515625,1.633167266845703e-05
587,grounded,0.5224609375,0.04486083984375
587,hallucinated,0.7685546875,0.0
588,grounded,0.79736328125,4.458427429199219e-05
588,hallucinated,0.59423828125,8.761882781982422e-06
589,grounded,0.9189453125,0.269775390625
589,hallucinated,0.51318359375,4.76837158203125e-07
590,grounded,0.75,5.614757537841797e-05
590,hallucinated,0.54638671875,7.152557373046875e-07
591,grounded,0.8984375,0.0
591,hallucinated,0.71142578125,3.6954879760742188e-06
592,grounded,0.501953125,0.0038471221923828125
592,hallucinated,0.50390625,5.960464477539063e-08
593,grounded,0.80810546875,0.0400390625
593,hallucinated,0.60546875,0.0005698204040527344
594,grounded,0.66650390625,9.524822235107422e-05
594,hallucinated,0.291748046875,1.1920928955078125e-07
595,grounded,0.6025390625,5.960464477539063e-08
595,hallucinated,0.334228515625,5.960464477539063e-08
596,grounded,0.8671875,0.25634765625
596,hallucinated,0.84423828125,8.547306060791016e-05
597,grounded,0.87548828125,0.87548828125
597,hallucinated,0.6591796875,2.86102294921875e-05
598,grounded,4.76837158203125e-06,4.76837158203125e-06
598,hallucinated,0.42578125,4.172325134277344e-07
599,grounded,5.221366882324219e-05,5.221366882324219e-05
599,hallucinated,0.71484375,9.721517562866211e-05
600,grounded,0.5107421875,0.021942138671875
600,hallucinated,0.845703125,6.556510925292969e-07
601,grounded,1.5497207641601562e-05,1.5497207641601562e-05
601,hallucinated,0.84033203125,1.7881393432617188e-07
602,grounded,0.69775390625,0.0013904571533203125
602,hallucinated,0.60009765625,3.159046173095703e-06
603,grounded,0.875,0.323974609375
603,hallucinated,0.60400390625,1.0132789611816406e-06
604,grounded,0.96923828125,0.90771484375
604,hallucinated,0.62451171875,5.960464477539063e-08
605,grounded,0.833984375,0.004425048828125
605,hallucinated,0.326416015625,0.0
606,grounded,0.8818359375,4.470348358154297e-06
606,hallucinated,0.75830078125,0.0
607,grounded,0.9189453125,0.5947265625
607,hallucinated,0.7578125,0.0
608,grounded,0.7998046875,0.0002048015594482422
608,hallucinated,0.5703125,3.5762786865234375e-07
609,grounded,0.66650390625,1.3768672943115234e-05
609,hallucinated,0.744140625,0.00019109249114990234
610,grounded,0.7509765625,0.003322601318359375
610,hallucinated,0.6064453125,2.3484230041503906e-05
611,grounded,0.66650390625,1.1920928955078125e-07
611,hallucinated,0.55908203125,1.1920928955078125e-07
612,grounded,0.83349609375,0.1671142578125
612,hallucinated,0.7060546875,5.364418029785156e-07
613,grounded,0.5,0.0009274482727050781
613,hallucinated,0.6708984375,1.3113021850585938e-06
614,grounded,0.859375,0.15771484375
614,hallucinated,0.5634765625,0.0
615,grounded,0.99560546875,0.9755859375
615,hallucinated,0.736328125,1.4066696166992188e-05
616,grounded,0.83056640625,1.7881393432617188e-07
616,hallucinated,0.64501953125,2.980232238769531e-07
617,grounded,0.56494140625,0.04132080078125
617,hallucinated,0.5869140625,0.0
618,grounded,0.000244140625,0.000244140625
618,hallucinated,0.4677734375,1.2516975402832031e-06
619,grounded,0.50390625,0.008056640625
619,hallucinated,0.8310546875,0.0
620,grounded,9.423494338989258e-05,9.423494338989258e-05
620,hallucinated,0.54736328125,0.0
621,grounded,0.8037109375,0.019378662109375
621,hallucinated,0.65576171875,0.0
622,grounded,0.97900390625,0.93701171875
622,hallucinated,0.341796875,0.0
623,grounded,0.98779296875,0.98779296875
623,hallucinated,0.7626953125,8.785724639892578e-05
624,grounded,0.953125,0.79638671875
624,hallucinated,0.50634765625,0.0
625,grounded,0.66650390625,0.00013124942779541016
625,hallucinated,0.39404296875,2.384185791015625e-07
626,grounded,0.96630859375,0.85986328125
626,hallucinated,0.54833984375,2.4437904357910156e-05
627,grounded,0.0,0.0
627,hallucinated,0.7919921875,0.0
628,grounded,0.70654296875,2.562999725341797e-06
628,hallucinated,0.487548828125,1.1324882507324219e-06
629,grounded,0.828125,0.143798828125
629,hallucinated,0.51611328125,9.834766387939453e-06
630,grounded,0.75,0.0004367828369140625
630,hallucinated,0.7041015625,6.556510925292969e-07
631,grounded,0.7470703125,0.0170135498046875
631,hallucinated,0.348876953125,3.5762786865234375e-07
632,grounded,0.80029296875,0.0002734661102294922
632,hallucinated,0.8427734375,0.013092041015625
633,grounded,0.00011736154556274414,0.00011736154556274414
633,hallucinated,0.548828125,0.0
634,grounded,0.00041794776916503906,0.00041794776916503906
634,hallucinated,0.69970703125,1.239776611328125e-05
635,grounded,0.66748046875,0.00240325927734375
635,hallucinated,0.72314453125,2.5033950805664062e-06
636,grounded,0.7568359375,0.0298309326171875
636,hallucinated,0.78759765625,3.439188003540039e-05
637,grounded,0.751953125,0.01482391357421875
637,hallucinated,0.4375,0.0
638,grounded,0.95556640625,0.8994140625
638,hallucinated,0.5283203125,1.8477439880371094e-06
639,grounded,0.66650390625,2.0265579223632812e-06
639,hallucinated,0.484130859375,0.0
640,grounded,0.7998046875,9.071826934814453e-05
640,hallucinated,0.7490234375,5.960464477539063e-08
641,grounded,0.8759765625,0.08575439453125
641,hallucinated,0.68603515625,2.4557113647460938e-05
642,grounded,0.84765625,0.2392578125
642,hallucinated,0.61474609375,2.0265579223632812e-06
643,grounded,0.354736328125,0.0269775390625
643,hallucinated,0.53857421875,0.0
644,grounded,0.7998046875,1.7881393432617188e-06
644,hallucinated,0.75390625,0.0
645,grounded,0.89013671875,0.01305389404296875
645,hallucinated,0.73974609375,2.0444393157958984e-05
646,grounded,0.087158203125,0.087158203125
646,hallucinated,0.6640625,4.172325134277344e-07
647,grounded,0.8037109375,0.01824951171875
647,hallucinated,0.40283203125,0.0
648,grounded,0.0005140304565429688,0.0005140304565429688
648,hallucinated,0.7353515625,1.9669532775878906e-06
649,grounded,0.032012939453125,0.032012939453125
649,hallucinated,0.80712890625,0.00017821788787841797
650,grounded,0.78857421875,0.365478515625
650,hallucinated,0.73681640625,7.68899917602539e-06
651,grounded,0.0166473388671875,0.0166473388671875
651,hallucinated,0.89013671875,0.0
652,grounded,0.66796875,0.0040435791015625
652,hallucinated,0.83740234375,0.0
653,grounded,0.6708984375,0.016845703125
653,hallucinated,0.72265625,5.424022674560547e-06
654,grounded,4.76837158203125e-07,4.76837158203125e-07
654,hallucinated,0.74658203125,0.00012445449829101562
655,grounded,0.9931640625,0.9716796875
655,hallucinated,0.591796875,0.0
656,grounded,0.8330078125,3.5762786865234375e-07
656,hallucinated,0.7880859375,5.960464477539063e-08
657,grounded,0.50048828125,0.0007648468017578125
657,hallucinated,0.58251953125,3.2186508178710938e-06
658,grounded,0.79541015625,2.980232238769531e-07
658,hallucinated,0.470947265625,1.1920928955078125e-07
659,grounded,0.66650390625,0.0016069412231445312
659,hallucinated,0.74853515625,1.7881393432617188e-07
660,grounded,0.72509765625,0.175537109375
660,hallucinated,0.90087890625,1.9073486328125e-05
661,grounded,0.80224609375,0.011688232421875
661,hallucinated,0.60205078125,8.344650268554688e-07
662,grounded,0.60888671875,0.017181396484375
662,hallucinated,0.7060546875,2.9802322387695312e-06
663,grounded,0.0007457733154296875,0.0007457733154296875
663,hallucinated,0.908203125,0.0184173583984375
664,grounded,0.625,0.0005445480346679688
664,hallucinated,0.73095703125,0.00015604496002197266
665,grounded,0.8935546875,0.467529296875
665,hallucinated,0.54541015625,0.0
666,grounded,0.481201171875,0.0
666,hallucinated,0.703125,5.960464477539063e-08
667,grounded,0.56298828125,0.0033206939697265625
667,hallucinated,0.529296875,1.0728836059570312e-06
668,grounded,2.980232238769531e-07,2.980232238769531e-07
668,hallucinated,0.437744140625,6.556510925292969e-07
669,grounded,1.7285346984863281e-06,1.7285346984863281e-06
669,hallucinated,0.433349609375,0.0
670,grounded,0.7021484375,0.10699462890625
670,hallucinated,0.7802734375,0.0
671,grounded,0.6884765625,0.4638671875
671,hallucinated,0.6416015625,6.318092346191406e-06
672,grounded,0.89599609375,2.384185791015625e-07
672,hallucinated,0.68310546875,5.960464477539063e-08
673,grounded,0.8466796875,0.0016736984252929688
673,hallucinated,0.732421875,1.1920928955078125e-07
674,grounded,0.75146484375,0.0058746337890625
674,hallucinated,0.425048828125,4.661083221435547e-05
675,grounded,0.8974609375,0.794921875
675,hallucinated,0.90380859375,0.0
676,grounded,0.66650390625,5.960464477539062e-07
676,hallucinated,0.51171875,2.980232238769531e-07
677,grounded,0.72998046875,0.1895751953125
677,hallucinated,0.52392578125,0.0
678,grounded,0.62548828125,0.62548828125
678,hallucinated,0.6103515625,0.0
679,grounded,0.94873046875,0.744140625
679,hallucinated,0.60791015625,7.152557373046875e-07
680,grounded,0.943359375,0.002933502197265625
680,hallucinated,0.74951171875,5.960464477539063e-08
681,grounded,0.998046875,0.99462890625
681,hallucinated,0.69580078125,0.0
682,grounded,0.908203125,0.72509765625
682,hallucinated,0.2493896484375,1.4543533325195312e-05
683,grounded,0.876953125,0.63134765625
683,hallucinated,0.6982421875,6.80088996887207e-05
684,grounded,0.7998046875,5.364418029785156e-07
684,hallucinated,0.6591796875,1.1920928955078125e-07
685,grounded,0.92578125,3.635883331298828e-06
685,hallucinated,0.79931640625,0.0870361328125
686,grounded,1.0967254638671875e-05,1.0967254638671875e-05
686,hallucinated,0.29638671875,7.152557373046875e-07
687,grounded,0.50634765625,0.012969970703125
687,hallucinated,0.625,0.0
688,grounded,0.07818603515625,0.07818603515625
688,hallucinated,0.1680908203125,1.1920928955078125e-07
689,grounded,0.001987457275390625,0.001987457275390625
689,hallucinated,0.413330078125,0.0
690,grounded,0.55517578125,0.1107177734375
690,hallucinated,0.6123046875,0.0
691,grounded,0.8603515625,0.301513671875
691,hallucinated,0.7587890625,0.0
692,grounded,0.80615234375,0.030029296875
692,hallucinated,0.53857421875,2.5391578674316406e-05
693,grounded,0.499755859375,9.822845458984375e-05
693,hallucinated,4.762411117553711e-05,1.3113021850585938e-06
694,grounded,0.75,4.094839096069336e-05
694,hallucinated,0.5400390625,1.1920928955078125e-07
695,grounded,0.0006213188171386719,0.0006213188171386719
695,hallucinated,0.619140625,1.0311603546142578e-05
696,grounded,0.80322265625,0.4130859375
696,hallucinated,0.48193359375,0.0
697,grounded,0.7138671875,0.4697265625
697,hallucinated,0.693359375,2.980232238769531e-07
698,grounded,0.9091796875,0.54638671875
698,hallucinated,0.52880859375,0.0
699,grounded,0.77294921875,0.0
699,hallucinated,0.74853515625,9.459257125854492e-05
700,grounded,2.384185791015625e-06,2.384185791015625e-06
700,hallucinated,0.441162109375,2.7418136596679688e-06
701,grounded,0.99951171875,0.99755859375
701,hallucinated,0.6181640625,0.0011320114135742188
702,grounded,0.8515625,0.00043201446533203125
702,hallucinated,0.7841796875,9.03010368347168e-05
703,grounded,0.66650390625,0.00011044740676879883
703,hallucinated,0.413818359375,0.0
704,grounded,0.8994140625,5.960464477539063e-08
704,hallucinated,0.58740234375,1.6689300537109375e-05
705,grounded,0.720703125,0.16796875
705,hallucinated,0.472900390625,1.3709068298339844e-06
706,grounded,0.93701171875,0.89306640625
706,hallucinated,0.5390625,5.960464477539062e-07
707,grounded,0.5,5.960464477539063e-08
707,hallucinated,0.0009965896606445312,5.960464477539063e-08
708,grounded,0.853515625,0.12200927734375
708,hallucinated,0.71240234375,1.7881393432617188e-07
709,grounded,0.6875,0.374755859375
709,hallucinated,0.58935546875,1.1920928955078125e-07
710,grounded,0.79931640625,0.00017523765563964844
710,hallucinated,0.6474609375,1.7940998077392578e-05
711,grounded,0.81640625,0.6328125
711,hallucinated,0.52880859375,0.0
712,grounded,0.7529296875,0.01215362548828125
712,hallucinated,0.60107421875,1.1920928955078125e-07
713,grounded,0.68017578125,0.04156494140625
713,hallucinated,0.47021484375,0.0
714,grounded,0.0,0.0
714,hallucinated,0.68310546875,0.00025153160095214844
715,grounded,0.68359375,0.05047607421875
715,hallucinated,0.68212890625,0.0
716,grounded,0.336669921875,0.00011754035949707031
716,hallucinated,0.56884765625,0.0
717,grounded,0.89794921875,0.7958984375
717,hallucinated,0.45703125,0.0
718,grounded,0.94482421875,0.77978515625
718,hallucinated,0.736328125,0.0
719,grounded,0.116943359375,9.262561798095703e-05
719,hallucinated,0.57080078125,0.0003495216369628906
720,grounded,0.75048828125,4.291534423828125e-06
720,hallucinated,0.31982421875,5.960464477539063e-08
721,grounded,0.00023937225341796875,0.00023937225341796875
721,hallucinated,0.78369140625,9.715557098388672e-06
722,grounded,0.90576171875,0.247314453125
722,hallucinated,0.66357421875,1.1146068572998047e-05
723,grounded,0.83154296875,0.00020182132720947266
723,hallucinated,0.79736328125,7.867813110351562e-06
724,grounded,0.98193359375,0.9453125
724,hallucinated,0.69482421875,0.0
725,grounded,0.74072265625,0.1390380859375
725,hallucinated,0.61767578125,0.00598907470703125
726,grounded,0.85400390625,0.41552734375
726,hallucinated,0.433349609375,0.0
727,grounded,0.0004868507385253906,0.0004868507385253906
727,hallucinated,0.6220703125,5.960464477539063e-08
728,grounded,0.8212890625,2.3484230041503906e-05
728,hallucinated,0.63916015625,2.384185791015625e-06
729,grounded,0.65478515625,0.004978179931640625
729,hallucinated,0.546875,0.0
730,grounded,0.77734375,0.1103515625
730,hallucinated,0.54052734375,1.5437602996826172e-05
731,grounded,0.955078125,0.7900390625
731,hallucinated,0.54541015625,2.5451183319091797e-05
732,grounded,0.75,2.7120113372802734e-05
732,hallucinated,0.728515625,0.00028586387634277344
733,grounded,0.74169921875,0.0
733,hallucinated,0.69091796875,0.0
734,grounded,0.90673828125,0.90673828125
734,hallucinated,0.5849609375,5.960464477539063e-08
735,grounded,0.58740234375,1.7881393432617188e-07
735,hallucinated,0.6162109375,6.556510925292969e-07
736,grounded,0.66650390625,0.0016803741455078125
736,hallucinated,0.3583984375,5.960464477539063e-08
737,grounded,0.9990234375,0.99755859375
737,hallucinated,0.49951171875,7.152557373046875e-06
738,grounded,0.9912109375,0.98291015625
738,hallucinated,0.8994140625,0.0
739,grounded,0.6787109375,0.0361328125
739,hallucinated,0.57373046875,0.0
740,grounded,0.89990234375,5.078315734863281e-05
740,hallucinated,0.73095703125,1.5497207641601562e-06
741,grounded,0.9990234375,0.998046875
741,hallucinated,0.311767578125,1.9073486328125e-06
742,grounded,0.8291015625,5.960464477539063e-08
742,hallucinated,0.77294921875,8.940696716308594e-07
743,grounded,0.6669921875,0.0007805824279785156
743,hallucinated,0.78076171875,2.384185791015625e-07
744,grounded,0.4990234375,9.5367431640625e-07
744,hallucinated,0.67626953125,2.5033950805664062e-06
745,grounded,0.5458984375,0.0926513671875
745,hallucinated,0.8076171875,0.0
746,grounded,0.80029296875,0.0004162788391113281
746,hallucinated,0.810546875,1.1563301086425781e-05
747,grounded,0.9990234375,0.998046875
747,hallucinated,0.472412109375,2.9206275939941406e-06
748,grounded,0.859375,0.71923828125
748,hallucinated,0.7314453125,0.0006842613220214844
749,grounded,0.468017578125,0.007205963134765625
749,hallucinated,0.6943359375,0.0006499290466308594
750,grounded,0.8203125,0.28076171875
750,hallucinated,0.64501953125,0.0
751,grounded,0.7666015625,0.53369140625
751,hallucinated,0.4951171875,3.5762786865234375e-06
752,grounded,0.7998046875,0.0
752,hallucinated,0.76904296875,0.0
753,grounded,0.82763671875,0.1373291015625
753,hallucinated,0.73291015625,0.0
754,grounded,0.2166748046875,0.2166748046875
754,hallucinated,0.64892578125,5.960464477539062e-07
755,grounded,8.52346420288086e-06,8.52346420288086e-06
755,hallucinated,0.68505859375,0.0004315376281738281
756,grounded,0.52783203125,0.05535888671875
756,hallucinated,0.6044921875,0.0
757,grounded,0.5,0.0001533031463623047
757,hallucinated,0.79296875,1.3947486877441406e-05
758,grounded,0.5,3.0994415283203125e-06
758,hallucinated,0.281494140625,0.0
759,grounded,0.87646484375,0.01239776611328125
759,hallucinated,0.69091796875,1.2516975402832031e-06
760,grounded,0.0006957054138183594,0.0006957054138183594
760,hallucinated,0.72705078125,0.0015039443969726562
761,grounded,0.501953125,0.0046539306640625
761,hallucinated,0.501953125,0.0001550912857055664
762,grounded,0.9462890625,0.83935546875
762,hallucinated,0.93505859375,0.0
763,grounded,0.81591796875,0.447998046875
763,hallucinated,0.70068359375,0.0
764,grounded,0.5,4.214048385620117e-05
764,hallucinated,0.6328125,5.0067901611328125e-06
765,grounded,1.430511474609375e-06,1.430511474609375e-06
765,hallucinated,0.51806640625,4.172325134277344e-07
766,grounded,0.95361328125,0.8681640625
766,hallucinated,0.626953125,0.0
767,grounded,6.878376007080078e-05,6.878376007080078e-05
767,hallucinated,0.74609375,0.0017910003662109375
768,grounded,0.66650390625,5.960464477539063e-08
768,hallucinated,0.765625,0.0
769,grounded,0.5,7.611513137817383e-05
769,hallucinated,0.4287109375,0.0
770,grounded,0.951171875,0.7568359375
770,hallucinated,0.8466796875,5.364418029785156e-07
771,grounded,0.97021484375,0.88134765625
771,hallucinated,0.61181640625,0.00011670589447021484
772,grounded,0.66650390625,1.6689300537109375e-06
772,hallucinated,0.462158203125,0.0
773,grounded,0.50244140625,0.004528045654296875
773,hallucinated,0.3798828125,2.980232238769531e-07
774,grounded,0.66650390625,2.9742717742919922e-05
774,hallucinated,0.339599609375,0.0
775,grounded,0.00011152029037475586,0.00011152029037475586
775,hallucinated,0.67431640625,0.0
776,grounded,0.7861328125,0.358154296875
776,hallucinated,0.3837890625,0.0
777,grounded,0.85693359375,0.00028586387634277344
777,hallucinated,0.2271728515625,6.9141387939453125e-06
778,grounded,0.7958984375,0.184326171875
778,hallucinated,0.70703125,5.424022674560547e-06
779,grounded,0.74853515625,0.0016222000122070312
779,hallucinated,0.60546875,4.887580871582031e-05
780,grounded,0.5,0.0004792213439941406
780,hallucinated,0.6826171875,9.578466415405273e-05
781,grounded,0.623046875,0.2459716796875
781,hallucinated,0.435791015625,5.960464477539063e-08
782,grounded,0.68896484375,0.0005588531494140625
782,hallucinated,0.54638671875,1.6450881958007812e-05
783,grounded,0.716796875,0.00724029541015625
783,hallucinated,0.79150390625,0.0
784,grounded,0.87451171875,0.87451171875
784,hallucinated,0.78955078125,0.0
785,grounded,0.6962890625,0.0888671875
785,hallucinated,0.78662109375,0.0004572868347167969
786,grounded,0.5,1.0907649993896484e-05
786,hallucinated,0.61083984375,5.960464477539063e-08
787,grounded,0.1357421875,0.1357421875
787,hallucinated,0.74853515625,0.0
788,grounded,0.66796875,0.01200103759765625
788,hallucinated,0.47802734375,0.0
789,grounded,0.80029296875,0.0009403228759765625
789,hallucinated,0.489501953125,2.0325183868408203e-05
790,grounded,0.75146484375,0.00589752197265625
790,hallucinated,0.62060546875,5.960464477539063e-08
791,grounded,0.87841796875,0.394775390625
791,hallucinated,0.6572265625,3.88026237487793e-05
792,grounded,0.5,0.0
792,hallucinated,0.407470703125,0.0
793,grounded,0.0017156600952148438,0.0017156600952148438
793,hallucinated,0.7275390625,5.960464477539062e-07
794,grounded,0.95703125,0.87548828125
794,hallucinated,0.74365234375,7.748603820800781e-07
795,grounded,0.0,0.0
795,hallucinated,0.40771484375,6.556510925292969e-06
796,grounded,0.857421875,0.0010118484497070312
796,hallucinated,0.91357421875,7.748603820800781e-06
797,grounded,0.89794921875,0.09259033203125
797,hallucinated,0.64599609375,5.066394805908203e-06
798,grounded,0.5,0.0001977682113647461
798,hallucinated,0.5283203125,0.0
799,grounded,0.75732421875,0.030029296875
799,hallucinated,0.7666015625,0.0
800,grounded,0.0007338523864746094,0.0007338523864746094
800,hallucinated,0.69921875,0.0
801,grounded,0.98193359375,0.92724609375
801,hallucinated,0.810546875,2.384185791015625e-07
802,grounded,0.998046875,0.99169921875
802,hallucinated,0.71240234375,1.6689300537109375e-06
803,grounded,0.98681640625,0.921875
803,hallucinated,0.5244140625,2.9802322387695312e-06
804,grounded,0.63720703125,1.1920928955078125e-07
804,hallucinated,0.53857421875,4.571676254272461e-05
805,grounded,0.8017578125,0.010589599609375
805,hallucinated,0.79052734375,0.007228851318359375
806,grounded,0.0804443359375,0.0804443359375
806,hallucinated,0.321533203125,9.775161743164062e-06
807,grounded,0.955078125,0.83935546875
807,hallucinated,0.79736328125,0.0
808,grounded,0.5,9.626150131225586e-05
808,hallucinated,0.83740234375,5.960464477539063e-08
809,grounded,0.0003333091735839844,0.0003333091735839844
809,hallucinated,0.6572265625,6.556510925292969e-06
810,grounded,0.83349609375,0.0
810,hallucinated,0.8203125,4.398822784423828e-05
811,grounded,0.853515625,0.416015625
811,hallucinated,0.59521484375,6.556510925292969e-07
812,grounded,0.75341796875,0.01435089111328125
812,hallucinated,0.2095947265625,0.0
813,grounded,7.271766662597656e-06,7.271766662597656e-06
813,hallucinated,0.6142578125,0.0
814,grounded,0.50048828125,0.0014705657958984375
814,hallucinated,0.61572265625,7.867813110351562e-06
815,grounded,0.8330078125,0.0
815,hallucinated,0.273193359375,6.020069122314453e-06
816,grounded,3.421306610107422e-05,3.421306610107422e-05
816,hallucinated,0.7861328125,2.384185791015625e-07
817,grounded,0.7509765625,0.00440216064453125
817,hallucinated,0.73291015625,1.7464160919189453e-05
818,grounded,0.9267578125,0.6533203125
818,hallucinated,0.70751953125,5.960464477539063e-08
819,grounded,0.49853515625,2.5928020477294922e-05
819,hallucinated,0.58935546875,0.0018167495727539062
820,grounded,0.07147216796875,0.07147216796875
820,hallucinated,0.76904296875,5.960464477539063e-08
821,grounded,0.80126953125,0.0059051513671875
821,hallucinated,0.330322265625,2.5153160095214844e-05
822,grounded,0.5,1.1920928955078125e-07
822,hallucinated,0.235107421875,5.4836273193359375e-06
823,grounded,0.36572265625,0.035614013671875
823,hallucinated,0.4599609375,5.960464477539063e-08
824,grounded,0.7998046875,4.559755325317383e-05
824,hallucinated,0.62353515625,1.7881393432617188e-07
825,grounded,0.7939453125,0.1761474609375
825,hallucinated,0.75732421875,1.3709068298339844e-06
826,grounded,0.83544921875,0.59228515625
826,hallucinated,0.7080078125,0.0
827,grounded,0.69677734375,0.0013332366943359375
827,hallucinated,0.468505859375,0.0001302957534790039
828,grounded,0.51220703125,0.0247955322265625
828,hallucinated,0.7158203125,0.0
829,grounded,0.7998046875,9.5367431640625e-07
829,hallucinated,0.1666259765625,1.1920928955078125e-07
830,grounded,0.6171875,0.02569580078125
830,hallucinated,0.6181640625,7.748603820800781e-06
831,grounded,0.01285552978515625,0.01285552978515625
831,hallucinated,0.5673828125,0.001140594482421875
832,grounded,0.050140380859375,0.050140380859375
832,hallucinated,0.79638671875,2.7358531951904297e-05
833,grounded,0.6787109375,0.5283203125
833,hallucinated,0.38037109375,0.001079559326171875
834,grounded,0.66650390625,1.4007091522216797e-05
834,hallucinated,0.75634765625,0.0022716522216796875
835,grounded,0.73974609375,0.0157012939453125
835,hallucinated,0.7421875,7.706880569458008e-05
836,grounded,0.71484375,0.0001838207244873047
836,hallucinated,0.8369140625,3.319978713989258e-05
837,grounded,0.93994140625,0.8193359375
837,hallucinated,0.341552734375,0.00012636184692382812
838,grounded,0.6669921875,0.00038170814514160156
838,hallucinated,0.2030029296875,0.0
839,grounded,0.8505859375,0.0002608299255371094
839,hallucinated,0.34423828125,0.0
840,grounded,0.80224609375,0.406494140625
840,hallucinated,0.6494140625,0.0
841,grounded,0.7490234375,8.344650268554688e-07
841,hallucinated,0.70556640625,1.3709068298339844e-06
842,grounded,0.66748046875,0.002094268798828125
842,hallucinated,0.4599609375,4.13060188293457e-05
843,grounded,0.7958984375,0.0006861686706542969
843,hallucinated,0.74853515625,0.00022268295288085938
844,grounded,0.521484375,0.044219970703125
844,hallucinated,0.278564453125,0.0
845,grounded,0.00888824462890625,6.121397018432617e-05
845,hallucinated,0.59033203125,2.956390380859375e-05
846,grounded,0.68701171875,0.0040435791015625
846,hallucinated,0.54638671875,7.033348083496094e-06
847,grounded,0.7998046875,1.6808509826660156e-05
847,hallucinated,0.7314453125,1.7881393432617188e-07
848,grounded,0.76123046875,0.0665283203125
848,hallucinated,0.6494140625,0.00011336803436279297
849,grounded,0.00025200843811035156,0.00025200843811035156
849,hallucinated,0.33984375,9.298324584960938e-06
850,grounded,0.712890625,0.00011020898818969727
850,hallucinated,0.70849609375,8.404254913330078e-06
851,grounded,2.5033950805664062e-06,2.5033950805664062e-06
851,hallucinated,0.84912109375,1.7285346984863281e-06
852,grounded,0.0,0.0
852,hallucinated,0.258544921875,1.0728836059570312e-06
853,grounded,0.67724609375,0.11328125
853,hallucinated,0.0281219482421875,0.0
854,grounded,0.71826171875,0.53369140625
854,hallucinated,0.814453125,1.6689300537109375e-06
855,grounded,0.61767578125,0.03759765625
855,hallucinated,0.74609375,0.01617431640625
856,grounded,0.98828125,0.97607421875
856,hallucinated,0.54345703125,0.0
857,grounded,0.327392578125,3.5643577575683594e-05
857,hallucinated,0.5380859375,9.775161743164062e-06
858,grounded,0.49951171875,1.7881393432617188e-07
858,hallucinated,0.1475830078125,0.0
859,grounded,0.8642578125,0.05316162109375
859,hallucinated,0.399169921875,1.3113021850585938e-06
860,grounded,0.87939453125,0.39697265625
860,hallucinated,0.53759765625,0.018524169921875
861,grounded,0.66650390625,7.808208465576172e-06
861,hallucinated,0.355224609375,0.0
862,grounded,0.84423828125,0.84423828125
862,hallucinated,0.4365234375,0.0
863,grounded,0.69091796875,0.00414276123046875
863,hallucinated,0.47802734375,0.0
864,grounded,0.93896484375,0.8779296875
864,hallucinated,0.6474609375,0.0035877227783203125
865,grounded,3.069639205932617e-05,3.069639205932617e-05
865,hallucinated,0.55908203125,7.152557373046875e-06
866,grounded,0.0,0.0
866,hallucinated,0.7333984375,2.384185791015625e-07
867,grounded,0.66650390625,0.0
867,hallucinated,0.830078125,0.0
868,grounded,0.5,0.00047969818115234375
868,hallucinated,0.318115234375,0.0
869,grounded,0.97119140625,0.857421875
869,hallucinated,0.77392578125,5.960464477539063e-08
870,grounded,0.38330078125,0.0303955078125
870,hallucinated,0.62060546875,0.00039458274841308594
871,grounded,0.7998046875,7.748603820800781e-07
871,hallucinated,0.69140625,6.556510925292969e-07
872,grounded,0.5,3.5762786865234375e-06
872,hallucinated,0.791015625,0.0
873,grounded,4.017353057861328e-05,4.017353057861328e-05
873,hallucinated,0.62939453125,0.007251739501953125
874,grounded,0.7333984375,0.466796875
874,hallucinated,0.79345703125,1.5676021575927734e-05
875,grounded,0.66650390625,0.00124359130859375
875,hallucinated,0.3544921875,0.0
876,grounded,0.6904296875,0.07147216796875
876,hallucinated,0.5029296875,1.4901161193847656e-06
877,grounded,0.89990234375,9.179115295410156e-06
877,hallucinated,0.853515625,0.0
878,grounded,0.79833984375,0.00017821788787841797
878,hallucinated,0.491943359375,1.1920928955078125e-07
879,grounded,0.70703125,0.12066650390625
879,hallucinated,0.252685546875,2.9802322387695312e-06
880,grounded,0.7998046875,2.9802322387695312e-06
880,hallucinated,0.82275390625,1.5497207641601562e-06
881,grounded,0.66064453125,2.980232238769531e-07
881,hallucinated,0.65478515625,0.0
882,grounded,0.90185546875,0.0207366943359375
882,hallucinated,0.72705078125,5.960464477539063e-08
883,grounded,0.0003497600555419922,0.0003497600555419922
883,hallucinated,0.63916015625,5.960464477539062e-07
884,grounded,0.0007166862487792969,0.0007166862487792969
884,hallucinated,0.755859375,3.337860107421875e-06
885,grounded,0.80078125,0.00595855712890625
885,hallucinated,0.39501953125,6.854534149169922e-06
886,grounded,0.8671875,1.6808509826660156e-05
886,hallucinated,0.66650390625,0.00015306472778320312
887,grounded,4.076957702636719e-05,4.076957702636719e-05
887,hallucinated,0.703125,4.410743713378906e-06
888,grounded,0.9873046875,0.94873046875
888,hallucinated,0.720703125,4.649162292480469e-06
889,grounded,0.99365234375,0.9697265625
889,hallucinated,0.61572265625,0.0001461505889892578
890,grounded,0.876953125,0.5087890625
890,hallucinated,0.5634765625,0.0
891,grounded,0.8994140625,0.0
891,hallucinated,0.623046875,3.5762786865234375e-07
892,grounded,0.7978515625,0.1912841796875
892,hallucinated,0.52197265625,0.0
893,grounded,0.0,0.0
893,hallucinated,0.498779296875,0.0
894,grounded,0.8525390625,0.114501953125
894,hallucinated,0.546875,1.2516975402832031e-06
895,grounded,0.6787109375,0.036376953125
895,hallucinated,0.91162109375,0.0
896,grounded,0.8291015625,0.150634765625
896,hallucinated,0.6982421875,0.00017905235290527344
897,grounded,0.471435546875,5.364418029785156e-07
897,hallucinated,0.63232421875,5.960464477539063e-08
898,grounded,0.5,0.0003151893615722656
898,hallucinated,0.72607421875,0.0013608932495117188
899,grounded,0.5,0.0001780986785888672
899,hallucinated,0.57861328125,7.611513137817383e-05
900,grounded,0.83349609375,0.0002092123031616211
900,hallucinated,0.50732421875,0.0
901,grounded,0.857421875,0.71484375
901,hallucinated,0.62744140625,1.8477439880371094e-06
902,grounded,5.960464477539063e-08,5.960464477539063e-08
902,hallucinated,0.85986328125,0.0
903,grounded,0.84375,0.0
903,hallucinated,0.40283203125,1.3709068298339844e-06
904,grounded,0.6669921875,0.0011692047119140625
904,hallucinated,0.421875,0.0006680488586425781
905,grounded,0.336181640625,0.00024330615997314453
905,hallucinated,0.609375,0.0005383491516113281
906,grounded,7.271766662597656e-06,7.271766662597656e-06
906,hallucinated,0.8876953125,4.1961669921875e-05
907,grounded,0.0019931793212890625,0.0019931793212890625
907,hallucinated,0.4013671875,5.960464477539063e-08
908,grounded,0.358154296875,0.358154296875
908,hallucinated,0.75390625,1.3709068298339844e-06
909,grounded,0.55615234375,0.2427978515625
909,hallucinated,0.41455078125,1.3709068298339844e-06
910,grounded,0.5009765625,0.00152587890625
910,hallucinated,0.4091796875,6.651878356933594e-05
911,grounded,0.75048828125,0.006999969482421875
911,hallucinated,0.472900390625,0.0012950897216796875
912,grounded,0.8056640625,0.030364990234375
912,hallucinated,0.623046875,0.0002803802490234375
913,grounded,0.8818359375,0.8818359375
913,hallucinated,0.6923828125,6.639957427978516e-05
914,grounded,0.8330078125,0.0106201171875
914,hallucinated,0.63818359375,2.6226043701171875e-06
915,grounded,0.888671875,0.82470703125
915,hallucinated,0.52490234375,0.0
916,grounded,0.468505859375,0.468505859375
916,hallucinated,0.56103515625,0.00047659873962402344
917,grounded,0.6669921875,0.0010328292846679688
917,hallucinated,0.7294921875,0.0
918,grounded,0.5,4.76837158203125e-07
918,hallucinated,0.393310546875,0.0
919,grounded,0.9189453125,0.2744140625
919,hallucinated,0.56982421875,6.0498714447021484e-05
920,grounded,0.0002760887145996094,0.0002760887145996094
920,hallucinated,0.399658203125,3.2961368560791016e-05
921,grounded,1.0,0.99951171875
921,hallucinated,0.814453125,1.4901161193847656e-06
922,grounded,0.986328125,0.98095703125
922,hallucinated,0.2230224609375,1.519918441772461e-05
923,grounded,0.0188140869140625,0.0188140869140625
923,hallucinated,0.7060546875,9.119510650634766e-06
924,grounded,0.022979736328125,0.022979736328125
924,hallucinated,0.720703125,3.0994415283203125e-06
925,grounded,3.039836883544922e-06,3.039836883544922e-06
925,hallucinated,0.0,0.0
926,grounded,0.798828125,0.0
926,hallucinated,0.62060546875,2.980232238769531e-07
927,grounded,0.5,9.578466415405273e-05
927,hallucinated,0.57470703125,5.364418029785156e-07
928,grounded,0.55859375,0.11688232421875
928,hallucinated,0.59326171875,0.0012989044189453125
929,grounded,0.642578125,0.0006909370422363281
929,hallucinated,0.5390625,0.0
930,grounded,7.62939453125e-06,7.62939453125e-06
930,hallucinated,0.6123046875,0.0005178451538085938
931,grounded,0.671875,0.01617431640625
931,hallucinated,0.426025390625,6.312131881713867e-05
932,grounded,0.71142578125,0.134521484375
932,hallucinated,0.1766357421875,1.7881393432617188e-07
933,grounded,0.79833984375,0.0005350112915039062
933,hallucinated,0.59814453125,1.1920928955078125e-07
934,grounded,0.8984375,2.9206275939941406e-06
934,hallucinated,0.787109375,1.3649463653564453e-05
935,grounded,0.98779296875,0.95166015625
935,hallucinated,0.64306640625,1.0788440704345703e-05
936,grounded,0.71533203125,1.1920928955078125e-07
936,hallucinated,0.5,0.00010114908218383789
937,grounded,0.79931640625,0.0003924369812011719
937,hallucinated,0.6884765625,0.0
938,grounded,0.0005397796630859375,0.0005397796630859375
938,hallucinated,0.5947265625,0.0
939,grounded,0.41357421875,0.0009851455688476562
939,hallucinated,0.60302734375,0.004302978515625
940,grounded,1.0609626770019531e-05,1.0609626770019531e-05
940,hallucinated,0.7919921875,0.0
941,grounded,0.6669921875,0.0009102821350097656
941,hallucinated,0.8583984375,2.86102294921875e-06
942,grounded,0.833984375,0.006740570068359375
942,hallucinated,0.7705078125,1.1920928955078125e-07
943,grounded,0.79150390625,0.0002372264862060547
943,hallucinated,0.42578125,9.5367431640625e-07
944,grounded,0.036651611328125,0.036651611328125
944,hallucinated,0.28857421875,0.0
945,grounded,0.8994140625,0.8994140625
945,hallucinated,0.25048828125,1.6093254089355469e-06
946,grounded,0.650390625,0.300537109375
946,hallucinated,0.0025844573974609375,5.310773849487305e-05
947,grounded,0.489990234375,3.3974647521972656e-06
947,hallucinated,0.2484130859375,4.172325134277344e-07
948,grounded,0.97265625,0.89111328125
948,hallucinated,0.77001953125,6.020069122314453e-05
949,grounded,0.6953125,0.0
949,hallucinated,0.4716796875,2.384185791015625e-07
950,grounded,0.990234375,0.990234375
950,hallucinated,0.70458984375,0.0
951,grounded,0.87744140625,0.0218658447265625
951,hallucinated,0.178955078125,0.00014007091522216797
952,grounded,0.005321502685546875,0.005321502685546875
952,hallucinated,2.7894973754882812e-05,2.7894973754882812e-05
953,grounded,0.8896484375,0.00959014892578125
953,hallucinated,0.62060546875,2.3245811462402344e-06
954,grounded,0.44970703125,0.0186004638671875
954,hallucinated,0.62158203125,0.0
955,grounded,0.8212890625,0.8212890625
955,hallucinated,0.61083984375,1.7881393432617188e-07
956,grounded,0.60546875,0.00063323974609375
956,hallucinated,0.64697265625,0.00023305416107177734
957,grounded,0.5107421875,0.0218658447265625
957,hallucinated,0.66455078125,1.7881393432617188e-07
958,grounded,0.958984375,0.958984375
958,hallucinated,0.73388671875,0.0
959,grounded,0.7978515625,0.0006799697875976562
959,hallucinated,0.6357421875,6.29425048828125e-05
960,grounded,0.89453125,0.578125
960,hallucinated,0.63671875,1.3709068298339844e-06
961,grounded,0.6376953125,0.0193634033203125
961,hallucinated,0.685546875,0.0
962,grounded,0.75,0.00011461973190307617
962,hallucinated,0.6962890625,0.00017130374908447266
963,grounded,0.45947265625,0.0755615234375
963,hallucinated,0.55859375,0.0
964,grounded,0.00012350082397460938,0.00012350082397460938
964,hallucinated,0.78369140625,8.285045623779297e-06
965,grounded,0.66650390625,0.0
965,hallucinated,0.56640625,7.450580596923828e-06
966,grounded,0.6640625,1.1920928955078125e-07
966,hallucinated,0.6533203125,0.0
967,grounded,0.68115234375,0.0428466796875
967,hallucinated,0.5634765625,0.0
968,grounded,0.833984375,0.0045166015625
968,hallucinated,0.60693359375,2.384185791015625e-07
969,grounded,4.8279762268066406e-05,4.8279762268066406e-05
969,hallucinated,0.7001953125,0.00024437904357910156
970,grounded,0.939453125,6.556510925292969e-07
970,hallucinated,0.6767578125,5.960464477539063e-08
971,grounded,0.336181640625,2.8848648071289062e-05
971,hallucinated,0.560546875,0.0
972,grounded,0.5,8.493661880493164e-05
972,hallucinated,0.83349609375,1.6689300537109375e-06
973,grounded,4.7206878662109375e-05,4.7206878662109375e-05
973,hallucinated,0.69189453125,5.960464477539063e-08
974,grounded,0.689453125,1.430511474609375e-06
974,hallucinated,0.2744140625,1.2516975402832031e-06
975,grounded,5.257129669189453e-05,5.257129669189453e-05
975,hallucinated,0.56103515625,2.9981136322021484e-05
976,grounded,0.888671875,0.0
976,hallucinated,0.72509765625,9.834766387939453e-06
977,grounded,0.5,8.344650268554688e-07
977,hallucinated,0.74609375,5.960464477539063e-08
978,grounded,0.87158203125,0.1029052734375
978,hallucinated,0.309814453125,0.0
979,grounded,0.501953125,0.00345611572265625
979,hallucinated,0.4072265625,0.0
980,grounded,0.6669921875,0.0017642974853515625
980,hallucinated,0.387939453125,0.0006036758422851562
981,grounded,0.837890625,0.3671875
981,hallucinated,0.8642578125,7.927417755126953e-06
982,grounded,0.7998046875,0.00018477439880371094
982,hallucinated,0.703125,7.748603820800781e-07
983,grounded,0.7705078125,0.541015625
983,hallucinated,0.61474609375,0.0
984,grounded,0.80712890625,0.68896484375
984,hallucinated,0.5244140625,8.744001388549805e-05
985,grounded,0.0003981590270996094,0.0003981590270996094
985,hallucinated,0.70703125,1.2159347534179688e-05
986,grounded,0.970703125,0.91162109375
986,hallucinated,0.310546875,0.0
987,grounded,0.5361328125,5.960464477539063e-08
987,hallucinated,0.7275390625,5.960464477539063e-08
988,grounded,0.7998046875,6.854534149169922e-06
988,hallucinated,0.476806640625,0.0
989,grounded,0.9306640625,0.79150390625
989,hallucinated,0.69775390625,2.6285648345947266e-05
990,grounded,5.1140785217285156e-05,5.1140785217285156e-05
990,hallucinated,0.6279296875,1.7881393432617188e-07
991,grounded,0.671875,0.01493072509765625
991,hallucinated,0.505859375,0.00016796588897705078
992,grounded,0.75,0.0
992,hallucinated,0.54150390625,0.0
993,grounded,0.499755859375,1.7940998077392578e-05
993,hallucinated,0.8056640625,2.384185791015625e-07
994,grounded,0.80029296875,0.0007443428039550781
994,hallucinated,0.3349609375,2.384185791015625e-07
995,grounded,0.759765625,0.039581298828125
995,hallucinated,0.77392578125,0.00028634071350097656
996,grounded,0.6689453125,0.00628662109375
996,hallucinated,0.71337890625,0.001800537109375
997,grounded,0.798828125,0.0006871223449707031
997,hallucinated,0.53759765625,0.0
998,grounded,0.75048828125,0.00125885009765625
998,hallucinated,0.440185546875,0.0
999,grounded,0.66650390625,4.827976226806641e-06
999,hallucinated,0.7646484375,0.0
1000,grounded,0.888671875,5.960464477539063e-08
1000,hallucinated,0.595703125,4.76837158203125e-07
1001,grounded,0.80029296875,0.000408172607421875
1001,hallucinated,0.75390625,0.016571044921875
1002,grounded,0.499267578125,1.8537044525146484e-05
1002,hallucinated,0.630859375,0.0
1003,grounded,0.0004303455352783203,0.0004303455352783203
1003,hallucinated,0.0004696846008300781,4.76837158203125e-07
1004,grounded,0.8984375,0.331298828125
1004,hallucinated,0.84375,8.344650268554688e-07
1005,grounded,0.95556640625,0.599609375
1005,hallucinated,0.6044921875,0.0
1006,grounded,0.5,0.0
1006,hallucinated,0.630859375,1.4185905456542969e-05
1007,grounded,0.8330078125,0.0005788803100585938
1007,hallucinated,0.45849609375,4.0650367736816406e-05
1008,grounded,0.6943359375,0.6728515625
1008,hallucinated,0.092529296875,0.0005750656127929688
1009,grounded,0.9033203125,0.039154052734375
1009,hallucinated,0.56982421875,9.655952453613281e-06
1010,grounded,0.01149749755859375,0.01149749755859375
1010,hallucinated,0.5732421875,0.0
1011,grounded,0.89990234375,8.702278137207031e-06
1011,hallucinated,0.5673828125,0.0
1012,grounded,0.994140625,0.9716796875
1012,hallucinated,0.412109375,0.0
1013,grounded,0.525390625,0.05029296875
1013,hallucinated,0.75146484375,0.0
1014,grounded,0.9658203125,0.865234375
1014,hallucinated,0.7158203125,0.0
1015,grounded,0.66650390625,2.1457672119140625e-06
1015,hallucinated,0.1671142578125,0.0
1016,grounded,0.00014734268188476562,0.00014734268188476562
1016,hallucinated,0.6064453125,0.002532958984375
1017,grounded,0.66650390625,4.76837158203125e-07
1017,hallucinated,0.482666015625,8.58306884765625e-06
1018,grounded,0.685546875,0.056365966796875
1018,hallucinated,0.62744140625,1.1980533599853516e-05
1019,grounded,0.7783203125,0.0
1019,hallucinated,0.4658203125,1.1920928955078125e-07
1020,grounded,0.9267578125,0.0003771781921386719
1020,hallucinated,0.80517578125,0.0001417398452758789
1021,grounded,0.5634765625,0.12744140625
1021,hallucinated,0.418701171875,0.0
1022,grounded,0.92822265625,0.7841796875
1022,hallucinated,0.6904296875,0.0
1023,grounded,0.7998046875,0.0
1023,hallucinated,0.5380859375,6.556510925292969e-07
1024,grounded,0.50146484375,0.0029239654541015625
1024,hallucinated,0.59423828125,1.7881393432617188e-07
1025,grounded,0.7431640625,2.5033950805664062e-06
1025,hallucinated,0.7421875,5.960464477539063e-08
1026,grounded,0.77294921875,0.1466064453125
1026,hallucinated,0.8623046875,2.384185791015625e-07
1027,grounded,0.822265625,0.11328125
1027,hallucinated,0.75732421875,4.708766937255859e-06
1028,grounded,0.505859375,0.011932373046875
1028,hallucinated,0.87548828125,0.0
1029,grounded,0.81884765625,0.05535888671875
1029,hallucinated,0.71826171875,0.0002779960632324219
1030,grounded,0.71875,0.368896484375
1030,hallucinated,0.334228515625,4.470348358154297e-06
1031,grounded,0.798828125,0.0001049041748046875
1031,hallucinated,0.861328125,0.014404296875
1032,grounded,0.00833892822265625,0.00833892822265625
1032,hallucinated,0.716796875,0.0
1033,grounded,0.833984375,0.0038127899169921875
1033,hallucinated,0.66064453125,9.357929229736328e-06
1034,grounded,0.99951171875,0.99658203125
1034,hallucinated,0.74755859375,0.0
1035,grounded,0.9462890625,0.63671875
1035,hallucinated,0.6552734375,0.0
1036,grounded,0.00021088123321533203,0.00021088123321533203
1036,hallucinated,0.40673828125,0.00128936767578125
1037,grounded,0.89990234375,0.0
1037,hallucinated,0.50537109375,0.0
1038,grounded,0.043487548828125,0.043487548828125
1038,hallucinated,0.412109375,1.0132789611816406e-06
1039,grounded,0.60693359375,0.0723876953125
1039,hallucinated,0.0059814453125,1.4424324035644531e-05
1040,grounded,0.89892578125,0.607421875
1040,hallucinated,0.6103515625,1.7881393432617188e-06
1041,grounded,0.005611419677734375,0.005611419677734375
1041,hallucinated,0.5751953125,2.294778823852539e-05
1042,grounded,0.5009765625,0.0017795562744140625
1042,hallucinated,0.7353515625,1.7881393432617188e-07
1043,grounded,0.6142578125,0.0036449432373046875
1043,hallucinated,0.77490234375,1.1920928955078125e-07
1044,grounded,0.4814453125,0.0003552436828613281
1044,hallucinated,0.634765625,1.1920928955078125e-07
1045,grounded,0.73681640625,0.02862548828125
1045,hallucinated,0.65576171875,0.0
1046,grounded,0.80029296875,0.00139617919921875
1046,hallucinated,0.57080078125,1.1920928955078125e-06
1047,grounded,1.0,0.99951171875
1047,hallucinated,0.385009765625,6.854534149169922e-06
1048,grounded,0.806640625,0.41943359375
1048,hallucinated,0.35693359375,0.0
1049,grounded,0.47314453125,0.0
1049,hallucinated,0.6416015625,5.960464477539063e-08
1050,grounded,0.83349609375,0.0023651123046875
1050,hallucinated,0.72998046875,0.0
1051,grounded,1.0,0.9990234375
1051,hallucinated,0.372314453125,5.960464477539063e-08
1052,grounded,0.99609375,0.9921875
1052,hallucinated,0.154296875,0.0
1053,grounded,0.80029296875,0.0007038116455078125
1053,hallucinated,0.7138671875,0.0
1054,grounded,0.67724609375,8.33272933959961e-05
1054,hallucinated,0.697265625,0.00263214111328125
1055,grounded,0.8466796875,0.2330322265625
1055,hallucinated,0.8623046875,1.5497207641601562e-06
1056,grounded,0.5,5.4836273193359375e-06
1056,hallucinated,0.86572265625,2.1398067474365234e-05
1057,grounded,0.75,2.2530555725097656e-05
1057,hallucinated,0.7080078125,8.344650268554688e-07
1058,grounded,0.75341796875,0.01427459716796875
1058,hallucinated,0.85009765625,0.0
1059,grounded,0.96923828125,0.85546875
1059,hallucinated,0.671875,0.0003516674041748047
1060,grounded,0.7041015625,0.11187744140625
1060,hallucinated,0.2479248046875,0.0
1061,grounded,0.55224609375,0.104248046875
1061,hallucinated,0.5849609375,4.76837158203125e-07
1062,grounded,0.75146484375,0.006389617919921875
1062,hallucinated,0.5908203125,7.748603820800781e-07
1063,grounded,0.5,1.0132789611816406e-06
1063,hallucinated,0.57080078125,0.0
1064,grounded,0.99853515625,0.9951171875
1064,hallucinated,0.314453125,0.0
1065,grounded,0.68017578125,0.040313720703125
1065,hallucinated,0.45751953125,5.960464477539063e-08
1066,grounded,0.80224609375,0.01174163818359375
1066,hallucinated,0.009521484375,0.0
1067,grounded,0.8046875,0.138427734375
1067,hallucinated,0.625,1.7762184143066406e-05
1068,grounded,0.5,2.5033950805664062e-05
1068,hallucinated,0.3798828125,8.344650268554688e-07
1069,grounded,0.97119140625,0.85546875
1069,hallucinated,0.41015625,0.00012922286987304688
1070,grounded,0.6669921875,0.0009074211120605469
1070,hallucinated,0.3974609375,0.0
1071,grounded,0.9990234375,0.99658203125
1071,hallucinated,0.8349609375,3.337860107421875e-06
1072,grounded,0.826171875,0.399658203125
1072,hallucinated,0.546875,0.0
1073,grounded,0.78515625,1.0669231414794922e-05
1073,hallucinated,0.71875,2.205371856689453e-06
1074,grounded,0.6669921875,0.0002956390380859375
1074,hallucinated,0.484375,2.4020671844482422e-05
1075,grounded,0.7548828125,0.0302276611328125
1075,hallucinated,0.11004638671875,1.1324882507324219e-06
1076,grounded,0.98974609375,0.9521484375
1076,hallucinated,0.6552734375,0.00034546852111816406
1077,grounded,0.0004658699035644531,0.0004658699035644531
1077,hallucinated,0.371337890625,1.4901161193847656e-06
1078,grounded,0.79833984375,0.0007052421569824219
1078,hallucinated,0.4541015625,0.00033855438232421875
1079,grounded,0.66259765625,0.0007505416870117188
1079,hallucinated,0.673828125,0.001613616943359375
1080,grounded,0.79443359375,0.2384033203125
1080,hallucinated,0.8681640625,0.05621337890625
1081,grounded,0.461181640625,0.06494140625
1081,hallucinated,0.293701171875,0.0
1082,grounded,0.66015625,0.320068359375
1082,hallucinated,0.74169921875,0.0
1083,grounded,0.90673828125,0.003940582275390625
1083,hallucinated,0.66796875,0.00018799304962158203
1084,grounded,0.66650390625,0.0004265308380126953
1084,hallucinated,0.671875,1.1265277862548828e-05
1085,grounded,0.6689453125,0.007293701171875
1085,hallucinated,0.0036468505859375,5.960464477539063e-08
1086,grounded,0.75,8.982419967651367e-05
1086,hallucinated,0.5361328125,0.0
1087,grounded,0.92041015625,0.60595703125
1087,hallucinated,0.32666015625,1.7881393432617188e-07
1088,grounded,0.8544921875,0.5634765625
1088,hallucinated,0.72021484375,0.0
1089,grounded,0.86376953125,0.6171875
1089,hallucinated,0.5478515625,0.0002846717834472656
1090,grounded,0.74755859375,0.34033203125
1090,hallucinated,0.4453125,0.0004241466522216797
1091,grounded,0.00799560546875,0.00799560546875
1091,hallucinated,0.63623046875,0.0
1092,grounded,0.50048828125,1.1920928955078125e-06
1092,hallucinated,0.54638671875,0.0
1093,grounded,0.82763671875,0.0009245872497558594
1093,hallucinated,0.62451171875,0.0
1094,grounded,0.66650390625,0.0
1094,hallucinated,0.79150390625,6.556510925292969e-07
1095,grounded,0.474609375,0.054534912109375
1095,hallucinated,0.66748046875,5.960464477539063e-08
1096,grounded,0.7998046875,0.0012378692626953125
1096,hallucinated,0.66015625,7.152557373046875e-07
1097,grounded,0.90673828125,0.001556396484375
1097,hallucinated,0.69970703125,1.7881393432617188e-06
1098,grounded,0.50341796875,0.00714874267578125
1098,hallucinated,0.69873046875,1.7881393432617188e-07
1099,grounded,0.50830078125,0.0164947509765625
1099,hallucinated,0.63818359375,0.0
1100,grounded,0.986328125,0.931640625
1100,hallucinated,0.63427734375,1.7881393432617188e-07
1101,grounded,0.7958984375,0.0002627372741699219
1101,hallucinated,0.5537109375,0.0
1102,grounded,0.75390625,0.015228271484375
1102,hallucinated,0.63330078125,5.781650543212891e-06
1103,grounded,0.81494140625,0.0750732421875
1103,hallucinated,0.39599609375,1.6093254089355469e-06
1104,grounded,0.75,0.0
1104,hallucinated,0.56591796875,0.0
1105,grounded,0.003162384033203125,0.003162384033203125
1105,hallucinated,0.744140625,2.2232532501220703e-05
1106,grounded,2.104043960571289e-05,2.104043960571289e-05
1106,hallucinated,0.7236328125,5.960464477539063e-08
1107,grounded,0.0016431808471679688,0.0016431808471679688
1107,hallucinated,0.45458984375,2.980232238769531e-07
1108,grounded,0.96240234375,0.84912109375
1108,hallucinated,0.68359375,0.0
1109,grounded,0.9990234375,0.99755859375
1109,hallucinated,0.6044921875,5.960464477539063e-08
1110,grounded,0.99609375,0.990234375
1110,hallucinated,0.474365234375,0.0
1111,grounded,0.89990234375,0.0
1111,hallucinated,0.64599609375,6.496906280517578e-05
1112,grounded,0.83349609375,0.0
1112,hallucinated,0.82275390625,1.1920928955078125e-07
1113,grounded,0.66943359375,0.007598876953125
1113,hallucinated,0.64111328125,1.919269561767578e-05
1114,grounded,0.751953125,0.008331298828125
1114,hallucinated,0.57958984375,5.960464477539062e-07
1115,grounded,0.6103515625,0.071044921875
1115,hallucinated,0.69775390625,0.0
1116,grounded,1.6689300537109375e-06,1.6689300537109375e-06
1116,hallucinated,0.65869140625,5.364418029785156e-07
1117,grounded,0.513671875,0.02783203125
1117,hallucinated,0.66650390625,2.980232238769531e-07
1118,grounded,0.5751953125,0.00572967529296875
1118,hallucinated,0.355224609375,1.9669532775878906e-06
1119,grounded,0.5,3.5762786865234375e-07
1119,hallucinated,0.67822265625,0.052398681640625
1120,grounded,0.8017578125,0.0098419189453125
1120,hallucinated,0.5615234375,6.771087646484375e-05
1121,grounded,0.85693359375,9.191036224365234e-05
1121,hallucinated,0.8349609375,0.0
1122,grounded,0.80126953125,0.00716400146484375
1122,hallucinated,0.7216796875,3.2782554626464844e-06
1123,grounded,0.66650390625,5.960464477539063e-08
1123,hallucinated,0.54931640625,0.0
1124,grounded,0.708984375,0.0777587890625
1124,hallucinated,0.53271484375,3.5762786865234375e-07
1125,grounded,0.6767578125,0.03045654296875
1125,hallucinated,0.6396484375,0.0005078315734863281
1126,grounded,0.77685546875,0.0
1126,hallucinated,0.5986328125,2.753734588623047e-05
1127,grounded,0.80078125,0.00283050537109375
1127,hallucinated,0.68115234375,4.470348358154297e-05
1128,grounded,0.525390625,0.050384521484375
1128,hallucinated,0.4765625,1.811981201171875e-05
1129,grounded,2.2411346435546875e-05,2.2411346435546875e-05
1129,hallucinated,0.7431640625,2.2649765014648438e-06
1130,grounded,0.7998046875,0.0003612041473388672
1130,hallucinated,0.8642578125,1.9073486328125e-06
1131,grounded,0.810546875,0.0138702392578125
1131,hallucinated,0.58544921875,1.7881393432617188e-07
1132,grounded,0.625,0.0004630088806152344
1132,hallucinated,0.5888671875,0.0
1133,grounded,0.84765625,0.6953125
1133,hallucinated,0.35986328125,2.384185791015625e-07
1134,grounded,0.744140625,0.0031909942626953125
1134,hallucinated,0.6298828125,5.0067901611328125e-06
1135,grounded,0.89990234375,2.5451183319091797e-05
1135,hallucinated,0.76611328125,3.5762786865234375e-06
1136,grounded,0.88134765625,0.525390625
1136,hallucinated,0.62158203125,0.0030059814453125
1137,grounded,0.7080078125,0.00015234947204589844
1137,hallucinated,0.55859375,8.52346420288086e-06
1138,grounded,0.705078125,0.11505126953125
1138,hallucinated,0.78173828125,0.0
1139,grounded,1.1920928955078125e-07,1.1920928955078125e-07
1139,hallucinated,0.673828125,0.00010317564010620117
1140,grounded,0.68994140625,0.0703125
1140,hallucinated,0.70068359375,0.0
1141,grounded,0.412109375,0.07037353515625
1141,hallucinated,0.833984375,0.006801605224609375
1142,grounded,0.67431640625,6.210803985595703e-05
1142,hallucinated,0.59228515625,0.0
1143,grounded,0.7822265625,0.4384765625
1143,hallucinated,0.5771484375,3.5762786865234375e-07
1144,grounded,1.0728836059570312e-06,0.0
1144,hallucinated,0.68701171875,9.59634780883789e-06
1145,grounded,0.7998046875,0.00026345252990722656
1145,hallucinated,0.90673828125,0.0
1146,grounded,0.8857421875,3.5762786865234375e-07
1146,hallucinated,0.64306640625,1.6927719116210938e-05
1147,grounded,0.97998046875,0.88427734375
1147,hallucinated,0.410888671875,8.940696716308594e-07
1148,grounded,0.84521484375,0.84521484375
1148,hallucinated,0.66357421875,0.00016927719116210938
1149,grounded,0.00022482872009277344,0.00022482872009277344
1149,hallucinated,0.5283203125,1.7881393432617188e-07
1150,grounded,0.7998046875,1.1920928955078125e-07
1150,hallucinated,0.49365234375,1.6689300537109375e-05
1151,grounded,7.927417755126953e-05,1.7881393432617188e-07
1151,hallucinated,0.404296875,4.172325134277344e-07
1152,grounded,0.75048828125,0.0014009475708007812
1152,hallucinated,0.7783203125,0.0
1153,grounded,0.8662109375,0.0736083984375
1153,hallucinated,0.53955078125,0.0
1154,grounded,0.5,0.001247406005859375
1154,hallucinated,0.76171875,3.159046173095703e-06
1155,grounded,0.8916015625,0.0243988037109375
1155,hallucinated,0.481689453125,3.635883331298828e-06
1156,grounded,0.7509765625,0.0045623779296875
1156,hallucinated,0.51318359375,1.9669532775878906e-06
1157,grounded,0.5,0.00039458274841308594
1157,hallucinated,0.68701171875,5.364418029785156e-07
1158,grounded,0.00846099853515625,0.00846099853515625
1158,hallucinated,0.234619140625,5.960464477539063e-08
1159,grounded,0.89990234375,1.4901161193847656e-06
1159,hallucinated,0.75634765625,0.0
1160,grounded,0.84423828125,0.0001291036605834961
1160,hallucinated,0.499267578125,2.9206275939941406e-06
1161,grounded,2.1457672119140625e-06,2.1457672119140625e-06
1161,hallucinated,0.48828125,4.76837158203125e-07
1162,grounded,0.75244140625,0.00946044921875
1162,hallucinated,0.57080078125,1.7881393432617188e-07
1163,grounded,0.904296875,0.712890625
1163,hallucinated,0.5947265625,2.205371856689453e-06
1164,grounded,0.76708984375,0.0682373046875
1164,hallucinated,0.611328125,5.960464477539063e-08
1165,grounded,0.70068359375,0.0012464523315429688
1165,hallucinated,0.84521484375,0.000743865966796875
1166,grounded,0.0005693435668945312,0.0005693435668945312
1166,hallucinated,0.63427734375,0.0
1167,grounded,0.80419921875,0.0217437744140625
1167,hallucinated,0.73779296875,0.0
1168,grounded,0.951171875,0.90234375
1168,hallucinated,0.54541015625,2.682209014892578e-06
1169,grounded,0.9970703125,0.994140625
1169,hallucinated,0.57373046875,1.7881393432617188e-07
1170,grounded,0.7978515625,0.2020263671875
1170,hallucinated,0.5888671875,0.006702423095703125
1171,grounded,0.75,7.092952728271484e-06
1171,hallucinated,0.7392578125,0.0
1172,grounded,2.5451183319091797e-05,2.5451183319091797e-05
1172,hallucinated,0.44970703125,2.384185791015625e-07
1173,grounded,0.5029296875,0.00620269775390625
1173,hallucinated,0.28466796875,1.6093254089355469e-06
1174,grounded,0.77783203125,6.514787673950195e-05
1174,hallucinated,0.7666015625,7.62939453125e-06
1175,grounded,0.83056640625,0.1531982421875
1175,hallucinated,0.4619140625,5.960464477539063e-08
1176,grounded,0.9013671875,0.70458984375
1176,hallucinated,0.7607421875,4.8220157623291016e-05
1177,grounded,0.51513671875,0.031005859375
1177,hallucinated,0.433837890625,2.950429916381836e-05
1178,grounded,0.66650390625,0.0002111196517944336
1178,hallucinated,0.57080078125,5.960464477539062e-07
1179,grounded,0.6767578125,0.030609130859375
1179,hallucinated,0.3251953125,0.0
1180,grounded,0.00029587745666503906,0.00029587745666503906
1180,hallucinated,0.79931640625,1.1324882507324219e-06
1181,grounded,0.7998046875,0.00016939640045166016
1181,hallucinated,0.76171875,1.4901161193847656e-06
1182,grounded,0.3896484375,7.051229476928711e-05
1182,hallucinated,0.65673828125,1.043081283569336e-05
1183,grounded,0.9970703125,0.9970703125
1183,hallucinated,0.62158203125,4.172325134277344e-07
1184,grounded,0.5029296875,0.005615234375
1184,hallucinated,0.377685546875,4.172325134277344e-07
1185,grounded,0.75146484375,0.00514984130859375
1185,hallucinated,0.6611328125,9.894371032714844e-06
1186,grounded,0.8974609375,2.980232238769531e-07
1186,hallucinated,0.66162109375,0.0010814666748046875
1187,grounded,0.99365234375,0.96875
1187,hallucinated,0.53076171875,0.0
1188,grounded,0.509765625,0.0196990966796875
1188,hallucinated,0.255126953125,0.0
1189,grounded,0.117919921875,0.117919921875
1189,hallucinated,0.7294921875,1.8417835235595703e-05
1190,grounded,0.900390625,0.00502777099609375
1190,hallucinated,0.74072265625,6.318092346191406e-06
1191,grounded,0.80078125,0.0036449432373046875
1191,hallucinated,0.4697265625,1.7881393432617188e-07
1192,grounded,0.75,0.0
1192,hallucinated,0.64013671875,0.0
1193,grounded,0.00185394287109375,0.00185394287109375
1193,hallucinated,0.5478515625,4.172325134277344e-06
1194,grounded,0.66650390625,1.8477439880371094e-05
1194,hallucinated,0.69775390625,0.0
1195,grounded,0.056884765625,0.056884765625
1195,hallucinated,0.66845703125,0.0
1196,grounded,0.7998046875,0.00058746337890625
1196,hallucinated,0.5947265625,0.0
1197,grounded,0.66650390625,0.00021004676818847656
1197,hallucinated,0.81201171875,6.341934204101562e-05
1198,grounded,0.6591796875,1.1444091796875e-05
1198,hallucinated,0.84130859375,0.0004203319549560547
1199,grounded,4.869699478149414e-05,4.869699478149414e-05
1199,hallucinated,0.62939453125,9.238719940185547e-06
1200,grounded,0.91650390625,2.980232238769531e-07
1200,hallucinated,0.8330078125,0.0
1201,grounded,0.7998046875,2.9802322387695312e-06
1201,hallucinated,0.759765625,0.0
1202,grounded,0.5234375,0.046630859375
1202,hallucinated,0.6650390625,4.029273986816406e-05
1203,grounded,0.0006670951843261719,0.0006670951843261719
1203,hallucinated,0.301513671875,2.384185791015625e-07
1204,grounded,0.0008845329284667969,0.0008845329284667969
1204,hallucinated,0.61865234375,3.427267074584961e-05
1205,grounded,0.87353515625,0.0001990795135498047
1205,hallucinated,0.50830078125,0.0
1206,grounded,0.81640625,0.08367919921875
1206,hallucinated,0.77099609375,1.5497207641601562e-06
1207,grounded,0.5,9.226799011230469e-05
1207,hallucinated,0.826171875,5.960464477539062e-07
1208,grounded,0.8037109375,0.019500732421875
1208,hallucinated,0.8193359375,7.367134094238281e-05
1209,grounded,0.91455078125,0.8291015625
1209,hallucinated,0.312255859375,4.76837158203125e-07
1210,grounded,0.142578125,0.142578125
1210,hallucinated,0.76123046875,2.2649765014648438e-06
1211,grounded,0.80224609375,0.01239013671875
1211,hallucinated,0.40185546875,5.364418029785156e-07
1212,grounded,0.79052734375,0.0002722740173339844
1212,hallucinated,0.318115234375,0.0
1213,grounded,0.4990234375,1.9609928131103516e-05
1213,hallucinated,0.716796875,1.2159347534179688e-05
1214,grounded,3.8623809814453125e-05,3.8623809814453125e-05
1214,hallucinated,0.712890625,0.0006952285766601562
1215,grounded,0.923828125,0.84912109375
1215,hallucinated,0.73779296875,0.001979827880859375
1216,grounded,0.75,0.0
1216,hallucinated,0.78564453125,0.00015056133270263672
1217,grounded,0.796875,0.0002560615539550781
1217,hallucinated,0.60986328125,5.364418029785156e-06
1218,grounded,0.91162109375,0.434814453125
1218,hallucinated,0.6806640625,0.0001404285430908203
1219,grounded,0.001125335693359375,0.001125335693359375
1219,hallucinated,0.5751953125,5.364418029785156e-07
1220,grounded,0.51318359375,0.0027294158935546875
1220,hallucinated,0.55078125,0.0
1221,grounded,0.0158538818359375,0.0158538818359375
1221,hallucinated,0.8193359375,1.1920928955078125e-07
1222,grounded,0.5,0.00014984607696533203
1222,hallucinated,0.55078125,0.0006055831909179688
1223,grounded,0.0004162788391113281,0.0004162788391113281
1223,hallucinated,0.5478515625,0.0
1224,grounded,0.66650390625,5.882978439331055e-05
1224,hallucinated,0.7861328125,1.7881393432617188e-07
1225,grounded,0.65283203125,0.412353515625
1225,hallucinated,0.386474609375,5.960464477539063e-08
1226,grounded,0.60693359375,0.2142333984375
1226,hallucinated,0.475341796875,1.0728836059570312e-06
1227,grounded,0.81884765625,0.0
1227,hallucinated,0.69775390625,5.745887756347656e-05
1228,grounded,0.30224609375,0.30224609375
1228,hallucinated,0.72412109375,2.384185791015625e-07
1229,grounded,0.499267578125,0.0007452964782714844
1229,hallucinated,0.44580078125,7.808208465576172e-06
1230,grounded,0.84326171875,0.3740234375
1230,hallucinated,0.73095703125,5.960464477539063e-08
1231,grounded,0.48046875,0.00014591217041015625
1231,hallucinated,0.263427734375,0.0
1232,grounded,0.8330078125,0.263427734375
1232,hallucinated,0.83447265625,0.0
1233,grounded,8.440017700195312e-05,8.440017700195312e-05
1233,hallucinated,0.69287109375,0.0
1234,grounded,0.7138671875,3.3974647521972656e-06
1234,hallucinated,0.77587890625,0.0
1235,grounded,0.5,7.152557373046875e-07
1235,hallucinated,0.466552734375,0.0
1236,grounded,0.0001646280288696289,0.0001646280288696289
1236,hallucinated,0.88330078125,1.1920928955078125e-07
1237,grounded,0.857421875,0.1484375
1237,hallucinated,0.677734375,0.0
1238,grounded,0.8408203125,0.681640625
1238,hallucinated,0.650390625,4.76837158203125e-07
1239,grounded,0.69482421875,1.1920928955078125e-07
1239,hallucinated,0.482421875,3.5762786865234375e-07
1240,grounded,0.7568359375,0.0291595458984375
1240,hallucinated,0.55126953125,0.00014829635620117188
1241,grounded,0.6650390625,5.960464477539063e-08
1241,hallucinated,0.71484375,0.0010204315185546875
1242,grounded,0.0,0.0
1242,hallucinated,0.74658203125,0.0011043548583984375
1243,grounded,0.888671875,0.00016748905181884766
1243,hallucinated,0.72802734375,4.231929779052734e-06
1244,grounded,0.75,0.0
1244,hallucinated,0.2412109375,0.0
1245,grounded,0.392578125,0.04998779296875
1245,hallucinated,0.496826171875,1.9669532775878906e-06
1246,grounded,0.919921875,7.987022399902344e-06
1246,hallucinated,0.8154296875,5.960464477539063e-08
1247,grounded,0.0001888275146484375,0.0001888275146484375
1247,hallucinated,0.69873046875,7.748603820800781e-07
1248,grounded,4.649162292480469e-06,4.649162292480469e-06
1248,hallucinated,0.6669921875,0.0
1249,grounded,0.0023479461669921875,0.0023479461669921875
1249,hallucinated,0.26708984375,5.960464477539063e-08
1250,grounded,0.94775390625,0.7470703125
1250,hallucinated,0.7392578125,0.0002868175506591797
1251,grounded,0.81494140625,0.0005936622619628906
1251,hallucinated,0.49560546875,1.3113021850585938e-06
1252,grounded,0.70166015625,0.70166015625
1252,hallucinated,0.75244140625,0.0006108283996582031
1253,grounded,0.720703125,0.44189453125
1253,hallucinated,0.62060546875,5.960464477539063e-08
1254,grounded,0.5,0.0001366138458251953
1254,hallucinated,0.7744140625,5.960464477539063e-08
1255,grounded,0.0165557861328125,0.0165557861328125
1255,hallucinated,0.6201171875,0.0003275871276855469
1256,grounded,0.5,0.00011587142944335938
1256,hallucinated,0.7998046875,4.827976226806641e-06
1257,grounded,0.974609375,0.95068359375
1257,hallucinated,0.5322265625,1.6689300537109375e-06
1258,grounded,0.6728515625,0.0190887451171875
1258,hallucinated,0.343017578125,0.0
1259,grounded,0.8076171875,0.03802490234375
1259,hallucinated,0.779296875,3.5762786865234375e-07
1260,grounded,0.049652099609375,0.049652099609375
1260,hallucinated,0.62841796875,1.5497207641601562e-06
1261,grounded,0.78662109375,0.0004088878631591797
1261,hallucinated,0.43359375,6.592273712158203e-05
1262,grounded,0.74951171875,0.00024366378784179688
1262,hallucinated,0.499267578125,0.0019474029541015625
1263,grounded,0.80712890625,0.6142578125
1263,hallucinated,0.68505859375,5.960464477539063e-08
1264,grounded,0.8388671875,0.35546875
1264,hallucinated,0.5126953125,2.384185791015625e-07
1265,grounded,0.76220703125,0.0
1265,hallucinated,0.693359375,0.004108428955078125
1266,grounded,0.77783203125,0.77783203125
1266,hallucinated,0.7490234375,0.0009813308715820312
1267,grounded,0.57177734375,0.54052734375
1267,hallucinated,0.7275390625,0.006351470947265625
1268,grounded,1.6689300537109375e-06,1.6689300537109375e-06
1268,hallucinated,0.1331787109375,1.3113021850585938e-06
1269,grounded,0.66259765625,0.0305023193359375
1269,hallucinated,0.7421875,3.5762786865234375e-07
1270,grounded,0.9140625,0.5791015625
1270,hallucinated,0.55224609375,4.649162292480469e-06
1271,grounded,0.66650390625,5.2928924560546875e-05
1271,hallucinated,0.80615234375,1.2516975402832031e-06
1272,grounded,0.7939453125,0.00640106201171875
1272,hallucinated,0.7958984375,0.0
1273,grounded,0.00018346309661865234,0.00018346309661865234
1273,hallucinated,0.56298828125,1.0132789611816406e-06
1274,grounded,0.76123046875,0.2880859375
1274,hallucinated,3.5762786865234375e-07,0.0
1275,grounded,0.509765625,0.0198822021484375
1275,hallucinated,0.59228515625,9.5367431640625e-07
1276,grounded,0.9482421875,0.8779296875
1276,hallucinated,0.54638671875,0.0
1277,grounded,0.828125,5.036592483520508e-05
1277,hallucinated,0.73583984375,1.0132789611816406e-06
1278,grounded,9.775161743164062e-05,9.775161743164062e-05
1278,hallucinated,0.454345703125,0.0
1279,grounded,0.80029296875,0.0013036727905273438
1279,hallucinated,0.69970703125,0.0
1280,grounded,0.66650390625,3.159046173095703e-05
1280,hallucinated,0.52587890625,8.940696716308594e-07
1281,grounded,0.0007066726684570312,0.0007066726684570312
1281,hallucinated,0.60693359375,0.0
1282,grounded,0.98828125,0.94384765625
1282,hallucinated,0.56787109375,2.980232238769531e-07
1283,grounded,0.5,3.147125244140625e-05
1283,hallucinated,0.697265625,2.384185791015625e-06
1284,grounded,0.85205078125,5.960464477539063e-08
1284,hallucinated,0.74072265625,5.960464477539063e-08
1285,grounded,0.87451171875,1.519918441772461e-05
1285,hallucinated,0.6591796875,2.0265579223632812e-05
1286,grounded,0.8798828125,3.5762786865234375e-07
1286,hallucinated,0.5439453125,3.5762786865234375e-07
1287,grounded,0.8681640625,0.2109375
1287,hallucinated,0.7626953125,7.152557373046875e-07
1288,grounded,0.9052734375,0.72802734375
1288,hallucinated,0.5166015625,8.404254913330078e-06
1289,grounded,0.463134765625,0.00015532970428466797
1289,hallucinated,0.51123046875,5.960464477539063e-08
1290,grounded,0.00504302978515625,0.00504302978515625
1290,hallucinated,0.642578125,2.8371810913085938e-05
1291,grounded,0.67822265625,0.03497314453125
1291,hallucinated,0.595703125,0.0
1292,grounded,0.5908203125,0.181396484375
1292,hallucinated,0.64208984375,8.344650268554688e-07
1293,grounded,0.71044921875,0.1318359375
1293,hallucinated,0.798828125,0.00010442733764648438
1294,grounded,0.66943359375,0.00814056396484375
1294,hallucinated,0.476806640625,5.245208740234375e-06
1295,grounded,0.68017578125,0.041229248046875
1295,hallucinated,0.0005860328674316406,0.0
1296,grounded,0.845703125,0.076171875
1296,hallucinated,0.64990234375,4.780292510986328e-05
1297,grounded,0.7998046875,2.682209014892578e-06
1297,hallucinated,0.69189453125,0.0
1298,grounded,0.66845703125,0.0003204345703125
1298,hallucinated,0.6015625,0.0
1299,grounded,0.00380706787109375,0.00380706787109375
1299,hallucinated,0.7626953125,0.00278472900390625
1300,grounded,5.5670738220214844e-05,5.5670738220214844e-05
1300,hallucinated,0.71142578125,7.510185241699219e-06
1301,grounded,0.006214141845703125,4.756450653076172e-05
1301,hallucinated,0.86181640625,0.0
1302,grounded,0.50927734375,0.00044417381286621094
1302,hallucinated,0.474609375,6.4373016357421875e-06
1303,grounded,0.982421875,0.982421875
1303,hallucinated,0.58544921875,0.0
1304,grounded,0.5009765625,0.0023059844970703125
1304,hallucinated,0.8017578125,0.0160064697265625
1305,grounded,0.5009765625,0.0024242401123046875
1305,hallucinated,0.332275390625,0.0
1306,grounded,0.984375,0.9423828125
1306,hallucinated,0.7333984375,1.3113021850585938e-05
1307,grounded,0.7978515625,7.152557373046875e-07
1307,hallucinated,0.63330078125,5.960464477539063e-08
1308,grounded,0.65185546875,0.303466796875
1308,hallucinated,0.314697265625,0.0
1309,grounded,0.70849609375,1.6093254089355469e-06
1309,hallucinated,0.69921875,0.0
1310,grounded,0.623046875,0.2457275390625
1310,hallucinated,0.7119140625,5.364418029785156e-07
1311,grounded,0.822265625,0.1103515625
1311,hallucinated,0.11273193359375,0.0
1312,grounded,0.8310546875,0.154541015625
1312,hallucinated,0.6552734375,6.318092346191406e-06
1313,grounded,0.64892578125,0.0011606216430664062
1313,hallucinated,0.58251953125,0.0009527206420898438
1314,grounded,0.98681640625,0.96044921875
1314,hallucinated,0.447509765625,1.3113021850585938e-06
1315,grounded,0.77001953125,0.08026123046875
1315,hallucinated,0.8935546875,0.0007543563842773438
1316,grounded,0.83251953125,0.01178741455078125
1316,hallucinated,0.51904296875,4.6133995056152344e-05
1317,grounded,0.7998046875,1.049041748046875e-05
1317,hallucinated,0.403564453125,0.0
1318,grounded,0.63818359375,0.004817962646484375
1318,hallucinated,0.368896484375,0.0003619194030761719
1319,grounded,0.89892578125,2.6524066925048828e-05
1319,hallucinated,0.34423828125,2.0682811737060547e-05
1320,grounded,0.66650390625,0.00021314620971679688
1320,hallucinated,0.77294921875,5.960464477539063e-08
1321,grounded,0.49951171875,0.0034351348876953125
1321,hallucinated,0.91162109375,1.1920928955078125e-07
1322,grounded,0.6650390625,9.5367431640625e-07
1322,hallucinated,0.406982421875,0.0
1323,grounded,0.50927734375,0.024566650390625
1323,hallucinated,0.4052734375,2.384185791015625e-07
1324,grounded,0.74560546875,0.0
1324,hallucinated,0.623046875,4.76837158203125e-07
1325,grounded,0.67724609375,0.031097412109375
1325,hallucinated,0.3740234375,0.0
1326,grounded,0.814453125,0.07269287109375
1326,hallucinated,0.52880859375,7.283687591552734e-05
1327,grounded,0.0,0.0
1327,hallucinated,0.767578125,2.0682811737060547e-05
1328,grounded,0.7998046875,4.231929779052734e-06
1328,hallucinated,0.63525390625,4.76837158203125e-07
1329,grounded,0.33349609375,1.1920928955078125e-07
1329,hallucinated,0.51220703125,0.0
1330,grounded,0.5029296875,0.02685546875
1330,hallucinated,0.564453125,0.0005354881286621094
1331,grounded,0.89990234375,0.0
1331,hallucinated,0.60498046875,4.76837158203125e-07
1332,grounded,0.0,0.0
1332,hallucinated,0.71435546875,7.987022399902344e-06
1333,grounded,0.78564453125,5.960464477539063e-08
1333,hallucinated,0.7138671875,2.9146671295166016e-05
1334,grounded,0.66796875,0.00434112548828125
1334,hallucinated,0.70263671875,0.0
1335,grounded,0.857421875,0.0115966796875
1335,hallucinated,0.71826171875,0.0
1336,grounded,0.5966796875,1.0192394256591797e-05
1336,hallucinated,0.64892578125,3.5762786865234375e-07
1337,grounded,0.76220703125,0.286865234375
1337,hallucinated,0.646484375,1.3113021850585938e-06
1338,grounded,0.75146484375,0.00641632080078125
1338,hallucinated,0.66845703125,0.00011211633682250977
1339,grounded,0.84228515625,0.5263671875
1339,hallucinated,0.83642578125,0.0022335052490234375
1340,grounded,0.7626953125,0.06585693359375
1340,hallucinated,0.7568359375,1.2516975402832031e-06
1341,grounded,0.00018203258514404297,0.00018203258514404297
1341,hallucinated,0.63916015625,6.020069122314453e-06
1342,grounded,0.78857421875,4.9591064453125e-05
1342,hallucinated,0.7822265625,0.0
1343,grounded,0.7744140625,0.323974609375
1343,hallucinated,0.0316162109375,0.0
1344,grounded,0.92822265625,0.7861328125
1344,hallucinated,0.51025390625,1.6093254089355469e-06
1345,grounded,0.82666015625,0.0193023681640625
1345,hallucinated,0.393310546875,4.76837158203125e-07
1346,grounded,0.00020194053649902344,0.00020194053649902344
1346,hallucinated,0.8505859375,1.9669532775878906e-05
1347,grounded,1.3113021850585938e-06,1.3113021850585938e-06
1347,hallucinated,0.322021484375,0.0
1348,grounded,0.75,0.00016009807586669922
1348,hallucinated,0.6591796875,0.0
1349,grounded,0.0199127197265625,0.0199127197265625
1349,hallucinated,0.165283203125,2.980232238769531e-07
1350,grounded,0.277587890625,0.047515869140625
1350,hallucinated,0.6533203125,0.0
1351,grounded,0.81884765625,0.0019359588623046875
1351,hallucinated,0.56982421875,4.8160552978515625e-05
1352,grounded,0.0,0.0
1352,hallucinated,0.478515625,1.4007091522216797e-05
1353,grounded,0.00016295909881591797,0.00016295909881591797
1353,hallucinated,3.337860107421875e-06,3.337860107421875e-06
1354,grounded,0.931640625,0.86328125
1354,hallucinated,0.63623046875,3.039836883544922e-06
1355,grounded,0.7919921875,0.0201416015625
1355,hallucinated,0.58984375,0.00030112266540527344
1356,grounded,6.973743438720703e-06,6.973743438720703e-06
1356,hallucinated,0.56298828125,0.031829833984375
1357,grounded,0.986328125,0.91015625
1357,hallucinated,0.875,2.0265579223632812e-06
1358,grounded,0.80126953125,0.005584716796875
1358,hallucinated,0.765625,1.3709068298339844e-06
1359,grounded,0.8466796875,8.487701416015625e-05
1359,hallucinated,0.4384765625,2.384185791015625e-07
1360,grounded,0.74951171875,0.0
1360,hallucinated,0.7412109375,1.0132789611816406e-06
1361,grounded,0.67529296875,0.00046944618225097656
1361,hallucinated,0.16259765625,5.960464477539063e-08
1362,grounded,0.0015745162963867188,0.0015745162963867188
1362,hallucinated,0.65966796875,1.7881393432617188e-07
1363,grounded,0.755859375,0.02410888671875
1363,hallucinated,0.342041015625,5.960464477539063e-08
1364,grounded,0.66650390625,2.3245811462402344e-06
1364,hallucinated,0.71875,2.956390380859375e-05
1365,grounded,0.61865234375,1.8298625946044922e-05
1365,hallucinated,0.6787109375,5.960464477539063e-08
1366,grounded,0.66650390625,5.662441253662109e-06
1366,hallucinated,0.490478515625,0.0
1367,grounded,0.7822265625,0.34716796875
1367,hallucinated,0.5380859375,0.0
1368,grounded,0.84765625,0.0006794929504394531
1368,hallucinated,0.76025390625,0.0003299713134765625
1369,grounded,0.8212890625,0.106201171875
1369,hallucinated,0.595703125,1.2993812561035156e-05
1370,grounded,0.76953125,0.5849609375
1370,hallucinated,0.325927734375,3.516674041748047e-06
1371,grounded,0.98291015625,0.9658203125
1371,hallucinated,0.4755859375,0.0
1372,grounded,0.89990234375,0.0
1372,hallucinated,0.5185546875,5.960464477539063e-08
1373,grounded,6.103515625e-05,6.103515625e-05
1373,hallucinated,0.7099609375,2.980232238769531e-07
1374,grounded,0.9833984375,0.9189453125
1374,hallucinated,0.82666015625,1.7285346984863281e-06
1375,grounded,0.88671875,0.66064453125
1375,hallucinated,0.73681640625,4.76837158203125e-07
1376,grounded,0.947265625,5.960464477539063e-08
1376,hallucinated,0.37060546875,1.0132789611816406e-06
1377,grounded,4.7147274017333984e-05,4.7147274017333984e-05
1377,hallucinated,0.740234375,1.7523765563964844e-05
1378,grounded,0.178466796875,1.7881393432617188e-07
1378,hallucinated,0.7177734375,4.708766937255859e-06
1379,grounded,0.759765625,0.28125
1379,hallucinated,0.62109375,0.005828857421875
1380,grounded,0.7470703125,0.0008072853088378906
1380,hallucinated,0.312744140625,2.980232238769531e-07
1381,grounded,0.50048828125,0.0014562606811523438
1381,hallucinated,0.7890625,3.8564205169677734e-05
1382,grounded,0.66552734375,0.0002371072769165039
1382,hallucinated,0.454345703125,4.231929779052734e-06
1383,grounded,0.56005859375,0.56005859375
1383,hallucinated,0.6943359375,5.960464477539063e-08
1384,grounded,6.03795051574707e-05,6.03795051574707e-05
1384,hallucinated,0.8837890625,0.0
1385,grounded,0.2462158203125,0.00013506412506103516
1385,hallucinated,0.0014390945434570312,6.616115570068359e-06
1386,grounded,0.7998046875,4.1961669921875e-05
1386,hallucinated,0.69677734375,0.0
1387,grounded,0.55078125,0.0079345703125
1387,hallucinated,0.71630859375,7.748603820800781e-07
1388,grounded,0.6728515625,0.0084991455078125
1388,hallucinated,0.55224609375,0.0
1389,grounded,0.8955078125,0.8955078125
1389,hallucinated,0.67041015625,0.0
1390,grounded,0.7998046875,9.775161743164062e-06
1390,hallucinated,0.5009765625,0.0
1391,grounded,0.74609375,0.0
1391,hallucinated,0.2091064453125,5.173683166503906e-05
1392,grounded,1.0,1.0
1392,hallucinated,0.68408203125,0.0
1393,grounded,0.0003414154052734375,0.0003414154052734375
1393,hallucinated,0.6591796875,6.723403930664062e-05
1394,grounded,0.66650390625,6.186962127685547e-05
1394,hallucinated,0.5,0.00026035308837890625
1395,grounded,0.88623046875,0.88623046875
1395,hallucinated,0.5673828125,0.004856109619140625
1396,grounded,0.919921875,0.5986328125
1396,hallucinated,0.689453125,3.3795833587646484e-05
1397,grounded,0.9921875,0.9765625
1397,hallucinated,0.53955078125,1.0371208190917969e-05
1398,grounded,0.65185546875,0.00223541259765625
1398,hallucinated,0.0163726806640625,0.0
1399,grounded,0.990234375,0.94189453125
1399,hallucinated,0.5,2.980232238769531e-07
1400,grounded,0.66650390625,1.1920928955078125e-07
1400,hallucinated,0.71728515625,5.960464477539063e-08
1401,grounded,0.6064453125,1.7881393432617188e-07
1401,hallucinated,0.60302734375,0.0
1402,grounded,0.7998046875,1.4066696166992188e-05
1402,hallucinated,0.7578125,5.960464477539062e-07
1403,grounded,0.0009469985961914062,0.0009469985961914062
1403,hallucinated,0.0141143798828125,2.384185791015625e-07
1404,grounded,0.8330078125,2.384185791015625e-07
1404,hallucinated,0.61767578125,0.00037288665771484375
1405,grounded,0.822265625,0.11639404296875
1405,hallucinated,0.7626953125,0.0008211135864257812
1406,grounded,0.5,0.0
1406,hallucinated,0.458984375,0.0
1407,grounded,0.609375,0.21826171875
1407,hallucinated,0.7509765625,0.00024509429931640625
1408,grounded,0.0012292861938476562,0.0012292861938476562
1408,hallucinated,0.02716064453125,1.1920928955078125e-06
1409,grounded,0.97705078125,0.931640625
1409,hallucinated,0.83154296875,1.1920928955078125e-07
1410,grounded,0.60888671875,0.0015897750854492188
1410,hallucinated,0.363037109375,0.00012242794036865234
1411,grounded,0.939453125,0.81884765625
1411,hallucinated,0.61376953125,5.960464477539063e-08
1412,grounded,0.72705078125,0.004520416259765625
1412,hallucinated,0.15576171875,0.0
1413,grounded,0.73388671875,0.0684814453125
1413,hallucinated,0.68359375,6.377696990966797e-06
1414,grounded,0.9287109375,0.78564453125
1414,hallucinated,0.5634765625,2.6226043701171875e-06
1415,grounded,0.6669921875,0.0010051727294921875
1415,hallucinated,0.67724609375,0.0
1416,grounded,0.5029296875,0.00557708740234375
1416,hallucinated,0.525390625,2.980232238769531e-07
1417,grounded,0.90576171875,0.529296875
1417,hallucinated,0.65087890625,2.759695053100586e-05
1418,grounded,0.66650390625,1.1920928955078125e-07
1418,hallucinated,0.007404327392578125,4.76837158203125e-07
1419,grounded,8.177757263183594e-05,8.177757263183594e-05
1419,hallucinated,0.5771484375,1.9669532775878906e-06
1420,grounded,1.1920928955078125e-07,1.1920928955078125e-07
1420,hallucinated,0.60302734375,9.185075759887695e-05
1421,grounded,0.68505859375,0.05487060546875
1421,hallucinated,0.44091796875,2.682209014892578e-06
1422,grounded,0.798828125,0.004108428955078125
1422,hallucinated,0.382080078125,6.079673767089844e-06
1423,grounded,0.921875,0.84423828125
1423,hallucinated,0.73876953125,0.005962371826171875
1424,grounded,0.5,0.00011992454528808594
1424,hallucinated,0.7392578125,4.112720489501953e-06
1425,grounded,0.66650390625,9.113550186157227e-05
1425,hallucinated,0.5791015625,0.0
1426,grounded,0.978515625,0.95703125
1426,hallucinated,0.4931640625,1.1861324310302734e-05
1427,grounded,0.90966796875,0.0072479248046875
1427,hallucinated,0.57861328125,1.430511474609375e-06
1428,grounded,0.0175933837890625,0.0175933837890625
1428,hallucinated,0.79345703125,0.0
1429,grounded,0.74853515625,0.02813720703125
1429,hallucinated,0.66064453125,0.0
1430,grounded,0.80078125,0.003448486328125
1430,hallucinated,0.2474365234375,3.892183303833008e-05
1431,grounded,0.9287109375,0.85791015625
1431,hallucinated,0.455322265625,2.4974346160888672e-05
1432,grounded,0.9052734375,0.62353515625
1432,hallucinated,0.77880859375,5.960464477539062e-07
1433,grounded,0.6669921875,0.0011529922485351562
1433,hallucinated,0.65234375,0.0001232624053955078
1434,grounded,1.7642974853515625e-05,1.7642974853515625e-05
1434,hallucinated,0.37646484375,6.556510925292969e-07
1435,grounded,0.66650390625,0.0004718303680419922
1435,hallucinated,0.5302734375,3.0994415283203125e-06
1436,grounded,0.99755859375,0.99755859375
1436,hallucinated,0.479248046875,3.5762786865234375e-07
1437,grounded,0.7998046875,3.5762786865234375e-07
1437,hallucinated,0.67822265625,0.0
1438,grounded,0.09991455078125,0.09991455078125
1438,hallucinated,0.7294921875,3.2186508178710938e-06
1439,grounded,5.1081180572509766e-05,5.1081180572509766e-05
1439,hallucinated,0.59912109375,4.464387893676758e-05
1440,grounded,0.87109375,0.354736328125
1440,hallucinated,0.66162109375,2.6702880859375e-05
1441,grounded,0.07415771484375,0.07415771484375
1441,hallucinated,0.6533203125,6.079673767089844e-06
1442,grounded,0.00868988037109375,0.00868988037109375
1442,hallucinated,0.8056640625,0.0013332366943359375
1443,grounded,0.78955078125,0.2152099609375
1443,hallucinated,0.75048828125,1.2934207916259766e-05
1444,grounded,9.02414321899414e-05,9.02414321899414e-05
1444,hallucinated,0.7041015625,1.436471939086914e-05
1445,grounded,0.5,1.1920928955078125e-07
1445,hallucinated,0.884765625,1.4543533325195312e-05
1446,grounded,0.99609375,0.9765625
1446,hallucinated,0.50634765625,0.0
1447,grounded,6.395578384399414e-05,6.395578384399414e-05
1447,hallucinated,0.572265625,0.0
1448,grounded,0.98046875,0.9619140625
1448,hallucinated,0.331787109375,0.000499725341796875
1449,grounded,0.80029296875,0.0017795562744140625
1449,hallucinated,0.42236328125,0.00185394287109375
1450,grounded,0.60791015625,1.6689300537109375e-06
1450,hallucinated,0.79736328125,0.0005517005920410156
1451,grounded,0.85595703125,5.960464477539063e-08
1451,hallucinated,0.4287109375,1.7881393432617188e-07
1452,grounded,0.88525390625,0.0015125274658203125
1452,hallucinated,0.763671875,1.0907649993896484e-05
1453,grounded,0.83251953125,0.4970703125
1453,hallucinated,0.360107421875,0.0
1454,grounded,0.75341796875,0.0006070137023925781
1454,hallucinated,0.5576171875,0.0009579658508300781
1455,grounded,0.00017964839935302734,0.00017964839935302734
1455,hallucinated,0.47021484375,0.0
1456,grounded,0.765625,0.2230224609375
1456,hallucinated,0.76806640625,5.960464477539063e-08
1457,grounded,0.9072265625,0.81494140625
1457,hallucinated,0.7236328125,1.3232231140136719e-05
1458,grounded,0.66650390625,0.0
1458,hallucinated,0.70703125,0.0
1459,grounded,0.76611328125,0.76611328125
1459,hallucinated,0.630859375,0.00019884109497070312
1460,grounded,0.8935546875,0.68115234375
1460,hallucinated,0.8603515625,8.940696716308594e-07
1461,grounded,0.95068359375,0.95068359375
1461,hallucinated,0.417724609375,1.9431114196777344e-05
1462,grounded,0.75439453125,0.1328125
1462,hallucinated,0.6025390625,0.0
1463,grounded,0.94873046875,0.7607421875
1463,hallucinated,0.72314453125,2.014636993408203e-05
1464,grounded,0.6708984375,0.01280975341796875
1464,hallucinated,0.74609375,0.0
1465,grounded,0.000812530517578125,0.000812530517578125
1465,hallucinated,0.340576171875,2.384185791015625e-07
1466,grounded,2.384185791015625e-07,2.384185791015625e-07
1466,hallucinated,0.71435546875,0.0
1467,grounded,0.66796875,0.0033359527587890625
1467,hallucinated,0.818359375,2.9206275939941406e-06
1468,grounded,0.857421875,0.0021495819091796875
1468,hallucinated,0.72314453125,3.427267074584961e-05
1469,grounded,0.6669921875,0.0027713775634765625
1469,hallucinated,0.63916015625,0.0
1470,grounded,0.8076171875,0.038665771484375
1470,hallucinated,0.438720703125,2.980232238769531e-07
1471,grounded,0.50048828125,0.0009527206420898438
1471,hallucinated,0.50146484375,5.960464477539063e-08
1472,grounded,0.41455078125,4.172325134277344e-07
1472,hallucinated,0.767578125,1.4901161193847656e-06
1473,grounded,0.94873046875,0.74267578125
1473,hallucinated,0.671875,3.0994415283203125e-06
1474,grounded,0.8544921875,1.2516975402832031e-06
1474,hallucinated,0.55615234375,1.1920928955078125e-07
1475,grounded,0.86572265625,0.59716796875
1475,hallucinated,0.54931640625,0.0
1476,grounded,0.5,0.00016927719116210938
1476,hallucinated,0.83056640625,2.3305416107177734e-05
1477,grounded,0.0,0.0
1477,hallucinated,0.259521484375,0.00014102458953857422
1478,grounded,0.64599609375,0.0
1478,hallucinated,0.360595703125,0.0
1479,grounded,0.66650390625,0.0007309913635253906
1479,hallucinated,0.333984375,3.5762786865234375e-07
1480,grounded,0.5009765625,0.0018949508666992188
1480,hallucinated,0.5126953125,0.017913818359375
1481,grounded,0.66845703125,0.0095977783203125
1481,hallucinated,0.38720703125,7.212162017822266e-06
1482,grounded,0.7998046875,3.159046173095703e-05
1482,hallucinated,0.6025390625,4.231929779052734e-06
1483,grounded,0.66552734375,0.0005221366882324219
1483,hallucinated,0.68115234375,1.5020370483398438e-05
1484,grounded,0.7998046875,0.0
1484,hallucinated,0.301513671875,1.6093254089355469e-06
1485,grounded,0.642578125,0.0248260498046875
1485,hallucinated,0.57470703125,5.960464477539063e-08
1486,grounded,0.75,0.0007691383361816406
1486,hallucinated,0.326171875,3.5762786865234375e-07
1487,grounded,0.66650390625,1.9669532775878906e-06
1487,hallucinated,0.69580078125,1.9669532775878906e-06
1488,grounded,0.66650390625,0.0006985664367675781
1488,hallucinated,0.16455078125,0.0
1489,grounded,5.960464477539063e-08,5.960464477539063e-08
1489,hallucinated,0.70166015625,5.960464477539063e-08
1490,grounded,0.80078125,0.00799560546875
1490,hallucinated,0.79736328125,5.364418029785156e-07
1491,grounded,0.7900390625,0.17236328125
1491,hallucinated,0.57958984375,1.3113021850585938e-06
1492,grounded,0.7998046875,0.00017511844635009766
1492,hallucinated,0.767578125,2.980232238769531e-07
1493,grounded,0.474365234375,0.011260986328125
1493,hallucinated,0.6513671875,1.4960765838623047e-05
1494,grounded,0.60302734375,0.0013523101806640625
1494,hallucinated,0.5107421875,4.470348358154297e-06
1495,grounded,0.314208984375,0.08184814453125
1495,hallucinated,0.76220703125,1.3709068298339844e-06
1496,grounded,0.5,1.4901161193847656e-06
1496,hallucinated,0.360107421875,1.8477439880371094e-06
1497,grounded,2.205371856689453e-06,2.205371856689453e-06
1497,hallucinated,0.52783203125,4.76837158203125e-07
1498,grounded,0.888671875,0.00019979476928710938
1498,hallucinated,0.50830078125,1.0132789611816406e-06
1499,grounded,0.8857421875,0.55908203125
1499,hallucinated,0.55517578125,3.5762786865234375e-07
1500,grounded,2.664327621459961e-05,2.664327621459961e-05
1500,hallucinated,0.65625,1.0728836059570312e-06
1501,grounded,0.6416015625,0.00470733642578125
1501,hallucinated,0.418212890625,2.771615982055664e-05
1502,grounded,0.958984375,0.671875
1502,hallucinated,0.81298828125,1.4722347259521484e-05
1503,grounded,0.8740234375,4.488229751586914e-05
1503,hallucinated,0.46435546875,2.384185791015625e-05
1504,grounded,0.89990234375,5.960464477539063e-08
1504,hallucinated,0.8466796875,3.5762786865234375e-07
1505,grounded,0.337890625,0.004444122314453125
1505,hallucinated,0.583984375,0.0005826950073242188
1506,grounded,0.66748046875,0.335205078125
1506,hallucinated,0.3134765625,1.3113021850585938e-06
1507,grounded,0.91845703125,0.8369140625
1507,hallucinated,0.61572265625,0.0
1508,grounded,0.76904296875,0.0115509033203125
1508,hallucinated,0.50537109375,4.929304122924805e-05
1509,grounded,0.93994140625,0.8193359375
1509,hallucinated,0.5390625,0.0
1510,grounded,0.0003075599670410156,0.0003075599670410156
1510,hallucinated,0.513671875,3.337860107421875e-06
1511,grounded,0.99560546875,0.98779296875
1511,hallucinated,0.54296875,0.0
1512,grounded,1.531839370727539e-05,1.531839370727539e-05
1512,hallucinated,0.484130859375,1.1861324310302734e-05
1513,grounded,0.82958984375,0.01015472412109375
1513,hallucinated,0.6923828125,0.0
1514,grounded,0.80029296875,0.0005784034729003906
1514,hallucinated,0.49755859375,3.5762786865234375e-07
1515,grounded,0.66650390625,7.420778274536133e-05
1515,hallucinated,0.55078125,0.00016033649444580078
1516,grounded,0.8837890625,0.07305908203125
1516,hallucinated,0.63720703125,1.1920928955078125e-07
1517,grounded,0.84130859375,0.049346923828125
1517,hallucinated,0.50390625,0.0
1518,grounded,0.66650390625,5.960464477539063e-08
1518,hallucinated,0.88671875,0.0
1519,grounded,7.271766662597656e-06,7.271766662597656e-06
1519,hallucinated,0.56689453125,3.6954879760742188e-06
1520,grounded,1.627206802368164e-05,1.627206802368164e-05
1520,hallucinated,0.78955078125,1.2993812561035156e-05
1521,grounded,0.98388671875,0.98388671875
1521,hallucinated,0.6982421875,0.0
1522,grounded,0.58154296875,0.1629638671875
1522,hallucinated,0.537109375,2.384185791015625e-07
1523,grounded,0.89697265625,0.07073974609375
1523,hallucinated,0.52880859375,4.488229751586914e-05
1524,grounded,0.7431640625,0.0731201171875
1524,hallucinated,0.6611328125,5.960464477539063e-08
1525,grounded,0.7451171875,0.2391357421875
1525,hallucinated,0.77294921875,0.0
1526,grounded,0.67333984375,0.0194091796875
1526,hallucinated,0.499755859375,0.0
1527,grounded,0.73828125,0.21484375
1527,hallucinated,0.74169921875,1.1324882507324219e-05
1528,grounded,0.0,0.0
1528,hallucinated,0.7744140625,0.000476837158203125
1529,grounded,0.8818359375,0.763671875
1529,hallucinated,0.274169921875,0.0
1530,grounded,0.55859375,0.116943359375
1530,hallucinated,0.448486328125,1.7881393432617188e-07
1531,grounded,1.4543533325195312e-05,1.4543533325195312e-05
1531,hallucinated,0.77490234375,0.0003273487091064453
1532,grounded,0.859375,0.0153045654296875
1532,hallucinated,0.521484375,2.384185791015625e-07
1533,grounded,0.53076171875,0.061126708984375
1533,hallucinated,0.53759765625,0.0
1534,grounded,0.63818359375,6.794929504394531e-06
1534,hallucinated,0.2320556640625,5.960464477539062e-07
1535,grounded,0.6630859375,0.01593017578125
1535,hallucinated,0.448486328125,0.00049591064453125
1536,grounded,0.5,6.854534149169922e-05
1536,hallucinated,0.6689453125,2.980232238769531e-07
1537,grounded,0.537109375,0.00012105703353881836
1537,hallucinated,0.74755859375,1.7881393432617188e-07
1538,grounded,0.93359375,0.7333984375
1538,hallucinated,0.794921875,2.384185791015625e-07
1539,grounded,0.734375,0.20361328125
1539,hallucinated,0.60302734375,0.0
1540,grounded,0.888671875,2.1457672119140625e-05
1540,hallucinated,0.6552734375,1.6689300537109375e-06
1541,grounded,0.5,2.384185791015625e-07
1541,hallucinated,0.58154296875,0.0004353523254394531
1542,grounded,7.152557373046875e-07,7.152557373046875e-07
1542,hallucinated,0.6884765625,0.00022649765014648438
1543,grounded,0.7509765625,0.004436492919921875
1543,hallucinated,0.65234375,0.0036773681640625
1544,grounded,5.0127506256103516e-05,5.0127506256103516e-05
1544,hallucinated,0.34521484375,1.4901161193847656e-06
1545,grounded,0.888671875,4.178285598754883e-05
1545,hallucinated,0.6279296875,0.0007271766662597656
1546,grounded,0.35986328125,1.7881393432617188e-07
1546,hallucinated,0.78759765625,3.5762786865234375e-07
1547,grounded,0.7412109375,0.223388671875
1547,hallucinated,0.4892578125,1.1622905731201172e-05
1548,grounded,0.6767578125,0.353515625
1548,hallucinated,0.52587890625,1.1920928955078125e-07
1549,grounded,2.378225326538086e-05,2.378225326538086e-05
1549,hallucinated,0.61669921875,1.4901161193847656e-06
1550,grounded,0.317138671875,0.00010442733764648438
1550,hallucinated,0.4501953125,0.0
1551,grounded,4.172325134277344e-07,4.172325134277344e-07
1551,hallucinated,0.321044921875,4.351139068603516e-06
1552,grounded,0.66650390625,2.384185791015625e-07
1552,hallucinated,0.26220703125,4.827976226806641e-06
1553,grounded,0.517578125,0.03558349609375
1553,hallucinated,0.755859375,4.9054622650146484e-05
1554,grounded,1.7344951629638672e-05,1.7344951629638672e-05
1554,hallucinated,0.40966796875,0.0
1555,grounded,0.89794921875,0.0004296302795410156
1555,hallucinated,0.64697265625,7.510185241699219e-05
1556,grounded,0.79931640625,3.820657730102539e-05
1556,hallucinated,0.6171875,5.960464477539063e-08
1557,grounded,0.434326171875,0.0
1557,hallucinated,0.56396484375,2.384185791015625e-07
1558,grounded,0.5,1.990795135498047e-05
1558,hallucinated,0.5625,0.0006794929504394531
1559,grounded,0.81982421875,0.1151123046875
1559,hallucinated,0.3193359375,3.993511199951172e-06
1560,grounded,0.80029296875,0.0010852813720703125
1560,hallucinated,0.84619140625,0.0
1561,grounded,0.6435546875,0.6435546875
1561,hallucinated,0.5322265625,0.0008144378662109375
1562,grounded,0.92578125,0.6298828125
1562,hallucinated,0.68994140625,5.960464477539063e-08
1563,grounded,0.80029296875,0.0015382766723632812
1563,hallucinated,0.43994140625,0.0
1564,grounded,0.8486328125,0.24365234375
1564,hallucinated,0.75244140625,1.3113021850585938e-06
1565,grounded,0.7998046875,4.756450653076172e-05
1565,hallucinated,0.5322265625,0.0
1566,grounded,0.0,0.0
1566,hallucinated,0.7333984375,0.0013380050659179688
1567,grounded,0.86865234375,8.52346420288086e-06
1567,hallucinated,0.74365234375,0.0007662773132324219
1568,grounded,0.6669921875,0.000286102294921875
1568,hallucinated,0.89599609375,0.0
1569,grounded,0.99755859375,0.9951171875
1569,hallucinated,0.53564453125,2.2351741790771484e-05
1570,grounded,0.5,3.272294998168945e-05
1570,hallucinated,0.70556640625,2.1457672119140625e-06
1571,grounded,0.0001386404037475586,0.0001386404037475586
1571,hallucinated,0.32080078125,2.86102294921875e-06
1572,grounded,0.8564453125,0.0009851455688476562
1572,hallucinated,0.57568359375,1.1920928955078125e-07
1573,grounded,0.67431640625,0.0232696533203125
1573,hallucinated,0.87158203125,1.0132789611816406e-06
1574,grounded,0.75,7.140636444091797e-05
1574,hallucinated,0.630859375,0.0
1575,grounded,0.888671875,0.0
1575,hallucinated,0.56494140625,0.0
1576,grounded,0.75,7.969141006469727e-05
1576,hallucinated,0.7958984375,3.069639205932617e-05
1577,grounded,0.83349609375,0.0005469322204589844
1577,hallucinated,0.68896484375,5.364418029785156e-07
1578,grounded,0.8056640625,0.0030727386474609375
1578,hallucinated,0.82177734375,2.4437904357910156e-06
1579,grounded,0.030548095703125,0.030548095703125
1579,hallucinated,0.83984375,4.172325134277344e-07
1580,grounded,0.83349609375,1.9669532775878906e-06
1580,hallucinated,0.771484375,5.960464477539063e-08
1581,grounded,0.71533203125,0.0
1581,hallucinated,0.515625,0.0
1582,grounded,0.89990234375,1.6987323760986328e-05
1582,hallucinated,0.85400390625,0.0
1583,grounded,0.0,0.0
1583,hallucinated,0.5830078125,6.80685043334961e-05
1584,grounded,0.79931640625,0.0005273818969726562
1584,hallucinated,0.732421875,9.059906005859375e-06
1585,grounded,6.556510925292969e-07,6.556510925292969e-07
1585,hallucinated,0.416259765625,1.8477439880371094e-06
1586,grounded,0.99755859375,0.99755859375
1586,hallucinated,0.4716796875,9.953975677490234e-06
1587,grounded,0.8994140625,0.81640625
1587,hallucinated,0.5654296875,2.282857894897461e-05
1588,grounded,0.75341796875,0.260986328125
1588,hallucinated,0.75244140625,0.0
1589,grounded,0.0010528564453125,0.0010528564453125
1589,hallucinated,0.34130859375,1.6093254089355469e-06
1590,grounded,2.562999725341797e-06,2.562999725341797e-06
1590,hallucinated,0.6806640625,0.0
1591,grounded,0.6826171875,0.05096435546875
1591,hallucinated,0.7060546875,0.0
1592,grounded,0.66650390625,0.00011426210403442383
1592,hallucinated,0.413330078125,0.0003609657287597656
1593,grounded,0.66650390625,2.682209014892578e-06
1593,hallucinated,0.63525390625,0.0
1594,grounded,1.1324882507324219e-06,1.1324882507324219e-06
1594,hallucinated,0.53564453125,0.00015628337860107422
1595,grounded,0.59228515625,0.0
1595,hallucinated,0.74169921875,0.0
1596,grounded,0.73095703125,0.193115234375
1596,hallucinated,0.50341796875,4.6133995056152344e-05
1597,grounded,0.0035247802734375,0.0035247802734375
1597,hallucinated,0.17626953125,1.1920928955078125e-07
1598,grounded,0.830078125,5.960464477539063e-08
1598,hallucinated,0.56298828125,3.635883331298828e-06
1599,grounded,0.62109375,3.5762786865234375e-07
1599,hallucinated,0.353759765625,3.5762786865234375e-07
1600,grounded,0.66552734375,0.0
1600,hallucinated,0.419921875,0.0
1601,grounded,0.5,6.514787673950195e-05
1601,hallucinated,0.470458984375,0.0
1602,grounded,0.9599609375,0.9599609375
1602,hallucinated,0.876953125,1.1920928955078125e-07
1603,grounded,0.0002008676528930664,0.0002008676528930664
1603,hallucinated,0.4921875,4.76837158203125e-07
1604,grounded,0.72900390625,1.1324882507324219e-06
1604,hallucinated,0.8369140625,0.0
1605,grounded,0.81201171875,0.57470703125
1605,hallucinated,0.80419921875,0.0002161264419555664
1606,grounded,0.666015625,0.00011104345321655273
1606,hallucinated,0.70166015625,0.0
1607,grounded,5.626678466796875e-05,5.626678466796875e-05
1607,hallucinated,0.66162109375,4.6133995056152344e-05
1608,grounded,0.6669921875,0.0005660057067871094
1608,hallucinated,0.8232421875,0.0
1609,grounded,0.80029296875,0.0006151199340820312
1609,hallucinated,0.5712890625,5.960464477539063e-08
1610,grounded,0.875,7.152557373046875e-07
1610,hallucinated,0.64697265625,0.0
1611,grounded,0.9833984375,0.9013671875
1611,hallucinated,0.55029296875,6.67572021484375e-06
1612,grounded,0.88720703125,0.3369140625
1612,hallucinated,0.49853515625,0.0
1613,grounded,0.3369140625,0.001163482666015625
1613,hallucinated,0.623046875,0.0
1614,grounded,0.6396484375,8.940696716308594e-07
1614,hallucinated,0.79443359375,5.960464477539063e-08
1615,grounded,0.7998046875,8.344650268554688e-07
1615,hallucinated,0.80615234375,0.0
1616,grounded,0.5,2.8312206268310547e-05
1616,hallucinated,0.7744140625,1.0728836059570312e-06
1617,grounded,0.78759765625,0.164306640625
1617,hallucinated,0.56298828125,1.7881393432617188e-07
1618,grounded,0.810546875,0.00047588348388671875
1618,hallucinated,0.630859375,1.7881393432617188e-07
1619,grounded,0.95263671875,0.7646484375
1619,hallucinated,0.7138671875,3.9577484130859375e-05
1620,grounded,0.66650390625,4.965066909790039e-05
1620,hallucinated,0.498291015625,5.549192428588867e-05
1621,grounded,0.9208984375,0.84130859375
1621,hallucinated,0.61962890625,7.599592208862305e-05
1622,grounded,0.95458984375,0.85009765625
1622,hallucinated,0.62890625,0.0
1623,grounded,0.00016033649444580078,0.00016033649444580078
1623,hallucinated,0.74365234375,1.5914440155029297e-05
1624,grounded,0.73095703125,0.0
1624,hallucinated,0.56884765625,0.0
1625,grounded,0.814453125,0.443603515625
1625,hallucinated,0.65185546875,0.0
1626,grounded,0.0007424354553222656,0.0007424354553222656
1626,hallucinated,0.75537109375,0.0
1627,grounded,7.492303848266602e-05,7.492303848266602e-05
1627,hallucinated,0.8486328125,0.044403076171875
1628,grounded,0.5,0.00011342763900756836
1628,hallucinated,0.916015625,0.0
1629,grounded,0.66455078125,0.0010128021240234375
1629,hallucinated,0.69580078125,9.5367431640625e-07
1630,grounded,0.74267578125,0.328369140625
1630,hallucinated,0.845703125,3.5762786865234375e-07
1631,grounded,0.6669921875,0.0010194778442382812
1631,hallucinated,0.415283203125,3.3974647521972656e-05
1632,grounded,0.6650390625,0.00017213821411132812
1632,hallucinated,0.02606201171875,5.960464477539063e-08
1633,grounded,0.0001531839370727539,0.0001531839370727539
1633,hallucinated,0.693359375,0.0
1634,grounded,0.5,8.600950241088867e-05
1634,hallucinated,0.385009765625,4.172325134277344e-07
1635,grounded,0.841796875,0.3671875
1635,hallucinated,0.58154296875,0.0006842613220214844
1636,grounded,0.96923828125,0.87744140625
1636,hallucinated,0.5,9.85860824584961e-05
1637,grounded,0.7998046875,1.6093254089355469e-06
1637,hallucinated,0.317626953125,2.9206275939941406e-06
1638,grounded,0.85791015625,0.005100250244140625
1638,hallucinated,0.494384765625,5.960464477539063e-08
1639,grounded,0.80029296875,0.0086517333984375
1639,hallucinated,0.69287109375,1.8358230590820312e-05
1640,grounded,0.89990234375,1.8477439880371094e-06
1640,hallucinated,0.60986328125,4.0531158447265625e-06
1641,grounded,0.97900390625,0.91162109375
1641,hallucinated,0.52734375,0.0
1642,grounded,0.99267578125,0.9853515625
1642,hallucinated,0.9052734375,0.003498077392578125
1643,grounded,0.822265625,0.110595703125
1643,hallucinated,0.77685546875,1.7344951629638672e-05
1644,grounded,3.2782554626464844e-06,3.2782554626464844e-06
1644,hallucinated,0.87158203125,0.00048470497131347656
1645,grounded,0.46923828125,0.1954345703125
1645,hallucinated,0.58203125,0.0
1646,grounded,0.70556640625,0.00034332275390625
1646,hallucinated,0.51171875,6.556510925292969e-07
1647,grounded,0.66650390625,1.7881393432617188e-07
1647,hallucinated,0.76513671875,7.3909759521484375e-06
1648,grounded,0.8671875,0.336181640625
1648,hallucinated,0.546875,1.4722347259521484e-05
1649,grounded,0.716796875,0.0007925033569335938
1649,hallucinated,0.54443359375,1.1920928955078125e-06
1650,grounded,0.82275390625,0.11456298828125
1650,hallucinated,0.69873046875,2.3245811462402344e-06
1651,grounded,0.5,1.1920928955078125e-07
1651,hallucinated,0.5,5.960464477539063e-08
1652,grounded,0.6982421875,0.094482421875
1652,hallucinated,0.35546875,0.0
1653,grounded,0.62841796875,0.01041412353515625
1653,hallucinated,0.591796875,0.0
1654,grounded,0.84228515625,0.05633544921875
1654,hallucinated,0.59619140625,8.940696716308594e-07
1655,grounded,0.5,1.7881393432617188e-07
1655,hallucinated,0.53125,4.589557647705078e-06
1656,grounded,0.97216796875,0.861328125
1656,hallucinated,0.83935546875,0.01107025146484375
1657,grounded,0.8125,0.2509765625
1657,hallucinated,0.499755859375,0.00023984909057617188
1658,grounded,0.6845703125,0.0
1658,hallucinated,0.7998046875,0.0
1659,grounded,0.7861328125,0.57275390625
1659,hallucinated,0.599609375,0.00832366943359375
1660,grounded,0.8447265625,2.980232238769531e-07
1660,hallucinated,0.79296875,0.0
1661,grounded,0.9560546875,0.86865234375
1661,hallucinated,0.55908203125,7.152557373046875e-07
1662,grounded,0.0001518726348876953,0.0001518726348876953
1662,hallucinated,0.619140625,7.748603820800781e-07
1663,grounded,0.66162109375,0.013214111328125
1663,hallucinated,0.798828125,1.1324882507324219e-06
1664,grounded,0.0003056526184082031,0.0003056526184082031
1664,hallucinated,0.30078125,0.0
1665,grounded,0.787109375,0.01824951171875
1665,hallucinated,0.8056640625,0.00200653076171875
1666,grounded,0.499755859375,0.00025534629821777344
1666,hallucinated,0.88134765625,2.980232238769531e-07
1667,grounded,0.88916015625,0.0009489059448242188
1667,hallucinated,0.51123046875,5.960464477539063e-08
1668,grounded,0.50048828125,0.0007448196411132812
1668,hallucinated,0.7578125,0.0
1669,grounded,0.841796875,0.52587890625
1669,hallucinated,0.62109375,0.0001156926155090332
1670,grounded,0.75,0.0
1670,hallucinated,0.494140625,1.1920928955078125e-07
1671,grounded,0.5,5.960464477539062e-07
1671,hallucinated,0.53076171875,5.960464477539062e-07
1672,grounded,0.49365234375,1.2099742889404297e-05
1672,hallucinated,0.46875,0.0
1673,grounded,0.9970703125,0.98486328125
1673,hallucinated,0.33154296875,2.014636993408203e-05
1674,grounded,0.94091796875,0.705078125
1674,hallucinated,0.74755859375,0.000164031982421875
1675,grounded,0.90283203125,0.62158203125
1675,hallucinated,0.5439453125,5.53131103515625e-05
1676,grounded,0.77001953125,0.3095703125
1676,hallucinated,0.779296875,0.0
1677,grounded,0.9912109375,0.97412109375
1677,hallucinated,0.73974609375,0.0
1678,grounded,0.80126953125,0.007465362548828125
1678,hallucinated,0.30126953125,1.1920928955078125e-07
1679,grounded,0.81591796875,0.005207061767578125
1679,hallucinated,0.849609375,5.0067901611328125e-06
1680,grounded,0.89453125,0.57958984375
1680,hallucinated,0.52978515625,6.276369094848633e-05
1681,grounded,1.0,0.99951171875
1681,hallucinated,0.71435546875,0.0
1682,grounded,0.81591796875,0.0792236328125
1682,hallucinated,0.802734375,2.1457672119140625e-06
1683,grounded,0.66650390625,1.1920928955078125e-07
1683,hallucinated,0.59130859375,2.384185791015625e-06
1684,grounded,0.9208984375,6.4373016357421875e-06
1684,hallucinated,0.654296875,2.288818359375e-05
1685,grounded,1.0,1.0
1685,hallucinated,0.6240234375,5.960464477539063e-08
1686,grounded,0.0036449432373046875,0.0036449432373046875
1686,hallucinated,0.7060546875,5.960464477539063e-08
1687,grounded,0.81787109375,0.00013625621795654297
1687,hallucinated,0.556640625,0.00043964385986328125
1688,grounded,0.73876953125,0.003673553466796875
1688,hallucinated,0.51611328125,2.5331974029541016e-05
1689,grounded,0.82421875,0.1207275390625
1689,hallucinated,0.7802734375,0.0002465248107910156
1690,grounded,0.916015625,0.006328582763671875
1690,hallucinated,0.6865234375,1.1920928955078125e-07
1691,grounded,0.513671875,0.027587890625
1691,hallucinated,0.3388671875,9.489059448242188e-05
1692,grounded,0.66650390625,0.0
1692,hallucinated,0.10406494140625,1.2755393981933594e-05
1693,grounded,0.7509765625,0.005878448486328125
1693,hallucinated,0.6533203125,0.024566650390625
1694,grounded,0.487060546875,0.0850830078125
1694,hallucinated,0.2008056640625,0.0
1695,grounded,0.939453125,0.87841796875
1695,hallucinated,0.80810546875,1.7881393432617188e-07
1696,grounded,0.0011577606201171875,0.0011577606201171875
1696,hallucinated,0.70068359375,0.0001361370086669922
1697,grounded,0.80029296875,0.0019006729125976562
1697,hallucinated,0.75,5.960464477539063e-08
1698,grounded,0.5,0.0004703998565673828
1698,hallucinated,0.83544921875,1.1920928955078125e-07
1699,grounded,0.6259765625,0.00196075439453125
1699,hallucinated,0.86572265625,3.5762786865234375e-07
1700,grounded,0.66650390625,5.364418029785156e-07
1700,hallucinated,0.78173828125,1.2516975402832031e-06
1701,grounded,0.93115234375,0.009246826171875
1701,hallucinated,0.2288818359375,0.00010603666305541992
1702,grounded,0.66650390625,0.0003638267517089844
1702,hallucinated,0.0010051727294921875,0.0
1703,grounded,0.9873046875,0.96240234375
1703,hallucinated,0.56298828125,5.0067901611328125e-06
1704,grounded,0.94384765625,5.960464477539063e-08
1704,hallucinated,0.6416015625,1.4901161193847656e-06
1705,grounded,0.74755859375,7.420778274536133e-05
1705,hallucinated,0.49462890625,6.794929504394531e-06
1706,grounded,6.735324859619141e-06,6.735324859619141e-06
1706,hallucinated,0.2958984375,3.5762786865234375e-07
1707,grounded,0.90966796875,0.73779296875
1707,hallucinated,0.61328125,1.0132789611816406e-06
1708,grounded,0.49951171875,0.0006952285766601562
1708,hallucinated,0.61279296875,7.152557373046875e-06
1709,grounded,0.86767578125,0.603515625
1709,hallucinated,0.49560546875,0.0
1710,grounded,0.7080078125,0.004138946533203125
1710,hallucinated,0.495361328125,6.830692291259766e-05
1711,grounded,0.888671875,1.1920928955078125e-07
1711,hallucinated,0.55029296875,0.0004222393035888672
1712,grounded,0.79052734375,1.2516975402832031e-06
1712,hallucinated,0.42724609375,8.511543273925781e-05
1713,grounded,0.88720703125,0.00013077259063720703
1713,hallucinated,0.71630859375,5.960464477539063e-08
1714,grounded,0.69580078125,0.08746337890625
1714,hallucinated,0.457763671875,5.960464477539063e-08
1715,grounded,0.80029296875,0.0024089813232421875
1715,hallucinated,0.61279296875,0.0
1716,grounded,0.66748046875,0.0025577545166015625
1716,hallucinated,0.8681640625,1.7881393432617188e-07
1717,grounded,0.96142578125,0.96142578125
1717,hallucinated,0.75390625,8.344650268554688e-07
1718,grounded,0.5,9.119510650634766e-06
1718,hallucinated,0.60888671875,0.0
1719,grounded,0.666015625,2.980232238769531e-07
1719,hallucinated,0.0266876220703125,0.0
1720,grounded,0.5126953125,0.0265960693359375
1720,hallucinated,0.466064453125,0.0
1721,grounded,0.75244140625,0.01456451416015625
1721,hallucinated,0.62158203125,1.9669532775878906e-06
1722,grounded,0.0002894401550292969,0.0002894401550292969
1722,hallucinated,0.6787109375,8.600950241088867e-05
1723,grounded,0.5400390625,0.07965087890625
1723,hallucinated,0.88916015625,0.0002244710922241211
1724,grounded,0.951171875,0.7060546875
1724,hallucinated,0.65625,2.5987625122070312e-05
1725,grounded,0.8017578125,0.01071929931640625
1725,hallucinated,0.448974609375,8.058547973632812e-05
1726,grounded,0.90478515625,0.71484375
1726,hallucinated,0.478515625,7.31348991394043e-05
1727,grounded,0.06298828125,0.06298828125
1727,hallucinated,0.2427978515625,2.1457672119140625e-06
1728,grounded,0.9140625,0.337890625
1728,hallucinated,0.54248046875,0.00016224384307861328
1729,grounded,0.72412109375,0.0018815994262695312
1729,hallucinated,0.84814453125,0.0035152435302734375
1730,grounded,0.80029296875,0.0015125274658203125
1730,hallucinated,0.599609375,5.960464477539062e-07
1731,grounded,0.66943359375,0.0078887939453125
1731,hallucinated,0.568359375,3.2782554626464844e-06
1732,grounded,0.5,1.1682510375976562e-05
1732,hallucinated,0.638671875,0.0
1733,grounded,0.67236328125,0.0178070068359375
1733,hallucinated,0.78369140625,0.0001475811004638672
1734,grounded,0.1253662109375,0.1253662109375
1734,hallucinated,0.75634765625,0.0
1735,grounded,0.49951171875,0.0
1735,hallucinated,0.461181640625,8.404254913330078e-06
1736,grounded,0.03643798828125,0.007122039794921875
1736,hallucinated,0.65234375,4.172325134277344e-07
1737,grounded,0.6982421875,0.396240234375
1737,hallucinated,0.2181396484375,0.0
1738,grounded,0.50244140625,0.00839996337890625
1738,hallucinated,0.76953125,4.273653030395508e-05
1739,grounded,0.52099609375,0.00279998779296875
1739,hallucinated,0.457763671875,1.0132789611816406e-06
1740,grounded,0.8564453125,0.018463134765625
1740,hallucinated,0.615234375,0.018463134765625
1741,grounded,0.81689453125,0.6337890625
1741,hallucinated,0.3076171875,1.7881393432617188e-07
1742,grounded,0.66650390625,1.7881393432617188e-07
1742,hallucinated,0.75244140625,0.0
1743,grounded,0.65283203125,8.046627044677734e-06
1743,hallucinated,0.66552734375,0.0
1744,grounded,0.001758575439453125,0.001758575439453125
1744,hallucinated,0.70166015625,1.3947486877441406e-05
1745,grounded,0.85546875,0.279296875
1745,hallucinated,0.6767578125,2.562999725341797e-06
1746,grounded,0.0159149169921875,1.1920928955078125e-07
1746,hallucinated,0.67724609375,5.960464477539062e-07
1747,grounded,0.1898193359375,0.0034999847412109375
1747,hallucinated,0.541015625,0.0036678314208984375
1748,grounded,0.74951171875,1.7702579498291016e-05
1748,hallucinated,0.681640625,0.0
1749,grounded,0.669921875,0.0103607177734375
1749,hallucinated,0.7158203125,1.1563301086425781e-05
1750,grounded,0.9091796875,0.09326171875
1750,hallucinated,0.85205078125,3.713369369506836e-05
1751,grounded,0.7841796875,0.0293426513671875
1751,hallucinated,0.75,6.109476089477539e-05
1752,grounded,0.490478515625,0.08367919921875
1752,hallucinated,0.4970703125,0.0005183219909667969
1753,grounded,0.98828125,0.95263671875
1753,hallucinated,0.385498046875,3.635883331298828e-06
1754,grounded,0.82763671875,0.0032138824462890625
1754,hallucinated,0.73681640625,4.172325134277344e-07
1755,grounded,0.66455078125,0.00055694580078125
1755,hallucinated,0.88427734375,0.0
1756,grounded,5.125999450683594e-06,5.125999450683594e-06
1756,hallucinated,0.2374267578125,5.364418029785156e-07
1757,grounded,0.5087890625,0.0171051025390625
1757,hallucinated,0.80615234375,0.0003631114959716797
1758,grounded,0.93408203125,0.2073974609375
1758,hallucinated,0.748046875,0.0085601806640625
1759,grounded,0.9375,0.75
1759,hallucinated,0.5927734375,2.384185791015625e-07
1760,grounded,0.8583984375,0.4326171875
1760,hallucinated,0.3125,1.6689300537109375e-06
1761,grounded,0.74072265625,0.379150390625
1761,hallucinated,0.7890625,6.300210952758789e-05
1762,grounded,0.96826171875,0.904296875
1762,hallucinated,0.446044921875,0.0
1763,grounded,0.96533203125,0.89599609375
1763,hallucinated,0.41748046875,4.589557647705078e-06
1764,grounded,0.6640625,0.0
1764,hallucinated,0.32861328125,0.0
1765,grounded,0.7451171875,0.020111083984375
1765,hallucinated,0.60595703125,0.0006670951843261719
1766,grounded,0.5810546875,0.16162109375
1766,hallucinated,0.6455078125,0.0017251968383789062
1767,grounded,0.876953125,0.77783203125
1767,hallucinated,0.71875,0.0
1768,grounded,0.00020074844360351562,0.00020074844360351562
1768,hallucinated,0.71875,0.0
1769,grounded,0.3486328125,5.841255187988281e-06
1769,hallucinated,0.7041015625,1.537799835205078e-05
1770,grounded,0.8330078125,0.0
1770,hallucinated,0.422119140625,0.0
1771,grounded,0.97607421875,0.9521484375
1771,hallucinated,0.7060546875,5.960464477539063e-08
1772,grounded,0.4814453125,0.0014543533325195312
1772,hallucinated,0.63525390625,0.0
1773,grounded,0.00047326087951660156,0.00047326087951660156
1773,hallucinated,0.46484375,0.0
1774,grounded,0.7236328125,5.960464477539063e-08
1774,hallucinated,0.71484375,8.940696716308594e-07
1775,grounded,0.5478515625,0.0963134765625
1775,hallucinated,0.6083984375,0.0021953582763671875
1776,grounded,0.771484375,0.07244873046875
1776,hallucinated,0.469482421875,1.7881393432617188e-07
1777,grounded,0.80029296875,0.0013799667358398438
1777,hallucinated,0.7333984375,0.0
1778,grounded,0.86279296875,0.046356201171875
1778,hallucinated,0.77685546875,1.0132789611816406e-06
1779,grounded,0.6787109375,0.036224365234375
1779,hallucinated,0.6181640625,1.2516975402832031e-06
1780,grounded,0.84765625,0.08721923828125
1780,hallucinated,0.4423828125,6.783008575439453e-05
1781,grounded,0.433349609375,0.0997314453125
1781,hallucinated,0.5634765625,0.0
1782,grounded,0.666015625,1.043081283569336e-05
1782,hallucinated,0.830078125,1.043081283569336e-05
1783,grounded,0.0078125,0.0078125
1783,hallucinated,0.73779296875,2.384185791015625e-07
1784,grounded,0.9091796875,0.0007457733154296875
1784,hallucinated,0.440185546875,0.0
1785,grounded,0.7509765625,0.0047607421875
1785,hallucinated,0.5537109375,0.0
1786,grounded,0.80126953125,0.005947113037109375
1786,hallucinated,0.5244140625,0.0
1787,grounded,0.80029296875,0.00293731689453125
1787,hallucinated,0.69189453125,1.1920928955078125e-07
1788,grounded,0.76025390625,0.046661376953125
1788,hallucinated,0.67578125,0.00070953369140625
1789,grounded,0.66552734375,0.0006546974182128906
1789,hallucinated,0.5771484375,0.0
1790,grounded,0.5,2.980232238769531e-07
1790,hallucinated,0.4169921875,3.170967102050781e-05
1791,grounded,1.6689300537109375e-06,1.6689300537109375e-06
1791,hallucinated,0.78857421875,0.0
1792,grounded,0.677734375,0.0328369140625
1792,hallucinated,0.7802734375,5.960464477539063e-08
1793,grounded,0.01207733154296875,0.01207733154296875
1793,hallucinated,0.5419921875,7.617473602294922e-05
1794,grounded,0.87109375,0.1505126953125
1794,hallucinated,0.75048828125,0.0
1795,grounded,0.145751953125,0.145751953125
1795,hallucinated,0.67138671875,1.4901161193847656e-06
1796,grounded,0.60546875,1.1920928955078125e-07
1796,hallucinated,0.70751953125,1.1920928955078125e-07
1797,grounded,0.8759765625,0.50341796875
1797,hallucinated,0.677734375,2.2172927856445312e-05
1798,grounded,0.033905029296875,4.76837158203125e-07
1798,hallucinated,0.640625,1.6629695892333984e-05
1799,grounded,0.97119140625,0.85693359375
1799,hallucinated,0.3671875,1.6450881958007812e-05
1800,grounded,1.0,1.0
1800,hallucinated,0.5595703125,2.3245811462402344e-06
1801,grounded,0.0,0.0
1801,hallucinated,0.609375,1.2516975402832031e-06
1802,grounded,0.9638671875,0.89501953125
1802,hallucinated,0.4599609375,0.0
1803,grounded,0.9892578125,0.947265625
1803,hallucinated,0.724609375,8.52346420288086e-06
1804,grounded,0.49951171875,2.0205974578857422e-05
1804,hallucinated,0.3427734375,5.900859832763672e-06
1805,grounded,0.01180267333984375,0.01180267333984375
1805,hallucinated,0.533203125,1.1920928955078125e-07
1806,grounded,0.5,0.00019752979278564453
1806,hallucinated,0.7080078125,5.960464477539063e-08
1807,grounded,0.8291015625,0.65771484375
1807,hallucinated,0.390625,1.704692840576172e-05
1808,grounded,0.66943359375,0.008056640625
1808,hallucinated,0.89208984375,2.0802021026611328e-05
1809,grounded,0.5,1.0311603546142578e-05
1809,hallucinated,0.6494140625,0.0
1810,grounded,2.4437904357910156e-06,2.4437904357910156e-06
1810,hallucinated,0.7470703125,0.00202178955078125
1811,grounded,0.75,0.0018587112426757812
1811,hallucinated,0.603515625,0.008331298828125
1812,grounded,0.65380859375,5.960464477539063e-08
1812,hallucinated,0.53369140625,1.519918441772461e-05
1813,grounded,0.0,0.0
1813,hallucinated,0.50439453125,5.960464477539063e-08
1814,grounded,0.76318359375,0.052886962890625
1814,hallucinated,0.62255859375,0.0
1815,grounded,0.368896484375,0.0003426074981689453
1815,hallucinated,0.7890625,0.0015268325805664062
1816,grounded,0.876953125,0.01522064208984375
1816,hallucinated,0.8447265625,0.00264739990234375
1817,grounded,0.84912109375,0.391357421875
1817,hallucinated,0.7138671875,0.0
1818,grounded,0.8564453125,7.152557373046875e-07
1818,hallucinated,0.380615234375,0.0001093745231628418
1819,grounded,2.2649765014648438e-05,2.2649765014648438e-05
1819,hallucinated,0.83984375,8.034706115722656e-05
1820,grounded,0.0,0.0
1820,hallucinated,0.783203125,0.00036454200744628906
1821,grounded,0.0003008842468261719,0.0003008842468261719
1821,hallucinated,0.654296875,8.100271224975586e-05
1822,grounded,0.93212890625,0.72900390625
1822,hallucinated,0.410400390625,1.9073486328125e-06
1823,grounded,0.80126953125,0.007312774658203125
1823,hallucinated,0.72021484375,0.0
1824,grounded,0.5029296875,0.00598907470703125
1824,hallucinated,0.623046875,0.0
1825,grounded,0.63037109375,0.02008056640625
1825,hallucinated,0.767578125,5.960464477539063e-08
1826,grounded,0.99658203125,0.99365234375
1826,hallucinated,0.77734375,1.1920928955078125e-07
1827,grounded,0.5556640625,9.173154830932617e-05
1827,hallucinated,0.73974609375,4.172325134277344e-07
1828,grounded,0.64453125,1.2874603271484375e-05
1828,hallucinated,0.4775390625,0.00013756752014160156
1829,grounded,0.7998046875,3.0934810638427734e-05
1829,hallucinated,0.556640625,6.401538848876953e-05
1830,grounded,0.8720703125,0.744140625
1830,hallucinated,0.52392578125,0.0
1831,grounded,0.98974609375,0.95849609375
1831,hallucinated,0.76904296875,1.4662742614746094e-05
1832,grounded,0.84130859375,0.365966796875
1832,hallucinated,0.80615234375,8.845329284667969e-05
1833,grounded,0.732421875,5.066394805908203e-06
1833,hallucinated,0.77880859375,0.00183868408203125
1834,grounded,0.8330078125,0.0004668235778808594
1834,hallucinated,0.8154296875,5.728006362915039e-05
1835,grounded,0.919921875,0.919921875
1835,hallucinated,0.401611328125,4.76837158203125e-07
1836,grounded,0.00028967857360839844,0.00028967857360839844
1836,hallucinated,0.72021484375,1.0132789611816406e-06
1837,grounded,0.8544921875,0.1072998046875
1837,hallucinated,0.71484375,2.2709369659423828e-05
1838,grounded,0.7998046875,1.811981201171875e-05
1838,hallucinated,0.55419921875,0.0
1839,grounded,0.90673828125,0.1885986328125
1839,hallucinated,0.638671875,1.5556812286376953e-05
1840,grounded,0.7998046875,1.1324882507324219e-06
1840,hallucinated,0.63232421875,1.6093254089355469e-06
1841,grounded,0.52685546875,0.05377197265625
1841,hallucinated,0.461181640625,6.556510925292969e-07
1842,grounded,0.6962890625,0.0892333984375
1842,hallucinated,0.308349609375,0.0016431808471679688
1843,grounded,0.96728515625,0.83544921875
1843,hallucinated,0.359619140625,0.0
1844,grounded,0.5,5.960464477539063e-08
1844,hallucinated,0.5390625,6.556510925292969e-07
1845,grounded,0.9033203125,0.0501708984375
1845,hallucinated,0.72509765625,5.662441253662109e-06
1846,grounded,0.7509765625,0.00307464599609375
1846,hallucinated,0.355224609375,0.0
1847,grounded,0.9873046875,0.97509765625
1847,hallucinated,0.76171875,5.960464477539063e-08
1848,grounded,0.5,0.0
1848,hallucinated,0.50341796875,0.0
1849,grounded,0.00018858909606933594,0.00018858909606933594
1849,hallucinated,0.464111328125,0.0
1850,grounded,0.051055908203125,0.051055908203125
1850,hallucinated,0.79443359375,1.7881393432617188e-07
1851,grounded,0.7646484375,0.0577392578125
1851,hallucinated,0.7021484375,0.0
1852,grounded,0.66650390625,2.3245811462402344e-06
1852,hallucinated,0.5009765625,9.357929229736328e-06
1853,grounded,0.49267578125,0.01186370849609375
1853,hallucinated,0.5634765625,3.808736801147461e-05
1854,grounded,0.82568359375,1.049041748046875e-05
1854,hallucinated,0.796875,0.00667572021484375
1855,grounded,0.78173828125,0.5634765625
1855,hallucinated,0.7978515625,2.3305416107177734e-05
1856,grounded,0.11932373046875,0.0022373199462890625
1856,hallucinated,0.405029296875,5.7220458984375e-06
1857,grounded,0.55517578125,0.06439208984375
1857,hallucinated,0.7216796875,0.0004630088806152344
1858,grounded,0.521484375,8.428096771240234e-05
1858,hallucinated,0.73681640625,2.980232238769531e-07
1859,grounded,0.66650390625,2.9206275939941406e-06
1859,hallucinated,0.693359375,0.0
1860,grounded,0.8671875,0.66064453125
1860,hallucinated,0.69921875,0.035186767578125
1861,grounded,0.75244140625,0.0005102157592773438
1861,hallucinated,0.58349609375,0.0
1862,grounded,0.75,0.0
1862,hallucinated,0.52001953125,2.384185791015625e-07
1863,grounded,8.344650268554688e-07,8.344650268554688e-07
1863,hallucinated,0.791015625,1.430511474609375e-06
1864,grounded,0.4716796875,0.16796875
1864,hallucinated,0.28564453125,3.5762786865234375e-07
1865,grounded,0.79833984375,0.0019702911376953125
1865,hallucinated,0.279052734375,2.3305416107177734e-05
1866,grounded,0.623046875,0.0
1866,hallucinated,0.70654296875,0.0
1867,grounded,0.85693359375,1.0728836059570312e-06
1867,hallucinated,0.70166015625,2.562999725341797e-06
1868,grounded,0.75,0.0009655952453613281
1868,hallucinated,0.71142578125,1.1324882507324219e-06
1869,grounded,0.5,1.7404556274414062e-05
1869,hallucinated,0.6845703125,0.0
1870,grounded,0.83740234375,0.0010347366333007812
1870,hallucinated,0.7783203125,2.2649765014648438e-06
1871,grounded,0.90966796875,0.0092620849609375
1871,hallucinated,0.8017578125,1.1324882507324219e-05
1872,grounded,0.91259765625,0.7373046875
1872,hallucinated,0.295166015625,1.6689300537109375e-06
1873,grounded,0.5283203125,0.0
1873,hallucinated,0.658203125,4.172325134277344e-07
1874,grounded,1.0251998901367188e-05,1.0251998901367188e-05
1874,hallucinated,0.533203125,0.0
1875,grounded,0.0012111663818359375,0.0012111663818359375
1875,hallucinated,0.59716796875,0.0
1876,grounded,0.8740234375,2.5033950805664062e-05
1876,hallucinated,0.5810546875,2.2470951080322266e-05
1877,grounded,0.66650390625,7.152557373046875e-07
1877,hallucinated,0.59375,2.384185791015625e-07
1878,grounded,6.318092346191406e-06,6.318092346191406e-06
1878,hallucinated,0.294921875,0.00010788440704345703
1879,grounded,0.9970703125,0.9853515625
1879,hallucinated,0.64013671875,3.5762786865234375e-07
1880,grounded,0.53515625,0.072509765625
1880,hallucinated,0.8720703125,0.0009393692016601562
1881,grounded,0.0002694129943847656,0.0002694129943847656
1881,hallucinated,0.73583984375,7.2479248046875e-05
1882,grounded,0.84619140625,0.38916015625
1882,hallucinated,0.6181640625,0.0017538070678710938
1883,grounded,0.6298828125,0.26025390625
1883,hallucinated,0.2083740234375,0.0
1884,grounded,2.9802322387695312e-06,2.9802322387695312e-06
1884,hallucinated,0.6396484375,1.1920928955078125e-07
1885,grounded,0.0033969879150390625,0.0033969879150390625
1885,hallucinated,0.6904296875,0.00019168853759765625
1886,grounded,0.8095703125,0.428955078125
1886,hallucinated,0.5595703125,0.00048661231994628906
1887,grounded,0.841796875,0.36474609375
1887,hallucinated,0.6806640625,0.05670166015625
1888,grounded,0.8994140625,6.878376007080078e-05
1888,hallucinated,0.4609375,0.0003457069396972656
1889,grounded,0.65869140625,0.11907958984375
1889,hallucinated,0.74560546875,0.0011796951293945312
1890,grounded,0.99267578125,0.96240234375
1890,hallucinated,0.39794921875,3.3974647521972656e-06
1891,grounded,0.95703125,0.8779296875
1891,hallucinated,0.59130859375,0.0
1892,grounded,0.763671875,3.337860107421875e-06
1892,hallucinated,0.6298828125,0.0
1893,grounded,3.5762786865234375e-07,3.5762786865234375e-07
1893,hallucinated,0.483642578125,5.799531936645508e-05
1894,grounded,0.95849609375,0.8759765625
1894,hallucinated,0.1181640625,5.960464477539063e-08
1895,grounded,0.6591796875,0.0
1895,hallucinated,0.96337890625,0.0
1896,grounded,0.8603515625,0.72021484375
1896,hallucinated,0.5087890625,0.00254058837890625
1897,grounded,0.0004658699035644531,0.0004658699035644531
1897,hallucinated,3.516674041748047e-06,3.516674041748047e-06
1898,grounded,0.8994140625,2.384185791015625e-07
1898,hallucinated,0.83349609375,0.0
1899,grounded,0.86376953125,0.591796875
1899,hallucinated,0.7138671875,0.0
1900,grounded,0.9423828125,0.73046875
1900,hallucinated,0.68896484375,6.955862045288086e-05
1901,grounded,0.69775390625,0.0966796875
1901,hallucinated,0.41015625,0.0
1902,grounded,0.8037109375,0.0200042724609375
1902,hallucinated,0.61376953125,1.1920928955078125e-07
1903,grounded,0.80078125,0.0033817291259765625
1903,hallucinated,0.8466796875,0.0
1904,grounded,0.71533203125,0.002838134765625
1904,hallucinated,0.375244140625,1.5497207641601562e-06
1905,grounded,0.6962890625,0.089599609375
1905,hallucinated,0.75634765625,0.0596923828125
1906,grounded,0.52978515625,0.060394287109375
1906,hallucinated,0.59033203125,2.8014183044433594e-06
1907,grounded,0.51416015625,0.02874755859375
1907,hallucinated,0.61669921875,5.960464477539063e-08
1908,grounded,0.55810546875,0.0
1908,hallucinated,0.81787109375,5.960464477539063e-08
1909,grounded,0.00074005126953125,0.00074005126953125
1909,hallucinated,0.89599609375,3.933906555175781e-06
1910,grounded,0.73583984375,5.2034854888916016e-05
1910,hallucinated,0.48486328125,5.358457565307617e-05
1911,grounded,0.5048828125,0.00955963134765625
1911,hallucinated,0.57861328125,1.7881393432617188e-07
1912,grounded,0.80078125,0.003894805908203125
1912,hallucinated,0.6318359375,0.0
1913,grounded,7.295608520507812e-05,7.295608520507812e-05
1913,hallucinated,0.5556640625,6.74128532409668e-05
1914,grounded,0.50537109375,0.0110321044921875
1914,hallucinated,0.61474609375,5.2094459533691406e-05
1915,grounded,0.84814453125,0.39208984375
1915,hallucinated,0.6962890625,5.960464477539063e-08
1916,grounded,0.78369140625,1.049041748046875e-05
1916,hallucinated,0.64111328125,0.0
1917,grounded,0.237548828125,0.11053466796875
1917,hallucinated,0.7431640625,0.00021600723266601562
1918,grounded,0.89990234375,0.0
1918,hallucinated,0.74267578125,0.0
1919,grounded,5.781650543212891e-06,5.781650543212891e-06
1919,hallucinated,0.455322265625,0.00011718273162841797
1920,grounded,0.95849609375,0.75048828125
1920,hallucinated,0.57958984375,2.384185791015625e-07
1921,grounded,0.8564453125,0.00327301025390625
1921,hallucinated,0.6396484375,5.960464477539063e-08
1922,grounded,0.00031375885009765625,0.00031375885009765625
1922,hallucinated,0.88623046875,3.147125244140625e-05
1923,grounded,0.75146484375,0.00681304931640625
1923,hallucinated,0.390869140625,0.0005507469177246094
1924,grounded,0.6767578125,0.032867431640625
1924,hallucinated,0.7197265625,0.0
1925,grounded,0.035003662109375,1.7881393432617188e-07
1925,hallucinated,0.74267578125,5.662441253662109e-06
1926,grounded,0.353759765625,9.60230827331543e-05
1926,hallucinated,0.6962890625,0.03582763671875
1927,grounded,1.0,0.9990234375
1927,hallucinated,0.6328125,4.661083221435547e-05
1928,grounded,0.68359375,0.06842041015625
1928,hallucinated,0.53173828125,1.1920928955078125e-07
1929,grounded,0.99951171875,0.99853515625
1929,hallucinated,0.685546875,0.0
1930,grounded,5.4717063903808594e-05,5.4717063903808594e-05
1930,hallucinated,0.497314453125,2.2649765014648438e-06
1931,grounded,0.00015687942504882812,0.00015687942504882812
1931,hallucinated,0.61474609375,0.0
1932,grounded,3.5762786865234375e-07,3.5762786865234375e-07
1932,hallucinated,0.7265625,5.960464477539063e-08
1933,grounded,0.9541015625,0.9541015625
1933,hallucinated,0.56494140625,0.0294189453125
1934,grounded,0.7998046875,6.115436553955078e-05
1934,hallucinated,0.67041015625,7.271766662597656e-06
1935,grounded,7.3909759521484375e-06,7.3909759521484375e-06
1935,hallucinated,0.61669921875,0.0
1936,grounded,0.595703125,0.1917724609375
1936,hallucinated,0.49462890625,2.3603439331054688e-05
1937,grounded,0.63525390625,6.377696990966797e-06
1937,hallucinated,0.70703125,5.960464477539062e-07
1938,grounded,0.75048828125,0.0019311904907226562
1938,hallucinated,0.1815185546875,2.1517276763916016e-05
1939,grounded,0.8994140625,5.841255187988281e-06
1939,hallucinated,0.2724609375,3.5762786865234375e-07
1940,grounded,0.001621246337890625,2.86102294921875e-06
1940,hallucinated,0.740234375,0.0178985595703125
1941,grounded,0.5,6.556510925292969e-07
1941,hallucinated,0.61572265625,4.76837158203125e-07
1942,grounded,0.80224609375,0.01119232177734375
1942,hallucinated,0.464111328125,0.0
1943,grounded,0.6728515625,0.019073486328125
1943,hallucinated,0.63916015625,0.0
1944,grounded,0.93603515625,0.74365234375
1944,hallucinated,0.841796875,1.7881393432617188e-07
1945,grounded,0.90576171875,0.06488037109375
1945,hallucinated,0.8515625,3.159046173095703e-06
1946,grounded,0.91552734375,0.0005221366882324219
1946,hallucinated,0.60302734375,2.1398067474365234e-05
1947,grounded,0.9990234375,0.9951171875
1947,hallucinated,0.744140625,0.0001327991485595703
1948,grounded,0.8203125,0.2822265625
1948,hallucinated,0.68896484375,0.0030879974365234375
1949,grounded,0.80078125,0.004993438720703125
1949,hallucinated,0.72314453125,0.00036835670471191406
1950,grounded,0.66162109375,0.00019979476928710938
1950,hallucinated,0.52587890625,7.152557373046875e-07
1951,grounded,0.80029296875,0.0003490447998046875
1951,hallucinated,0.50244140625,0.0007729530334472656
1952,grounded,0.75,1.9073486328125e-06
1952,hallucinated,0.75390625,2.682209014892578e-06
1953,grounded,0.00012350082397460938,0.00012350082397460938
1953,hallucinated,0.338134765625,2.86102294921875e-06
1954,grounded,0.912109375,0.5595703125
1954,hallucinated,0.4482421875,3.5762786865234375e-07
1955,grounded,0.66650390625,1.1920928955078125e-06
1955,hallucinated,0.669921875,0.0
1956,grounded,0.5,0.0
1956,hallucinated,0.607421875,2.384185791015625e-07
1957,grounded,0.8310546875,0.323486328125
1957,hallucinated,0.4931640625,5.960464477539063e-08
1958,grounded,0.9912109375,0.9736328125
1958,hallucinated,0.5634765625,1.1920928955078125e-07
1959,grounded,0.75048828125,0.0020771026611328125
1959,hallucinated,0.81640625,0.0
1960,grounded,0.67333984375,0.0200347900390625
1960,hallucinated,0.52392578125,2.384185791015625e-05
1961,grounded,0.50048828125,0.0007691383361816406
1961,hallucinated,0.8134765625,2.8848648071289062e-05
1962,grounded,0.83154296875,0.07330322265625
1962,hallucinated,0.90673828125,0.0
1963,grounded,0.74951171875,0.0011730194091796875
1963,hallucinated,0.62939453125,0.00048279762268066406
1964,grounded,0.75048828125,0.001956939697265625
1964,hallucinated,0.4873046875,0.0
1965,grounded,0.93115234375,0.8623046875
1965,hallucinated,0.44091796875,0.0003120899200439453
1966,grounded,0.98828125,0.9765625
1966,hallucinated,0.052001953125,0.0
1967,grounded,7.152557373046875e-07,7.152557373046875e-07
1967,hallucinated,0.79443359375,0.02508544921875
1968,grounded,0.73974609375,0.236328125
1968,hallucinated,0.8291015625,0.0
1969,grounded,0.0,0.0
1969,hallucinated,0.65869140625,5.346536636352539e-05
1970,grounded,0.0020618438720703125,0.0020618438720703125
1970,hallucinated,0.58251953125,1.7881393432617188e-07
1971,grounded,0.6591796875,2.205371856689453e-06
1971,hallucinated,0.498046875,3.516674041748047e-06
1972,grounded,0.51123046875,0.0225982666015625
1972,hallucinated,0.68603515625,0.0
1973,grounded,0.66796875,0.0038051605224609375
1973,hallucinated,0.45166015625,5.960464477539063e-08
1974,grounded,0.85595703125,0.051910400390625
1974,hallucinated,0.479248046875,1.1920928955078125e-07
1975,grounded,0.8037109375,0.01367950439453125
1975,hallucinated,0.64599609375,0.0211334228515625
1976,grounded,0.51025390625,0.020233154296875
1976,hallucinated,0.56787109375,2.2590160369873047e-05
1977,grounded,0.998046875,0.99560546875
1977,hallucinated,0.74365234375,0.00038433074951171875
1978,grounded,0.6513671875,0.164306640625
1978,hallucinated,0.72705078125,0.0
1979,grounded,0.81640625,0.00020194053649902344
1979,hallucinated,0.64990234375,1.1920928955078125e-07
1980,grounded,0.61328125,1.1920928955078125e-07
1980,hallucinated,0.6123046875,0.0
1981,grounded,0.88134765625,0.6435546875
1981,hallucinated,0.517578125,1.7881393432617188e-07
1982,grounded,0.66650390625,1.7702579498291016e-05
1982,hallucinated,0.625,2.86102294921875e-06
1983,grounded,0.66650390625,0.0011768341064453125
1983,hallucinated,0.7802734375,0.0
1984,grounded,0.0025844573974609375,0.0025844573974609375
1984,hallucinated,0.728515625,2.384185791015625e-07
1985,grounded,0.80517578125,0.0016489028930664062
1985,hallucinated,0.7001953125,8.940696716308594e-07
1986,grounded,0.95751953125,0.703125
1986,hallucinated,0.7998046875,2.6047229766845703e-05
1987,grounded,0.0008978843688964844,0.0008978843688964844
1987,hallucinated,0.72607421875,1.1920928955078125e-07
1988,grounded,0.875,3.319978713989258e-05
1988,hallucinated,0.6123046875,1.0728836059570312e-06
1989,grounded,0.7919921875,0.58447265625
1989,hallucinated,0.65087890625,9.733438491821289e-05
1990,grounded,0.80517578125,0.0259552001953125
1990,hallucinated,0.498046875,0.0
1991,grounded,0.75,0.0
1991,hallucinated,0.60986328125,5.960464477539063e-08
1992,grounded,0.6201171875,0.0183868408203125
1992,hallucinated,0.37939453125,1.341104507446289e-05
1993,grounded,0.0011157989501953125,0.0011157989501953125
1993,hallucinated,0.36328125,7.086992263793945e-05
1994,grounded,0.9921875,0.9609375
1994,hallucinated,0.6953125,5.543231964111328e-06
1995,grounded,1.1920928955078125e-07,1.1920928955078125e-07
1995,hallucinated,0.446533203125,0.0
1996,grounded,0.84619140625,0.234619140625
1996,hallucinated,0.74365234375,1.0132789611816406e-06
1997,grounded,0.0010709762573242188,0.0010709762573242188
1997,hallucinated,0.0008172988891601562,0.0
1998,grounded,3.337860107421875e-06,3.337860107421875e-06
1998,hallucinated,0.65869140625,1.1920928955078125e-07
1999,grounded,0.498291015625,1.7881393432617188e-07
1999,hallucinated,0.4287109375,0.00044083595275878906
