setting,test,A,B,auc_A,auc_B,delta,se,ci95_lo,ci95_hi,ci90_lo,ci90_hi,p_superiority,n_groups,tost_p_0.01,equiv_0.01,tost_power_0.01,tost_p_0.015,equiv_0.015,tost_power_0.015,tost_p_0.02,equiv_0.02,tost_power_0.02,tost_p_0.025,equiv_0.025,tost_power_0.025
truthfulqa_qwen3b,I_0D_beyond_hidden,HIDDEN,HIDDEN+0D,0.9133498829194188,0.9133768496559492,2.6966736530464885e-05,0.000555518218053,-0.0010906546774552,0.0010876958271971,-0.000895894913624,0.0009334236219623,0.9332,817,0.0,True,1.0,0.0,True,1.0,0.0,True,1.0,0.0,True,1.0
truthfulqa_qwen3b,I_0D_beyond_logprob,LOGPROB,LOGPROB+0D,0.6300613193625663,0.7762659759187043,0.146204656556138,0.0112825704868778,0.1242520475992862,0.1684954358798421,0.1274418005390351,0.1648058619692608,0.0,817,1.0,False,0.0,1.0,False,0.0,1.0,False,0.1016864724767927,1.0,False,0.4319688304474911
truthfulqa_qwen3b,I_defl_beyond_lex,LEX,LEX+DEFL,0.8200734394124847,0.829854874012905,0.0097814346004203,0.0079332117376502,-0.0056257106858689,0.0254043886865551,-0.0029712100124495,0.0228004506441304,0.2172,817,0.4896,False,0.0,0.2586,False,0.1942648616975351,0.1013,False,0.6190751053235548,0.0284,True,0.8680496348886027
truthfulqa_qwen3b,I_sink_beyond_lex,LEX,LEX+SINK,0.8200734394124847,0.8425322364862942,0.0224587970738094,0.0060861279487461,0.0105737697550071,0.034703493241087,0.0125898703948678,0.0325265285270618,0.0,817,0.9808,False,0.0,0.8925,False,0.5876513828995995,0.6554,False,0.8992664995572877,0.3388,False,0.9862161809787492
truthfulqa_qwen3b,I_0D_beyond_lex,LEX,LEX+0D,0.8200734394124847,0.840397369844297,0.0203239304318123,0.0059167059935354,0.0088299582465028,0.0319123236487793,0.0106141824060021,0.0300874621154806,0.0002,817,0.9605,False,0.0361126703440228,0.8155,False,0.6267170748608759,0.5183,False,0.917331010276883,0.2156,False,0.9901334185917924
truthfulqa_qwen3b,I_defl_beyond_nontopo,NONTOPO,NONTOPO+DEFL,0.9262744404776708,0.9277096701219046,0.0014352296442338,0.0009151397553885,-0.000356597636815,0.0032315888351718,-8.389651365037776e-05,0.0028825943199064,0.1216,817,0.0,True,1.0,0.0,True,1.0,0.0,True,1.0,0.0,True,1.0
truthfulqa_qwen3b,I_0D_beyond_nontopo,NONTOPO,NONTOPO+0D,0.9262744404776708,0.9263493480791444,7.490760147355058e-05,0.0004018972198166,-0.000728139340124,0.0008464558966514,-0.0006022571158476,0.0007251055822642,0.8382,817,0.0,True,1.0,0.0,True,1.0,0.0,True,1.0,0.0,True,1.0
truthfulqa_qwen3b,B_len,0D,LEN,0.7359417158934455,0.5287712606499883,-0.2071704552434572,0.0134468135227129,-0.2331385610849017,-0.1807385589874889,-0.2287957554356701,-0.1850088915322949,0.0,817,1.0,False,0.0,1.0,False,0.0,1.0,False,0.0,1.0,False,0.169704735004337
truthfulqa_qwen3b,T1_reduction,0D,SINK,0.7359417158934455,0.737287056415911,0.0013453405224654,0.0045346450802198,-0.0075852186328163,0.0102744764333193,-0.0061401011851879,0.0087659871548445,0.766,817,0.0289,True,0.4247869755091746,0.0014,True,0.9036901170198116,0.0,True,0.9943187894507468,0.0,True,0.9998903839016636
truthfulqa_qwen3b,T1_legacy_proxy,0D,LEGACY_MSTPROXY,0.7359417158934455,0.7130259824506471,-0.0229157334427984,0.0068071490553702,-0.0360487963097518,-0.0095521424323097,-0.0340186879484156,-0.0116774958089197,0.0006,817,0.9706,False,0.0,0.8763,False,0.4236417441768392,0.6672,False,0.8040698392821826,0.3789,False,0.9574148256246852
truthfulqa_qwen3b,T2_topo_beyond_sink,SINK,0D+SINK,0.737287056415911,0.7405650130563949,0.0032779566404839,0.0038633719429883,-0.0043253147242875,0.0108602538768428,-0.0031389281321489,0.0096376869131925,0.3878,817,0.0401,True,0.6546048526272266,0.0011,True,0.9747636182649158,0.0,True,0.9995875258094552,0.0,True,0.999998608215064
truthfulqa_qwen3b,T3_deflated_beyond_sink,SINK,SINK+DEFL,0.737287056415911,0.7659991400607351,0.0287120836448241,0.0073666088495344,0.014158959922935,0.0431594003796317,0.0166443941398285,0.040785840665539,0.0,817,0.9939,False,0.0,0.9683,False,0.3044699165052122,0.8827,False,0.7154256144540374,0.6988,False,0.919681002653643
truthfulqa_qwen3b,T4_1D_beyond_0D,0D,0D+1D,0.7359417158934455,0.7692066835558339,0.0332649676623884,0.0069994318362382,0.0197767304030479,0.0470704760677703,0.0217809581880749,0.0446602865365571,0.0,817,0.9996,False,0.0,0.9948,False,0.381641030464058,0.9723,False,0.7746870494423055,0.8824,False,0.94600352465315
truthfulqa_qwen3b,T4b_1D_beyond_sink,SINK,SINK+1D,0.737287056415911,0.7656216057493083,0.0283345493333972,0.0066313642922432,0.0154259845480599,0.0413955136339325,0.0174075527836414,0.0393504612061021,0.0,817,0.9972,False,0.0,0.979,False,0.4628472926028295,0.899,False,0.829661517332376,0.6884,False,0.9664225372376178
truthfulqa_qwen3b,T6_answer_only_beyond_sink,SINK,SINK+ANS,0.737287056415911,0.7847320330372486,0.0474449766213376,0.0089109031845101,0.0296318740833182,0.0650740311825363,0.0326201630289038,0.061807085959469,0.0,817,1.0,False,0.0,1.0,False,0.0306929667961126,0.9989,False,0.4512190008058994,0.9933,False,0.7542353135038753
truthfulqa_qwen3b,PH_reduction,PH_0DTOT,PH_SINK,0.8421562003268968,0.8511481088077856,0.0089919084808888,0.0043660833406347,0.0002486183292908,0.0173082627578881,0.0017123128620846,0.0160692535757144,0.0444,817,0.4093,False,0.4814153562584793,0.0835,False,0.926661732779022,0.0049,True,0.9966743024496584,0.0001,True,0.9999551773451903
truthfulqa_qwen3b,PH_topo_beyond_sink,PH_SINK,PH_SINK+PH_0DTOT,0.8511481088077856,0.8597340180886877,0.008585909280902,0.0021566209980653,0.004355127949674,0.0128931338194336,0.0051055523012365,0.0121875416673533,0.0,817,0.262,False,0.9972287072115116,0.0022,True,0.9999998906579566,0.0,True,0.9999999999999762,0.0,True,1.0
truthfulqa_qwen3b,PH_0D_vs_entropy,PH_0D,PH_ENT,0.8525863347560784,0.856568422850414,0.0039820880943356,0.0061782619885785,-0.0080111432547951,0.0161266327984431,-0.0061096137913882,0.0141577614013114,0.5018,817,0.1629,False,0.0,0.0365,True,0.5663808931190251,0.0054,True,0.888683297569794,0.0006,True,0.9836760875506698
truthfulqa_qwen3b,B_logprob,0D,LOGPROB,0.7359417158934455,0.6300613193625663,-0.1058803965308792,0.0137218375970275,-0.1330959012058626,-0.0793296968189738,-0.1285612197354562,-0.0834708137512378,0.0,817,1.0,False,0.0,1.0,False,0.0,1.0,False,0.0,1.0,False,0.1405385728994486
truthfulqa_qwen3b,B_hidden,0D,HIDDEN,0.7359417158934455,0.9133498829194188,0.1774081670259734,0.008918591641412,0.1598452184230751,0.1947824233807598,0.1625688962664553,0.192006609846754,0.0,817,1.0,False,0.0,1.0,False,0.0295359411545483,1.0,False,0.4499284435364936,1.0,False,0.7532500204497921
truthfulqa_qwen3b,B_lookback,0D,LOOKBACK,0.7359417158934455,0.8966859378956058,0.1607442220021603,0.0090140094335548,0.1427946378142561,0.1783476581636552,0.1456557336525396,0.1754204938208719,0.0,817,1.0,False,0.0,1.0,False,0.0153365767612461,1.0,False,0.433974577777799,1.0,False,0.7409363316126789
truthfulqa_qwen3b,B_llmcheck,0D,LLMCHECK,0.7359417158934455,0.6931544939317352,-0.0427872219617102,0.0100220974949676,-0.0622015868426296,-0.0224571116527762,-0.0588364003002296,-0.0259614016111126,0.0,817,0.9994,False,0.0,0.9967,False,0.0,0.9879,False,0.2742140490134717,0.9585,False,0.6044714972020426
truthfulqa_qwen3b,B_lex,0D,LEX,0.7359417158934455,0.8200734394124847,0.0841317235190391,0.0108278647094289,0.062937067127698,0.1052498617954752,0.0663097069764445,0.101793512702082,0.0,817,1.0,False,0.0,1.0,False,0.0,1.0,False,0.1602651279476361,1.0,False,0.4933123661898082
truthfulqa_qwen3b,B_rowstat,0D,ROWSTAT,0.7359417158934455,0.7498190981424413,0.0138773822489958,0.0073650072558071,-0.000113971915642,0.0284951886847573,0.0019350131612656,0.0262479980943506,0.0524,817,0.703,False,0.0,0.4369,False,0.3047971412619112,0.2044,False,0.7156912499825112,0.0701,False,0.9198085233474196
truthfulqa_qwen3b,LF_0D_beyond_NONTOPO,NONTOPO,NONTOPO(+)0D,0.9259808026798944,0.926180056899814,0.0001992542199197,0.0004431579684499,-0.0006636813490559,0.0010697554566442,-0.0005274244219755,0.0009288542582723,0.661,817,0.0,True,1.0,0.0,True,1.0,0.0,True,1.0,0.0,True,1.0
truthfulqa_qwen3b,LF_DEFL_beyond_NONTOPO,NONTOPO,NONTOPO(+)DEFL,0.9259808026798944,0.9262669497175234,0.000286147037629,0.0005563211857815,-0.000813496552003,0.0013798729267449,-0.0006367146125254,0.0011985216235773,0.6074,817,0.0,True,1.0,0.0,True,1.0,0.0,True,1.0,0.0,True,1.0
truthfulqa_qwen3b,LF_SINK_beyond_NONTOPO,NONTOPO,NONTOPO(+)SINK,0.9259808026798944,0.9262699460215824,0.000289143341688,0.0004074932628331,-0.0004989220796147,0.0011116662596687,-0.0003761110669988,0.0009633117549502,0.478,817,0.0,True,1.0,0.0,True,1.0,0.0,True,1.0,0.0,True,1.0
truthfulqa_qwen3b,LF_0D_beyond_HIDDEN,HIDDEN,HIDDEN(+)0D,0.9130742229459962,0.9139746123157084,0.0009003893697123,0.000740751311819,-0.0005213943600569,0.0023880917887785,-0.0003011285579237,0.0021408592501149,0.2206,817,0.0,True,1.0,0.0,True,1.0,0.0,True,1.0,0.0,True,1.0
truthfulqa_qwen3b,LF_0D_beyond_LOGPROB,LOGPROB,LOGPROB(+)0D,0.62962535712199,0.7573682862189489,0.1277429290969589,0.0115843154244764,0.1054489287463913,0.1507145061566557,0.1085934749486507,0.1467698344092562,0.0,817,1.0,False,0.0,1.0,False,0.0,1.0,False,0.0650500690590756,1.0,False,0.3922142997993449
truthfulqa_qwen3b,LF_0D_beyond_SINK,SINK,SINK(+)0D,0.7368286218948926,0.739110307435778,0.0022816855408853,0.0021396881231527,-0.0019536277002317,0.0065020172617076,-0.0012362001471186,0.0058008446581141,0.2886,817,0.0001,True,0.9975441161774738,0.0,True,0.999999919280908,0.0,True,0.9999999999999868,0.0,True,1.0
truthfulqa_qwen1.5b,PH_reduction,PH_0DTOT,PH_SINK,0.8194427174080772,0.8303207992940708,0.0108780818859935,0.0045267755058459,0.0019011174715987,0.0197066917956699,0.003308968387494,0.0181671907701849,0.0172,817,0.5749,False,0.4273985303137042,0.1781,False,0.90483570395146,0.0212,True,0.9944509452730868,0.001,True,0.999894612564398
truthfulqa_qwen1.5b,T6_answer_only_beyond_sink,SINK,SINK+ANS,0.7231325160414629,0.7610507439073902,0.0379182278659273,0.0083902281594796,0.0214024875316297,0.0541718290488682,0.0239091580535409,0.0514813727267415,0.0,817,0.9997,False,0.0,0.9973,False,0.1136627683539162,0.983,False,0.5400151377972331,0.9362,False,0.8180592101072994
truthfulqa_qwen1.5b,T4b_1D_beyond_sink,SINK,SINK+1D,0.7231325160414629,0.715436509066067,-0.0076960069753958,0.0036774783946349,-0.0150354912215781,-0.0005497843410153,-0.0138041226147546,-0.0016702896976578,0.033,817,0.2597,False,0.7173569884276452,0.0252,True,0.9850681706018254,0.0007,True,0.9998515544359632,0.0,True,0.9999997440345556
truthfulqa_qwen1.5b,T4_1D_beyond_0D,0D,0D+1D,0.7260658977151684,0.7177796188401606,-0.0082862788750077,0.0036652846528424,-0.015517896175068,-0.0009812146717025,-0.0142714711403483,-0.0021932196635449,0.0254,817,0.3106,False,0.7213901280772839,0.034,True,0.9856187974759189,0.0007,True,0.99986201275783,0.0001,True,0.999999773183885
truthfulqa_qwen1.5b,T3_deflated_beyond_sink,SINK,SINK+DEFL,0.7231325160414629,0.756727077150335,0.0335945611088721,0.0071261906650247,0.0197991652296891,0.0473986462698261,0.0218699484186256,0.0453199228751335,0.0,817,0.9996,False,0.0,0.9958,False,0.3545252504043299,0.9729,False,0.7546405868605199,0.8878,False,0.9375844359575448
truthfulqa_qwen1.5b,T2_topo_beyond_sink,SINK,0D+SINK,0.7231325160414629,0.7354383368115429,0.01230582077008,0.0044755657337484,0.0034651507365664,0.0209277606072909,0.0048687693729783,0.0195733562650469,0.0056,817,0.6921,False,0.4444746078284818,0.2764,False,0.9121180771281016,0.0397,True,0.9952550180274292,0.0017,True,0.999918868327342
truthfulqa_qwen1.5b,T1_legacy_proxy,0D,LEGACY_MSTPROXY,0.7260658977151684,0.698372557450385,-0.0276933402647834,0.0070845382185484,-0.0417942093427756,-0.0138261454495879,-0.0395122616252852,-0.0161377940310626,0.0,817,0.9947,False,0.0,0.9644,False,0.3633824442899942,0.861,False,0.7612813557540616,0.6443,False,0.9404293271895778
truthfulqa_qwen1.5b,T1_reduction,0D,SINK,0.7260658977151684,0.7231325160414629,-0.0029333816737054,0.005676940520926,-0.0140887715003542,0.0079736894540584,-0.0123942117398189,0.0062442976588378,0.6076,817,0.1086,False,0.0928693819478567,0.0158,True,0.6814367297140964,0.0006,True,0.9396421936257084,0.0,True,0.9942008490755664
truthfulqa_qwen1.5b,B_rowstat,0D,ROWSTAT,0.7260658977151684,0.7383267739243643,0.0122608762091959,0.0075153279142657,-0.0024249088749028,0.0270299959999341,-0.0002429253515788,0.0245952367754374,0.1072,817,0.6218,False,0.0,0.3607,False,0.2744621150028341,0.1471,False,0.6905487875673899,0.0446,True,0.9073693234158297
truthfulqa_qwen1.5b,B_lex,0D,LEX,0.7260658977151684,0.8200734394124847,0.0940075416973162,0.0109468565775621,0.0721789048209034,0.1155614923991256,0.0758811006623329,0.1120309847802735,0.0,817,1.0,False,0.0,1.0,False,0.0,1.0,False,0.1445388123644573,1.0,False,0.4771165636338981
truthfulqa_qwen1.5b,B_llmcheck,0D,LLMCHECK,0.7260658977151684,0.6659480530765302,-0.0601178446386382,0.0096169740811474,-0.0790905543012693,-0.0411886188386625,-0.0760209531542842,-0.044445002089922,0.0,817,1.0,False,0.0,1.0,False,0.0,1.0,False,0.3362942800309756,1.0,False,0.6602789937223332
truthfulqa_qwen1.5b,B_lookback,0D,LOOKBACK,0.7260658977151684,0.8509473564358364,0.124881458720668,0.009182086863837,0.1067213841726231,0.1426753100051086,0.1094772348308362,0.1398376602460865,0.0,817,1.0,False,0.0,1.0,False,0.0,1.0,False,0.4061743885011222,1.0,False,0.7188943783947075
truthfulqa_qwen1.5b,B_hidden,0D,HIDDEN,0.7260658977151684,0.9157409335584556,0.1896750358432872,0.0088026266778738,0.1718961286253406,0.2068069661073065,0.1750694018927653,0.2040095042764749,0.0,817,1.0,False,0.0,1.0,False,0.0471938063706791,1.0,False,0.4694688881454822,1.0,False,0.7679941267284094
truthfulqa_qwen1.5b,B_logprob,0D,LOGPROB,0.7260658977151684,0.6384629559438433,-0.0876029417713251,0.0123226590564537,-0.1117129271044167,-0.0637879051190356,-0.1078749612353162,-0.0674312984933085,0.0,817,1.0,False,0.0,1.0,False,0.0,1.0,False,0.0,1.0,False,0.2989691322132177
truthfulqa_qwen1.5b,PH_0D_vs_entropy,PH_0D,PH_ENT,0.8377471389041617,0.8334294647552244,-0.0043176741489373,0.0067298200855774,-0.0175795406366247,0.0088676367700441,-0.0155502937127053,0.0066971890173471,0.5274,817,0.1951,False,0.0,0.0591,False,0.4408012910042926,0.0101,True,0.8154893398729532,0.0009,True,0.9615435288206372
truthfulqa_qwen1.5b,PH_topo_beyond_sink,PH_SINK,PH_SINK+PH_0DTOT,0.8303207992940708,0.8408617969734332,0.0105409976793624,0.0023740036187784,0.0058637295895512,0.0151747819065182,0.0066232552146927,0.0144472043734053,0.0,817,0.5892,False,0.989754744278631,0.0306,True,0.9999970401520586,0.0001,True,0.9999999999879604,0.0,True,1.0
truthfulqa_qwen1.5b,I_0D_beyond_hidden,HIDDEN,HIDDEN+0D,0.9157409335584556,0.9164360761001304,0.0006951425416747,0.0005749446315221,-0.000433003390318,0.0018412662980214,-0.000257682149069,0.0016240717075486,0.228,817,0.0,True,1.0,0.0,True,1.0,0.0,True,1.0,0.0,True,1.0
truthfulqa_qwen1.5b,I_0D_beyond_logprob,LOGPROB,LOGPROB+0D,0.6384629559438433,0.7397500183523623,0.101287062408519,0.0090880008947529,0.0834797652096139,0.1191256335310394,0.0864910133350512,0.1162121023717245,0.0,817,1.0,False,0.0,1.0,False,0.0045274755474529,1.0,False,0.4216868595755283,1.0,False,0.7312849002136537
truthfulqa_qwen1.5b,I_defl_beyond_lex,LEX,LEX+DEFL,0.8200734394124847,0.825182137832983,0.0051086984204983,0.0067075894474185,-0.0081141412068214,0.0182731475724693,-0.0058685611298463,0.0162522528461143,0.4416,817,0.2365,False,0.0,0.0756,False,0.445760419525808,0.0124,True,0.8187262644055968,0.0013,True,0.9626819798324788
truthfulqa_qwen1.5b,I_sink_beyond_lex,LEX,LEX+SINK,0.8200734394124847,0.8333395756334562,0.0132661362209715,0.0054452512465744,0.0027431163659625,0.0239690841347199,0.0044598487765341,0.022183361823191,0.0138,817,0.7243,False,0.1519514490400102,0.3766,False,0.7329321073635651,0.1101,False,0.9574470464737614,0.0177,True,0.9967840254277832
truthfulqa_qwen1.5b,I_0D_beyond_lex,LEX,LEX+0D,0.8200734394124847,0.8349351075448435,0.0148616681323587,0.0055567084666457,0.004055460089979,0.025663531533853,0.0057511060107357,0.0240244408522087,0.0078,817,0.8121,False,0.1229996494010503,0.493,False,0.7083853703862579,0.1768,False,0.9493460033120829,0.032,True,0.9956856366215364
truthfulqa_qwen1.5b,I_defl_beyond_nontopo,NONTOPO,NONTOPO+DEFL,0.9166203487997556,0.9166488136883154,2.846488855989815e-05,0.0007514690518358,-0.0014592375305061,0.0014981520294715,-0.0011985216235773,0.0012464624885204,0.9802,817,0.0,True,1.0,0.0,True,1.0,0.0,True,1.0,0.0,True,1.0
truthfulqa_qwen1.5b,I_0D_beyond_nontopo,NONTOPO,NONTOPO+0D,0.9166203487997556,0.9170293443038012,0.0004089955040457,0.0005030044006329,-0.0005948038095009,0.0013902850833497,-0.0004120667157061,0.0012299828161962,0.4156,817,0.0,True,1.0,0.0,True,1.0,0.0,True,1.0,0.0,True,1.0
truthfulqa_qwen1.5b,B_len,0D,LEN,0.7260658977151684,0.5287712606499883,-0.1972946370651801,0.0129024423380819,-0.2226286500601508,-0.1718852670231269,-0.2183367815799211,-0.1760265712243947,0.0,817,1.0,False,0.0,1.0,False,0.0,1.0,False,0.0,1.0,False,0.2302974704923159
truthfulqa_qwen1.5b,LF_0D_beyond_NONTOPO,NONTOPO,NONTOPO(+)0D,0.9162937516573308,0.9163177220898022,2.3970432471487332e-05,0.0003540117233629,-0.0006891499335569,0.0007041314538517,-0.0005618070110518,0.000602332023449,0.9468,817,0.0,True,1.0,0.0,True,1.0,0.0,True,1.0,0.0,True,1.0
truthfulqa_qwen1.5b,LF_DEFL_beyond_NONTOPO,NONTOPO,NONTOPO(+)DEFL,0.9162937516573308,0.9161574198226488,-0.0001363318346819,0.0004171938780976,-0.0009454462919988,0.0006966406937042,-0.0008224854641798,0.0005454022463291,0.7424,817,0.0,True,1.0,0.0,True,1.0,0.0,True,1.0,0.0,True,1.0
truthfulqa_qwen1.5b,LF_SINK_beyond_NONTOPO,NONTOPO,NONTOPO(+)SINK,0.9162937516573308,0.9162098551436804,-8.389651365048323e-05,0.0003270496724554,-0.0007386264043303,0.0005543162509045,-0.0006337183084664,0.000447947456812,0.8018,817,0.0,True,1.0,0.0,True,1.0,0.0,True,1.0,0.0,True,1.0
truthfulqa_qwen1.5b,LF_0D_beyond_HIDDEN,HIDDEN,HIDDEN(+)0D,0.9153903659835592,0.9154038493518244,1.3483368265232444e-05,0.0004348198586609,-0.0008554822626291,0.0008599767187175,-0.0007026333018221,0.0007221092782052,0.9744,817,0.0,True,1.0,0.0,True,1.0,0.0,True,1.0,0.0,True,1.0
truthfulqa_qwen1.5b,LF_0D_beyond_LOGPROB,LOGPROB,LOGPROB(+)0D,0.6378741821962609,0.7374009159701508,0.0995267337738898,0.0096879638160414,0.0806859363974536,0.1184845368238278,0.0837217542161743,0.1153577811769182,0.0,817,1.0,False,0.0,1.0,False,0.0,1.0,False,0.3251957613943315,1.0,False,0.6505558407437078
truthfulqa_qwen1.5b,LF_0D_beyond_SINK,SINK,SINK(+)0D,0.7223969233949923,0.7296075291128393,0.007210605717847,0.0029420327424331,0.0015099125229029,0.0129590899625311,0.0024267815649396,0.0120706858090544,0.0138,817,0.1748,False,0.9205963586426102,0.0032,True,0.9994469700280852,0.0,True,0.999999743876656,0.0,True,0.9999999999927518
truthfulqa_phi3,T1_reduction,0D,SINK,0.6458773103376985,0.6509006140925169,0.0050233037548184,0.0045288197644725,-0.0039237725265885,0.013760826021103,-0.0025266333977039,0.0123840243060185,0.271,817,0.1382,False,0.426719802912699,0.0131,True,0.9045387905630884,0.0006,True,0.9944168409769748,0.0,True,0.9998935277449263
truthfulqa_phi3,T1_legacy_proxy,0D,LEGACY_MSTPROXY,0.6458773103376985,0.6133269611933679,-0.0325503491443305,0.0079140943680769,-0.0480682453193985,-0.0170534645514758,-0.0455157313453854,-0.0195218198352332,0.0002,817,0.9976,False,0.0,0.9865,False,0.1977985659815271,0.9423,False,0.6223763666750952,0.8313,False,0.8699912826829925
truthfulqa_phi3,T2_topo_beyond_sink,SINK,0D+SINK,0.6509006140925169,0.6566130677808922,0.0057124536883753,0.0035130833375406,-0.001238971728373,0.0125457872714007,-9.363450184190709e-06,0.0115762207317273,0.1008,817,0.1119,False,0.7705003469511298,0.0032,True,0.9913325557686878,0.0,True,0.9999483761802764,0.0,True,0.9999999553511448
truthfulqa_phi3,T3_deflated_beyond_sink,SINK,SINK+DEFL,0.6509006140925169,0.6842974191334988,0.0333968050409819,0.0084672109377769,0.0170520787608484,0.0501511260859729,0.0195387489531662,0.0475695479625881,0.0002,817,0.9975,False,0.0,0.9865,False,0.1008111005475587,0.9436,False,0.5267488412593813,0.8396,False,0.8090291498316851
truthfulqa_phi3,T4_1D_beyond_0D,0D,0D+1D,0.6458773103376985,0.643284009174683,-0.0025933011630154,0.0019487726835405,-0.006427109660234,0.0011805437992236,-0.005830882606305,0.0006098976911978,0.1858,817,0.0001,True,0.9995107631454928,0.0,True,0.9999999985720652,0.0,True,1.0,0.0,True,1.0
truthfulqa_phi3,T4b_1D_beyond_sink,SINK,SINK+1D,0.6509006140925169,0.6512796465559733,0.0003790324634563,0.0026163910581989,-0.004816746043755,0.0054293778624067,-0.003988305425258,0.0046608258712877,0.8872,817,0.0001,True,0.9705347241365898,0.0,True,0.9999565330987336,0.0,True,0.9999999980178564,0.0,True,0.9999999999999972
truthfulqa_phi3,T6_answer_only_beyond_sink,SINK,SINK+ANS,0.6509006140925169,0.6746613052799372,0.0237606911874203,0.0097455569266916,0.0045057296824367,0.0425340717225302,0.0072627414084726,0.0394274662204171,0.0176,817,0.9147,False,0.0,0.8102,False,0.0,0.6448,False,0.316259056962944,0.4431,False,0.6426455980501999
truthfulqa_phi3,PH_reduction,PH_0DTOT,PH_SINK,0.8453128066529936,0.8709117303805756,0.0255989237275819,0.0032380934109809,0.0191493417869058,0.0319601521523201,0.0201875985971304,0.0308005075739076,0.0,817,1.0,False,0.851087505062613,0.9994,False,0.997187324793303,0.9562,False,0.9999941467052093,0.5676,False,0.9999999987658196
truthfulqa_phi3,I_0D_beyond_hidden,HIDDEN,HIDDEN+0D,0.9327239849645462,0.9328168703903734,9.288542582719383e-05,0.0003713629347778,-0.0006457035247022,0.0008209873121504,-0.0005288476664034,0.0006921462376159,0.8148,817,0.0,True,1.0,0.0,True,1.0,0.0,True,1.0,0.0,True,1.0
truthfulqa_phi3,I_0D_beyond_logprob,LOGPROB,LOGPROB+0D,0.5778297470070668,0.6549680968525324,0.0771383498454656,0.0115170093873946,0.0543917577667945,0.0995602549255493,0.0582067270022427,0.0961859296557695,0.0,817,1.0,False,0.0,1.0,False,0.0,1.0,False,0.0730701962611846,1.0,False,0.4010067211075749
truthfulqa_phi3,I_defl_beyond_lex,LEX,LEX+DEFL,0.8200734394124847,0.8021795115724754,-0.0178939278400093,0.0063924888763906,-0.0304414379862439,-0.0052521839311209,-0.0283272832960542,-0.0070449101033874,0.0048,817,0.8861,False,0.0,0.6673,False,0.5171027008175213,0.3582,False,0.8621428487422191,0.1279,False,0.9765477709363936
truthfulqa_phi3,I_sink_beyond_lex,LEX,LEX+SINK,0.8200734394124847,0.8196269901077021,-0.0004464493047825,0.0046508286268072,-0.0093231498946049,0.0088526552497494,-0.0079927159848326,0.0073201206312014,0.9196,817,0.0176,True,0.3866524550880303,0.0005,True,0.8859796940385307,0.0,True,0.9920798577549634,0.0,True,0.9998089245601824
truthfulqa_phi3,I_0D_beyond_lex,LEX,LEX+0D,0.8200734394124847,0.8208584710759278,0.0007850316634431,0.0048536961891817,-0.0085065821309414,0.0104679627679258,-0.00707300045394,0.0088302578769087,0.875,817,0.0318,True,0.3221742401256002,0.0017,True,0.8517034617515813,0.0,True,0.986703122756863,0.0,True,0.9995448657684812
truthfulqa_phi3,I_defl_beyond_nontopo,NONTOPO,NONTOPO+DEFL,0.9362566274500403,0.937040160961454,0.0007835335114136,0.0005608799672856,-0.0003146493799898,0.0018892071629644,-0.0001379048943128,0.0017019007054798,0.158,817,0.0,True,1.0,0.0,True,1.0,0.0,True,1.0,0.0,True,1.0
truthfulqa_phi3,I_0D_beyond_nontopo,NONTOPO,NONTOPO+0D,0.9362566274500403,0.9364498890618422,0.0001932616118018,0.0002237813850307,-0.0002472325386635,0.0006247293962896,-0.0001737856354186,0.0005603088590224,0.3928,817,0.0,True,1.0,0.0,True,1.0,0.0,True,1.0,0.0,True,1.0
truthfulqa_phi3,B_len,0D,LEN,0.6458773103376985,0.5223187198590539,-0.1235585904786445,0.0130126814802125,-0.1490432426601787,-0.098486941357835,-0.1448420872853336,-0.1023227349064927,0.0,817,1.0,False,0.0,1.0,False,0.0,1.0,False,0.0,1.0,False,0.2177201032311617
truthfulqa_phi3,PH_topo_beyond_sink,PH_SINK,PH_SINK+PH_0DTOT,0.8709117303805756,0.870836822779102,-7.490760147355058e-05,0.0008394768798274,-0.001689915489244,0.0015955319113872,-0.0014442934640122,0.0013394228219491,0.9388,817,0.0,True,1.0,0.0,True,1.0,0.0,True,1.0,0.0,True,1.0
truthfulqa_phi3,PH_0D_vs_entropy,PH_0D,PH_ENT,0.8675453827703528,0.8635243427232508,-0.0040210400471019,0.0047205969185415,-0.0133548268211161,0.0052450677089809,-0.0117637144582158,0.0037712981037889,0.4044,817,0.099,False,0.3641595751694302,0.0105,True,0.8746528290507647,0.0001,True,0.9904552129351076,0.0,True,0.9997388670268526
truthfulqa_phi3,B_logprob,0D,LOGPROB,0.6458773103376985,0.5778297470070668,-0.0680475633306316,0.0144863331356762,-0.0967889358476319,-0.0395656707451358,-0.0919390431902248,-0.0441288171041021,0.0,817,1.0,False,0.0,1.0,False,0.0,0.9999,False,0.0,0.9992,False,0.0644871967290503
truthfulqa_phi3,B_hidden,0D,HIDDEN,0.6458773103376985,0.9327239849645462,0.2868466746268477,0.0092953854340776,0.268697948580426,0.3046913132650875,0.2715573589976764,0.3019616053597886,0.0,817,1.0,False,0.0,1.0,False,0.0,1.0,False,0.3876708883422217,1.0,False,0.7038165893585988
truthfulqa_phi3,B_lookback,0D,LOOKBACK,0.6458773103376985,0.8921480353983362,0.2462707250606377,0.0096207226309111,0.2274627746674476,0.2649864641964136,0.2302299363734833,0.2619745793563638,0.0,817,1.0,False,0.0,1.0,False,0.0,1.0,False,0.3357059632224231,1.0,False,0.6597663909783207
truthfulqa_phi3,B_llmcheck,0D,LLMCHECK,0.6458773103376985,0.6532646979950232,0.0073873876573247,0.0104097200125521,-0.0131434001159569,0.0277750270041903,-0.0099230099672054,0.0244768078575078,0.4842,817,0.4,False,0.0,0.2348,False,0.0,0.1105,False,0.2177803661955462,0.0448,True,0.5507991184654124
truthfulqa_phi3,B_lex,0D,LEX,0.6458773103376985,0.8200734394124847,0.1741961290747862,0.0119263076078119,0.1503047615765953,0.1972902924242946,0.1543227678658374,0.1934054343966716,0.0,817,1.0,False,0.0,1.0,False,0.0,1.0,False,0.0256167370362072,1.0,False,0.3482645434718727
truthfulqa_phi3,B_rowstat,0D,ROWSTAT,0.6458773103376985,0.6609367345379474,0.0150594242002489,0.0083604849663738,-0.0012138027742779,0.0313593931885019,0.0015392763026806,0.0289733613587638,0.069,817,0.7267,False,0.0,0.497,False,0.1186836108348625,0.2711,False,0.5451489477082698,0.1184,False,0.8215050438354425
truthfulqa_phi3,LF_0D_beyond_NONTOPO,NONTOPO,NONTOPO(+)0D,0.9358940746589084,0.9357607391282852,-0.000133335530623,5.7723259076852605e-05,-0.0002516895409512,-2.546858450103162e-05,-0.0002307154125387,-4.1948256825241614e-05,0.0136,817,0.0,True,1.0,0.0,True,1.0,0.0,True,1.0,0.0,True,1.0
truthfulqa_phi3,LF_DEFL_beyond_NONTOPO,NONTOPO,NONTOPO(+)DEFL,0.9358940746589084,0.9357622372803148,-0.0001318373785935,6.266410302973974e-05,-0.000260678453128,-1.4981520294665708e-05,-0.0002397043247154,-3.14611926188757e-05,0.0268,817,0.0,True,1.0,0.0,True,1.0,0.0,True,1.0,0.0,True,1.0
truthfulqa_phi3,LF_SINK_beyond_NONTOPO,NONTOPO,NONTOPO(+)SINK,0.9358940746589084,0.9357127982633422,-0.000181276395566,0.000114289027072,-0.0004104936560751,3.8951952766264064e-05,-0.0003730398553384,1.498152029433264e-06,0.1074,817,0.0,True,1.0,0.0,True,1.0,0.0,True,1.0,0.0,True,1.0
truthfulqa_phi3,LF_0D_beyond_HIDDEN,HIDDEN,HIDDEN(+)0D,0.9323524432612372,0.9321112407844924,-0.0002412024767448,0.0001359460867565,-0.0005138661461088,1.8015278154489567e-05,-0.0004719178892834,-2.546858450103162e-05,0.066,817,0.0,True,1.0,0.0,True,1.0,0.0,True,1.0,0.0,True,1.0
truthfulqa_phi3,LF_0D_beyond_LOGPROB,LOGPROB,LOGPROB(+)0D,0.5770626931679773,0.6500197006991876,0.0729570075312102,0.0111534896526307,0.0510443992335453,0.0949560217471748,0.0548015772544565,0.0914404581948166,0.0,817,1.0,False,0.0,1.0,False,0.0,1.0,False,0.1178996150067868,1.0,False,0.4492237424027394
truthfulqa_phi3,LF_0D_beyond_SINK,SINK,SINK(+)0D,0.6502174567670778,0.6505680243419741,0.0003505675748963,0.0018293868703986,-0.0032106147067592,0.0039416754433406,-0.00264131693556,0.0033874715538382,0.8458,817,0.0,True,0.999867335366275,0.0,True,0.9999999999442144,0.0,True,1.0,0.0,True,1.0
truthfulqa_tinyllama,B_rowstat,0D,ROWSTAT,0.6537201362119825,0.6606820486929372,0.0069619124809546,0.0070340370853108,-0.0065905205928487,0.0208891457387312,-0.0043349028972761,0.0186805325630834,0.313,817,0.3358,False,0.0,0.1323,False,0.3741911886274458,0.0325,True,0.7692634797759799,0.0053,True,0.9437757101998044
truthfulqa_tinyllama,B_lex,0D,LEX,0.6537201362119825,0.8200734394124847,0.1663533032005021,0.0104821306105894,0.1459439781030099,0.1866804546591778,0.1490043281612131,0.1835642235302753,0.0,817,1.0,False,0.0,1.0,False,0.0,1.0,False,0.2075692075699036,1.0,False,0.5407956753586052
truthfulqa_tinyllama,B_llmcheck,0D,LLMCHECK,0.6537201362119825,0.6144565678235896,-0.0392635683883929,0.009491177041373,-0.0579191567201856,-0.0204811240335046,-0.0547118379478912,-0.0235342455081656,0.0,817,0.9986,False,0.0,0.993,False,0.0,0.978,False,0.356181535076236,0.9321,False,0.6774208213580928
truthfulqa_tinyllama,B_lookback,0D,LOOKBACK,0.6537201362119825,0.8503421030159298,0.1966219668039472,0.009142212368369,0.1786039170682961,0.2145643224083093,0.1816998482371994,0.2116545740828687,0.0,817,1.0,False,0.0,1.0,False,0.0,1.0,False,0.4127329352237749,1.0,False,0.7241609501599306
truthfulqa_tinyllama,B_hidden,0D,HIDDEN,0.6537201362119825,0.8828999429204076,0.229179806708425,0.0093452039034553,0.2109873346227427,0.2475218318204494,0.2137232224051632,0.2444235785159007,0.0,817,1.0,False,0.0,1.0,False,0.0,1.0,False,0.3795986368680764,1.0,False,0.6971380261559936
truthfulqa_tinyllama,B_logprob,0D,LOGPROB,0.6537201362119825,0.6366277197077405,-0.017092416504242,0.012981617142655,-0.0420394568300002,0.0084406634416447,-0.0385714970583784,0.0042805199786063,0.185,817,0.7053,False,0.0,0.5632,False,0.0,0.4127,False,0.0,0.2716,False,0.2212485689630605
truthfulqa_tinyllama,PH_0D_vs_entropy,PH_0D,PH_ENT,0.805790057963502,0.816678626913702,0.0108885689501999,0.0064544428000605,-0.0016524991423079,0.0235361556520032,0.0003590321338628,0.0215996068849075,0.0894,817,0.5547,False,0.0,0.2705,False,0.5029426013757157,0.08,False,0.8539946877399509,0.0158,True,0.974149305524876
truthfulqa_tinyllama,PH_topo_beyond_sink,PH_SINK,PH_SINK+PH_0DTOT,0.8079174338453518,0.8104478126231294,0.0025303787777776,0.0013586050823781,-0.0001124363098118,0.0051701601075073,0.0003056230140122,0.0047701909694392,0.0624,817,0.0,True,0.9999999890706186,0.0,True,1.0,0.0,True,1.0,0.0,True,1.0
truthfulqa_tinyllama,T1_reduction,0D,SINK,0.6537201362119825,0.6433394407997735,-0.010380695412209,0.0064160785035732,-0.0229681687638297,0.0024046089149034,-0.0209592967075113,0.0004510186684724,0.1146,817,0.5204,False,0.0,0.2343,False,0.5117048851768233,0.0637,False,0.8590642235405637,0.0121,True,0.9756529086119016
truthfulqa_tinyllama,T1_legacy_proxy,0D,LEGACY_MSTPROXY,0.6537201362119825,0.6269751261818547,-0.0267450100301278,0.0066489349285653,-0.0396434248354655,-0.013752998176749,-0.0374736512511816,-0.0156613816856906,0.0,817,0.9932,False,0.0,0.9593,False,0.45889759686075,0.8375,False,0.8271637926672915,0.5943,False,0.965582585929588
truthfulqa_tinyllama,T2_topo_beyond_sink,SINK,0D+SINK,0.6433394407997735,0.663206434862597,0.0198669940628235,0.0054436825084365,0.0090857302517345,0.0303945458277215,0.0107233227813492,0.0286866899679245,0.0008,817,0.9621,False,0.1523660071599957,0.8094,False,0.7332740943907421,0.4832,False,0.9575549413995224,0.1694,False,0.9967977558362544
truthfulqa_tinyllama,T3_deflated_beyond_sink,SINK,SINK+DEFL,0.6433394407997735,0.687906467372496,0.0445670265727226,0.0074742486370166,0.0298024761456742,0.0588740413699701,0.0322682471171809,0.0567425830238401,0.0,817,1.0,False,0.0,1.0,False,0.2826756654654514,0.9998,False,0.6974594735727759,0.9949,False,0.9108623382459192
truthfulqa_tinyllama,T4_1D_beyond_0D,0D,0D+1D,0.6537201362119825,0.660297023621363,0.0065768874093804,0.0041144543933917,-0.0014592375305061,0.0145815511566481,-0.0001394779539437,0.0133635161028871,0.1096,817,0.2101,False,0.5678994739196714,0.0206,True,0.9545893125364724,0.0004,True,0.9987003552528466,0.0,True,0.999990632731679
truthfulqa_tinyllama,T4b_1D_beyond_sink,SINK,SINK+1D,0.6433394407997735,0.651450435887333,0.0081109950875595,0.0043243081276175,-0.0003072709812446,0.0166819228481667,0.0010710288858692,0.0150929828057091,0.058,817,0.3351,False,0.4956461810902488,0.0524,False,0.9318342244033108,0.0036,True,0.9971190561550984,0.0,True,0.9999647230706116
truthfulqa_tinyllama,T6_answer_only_beyond_sink,SINK,SINK+ANS,0.6433394407997735,0.684710909093633,0.0413714682938595,0.0102317956206665,0.0214142105712603,0.0610962128214847,0.0245112653541856,0.0580384096217315,0.0,817,0.9994,False,0.0,0.9948,False,0.0,0.9817,False,0.2433154586051844,0.9438,False,0.5754255630621459
truthfulqa_tinyllama,PH_reduction,PH_0DTOT,PH_SINK,0.8036506968654165,0.8079174338453518,0.0042667369799352,0.0038896829770742,-0.003266121239451,0.011826711751055,-0.0021154655732155,0.0107029479137484,0.2808,817,0.0702,False,0.6455799936652213,0.0024,True,0.9729988916075404,0.0,True,0.999529396302576,0.0,True,0.9999982679008546
truthfulqa_tinyllama,I_0D_beyond_hidden,HIDDEN,HIDDEN+0D,0.8828999429204076,0.8825448808894228,-0.0003550620309847,0.0004054300298003,-0.0011670978847591,0.0004269733283993,-0.0010277322922176,0.0002997053134957,0.389,817,0.0,True,1.0,0.0,True,1.0,0.0,True,1.0,0.0,True,1.0
truthfulqa_tinyllama,I_0D_beyond_logprob,LOGPROB,LOGPROB+0D,0.6366277197077405,0.682836720904764,0.0462090011970235,0.0082785311132881,0.0298970469925346,0.0623698293155393,0.0326239833165789,0.0597300479858095,0.0,817,1.0,False,0.0,0.9999,False,0.1326787448639945,0.9996,False,0.5593131576223915,0.994,False,0.8308703450523307
truthfulqa_tinyllama,I_defl_beyond_lex,LEX,LEX+DEFL,0.8200734394124847,0.8255716573606456,0.0054982179481609,0.0053580872206123,-0.0048631887566686,0.0162146492301746,-0.0031476923215213,0.0144362678635902,0.2924,817,0.2005,False,0.1752844373428463,0.04,True,0.7517673943569627,0.0036,True,0.9631860791952792,0.0004,True,0.9974805076782765
truthfulqa_tinyllama,I_sink_beyond_lex,LEX,LEX+SINK,0.8200734394124847,0.8308271746800322,0.0107537352675475,0.003709367736107,0.0035294963662323,0.0180677883830294,0.0046636723601437,0.0168981810936209,0.0046,817,0.576,False,0.7067522483087982,0.1267,False,0.9835583886302957,0.0065,True,0.9998209671714556,0.0,True,0.9999996509630558
truthfulqa_tinyllama,I_0D_beyond_lex,LEX,LEX+0D,0.8200734394124847,0.8295926974077475,0.0095192579952628,0.0038706086196923,0.0019310430583874,0.017089420200183,0.0032148095324417,0.0158625085956473,0.0144,817,0.45,False,0.6521251660253149,0.0795,False,0.9742861239736348,0.0039,True,0.9995721680426072,0.0,True,0.9999985211963968
truthfulqa_tinyllama,I_defl_beyond_nontopo,NONTOPO,NONTOPO+DEFL,0.8847726329572473,0.8839007084760947,-0.0008719244811525,0.0006555803272172,-0.0021902982670876,0.0004179844162225,-0.0019477474535161,0.0002052468280375,0.1828,817,0.0,True,1.0,0.0,True,1.0,0.0,True,1.0,0.0,True,1.0
truthfulqa_tinyllama,I_0D_beyond_nontopo,NONTOPO,NONTOPO+0D,0.8847726329572473,0.8848864925114871,0.0001138595542398,0.0001747327717011,-0.0002307154125386,0.0004539400649299,-0.0001737856354186,0.00039701028781,0.528,817,0.0,True,1.0,0.0,True,1.0,0.0,True,1.0,0.0,True,1.0
truthfulqa_tinyllama,B_len,0D,LEN,0.6537201362119825,0.522706741234687,-0.1310133949772955,0.012695665852142,-0.1557973614546457,-0.1059308842542723,-0.1519523168172059,-0.1100472816780502,0.0,817,1.0,False,0.0,1.0,False,0.0,1.0,False,0.0,1.0,False,0.2543059870977862
truthfulqa_tinyllama,LF_0D_beyond_NONTOPO,NONTOPO,NONTOPO(+)0D,0.8844730025513529,0.8842797409395511,-0.0001932616118017,9.925694971442916e-05,-0.000394013983751,-1.4981520295442865e-06,-0.0003595564870731,-3.146119261898672e-05,0.048,817,0.0,True,1.0,0.0,True,1.0,0.0,True,1.0,0.0,True,1.0
truthfulqa_tinyllama,LF_DEFL_beyond_NONTOPO,NONTOPO,NONTOPO(+)DEFL,0.8844730025513529,0.8842018370340186,-0.0002711655173343,0.000443629097185,-0.001144625604317,0.0005992982655894,-0.0010052600117754,0.0004584345210183,0.5444,817,0.0,True,1.0,0.0,True,1.0,0.0,True,1.0,0.0,True,1.0
truthfulqa_tinyllama,LF_SINK_beyond_NONTOPO,NONTOPO,NONTOPO(+)SINK,0.8844730025513529,0.8843486559329068,-0.000124346618446,6.820456336477447e-05,-0.000260678453128,7.4907601473883645e-06,-0.0002382061726859,-1.3483368265343463e-05,0.0652,817,0.0,True,1.0,0.0,True,1.0,0.0,True,1.0,0.0,True,1.0
truthfulqa_tinyllama,LF_0D_beyond_HIDDEN,HIDDEN,HIDDEN(+)0D,0.8826902016362816,0.8824774640480967,-0.0002127375881849,0.0001324722375477,-0.0004794086494309,4.348386265541016e-05,-0.0004359622405761,0.0,0.101,817,0.0,True,1.0,0.0,True,1.0,0.0,True,1.0,0.0,True,1.0
truthfulqa_tinyllama,LF_0D_beyond_LOGPROB,LOGPROB,LOGPROB(+)0D,0.6356718987129376,0.6782224126539913,0.0425505139410536,0.0076139332773173,0.0275089177499554,0.0573958147624903,0.0300568249064778,0.0550591844959243,0.0,817,0.9999,False,0.0,0.9999,False,0.2549845179131638,0.9985,False,0.6738556176587709,0.9881,False,0.8987034942866121
truthfulqa_tinyllama,LF_0D_beyond_SINK,SINK,SINK(+)0D,0.6427866227008985,0.6566894735343953,0.0139028508334968,0.0041046915484124,0.0056675091274912,0.0218971773317612,0.0070651351557852,0.0206478309005841,0.0008,817,0.8265,False,0.5712794880721965,0.3925,False,0.9555160086294654,0.0665,False,0.9987517518717868,0.0024,True,0.9999912409354916
truthfulqa_smollm,T1_reduction,0D,SINK,0.582862039674062,0.6108625011048872,0.0280004614308251,0.0118453246463467,0.0052330075851436,0.0513060140316918,0.0089108584560943,0.0476858045600751,0.0156,817,0.9392,False,0.0,0.8645,False,0.0,0.7476,False,0.0347578141747459,0.6022,False,0.3585580897125231
truthfulqa_smollm,T1_legacy_proxy,0D,LEGACY_MSTPROXY,0.582862039674062,0.5846283609168091,0.0017663212427471,0.0026733879989379,-0.0035416313976709,0.0069724369989617,-0.0026757744322378,0.0061693900573641,0.495,817,0.0008,True,0.963892809210806,0.0,True,0.9999269124276188,0.0,True,0.9999999946624089,0.0,True,0.9999999999999872
truthfulqa_smollm,T2_topo_beyond_sink,SINK,0D+SINK,0.6108625011048872,0.6409453938566778,0.0300828927517906,0.0057646239287495,0.0188975773383531,0.0411499665163021,0.0205370425580047,0.03938948806647,0.0,817,0.9997,False,0.0716054356320701,0.9955,False,0.661545885852679,0.9598,False,0.931936087408244,0.8051,False,0.9928962855425972
truthfulqa_smollm,T3_deflated_beyond_sink,SINK,SINK+DEFL,0.6108625011048872,0.6521350913648015,0.0412725902599143,0.0071900482762927,0.0271989126412569,0.055356754942778,0.0295057296824366,0.0531694155259487,0.0,817,1.0,False,0.0,1.0,False,0.3410499510147788,0.9985,False,0.7443650775358899,0.9884,False,0.93307457139942
truthfulqa_smollm,T4_1D_beyond_0D,0D,0D+1D,0.582862039674062,0.5875872111750157,0.0047251715009536,0.005677497245554,-0.0062115630369938,0.0158115339728445,-0.0043673378887142,0.0141339407840428,0.413,817,0.1794,False,0.0927324961513851,0.036,True,0.6813110020953272,0.0026,True,0.9395949342823536,0.0001,True,0.9941931815864032
truthfulqa_smollm,T4b_1D_beyond_sink,SINK,SINK+1D,0.6108625011048872,0.6288433217626058,0.0179808206577186,0.0059669849205403,0.0062232860766244,0.0299650256408718,0.0081796853581108,0.0280456307145136,0.0028,817,0.9121,False,0.0247580834283267,0.6982,False,0.615141256579727,0.3698,False,0.9121636164076634,0.1221,False,0.989068064301894
truthfulqa_smollm,T6_answer_only_beyond_sink,SINK,SINK+ANS,0.6108625011048872,0.6464585933251334,0.0355960922202462,0.0107877478695141,0.0141916570909782,0.0568341201128408,0.0177424646698298,0.0532804285913326,0.0008,817,0.9907,False,0.0,0.9706,False,0.0,0.9246,False,0.1656309621631357,0.8409,False,0.4987919791930608
truthfulqa_smollm,PH_reduction,PH_0DTOT,PH_SINK,0.8189453309342926,0.7197916370157411,-0.0991536939185514,0.0081587345600072,-0.1150838440783294,-0.0833436206439357,-0.1125897954872663,-0.085976922466138,0.0,817,1.0,False,0.0,1.0,False,0.1535631965423212,1.0,False,0.5800493794702251,1.0,False,0.8442021399729407
truthfulqa_smollm,PH_topo_beyond_sink,PH_SINK,PH_SINK+PH_0DTOT,0.7197916370157411,0.825661546482414,0.1058699094666728,0.0074437042182255,0.0916014346303834,0.120468127564649,0.0938007218096478,0.1181114595146886,0.0,817,1.0,False,0.0,1.0,False,0.2888202528033265,1.0,False,0.7025793721251592,1.0,False,0.9134141931700211
truthfulqa_smollm,PH_0D_vs_entropy,PH_0D,PH_ENT,0.8000446449304782,0.8340871534961625,0.0340425085656842,0.0060527192203067,0.0222398047009014,0.0459573865636736,0.0239252631878577,0.0439641701960631,0.0,817,1.0,False,0.0058216038642766,0.9993,False,0.5953646770680199,0.9907,False,0.902974117648981,0.9311,False,0.9870638172057626
truthfulqa_smollm,B_logprob,0D,LOGPROB,0.582862039674062,0.5883452761019282,0.0054832364278661,0.0133752355626373,-0.0207795559177754,0.0314232893725589,-0.01677053854071,0.0273340834081161,0.6748,817,0.3647,False,0.0,0.2336,False,0.0,0.1342,False,0.0,0.0713,False,0.177454596414978
truthfulqa_smollm,B_hidden,0D,HIDDEN,0.582862039674062,0.8937420691576939,0.3108800294836319,0.0090388059999844,0.2930963656329917,0.3283681453926582,0.2958534897204298,0.3256133059870649,0.0,817,1.0,False,0.0,1.0,False,0.0116946508723208,1.0,False,0.4298482373343049,1.0,False,0.7377114614149602
truthfulqa_smollm,B_lookback,0D,LOOKBACK,0.582862039674062,0.8628786391985486,0.2800165995244865,0.009461235231822,0.2613656554639851,0.298745222767716,0.2642678006678762,0.2953238929780116,0.0,817,1.0,False,0.0,1.0,False,0.0,1.0,False,0.3609555661220831,1.0,False,0.6814817551025876
truthfulqa_smollm,B_llmcheck,0D,LLMCHECK,0.582862039674062,0.6039080793840798,0.0210460397100177,0.0094460079520455,0.0028412453238929,0.0395577305393796,0.0057394204249059,0.0367261482960767,0.0242,817,0.8792,False,0.0,0.7393,False,0.0,0.5457,False,0.3633893234265728,0.3433,False,0.6835438873481978
truthfulqa_smollm,B_lex,0D,LEX,0.582862039674062,0.8200734394124847,0.2372113997384226,0.0115407394164231,0.2142619578749612,0.2598966424914867,0.2180796237840624,0.2561123104650414,0.0,817,1.0,False,0.0,1.0,False,0.0,1.0,False,0.0702326767275509,1.0,False,0.3979016724538531
truthfulqa_smollm,B_rowstat,0D,ROWSTAT,0.582862039674062,0.6732155885714971,0.090353548897435,0.0070465730025798,0.0766451207435628,0.1042911194042149,0.0788661685810552,0.1020006322201564,0.0,817,1.0,False,0.0,1.0,False,0.371501074550387,1.0,False,0.7672893903012845,1.0,False,0.9429555736640204
truthfulqa_smollm,B_len,0D,LEN,0.582862039674062,0.5240011445881505,-0.0588608950859115,0.0093153831227075,-0.0763908468903608,-0.0404539625372104,-0.0738085571447619,-0.0432374166465664,0.0,817,1.0,False,0.0,1.0,False,0.0,1.0,False,0.3844258057648826,1.0,False,0.7011391047439588
truthfulqa_smollm,I_0D_beyond_nontopo,NONTOPO,NONTOPO+0D,0.8992387889538255,0.8991953425449708,-4.344640885467488e-05,0.0003680998252485,-0.0007805372073547,0.0006561905889086,-0.0006667525607163,0.0005498967024175,0.9112,817,0.0,True,1.0,0.0,True,1.0,0.0,True,1.0,0.0,True,1.0
truthfulqa_smollm,I_defl_beyond_nontopo,NONTOPO,NONTOPO+DEFL,0.8992387889538255,0.8985151815235907,-0.0007236074302348,0.0005666602409523,-0.0018367718419329,0.0003566350906158,-0.0016734358169198,0.0001752837874482,0.1916,817,0.0,True,1.0,0.0,True,1.0,0.0,True,1.0,0.0,True,1.0
truthfulqa_smollm,I_0D_beyond_lex,LEX,LEX+0D,0.8200734394124847,0.8267971457207535,0.0067237063082687,0.003343929616496,0.0002439740579995,0.0134145281794906,0.0012596462263797,0.0122568311987163,0.04,817,0.1608,False,0.8215813349793679,0.0086,True,0.9955011710269872,0.0003,True,0.9999854989109582,0.0,True,0.9999999945029256
truthfulqa_smollm,I_sink_beyond_lex,LEX,LEX+SINK,0.8200734394124847,0.8189288512619683,-0.0011445881505163,0.0033508832213566,-0.0076228971563576,0.0054473556867603,-0.0065469992763924,0.0044318333335829,0.741,817,0.0041,True,0.8195706373483103,0.0,True,0.9953681081193564,0.0,True,0.999984658141259,0.0,True,0.9999999939679204
truthfulqa_smollm,I_defl_beyond_lex,LEX,LEX+DEFL,0.8200734394124847,0.8219596128175896,0.0018861734051048,0.0044933411846687,-0.0067749431076766,0.0107926872203137,-0.0054622622994535,0.0092820256213959,0.6714,817,0.0363,True,0.4385315691435016,0.0019,True,0.909624348889212,0.0,True,0.994986688087071,0.0,True,0.999911058858228
truthfulqa_smollm,I_0D_beyond_logprob,LOGPROB,LOGPROB+0D,0.5883452761019282,0.6134288355313721,0.0250835594294438,0.0060910303353665,0.0132960243539593,0.0371904630638107,0.0151454181267407,0.0351333130583424,0.0002,817,0.9928,False,0.0,0.9522,False,0.5865194182443876,0.8053,False,0.8987165573305564,0.5022,False,0.9860885690762032
truthfulqa_smollm,I_0D_beyond_hidden,HIDDEN,HIDDEN+0D,0.8937420691576939,0.8937885118706076,4.644271291365243e-05,0.0004375648183316,-0.000807541397686,0.0009093782818893,-0.0006696739571738,0.0007775409032957,0.9244,817,0.0,True,1.0,0.0,True,1.0,0.0,True,1.0,0.0,True,1.0
truthfulqa_smollm,LF_0D_beyond_NONTOPO,NONTOPO,NONTOPO(+)0D,0.8989047010512533,0.8987429006320703,-0.000161800419183,6.885917438976238e-05,-0.0002966341018353,-2.6966736530464885e-05,-0.0002741618213932,-4.794086494308569e-05,0.0194,817,0.0,True,1.0,0.0,True,1.0,0.0,True,1.0,0.0,True,1.0
truthfulqa_smollm,LF_DEFL_beyond_NONTOPO,NONTOPO,NONTOPO(+)DEFL,0.8989047010512533,0.898706944983363,-0.0001977560678902,8.032346618825493e-05,-0.0003535638789552,-3.8951952766264064e-05,-0.0003265971424248,-6.292238523786242e-05,0.0144,817,0.0,True,1.0,0.0,True,1.0,0.0,True,1.0,0.0,True,1.0
truthfulqa_smollm,LF_SINK_beyond_NONTOPO,NONTOPO,NONTOPO(+)SINK,0.8989047010512533,0.8987024505272746,-0.0002022505239787,0.0001671358035689,-0.0005348402745214,0.0001198896161585,-0.0004824049534898,6.89149933557065e-05,0.2216,817,0.0,True,1.0,0.0,True,1.0,0.0,True,1.0,0.0,True,1.0
truthfulqa_smollm,LF_0D_beyond_HIDDEN,HIDDEN,HIDDEN(+)0D,0.8934094794071513,0.8930933693289328,-0.0003161100782185,0.0001135634257375,-0.0005408328826392,-9.887803394514894e-05,-0.0005048772339318,-0.0001318373785934,0.0044,817,0.0,True,1.0,0.0,True,1.0,0.0,True,1.0,0.0,True,1.0
truthfulqa_smollm,LF_0D_beyond_LOGPROB,LOGPROB,LOGPROB(+)0D,0.5875722296547209,0.6067980146489306,0.0192257849942096,0.0057288532434133,0.0081468383748646,0.030743652704389,0.0097957419523017,0.0287559045916861,0.0006,817,0.9465,False,0.0802085399898981,0.7676,False,0.669680947524308,0.4478,False,0.9351435707754392,0.1538,False,0.9934524641888016
truthfulqa_smollm,LF_0D_beyond_SINK,SINK,SINK(+)0D,0.6102692329012164,0.6327564948635858,0.0224872619623693,0.0050828620847365,0.0124121521103718,0.0322870863789516,0.0140898951143764,0.0306583329463107,0.0,817,0.9938,False,0.2529577799738423,0.926,False,0.8085289185749642,0.6834,False,0.977975052817069,0.3086,False,0.998938263876622
truthfulqa_mistral,I_0D_beyond_hidden,HIDDEN,HIDDEN+0D,0.9555663089579004,0.9556097553667552,4.344640885467488e-05,0.0002982791991605,-0.0005423310346687,0.0006202349402012,-0.0004524419129003,0.0005363384265508,0.897,817,0.0,True,1.0,0.0,True,1.0,0.0,True,1.0,0.0,True,1.0
truthfulqa_mistral,I_0D_beyond_logprob,LOGPROB,LOGPROB+0D,0.6408495121267916,0.7223414917699018,0.0814919796431101,0.0093288783091297,0.0633401823850281,0.0999601491560161,0.0663439397503179,0.0968841434091048,0.0,817,1.0,False,0.0,1.0,False,0.0,1.0,False,0.3822395252265276,1.0,False,0.6993296684723715
truthfulqa_mistral,I_defl_beyond_lex,LEX,LEX+DEFL,0.8202756899364634,0.8234337944145896,0.0031581044781262,0.0074337150688499,-0.0113802249924717,0.0178865868950649,-0.009159926230994,0.0154375577724875,0.655,817,0.1807,False,0.0,0.0564,False,0.2908366467115733,0.0124,True,0.7042501704116857,0.0018,True,0.9142402895621144
truthfulqa_mistral,I_sink_beyond_lex,LEX,LEX+SINK,0.8202756899364634,0.8333275904172204,0.0130519004807569,0.0057812362884215,0.0020071491814846,0.0244157956161075,0.0036163142763401,0.022710561522362,0.0224,817,0.7018,False,0.0676433710869137,0.3722,False,0.6577592397225271,0.1163,False,0.9304167562599082,0.0201,True,0.9926263601964004
truthfulqa_mistral,I_0D_beyond_lex,LEX,LEX+0D,0.8202756899364634,0.8335238483330811,0.0132481583966177,0.0057919124376708,0.0021886877536559,0.0246691331242912,0.0038468798736758,0.0229203028064881,0.0206,817,0.7152,False,0.0651082100416216,0.3841,False,0.6553230156151397,0.124,False,0.9294304166205672,0.0221,True,0.9924489170606644
truthfulqa_mistral,I_defl_beyond_nontopo,NONTOPO,NONTOPO+DEFL,0.9585895797533742,0.9589865900411844,0.00039701028781,0.0003155888654975,-0.0002217639541625,0.0010217771379004,-0.0001228484664167,0.0009108764339187,0.2046,817,0.0,True,1.0,0.0,True,1.0,0.0,True,1.0,0.0,True,1.0
truthfulqa_mistral,I_0D_beyond_nontopo,NONTOPO,NONTOPO+0D,0.9585895797533742,0.9582959419555978,-0.0002936377977764,0.0001198616021294,-0.0005378365785803,-6.142423320842638e-05,-0.0004928920176962,-9.737988191571568e-05,0.0144,817,0.0,True,1.0,0.0,True,1.0,0.0,True,1.0,0.0,True,1.0
truthfulqa_mistral,B_len,0D,LEN,0.6844876844412418,0.5252550978368182,-0.1592325866044235,0.0120148317525856,-0.1833536208087323,-0.1359138502656973,-0.179172016317872,-0.1395673187123682,0.0,817,1.0,False,0.0,1.0,False,0.0,1.0,False,0.0157616765389272,1.0,False,0.3370964671889132
truthfulqa_mistral,B_rowstat,0D,ROWSTAT,0.6844876844412418,0.69424664676122,0.0097589623199783,0.0085663586865254,-0.0071762231287706,0.0263632808930184,-0.0041744508149197,0.0237942497928805,0.252,817,0.486,False,0.0,0.2712,False,0.0845621170318524,0.118,False,0.5097181817012446,0.036,True,0.7971732390203949
truthfulqa_mistral,B_lex,0D,LEX,0.6844876844412418,0.8202756899364634,0.1357880054952216,0.0118388180100578,0.1118698585295037,0.158461824839061,0.1157499224706324,0.1547949853855269,0.0,817,1.0,False,0.0,1.0,False,0.0,1.0,False,0.0354975047649508,1.0,False,0.3593882712326122
truthfulqa_mistral,B_llmcheck,0D,LLMCHECK,0.6844876844412418,0.6524332236186664,-0.0320544608225753,0.0099706976845839,-0.0513133549766362,-0.0126698717132417,-0.0483156276732649,-0.015863257671662,0.0014,817,0.9881,False,0.0,0.9572,False,0.0,0.888,False,0.2819185382823284,0.7581,False,0.6115839809160588
truthfulqa_mistral,B_lookback,0D,LOOKBACK,0.6844876844412418,0.9326640588833672,0.2481763744421256,0.0091065139589322,0.2302358915278004,0.2658172269505564,0.2331063882700688,0.2629611873753724,0.0,817,1.0,False,0.0,1.0,False,0.0018502470682506,1.0,False,0.4186243700730196,1.0,False,0.7288569240644165
truthfulqa_mistral,B_hidden,0D,HIDDEN,0.6844876844412418,0.9555663089579004,0.2710786245166586,0.0091068005862533,0.2528801972766592,0.2884325434576449,0.2559651170281458,0.2856165419954486,0.0,817,1.0,False,0.0,1.0,False,0.0018088823777875,1.0,False,0.4185769937123933,1.0,False,0.7288192931486437
truthfulqa_mistral,B_logprob,0D,LOGPROB,0.6844876844412418,0.6408495121267916,-0.0436381723144501,0.01424531028097,-0.0713984799749509,-0.0161238986709893,-0.0672793109699186,-0.0202652028722571,0.0022,817,0.9919,False,0.0,0.9801,False,0.0,0.9521,False,0.0,0.9059,False,0.0876777846544583
truthfulqa_mistral,PH_0D_vs_entropy,PH_0D,PH_ENT,0.8930064765112234,0.8967338787605489,0.0037274022493254,0.0042349131127212,-0.0045409362551293,0.0120606107366563,-0.0032930130683801,0.0106384524688796,0.3932,817,0.0694,False,0.5262987577154703,0.0029,True,0.9421894383508214,0.0,True,0.997914605913648,0.0,True,0.9999794155547608
truthfulqa_mistral,PH_topo_beyond_sink,PH_SINK,PH_SINK+PH_0DTOT,0.9025976458039008,0.90328080312934,0.0006831573254391,0.0006787809536984,-0.0006666776531148,0.0020060255674625,-0.0004584345210183,0.0017873702787611,0.3244,817,0.0,True,1.0,0.0,True,1.0,0.0,True,1.0,0.0,True,1.0
truthfulqa_mistral,T1_reduction,0D,SINK,0.6844876844412418,0.6845326290021259,4.494456088410814e-05,0.0003857987916383,-0.0007131578198292,0.0008075039438851,-0.0005917700516413,0.0006801610213801,0.8896,817,0.0,True,1.0,0.0,True,1.0,0.0,True,1.0,0.0,True,1.0
truthfulqa_mistral,T1_legacy_proxy,0D,LEGACY_MSTPROXY,0.6844876844412418,0.6463312504026284,-0.0381564340386133,0.0077002167534006,-0.0533312908527331,-0.0232451021664776,-0.0509162697812247,-0.0256990751907522,0.0,817,0.9999,False,0.0,0.9983,False,0.2382194842308278,0.9916,False,0.659144295142085,0.9592,False,0.8908019767441719
truthfulqa_mistral,T2_topo_beyond_sink,SINK,0D+SINK,0.6845326290021259,0.6850270191718515,0.0004943901697256,0.0007094588933005,-0.0008869434552479,0.0018817538566178,-0.0006621831970264,0.0016629487527135,0.4816,817,0.0,True,1.0,0.0,True,1.0,0.0,True,1.0,0.0,True,1.0
truthfulqa_mistral,T3_deflated_beyond_sink,SINK,SINK+DEFL,0.6845326290021259,0.7395342844601185,0.0550016554579926,0.009212885986765,0.0364478665566024,0.072999143057039,0.0395315877864653,0.0699431750935222,0.0,817,1.0,False,0.0,1.0,False,0.0,0.9999,False,0.4011248430605025,0.9995,False,0.7148117538294643
truthfulqa_mistral,T4_1D_beyond_0D,0D,0D+1D,0.6844876844412418,0.6845506068264795,6.29223852377514e-05,0.000260011648387,-0.0004104936560751,0.0006172386361422,-0.00034008051069,0.0005138661461088,0.8154,817,0.0,True,1.0,0.0,True,1.0,0.0,True,1.0,0.0,True,1.0
truthfulqa_mistral,T4b_1D_beyond_sink,SINK,SINK+1D,0.6845326290021259,0.6845700828028627,3.74538007368308e-05,0.00028712649129,-0.0004959257755559,0.000632220156437,-0.0004179844162226,0.0005288476664034,0.9164,817,0.0,True,1.0,0.0,True,1.0,0.0,True,1.0,0.0,True,1.0
truthfulqa_mistral,T6_answer_only_beyond_sink,SINK,SINK+ANS,0.6845326290021259,0.727217976625832,0.0426853476237061,0.0091879906218312,0.0245932517239985,0.0603564628031323,0.027240598721477,0.0576347325573904,0.0,817,0.9996,False,0.0,0.9981,False,0.0,0.9925,False,0.4052053525315533,0.9724,False,0.7181127721362488
truthfulqa_mistral,PH_reduction,PH_0DTOT,PH_SINK,0.8870273517616021,0.9025976458039008,0.0155702940422988,0.0028680884518709,0.0101184813532507,0.0213922251902279,0.0109813794684256,0.0203451292830293,0.0,817,0.9777,False,0.9344940081505048,0.5864,False,0.9996630646117436,0.0625,False,0.9999999009357314,0.0002,True,0.99999999999847
truthfulqa_mistral,LF_0D_beyond_NONTOPO,NONTOPO,NONTOPO(+)0D,0.958277964131244,0.9581551156648276,-0.0001228484664166,0.0001065289726108,-0.0003385823586605,8.093766339224096e-05,-0.0003011285579238,5.243532103149651e-05,0.2502,817,0.0,True,1.0,0.0,True,1.0,0.0,True,1.0,0.0,True,1.0
truthfulqa_mistral,LF_DEFL_beyond_NONTOPO,NONTOPO,NONTOPO(+)DEFL,0.958277964131244,0.958198562073682,-7.940205756196139e-05,0.0001283404206917,-0.0003340879025721,0.0001662948752713,-0.0002921396457469,0.0001303392265641,0.5298,817,0.0,True,1.0,0.0,True,1.0,0.0,True,1.0,0.0,True,1.0
truthfulqa_mistral,LF_SINK_beyond_NONTOPO,NONTOPO,NONTOPO(+)SINK,0.958277964131244,0.9581506212087392,-0.000127342922505,0.0001067689029862,-0.0003430768147489,7.640575350309486e-05,-0.0003056230140122,4.794086494308569e-05,0.2344,817,0.0,True,1.0,0.0,True,1.0,0.0,True,1.0,0.0,True,1.0
truthfulqa_mistral,LF_0D_beyond_HIDDEN,HIDDEN,HIDDEN(+)0D,0.9552142432309746,0.9550839040044106,-0.000130339226564,9.536377155522294e-05,-0.0003191063822775,5.543162509047406e-05,-0.0002876451896585,2.546858450103162e-05,0.1706,817,0.0,True,1.0,0.0,True,1.0,0.0,True,1.0,0.0,True,1.0
truthfulqa_mistral,LF_0D_beyond_LOGPROB,LOGPROB,LOGPROB(+)0D,0.6399820821017275,0.7188103474364371,0.0788282653347096,0.0093364955113513,0.0610496202933681,0.0973845261869484,0.0638706405648633,0.0943882970356066,0.0,817,1.0,False,0.0,1.0,False,0.0,1.0,False,0.3810068012237395,1.0,False,0.6983074560061215
truthfulqa_mistral,LF_0D_beyond_SINK,SINK,SINK(+)0D,0.6839123940619246,0.6839633312309267,5.093716900206324e-05,0.000238352711034,-0.0004210181740822,0.0005183980559979,-0.0003415786627195,0.0004419548486941,0.846,817,0.0,True,1.0,0.0,True,1.0,0.0,True,1.0,0.0,True,1.0
truthfulqa_mistral_chat,T1_reduction,0D,SINK,0.6884278242787522,0.6883708945016322,-5.692977711990732e-05,0.0003383951004885,-0.0007191129741463,0.0006007964176189,-0.0006142423320832,0.0004959632293566,0.8826,817,0.0,True,1.0,0.0,True,1.0,0.0,True,1.0,0.0,True,1.0
truthfulqa_mistral_chat,T1_legacy_proxy,0D,LEGACY_MSTPROXY,0.6884278242787522,0.6518744129116735,-0.0365534113670786,0.0077270371007768,-0.0517762090461415,-0.0215418531241713,-0.0493536972144859,-0.0240000958817298,0.0,817,0.9995,False,0.0,0.997,False,0.2330616585064631,0.9847,False,0.6545546369107833,0.9365,False,0.8882866711527777
truthfulqa_mistral_chat,T2_topo_beyond_sink,SINK,0D+SINK,0.6883708945016322,0.6887214620765286,0.0003505675748963,0.0006628489425608,-0.0009333861681616,0.0016524616885071,-0.0007281018863232,0.0014338063998058,0.5924,817,0.0,True,1.0,0.0,True,1.0,0.0,True,1.0,0.0,True,1.0
truthfulqa_mistral_chat,T3_deflated_beyond_sink,SINK,SINK+DEFL,0.6883708945016322,0.7556544002972334,0.0672835057956011,0.009274017024131,0.0486311759444724,0.0853306196806239,0.0519284961999374,0.0823963391157007,0.0,817,1.0,False,0.0,1.0,False,0.0,1.0,False,0.3911454256497904,1.0,False,0.7066724467025085
truthfulqa_mistral_chat,T4_1D_beyond_0D,0D,0D+1D,0.6884278242787522,0.6882615294034808,-0.0001662948752713,0.0003698126997202,-0.0009184046478668,0.0005468629445579,-0.0007850316634431,0.0004344640885467,0.6502,817,0.0,True,1.0,0.0,True,1.0,0.0,True,1.0,0.0,True,1.0
truthfulqa_mistral_chat,T4b_1D_beyond_sink,SINK,SINK+1D,0.6883708945016322,0.6881851236499777,-0.0001857708516544,0.0003773776531272,-0.00093788062425,0.0005483236427866,-0.0008045076398262,0.0004239770243404,0.627,817,0.0,True,1.0,0.0,True,1.0,0.0,True,1.0,0.0,True,1.0
truthfulqa_mistral_chat,T6_answer_only_beyond_sink,SINK,SINK+ANS,0.6883708945016322,0.7511644386649068,0.0627935441632745,0.0090607589008641,0.0446844442380323,0.0803433464821142,0.0475463266061313,0.0776987336120894,0.0,817,1.0,False,0.0,1.0,False,0.0084868118081047,1.0,False,0.4262021173659558,1.0,False,0.7348482725886827
truthfulqa_mistral_chat,PH_reduction,PH_0DTOT,PH_SINK,0.8901689765674041,0.9065662505299712,0.0163972739625671,0.002913022784148,0.0107189032328623,0.0221921634663643,0.0117454370034562,0.0212452939299374,0.0,817,0.9873,False,0.9262250538902914,0.6853,False,0.9995424256395976,0.1061,False,0.999999821912388,0.002,True,0.9999999999960032
truthfulqa_mistral_chat,PH_topo_beyond_sink,PH_SINK,PH_SINK+PH_0DTOT,0.9065662505299712,0.9071774965579956,0.0006112460280244,0.0007141889336551,-0.0008090770035161,0.0019731036766149,-0.0005917700516412,0.0017558341785407,0.3872,817,0.0,True,1.0,0.0,True,1.0,0.0,True,1.0,0.0,True,1.0
truthfulqa_mistral_chat,PH_0D_vs_entropy,PH_0D,PH_ENT,0.9003863734084008,0.9014995003662982,0.0011131269578974,0.0041910313192344,-0.0070234490755652,0.0094084696526833,-0.0058144029339809,0.0079942141368622,0.7952,817,0.0177,True,0.5414241308594101,0.0003,True,0.946913632216812,0.0,True,0.998235450637432,0.0,True,0.9999844158231272
truthfulqa_mistral_chat,B_logprob,0D,LOGPROB,0.6884278242787522,0.6433544223200682,-0.0450734019586839,0.0147631631367029,-0.0743626112190613,-0.0160834485661935,-0.0695012951524295,-0.0211837198815261,0.0012,817,0.992,False,0.0,0.9799,False,0.0,0.9578,False,0.0,0.916,False,0.0387224066829259
truthfulqa_mistral_chat,B_hidden,0D,HIDDEN,0.6884278242787522,0.9584966943275468,0.2700688700487947,0.0088930381237759,0.2522988019278219,0.2872411380562077,0.2554476553171662,0.2844446874779959,0.0,817,1.0,False,0.0,1.0,False,0.0333889263195394,1.0,False,0.4542205721294161,1.0,False,0.7565206255929877
truthfulqa_mistral_chat,B_lookback,0D,LOOKBACK,0.6884278242787522,0.9302445433557708,0.2418167190770185,0.0088994642112757,0.2244436986976563,0.2592973442258973,0.2271168513638426,0.2561126100954473,0.0,817,1.0,False,0.0,1.0,False,0.0324179817821941,1.0,False,0.4531404536444827,1.0,False,0.755699265625263
truthfulqa_mistral_chat,B_llmcheck,0D,LLMCHECK,0.6884278242787522,0.6526489575109103,-0.0357788667678418,0.0100486848702679,-0.0554930867774599,-0.0163522919478823,-0.052075240191224,-0.0192951494331742,0.0008,817,0.9958,False,0.0,0.9827,False,0.0,0.9428,False,0.2702488478109379,0.8597,False,0.6007906404892198
truthfulqa_mistral_chat,B_lex,0D,LEX,0.6884278242787522,0.8202756899364634,0.1318478656577112,0.0117101224678355,0.1082338435539762,0.1543767387926991,0.1121228964072816,0.1508057810690512,0.0,817,1.0,False,0.0,1.0,False,0.0,1.0,False,0.0502895878130229,1.0,False,0.3759025135400162
truthfulqa_mistral_chat,B_rowstat,0D,ROWSTAT,0.6884278242787522,0.6998602224156503,0.0114323981368981,0.0085549417805293,-0.0052627459029287,0.0280167912879462,-0.0025483566021312,0.0254255875377721,0.1796,817,0.5608,False,0.0,0.3419,False,0.0864159214022348,0.1628,False,0.5116756545818595,0.0549,False,0.7985509111878661
truthfulqa_mistral_chat,I_0D_beyond_hidden,HIDDEN,HIDDEN+0D,0.9584966943275468,0.95851617030393,1.9475976383187543e-05,0.0002626074242792,-0.0005033790819024,0.0005273495143739,-0.0004224788723109,0.0004494456088415,0.9562,817,0.0,True,1.0,0.0,True,1.0,0.0,True,1.0,0.0,True,1.0
truthfulqa_mistral_chat,I_0D_beyond_logprob,LOGPROB,LOGPROB+0D,0.6433544223200682,0.7291431019837031,0.0857886796636349,0.0095113110330402,0.0672729438237933,0.1046285406950527,0.0702421313310032,0.1016830988975099,0.0,817,1.0,False,0.0,1.0,False,0.0,1.0,False,0.3529799605103183,1.0,False,0.6746857071878669
truthfulqa_mistral_chat,I_defl_beyond_lex,LEX,LEX+DEFL,0.8202756899364634,0.8350294911227002,0.0147538011862368,0.0076429718706259,4.037519719422573e-05,0.0299962621106864,0.0023246075965297,0.027415058525309,0.0488,817,0.7345,False,0.0,0.4884,False,0.2493130804943055,0.2479,False,0.6689143883309723,0.0905,False,0.8960769990518467
truthfulqa_mistral_chat,I_sink_beyond_lex,LEX,LEX+SINK,0.8202756899364634,0.8338774122120365,0.0136017222755731,0.0058044170404672,0.0025003782833874,0.0249549430777136,0.0041239630915266,0.0233172381866967,0.016,817,0.7357,False,0.062149889665396,0.4086,False,0.652467001372278,0.1367,False,0.9282653024088936,0.0244,True,0.9922370827810788
truthfulqa_mistral_chat,I_0D_beyond_lex,LEX,LEX+0D,0.8202756899364634,0.8339987625264237,0.0137230725899603,0.0058128900963817,0.0025767840368905,0.0251093276443506,0.0042665122571307,0.0234723718293485,0.0154,817,0.7417,False,0.0601520929619727,0.417,False,0.6505302768680807,0.1424,False,0.9274697992744998,0.0261,True,0.9920910674272864
truthfulqa_mistral_chat,I_defl_beyond_nontopo,NONTOPO,NONTOPO+DEFL,0.9603813695806224,0.9608353096455522,0.0004539400649299,0.0003272618290181,-0.0001992916737204,0.0010981454376026,-9.438357785673812e-05,0.0009872821874218,0.163,817,0.0,True,1.0,0.0,True,1.0,0.0,True,1.0,0.0,True,1.0
truthfulqa_mistral_chat,I_0D_beyond_nontopo,NONTOPO,NONTOPO+0D,0.9603813695806224,0.9602015913370856,-0.0001797782435365,0.0001157868862687,-0.0004074973520162,4.794086494308569e-05,-0.00036854539925,1.198521623579918e-05,0.1234,817,0.0,True,1.0,0.0,True,1.0,0.0,True,1.0,0.0,True,1.0
truthfulqa_mistral_chat,B_len,0D,LEN,0.6884278242787522,0.5252550978368182,-0.1631727264419339,0.0122915750142792,-0.1877338053510993,-0.139340273772302,-0.1837129900268019,-0.1429896223008918,0.0,817,1.0,False,0.0,1.0,False,0.0,1.0,False,0.0,1.0,False,0.3027681222604066
truthfulqa_mistral_chat,LF_0D_beyond_NONTOPO,NONTOPO,NONTOPO(+)0D,0.960110204063288,0.9599978426610776,-0.0001123614022103,0.0001114266865047,-0.0003325897505427,9.887803394514894e-05,-0.0002966341018354,6.741684132627324e-05,0.3064,817,0.0,True,1.0,0.0,True,1.0,0.0,True,1.0,0.0,True,1.0
truthfulqa_mistral_chat,LF_DEFL_beyond_NONTOPO,NONTOPO,NONTOPO(+)DEFL,0.960110204063288,0.9600727502625512,-3.74538007368308e-05,0.0001119435574082,-0.000263674757187,0.0001783175453079,-0.0002217265003618,0.0001438975024308,0.7588,817,0.0,True,1.0,0.0,True,1.0,0.0,True,1.0,0.0,True,1.0
truthfulqa_mistral_chat,LF_SINK_beyond_NONTOPO,NONTOPO,NONTOPO(+)SINK,0.960110204063288,0.9600008389651364,-0.0001093650981514,0.00011450045183,-0.0003340879025722,0.0001093650981514,-0.0002981322538648,7.640575350309486e-05,0.3336,817,0.0,True,1.0,0.0,True,1.0,0.0,True,1.0,0.0,True,1.0
truthfulqa_mistral_chat,LF_0D_beyond_HIDDEN,HIDDEN,HIDDEN(+)0D,0.958227026962242,0.9580277727423224,-0.0001992542199197,7.173431560055758e-05,-0.0003446124205792,-6.292238523786242e-05,-0.0003191812898789,-8.689281770934976e-05,0.0034,817,0.0,True,1.0,0.0,True,1.0,0.0,True,1.0,0.0,True,1.0
truthfulqa_mistral_chat,LF_0D_beyond_LOGPROB,LOGPROB,LOGPROB(+)0D,0.6428450506300478,0.7250156931425087,0.0821706425124608,0.0097243790426667,0.063459847278382,0.1015525724019422,0.0663885097731947,0.0982595967873628,0.0,817,1.0,False,0.0,1.0,False,0.0,1.0,False,0.3195381430817416,1.0,False,0.6455564175803254
truthfulqa_mistral_chat,LF_0D_beyond_SINK,SINK,SINK(+)0D,0.68763979631125,0.6876727556558985,3.2959344648419986e-05,0.0002004319395816,-0.0003550620309847,0.0004315052382886,-0.0002936377977764,0.000364125850763,0.8466,817,0.0,True,1.0,0.0,True,1.0,0.0,True,1.0,0.0,True,1.0
truthfulqa_qwen7b,T1_reduction,0D,SINK,0.6793670008045076,0.7492677781955958,0.0699007773910881,0.0118895339987724,0.0461549179087595,0.0931268530267914,0.0503688450296559,0.0891404202915704,0.0,817,1.0,False,0.0,1.0,False,0.0,1.0,False,0.0297526696083774,0.9998,False,0.3529297417513608
truthfulqa_qwen7b,T1_legacy_proxy,0D,LEGACY_MSTPROXY,0.6793670008045076,0.6781774680931072,-0.0011895327114004,0.0034524800191437,-0.008118598209109,0.0055493049323659,-0.0069619124809546,0.0044574517332869,0.7306,817,0.0066,True,0.7892898074673247,0.0001,True,0.9930629106168608,0.0,True,0.9999664730010004,0.0,True,0.999999978104793
truthfulqa_qwen7b,T2_topo_beyond_sink,SINK,0D+SINK,0.7492677781955958,0.7767124252234868,0.027444647027891,0.0041526112787558,0.019308108448229,0.0355588256885132,0.0206248342669317,0.0342213879180031,0.0,817,0.9999,False,0.5546974188425255,0.999,False,0.9508549748084774,0.9638,False,0.998482902457968,0.7194,False,0.9999878820358072
truthfulqa_qwen7b,T3_deflated_beyond_sink,SINK,SINK+DEFL,0.7492677781955958,0.7876878869913961,0.0384201087958003,0.0058644852055233,0.02681527336031,0.0498451659877541,0.0287854930942682,0.047939816236672,0.0,817,1.0,False,0.0481039109659566,1.0,False,0.6387130865364248,0.9988,False,0.9225211348217286,0.9873,False,0.9911577852852592
truthfulqa_qwen7b,T4_1D_beyond_0D,0D,0D+1D,0.6793670008045076,0.7007261542886849,0.0213591534841772,0.0063767231565047,0.0088282728254698,0.0337744142600102,0.0109481204933713,0.0316970766559449,0.0008,817,0.9623,False,0.0,0.8362,False,0.5207141965100757,0.5781,False,0.8641837657953899,0.2815,False,0.977133350722917
truthfulqa_qwen7b,T4b_1D_beyond_sink,SINK,SINK+1D,0.7492677781955958,0.7665609470717869,0.0172931688761911,0.0046145176794949,0.0083293881996557,0.0264738445127934,0.0097957419523017,0.0248424318603003,0.0002,817,0.9452,False,0.3984829033585488,0.6868,False,0.8916726782257756,0.2769,False,0.9928396634775823,0.0469,True,0.9998385941676418
truthfulqa_qwen7b,T6_answer_only_beyond_sink,SINK,SINK+ANS,0.7492677781955958,0.7942872466812188,0.0450194684856229,0.0090105647779264,0.027830982982491,0.0628206232612073,0.0303805006524452,0.059967055636872,0.0,817,0.9999,False,0.0,0.9997,False,0.0158440629020215,0.9966,False,0.4345484517275848,0.9884,False,0.741383533738277
truthfulqa_qwen7b,PH_reduction,PH_0DTOT,PH_SINK,0.8722465838388348,0.8212255183231484,-0.0510210655156864,0.0067048206024348,-0.0644910253202675,-0.038172838803336,-0.0621859686077224,-0.0400842560701374,0.0,817,1.0,False,0.0,1.0,False,0.4463788695811141,1.0,False,0.8191279467695987,1.0,False,0.962822265620244
truthfulqa_qwen7b,I_0D_beyond_hidden,HIDDEN,HIDDEN+0D,0.933266315999215,0.9330670617792952,-0.0001992542199197,0.0002501247580351,-0.0007026333018221,0.0002846488855996,-0.0006187367881718,0.0002007523719491,0.4182,817,0.0,True,1.0,0.0,True,1.0,0.0,True,1.0,0.0,True,1.0
truthfulqa_qwen7b,I_0D_beyond_logprob,LOGPROB,LOGPROB+0D,0.6737669085183426,0.7271985006494489,0.0534315921311062,0.0068935285758178,0.0398372482542783,0.0671877364271172,0.0421081096467507,0.0647084071797437,0.0,817,1.0,False,0.0,1.0,False,0.4046506658390985,1.0,False,0.7910356006954755,1.0,False,0.9524912167908688
truthfulqa_qwen7b,I_defl_beyond_lex,LEX,LEX+DEFL,0.8202756899364634,0.8279372394151814,0.0076615494787179,0.0052340007048329,-0.0026580213306885,0.0181022458797073,-0.0009949976703735,0.0163719551932691,0.1472,817,0.3271,False,0.2095534241263816,0.0812,False,0.7779226677896116,0.0089,True,0.9704682954976908,0.0002,True,0.9982614777147768
truthfulqa_qwen7b,I_sink_beyond_lex,LEX,LEX+SINK,0.8202756899364634,0.8482596716949643,0.0279839817585009,0.0074253582793951,0.0133856138453217,0.0426316014196488,0.0157963651835461,0.0401940706138978,0.0004,817,0.9933,False,0.0,0.9603,False,0.2925261340260516,0.8607,False,0.7056465376242795,0.6627,False,0.9149281771668129
truthfulqa_qwen7b,I_0D_beyond_lex,LEX,LEX+0D,0.8202756899364634,0.833901382644508,0.0136256927080445,0.0042101773185378,0.0052954805247727,0.0219945946674777,0.0067444557138769,0.0206183173056035,0.001,817,0.8098,False,0.5348195996553984,0.3657,False,0.94488159377283,0.0663,False,0.998100681458711,0.0035,True,0.9999823835005788
truthfulqa_qwen7b,I_defl_beyond_nontopo,NONTOPO,NONTOPO+DEFL,0.949504785846658,0.9491901739204692,-0.0003146119261889,0.0004273381361721,-0.0011610678228405,0.0005123679940792,-0.0010247359881585,0.0003895195276626,0.4758,817,0.0,True,1.0,0.0,True,1.0,0.0,True,1.0,0.0,True,1.0
truthfulqa_qwen7b,I_0D_beyond_nontopo,NONTOPO,NONTOPO+0D,0.949504785846658,0.949408904116772,-9.58817298861714e-05,0.0001533931615897,-0.00039701028781,0.0002052468280375,-0.0003490694228668,0.000155807811065,0.526,817,0.0,True,1.0,0.0,True,1.0,0.0,True,1.0,0.0,True,1.0
truthfulqa_qwen7b,B_len,0D,LEN,0.6793670008045076,0.5287712606499883,-0.1505957401545193,0.0122165401311117,-0.1743334347082873,-0.1268644502006774,-0.1706697039202144,-0.1303466424165792,0.0,817,1.0,False,0.0,1.0,False,0.0,1.0,False,0.0,1.0,False,0.3119864514520223
truthfulqa_qwen7b,B_rowstat,0D,ROWSTAT,0.6793670008045076,0.7362413462993398,0.0568743454948321,0.0054323464773524,0.0464920770229921,0.0675264311471799,0.0480334507385139,0.0659354685994824,0.0,817,1.0,False,0.1553675421463838,1.0,False,0.7357422404072163,1.0,False,0.9583295774448816,1.0,False,0.9968956262176356
truthfulqa_qwen7b,B_lex,0D,LEX,0.6793670008045076,0.8202756899364634,0.1409086891319557,0.0111723661541906,0.1189013227184267,0.1623162703804856,0.1222265835092412,0.1590599245830268,0.0,817,1.0,False,0.0,1.0,False,0.0,1.0,False,0.1155081920745257,1.0,False,0.4466918429481645
truthfulqa_qwen7b,B_llmcheck,0D,LLMCHECK,0.6793670008045076,0.6672154896934631,-0.0121515111110445,0.009580831712205,-0.0305674325719225,0.0069113123961593,-0.0274633739282594,0.0037712231961874,0.218,817,0.5908,False,0.0,0.3839,False,0.0,0.204,False,0.3419795050234289,0.0852,False,0.6652163040854557
truthfulqa_qwen7b,B_lookback,0D,LOOKBACK,0.6793670008045076,0.9217694973250496,0.2424024965205419,0.0080885688390687,0.2264868409816491,0.2580986353333163,0.2290807039516756,0.2555883317927336,0.0,817,1.0,False,0.0,1.0,False,0.1660321037014949,1.0,False,0.5922001834715271,1.0,False,0.8518026040239683
truthfulqa_qwen7b,B_hidden,0D,HIDDEN,0.6793670008045076,0.933266315999215,0.2538993151947073,0.0085630585014374,0.2371872045831467,0.2707206785430171,0.2396889686571613,0.2680002217265003,0.0,817,1.0,False,0.0,1.0,False,0.0850975197887806,1.0,False,0.510283907906772,1.0,False,0.7975717960958284
truthfulqa_qwen7b,B_logprob,0D,LOGPROB,0.6793670008045076,0.6737669085183426,-0.0056000922861649,0.0137617762531769,-0.0323041278582867,0.0207716906196205,-0.0284337269977483,0.0170535394590772,0.6852,817,0.3716,False,0.0,0.2439,False,0.0,0.1454,False,0.0,0.0778,False,0.1363834829314421
truthfulqa_qwen7b,PH_0D_vs_entropy,PH_0D,PH_ENT,0.8497937793731433,0.8872445838058755,0.0374508044327321,0.0063634968018045,0.0253365598534208,0.0498293604838432,0.0271134805217764,0.0479306026016907,0.0,817,1.0,False,0.0,0.9999,False,0.5237463132637763,0.9966,False,0.8658855703771893,0.978,False,0.9776169452468968
truthfulqa_qwen7b,PH_topo_beyond_sink,PH_SINK,PH_SINK+PH_0DTOT,0.8212255183231484,0.8812654590562541,0.0600399407331057,0.0055312659040537,0.0493040334747088,0.071051395603523,0.0509946980399677,0.0693944020051267,0.0,817,1.0,False,0.1295215464948498,1.0,False,0.7140295108051173,1.0,False,0.9512709979892175,1.0,False,0.9959585397850516
truthfulqa_qwen7b,LF_0D_beyond_NONTOPO,NONTOPO,NONTOPO(+)0D,0.9491227570791428,0.9491152663189956,-7.490760147277342e-06,0.0001439098323828,-0.0002906789475182,0.0002741992751941,-0.0002456969328333,0.0002307154125386,0.9522,817,0.0,True,1.0,0.0,True,1.0,0.0,True,1.0,0.0,True,1.0
truthfulqa_qwen7b,LF_DEFL_beyond_NONTOPO,NONTOPO,NONTOPO(+)DEFL,0.9491227570791428,0.9492515981536774,0.0001288410745345,0.0002020354838592,-0.0002651729092164,0.0005303458184329,-0.0001993291275212,0.0004614308250772,0.5266,817,0.0,True,1.0,0.0,True,1.0,0.0,True,1.0,0.0,True,1.0
truthfulqa_qwen7b,LF_SINK_beyond_NONTOPO,NONTOPO,NONTOPO(+)SINK,0.9491227570791428,0.9492740704341196,0.0001513133549766,0.0004008018094631,-0.0006486998287612,0.0009303524103019,-0.0005123679940792,0.0008030843953982,0.6888,817,0.0,True,1.0,0.0,True,1.0,0.0,True,1.0,0.0,True,1.0
truthfulqa_qwen7b,LF_0D_beyond_HIDDEN,HIDDEN,HIDDEN(+)0D,0.932821364846462,0.9332228695903604,0.0004015047438983,0.0004201671594967,-0.0004091078654479,0.0012315184220265,-0.0002816525815406,0.0010981454376026,0.3376,817,0.0,True,1.0,0.0,True,1.0,0.0,True,1.0,0.0,True,1.0
truthfulqa_qwen7b,LF_0D_beyond_LOGPROB,LOGPROB,LOGPROB(+)0D,0.6732455516120865,0.7248149407705595,0.0515693891584729,0.0077576253443229,0.0364333719357173,0.0668101646618895,0.0387953209715815,0.0644286272882399,0.0,817,1.0,False,0.0,1.0,False,0.2272102851047652,0.9999,False,0.6493116217387462,0.9996,False,0.8853843050549364
truthfulqa_qwen7b,LF_0D_beyond_SINK,SINK,SINK(+)0D,0.7486909896642492,0.7746075216220791,0.0259165319578299,0.0047054607155626,0.0168317005973131,0.0352861245653485,0.018202172620073,0.0336620528577999,0.0,817,0.9995,False,0.3690120641773933,0.9901,False,0.8771527224250721,0.8982,False,0.9908267009857384,0.57,False,0.9997556617909372
halueval_qwen3b,PH_reduction,PH_0DTOT,PH_SINK,0.95784,0.958083,0.0002429999999999,0.003155911361608,-0.0059031749999999,0.006479075,-0.0049522,0.0055520999999999,0.9384,1000,0.0014,True,0.8724421136116514,0.0,True,0.9981172577260772,0.0,True,0.9999973006064212,0.0,True,0.999999999654362
halueval_qwen3b,T6_answer_only_beyond_sink,SINK,SINK+ANS,0.828583,0.978469,0.149886,0.0067548903069957,0.1364459,0.163178275,0.1387430999999999,0.1609535499999999,0.0,1000,1.0,False,0.0,1.0,False,0.4352224396589073,1.0,False,0.8118139590604683,1.0,False,0.9602337441145083
halueval_qwen3b,T4b_1D_beyond_sink,SINK,SINK+1D,0.828583,0.842585,0.014002,0.0039881119149148,0.0062118249999999,0.0219390749999999,0.00743585,0.0205839999999999,0.0006,1000,0.8411,False,0.6116417855035956,0.3959,False,0.9656827964570124,0.0674,False,0.9992484566596118,0.0024,True,0.9999962318481108
halueval_qwen3b,T4_1D_beyond_0D,0D,0D+1D,0.810976,0.826461,0.0154849999999999,0.0042169196993642,0.0074239999999999,0.02387635,0.0087284,0.0225351,0.0006,1000,0.9063,False,0.5324956196558892,0.5509,False,0.9441552454233342,0.1476,False,0.9980513226015306,0.0123,True,0.9999816143297602
halueval_qwen3b,T3_deflated_beyond_sink,SINK,SINK+DEFL,0.828583,0.887026,0.058443,0.0054367674479555,0.0476808499999999,0.0689794,0.0494569999999999,0.0672280999999999,0.0,1000,1.0,False,0.1541957421165771,1.0,False,0.7347803374384627,1.0,False,0.9580285268895732,1.0,False,0.9968577381598762
halueval_qwen3b,T2_topo_beyond_sink,SINK,0D+SINK,0.828583,0.857056,0.028473,0.0039823906686781,0.0204639999999999,0.03626815,0.0217998999999999,0.0349642499999999,0.0,1000,1.0,False,0.6136199840284315,0.9997,False,0.9661394241435228,0.9815,False,0.9992678695550494,0.8037,False,0.9999963921668192
halueval_qwen3b,T1_legacy_proxy,0D,LEGACY_MSTPROXY,0.810976,0.730649,-0.080327,0.0066557254862964,-0.0929901749999999,-0.0671749249999999,-0.0909065,-0.0691249499999999,0.0,1000,1.0,False,0.0,1.0,False,0.4573728778733388,1.0,False,0.8261947571946309,1.0,False,0.9652544025839288
halueval_qwen3b,T1_reduction,0D,SINK,0.810976,0.828583,0.0176069999999999,0.0058780163495032,0.0062648499999999,0.0292936249999998,0.0082082999999999,0.0275561999999999,0.0018,1000,0.9097,False,0.0449772992365609,0.676,False,0.6356078362158077,0.3508,False,0.9211937322661212,0.1101,False,0.9909002012581628
halueval_qwen3b,B_len,0D,LEN,0.810976,0.962309,0.1513329999999999,0.0070960557079239,0.137482575,0.1653460749999999,0.1397524,0.1631026999999999,0.0,1000,1.0,False,0.0,1.0,False,0.3609280375940336,1.0,False,0.7594501431053438,1.0,False,0.9396503368751844
halueval_qwen3b,I_0D_beyond_nontopo,NONTOPO,NONTOPO+0D,0.99978,0.999809,2.8999999999945736e-05,3.4274781662178686e-05,-1.899999999999125e-05,0.0001109999999999,-1.399999999995849e-05,9.300000000000974e-05,0.4642,1000,0.0,True,1.0,0.0,True,1.0,0.0,True,1.0,0.0,True,1.0
halueval_qwen3b,I_defl_beyond_nontopo,NONTOPO,NONTOPO+DEFL,0.99978,0.999821,4.099999999995774e-05,5.072034190697051e-05,-2.2999999999995246e-05,0.0001619999999999,-1.8000000000073513e-05,0.00013805,0.6174,1000,0.0,True,1.0,0.0,True,1.0,0.0,True,1.0,0.0,True,1.0
halueval_qwen3b,I_0D_beyond_lex,LEX,LEX+0D,0.981107,0.978627,-0.0024799999999999,0.001640789518167,-0.005704125,0.0007191,-0.005153,0.0002390999999999,0.1344,1000,0.0,True,0.9999914039027212,0.0,True,0.9999999999999348,0.0,True,1.0,0.0,True,1.0
halueval_qwen3b,I_sink_beyond_lex,LEX,LEX+SINK,0.981107,0.980156,-0.0009509999999999,0.0014927220547019,-0.0038799999999999,0.0019989999999999,-0.00340025,0.0014899999999999,0.5302,1000,0.0,True,0.9999995680667066,0.0,True,1.0,0.0,True,1.0,0.0,True,1.0
halueval_qwen3b,I_defl_beyond_lex,LEX,LEX+DEFL,0.981107,0.970687,-0.0104199999999999,0.0022138532278866,-0.0148561249999999,-0.0061509749999999,-0.01408715,-0.00681195,0.0,1000,0.5749,False,0.9959232046841524,0.0217,True,0.9999997112770308,0.0001,True,0.9999999999998525,0.0,True,1.0
halueval_qwen3b,I_0D_beyond_logprob,LOGPROB,LOGPROB+0D,0.992844,0.993055,0.000211,0.0006253308658666,-0.0010149999999999,0.00145705,-0.0008020499999999,0.0012430500000001,0.7296,1000,0.0,True,1.0,0.0,True,1.0,0.0,True,1.0,0.0,True,1.0
halueval_qwen3b,I_0D_beyond_hidden,HIDDEN,HIDDEN+0D,0.999698,0.999696,-1.999999999946489e-06,3.494504089795939e-05,-7.099999999993223e-05,7.099999999993223e-05,-5.8049999999998335e-05,5.8000000000002494e-05,0.951,1000,0.0,True,1.0,0.0,True,1.0,0.0,True,1.0,0.0,True,1.0
halueval_qwen3b,PH_topo_beyond_sink,PH_SINK,PH_SINK+PH_0DTOT,0.958083,0.96204,0.0039569999999999,0.0006363302893067,0.0027429249999999,0.005210025,0.0029339499999999,0.0050001,0.0,1000,0.0,True,1.0,0.0,True,1.0,0.0,True,1.0,0.0,True,1.0
halueval_qwen3b,PH_0D_vs_entropy,PH_0D,PH_ENT,0.970542,0.964171,-0.006371,0.0035726130850958,-0.01332955,0.0007199999999999,-0.01217415,-0.0004604,0.0758,1000,0.1506,False,0.7515892043654571,0.0097,True,0.9893431434127946,0.0,True,0.9999229159762336,0.0,True,0.999999913408652
halueval_qwen3b,B_logprob,0D,LOGPROB,0.810976,0.992844,0.1818679999999999,0.0072616172231521,0.1678035,0.1963777499999999,0.17004055,0.1939685,0.0,1000,1.0,False,0.0,1.0,False,0.326100280856449,1.0,False,0.7327224103081749,1.0,False,0.9278080380414816
halueval_qwen3b,B_hidden,0D,HIDDEN,0.810976,0.999698,0.1887219999999999,0.0072702171462389,0.1744378999999999,0.2034023749999999,0.1767736999999999,0.2008145,0.0,1000,1.0,False,0.0,1.0,False,0.3243149577563484,1.0,False,0.7313149618989332,1.0,False,0.927160205441422
halueval_qwen3b,B_lookback,0D,LOOKBACK,0.810976,0.997949,0.1869729999999999,0.007292301485364,0.172743825,0.20162035,0.1748888,0.1991535,0.0,1000,1.0,False,0.0,1.0,False,0.3197413099428836,1.0,False,0.7276927686347694,1.0,False,0.9254819315829306
halueval_qwen3b,B_llmcheck,0D,LLMCHECK,0.810976,0.744861,-0.066115,0.0075518869379246,-0.080750225,-0.0512404499999999,-0.0783711999999999,-0.0535792999999999,0.0,1000,1.0,False,0.0,1.0,False,0.2672012306378208,1.0,False,0.684376034205521,1.0,False,0.904202362457778
halueval_qwen3b,B_lex,0D,LEX,0.810976,0.981107,0.1701309999999999,0.0070515597365044,0.1564223500000001,0.1840240749999999,0.1587517,0.1818949999999999,0.0,1000,1.0,False,0.0,1.0,False,0.3704322465727099,1.0,False,0.7665027460871028,1.0,False,0.942627391141346
halueval_qwen3b,B_rowstat,0D,ROWSTAT,0.810976,0.82937,0.018394,0.0071314563791727,0.004839975,0.0324141,0.00683595,0.0303311999999999,0.0102,1000,0.883,False,0.0,0.6866,False,0.353409291674013,0.4148,False,0.7537975114931452,0.1821,False,0.9372193348646344
halueval_qwen3b,LF_0D_beyond_NONTOPO,NONTOPO,NONTOPO(+)0D,0.999768,0.999752,-1.6000000000016e-05,2.0364545362958576e-05,-5.902500000002917e-05,2.100000000004876e-05,-5.100000000002325e-05,1.599999999990498e-05,0.4462,1000,0.0,True,1.0,0.0,True,1.0,0.0,True,1.0,0.0,True,1.0
halueval_qwen3b,LF_DEFL_beyond_NONTOPO,NONTOPO,NONTOPO(+)DEFL,0.999768,0.999765,-2.9999999999752447e-06,1.7376166578391232e-05,-4.000000000004e-05,3.0000000000085517e-05,-3.2999999999949736e-05,2.399999999991853e-05,0.8962,1000,0.0,True,1.0,0.0,True,1.0,0.0,True,1.0,0.0,True,1.0
halueval_qwen3b,LF_SINK_beyond_NONTOPO,NONTOPO,NONTOPO(+)SINK,0.999768,0.999758,-9.99999999995449e-06,1.5629547586222282e-05,-4.300000000001525e-05,2.000000000002e-05,-3.6000000000036e-05,1.4999999999987246e-05,0.5328,1000,0.0,True,1.0,0.0,True,1.0,0.0,True,1.0,0.0,True,1.0
halueval_qwen3b,LF_0D_beyond_HIDDEN,HIDDEN,HIDDEN(+)0D,0.999669,0.999672,2.9999999999752447e-06,2.6528126500753687e-05,-4.899999999996574e-05,5.599999999994776e-05,-3.999999999992898e-05,4.700000000001925e-05,0.9204,1000,0.0,True,1.0,0.0,True,1.0,0.0,True,1.0,0.0,True,1.0
halueval_qwen3b,LF_0D_beyond_LOGPROB,LOGPROB,LOGPROB(+)0D,0.992732,0.993455,0.000723,0.000396620301096,2.6975000000001327e-05,0.0015889999999999,0.000121,0.001422,0.0424,1000,0.0,True,1.0,0.0,True,1.0,0.0,True,1.0,0.0,True,1.0
halueval_qwen3b,LF_0D_beyond_SINK,SINK,SINK(+)0D,0.828054,0.838959,0.010905,0.0025196386055956,0.005903825,0.015819075,0.0066789999999999,0.0149971,0.0,1000,0.6283,False,0.9798728718706192,0.0498,True,0.999983554614248,0.0002,True,0.9999999996881952,0.0,True,0.9999999999999998
halueval_qwen1.5b,B_len,0D,LEN,0.789124,0.96724,0.1781159999999999,0.0107991975199782,0.1564747999999999,0.1991283,0.1602147999999999,0.1955453999999999,0.0,500,1.0,False,0.0,1.0,False,0.0,1.0,False,0.1640962230270206,1.0,False,0.4972271175705929
halueval_qwen1.5b,I_0D_beyond_nontopo,NONTOPO,NONTOPO+0D,0.999772,0.99978,8.000000000008e-06,1.1621388495357011e-05,0.0,4.000000000004e-05,0.0,3.2000000000032e-05,0.8886,500,0.0,True,1.0,0.0,True,1.0,0.0,True,1.0,0.0,True,1.0
halueval_qwen1.5b,I_defl_beyond_nontopo,NONTOPO,NONTOPO+DEFL,0.999772,0.999776,4.000000000004e-06,1.5510080907590214e-05,-2.4000000000024e-05,4.000000000004e-05,-1.6000000000016e-05,3.2000000000032e-05,1.1074,500,0.0,True,1.0,0.0,True,1.0,0.0,True,1.0,0.0,True,1.0
halueval_qwen1.5b,I_0D_beyond_lex,LEX,LEX+0D,0.978928,0.97108,-0.0078479999999999,0.0035119437004742,-0.0149361999999999,-0.0011598999999999,-0.013788,-0.00226,0.022,500,0.2652,False,0.7708581777410406,0.0241,True,0.991367760913786,0.0002,True,0.9999487820354844,0.0,True,0.9999999559293702
halueval_qwen1.5b,I_sink_beyond_lex,LEX,LEX+SINK,0.978928,0.968172,-0.0107559999999999,0.0037369478166464,-0.0183842,-0.0037397999999999,-0.017004,-0.0047275999999999,0.0022,500,0.5717,False,0.6975187370527114,0.1294,False,0.9821694039810428,0.0085,True,0.9997903601521604,0.0,True,0.9999995467109444
halueval_qwen1.5b,I_defl_beyond_lex,LEX,LEX+DEFL,0.978928,0.956452,-0.022476,0.004228384942374,-0.0308399999999999,-0.0142796999999999,-0.0295522,-0.0155757999999999,0.0,500,0.9992,False,0.5285461376090097,0.9624,False,0.9429072562806304,0.7194,False,0.9979650580672677,0.273,False,0.9999802385591676
halueval_qwen1.5b,I_0D_beyond_logprob,LOGPROB,LOGPROB+0D,0.994536,0.993688,-0.0008479999999999,0.0012395525095113,-0.0034679999999999,0.0014159999999999,-0.0029839999999999,0.0010602,0.5072,500,0.0,True,0.9999999998660108,0.0,True,1.0,0.0,True,1.0,0.0,True,1.0
halueval_qwen1.5b,I_0D_beyond_hidden,HIDDEN,HIDDEN+0D,0.999584,0.999628,4.399999999993298e-05,5.4156726280676273e-05,-3.6100000000033234e-05,0.0001719999999999,-2.799999999991698e-05,0.000144,0.481,500,0.0,True,1.0,0.0,True,1.0,0.0,True,1.0,0.0,True,1.0
halueval_qwen1.5b,T1_reduction,0D,SINK,0.789124,0.819896,0.0307719999999999,0.0085701509352772,0.0142915999999999,0.0474719999999999,0.016852,0.0450926,0.0004,500,0.993,False,0.0,0.9698,False,0.0839473465909268,0.8963,False,0.5090682094889911,0.7555,False,0.7967149308156616
halueval_qwen1.5b,T1_legacy_proxy,0D,LEGACY_MSTPROXY,0.789124,0.71924,-0.069884,0.0100093091760492,-0.0887683999999999,-0.0495676,-0.0857,-0.0528878,0.0,500,1.0,False,0.0,1.0,False,0.0,1.0,False,0.2761261618788122,1.0,False,0.6062415586010461
halueval_qwen1.5b,T2_topo_beyond_sink,SINK,0D+SINK,0.819896,0.832044,0.012148,0.0045247749727228,0.003292,0.02098,0.0046515999999999,0.0194843999999999,0.0062,500,0.6786,False,0.4280629637946278,0.2629,False,0.9051258087110507,0.0408,True,0.9944841675715406,0.0021,True,0.9998956650111196
halueval_qwen1.5b,T3_deflated_beyond_sink,SINK,SINK+DEFL,0.819896,0.871772,0.051876,0.0080714169919642,0.035988,0.0678160999999999,0.0384919999999999,0.0652091999999999,0.0,500,1.0,False,0.0,1.0,False,0.1691067779934498,1.0,False,0.595169953264695,1.0,False,0.8536362453359474
halueval_qwen1.5b,T4_1D_beyond_0D,0D,0D+1D,0.789124,0.815404,0.0262799999999999,0.008062460040852,0.0106119,0.0421884,0.0129677999999999,0.039536,0.0006,500,0.9797,False,0.0,0.9178,False,0.1707165888573076,0.7857,False,0.5967206575879707,0.5686,False,0.8545899458369639
halueval_qwen1.5b,T4b_1D_beyond_sink,SINK,SINK+1D,0.819896,0.826188,0.006292,0.0066879429928658,-0.0069528999999999,0.0192568,-0.0046883999999999,0.0172841999999999,0.3422,500,0.2862,False,0.0,0.0951,False,0.4501523649004351,0.02,True,0.8215692502021703,0.0025,True,0.9636701686864636
halueval_qwen1.5b,T6_answer_only_beyond_sink,SINK,SINK+ANS,0.819896,0.974988,0.155092,0.0101706426717121,0.1347919,0.1746801999999999,0.1381678,0.171684,0.0,500,1.0,False,0.0,1.0,False,0.0,1.0,False,0.2522370173620381,1.0,False,0.5838974399472088
halueval_qwen1.5b,PH_reduction,PH_0DTOT,PH_SINK,0.920772,0.922456,0.001684,0.006624028121943,-0.0111082,0.0147486999999999,-0.0091282,0.0125602,0.8062,500,0.1062,False,0.0,0.0228,True,0.4644982682252032,0.003,True,0.8307002192972641,0.0006,True,0.966769306930839
halueval_qwen1.5b,PH_topo_beyond_sink,PH_SINK,PH_SINK+PH_0DTOT,0.922456,0.93062,0.0081639999999999,0.0015931266848162,0.0050359,0.0113079999999999,0.0055518,0.0108039999999999,0.0,500,0.1252,False,0.9999963804417676,0.0,True,0.9999999999999922,0.0,True,1.0,0.0,True,1.0
halueval_qwen1.5b,PH_0D_vs_entropy,PH_0D,PH_ENT,0.948756,0.932956,-0.0158,0.0072239865982777,-0.0299441,-0.0015996999999999,-0.0276962,-0.0038114,0.0306,500,0.7885,False,0.0,0.5457,False,0.33394035282218,0.2775,False,0.7388600185566445,0.0989,False,0.9306049875480832
halueval_qwen1.5b,B_logprob,0D,LOGPROB,0.789124,0.994536,0.2054119999999999,0.010353768649202,0.1849631,0.2254203999999999,0.1882758,0.2220608,0.0,500,1.0,False,0.0,1.0,False,0.0,1.0,False,0.2257423200171349,1.0,False,0.5585376225718757
halueval_qwen1.5b,B_hidden,0D,HIDDEN,0.789124,0.999584,0.2104599999999999,0.0103584551345954,0.1900079999999999,0.2304923999999999,0.1934034,0.2272486,0.0,500,1.0,False,0.0,1.0,False,0.0,1.0,False,0.2250730279048163,1.0,False,0.5578891951301532
halueval_qwen1.5b,B_lookback,0D,LOOKBACK,0.789124,0.99884,0.2097159999999999,0.0103571458619041,0.189276,0.2297440999999999,0.19264,0.2264371999999999,0.0,500,1.0,False,0.0,1.0,False,0.0,1.0,False,0.225259965250222,1.0,False,0.5580703433503076
halueval_qwen1.5b,B_llmcheck,0D,LLMCHECK,0.789124,0.790932,0.0018079999999999,0.011622838088163,-0.0205319999999999,0.0247361999999999,-0.0171579999999999,0.0209002,0.8604,500,0.2452,False,0.0,0.1319,False,0.0,0.0594,False,0.0604985506521134,0.0241,True,0.3872023313605304
halueval_qwen1.5b,B_lex,0D,LEX,0.789124,0.978928,0.1898039999999999,0.0105358598990256,0.1689198999999999,0.2105246,0.1723797999999999,0.2068964,0.0,500,1.0,False,0.0,1.0,False,0.0,1.0,False,0.2000603605477706,1.0,False,0.5333833125789087
halueval_qwen1.5b,B_rowstat,0D,ROWSTAT,0.789124,0.787712,-0.001412,0.0105107439137113,-0.0217205999999999,0.0194963,-0.0182732,0.0160325999999999,0.9046,500,0.1978,False,0.0,0.0907,False,0.0,0.036,True,0.2035631949867631,0.0121,True,0.5368470545934918
halueval_qwen1.5b,LF_0D_beyond_NONTOPO,NONTOPO,NONTOPO(+)0D,0.999752,0.999764,1.2000000000012e-05,2.9022534902382676e-05,-4.000000000004e-05,7.999999999996898e-05,-2.8000000000028e-05,6.399999999995298e-05,0.75,500,0.0,True,1.0,0.0,True,1.0,0.0,True,1.0,0.0,True,1.0
halueval_qwen1.5b,LF_DEFL_beyond_NONTOPO,NONTOPO,NONTOPO(+)DEFL,0.999752,0.999736,-1.6000000000016e-05,2.7862011700522128e-05,-7.999999999996898e-05,3.2000000000032e-05,-6.4000000000064e-05,2.4000000000024e-05,0.6706,500,0.0,True,1.0,0.0,True,1.0,0.0,True,1.0,0.0,True,1.0
halueval_qwen1.5b,LF_SINK_beyond_NONTOPO,NONTOPO,NONTOPO(+)SINK,0.999752,0.999752,0.0,2.5798672210794585e-05,-4.8000000000048e-05,5.6000000000056005e-05,-4.000000000004e-05,4.4000000000044e-05,1.092,500,0.0,True,1.0,0.0,True,1.0,0.0,True,1.0,0.0,True,1.0
halueval_qwen1.5b,LF_0D_beyond_HIDDEN,HIDDEN,HIDDEN(+)0D,0.99956,0.999536,-2.4000000000024e-05,6.204726264518099e-05,-0.000164,8.400000000008401e-05,-0.0001322,6.4000000000064e-05,0.7784,500,0.0,True,1.0,0.0,True,1.0,0.0,True,1.0,0.0,True,1.0
halueval_qwen1.5b,LF_0D_beyond_LOGPROB,LOGPROB,LOGPROB(+)0D,0.994344,0.994164,-0.0001799999999999,0.0006509964996383,-0.0015523000000001,0.0009799999999999,-0.0013119999999999,0.0008199999999999,0.8218,500,0.0,True,1.0,0.0,True,1.0,0.0,True,1.0,0.0,True,1.0
halueval_qwen1.5b,LF_0D_beyond_SINK,SINK,SINK(+)0D,0.818852,0.823184,0.004332,0.0026943028621164,-0.0010082,0.0095999999999999,-0.0001402,0.0087319999999999,0.112,500,0.0162,True,0.9612358344426186,0.0,True,0.999912346629658,0.0,True,0.9999999924503528,0.0,True,0.9999999999999772
triviaqa_qwen3b,B_len,0D,LEN,0.7322080763488297,0.5693773734930142,-0.1628307028558154,0.0158086910969338,-0.19390264309367,-0.1314696540507859,-0.1885782515313823,-0.1367594495671068,0.0,2000,1.0,False,0.0,1.0,False,0.0,1.0,False,0.0,1.0,False,0.0
triviaqa_qwen3b,I_0D_beyond_nontopo,NONTOPO,NONTOPO+0D,0.8696703537355237,0.8703979435099708,0.000727589774447,0.0006949234036275,-0.000628118143409,0.0020844444268447,-0.0004027534783042,0.0018762202944836,0.2838,2000,0.0,True,1.0,0.0,True,1.0,0.0,True,1.0,0.0,True,1.0
triviaqa_qwen3b,I_defl_beyond_nontopo,NONTOPO,NONTOPO+DEFL,0.8696703537355237,0.8701676935813484,0.0004973398458246,0.00111529724101,-0.0017144036611679,0.002686055967071,-0.0013548275918284,0.0023147301436885,0.6632,2000,0.0,True,0.9999999999997546,0.0,True,1.0,0.0,True,1.0,0.0,True,1.0
triviaqa_qwen3b,I_0D_beyond_lex,LEX,LEX+0D,0.5956545186804325,0.7330154860985326,0.1373609674181001,0.0126237360047263,0.1128755965599826,0.1616997895011719,0.1168209669139769,0.1579667306687424,0.0,2000,1.0,False,0.0,1.0,False,0.0,1.0,False,0.0,1.0,False,0.2627842353746452
triviaqa_qwen3b,I_sink_beyond_lex,LEX,LEX+SINK,0.5956545186804325,0.7238617722695173,0.1282072535890848,0.0126011974591629,0.1035968279347728,0.1530789119041259,0.107982865503872,0.148969531355674,0.0,2000,1.0,False,0.0,1.0,False,0.0,1.0,False,0.0,1.0,False,0.2654541593856936
triviaqa_qwen3b,I_defl_beyond_lex,LEX,LEX+DEFL,0.5956545186804325,0.6902309560284037,0.0945764373479711,0.0130055027306159,0.0685397733978582,0.1200179575169577,0.0729269395143158,0.1159238647743021,0.0,2000,1.0,False,0.0,1.0,False,0.0,1.0,False,0.0,1.0,False,0.2185344097790267
triviaqa_qwen3b,I_0D_beyond_logprob,LOGPROB,LOGPROB+0D,0.8388363066274116,0.8431486319572574,0.0043123253298458,0.0041166349618468,-0.0036939046844364,0.0123426897609017,-0.0024230479201365,0.0111546081062439,0.2974,2000,0.085,False,0.5671446290185744,0.0038,True,0.9543807313171092,0.0,True,0.998688646151216,0.0,True,0.999990491891232
triviaqa_qwen3b,I_0D_beyond_hidden,HIDDEN,HIDDEN+0D,0.8414591091476762,0.8433399952312681,0.0018808860835919,0.0010707693216598,-0.0002248984892643,0.0040038236363024,0.0001192028778347,0.0036655954551575,0.0798,2000,0.0,True,0.9999999999999858,0.0,True,1.0,0.0,True,1.0,0.0,True,1.0
triviaqa_qwen3b,T1_reduction,0D,SINK,0.7322080763488297,0.7167649578028631,-0.0154431185459665,0.0065580075252927,-0.0281567980156797,-0.0024255062261272,-0.0260339494300795,-0.0044547161352945,0.0198,2000,0.7918,False,0.0,0.5216,False,0.4794036737417411,0.2394,False,0.8399350498710647,0.0689,False,0.9697864776748196
triviaqa_qwen3b,T1_legacy_proxy,0D,LEGACY_MSTPROXY,0.7322080763488297,0.6912839657019706,-0.040924110646859,0.0095792645160204,-0.0594500999238228,-0.021955684141903,-0.0565711691546929,-0.0250095574109353,0.0,2000,0.9994,False,0.0,0.9965,False,0.0,0.9849,False,0.3422265511292135,0.9501,False,0.6654301817743686
triviaqa_qwen3b,T2_topo_beyond_sink,SINK,0D+SINK,0.7167649578028631,0.7376747213208363,0.0209097635179732,0.0053332049813329,0.0105377941620304,0.0312898403944102,0.0120337373652439,0.0295956702907329,0.0002,2000,0.9815,False,0.182057031810551,0.8655,False,0.7570778766221549,0.5615,False,0.964729284173278,0.2187,False,0.9976558015366496
triviaqa_qwen3b,T3_deflated_beyond_sink,SINK,SINK+DEFL,0.7167649578028631,0.718624353893117,0.0018593960902538,0.0083068401351851,-0.0147605233153251,0.0178290303779623,-0.0121277244814839,0.0152345107907203,0.828,2000,0.1609,False,0.0,0.0537,False,0.1278177205484931,0.0141,True,0.5544177655023199,0.0033,True,0.8276571500784646
triviaqa_qwen3b,T4_1D_beyond_0D,0D,0D+1D,0.7322080763488297,0.7290296040008227,-0.0031784723480069,0.0054274530557282,-0.0138691939331727,0.0073124244324153,-0.01206197578531,0.0057331567406168,0.5634,2000,0.1056,False,0.1566663916455952,0.0145,True,0.7368059499873318,0.0015,True,0.9586612327213344,0.0001,True,0.9969371478876294
triviaqa_qwen3b,T4b_1D_beyond_sink,SINK,SINK+1D,0.7167649578028631,0.717550877559228,0.0007859197563648,0.0057991217438344,-0.0106448259275851,0.0121234845935781,-0.0087974519013186,0.010217063847427,0.8896,2000,0.0542,False,0.063401192767277,0.0076,True,0.653676759948544,0.0004,True,0.9287599864587744,0.0,True,0.9923273176562836
triviaqa_qwen3b,T6_answer_only_beyond_sink,SINK,SINK+ANS,0.7167649578028631,0.752259263466295,0.0354943056634319,0.0097958891075338,0.0162734702179822,0.054038369273766,0.0193587871041067,0.0514037553423244,0.0006,2000,0.9965,False,0.0,0.9824,False,0.0,0.9416,False,0.3084991631570468,0.8544,False,0.6357186926647183
triviaqa_qwen3b,PH_reduction,PH_0DTOT,PH_SINK,0.8074097497029776,0.819702025892372,0.0122922761893943,0.0050095903231808,0.0025555299521225,0.0221398117496971,0.0040198148981936,0.0206375500141642,0.0106,2000,0.6759,False,0.2746498981811864,0.2959,False,0.8227925048306535,0.065,False,0.981099558733957,0.0056,True,0.9991788767626676
triviaqa_qwen3b,PH_topo_beyond_sink,PH_SINK,PH_SINK+PH_0DTOT,0.819702025892372,0.8238076379529655,0.0041056120605935,0.0012946042519978,0.0015977578804111,0.0066643367103143,0.0019732535859487,0.0062331973712022,0.0006,2000,0.0,True,0.9999999987945312,0.0,True,1.0,0.0,True,1.0,0.0,True,1.0
triviaqa_qwen3b,PH_0D_vs_entropy,PH_0D,PH_ENT,0.8067885865622049,0.8097777423022332,0.0029891557400283,0.0085796582901509,-0.0136155524620249,0.0196010206984849,-0.0109723840776505,0.0169027012533668,0.7296,2000,0.2093,False,0.0,0.0785,False,0.08240825654511,0.0225,True,0.5074391951043729,0.0061,True,0.7955644054482238
triviaqa_qwen3b,B_logprob,0D,LOGPROB,0.7322080763488297,0.8388363066274116,0.1066282302785819,0.0114431183673249,0.0843262366201468,0.1293737899656465,0.08791601047006,0.1253833477294295,0.0,2000,1.0,False,0.0,1.0,False,0.0,1.0,False,0.0819748887112925,1.0,False,0.4107102341308133
triviaqa_qwen3b,B_hidden,0D,HIDDEN,0.7322080763488297,0.8414591091476762,0.1092510327988465,0.0117415157408651,0.0867597177953896,0.1323997005387621,0.0901436782962264,0.1287861336342631,0.0,2000,1.0,False,0.0,1.0,False,0.0,1.0,False,0.0466527971843955,1.0,False,0.3718577954199691
triviaqa_qwen3b,B_lookback,0D,LOOKBACK,0.7322080763488297,0.8614386629540145,0.1292305866051848,0.0110897357676225,0.1078225830925969,0.1509552360363132,0.1110962020739396,0.1474896114034841,0.0,2000,1.0,False,0.0,1.0,False,0.0,1.0,False,0.1260284621325356,1.0,False,0.4577958103979536
triviaqa_qwen3b,B_llmcheck,0D,LLMCHECK,0.7322080763488297,0.688415563257842,-0.0437925130909876,0.0129251742656995,-0.069064002873458,-0.0185983524244457,-0.0653192972063333,-0.0225501581760002,0.0004,2000,0.9951,False,0.0,0.9869,False,0.0,0.9686,False,0.0,0.9262,False,0.2276912451673138
triviaqa_qwen3b,B_lex,0D,LEX,0.7322080763488297,0.5956545186804325,-0.1365535576683971,0.0161690810787026,-0.1685746447698747,-0.104666082253619,-0.1628547955692398,-0.1096088609296033,0.0,2000,1.0,False,0.0,1.0,False,0.0,1.0,False,0.0,1.0,False,0.0
triviaqa_qwen3b,B_rowstat,0D,ROWSTAT,0.7322080763488297,0.7235107690449949,-0.0086973073038347,0.0100941302925072,-0.0280530364987188,0.011309559350561,-0.0249591849156416,0.0081940639543514,0.404,2000,0.4504,False,0.0,0.265,False,0.0,0.1296,False,0.2635030362438164,0.0493,True,0.594496925254314
triviaqa_qwen3b,LF_0D_beyond_NONTOPO,NONTOPO,NONTOPO(+)0D,0.8693623304976775,0.8714182065270226,0.002055876029345,0.0014622306916533,-0.0007701546812364,0.0049299092319522,-0.0003261835396273,0.0044672800138022,0.1536,2000,0.0,True,0.999999794190727,0.0,True,1.0,0.0,True,1.0,0.0,True,1.0
triviaqa_qwen3b,LF_DEFL_beyond_NONTOPO,NONTOPO,NONTOPO(+)DEFL,0.8693623304976775,0.8701185735965755,0.0007562430988979,0.0008445370671249,-0.0009227420845586,0.0024000239785042,-0.0006549196090937,0.0021220290375095,0.3718,2000,0.0,True,1.0,0.0,True,1.0,0.0,True,1.0,0.0,True,1.0
triviaqa_qwen3b,LF_SINK_beyond_NONTOPO,NONTOPO,NONTOPO(+)SINK,0.8693623304976775,0.8707530400665576,0.00139070956888,0.0013525948299316,-0.0012548059538199,0.004035521345498,-0.0008069517847194,0.0036566722668858,0.2992,2000,0.0,True,0.999999990987791,0.0,True,1.0,0.0,True,1.0,0.0,True,1.0
triviaqa_qwen3b,LF_0D_beyond_HIDDEN,HIDDEN,HIDDEN(+)0D,0.8410804759317191,0.8485896936038616,0.0075092176721425,0.0025513672326826,0.0026254589228195,0.0124936925398427,0.0034250877600877,0.0117336873156342,0.004,2000,0.1667,False,0.9770708745143696,0.0021,True,0.9999770783287611,0.0,True,0.999999999413738,0.0,True,0.9999999999999996
triviaqa_qwen3b,LF_0D_beyond_LOGPROB,LOGPROB,LOGPROB(+)0D,0.838247890143154,0.8442691816098871,0.006021291466733,0.0027172008108066,0.0006986281028703,0.0113649977627832,0.0015325072794863,0.0104732318080943,0.0246,2000,0.0735,False,0.9581897975152552,0.0005,True,0.9998936085985708,0.0,True,0.9999999890722472,0.0,True,0.9999999999999584
triviaqa_qwen3b,LF_0D_beyond_SINK,SINK,SINK(+)0D,0.7160987680093819,0.7333818393182965,0.0172830713089146,0.0046255634299751,0.0081499422936472,0.0261315622346493,0.0095912961715568,0.0247940958915293,0.0002,2000,0.9395,False,0.3948753704451591,0.6826,False,0.8899558130588132,0.2744,False,0.992614524692662,0.0449,True,0.9998300141967024
triviaqa_qwen1.5b,PH_topo_beyond_sink,PH_SINK,PH_SINK+PH_0DTOT,0.7671781861061076,0.7715931459025831,0.0044149597964755,0.0020655872862991,0.0002905468495615,0.0084431075245075,0.0010093581307213,0.0077510471227781,0.0346,2000,0.0032,True,0.9986083848836078,0.0,True,0.9999999805702644,0.0,True,0.9999999999999992,0.0,True,1.0
triviaqa_qwen1.5b,PH_0D_vs_entropy,PH_0D,PH_ENT,0.7682157712948692,0.7680997103117863,-0.0001160609830829,0.0102027786037547,-0.0199763232830498,0.0198731397441624,-0.0167288906794284,0.0167142445036615,0.9994,2000,0.1639,False,0.0,0.0702,False,0.0,0.0249,True,0.2475395209235069,0.0079,True,0.5794452990765611
triviaqa_qwen1.5b,B_logprob,0D,LOGPROB,0.715635503518969,0.8225079385712428,0.1068724350522738,0.0132330254060474,0.0808736369280693,0.1329200164036056,0.0853147655304087,0.1287222865800866,0.0,2000,1.0,False,0.0,1.0,False,0.0,1.0,False,0.0,1.0,False,0.1930472840261532
triviaqa_qwen1.5b,B_hidden,0D,HIDDEN,0.715635503518969,0.8551860689680786,0.1395505654491096,0.0123922318322154,0.115087854402815,0.163928217442573,0.1193459761065849,0.159956727379626,0.0,2000,1.0,False,0.0,1.0,False,0.0,1.0,False,0.0,1.0,False,0.2905085920190344
triviaqa_qwen1.5b,B_lookback,0D,LOOKBACK,0.715635503518969,0.8240411041577687,0.1084056006387996,0.0126729051334644,0.0833988612762163,0.1333606737856902,0.0877384815011262,0.1291248411637382,0.0,2000,1.0,False,0.0,1.0,False,0.0,1.0,False,0.0,1.0,False,0.2569817263702396
triviaqa_qwen1.5b,B_llmcheck,0D,LLMCHECK,0.715635503518969,0.6761434328053333,-0.0394920707136356,0.0138229022066253,-0.0665130196802683,-0.0126130844933419,-0.0622855422842026,-0.0163165203262273,0.003,2000,0.9856,False,0.0,0.9596,False,0.0,0.9171,False,0.0,0.8505,False,0.13006344185179
triviaqa_qwen1.5b,B_lex,0D,LEX,0.715635503518969,0.6092249911793652,-0.1064105123396037,0.0176649412187043,-0.1415778015598847,-0.0730419046172487,-0.1358024271424447,-0.0778999241445115,0.0,2000,1.0,False,0.0,1.0,False,0.0,1.0,False,0.0,1.0,False,0.0
triviaqa_qwen1.5b,B_rowstat,0D,ROWSTAT,0.715635503518969,0.7204984587101446,0.0048629551911756,0.0096239270175502,-0.0140645718804084,0.0234424583019016,-0.0109736572278271,0.0204225089546925,0.6222,2000,0.2931,False,0.0,0.1482,False,0.0,0.0549,False,0.3352032496405601,0.0168,True,0.6593281251188254
triviaqa_qwen1.5b,B_len,0D,LEN,0.715635503518969,0.5879382462721212,-0.1276972572468477,0.0158004722459689,-0.1588639829179103,-0.0967616211494197,-0.1535594997873128,-0.1017299174400328,0.0,2000,1.0,False,0.0,1.0,False,0.0,1.0,False,0.0,1.0,False,0.0
triviaqa_qwen1.5b,I_0D_beyond_nontopo,NONTOPO,NONTOPO+0D,0.8726021800895062,0.8727785927837923,0.0001764126942861,0.0007112127147303,-0.0012128626159474,0.0015811539038334,-0.000999335514522,0.0013584813570506,0.8004,2000,0.0,True,1.0,0.0,True,1.0,0.0,True,1.0,0.0,True,1.0
triviaqa_qwen1.5b,I_defl_beyond_nontopo,NONTOPO,NONTOPO+DEFL,0.8726021800895062,0.8719545598039034,-0.0006476202856028,0.0010352973213537,-0.0027263651758618,0.0013505552660471,-0.0023914355369436,0.0010215268081338,0.5308,2000,0.0,True,0.9999999999999988,0.0,True,1.0,0.0,True,1.0,0.0,True,1.0
triviaqa_qwen1.5b,I_0D_beyond_lex,LEX,LEX+0D,0.6092249911793652,0.7213596312046202,0.1121346400252549,0.0130436083866621,0.0868428558313863,0.1378382340638704,0.0912153618083327,0.1337829425392677,0.0,2000,1.0,False,0.0,1.0,False,0.0,1.0,False,0.0,1.0,False,0.2142195185163506
triviaqa_qwen1.5b,I_sink_beyond_lex,LEX,LEX+SINK,0.6092249911793652,0.7147337096804145,0.1055087185010492,0.0128702044684065,0.0806244377800431,0.1309979372064351,0.0846313695259151,0.1267214461097094,0.0,2000,1.0,False,0.0,1.0,False,0.0,1.0,False,0.0,1.0,False,0.2340048492692552
triviaqa_qwen1.5b,I_defl_beyond_lex,LEX,LEX+DEFL,0.6092249911793652,0.6718967614343281,0.0626717702549628,0.0134084929594151,0.0360725842898588,0.088518976731691,0.0404384241116894,0.0846196490373383,0.0,2000,1.0,False,0.0,0.9999,False,0.0,0.9998,False,0.0,0.9981,False,0.1738455782820973
triviaqa_qwen1.5b,I_0D_beyond_logprob,LOGPROB,LOGPROB+0D,0.8225079385712428,0.8283214332138679,0.005813494642625,0.0044085352075023,-0.002842194709515,0.0145639214207817,-0.0014844903149609,0.0131282099493453,0.1874,2000,0.1644,False,0.4670265885836264,0.0205,True,0.9211907171574036,0.0003,True,0.9961695906417088,0.0,True,0.999943257675447
triviaqa_qwen1.5b,I_0D_beyond_hidden,HIDDEN,HIDDEN+0D,0.8551860689680786,0.8554297970325527,0.0002437280644741,0.0009633232134116,-0.00162997229676,0.00216123977614,-0.0013218547501049,0.0018513359640249,0.7908,2000,0.0,True,1.0,0.0,True,1.0,0.0,True,1.0,0.0,True,1.0
triviaqa_qwen1.5b,T1_reduction,0D,SINK,0.715635503518969,0.7068021020965256,-0.0088334014224433,0.0067834041451865,-0.0221755021934914,0.0047021154070481,-0.0199774060340139,0.0024693015841237,0.1916,2000,0.4308,False,0.0,0.1764,False,0.4288954362779607,0.0498,True,0.8076022100711255,0.0097,True,0.9587105503171948
triviaqa_qwen1.5b,T1_legacy_proxy,0D,LEGACY_MSTPROXY,0.715635503518969,0.6850708436240739,-0.030564659894895,0.0093271055662318,-0.0487928779374764,-0.0125459886956523,-0.0458722168054479,-0.0153617660922423,0.0016,2000,0.9878,False,0.0,0.9537,False,0.0,0.8681,False,0.3825265501619197,0.7219,False,0.699567474485157
triviaqa_qwen1.5b,T2_topo_beyond_sink,SINK,0D+SINK,0.7068021020965256,0.7171976843512655,0.0103955822547399,0.0056904680850726,-0.0006582595205057,0.0213843192249232,0.0010687650635207,0.019654981814966,0.0668,2000,0.5277,False,0.0895500786618148,0.2115,False,0.678379549970302,0.0443,True,0.9384878105365138,0.0052,True,0.9940123707295184
triviaqa_qwen1.5b,T3_deflated_beyond_sink,SINK,SINK+DEFL,0.7068021020965256,0.7189536870253106,0.0121515849287849,0.009295554973923,-0.0059560115401235,0.0303456321143255,-0.0033213002633944,0.0272746161988294,0.1996,2000,0.5873,False,0.0,0.3769,False,0.0,0.2019,False,0.3876433498201439,0.083,False,0.7037939091247001
triviaqa_qwen1.5b,T4_1D_beyond_0D,0D,0D+1D,0.715635503518969,0.7139363707266346,-0.0016991327923343,0.0058219059494609,-0.0131705515137637,0.0095850582625234,-0.0113413178751978,0.007802710898511,0.7722,2000,0.0787,False,0.0580322864814326,0.0115,True,0.6484681987740997,0.0009,True,0.926617998083524,0.0,True,0.9919334802541642
triviaqa_qwen1.5b,T4b_1D_beyond_sink,SINK,SINK+1D,0.7068021020965256,0.7092057250561735,0.0024036229596479,0.0064934915071222,-0.0104122314748978,0.0150779802831805,-0.008276881382866,0.0130638535742902,0.7092,2000,0.1203,False,0.0,0.0255,True,0.4940465329310382,0.0032,True,0.848756633761738,0.0,True,0.9725567984241767
triviaqa_qwen1.5b,T6_answer_only_beyond_sink,SINK,SINK+ANS,0.7068021020965256,0.7255006870810199,0.0186985849844942,0.0105898737509792,-0.0020041072554346,0.039411307932931,0.0013731828913002,0.036151297013306,0.079,2000,0.792,False,0.0,0.6349,False,0.0,0.4538,False,0.1925701429367088,0.2788,False,0.5259420694029742
triviaqa_qwen1.5b,PH_reduction,PH_0DTOT,PH_SINK,0.7593092514530835,0.7671781861061076,0.007868934653024,0.0063393072752136,-0.0044089985100001,0.0202495802783226,-0.002523211862824,0.0183139639985817,0.2096,2000,0.3679,False,0.0,0.1268,False,0.5292968848505364,0.0271,True,0.8689732169554671,0.0038,True,0.978483413253222
triviaqa_qwen1.5b,LF_0D_beyond_NONTOPO,NONTOPO,NONTOPO(+)0D,0.8722400698222874,0.872562719355258,0.0003226495329705,0.0007518506083576,-0.0011796803791697,0.0017683000446923,-0.0009278116337514,0.0015608599043036,0.66,2000,0.0,True,1.0,0.0,True,1.0,0.0,True,1.0,0.0,True,1.0
triviaqa_qwen1.5b,LF_DEFL_beyond_NONTOPO,NONTOPO,NONTOPO(+)DEFL,0.8722400698222874,0.8726323559451078,0.0003922861228203,0.0008451885094667,-0.0012644330546031,0.0020398067770538,-0.0010140372930178,0.0017782316043106,0.6528,2000,0.0,True,1.0,0.0,True,1.0,0.0,True,1.0,0.0,True,1.0
triviaqa_qwen1.5b,LF_SINK_beyond_NONTOPO,NONTOPO,NONTOPO(+)SINK,0.8722400698222874,0.872896974986537,0.0006569051642495,0.0009381812688582,-0.0011825520568194,0.0024904302734684,-0.0008875097340694,0.0021989573453785,0.485,2000,0.0,True,1.0,0.0,True,1.0,0.0,True,1.0,0.0,True,1.0
triviaqa_qwen1.5b,LF_0D_beyond_HIDDEN,HIDDEN,HIDDEN(+)0D,0.8547856585764424,0.8567575346790217,0.0019718761025793,0.0013261933724537,-0.0006640104629423,0.0045305659940901,-0.0002217165643364,0.0041492866690648,0.138,2000,0.0,True,0.9999999962650776,0.0,True,1.0,0.0,True,1.0,0.0,True,1.0
triviaqa_qwen1.5b,LF_0D_beyond_LOGPROB,LOGPROB,LOGPROB(+)0D,0.8218150545022377,0.8275066851126256,0.0056916306103879,0.0029049071039061,-7.410010884751627e-05,0.011223894880357,0.0008309603347312,0.010463616961381,0.0546,2000,0.0693,False,0.927759145139686,0.0005,True,0.9995665336852416,0.0,True,0.9999998394652712,0.0,True,0.9999999999966278
triviaqa_qwen1.5b,LF_0D_beyond_SINK,SINK,SINK(+)0D,0.706275185233329,0.7169864533620546,0.0107112681287255,0.0043469142143768,0.0020347708312253,0.0192329757290277,0.0034721054278758,0.0179160077668524,0.0138,2000,0.5649,False,0.487937044913709,0.1572,False,0.9290613668287842,0.0168,True,0.9968845539232708,0.0006,True,0.9999598044203576
triviaqa_phi3,I_0D_beyond_hidden,HIDDEN,HIDDEN+0D,0.8670008888888889,0.866624,-0.0003768888888889,0.0003100549642772,-0.0009782927710457,0.0002407728632844,-0.000884889759126,0.0001403319086322,0.2274,2000,0.0,True,1.0,0.0,True,1.0,0.0,True,1.0,0.0,True,1.0
triviaqa_phi3,I_0D_beyond_logprob,LOGPROB,LOGPROB+0D,0.877367873015873,0.8776066031746032,0.0002387301587301,0.0013581057504439,-0.0024429656756078,0.0029265674866049,-0.0019900981269857,0.002459944159329,0.8646,2000,0.0,True,0.999999989243231,0.0,True,1.0,0.0,True,1.0,0.0,True,1.0
triviaqa_phi3,I_defl_beyond_lex,LEX,LEX+DEFL,0.634655492063492,0.7119166984126984,0.0772612063492064,0.0124528325914648,0.0531523496279943,0.1016578108164434,0.0570546991446629,0.0979651136436596,0.0,2000,1.0,False,0.0,1.0,False,0.0,1.0,False,0.0,1.0,False,0.2831872444315748
triviaqa_phi3,I_sink_beyond_lex,LEX,LEX+SINK,0.634655492063492,0.7175547936507937,0.0828993015873016,0.0105965362655119,0.0622813604152859,0.103926276447235,0.0658061109698903,0.1006105723171436,0.0,2000,1.0,False,0.0,1.0,False,0.0,1.0,False,0.1916502963450626,1.0,False,0.5250249923628951
triviaqa_phi3,I_0D_beyond_lex,LEX,LEX+0D,0.634655492063492,0.7206979047619048,0.0860424126984127,0.0107693972285782,0.065039146309892,0.1074702526900422,0.0685305983800374,0.103921160160357,0.0,2000,1.0,False,0.0,1.0,False,0.0,1.0,False,0.1680962097178573,1.0,False,0.5013015464600525
triviaqa_phi3,I_defl_beyond_nontopo,NONTOPO,NONTOPO+DEFL,0.8833554285714286,0.8853536507936508,0.0019982222222222,0.001003011431974,8.748644168786187e-05,0.0040036509235383,0.0003747694214821,0.0036749890734266,0.0384,2000,0.0,True,1.0,0.0,True,1.0,0.0,True,1.0,0.0,True,1.0
triviaqa_phi3,I_0D_beyond_nontopo,NONTOPO,NONTOPO+0D,0.8833554285714286,0.8832264126984127,-0.0001290158730158,0.000248899074709,-0.0006201392226914,0.0003619454469798,-0.0005344585066565,0.0002851671812733,0.5994,2000,0.0,True,1.0,0.0,True,1.0,0.0,True,1.0,0.0,True,1.0
triviaqa_phi3,B_len,0D,LEN,0.7104213333333333,0.5807471746031746,-0.1296741587301587,0.0156135018547317,-0.1604359268964178,-0.0994712621069823,-0.1555188412231996,-0.1042544762140405,0.0,2000,1.0,False,0.0,1.0,False,0.0,1.0,False,0.0,1.0,False,0.0
triviaqa_phi3,B_rowstat,0D,ROWSTAT,0.7104213333333333,0.7284073650793651,0.0179860317460317,0.0097337994605419,-0.001306358807105,0.0367656752503026,0.0019776067349341,0.0338773562656428,0.0642,2000,0.7979,False,0.0,0.6205,False,0.0,0.4226,False,0.3180785085752311,0.2378,False,0.6442619072732698
triviaqa_phi3,B_lex,0D,LEX,0.7104213333333333,0.634655492063492,-0.0757658412698413,0.0157076099111759,-0.106748275933662,-0.0453922432615031,-0.1018790422771831,-0.0503291976131671,0.0,2000,1.0,False,0.0,1.0,False,0.0,0.9999,False,0.0,0.9993,False,0.0
triviaqa_phi3,B_llmcheck,0D,LLMCHECK,0.7104213333333333,0.6761853968253968,-0.0342359365079365,0.0127617835782203,-0.0594023552977743,-0.009495207010871,-0.0551374215256677,-0.0135645027531844,0.0066,2000,0.973,False,0.0,0.9344,False,0.0,0.863,False,0.0,0.7681,False,0.2465702510334184
triviaqa_phi3,B_lookback,0D,LOOKBACK,0.7104213333333333,0.8399024761904762,0.1294811428571428,0.0122456674137078,0.1057733326272033,0.1534430945139981,0.1094235413191611,0.149654142791491,0.0,2000,1.0,False,0.0,1.0,False,0.0,1.0,False,0.0,1.0,False,0.3084000541885159
triviaqa_phi3,B_hidden,0D,HIDDEN,0.7104213333333333,0.8670008888888889,0.1565795555555555,0.0116974501912379,0.1337280136464972,0.1795070616816884,0.137297564522707,0.1759054131647626,0.0,2000,1.0,False,0.0,1.0,False,0.0,1.0,False,0.0517628589665946,1.0,False,0.3775381530391484
triviaqa_phi3,B_logprob,0D,LOGPROB,0.7104213333333333,0.877367873015873,0.1669465396825397,0.0117320273074071,0.1436554043743915,0.1900252992236567,0.1476167244315809,0.1864339787387768,0.0,2000,1.0,False,0.0,1.0,False,0.0,1.0,False,0.0477500494145581,1.0,False,0.3730791894669911
triviaqa_phi3,PH_0D_vs_entropy,PH_0D,PH_ENT,0.8071690158730159,0.8171814603174603,0.0100124444444443,0.0073329992529045,-0.0044314607088229,0.0244413834752333,-0.0020259802481531,0.0219906856404186,0.1722,2000,0.5061,False,0.0,0.2486,False,0.311354649493305,0.0881,False,0.7209888364369186,0.0211,True,0.9223340960024822
triviaqa_phi3,PH_topo_beyond_sink,PH_SINK,PH_SINK+PH_0DTOT,0.8260998095238096,0.8277526349206349,0.0016528253968253,0.0013803339082492,-0.0011048770281194,0.0043171128658803,-0.000646113720815,0.0039030468995334,0.2412,2000,0.0,True,0.9999999785363928,0.0,True,1.0,0.0,True,1.0,0.0,True,1.0
triviaqa_phi3,T1_reduction,0D,SINK,0.7104213333333333,0.7066453333333333,-0.003776,0.0037310337833122,-0.0110887895105269,0.0035757409146818,-0.009918574735369,0.0023827575020008,0.3088,2000,0.0473,True,0.6995032365802554,0.0015,True,0.9824738504171904,0.0,True,0.9997972707152496,0.0,True,0.99999957118988
triviaqa_phi3,T1_legacy_proxy,0D,LEGACY_MSTPROXY,0.7104213333333333,0.6692744126984127,-0.0411469206349206,0.0098604526997048,-0.0605198391323253,-0.0218746262188565,-0.057487212516964,-0.024822653278857,0.0,2000,0.9992,False,0.0,0.9968,False,0.0,0.9849,False,0.2986144669613571,0.9482,False,0.6268169820397018
triviaqa_phi3,T2_topo_beyond_sink,SINK,0D+SINK,0.7066453333333333,0.7126420317460318,0.0059966984126984,0.0033931727117097,-0.0006085114014326,0.0126088653424944,0.0003790554984826,0.0115891968879076,0.077,2000,0.1143,False,0.8071658790260536,0.0048,True,0.9944931870165334,0.0,True,0.9999785593927112,0.0,True,0.9999999895268086
triviaqa_phi3,T3_deflated_beyond_sink,SINK,SINK+DEFL,0.7066453333333333,0.7356027936507936,0.0289574603174602,0.0098560554245654,0.0094617766714797,0.0483913944934868,0.0129681693768449,0.0452879577010161,0.0028,2000,0.9724,False,0.0,0.9231,False,0.0,0.8185,False,0.2992852007094881,0.6545,False,0.6274237726463738
triviaqa_phi3,T4_1D_beyond_0D,0D,0D+1D,0.7104213333333333,0.7050849523809524,-0.0053363809523809,0.0034434980866883,-0.0120698728539854,0.0013510363423508,-0.0110522154105908,0.0002657287306856,0.1206,2000,0.0865,False,0.7920310856899118,0.0027,True,0.993295616424642,0.0001,True,0.9999686173135224,0.0,True,0.9999999803671322
triviaqa_phi3,T4b_1D_beyond_sink,SINK,SINK+1D,0.7066453333333333,0.6990039365079365,-0.0076413968253968,0.0032062160252372,-0.0140091446220646,-0.0014274625383335,-0.0129633377069058,-0.0024365907125295,0.0136,2000,0.2309,False,0.8595420483844312,0.0113,True,0.9975831216948112,0.0001,True,0.9999956314216852,0.0,True,0.99999999923729
triviaqa_phi3,T6_answer_only_beyond_sink,SINK,SINK+ANS,0.7066453333333333,0.7355205079365079,0.0288751746031745,0.0104987286249093,0.0082643269240828,0.0498387250097651,0.0115557260011777,0.046424465578363,0.0056,2000,0.9646,False,0.0,0.9071,False,0.0,0.8047,False,0.2052433986841855,0.6449,False,0.538504836439152
triviaqa_phi3,PH_reduction,PH_0DTOT,PH_SINK,0.8104899047619047,0.8260998095238096,0.0156099047619048,0.0040619714184227,0.0076237681119725,0.0235875605511246,0.0089931658795471,0.0223440480052881,0.0004,2000,0.9166,False,0.5860745167037082,0.5589,False,0.9594335863694544,0.1399,False,0.9989577412314112,0.011,True,0.9999935109185664
triviaqa_phi3,LF_0D_beyond_NONTOPO,NONTOPO,NONTOPO(+)0D,0.8830476190476191,0.8835057777777777,0.0004581587301586,0.0008070970726548,-0.0011593181193117,0.0020321364447457,-0.0008736664035566,0.0017731659536488,0.5606,2000,0.0,True,1.0,0.0,True,1.0,0.0,True,1.0,0.0,True,1.0
triviaqa_phi3,LF_DEFL_beyond_NONTOPO,NONTOPO,NONTOPO(+)DEFL,0.8830476190476191,0.8839883174603175,0.0009406984126983,0.0010221972130055,-0.0010428535093775,0.0029240811781142,-0.0007208242785393,0.0026262320679713,0.359,2000,0.0,True,0.9999999999999996,0.0,True,1.0,0.0,True,1.0,0.0,True,1.0
triviaqa_phi3,LF_SINK_beyond_NONTOPO,NONTOPO,NONTOPO(+)SINK,0.8830476190476191,0.8830791111111111,3.149206349206679e-05,0.0006374492819505,-0.0012403015591066,0.0012781848690987,-0.0010339178495771,0.0010705922935613,0.9502,2000,0.0,True,1.0,0.0,True,1.0,0.0,True,1.0,0.0,True,1.0
triviaqa_phi3,LF_0D_beyond_HIDDEN,HIDDEN,HIDDEN(+)0D,0.866688,0.8685399365079365,0.0018519365079364,0.0012398902079972,-0.0006112484084864,0.0042809408150198,-0.0001929670615381,0.0039006309176271,0.1426,2000,0.0,True,0.9999999998640624,0.0,True,1.0,0.0,True,1.0,0.0,True,1.0
triviaqa_phi3,LF_0D_beyond_LOGPROB,LOGPROB,LOGPROB(+)0D,0.8770427936507936,0.8778087619047619,0.0007659682539682,0.0011958562608157,-0.0015755268686296,0.0031044970659817,-0.0012009596373281,0.0026931657582146,0.5256,2000,0.0,True,0.9999999999814948,0.0,True,1.0,0.0,True,1.0,0.0,True,1.0
triviaqa_phi3,LF_0D_beyond_SINK,SINK,SINK(+)0D,0.7059393015873016,0.7099794285714286,0.004040126984127,0.0031250946837006,-0.0021260469525798,0.0101326421563688,-0.0011469671248373,0.0091790961668494,0.2014,2000,0.0279,True,0.8800657001609531,0.0002,True,0.9983950241354442,0.0,True,0.9999980150688652,0.0,True,0.999999999791443
triviaqa_tinyllama,I_0D_beyond_hidden,HIDDEN,HIDDEN+0D,0.8271908967391305,0.8277956192358367,0.0006047224967061,0.0007153946520403,-0.0008136087986054,0.0020205274003663,-0.0005785064366156,0.0017907819319983,0.3868,2000,0.0,True,1.0,0.0,True,1.0,0.0,True,1.0,0.0,True,1.0
triviaqa_tinyllama,I_0D_beyond_logprob,LOGPROB,LOGPROB+0D,0.7237138710474308,0.7620751502799736,0.0383612792325428,0.0080458133930271,0.0224741104665337,0.0540884062198401,0.0249421880110043,0.0516147769737806,0.0,2000,0.9998,False,0.0,0.9976,False,0.1737160526210386,0.9884,False,0.5996023209108956,0.9493,False,0.8563553383873619
triviaqa_tinyllama,I_defl_beyond_lex,LEX,LEX+DEFL,0.7401867691864296,0.7566249279479579,0.0164381587615283,0.0088325854819903,-0.0008260647524961,0.033593503751027,0.0019273651057514,0.0308785410867452,0.0602,2000,0.7738,False,0.0,0.5725,False,0.0425894711689935,0.3456,False,0.4644057477082801,0.1677,False,0.7642096949017221
triviaqa_tinyllama,I_sink_beyond_lex,LEX,LEX+SINK,0.7401867691864296,0.7615180335968379,0.0213312644104083,0.0066960261849124,0.0083724563717607,0.0347598007404002,0.0103731006014484,0.0324696505195782,0.002,2000,0.9547,False,0.0,0.8352,False,0.4483443338937141,0.5882,False,0.8204015785213774,0.2934,False,0.9632656283658052
triviaqa_tinyllama,I_0D_beyond_lex,LEX,LEX+0D,0.7401867691864296,0.7643859622035574,0.0241991930171278,0.0072521792528356,0.0100549261158517,0.0385484639243622,0.0122987737011499,0.0363478295032606,0.0008,2000,0.9755,False,0.0,0.8969,False,0.3280623337728008,0.7208,False,0.7342649878778769,0.4552,False,0.9285153101545708
triviaqa_tinyllama,I_defl_beyond_nontopo,NONTOPO,NONTOPO+DEFL,0.8419023797760211,0.8419178194993412,1.543972332007648e-05,0.0016015744810552,-0.0032001732707078,0.0030421600551833,-0.0026595893085638,0.0026093230126242,0.9846,2000,0.0,True,0.9999957548050176,0.0,True,0.9999999999999885,0.0,True,1.0,0.0,True,1.0
triviaqa_tinyllama,I_0D_beyond_nontopo,NONTOPO,NONTOPO+0D,0.8419023797760211,0.8416218914690382,-0.0002804883069829,0.0005450962411805,-0.0013400865030907,0.0008026065627201,-0.0011702369790827,0.0006252864166631,0.6198,2000,0.0,True,1.0,0.0,True,1.0,0.0,True,1.0,0.0,True,1.0
triviaqa_tinyllama,B_len,0D,LEN,0.7196339241600791,0.6307332839262187,-0.0889006402338603,0.0123966719340561,-0.1130454193506377,-0.0641078639579472,-0.1089931209252783,-0.0683657478594943,0.0,2000,1.0,False,0.0,1.0,False,0.0,1.0,False,0.0,1.0,False,0.2899706445157091
triviaqa_tinyllama,T1_reduction,0D,SINK,0.7196339241600791,0.7203222784914362,0.000688354331357,0.0069294558332354,-0.0128923213974691,0.0145535706628266,-0.0104240371821862,0.0123696787896381,0.9052,2000,0.0914,False,0.0,0.0215,True,0.3968099265011109,0.0028,True,0.7855330805335898,0.0003,True,0.9503460723923484
triviaqa_tinyllama,T1_legacy_proxy,0D,LEGACY_MSTPROXY,0.7196339241600791,0.7292914710968379,0.0096575469367587,0.0062354902804889,-0.0025691352319066,0.0220366981886382,-0.0004966611768592,0.0200204996786391,0.1148,2000,0.4854,False,0.0,0.2052,False,0.5531822873210519,0.0505,False,0.8818515585993483,0.0064,True,0.9819433402657544
triviaqa_tinyllama,T2_topo_beyond_sink,SINK,0D+SINK,0.7203222784914362,0.7240715579710145,0.0037492794795783,0.0043325908148932,-0.004745192832145,0.0121927989051903,-0.0034988857396765,0.0107544005142201,0.3918,2000,0.0709,False,0.4928194113319242,0.0049,True,0.930825454218588,0.0002,True,0.9970347926643272,0.0,True,0.9999629854148058
triviaqa_tinyllama,T3_deflated_beyond_sink,SINK,SINK+DEFL,0.7203222784914362,0.7342180294795784,0.0138957509881422,0.0084943318145639,-0.0029711567209258,0.0302269432296461,-0.0002276798740614,0.0275580464370105,0.1052,2000,0.6761,False,0.0,0.448,False,0.0963325893382276,0.2365,False,0.5220835362707437,0.0942,False,0.805810739895712
triviaqa_tinyllama,T4_1D_beyond_0D,0D,0D+1D,0.7196339241600791,0.7180178997859025,-0.0016160243741766,0.0060465744573182,-0.0132704243470518,0.0102605767618172,-0.0114551422442633,0.0082514482891664,0.7922,2000,0.0831,False,0.0071611906051567,0.0125,True,0.5967831136872115,0.0015,True,0.9036483865399076,0.0,True,0.9872155797949212
triviaqa_tinyllama,T4b_1D_beyond_sink,SINK,SINK+1D,0.7203222784914362,0.7194229146080369,-0.0008993638833992,0.0054443296220951,-0.0114294926597737,0.0096778807580728,-0.0099040587718957,0.0080164328141331,0.8606,2000,0.0478,True,0.1521949756635345,0.0036,True,0.7331330353848031,0.0002,True,0.9575104546491584,0.0,True,0.9967920974902922
triviaqa_tinyllama,T6_answer_only_beyond_sink,SINK,SINK+ANS,0.7203222784914362,0.7252707098155468,0.0049484313241106,0.0098798066883439,-0.0146285637152794,0.0245385671976644,-0.0113495685831026,0.0212907277970255,0.6214,2000,0.3002,False,0.0,0.1548,False,0.0,0.0646,False,0.295666674963408,0.0227,True,0.6241454635064687
triviaqa_tinyllama,PH_reduction,PH_0DTOT,PH_SINK,0.7915225625823452,0.8135447546113307,0.0220221920289854,0.0042614464540856,0.0136122776175382,0.0304996196936876,0.0149950727982685,0.0290644811044846,0.0,2000,0.998,False,0.5171757890061575,0.9497,False,0.9392180014925376,0.6845,False,0.9976992772187304,0.2387,False,0.9999757532271076
triviaqa_tinyllama,B_rowstat,0D,ROWSTAT,0.7196339241600791,0.7519119524044796,0.0322780282444005,0.0076132545124511,0.0172805457443476,0.047481014569585,0.0197900001062733,0.0449550228418795,0.0,2000,0.9984,False,0.0,0.9885,False,0.2551174383572272,0.9474,False,0.6739709890984995,0.8367,False,0.8987644863105893
triviaqa_tinyllama,B_lex,0D,LEX,0.7196339241600791,0.7401867691864296,0.0205528450263504,0.0141775051391845,-0.0073073438115886,0.0486459682875143,-0.0025957827864949,0.0438546421086779,0.143,2000,0.7747,False,0.0,0.6595,False,0.0,0.5182,False,0.0,0.3806,False,0.0943310136508026
triviaqa_tinyllama,B_llmcheck,0D,LLMCHECK,0.7196339241600791,0.6877418889986825,-0.0318920351613966,0.0113779741849714,-0.0538950254834394,-0.0092221118544863,-0.0503062087614671,-0.012800660250643,0.0054,2000,0.9715,False,0.0,0.928,False,0.0,0.8483,False,0.0899127823420391,0.7273,False,0.4193079068288388
triviaqa_tinyllama,B_lookback,0D,LOOKBACK,0.7196339241600791,0.8233592720685112,0.1037253479084321,0.0105924887144287,0.0835788150495367,0.1246893165586719,0.0865515639005479,0.1214881380054691,0.0,2000,1.0,False,0.0,1.0,False,0.0,1.0,False,0.1922090070154127,1.0,False,0.5255821053215772
triviaqa_tinyllama,B_hidden,0D,HIDDEN,0.7196339241600791,0.8271908967391305,0.1075569725790513,0.0123073534131059,0.0841343679707588,0.132486941509832,0.0877739056514782,0.128244024599834,0.0,2000,1.0,False,0.0,1.0,False,0.0,1.0,False,0.0,1.0,False,0.3008382811084804
triviaqa_tinyllama,B_logprob,0D,LOGPROB,0.7196339241600791,0.7237138710474308,0.0040799468873516,0.0139406461809115,-0.0235834638818607,0.0314096301827251,-0.0189906781110913,0.0274745101125228,0.751,2000,0.3349,False,0.0,0.2148,False,0.0,0.1272,False,0.0,0.0677,False,0.1180230356049889
triviaqa_tinyllama,PH_0D_vs_entropy,PH_0D,PH_ENT,0.7750174983530962,0.8072800868741765,0.0322625885210803,0.0090618929042733,0.0141940611437495,0.0500305290863922,0.0174033369921123,0.047211870992382,0.0,2000,0.9923,False,0.0,0.9701,False,0.0083215250399715,0.9192,False,0.4260139536125007,0.7903,False,0.7347001668693427
triviaqa_tinyllama,PH_topo_beyond_sink,PH_SINK,PH_SINK+PH_0DTOT,0.8135447546113307,0.8130107975131752,-0.0005339570981555,0.0006252097950864,-0.0017521610991031,0.0006973869757148,-0.0015583660353671,0.0004937702246164,0.3962,2000,0.0,True,1.0,0.0,True,1.0,0.0,True,1.0,0.0,True,1.0
triviaqa_tinyllama,LF_0D_beyond_NONTOPO,NONTOPO,NONTOPO(+)0D,0.8416399044795784,0.8420117444828722,0.0003718400032938,0.0010402782287806,-0.0016810639931358,0.0023789399253077,-0.0013633416412803,0.0020879068099594,0.7304,2000,0.0,True,0.9999999999999984,0.0,True,1.0,0.0,True,1.0,0.0,True,1.0
triviaqa_tinyllama,LF_DEFL_beyond_NONTOPO,NONTOPO,NONTOPO(+)DEFL,0.8416399044795784,0.8430269062911726,0.0013870018115942,0.0015417734036513,-0.0017335900485209,0.0043717227862221,-0.0011686300683101,0.0038874720991851,0.367,2000,0.0,True,0.999998709320773,0.0,True,0.9999999999999992,0.0,True,1.0,0.0,True,1.0
triviaqa_tinyllama,LF_SINK_beyond_NONTOPO,NONTOPO,NONTOPO(+)SINK,0.8416399044795784,0.8422459136198946,0.0006060091403162,0.0010876867777925,-0.0014918753349368,0.0027769246235244,-0.0011816035143719,0.0024284591658347,0.591,2000,0.0,True,0.999999999999956,0.0,True,1.0,0.0,True,1.0,0.0,True,1.0
triviaqa_tinyllama,LF_0D_beyond_HIDDEN,HIDDEN,HIDDEN(+)0D,0.8268254899538867,0.8282176383399209,0.0013921483860341,0.0017078498485174,-0.0020267521617475,0.0047490607476587,-0.0014527593485779,0.0041730070628985,0.423,2000,0.0,True,0.999974515107286,0.0,True,0.999999999999054,0.0,True,1.0,0.0,True,1.0
triviaqa_tinyllama,LF_0D_beyond_LOGPROB,LOGPROB,LOGPROB(+)0D,0.723242959486166,0.7545688714591567,0.0313259119729907,0.0068953888387819,0.0177156324007915,0.0450968901759299,0.0199847539085899,0.042679414160045,0.0,2000,0.9977,False,0.0,0.9895,False,0.4042438266030197,0.9495,False,0.7907518271873042,0.8217,False,0.9523815493998452
triviaqa_tinyllama,LF_0D_beyond_SINK,SINK,SINK(+)0D,0.7196570837450593,0.7245218832345192,0.0048647994894598,0.0023847770058953,9.152882030035174e-05,0.009536124193287,0.0008731992534061,0.0086828602980606,0.0444,2000,0.016,True,0.9891784966658814,0.0,True,0.999996599937869,0.0,True,0.999999999984343,0.0,True,1.0
triviaqa_mistral,B_len,0D,LEN,0.6992045496659512,0.6350025099978774,-0.0642020396680738,0.0131512068256237,-0.0902227141253095,-0.038932167757842,-0.0855534077359926,-0.0427688616089467,0.0,2000,1.0,False,0.0,1.0,False,0.0,0.9994,False,0.0,0.9981,False,0.2021361058829263
triviaqa_mistral,I_0D_beyond_nontopo,NONTOPO,NONTOPO+0D,0.8410424520938549,0.8413254585659433,0.0002830064720884,0.0006905525804522,-0.0010828501995478,0.0016325264788144,-0.0008451825805292,0.0014160857908211,0.6632,2000,0.0,True,1.0,0.0,True,1.0,0.0,True,1.0,0.0,True,1.0
triviaqa_mistral,I_defl_beyond_nontopo,NONTOPO,NONTOPO+DEFL,0.8410424520938549,0.8410053917225099,-3.706037134498796e-05,0.0007467489848525,-0.0014690943108386,0.0014724652273417,-0.0012362853325157,0.0012078432768486,0.9732,2000,0.0,True,1.0,0.0,True,1.0,0.0,True,1.0,0.0,True,1.0
triviaqa_mistral,I_0D_beyond_lex,LEX,LEX+0D,0.6765876157715464,0.7226446730208358,0.0460570572492894,0.009628235291448,0.0269621015996705,0.0647429684789096,0.0299831276162299,0.0616464525648018,0.0,2000,0.9997,False,0.0,0.9988,False,0.0,0.9964,False,0.334527645029421,0.9845,False,0.6587387707327679
triviaqa_mistral,I_sink_beyond_lex,LEX,LEX+SINK,0.6765876157715464,0.7213486830653195,0.0447610672937731,0.0093087196222687,0.0263591732746207,0.062624582554418,0.0293381954090125,0.0599432547012049,0.0,2000,0.9997,False,0.0,0.9992,False,0.0,0.9958,False,0.3855064013192018,0.9819,False,0.7020317886943117
triviaqa_mistral,I_defl_beyond_lex,LEX,LEX+DEFL,0.6765876157715464,0.7444956925741123,0.0679080768025659,0.0116546534394586,0.0452185667901183,0.0910529665295023,0.0489822723965498,0.0873238515056547,0.0,2000,1.0,False,0.0,1.0,False,0.0,1.0,False,0.0567607148369317,0.9999,False,0.3830744025530759
triviaqa_mistral,I_0D_beyond_logprob,LOGPROB,LOGPROB+0D,0.7187578261958427,0.7521525899022842,0.0333947637064414,0.0101629365588902,0.0138061616768628,0.0534037638900207,0.0168004420284207,0.0501469835390563,0.001,2000,0.9891,False,0.0,0.9666,False,0.0,0.9087,False,0.2533664909240927,0.7946,False,0.5849650674455904
triviaqa_mistral,I_0D_beyond_hidden,HIDDEN,HIDDEN+0D,0.8333294026878877,0.8339347220865214,0.0006053193986337,0.0008310799610967,-0.0010383442462959,0.0022191471733925,-0.0007694451068287,0.001943799677456,0.456,2000,0.0,True,1.0,0.0,True,1.0,0.0,True,1.0,0.0,True,1.0
triviaqa_mistral,PH_topo_beyond_sink,PH_SINK,PH_SINK+PH_0DTOT,0.8116749154068948,0.813766018783993,0.0020911033770981,0.001069607357341,-3.983631814275512e-05,0.0041480920667363,0.0003102219972366,0.0038208046840452,0.0542,2000,0.0,True,0.9999999999999868,0.0,True,1.0,0.0,True,1.0,0.0,True,1.0
triviaqa_mistral,PH_0D_vs_entropy,PH_0D,PH_ENT,0.7753782123199905,0.8120679799514622,0.0366897676314716,0.0085046036999586,0.020262888553652,0.0539083481587471,0.0230462020838801,0.0510161976117034,0.0,2000,0.9991,False,0.0,0.9956,False,0.0946430314035191,0.9768,False,0.520317838978946,0.9196,False,0.8045868648715293
triviaqa_mistral,B_logprob,0D,LOGPROB,0.6992045496659512,0.7187578261958427,0.0195532765298914,0.0147941460738719,-0.0091770965027429,0.0485389360061228,-0.0047749571833207,0.0440153701114858,0.1798,2000,0.7457,False,0.0,0.6215,False,0.0,0.4887,False,0.0,0.3531,False,0.0358958482559281
triviaqa_mistral,B_hidden,0D,HIDDEN,0.6992045496659512,0.8333294026878877,0.1341248530219364,0.0127084081142753,0.1093424197114315,0.1592289293498024,0.113381555613899,0.1550772223571423,0.0,2000,1.0,False,0.0,1.0,False,0.0,1.0,False,0.0,1.0,False,0.2528108599866026
triviaqa_mistral,B_lookback,0D,LOOKBACK,0.6992045496659512,0.8220765262977026,0.1228719766317513,0.0121749271989445,0.0992668567230769,0.1465494130737974,0.1027778598267371,0.1425318869627838,0.0,2000,1.0,False,0.0,1.0,False,0.0,1.0,False,0.0,1.0,False,0.317127678263055
triviaqa_mistral,B_llmcheck,0D,LLMCHECK,0.6992045496659512,0.6862704800665739,-0.0129340695993773,0.0125851544509817,-0.0375246428271866,0.0118098801655431,-0.0338857789113247,0.0076148245987292,0.3134,2000,0.5839,False,0.0,0.4286,False,0.0,0.2825,False,0.0,0.1653,False,0.2673584866110998
triviaqa_mistral,B_lex,0D,LEX,0.6992045496659512,0.6765876157715464,-0.0226169338944048,0.0149773595189101,-0.0516698206382956,0.0068208030035113,-0.0470403135978695,0.0021723060343628,0.1346,2000,0.799,False,0.0,0.6927,False,0.0,0.571,False,0.0,0.4369,False,0.019412571715653
triviaqa_mistral,B_rowstat,0D,ROWSTAT,0.6992045496659512,0.7311606971392762,0.0319561474733249,0.0089439041422514,0.0148803250878679,0.0494166602431028,0.0174259725573024,0.0466701066216676,0.0,2000,0.994,False,0.0,0.9742,False,0.0257403284224297,0.9097,False,0.4456847883457584,0.7845,False,0.7499987223447941
triviaqa_mistral,PH_reduction,PH_0DTOT,PH_SINK,0.8079306948595019,0.8116749154068948,0.0037442205473929,0.0046922932966099,-0.0053971233681781,0.0130931069485595,-0.0040142689815281,0.0114796631104575,0.427,2000,0.094,False,0.3732458413817159,0.0085,True,0.8793084605234822,0.0004,True,0.9911411710284777,0.0,True,0.9997695233975428
triviaqa_mistral,T6_answer_only_beyond_sink,SINK,SINK+ANS,0.696343039781501,0.7011676263056762,0.0048245865241751,0.0094428669316064,-0.0132651672411463,0.023534269128543,-0.0103380086742945,0.0204496321582259,0.6192,2000,0.2918,False,0.0,0.1444,False,0.0,0.0551,False,0.363891837918497,0.0179,True,0.6839689879975683
triviaqa_mistral,T4b_1D_beyond_sink,SINK,SINK+1D,0.696343039781501,0.6864883501284198,-0.0098546896530812,0.0063881363766613,-0.0222141572993176,0.0026577387733498,-0.0204560762968233,0.0005550018826783,0.118,2000,0.4971,False,0.0,0.213,False,0.5180994312798599,0.0571,False,0.8627076309260262,0.0095,True,0.9767104303395984
triviaqa_mistral,T4_1D_beyond_0D,0D,0D+1D,0.6992045496659512,0.6921608330273045,-0.0070437166386467,0.006067010834664,-0.0189002926514451,0.0046804838095566,-0.0171017388574733,0.0028423636104843,0.2426,2000,0.3152,False,0.0027164039790639,0.096,False,0.5920653053989053,0.0168,True,0.9013966603437014,0.0015,True,0.986705889529366
triviaqa_mistral,T3_deflated_beyond_sink,SINK,SINK+DEFL,0.696343039781501,0.7393802382869573,0.0430371985054562,0.0102404938594172,0.0233901235039589,0.063432696124123,0.0264720853808945,0.0599450560590885,0.0,2000,0.9995,False,0.0,0.9973,False,0.0,0.9902,False,0.2420524853384413,0.9633,False,0.5742206905303271
triviaqa_mistral,T2_topo_beyond_sink,SINK,0D+SINK,0.696343039781501,0.69808824635938,0.001745206577879,0.0051069095424939,-0.0083266189154507,0.0117763980884975,-0.0066270993906793,0.0100905497095778,0.7298,2000,0.0521,False,0.2459303747336572,0.0041,True,0.8037617837854356,0.0001,True,0.976877781982395,0.0,True,0.9988478756439628
triviaqa_mistral,T1_legacy_proxy,0D,LEGACY_MSTPROXY,0.6992045496659512,0.6932782593754316,-0.0059262902905196,0.0078634860152524,-0.0214016831027117,0.0094650689895845,-0.0187660395581732,0.0070765205087986,0.4586,2000,0.3031,False,0.0,0.1217,False,0.2072160983204827,0.035,True,0.6311063211585823,0.0066,True,0.8750682085363579
triviaqa_mistral,T1_reduction,0D,SINK,0.6992045496659512,0.696343039781501,-0.0028615098844502,0.0059415289090318,-0.0145560230215755,0.0086204398982245,-0.0125299832476542,0.0068293059499993,0.6398,2000,0.1105,False,0.0304836174748945,0.0227,True,0.6210047480577137,0.0033,True,0.9148005757915948,0.0002,True,0.989617341000616
triviaqa_mistral,LF_0D_beyond_NONTOPO,NONTOPO,NONTOPO(+)0D,0.8406538797155111,0.8432728126238855,0.0026189329083744,0.0015312529078858,-0.0003878449677325,0.0056062196146748,8.455686334198375e-05,0.0050924469245667,0.0886,2000,0.0001,True,0.99999896962149,0.0,True,0.9999999999999996,0.0,True,1.0,0.0,True,1.0
triviaqa_mistral,LF_DEFL_beyond_NONTOPO,NONTOPO,NONTOPO(+)DEFL,0.8406538797155111,0.8461893515445752,0.0055354718290641,0.0020492302621543,0.001514919608692,0.009475010516673,0.0021345102643482,0.008873685129172,0.0054,2000,0.0119,True,0.998783689678188,0.0,True,0.999999986128542,0.0,True,0.9999999999999996,0.0,True,1.0
triviaqa_mistral,LF_SINK_beyond_NONTOPO,NONTOPO,NONTOPO(+)SINK,0.8406538797155111,0.8431571393436271,0.002503259628116,0.0015481964373711,-0.0005900494464158,0.005528694300543,-5.189221572309274e-05,0.0050361922455532,0.1082,2000,0.0,True,0.9999985226478404,0.0,True,0.9999999999999992,0.0,True,1.0,0.0,True,1.0
triviaqa_mistral,LF_0D_beyond_HIDDEN,HIDDEN,HIDDEN(+)0D,0.8330441501326874,0.8365693775766785,0.003525227443991,0.0018005794040651,-1.5948927101078186e-05,0.0070193013244796,0.0005345365418894,0.0064598549460453,0.0514,2000,0.0002,True,0.999907288125954,0.0,True,0.999999999977033,0.0,True,1.0,0.0,True,1.0
triviaqa_mistral,LF_0D_beyond_LOGPROB,LOGPROB,LOGPROB(+)0D,0.7179660818989285,0.7488171564812413,0.0308510745823127,0.0092141062227013,0.0126136941856002,0.0489965209365833,0.0157409511613912,0.0458472384722127,0.0006,2000,0.9873,False,0.0,0.9581,False,0.0,0.8824,False,0.4009250805125273,0.734,False,0.7146497470820514
triviaqa_mistral,LF_0D_beyond_SINK,SINK,SINK(+)0D,0.6955164811963537,0.7001984414429288,0.004681960246575,0.0037445328578252,-0.0026167719142594,0.0121274725584295,-0.0014406450776413,0.0107301337597776,0.2068,2000,0.0729,False,0.69497003226627,0.0039,True,0.9817736061796604,0.0,True,0.9997812067402287,0.0,True,0.9999995134611732
triviaqa_qwen7b,B_rowstat,0D,ROWSTAT,0.6675414023193506,0.7343856183049945,0.0668442159856439,0.0084815949480947,0.0501575819888962,0.0835706668476107,0.0529769501384567,0.0807424356659727,0.0,2000,1.0,False,0.0,1.0,False,0.098432670818457,1.0,False,0.5242739283620357,1.0,False,0.8073245716686857
triviaqa_qwen7b,B_lex,0D,LEX,0.6675414023193506,0.5939124803960131,-0.0736289219233374,0.0168406673011667,-0.1067378713360777,-0.0405073727937104,-0.1012677859103724,-0.0459837580071457,0.0,2000,0.9998,False,0.0,0.9995,False,0.0,0.9987,False,0.0,0.9974,False,0.0
triviaqa_qwen7b,B_llmcheck,0D,LLMCHECK,0.6675414023193506,0.725301978964309,0.0577605766449584,0.0123220082760851,0.033558912222164,0.0820236094310791,0.0375298106896825,0.0777687193176456,0.0,2000,0.9999,False,0.0,0.9996,False,0.0,0.9989,False,0.0,0.9964,False,0.2990485489030718
triviaqa_qwen7b,B_lookback,0D,LOOKBACK,0.6675414023193506,0.8785768831587365,0.2110354808393859,0.012194052342395,0.1868275660576922,0.2346420360855381,0.190711985435541,0.2310582455285668,0.0,2000,1.0,False,0.0,1.0,False,0.0,1.0,False,0.0,1.0,False,0.314762242313078
triviaqa_qwen7b,B_hidden,0D,HIDDEN,0.6675414023193506,0.8536889524089759,0.1861475500896253,0.0126051981048862,0.1614030674203597,0.2106923600979359,0.1651832783618042,0.2068071657104798,0.0,2000,1.0,False,0.0,1.0,False,0.0,1.0,False,0.0,1.0,False,0.2649797778889593
triviaqa_qwen7b,B_logprob,0D,LOGPROB,0.6675414023193506,0.8472014964585216,0.179660094139171,0.0129728924383868,0.1540927160536687,0.2049523711695578,0.1584103420055296,0.2007390003365692,0.0,2000,1.0,False,0.0,1.0,False,0.0,1.0,False,0.0,1.0,False,0.2222417911284595
triviaqa_qwen7b,PH_0D_vs_entropy,PH_0D,PH_ENT,0.7975407317554063,0.8412054537866346,0.0436647220312282,0.0072309168638043,0.0297915009268813,0.0579003737230001,0.031852036300397,0.0556349946758287,0.0,2000,1.0,False,0.0,0.9999,False,0.3324930669267831,0.9997,False,0.7377322910548467,0.9954,False,0.9300945135050218
triviaqa_qwen7b,PH_topo_beyond_sink,PH_SINK,PH_SINK+PH_0DTOT,0.8011397585369295,0.8322419154508942,0.0311021569139646,0.0044981181421298,0.0224387846675846,0.0400398721640637,0.0238237860902974,0.0386023423286743,0.0,2000,1.0,False,0.436937255737251,0.9998,False,0.9089479867165264,0.9926,False,0.9949126510762564,0.9177,False,0.999908853352122
triviaqa_qwen7b,I_0D_beyond_hidden,HIDDEN,HIDDEN+0D,0.8536889524089759,0.8529072950351245,-0.0007816573738513,0.0003192947867382,-0.0014126316302176,-0.0001690166005712,-0.0013094407617124,-0.0002719998455634,0.0126,2000,0.0,True,1.0,0.0,True,1.0,0.0,True,1.0,0.0,True,1.0
triviaqa_qwen7b,I_0D_beyond_logprob,LOGPROB,LOGPROB+0D,0.8472014964585216,0.8423073805070064,-0.0048941159515152,0.003289310442569,-0.0113441175825875,0.0015242714792819,-0.0102776526778574,0.0005919765069587,0.1398,2000,0.0592,False,0.8370737765560321,0.0013,True,0.9964473596656164,0.0,True,0.9999908119038036,0.0,True,0.9999999974075944
triviaqa_qwen7b,I_defl_beyond_lex,LEX,LEX+DEFL,0.5939124803960131,0.6784846055532703,0.0845721251572572,0.0112603442837588,0.0623989722342316,0.1065322928604951,0.0660819342517855,0.1032029067592408,0.0,2000,1.0,False,0.0,1.0,False,0.0,1.0,False,0.1044548890710721,1.0,False,0.4349299417462118
triviaqa_qwen7b,I_sink_beyond_lex,LEX,LEX+SINK,0.5939124803960131,0.7275798946914355,0.1336674142954224,0.0126947240283813,0.1089269067350975,0.1583176062417427,0.1127157881032781,0.1544847228943612,0.0,2000,1.0,False,0.0,1.0,False,0.0,1.0,False,0.0,1.0,False,0.254416578164701
triviaqa_qwen7b,I_0D_beyond_lex,LEX,LEX+0D,0.5939124803960131,0.6784765988196073,0.0845641184235942,0.0105629566183107,0.064116864927405,0.1051941152254546,0.0673790783495388,0.1018788914319563,0.0,2000,1.0,False,0.0,1.0,False,0.0,1.0,False,0.1962954779871077,1.0,False,0.5296489348081517
triviaqa_qwen7b,I_defl_beyond_nontopo,NONTOPO,NONTOPO+DEFL,0.8811050093128321,0.8811920825414173,8.70732285852549e-05,0.0006483839879185,-0.0011073367340857,0.001423539824711,-0.0009400690260689,0.0012020997743726,0.9186,2000,0.0,True,1.0,0.0,True,1.0,0.0,True,1.0,0.0,True,1.0
triviaqa_qwen7b,I_0D_beyond_nontopo,NONTOPO,NONTOPO+0D,0.8811050093128321,0.8806856566372319,-0.0004193526756002,0.0002818029609204,-0.0009726342093296,0.0001211770167226,-0.0008884438423565,4.10476006366733e-05,0.1348,2000,0.0,True,1.0,0.0,True,1.0,0.0,True,1.0,0.0,True,1.0
triviaqa_qwen7b,B_len,0D,LEN,0.6675414023193506,0.5947011436618196,-0.0728402586575309,0.0146450266545866,-0.1007762843958068,-0.0441471090711982,-0.0967519926873451,-0.0488658592274411,0.0,2000,0.9999,False,0.0,0.9999,False,0.0,0.9996,False,0.0,0.9993,False,0.0496048186625732
triviaqa_qwen7b,PH_reduction,PH_0DTOT,PH_SINK,0.821553926852483,0.8011397585369295,-0.0204141683155534,0.0086323159777694,-0.0375302512510284,-0.0034761731868459,-0.0346166311015952,-0.0063688218533812,0.0152,2000,0.8866,False,0.0,0.7384,False,0.0739398343683417,0.5269,False,0.4984301253476408,0.3008,False,0.7891532704586115
triviaqa_qwen7b,T6_answer_only_beyond_sink,SINK,SINK+ANS,0.7136331654921789,0.7807416036887022,0.0671084381965232,0.0099562712706005,0.0475726189857947,0.087105768367901,0.0508791040096002,0.0834667795807241,0.0,2000,1.0,False,0.0,1.0,False,0.0,1.0,False,0.2840901146926331,1.0,False,0.6135792442980885
triviaqa_qwen7b,T4b_1D_beyond_sink,SINK,SINK+1D,0.7136331654921789,0.7181169363434649,0.0044837708512859,0.0054551421998208,-0.0060065143800145,0.0151622768953147,-0.0044006168284559,0.0134152682732824,0.413,2000,0.1594,False,0.1493421754436923,0.0268,True,0.7307734792126748,0.0025,True,0.9567628600856772,0.0001,True,0.99669639885306
triviaqa_qwen7b,T4_1D_beyond_0D,0D,0D+1D,0.6675414023193506,0.6677155487765211,0.0001741464571705,0.0060849985685779,-0.0117649415954759,0.012272489898346,-0.0096500906047174,0.0103061269771568,0.9818,2000,0.0545,False,0.0,0.0074,True,0.5879121551844142,0.0005,True,0.8993929790397968,0.0002,True,0.98624546143554
triviaqa_qwen7b,T3_deflated_beyond_sink,SINK,SINK+DEFL,0.7136331654921789,0.7337460804536615,0.0201129149614825,0.0075146247132008,0.0051820229824828,0.0349086852767527,0.0077953033494615,0.0327025551012228,0.0082,2000,0.9167,False,0.0,0.7569,False,0.2746022279783879,0.5111,False,0.6906673160381269,0.2583,False,0.9074297025764956
triviaqa_qwen7b,T2_topo_beyond_sink,SINK,0D+SINK,0.7136331654921789,0.7353844583294551,0.0217512928372761,0.0066487169226768,0.0085944673322607,0.0348055177178509,0.0108296572625926,0.0328409475434598,0.002,2000,0.9593,False,0.0,0.8515,False,0.4589465629274865,0.6056,False,0.8271948684994097,0.3135,False,0.9655930890459908
triviaqa_qwen7b,T1_legacy_proxy,0D,LEGACY_MSTPROXY,0.6675414023193506,0.6717269223416894,0.0041855200223388,0.0037590748877551,-0.0030477500893955,0.0116355910347667,-0.001922295581339,0.0104151014889309,0.2654,2000,0.0634,False,0.6900730685606393,0.0022,True,0.9809979046097566,0.0,True,0.9997627129815913,0.0,True,0.9999994434606104
triviaqa_qwen7b,T1_reduction,0D,SINK,0.6675414023193506,0.7136331654921789,0.0460917631728283,0.0145409733065793,0.0172248315398458,0.0749698071514687,0.0218245984222664,0.0700034877153455,0.0012,2000,0.9929,False,0.0,0.9823,False,0.0,0.9621,False,0.0,0.9245,False,0.0593286246901294
triviaqa_qwen7b,LF_0D_beyond_NONTOPO,NONTOPO,NONTOPO(+)0D,0.8806936633708949,0.8805665564739946,-0.0001271068969003,0.0003863858118516,-0.0008809230312163,0.0006418504766924,-0.0007642673886571,0.0005091521101129,0.7366,2000,0.0,True,1.0,0.0,True,1.0,0.0,True,1.0,0.0,True,1.0
triviaqa_qwen7b,LF_DEFL_beyond_NONTOPO,NONTOPO,NONTOPO(+)DEFL,0.8806936633708949,0.8806236044513436,-7.005891955136345e-05,0.0005058076555083,-0.0010580531247145,0.0009174136152447,-0.0008924607420583,0.0007712424662885,0.8824,2000,0.0,True,1.0,0.0,True,1.0,0.0,True,1.0,0.0,True,1.0
triviaqa_qwen7b,LF_SINK_beyond_NONTOPO,NONTOPO,NONTOPO(+)SINK,0.8806936633708949,0.8819957584328421,0.0013020950619471,0.0012812247796045,-0.0012120809219568,0.0037574989532227,-0.0008132164759188,0.0033900732256008,0.306,2000,0.0,True,0.999999999273368,0.0,True,1.0,0.0,True,1.0,0.0,True,1.0
triviaqa_qwen7b,LF_0D_beyond_HIDDEN,HIDDEN,HIDDEN(+)0D,0.8533776906378264,0.8539161434766639,0.0005384528388374,0.0009026143992347,-0.001192111775931,0.002317843552655,-0.0009625999813308,0.0020133261660822,0.5532,2000,0.0,True,1.0,0.0,True,1.0,0.0,True,1.0,0.0,True,1.0
triviaqa_qwen7b,LF_0D_beyond_LOGPROB,LOGPROB,LOGPROB(+)0D,0.8468862313205405,0.8464078289841757,-0.0004784023363648,0.0018060441889129,-0.004056266441311,0.0030382852393549,-0.0034925980523071,0.0024667356572495,0.791,2000,0.0,True,0.9999006236102472,0.0,True,0.9999999999727271,0.0,True,1.0,0.0,True,1.0
triviaqa_qwen7b,LF_0D_beyond_SINK,SINK,SINK(+)0D,0.7131367480050723,0.7324089559319388,0.0192722079268664,0.0060440310161788,0.0074716514918172,0.0312643601897858,0.009413238105601,0.0292580665442571,0.0022,2000,0.9396,False,0.0077164638901698,0.7615,False,0.5973702028047416,0.4492,False,0.9039267797737808,0.1748,False,0.9872780243542868
