example_id,label,seq_len,msp_score,layer_0_mtop_div,layer_0_h0_max_lifetime,layer_0_h0_total_persistence,layer_0_h1_max_lifetime,layer_0_h1_total_persistence,layer_1_mtop_div,layer_1_h0_max_lifetime,layer_1_h0_total_persistence,layer_1_h1_max_lifetime,layer_1_h1_total_persistence,layer_2_mtop_div,layer_2_h0_max_lifetime,layer_2_h0_total_persistence,layer_2_h1_max_lifetime,layer_2_h1_total_persistence,layer_3_mtop_div,layer_3_h0_max_lifetime,layer_3_h0_total_persistence,layer_3_h1_max_lifetime,layer_3_h1_total_persistence,layer_4_mtop_div,layer_4_h0_max_lifetime,layer_4_h0_total_persistence,layer_4_h1_max_lifetime,layer_4_h1_total_persistence,layer_5_mtop_div,layer_5_h0_max_lifetime,layer_5_h0_total_persistence,layer_5_h1_max_lifetime,layer_5_h1_total_persistence,layer_6_mtop_div,layer_6_h0_max_lifetime,layer_6_h0_total_persistence,layer_6_h1_max_lifetime,layer_6_h1_total_persistence,layer_7_mtop_div,layer_7_h0_max_lifetime,layer_7_h0_total_persistence,layer_7_h1_max_lifetime,layer_7_h1_total_persistence,layer_8_mtop_div,layer_8_h0_max_lifetime,layer_8_h0_total_persistence,layer_8_h1_max_lifetime,layer_8_h1_total_persistence,layer_9_mtop_div,layer_9_h0_max_lifetime,layer_9_h0_total_persistence,layer_9_h1_max_lifetime,layer_9_h1_total_persistence,layer_10_mtop_div,layer_10_h0_max_lifetime,layer_10_h0_total_persistence,layer_10_h1_max_lifetime,layer_10_h1_total_persistence,layer_11_mtop_div,layer_11_h0_max_lifetime,layer_11_h0_total_persistence,layer_11_h1_max_lifetime,layer_11_h1_total_persistence,layer_12_mtop_div,layer_12_h0_max_lifetime,layer_12_h0_total_persistence,layer_12_h1_max_lifetime,layer_12_h1_total_persistence,layer_13_mtop_div,layer_13_h0_max_lifetime,layer_13_h0_total_persistence,layer_13_h1_max_lifetime,layer_13_h1_total_persistence,layer_14_mtop_div,layer_14_h0_max_lifetime,layer_14_h0_total_persistence,layer_14_h1_max_lifetime,layer_14_h1_total_persistence,layer_15_mtop_div,layer_15_h0_max_lifetime,layer_15_h0_total_persistence,layer_15_h1_max_lifetime,layer_15_h1_total_persistence,layer_16_mtop_div,layer_16_h0_max_lifetime,layer_16_h0_total_persistence,layer_16_h1_max_lifetime,layer_16_h1_total_persistence,layer_17_mtop_div,layer_17_h0_max_lifetime,layer_17_h0_total_persistence,layer_17_h1_max_lifetime,layer_17_h1_total_persistence,layer_18_mtop_div,layer_18_h0_max_lifetime,layer_18_h0_total_persistence,layer_18_h1_max_lifetime,layer_18_h1_total_persistence,layer_19_mtop_div,layer_19_h0_max_lifetime,layer_19_h0_total_persistence,layer_19_h1_max_lifetime,layer_19_h1_total_persistence,layer_20_mtop_div,layer_20_h0_max_lifetime,layer_20_h0_total_persistence,layer_20_h1_max_lifetime,layer_20_h1_total_persistence,layer_21_mtop_div,layer_21_h0_max_lifetime,layer_21_h0_total_persistence,layer_21_h1_max_lifetime,layer_21_h1_total_persistence,layer_22_mtop_div,layer_22_h0_max_lifetime,layer_22_h0_total_persistence,layer_22_h1_max_lifetime,layer_22_h1_total_persistence,layer_23_mtop_div,layer_23_h0_max_lifetime,layer_23_h0_total_persistence,layer_23_h1_max_lifetime,layer_23_h1_total_persistence,layer_24_mtop_div,layer_24_h0_max_lifetime,layer_24_h0_total_persistence,layer_24_h1_max_lifetime,layer_24_h1_total_persistence,layer_25_mtop_div,layer_25_h0_max_lifetime,layer_25_h0_total_persistence,layer_25_h1_max_lifetime,layer_25_h1_total_persistence,layer_26_mtop_div,layer_26_h0_max_lifetime,layer_26_h0_total_persistence,layer_26_h1_max_lifetime,layer_26_h1_total_persistence,layer_27_mtop_div,layer_27_h0_max_lifetime,layer_27_h0_total_persistence,layer_27_h1_max_lifetime,layer_27_h1_total_persistence,layer_28_mtop_div,layer_28_h0_max_lifetime,layer_28_h0_total_persistence,layer_28_h1_max_lifetime,layer_28_h1_total_persistence,layer_29_mtop_div,layer_29_h0_max_lifetime,layer_29_h0_total_persistence,layer_29_h1_max_lifetime,layer_29_h1_total_persistence,layer_30_mtop_div,layer_30_h0_max_lifetime,layer_30_h0_total_persistence,layer_30_h1_max_lifetime,layer_30_h1_total_persistence,layer_31_mtop_div,layer_31_h0_max_lifetime,layer_31_h0_total_persistence,layer_31_h1_max_lifetime,layer_31_h1_total_persistence
0,grounded,31,0.72021484375,13.034144043922424,0.9493883848190308,26.206517219543457,0.006262540817260742,0.012168943881988525,11.041068196296692,0.8581185340881348,21.591244995594025,0.00852888822555542,0.015244364738464355,11.782810986042023,0.8872842788696289,22.827572107315063,0.02687525749206543,0.05485326051712036,1.5423622131347656,0.16756439208984375,3.30377197265625,0.0,0.0,1.3673133850097656,0.161956787109375,2.9025039672851562,0.0,0.0,1.5736885070800781,0.1478424072265625,3.2311134338378906,0.0,0.0,1.8005905151367188,0.208038330078125,3.666004180908203,0.0,0.0,2.2275524139404297,0.23828506469726562,4.4076690673828125,0.0,0.0,2.843463897705078,0.3456153869628906,5.402000427246094,0.0,0.0,3.7855911254882812,0.3751258850097656,6.950558662414551,0.0,0.0,3.8208985328674316,0.4364199638366699,6.906845569610596,0.0,0.0,4.138860702514648,0.47452735900878906,7.261686325073242,0.0,0.0,3.86272931098938,0.452409029006958,6.979433298110962,0.0,0.0,4.09712290763855,0.4511094093322754,6.789997816085815,0.0,0.0,4.774084091186523,0.5356121063232422,8.431102752685547,0.0,0.0,4.927597522735596,0.5660629272460938,8.407556056976318,0.0,0.0,4.215004920959473,0.4765205383300781,7.467795372009277,0.0,0.0,4.188518524169922,0.5199203491210938,7.295046329498291,0.0,0.0,4.606613397598267,0.5299224853515625,8.279964685440063,0.0,0.0,3.6399965286254883,0.42745018005371094,6.8695762157440186,0.0,0.0,3.5445876121520996,0.4031233787536621,6.153407096862793,0.0,0.0,3.4604501724243164,0.4098529815673828,6.505690574645996,0.0,0.0,3.697885513305664,0.4273233413696289,6.622926712036133,0.0,0.0,2.3613882064819336,0.31405162811279297,4.682099342346191,0.0,0.0,3.269476890563965,0.41515636444091797,6.241570174694061,0.0,0.0,2.5271332263946533,0.35782623291015625,5.400730848312378,0.0,0.0,3.50671648979187,0.4002971649169922,6.626417875289917,0.0,0.0,2.3194692134857178,0.3194389343261719,4.9339218735694885,0.0,0.0,3.4217944741249084,0.45827293395996094,7.05671364068985,0.0,0.0,3.724448323249817,0.4638833999633789,7.320308804512024,0.0,0.0,3.9288118481636047,0.4049501419067383,8.206861317157745,0.0,0.0,5.317670226097107,0.5405364632606506,10.416669368743896,0.0,0.0
0,hallucinated,28,0.6943359375,10.227250695228577,0.9419441223144531,23.39962387084961,0.006262540817260742,0.011879265308380127,8.57443505525589,0.8444516062736511,19.11094492673874,0.016500890254974365,0.03417646884918213,9.097020387649536,0.8651700019836426,20.141781508922577,0.046593666076660156,0.0855591893196106,1.1893348693847656,0.14577865600585938,2.95074462890625,0.0,0.0,1.143524169921875,0.161956787109375,2.6787147521972656,0.0,0.0,1.2669754028320312,0.14359283447265625,2.9244003295898438,0.0,0.0,1.5069084167480469,0.208038330078125,3.3723220825195312,0.0,0.0,1.8948259353637695,0.23828506469726562,4.074942588806152,0.0,0.0,2.5084428787231445,0.3438692092895508,5.06697940826416,0.0,0.0,3.4066267013549805,0.4047050476074219,6.57159423828125,0.0,0.0,3.6760315895080566,0.5091605186462402,6.761978626251221,0.0,0.0,4.011244297027588,0.5367755889892578,7.134069919586182,0.0,0.0,4.109936714172363,0.5429449081420898,7.226640701293945,0.0,0.0,4.134570121765137,0.5260047912597656,6.827445030212402,0.0,0.0,4.597918510437012,0.5483875274658203,8.254937171936035,0.0,0.0,4.58497428894043,0.6149997711181641,8.064932823181152,0.0,0.0,3.693685531616211,0.5120620727539062,6.946475982666016,0.0,0.0,3.766918420791626,0.5063018798828125,6.873446226119995,0.0,0.0,4.14543229341507,0.5025215148925781,7.8187835812568665,0.0,0.0,3.2329288125038147,0.3750190734863281,6.462508499622345,0.0,0.0,2.8974547386169434,0.3766212463378906,5.506274223327637,0.0,0.0,2.604006767272949,0.3520050048828125,5.649247169494629,0.0,0.0,3.077052116394043,0.4273233413696289,6.002093315124512,0.0,0.0,2.119450569152832,0.2628517150878906,4.44016170501709,0.0,0.0,2.377142906188965,0.3193359375,5.349236190319061,0.0,0.0,2.1569344997406006,0.35782623291015625,5.030532121658325,0.0,0.0,2.5943524837493896,0.4002971649169922,5.7140538692474365,0.0,0.0,1.922252595424652,0.3194389343261719,4.536705255508423,0.0,0.0,2.8346123695373535,0.45827293395996094,6.469531536102295,0.0,0.0,3.008932590484619,0.47748661041259766,6.604793071746826,0.0,0.0,3.349415898323059,0.4631972312927246,7.6274653673172,0.0,0.0,4.259224057197571,0.5229704976081848,9.35822319984436,0.0,0.0
1,grounded,18,0.63134765625,7.235537469387054,0.9280897378921509,14.206749498844147,0.0024254322052001953,0.0024254322052001953,5.486964762210846,0.833768904209137,11.111220896244049,0.01631343364715576,0.03146243095397949,6.163524031639099,0.8195247650146484,12.094214081764221,0.0066318511962890625,0.0066318511962890625,0.9117965698242188,0.1751861572265625,1.8163375854492188,0.0,0.0,0.9098777770996094,0.14788818359375,1.80401611328125,0.0,0.0,1.130213737487793,0.23069477081298828,2.059734344482422,0.0,0.0,1.1363964080810547,0.2314910888671875,2.052846908569336,0.0,0.0,1.519155502319336,0.2598304748535156,2.751585006713867,0.0,0.0,1.6791305541992188,0.35105133056640625,3.0335006713867188,0.0,0.0,1.9425849914550781,0.3381004333496094,3.703439712524414,0.0,0.0,1.9700202941894531,0.3381309509277344,3.3491768836975098,0.0,0.0,2.175922393798828,0.3312835693359375,3.8543739318847656,0.0,0.0,1.7329559326171875,0.2687034606933594,3.309454917907715,0.0,0.0,2.0974388122558594,0.3430976867675781,3.5857725143432617,0.0,0.0,2.3698697090148926,0.3774375915527344,4.283299922943115,0.0,0.0,2.6903514862060547,0.4545021057128906,4.480581283569336,0.0,0.0,2.2245521545410156,0.4363746643066406,3.946208953857422,0.0,0.0,2.2460198402404785,0.39220142364501953,3.7114005088806152,0.0,0.0,2.923246145248413,0.45138978958129883,4.797380208969116,0.0,0.0,2.503978729248047,0.41481590270996094,4.347667217254639,0.0,0.0,2.472787857055664,0.37760162353515625,4.044895648956299,0.0,0.0,2.3721799850463867,0.40590953826904297,3.868130683898926,0.0,0.0,2.2799129486083984,0.39757347106933594,3.930220603942871,0.0,0.0,1.7506446838378906,0.32655906677246094,3.2666523456573486,0.0,0.0,2.077177047729492,0.32738590240478516,3.703068256378174,0.0,0.0,1.7730205059051514,0.32427978515625,3.415956735610962,0.0,0.0,1.960784912109375,0.35741424560546875,3.568754196166992,0.0,0.0,1.5782318115234375,0.28867530822753906,3.148998498916626,0.0,0.0,2.214510440826416,0.44210243225097656,4.217773675918579,0.0,0.0,2.074260711669922,0.41153597831726074,4.0772788524627686,0.0,0.0,2.398653745651245,0.36701202392578125,4.645604610443115,0.0,0.0,2.7295690774917603,0.42508161067962646,5.418929100036621,0.0,0.0
1,hallucinated,17,0.640625,6.297917723655701,0.9210692644119263,13.269129753112793,0.0006465911865234375,0.0006465911865234375,4.415283620357513,0.833768904209137,10.039539754390717,0.01631343364715576,0.024498701095581055,4.947102308273315,0.795088529586792,10.877792358398438,0.0066318511962890625,0.0066318511962890625,0.739288330078125,0.14536285400390625,1.643829345703125,0.0,0.0,0.7875251770019531,0.1431427001953125,1.6816635131835938,0.0,0.0,0.922264575958252,0.25479936599731445,1.8517851829528809,0.0,0.0,0.8408265113830566,0.14814376831054688,1.757277011871338,0.0,0.0,1.1190261840820312,0.2042217254638672,2.3514556884765625,0.0,0.0,1.4207286834716797,0.32452964782714844,2.7750988006591797,0.0,0.0,1.5226936340332031,0.3194580078125,3.283548355102539,0.0,0.0,1.6728298664093018,0.368732213973999,3.0519864559173584,0.0,0.0,1.8536529541015625,0.3859233856201172,3.5321044921875,0.0,0.0,1.5653762817382812,0.32681941986083984,3.1418752670288086,0.0,0.0,1.7349929809570312,0.3494424819946289,3.2233266830444336,0.0,0.0,2.046494722366333,0.38526129722595215,3.9599249362945557,0.0,0.0,2.1145524978637695,0.4275646209716797,3.904782295227051,0.0,0.0,1.853555679321289,0.3445320129394531,3.5752124786376953,0.0,0.0,1.4830913543701172,0.34044551849365234,2.948472023010254,0.0,0.0,1.9995644092559814,0.38913488388061523,3.8736984729766846,0.0,0.0,1.8601264953613281,0.41481590270996094,3.70381498336792,0.0,0.0,1.9136028289794922,0.363893985748291,3.485710620880127,0.0,0.0,1.4986610412597656,0.3584709167480469,2.9946117401123047,0.0,0.0,1.6768779754638672,0.330686092376709,3.32718563079834,0.0,0.0,1.1387958526611328,0.27846860885620117,2.654803514480591,0.0,0.0,1.5593986511230469,0.2967033386230469,3.1852898597717285,0.0,0.0,1.177210807800293,0.32427978515625,2.8201470375061035,0.0,0.0,1.3868961334228516,0.35741424560546875,2.9948654174804688,0.0,0.0,1.1976337432861328,0.28867530822753906,2.7684004306793213,0.0,0.0,1.5764408111572266,0.44210243225097656,3.5797040462493896,0.0,0.0,1.6101455688476562,0.41153597831726074,3.613163709640503,0.0,0.0,1.8167829513549805,0.34857940673828125,4.063733816146851,0.0,0.0,2.319341778755188,0.45312219858169556,5.008701801300049,0.0,0.0
2,grounded,27,0.7431640625,15.61573725938797,0.9465241432189941,22.526175796985626,0.0,0.0,11.316035032272339,0.8238645792007446,16.912033140659332,0.029451489448547363,0.06087976694107056,13.422761082649231,0.8747013807296753,19.37915426492691,0.016971588134765625,0.016971588134765625,1.9133148193359375,0.199310302734375,2.7392845153808594,0.0,0.0,1.6898002624511719,0.14057159423828125,2.364482879638672,0.0,0.0,1.7117462158203125,0.1330718994140625,2.4619064331054688,0.0,0.0,1.7871246337890625,0.15496826171875,2.5851287841796875,0.0,0.0,2.791780471801758,0.2536344528198242,4.000360488891602,0.0,0.0,2.9874935150146484,0.2609977722167969,4.205228805541992,0.0,0.0,4.340968132019043,0.33051300048828125,5.966921806335449,0.0,0.0,3.7510342597961426,0.33434104919433594,5.062611103057861,0.0,0.0,4.426754951477051,0.4000434875488281,6.071686744689941,0.0,0.0,3.9585113525390625,0.3487205505371094,5.339394569396973,0.0,0.0,4.923644065856934,0.4112415313720703,6.377432823181152,0.0,0.0,5.849674224853516,0.5319561958312988,7.621355056762695,0.0,0.0,6.617406845092773,0.5211830139160156,8.692384719848633,0.0,0.0,5.015995502471924,0.3979644775390625,6.648721218109131,0.0,0.0,5.5246124267578125,0.43682098388671875,7.461809158325195,0.0,0.0,5.498004674911499,0.4557456970214844,7.643707036972046,0.0,0.0,4.38953971862793,0.3600311279296875,6.217733383178711,0.0,0.0,4.253543257713318,0.3584280014038086,5.829727530479431,0.0,0.0,4.123595237731934,0.315643310546875,5.708748817443848,0.0,0.0,4.063359498977661,0.37453651428222656,5.664442300796509,0.0,0.0,3.5232620239257812,0.2965049743652344,4.99992561340332,0.0,0.0,4.2578131556510925,0.3421745300292969,6.056934058666229,0.0,0.0,3.0516350269317627,0.30261802673339844,4.489199876785278,0.0,0.0,3.932299852371216,0.3806724548339844,5.715474367141724,0.0,0.0,2.939807415008545,0.27365589141845703,4.63766884803772,0.0,0.0,3.87786066532135,0.4256629943847656,6.037789702415466,0.0,0.0,4.7469295263290405,0.4754762649536133,6.783572554588318,0.0,0.0,5.2607128620147705,0.4338836669921875,7.591821908950806,0.0,0.0,6.508819878101349,0.5333079099655151,9.455973148345947,0.0,0.0
2,hallucinated,23,0.705078125,11.790218472480774,0.940057635307312,18.70065701007843,0.0,0.0,9.248513162136078,0.8238617777824402,14.84452372789383,0.029451489448547363,0.060885488986968994,8.85057258605957,0.9045047760009766,14.806988894939423,0.017124652862548828,0.035513222217559814,4.070241570472717,0.5941177606582642,4.896249413490295,0.0,0.0,3.9589920043945312,0.5809860229492188,4.633186340332031,0.0,0.0,3.697052001953125,0.4681663513183594,4.447456359863281,0.0,0.0,2.9308319091796875,0.357421875,3.7288818359375,0.0,0.0,3.276202917098999,0.45407938957214355,4.484412908554077,0.0,0.0,2.3208701610565186,0.3221709728240967,3.5382468700408936,0.0,0.0,3.216960906982422,0.3305702209472656,4.842275619506836,0.0,0.0,2.9323606491088867,0.33444786071777344,4.243556022644043,0.0,0.0,3.4333152770996094,0.3996696472167969,5.077548980712891,0.0,0.0,2.611302375793457,0.3399515151977539,3.9922561645507812,0.0,0.0,3.559795379638672,0.3932819366455078,5.013862609863281,0.0,0.0,3.848038673400879,0.4012289047241211,5.619072914123535,0.0,0.0,4.347019195556641,0.5006179809570312,6.422538757324219,0.0,0.0,3.519987106323242,0.4002189636230469,5.153548240661621,0.0,0.0,4.16705322265625,0.47063159942626953,6.104067802429199,0.0,0.0,4.1722731590271,0.4870491027832031,6.3185954093933105,0.0,0.0,3.3458023071289062,0.359466552734375,5.1734232902526855,0.0,0.0,3.193514585494995,0.35852813720703125,4.7695701122283936,0.0,0.0,2.865100860595703,0.3512992858886719,4.450157165527344,0.0,0.0,3.0955803394317627,0.3742942810058594,4.696327447891235,0.0,0.0,2.378938674926758,0.2965240478515625,3.8554131984710693,0.0,0.0,3.0791893005371094,0.34261512756347656,4.8785719871521,0.0,0.0,2.024015426635742,0.25102996826171875,3.461967945098877,0.0,0.0,2.683661937713623,0.3875861167907715,4.467419147491455,0.0,0.0,2.0414376258850098,0.27396106719970703,3.739757776260376,0.0,0.0,2.8764045238494873,0.42552757263183594,5.037398338317871,0.0,0.0,3.2621078491210938,0.4373750686645508,5.3003740310668945,0.0,0.0,3.72882080078125,0.4314596652984619,6.0596923828125,0.0,0.0,5.19471949338913,0.5617907643318176,8.141133964061737,0.0,0.0
3,grounded,33,0.77978515625,14.867881655693054,0.9522446393966675,28.031181275844574,0.006257295608520508,0.009631514549255371,13.400073945522308,0.8638953566551208,23.861516654491425,0.033486783504486084,0.03873622417449951,12.016721665859222,0.8376607894897461,21.359179437160492,0.03918701410293579,0.049267351627349854,1.9589252471923828,0.18242645263671875,3.840869903564453,0.0,0.0,1.5690536499023438,0.1504669189453125,3.087177276611328,0.0,0.0,1.9278507232666016,0.18160438537597656,3.6342639923095703,0.0,0.0,1.9682178497314453,0.19397735595703125,3.690134048461914,0.0,0.0,2.890517234802246,0.23818206787109375,5.209586143493652,0.0,0.0,3.5874555110931396,0.31876373291015625,6.120593786239624,0.0,0.0,4.358852386474609,0.34261322021484375,7.895280838012695,0.0,0.0,4.835855960845947,0.3842649459838867,7.731359958648682,0.0,0.0,5.233783721923828,0.4634590148925781,8.303583145141602,0.0,0.0,4.419558048248291,0.40094614028930664,7.503280162811279,0.0,0.0,5.379345417022705,0.44293212890625,8.58974027633667,0.0,0.0,5.452291488647461,0.45046424865722656,9.25238037109375,0.0,0.0,5.673592567443848,0.4907417297363281,9.394026756286621,0.0,0.0,4.880307197570801,0.42506885528564453,8.436638832092285,0.0,0.0,4.898064136505127,0.43824243545532227,8.100878238677979,0.0,0.0,5.147772789001465,0.4296531677246094,8.951387405395508,0.0,0.0,5.279203295707703,0.5060849189758301,8.607828497886658,0.0,0.0,5.012511491775513,0.4197263717651367,8.14833664894104,0.0,0.0,4.424931764602661,0.45633435249328613,7.317971467971802,0.0,0.0,4.036260604858398,0.43328857421875,6.667728424072266,0.0,0.0,3.0120582580566406,0.34380340576171875,5.669994831085205,0.0,0.0,3.7302662134170532,0.33550453186035156,6.465316414833069,0.0,0.0,2.880694031715393,0.3297271728515625,5.649587273597717,0.0,0.0,3.315037965774536,0.34401702880859375,6.1672890186309814,0.0,0.0,2.527583122253418,0.27721595764160156,4.842447817325592,0.0,0.0,3.772951364517212,0.4365043640136719,7.362675189971924,0.0,0.0,4.2572139501571655,0.47954273223876953,7.943618297576904,0.0,0.0,4.635284185409546,0.48933982849121094,9.05528473854065,0.0,0.0,6.070594668388367,0.5674656629562378,11.500768065452576,0.0,0.0
3,hallucinated,32,0.7763671875,13.936649322509766,0.9479269981384277,27.099948942661285,0.006257295608520508,0.011901259422302246,12.57499611377716,0.8638953566551208,23.036438822746277,0.033486783504486084,0.03873622417449951,11.21432512998581,0.822331428527832,20.55678290128708,0.03918701410293579,0.055725157260894775,1.8449115753173828,0.18242645263671875,3.726856231689453,0.0,0.0,1.492584228515625,0.1504669189453125,3.0107078552246094,0.0,0.0,1.8427734375,0.18160438537597656,3.5491867065429688,0.0,0.0,1.948373794555664,0.19397735595703125,3.670289993286133,0.0,0.0,2.8202733993530273,0.23818206787109375,5.139342308044434,0.0,0.0,3.488189458847046,0.31876373291015625,6.02132773399353,0.0,0.0,4.0336151123046875,0.34261322021484375,7.570043563842773,0.0,0.0,4.526957035064697,0.3842649459838867,7.422461032867432,0.0,0.0,4.984920501708984,0.4634590148925781,8.054719924926758,0.0,0.0,4.121114253997803,0.40094614028930664,7.204836368560791,0.0,0.0,5.124475955963135,0.44293212890625,8.3348708152771,0.0,0.0,5.045644760131836,0.45046424865722656,8.845733642578125,0.0,0.0,5.351105690002441,0.4907417297363281,9.071539878845215,0.0,0.0,4.654278755187988,0.42506885528564453,8.210610389709473,0.0,0.0,4.722200870513916,0.43824243545532227,7.925014972686768,0.0,0.0,4.949654579162598,0.4296531677246094,8.75326919555664,0.0,0.0,5.041906237602234,0.5060849189758301,8.370531439781189,0.0,0.0,4.8771889209747314,0.4197263717651367,8.013014078140259,0.0,0.0,4.349812746047974,0.45633435249328613,7.242852449417114,0.0,0.0,3.853264808654785,0.43328857421875,6.484732627868652,0.0,0.0,2.931529998779297,0.34380340576171875,5.589466571807861,0.0,0.0,3.6296640634536743,0.33550453186035156,6.36471426486969,0.0,0.0,2.794939637184143,0.3297271728515625,5.563832879066467,0.0,0.0,3.1834003925323486,0.34401702880859375,6.035651445388794,0.0,0.0,2.492886543273926,0.27721595764160156,4.8077512383461,0.0,0.0,3.5988895893096924,0.4365043640136719,7.188613414764404,0.0,0.0,4.16396176815033,0.47954273223876953,7.850366115570068,0.0,0.0,4.320494890213013,0.48933982849121094,8.740495443344116,0.0,0.0,5.688913345336914,0.4731566905975342,11.119086742401123,0.0,0.0
4,grounded,32,0.61767578125,14.89169055223465,0.9495429992675781,27.15341466665268,0.00017762184143066406,0.00017762184143066406,12.855256021022797,0.8526991009712219,22.898506462574005,0.05036795139312744,0.09208923578262329,13.295412421226501,0.8744738101959229,23.655839025974274,0.04970884323120117,0.2572539448738098,2.2461395263671875,0.19702911376953125,3.9650745391845703,0.0,0.0,1.6491546630859375,0.16429901123046875,3.0278396606445312,0.0,0.0,2.006175994873047,0.175201416015625,3.5208816528320312,0.0,0.0,2.2924880981445312,0.1898193359375,4.030902862548828,0.0,0.0,3.018575668334961,0.2659111022949219,5.055418014526367,0.0,0.0,3.420562744140625,0.2737274169921875,5.816608428955078,0.0,0.0,4.277072906494141,0.3324394226074219,7.235359191894531,0.0,0.0,4.498800277709961,0.3255767822265625,6.935853958129883,0.0,0.0,4.932077407836914,0.382476806640625,7.580366134643555,0.0,0.0,4.5256805419921875,0.33441925048828125,7.05474853515625,0.0,0.0,4.969302654266357,0.3891019821166992,7.195769786834717,0.0,0.0,5.820829391479492,0.4488868713378906,8.860691547393799,0.0,0.0,7.643182754516602,0.5900402069091797,10.6275315284729,0.0,0.0,6.224379062652588,0.526885986328125,9.200806140899658,0.0,0.0,6.4037511348724365,0.5455266237258911,9.039265394210815,0.0,0.0,6.109498500823975,0.49547386169433594,9.516136169433594,0.0,0.0,5.014015197753906,0.3847236633300781,8.08719778060913,0.0,0.0,4.277160167694092,0.36411285400390625,6.453341960906982,0.0,0.0,5.559633731842041,0.452789306640625,8.430429935455322,0.0,0.0,4.863536834716797,0.42022705078125,7.646915435791016,0.0,0.0,3.4642109870910645,0.2734031677246094,5.688241958618164,0.0,0.0,4.162830829620361,0.33570003509521484,6.797123432159424,0.0,0.0,3.002347946166992,0.2940483093261719,5.445316314697266,0.0,0.0,4.063386917114258,0.3806324005126953,6.714873313903809,0.0,0.0,3.1146912574768066,0.2738189697265625,5.54852831363678,0.0,0.0,4.030912458896637,0.37223052978515625,6.994110643863678,0.0,0.0,4.865894317626953,0.4333686828613281,7.743926048278809,0.0,0.0,5.3317950963974,0.39003610610961914,8.964248061180115,0.0,0.0,6.15937864780426,0.4479137063026428,10.836807787418365,0.0,0.0
4,hallucinated,30,0.66162109375,13.004906117916107,0.949373722076416,25.266630232334137,0.0,0.0,11.110583305358887,0.845069169998169,21.153833746910095,0.05036795139312744,0.10329896211624146,11.509511947631836,0.8503444194793701,21.859726071357727,0.05875504016876221,0.2886202931404114,1.8678817749023438,0.19527816772460938,3.5867671966552734,0.0,0.0,1.40509033203125,0.164520263671875,2.7839813232421875,0.0,0.0,1.7589797973632812,0.17081069946289062,3.2737083435058594,0.0,0.0,2.1209888458251953,0.22076988220214844,3.859342575073242,0.0,0.0,2.4486770629882812,0.2510948181152344,4.485263824462891,0.0,0.0,3.040454864501953,0.3715972900390625,5.436332702636719,0.0,0.0,3.8643951416015625,0.3659553527832031,6.8224639892578125,0.0,0.0,4.001079559326172,0.38195037841796875,6.438140869140625,0.0,0.0,4.451046943664551,0.4968986511230469,7.099328994750977,0.0,0.0,4.117729187011719,0.4144096374511719,6.646465301513672,0.0,0.0,4.447111368179321,0.4526844024658203,6.6741392612457275,0.0,0.0,4.922004699707031,0.4343376159667969,7.961820125579834,0.0,0.0,6.029908895492554,0.5885114669799805,9.013248682022095,0.0,0.0,5.1704254150390625,0.49663734436035156,8.14675521850586,0.0,0.0,5.263089418411255,0.5477924346923828,7.898061513900757,0.0,0.0,5.2821736335754395,0.4777107238769531,8.688499450683594,0.0,0.0,4.974053382873535,0.5122365951538086,8.047832012176514,0.0,0.0,3.8023316860198975,0.36582088470458984,5.978487730026245,0.0,0.0,4.5206193923950195,0.48250579833984375,7.391526222229004,0.0,0.0,4.058879852294922,0.44286346435546875,6.843005180358887,0.0,0.0,2.8852710723876953,0.2998161315917969,5.109429836273193,0.0,0.0,3.220787286758423,0.34296369552612305,5.855406045913696,0.0,0.0,2.713679313659668,0.2939872741699219,5.157074928283691,0.0,0.0,3.141270160675049,0.3550682067871094,5.791696071624756,0.0,0.0,2.641390085220337,0.27413177490234375,5.075009703636169,0.0,0.0,3.2647695541381836,0.3721294403076172,6.2271575927734375,0.0,0.0,3.619452476501465,0.4042472839355469,6.497450828552246,0.0,0.0,4.213527202606201,0.3704261779785156,7.846969127655029,0.0,0.0,5.21233206987381,0.47228479385375977,9.89034515619278,0.0,0.0
5,grounded,24,0.6181640625,10.971029818058014,0.9396923184394836,19.646879494190216,0.0013375282287597656,0.0013375282287597656,7.921600341796875,0.8425920009613037,14.962962865829468,0.034584641456604004,0.07008957862854004,8.876832485198975,0.8354816436767578,16.35213840007782,0.02494025230407715,0.02494025230407715,1.0034408569335938,0.13942718505859375,1.9669723510742188,0.0,0.0,1.1428451538085938,0.17203521728515625,2.09283447265625,0.0,0.0,1.0634994506835938,0.1298694610595703,1.8978805541992188,0.0,0.0,1.5753822326660156,0.1940155029296875,2.627399444580078,0.0,0.0,2.336043357849121,0.2598114013671875,3.9287710189819336,0.0,0.0,2.9152536392211914,0.32391357421875,4.6145830154418945,0.0,0.0,3.382436752319336,0.3510627746582031,5.665757179260254,0.0,0.0,3.91556054353714,0.4098849296569824,5.95089989900589,0.0,0.0,4.294517278671265,0.45975780487060547,6.591216802597046,0.0,0.0,3.8759846687316895,0.42941534519195557,5.857746601104736,0.0,0.0,4.47575044631958,0.45404529571533203,6.587650775909424,0.0,0.0,5.289372384548187,0.5349960327148438,8.12950223684311,0.0,0.0,5.093002796173096,0.5537829399108887,7.6511006355285645,0.0,0.0,4.235576629638672,0.463836669921875,6.565328598022461,0.0,0.0,4.330685377120972,0.489715576171875,6.654038190841675,0.0,0.0,4.994646072387695,0.5649275779724121,7.825954437255859,0.0,0.0,4.158294677734375,0.4812049865722656,6.611847162246704,0.0,0.0,3.9710978269577026,0.39910078048706055,6.146917223930359,0.0,0.0,4.042286396026611,0.4433422088623047,6.350096225738525,0.0,0.0,3.4246334433555603,0.3947174549102783,5.682475507259369,0.0,0.0,2.678622245788574,0.30828189849853516,4.623462200164795,0.0,0.0,3.3148521184921265,0.3946189880371094,5.5397948026657104,0.0,0.0,2.368230104446411,0.36013293266296387,4.330477952957153,0.0,0.0,3.0159788131713867,0.38211822509765625,5.362612724304199,0.0,0.0,2.4162819385528564,0.3383369445800781,4.610513687133789,0.0,0.0,3.5192426443099976,0.47342872619628906,6.4230698347091675,0.0,0.0,3.331327438354492,0.4731407165527344,5.97690486907959,0.0,0.0,3.871788501739502,0.43943214416503906,7.004052639007568,0.0,0.0,4.199117720127106,0.42836958169937134,7.843455374240875,0.0,0.0
5,hallucinated,29,0.69091796875,15.55380392074585,0.9478721618652344,24.22965359687805,0.0013375282287597656,0.0013375282287597656,11.781995117664337,0.8425939083099365,18.823369085788727,0.03457319736480713,0.07007908821105957,12.740182638168335,0.9064865112304688,20.21538233757019,0.024832963943481445,0.024832963943481445,2.8680672645568848,0.5911359786987305,3.8317666053771973,0.0,0.0,3.033660888671875,0.5809173583984375,3.984283447265625,0.0,0.0,2.6624679565429688,0.44028472900390625,3.4974746704101562,0.0,0.0,2.8752927780151367,0.3425445556640625,3.927241325378418,0.0,0.0,3.8567545413970947,0.4548170566558838,5.448423624038696,0.0,0.0,4.041317462921143,0.34501171112060547,5.7406697273254395,0.0,0.0,4.8683021068573,0.3591887950897217,7.15178656578064,0.0,0.0,5.355446636676788,0.4095950126647949,7.389927685260773,0.0,0.0,5.974295377731323,0.4599466323852539,8.27023196220398,0.0,0.0,5.29245913028717,0.40517759323120117,7.2727638483047485,0.0,0.0,6.426598072052002,0.4542827606201172,8.538134098052979,0.0,0.0,7.15947699546814,0.5346298217773438,10.00010085105896,0.0,0.0,7.333544969558716,0.5846958160400391,9.890671968460083,0.0,0.0,6.045509338378906,0.42829132080078125,8.374689102172852,0.0,0.0,6.176860332489014,0.5143699645996094,8.500871181488037,0.0,0.0,6.8102288246154785,0.5648527145385742,9.641872882843018,0.0,0.0,5.845726013183594,0.4810352325439453,8.299619436264038,0.0,0.0,5.4217387437820435,0.42269325256347656,7.598418354988098,0.0,0.0,5.549229145050049,0.4435539245605469,7.857505798339844,0.0,0.0,4.879633545875549,0.3940725326538086,7.137477517127991,0.0,0.0,3.895404815673828,0.3883852958679199,5.840739488601685,0.0,0.0,4.485392451286316,0.39439868927001953,6.710448622703552,0.0,0.0,3.15071964263916,0.35986852645874023,5.113289833068848,0.0,0.0,4.0042219161987305,0.37905120849609375,6.350499153137207,0.0,0.0,2.9294378757476807,0.33820152282714844,5.123242497444153,0.0,0.0,4.603636860847473,0.4734840393066406,7.507031321525574,0.0,0.0,4.732862949371338,0.4729118347167969,7.377502918243408,0.0,0.0,5.555830001831055,0.48617982864379883,8.688819885253906,0.0,0.0,6.289723873138428,0.5407384634017944,9.935122728347778,0.0,0.0
6,grounded,26,0.54833984375,11.06524658203125,0.9462332725524902,21.514936327934265,0.00040721893310546875,0.00040721893310546875,10.057997524738312,0.8670320510864258,18.914341509342194,0.022595584392547607,0.055955588817596436,7.941559553146362,0.8190798759460449,15.988614320755005,0.09067702293395996,0.10632491111755371,6.024171829223633,0.5862488746643066,11.339599132537842,0.0,0.0,5.917274475097656,0.5712814331054688,11.104049682617188,0.0,0.0,5.442359924316406,0.49479103088378906,10.039552688598633,0.0,0.0,4.3922882080078125,0.39595794677734375,8.024345397949219,0.0,0.0,3.7826480865478516,0.387057363986969,7.265374720096588,0.0,0.0,2.8207550048828125,0.2630767822265625,5.082118988037109,0.0,0.0,3.2687911987304688,0.3411407470703125,6.035900115966797,0.0,0.0,3.2736968994140625,0.3053245544433594,5.5555419921875,0.0,0.0,3.7456140518188477,0.4082679748535156,6.400015830993652,0.0,0.0,3.0241737365722656,0.30303955078125,5.408174514770508,0.0,0.0,3.5307846069335938,0.3626213073730469,5.672304153442383,0.0,0.0,4.336104393005371,0.4754295349121094,7.341960430145264,0.0,0.0,4.761073112487793,0.47545623779296875,7.659646034240723,0.0,0.0,3.9999732971191406,0.41550445556640625,6.643598556518555,0.0,0.0,4.53229832649231,0.48026227951049805,7.020971059799194,0.0,0.0,4.335354804992676,0.4461345672607422,7.567448616027832,0.0,0.0,3.8837852478027344,0.4013252258300781,6.867600440979004,0.0,0.0,3.4701857566833496,0.37422990798950195,5.945868015289307,0.0,0.0,4.13426399230957,0.43538475036621094,6.849748611450195,0.0,0.0,3.3875327110290527,0.3967323303222656,5.980772495269775,0.0,0.0,2.538656234741211,0.3033428192138672,4.759881496429443,0.0,0.0,3.0708694458007812,0.32370758056640625,5.627470016479492,0.0,0.0,2.2411861419677734,0.30096435546875,4.760863304138184,0.0,0.0,2.729259490966797,0.31339263916015625,5.194548606872559,0.0,0.0,2.3188552856445312,0.25884246826171875,4.573430895805359,0.0,0.0,3.4040030241012573,0.3977813720703125,6.513901591300964,0.0,0.0,3.5118675231933594,0.3967704772949219,6.366560339927673,0.0,0.0,3.843090534210205,0.3741331100463867,7.398112773895264,0.0,0.0,4.544512391090393,0.6371182799339294,8.891052722930908,0.0,0.0
6,hallucinated,23,0.578125,8.306220054626465,0.9412782192230225,18.75590980052948,0.0,0.0,7.340566098690033,0.8518719673156738,16.19521677494049,0.022595584392547607,0.07805836200714111,5.361471652984619,0.8190798759460449,13.408526420593262,0.09067702293395996,0.10632491111755371,4.45326042175293,0.5862488746643066,9.768687725067139,0.0,0.0,4.47868537902832,0.5712814331054688,9.665460586547852,0.0,0.0,4.033288955688477,0.49479103088378906,8.630481719970703,0.0,0.0,3.2140932083129883,0.3917694091796875,6.8461503982543945,0.0,0.0,2.815230369567871,0.387057363986969,6.297957003116608,0.0,0.0,1.9216747283935547,0.2684345245361328,4.183038711547852,0.0,0.0,2.2112998962402344,0.31121826171875,4.9784088134765625,0.0,0.0,2.5937477350234985,0.3539276123046875,4.875592827796936,0.0,0.0,2.399341583251953,0.3494720458984375,5.053743362426758,0.0,0.0,2.189117431640625,0.323333740234375,4.573118209838867,0.0,0.0,2.6218366622924805,0.38582420349121094,4.7633562088012695,0.0,0.0,2.9063634872436523,0.39513397216796875,5.912219524383545,0.0,0.0,3.394144058227539,0.5081405639648438,6.292716979980469,0.0,0.0,2.976095199584961,0.3999004364013672,5.619720458984375,0.0,0.0,2.985084056854248,0.4375128746032715,5.473756790161133,0.0,0.0,3.398378372192383,0.42649364471435547,6.630472183227539,0.0,0.0,3.2947349548339844,0.4266023635864258,6.278550148010254,0.0,0.0,2.680591583251953,0.36933422088623047,5.15627384185791,0.0,0.0,3.263853073120117,0.4207611083984375,5.979337692260742,0.0,0.0,2.6943695545196533,0.3798940181732178,5.287609338760376,0.0,0.0,2.1184329986572266,0.3016948699951172,4.339658260345459,0.0,0.0,2.282010078430176,0.3495044708251953,4.838610649108887,0.0,0.0,1.8587009906768799,0.30096435546875,4.37837815284729,0.0,0.0,2.036433219909668,0.31339263916015625,4.50172233581543,0.0,0.0,1.7706069946289062,0.2572973966598511,4.025182604789734,0.0,0.0,2.520303726196289,0.3977813720703125,5.630202293395996,0.0,0.0,2.5641874074935913,0.4169297218322754,5.418880224227905,0.0,0.0,2.8603227138519287,0.3621807098388672,6.415344953536987,0.0,0.0,3.179876208305359,0.4351770877838135,7.526416540145874,0.0,0.0
7,grounded,44,0.68896484375,18.939762890338898,0.9627599716186523,38.540847301483154,0.004074215888977051,0.010593175888061523,17.13697749376297,0.9003022313117981,34.06752300262451,0.03517115116119385,0.10538852214813232,14.619788706302643,0.8449751138687134,30.72870969772339,0.07291913032531738,0.09653705358505249,9.894967079162598,0.5899066925048828,16.441669464111328,0.0,0.0,9.964632034301758,0.5742034912109375,16.213665008544922,0.0,0.0,9.202126502990723,0.49774169921875,14.992024421691895,0.0,0.0,7.241385459899902,0.4043769836425781,12.199122428894043,0.0,0.0,6.775284290313721,0.42431044578552246,11.709486246109009,0.0,0.0,5.048076629638672,0.3418006896972656,9.239994049072266,0.0,0.0,6.205539703369141,0.4097404479980469,11.386770248413086,0.0,0.0,7.682566165924072,0.5287351608276367,12.6216721534729,0.0,0.0,8.207362174987793,0.529597282409668,13.242581367492676,0.0,0.0,7.53449022769928,0.5399373769760132,12.47701609134674,0.0,0.0,8.583355724811554,0.639116108417511,13.472042858600616,0.0,0.0,8.678397178649902,0.5641994476318359,14.607087850570679,0.0,0.0,10.487322330474854,0.6532726287841797,16.212008953094482,0.0,0.0,8.192961692810059,0.5234756469726562,13.45195198059082,0.0,0.0,8.682150602340698,0.5664081573486328,13.65305781364441,0.0,0.0,8.423754632472992,0.5205516815185547,14.460457742214203,0.0,0.0,8.003928899765015,0.5225944519042969,12.933764219284058,0.0,0.0,6.512102127075195,0.42479419708251953,10.392834663391113,0.0,0.0,7.188663721084595,0.4700303077697754,12.086466073989868,0.0,0.0,5.717309474945068,0.3681831359863281,9.916054248809814,0.0,0.0,5.035463094711304,0.36566162109375,9.22116732597351,0.0,0.0,5.527117729187012,0.42545413970947266,9.978369235992432,0.0,0.0,4.136672496795654,0.339111328125,8.3752121925354,0.0,0.0,5.386967182159424,0.3845210075378418,9.973884105682373,0.0,0.0,4.644779682159424,0.35996246337890625,8.704960882663727,0.0,0.0,5.7389222383499146,0.47328197956085205,11.589187979698181,0.0,0.0,5.966574668884277,0.45539283752441406,11.189071297645569,0.0,0.0,6.507099151611328,0.38980674743652344,12.814945459365845,0.0,0.0,7.879014313220978,0.4762253761291504,16.185993909835815,0.0,0.0
7,hallucinated,46,0.73681640625,20.772680461406708,0.9681675434112549,40.373764872550964,0.008674919605255127,0.021365642547607422,18.7690589427948,0.9155325889587402,35.68727958202362,0.03517115116119385,0.11293554306030273,16.698611199855804,0.8537378311157227,32.80753219127655,0.07291913032531738,0.09653705358505249,10.933422088623047,0.5899066925048828,17.480124473571777,0.0,0.0,10.951234817504883,0.5742034912109375,17.200267791748047,0.0,0.0,10.137609481811523,0.49979209899902344,15.927507400512695,0.0,0.0,7.9229888916015625,0.40052032470703125,12.880725860595703,0.0,0.0,7.380831718444824,0.42431044578552246,12.315033674240112,0.0,0.0,5.490612030029297,0.31012725830078125,9.68252944946289,0.0,0.0,6.664938926696777,0.39658355712890625,11.846169471740723,0.0,0.0,7.9190673828125,0.4785614013671875,12.858173370361328,0.0,0.0,8.631808757781982,0.5270986557006836,13.667027950286865,0.0,0.0,7.579205751419067,0.49738264083862305,12.521731615066528,0.0,0.0,8.51430630683899,0.5744059085845947,13.402993440628052,0.0,0.0,8.568634033203125,0.495330810546875,14.497324705123901,0.0,0.0,10.626090049743652,0.630711555480957,16.35077667236328,0.0,0.0,8.67008113861084,0.5186290740966797,13.929071426391602,0.0,0.0,9.054701805114746,0.5538206100463867,14.025609016418457,0.0,0.0,8.981874346733093,0.4978649616241455,15.018577456474304,0.0,0.0,8.600428581237793,0.4983863830566406,13.530263900756836,0.0,0.0,6.675036311149597,0.38593339920043945,10.555768847465515,0.0,0.0,7.969351768493652,0.42819690704345703,12.867154121398926,0.0,0.0,6.073598384857178,0.3719820976257324,10.272343158721924,0.0,0.0,5.206189155578613,0.34387969970703125,9.39189338684082,0.0,0.0,5.911410331726074,0.4045543670654297,10.362661838531494,0.0,0.0,4.364123344421387,0.339111328125,8.602663040161133,0.0,0.0,5.760744571685791,0.3908557891845703,10.34766149520874,0.0,0.0,4.875301837921143,0.35721778869628906,8.935483038425446,0.0,0.0,6.534380912780762,0.47594761848449707,12.384646654129028,0.0,0.0,6.451223134994507,0.45269882678985596,11.673719763755798,0.0,0.0,6.997194766998291,0.4321613311767578,13.305041074752808,0.0,0.0,8.324293076992035,0.46707820892333984,16.631272673606873,0.0,0.0
8,grounded,27,0.75439453125,11.013546109199524,0.937557578086853,22.348700881004333,0.014977812767028809,0.02623879909515381,9.797657191753387,0.8584091067314148,19.084233343601227,0.0,0.0,9.459947109222412,0.8840770721435547,18.85383677482605,0.0593494176864624,0.22284841537475586,3.320618748664856,0.604157567024231,4.941886067390442,0.0,0.0,3.298961639404297,0.5942535400390625,4.672515869140625,0.0,0.0,2.969226837158203,0.46877288818359375,4.115245819091797,0.0,0.0,2.614582061767578,0.39678192138671875,3.9504776000976562,0.0,0.0,3.351946175098419,0.4581034779548645,5.370058357715607,0.0,0.0,3.2127370834350586,0.3304290771484375,5.352677345275879,0.0,0.0,3.521322250366211,0.3583412170410156,6.122316360473633,0.0,0.0,3.838606834411621,0.38552093505859375,5.989745140075684,0.0,0.0,4.460887432098389,0.46880674362182617,6.91864538192749,0.0,0.0,3.729328155517578,0.4123039245605469,6.053602576255798,0.0,0.0,4.774726867675781,0.5013141632080078,7.057826995849609,0.0,0.0,4.985971450805664,0.5016012191772461,8.073098182678223,0.0,0.0,5.289133787155151,0.6090888977050781,7.948321104049683,0.0,0.0,4.50575065612793,0.4820995330810547,7.292020797729492,0.0,0.0,4.864471435546875,0.5150880813598633,7.421327590942383,0.0,0.0,5.023644924163818,0.5281772613525391,8.126790523529053,0.0,0.0,4.584303379058838,0.5086688995361328,7.328920841217041,0.0,0.0,3.967710494995117,0.39130306243896484,6.324602842330933,0.0,0.0,4.021930456161499,0.43657493591308594,6.5335071086883545,0.0,0.0,3.806212604045868,0.42201995849609375,6.078713357448578,0.0,0.0,2.7123928666114807,0.28510570526123047,4.843158304691315,0.0,0.0,3.15059757232666,0.42696094512939453,5.572676420211792,0.0,0.0,2.654249668121338,0.3918485641479492,4.947033405303955,0.0,0.0,2.957040548324585,0.505028486251831,5.425218343734741,0.0,0.0,2.306006908416748,0.3430633544921875,4.369785308837891,0.0,0.0,3.675804615020752,0.5534377098083496,6.683665156364441,0.0,0.0,3.861802577972412,0.5695891380310059,6.973912715911865,0.0,0.0,7.100219964981079,0.6717262268066406,14.115124940872192,0.0,0.0,7.685689330101013,0.7233486175537109,15.526293575763702,0.0,0.0
8,hallucinated,27,0.75439453125,11.014569103717804,0.9375708103179932,22.349723875522614,0.019055843353271484,0.031229078769683838,9.777185618877411,0.8577666282653809,19.06376177072525,0.0,0.0,9.448299884796143,0.8838632106781006,18.84218955039978,0.0593494176864624,0.2281174659729004,3.3387101888656616,0.6037667989730835,4.959977507591248,0.0,0.0,3.2789344787597656,0.5938491821289062,4.652488708496094,0.0,0.0,2.9359207153320312,0.4686927795410156,4.081939697265625,0.0,0.0,2.614826202392578,0.3982887268066406,3.9507217407226562,0.0,0.0,3.3598042726516724,0.4586402177810669,5.37791645526886,0.0,0.0,3.0743322372436523,0.3299674987792969,5.214272499084473,0.0,0.0,3.413407325744629,0.3546028137207031,6.014401435852051,0.0,0.0,3.7156944274902344,0.38733673095703125,5.866832733154297,0.0,0.0,4.262101173400879,0.4421100616455078,6.7198591232299805,0.0,0.0,3.647589921951294,0.40319180488586426,5.971864342689514,0.0,0.0,4.66591215133667,0.5049190521240234,6.949012279510498,0.0,0.0,4.822474479675293,0.5078067779541016,7.909601211547852,0.0,0.0,5.179117441177368,0.6137161254882812,7.838304758071899,0.0,0.0,4.525184631347656,0.4692840576171875,7.311454772949219,0.0,0.0,4.851622581481934,0.5143146514892578,7.408478736877441,0.0,0.0,5.0892252922058105,0.5378851890563965,8.192370891571045,0.0,0.0,4.479283332824707,0.5004634857177734,7.22390079498291,0.0,0.0,3.9144163131713867,0.3842315673828125,6.271308660507202,0.0,0.0,3.9651122093200684,0.41661834716796875,6.476688861846924,0.0,0.0,3.733086109161377,0.42201995849609375,6.005586862564087,0.0,0.0,2.7781717777252197,0.29197216033935547,4.908937215805054,0.0,0.0,3.2086167335510254,0.4335775375366211,5.630695581436157,0.0,0.0,2.7135062217712402,0.389298677444458,5.006289958953857,0.0,0.0,3.0463998317718506,0.502800703048706,5.514577627182007,0.0,0.0,2.2751779556274414,0.3400688171386719,4.338956356048584,0.0,0.0,3.7025351524353027,0.5417003631591797,6.710395693778992,0.0,0.0,3.9057161808013916,0.5785074234008789,7.017826318740845,0.0,0.0,7.2179155349731445,0.7218376398086548,14.232820510864258,0.0,0.0,7.678483307361603,0.7098649144172668,15.519087553024292,0.0,0.0
9,grounded,23,0.72021484375,10.053669035434723,0.9317041635513306,18.71850687265396,0.0,0.0,7.613935351371765,0.8506449460983276,14.81921535730362,0.06525325775146484,0.10777205228805542,8.616418361663818,0.8355865478515625,15.563897907733917,0.023041129112243652,0.049878716468811035,1.2043228149414062,0.15858078002929688,2.257671356201172,0.0,0.0,1.0737533569335938,0.13733673095703125,1.9065284729003906,0.0,0.0,1.0403480529785156,0.12397003173828125,1.8792381286621094,0.0,0.0,1.2770929336547852,0.17819690704345703,2.2458810806274414,0.0,0.0,1.9056921005249023,0.26686859130859375,3.3326120376586914,0.0,0.0,1.9040985107421875,0.2624244689941406,3.2762527465820312,0.0,0.0,2.6971492767333984,0.3566741943359375,4.747011184692383,0.0,0.0,2.6682043075561523,0.3704257011413574,4.355561256408691,0.0,0.0,3.0252113342285156,0.42070770263671875,4.96319580078125,0.0,0.0,2.3426361083984375,0.3212738037109375,4.065948486328125,0.0,0.0,2.94832706451416,0.44937801361083984,4.692540168762207,0.0,0.0,3.0744476318359375,0.40299224853515625,5.15794563293457,0.0,0.0,3.5451736450195312,0.4598884582519531,5.8071441650390625,0.0,0.0,2.8646507263183594,0.34821319580078125,4.8622283935546875,0.0,0.0,3.101059913635254,0.3916969299316406,5.103171348571777,0.0,0.0,3.412830352783203,0.4766550064086914,5.934711456298828,0.0,0.0,2.8518800735473633,0.3808736801147461,5.0898661613464355,0.0,0.0,2.454151153564453,0.3839893341064453,4.280488967895508,0.0,0.0,2.5578975677490234,0.3955574035644531,4.503461837768555,0.0,0.0,2.2642364501953125,0.3405036926269531,3.913846969604492,0.0,0.0,1.9685277938842773,0.2709236145019531,3.6288890838623047,0.0,0.0,2.313019275665283,0.36791467666625977,4.292402267456055,0.0,0.0,1.7561182975769043,0.3092384338378906,3.5466599464416504,0.0,0.0,2.2523422241210938,0.3245658874511719,4.196042537689209,0.0,0.0,1.7886624336242676,0.28470611572265625,3.557877779006958,0.0,0.0,2.1281309127807617,0.3813591003417969,4.341055512428284,0.0,0.0,2.5622143745422363,0.3918914794921875,4.7388997077941895,0.0,0.0,2.778158187866211,0.3720664978027344,5.3809709548950195,0.0,0.0,3.9354699850082397,0.4918677806854248,7.2254016399383545,0.0,0.0
9,hallucinated,24,0.7001953125,10.980860352516174,0.9364925026893616,19.645698189735413,0.0,0.0,8.418085634708405,0.8506449460983276,15.623365640640259,0.06525325775146484,0.10777205228805542,9.495576024055481,0.8559867143630981,16.44305557012558,0.023041129112243652,0.049878716468811035,1.4085407257080078,0.21462440490722656,2.4618892669677734,0.0,0.0,1.1745414733886719,0.13733673095703125,2.0073165893554688,0.0,0.0,1.1199150085449219,0.12397003173828125,1.9588050842285156,0.0,0.0,1.2827415466308594,0.16938018798828125,2.2515296936035156,0.0,0.0,1.9573278427124023,0.26686859130859375,3.3842477798461914,0.0,0.0,2.1935501098632812,0.26601409912109375,3.565704345703125,0.0,0.0,3.09263277053833,0.3566741943359375,5.1424946784973145,0.0,0.0,3.0207700729370117,0.3704257011413574,4.708127021789551,0.0,0.0,3.3481826782226562,0.42070770263671875,5.286167144775391,0.0,0.0,2.523303985595703,0.3212738037109375,4.246616363525391,0.0,0.0,3.0824432373046875,0.44937801361083984,4.826656341552734,0.0,0.0,3.1715240478515625,0.40299224853515625,5.255022048950195,0.0,0.0,3.939228057861328,0.4598884582519531,6.201198577880859,0.0,0.0,2.9983997344970703,0.34821319580078125,4.995977401733398,0.0,0.0,3.2861180305480957,0.3916969299316406,5.288229465484619,0.0,0.0,3.848581314086914,0.4766550064086914,6.370462417602539,0.0,0.0,3.1097230911254883,0.3808736801147461,5.3477091789245605,0.0,0.0,2.597043991088867,0.3839893341064453,4.423381805419922,0.0,0.0,2.692903518676758,0.3955574035644531,4.638467788696289,0.0,0.0,2.507364273071289,0.3405036926269531,4.156974792480469,0.0,0.0,2.168344497680664,0.2709236145019531,3.8287057876586914,0.0,0.0,2.692669630050659,0.36791467666625977,4.672052621841431,0.0,0.0,2.0908408761024475,0.3092384338378906,3.8813825249671936,0.0,0.0,2.514044761657715,0.34958457946777344,4.45774507522583,0.0,0.0,1.9266424179077148,0.28470611572265625,3.6958577632904053,0.0,0.0,2.2939815521240234,0.3813591003417969,4.506906151771545,0.0,0.0,2.6570754051208496,0.3918914794921875,4.833760738372803,0.0,0.0,3.1382431983947754,0.3720664978027344,5.741055965423584,0.0,0.0,4.3798956871032715,0.4918677806854248,7.669827342033386,0.0,0.0
10,grounded,34,0.79833984375,16.764266908168793,0.9625885486602783,29.0572389960289,0.005508899688720703,0.01595062017440796,14.79421329498291,0.8812055587768555,24.56608098745346,0.04301941394805908,0.08698368072509766,13.801089584827423,0.8736636638641357,23.297427654266357,0.08200621604919434,0.08200621604919434,3.9077558517456055,0.5813837051391602,5.701321601867676,0.0,0.0,3.471485137939453,0.5670928955078125,4.889346122741699,0.0,0.0,3.2445755004882812,0.432830810546875,4.74213981628418,0.0,0.0,3.1540002822875977,0.3240966796875,4.786843299865723,0.0,0.0,3.874939203262329,0.4569399356842041,5.880324602127075,0.0,0.0,3.566321849822998,0.35933971405029297,5.937411785125732,0.0,0.0,4.5821754932403564,0.4436371326446533,7.41198468208313,0.0,0.0,5.251867294311523,0.44751930236816406,7.766927719116211,0.0,0.0,5.442164421081543,0.4706306457519531,8.100851058959961,0.0,0.0,4.491766393184662,0.381866455078125,7.149813115596771,0.0,0.0,5.004393577575684,0.4251213073730469,7.231781959533691,0.0,0.0,5.789212226867676,0.5338716506958008,8.942643165588379,0.0,0.0,6.2311201095581055,0.5786991119384766,9.391139030456543,0.0,0.0,5.788529396057129,0.4777069091796875,8.847277641296387,0.0,0.0,5.690698623657227,0.5000457763671875,8.625941753387451,0.0,0.0,6.453080654144287,0.4996662139892578,9.971271991729736,0.0,0.0,6.144373714923859,0.530512809753418,9.595293819904327,0.0,0.0,5.1143341064453125,0.42116522789001465,7.721026182174683,0.0,0.0,5.281701326370239,0.4719085693359375,8.273179292678833,0.0,0.0,4.597618818283081,0.4595670700073242,7.2813684940338135,0.0,0.0,3.315432071685791,0.3953890800476074,5.78570294380188,0.0,0.0,3.500666618347168,0.33916473388671875,6.133396148681641,0.0,0.0,3.3167535066604614,0.34090185165405273,5.7181912660598755,0.0,0.0,2.84957218170166,0.3254585266113281,5.0586419105529785,0.0,0.0,3.302913784980774,0.35698604583740234,5.7438496351242065,0.0,0.0,4.209562003612518,0.44219398498535156,7.321116149425507,0.0,0.0,3.9005346298217773,0.4156341552734375,6.769768714904785,0.0,0.0,6.512427806854248,0.6432132720947266,10.173614025115967,0.0,0.0,7.9722400307655334,0.6918388605117798,12.374243795871735,0.036496758460998535,0.036496758460998535
10,hallucinated,34,0.79736328125,16.760813236236572,0.9625639915466309,29.05378532409668,0.006228446960449219,0.01778578758239746,14.784188568592072,0.8825764656066895,24.556056261062622,0.04301941394805908,0.09518235921859741,13.775461554527283,0.8716206550598145,23.271799623966217,0.08200621604919434,0.08200621604919434,3.94692063331604,0.5613749027252197,5.74048638343811,0.0,0.0,3.5262603759765625,0.5449142456054688,4.944121360778809,0.0,0.0,3.186661720275879,0.41898345947265625,4.684226036071777,0.0,0.0,3.1003341674804688,0.3067626953125,4.733177185058594,0.0,0.0,3.789095401763916,0.4490227699279785,5.794480800628662,0.0,0.0,3.578312397003174,0.35933971405029297,5.949402332305908,0.0,0.0,4.5973310470581055,0.4162931442260742,7.427140235900879,0.0,0.0,5.110980987548828,0.38175010681152344,7.626041412353516,0.0,0.0,5.516010761260986,0.48987388610839844,8.174697399139404,0.0,0.0,4.537120997905731,0.37381935119628906,7.195167720317841,0.0,0.0,5.076330184936523,0.4281482696533203,7.303718566894531,0.0,0.0,5.745417594909668,0.5499143600463867,8.898848533630371,0.0,0.0,6.226164817810059,0.5754032135009766,9.386183738708496,0.0,0.0,5.754478454589844,0.4824085235595703,8.813226699829102,0.0,0.0,5.546463966369629,0.5000457763671875,8.481707096099854,0.0,0.0,6.556250333786011,0.4996662139892578,10.07444167137146,0.0,0.0,6.142040431499481,0.530512809753418,9.59296053647995,0.0,0.0,5.007178544998169,0.42116522789001465,7.613870620727539,0.0,0.0,5.343643069267273,0.4719085693359375,8.335121035575867,0.0,0.0,4.599234342575073,0.4595670700073242,7.282984018325806,0.0,0.0,3.3462471961975098,0.3953890800476074,5.816518068313599,0.0,0.0,3.5254924297332764,0.33916473388671875,6.158221960067749,0.0,0.0,3.5430466532707214,0.3410186767578125,5.9444844126701355,0.0,0.0,2.874701499938965,0.3254585266113281,5.083771228790283,0.0,0.0,3.314023971557617,0.35698604583740234,5.75495982170105,0.0,0.0,4.187001407146454,0.3953227996826172,7.298555552959442,0.0,0.0,3.9315452575683594,0.3940315246582031,6.800779342651367,0.0,0.0,6.5180864334106445,0.6224117279052734,10.179272651672363,0.0,0.0,8.013576328754425,0.6686326861381531,12.415580093860626,0.03853815793991089,0.05476623773574829
11,grounded,21,0.6171875,7.333567380905151,0.9374420642852783,16.90698766708374,0.00015926361083984375,0.00015926361083984375,6.399893760681152,0.8315027356147766,13.921911180019379,0.043130576610565186,0.043130576610565186,5.5070425271987915,0.7747457027435303,12.695062160491943,0.07686102390289307,0.07686102390289307,1.0256061553955078,0.16393661499023438,2.465604782104492,0.0,0.0,0.7944869995117188,0.13858795166015625,1.9371528625488281,0.0,0.0,0.874267578125,0.14374160766601562,1.9630203247070312,0.0,0.0,1.0132789611816406,0.17986297607421875,2.3305015563964844,0.0,0.0,1.5543365478515625,0.24730300903320312,3.4571533203125,0.0,0.0,1.7507247924804688,0.2895355224609375,3.7304515838623047,0.0,0.0,2.1140480041503906,0.3426399230957031,4.718745231628418,0.0,0.0,2.493380546569824,0.39305591583251953,4.676028251647949,0.0,0.0,2.813164710998535,0.4156150817871094,5.299981117248535,0.0,0.0,2.4275131225585938,0.3919639587402344,4.703116416931152,0.0,0.0,2.991914749145508,0.458953857421875,5.270454406738281,0.0,0.0,3.17136287689209,0.46211957931518555,6.403962135314941,0.0,0.0,3.976590156555176,0.649836540222168,7.11299991607666,0.0,0.0,3.2531280517578125,0.4604320526123047,6.2957353591918945,0.0,0.0,3.503774404525757,0.49460792541503906,6.646059989929199,0.0,0.0,3.3422164916992188,0.4658222198486328,6.3750810623168945,0.0,0.0,3.2960532903671265,0.4880027770996094,6.05758798122406,0.0,0.0,3.06108820438385,0.43112754821777344,5.393332362174988,0.0,0.0,2.8875131607055664,0.4024639129638672,5.388798713684082,0.0,0.0,2.4124794006347656,0.3875541687011719,4.716885566711426,0.0,0.0,1.9161577224731445,0.31975889205932617,3.975396156311035,0.0,0.0,2.1345996856689453,0.3251628875732422,4.540935516357422,0.0,0.0,1.5782642364501953,0.2588005065917969,3.5056381225585938,0.0,0.0,2.2476911544799805,0.3603515625,4.670699119567871,0.0,0.0,1.9652599096298218,0.30606305599212646,4.312613666057587,0.0,0.0,2.1201488971710205,0.3712043762207031,4.917828798294067,0.0,0.0,2.6321840286254883,0.44386768341064453,5.418720245361328,0.0,0.0,2.449078321456909,0.33856773376464844,5.57336688041687,0.0,0.0,2.9907586574554443,0.47662872076034546,7.0068864822387695,0.0,0.0
11,hallucinated,21,0.58984375,7.335830926895142,0.9375834465026855,16.90925121307373,0.0,0.0,6.36302787065506,0.8315163850784302,13.885045289993286,0.043130576610565186,0.043130576610565186,5.495911240577698,0.7747457027435303,12.68393087387085,0.07686102390289307,0.07686102390289307,1.022012710571289,0.16325759887695312,2.4620113372802734,0.0,0.0,0.7921066284179688,0.13858795166015625,1.9347724914550781,0.0,0.0,0.8690071105957031,0.137420654296875,1.9577598571777344,0.0,0.0,1.0145034790039062,0.17986297607421875,2.33172607421875,0.0,0.0,1.5686492919921875,0.24730300903320312,3.471466064453125,0.0,0.0,1.7798118591308594,0.2942085266113281,3.7595386505126953,0.0,0.0,2.0984630584716797,0.3426399230957031,4.703160285949707,0.0,0.0,2.46317195892334,0.3911600112915039,4.645819664001465,0.0,0.0,2.839890480041504,0.42382144927978516,5.326706886291504,0.0,0.0,2.463949203491211,0.38796043395996094,4.7395524978637695,0.0,0.0,2.9680233001708984,0.4650154113769531,5.246562957763672,0.0,0.0,3.141723155975342,0.4672698974609375,6.374322414398193,0.0,0.0,3.974940299987793,0.649836540222168,7.111350059509277,0.0,0.0,3.289060592651367,0.4806499481201172,6.331667900085449,0.0,0.0,3.5804784297943115,0.5186233520507812,6.722764015197754,0.0,0.0,3.3715763092041016,0.4658222198486328,6.404440879821777,0.0,0.0,3.2580113410949707,0.4932098388671875,6.019546031951904,0.0,0.0,2.930793285369873,0.43112754821777344,5.263037443161011,0.0,0.0,2.7935028076171875,0.3766975402832031,5.294788360595703,0.0,0.0,2.3452768325805664,0.3875541687011719,4.649682998657227,0.0,0.0,1.8902735710144043,0.31975889205932617,3.949512004852295,0.0,0.0,2.172393798828125,0.3220672607421875,4.578729629516602,0.0,0.0,1.4854869842529297,0.2588005065917969,3.412860870361328,0.0,0.0,2.226285934448242,0.3603515625,4.649293899536133,0.0,0.0,1.9456828832626343,0.3064727783203125,4.293036639690399,0.0,0.0,2.1152358055114746,0.3504600524902344,4.9129157066345215,0.0,0.0,2.619320869445801,0.43381786346435547,5.405857086181641,0.0,0.0,2.476961612701416,0.33915138244628906,5.601250171661377,0.0,0.0,3.0129882097244263,0.48325204849243164,7.0291160345077515,0.0,0.0
12,grounded,43,0.80517578125,20.560676991939545,0.957631528377533,37.391236901283264,0.0179440975189209,0.030068159103393555,18.86679118871689,0.8900208473205566,32.81355381011963,0.04559206962585449,0.07830655574798584,17.898165464401245,0.8875300884246826,30.634793758392334,0.05677330493927002,0.12972241640090942,2.672069549560547,0.18484878540039062,4.805484771728516,0.0,0.0,2.176258087158203,0.1506805419921875,4.112677574157715,0.0,0.0,2.5258312225341797,0.166107177734375,4.30891227722168,0.0,0.0,3.169292449951172,0.209381103515625,5.303606033325195,0.0,0.0,4.16125750541687,0.2723541259765625,7.01052451133728,0.0,0.0,5.245855689048767,0.3603696823120117,8.726729989051819,0.0,0.0,6.607434272766113,0.4495105743408203,11.502726554870605,0.0,0.0,6.814383029937744,0.5320367813110352,10.679333209991455,0.0,0.0,7.811529636383057,0.5179674625396729,11.923037052154541,0.0,0.0,7.007733345031738,0.4312400817871094,11.04642391204834,0.0,0.0,7.681337118148804,0.48968505859375,11.545274496078491,0.0,0.0,8.208232402801514,0.5170378684997559,12.916152954101562,0.0,0.0,8.857001662254333,0.5784568786621094,13.015942931175232,0.0,0.0,7.528226137161255,0.44170355796813965,11.87991452217102,0.0,0.0,6.8720855712890625,0.4616670608520508,10.468810081481934,0.0,0.0,7.957488298416138,0.5247211456298828,13.026872873306274,0.0,0.0,8.05820608139038,0.5431656837463379,12.551875829696655,0.0,0.0,6.82506251335144,0.4404473304748535,10.65786063671112,0.0,0.0,6.221948146820068,0.5067539215087891,9.66472053527832,0.0,0.0,6.084149360656738,0.5037517547607422,10.161519050598145,0.0,0.0,4.61224365234375,0.39089298248291016,8.303107738494873,0.0,0.0,5.237808585166931,0.3268718719482422,9.041536271572113,0.0,0.0,4.6207098960876465,0.305419921875,8.162154197692871,0.0,0.0,5.15033757686615,0.36166906356811523,9.006873548030853,0.0,0.0,4.682748079299927,0.33249378204345703,8.377208948135376,0.0,0.0,6.1111950278282166,0.4886608123779297,10.701994001865387,0.0,0.0,5.84872579574585,0.4350109100341797,10.038304805755615,0.0,0.0,6.928570985794067,0.40480804443359375,12.055501699447632,0.0,0.0,8.266332864761353,0.5105957984924316,14.945527791976929,0.0,0.0
12,hallucinated,42,0.7998046875,19.580139636993408,0.9596138596534729,36.41069954633713,0.0179440975189209,0.03022444248199463,17.94525146484375,0.8922008275985718,31.89201408624649,0.04559206962585449,0.0680590271949768,16.967666625976562,0.8875300884246826,29.70429491996765,0.05677330493927002,0.12972241640090942,2.3940515518188477,0.18484878540039062,4.527466773986816,0.0,0.0,2.1835479736328125,0.1506805419921875,4.119967460632324,0.0,0.0,2.369924545288086,0.166107177734375,4.153005599975586,0.0,0.0,3.1285133361816406,0.2095184326171875,5.262826919555664,0.0,0.0,3.9512012004852295,0.2723541259765625,6.80046820640564,0.0,0.0,4.8346580266952515,0.3603696823120117,8.315532326698303,0.0,0.0,6.220712661743164,0.4495105743408203,11.116004943847656,0.0,0.0,6.7929158210754395,0.5320367813110352,10.65786600112915,0.0,0.0,7.493307590484619,0.5179674625396729,11.604815006256104,0.0,0.0,6.594286918640137,0.4312400817871094,10.632977485656738,0.0,0.0,7.0797646045684814,0.48968505859375,10.943701982498169,0.0,0.0,7.28212833404541,0.5170378684997559,11.990048885345459,0.0,0.0,7.949852108955383,0.5784568786621094,12.108793377876282,0.0,0.0,6.630088806152344,0.4329032897949219,10.98177719116211,0.0,0.0,5.797301292419434,0.4616670608520508,9.394025802612305,0.0,0.0,7.208615839481354,0.5247211456298828,12.27800041437149,0.0,0.0,7.355886936187744,0.5431656837463379,11.849556684494019,0.0,0.0,6.361210584640503,0.4404473304748535,10.194008708000183,0.0,0.0,5.3438544273376465,0.5067539215087891,8.786626815795898,0.0,0.0,5.772437334060669,0.5037517547607422,9.849807024002075,0.0,0.0,4.524089813232422,0.39089298248291016,8.214953899383545,0.0,0.0,4.776630759239197,0.3268718719482422,8.580358445644379,0.0,0.0,4.462453842163086,0.305419921875,8.00389814376831,0.0,0.0,4.562677264213562,0.36166906356811523,8.419213235378265,0.0,0.0,4.2579357624053955,0.36281394958496094,7.952396631240845,0.0,0.0,5.7977535128593445,0.4886608123779297,10.388552486896515,0.0,0.0,5.3261860609054565,0.4350109100341797,9.515765070915222,0.0,0.0,6.427521228790283,0.40480804443359375,11.554451942443848,0.0,0.0,8.038454473018646,0.5105957984924316,14.717649400234222,0.0,0.0
13,grounded,31,0.65771484375,14.838172256946564,0.9485305547714233,26.23177534341812,0.0016932487487792969,0.003158092498779297,12.755966901779175,0.8663544654846191,22.17915451526642,0.04262089729309082,0.08498179912567139,13.347018718719482,0.9106831550598145,22.71491575241089,0.053067684173583984,0.11579239368438721,2.037626266479492,0.20216751098632812,3.616487503051758,0.0,0.0,1.6178607940673828,0.1444854736328125,2.8482227325439453,0.0,0.0,1.744654655456543,0.13735198974609375,2.9003477096557617,0.0,0.0,2.2171552181243896,0.18038177490234375,3.763396978378296,0.0,0.0,3.173647880554199,0.2677268981933594,5.216832160949707,0.0,0.0,3.500455856323242,0.3005523681640625,5.692714691162109,0.0,0.0,4.606555938720703,0.3953208923339844,7.45890998840332,0.0,0.0,4.811480522155762,0.38793230056762695,7.25394344329834,0.0,0.0,5.390190601348877,0.4668889045715332,8.041784763336182,0.0,0.0,4.63464081287384,0.4613906145095825,7.046550869941711,0.0,0.0,5.208426237106323,0.5282516479492188,7.227492094039917,0.0,0.0,6.086155414581299,0.4978342056274414,9.193244457244873,0.0,0.0,7.111103296279907,0.6329250335693359,10.349003076553345,0.0,0.0,5.193302154541016,0.4148750305175781,7.991844177246094,0.0,0.0,5.9587647914886475,0.538362979888916,8.849138021469116,0.0,0.0,6.10590934753418,0.4803352355957031,9.414545059204102,0.0,0.0,5.56130051612854,0.4639015197753906,8.323554277420044,0.0,0.0,5.092206001281738,0.4193296432495117,7.6656166315078735,0.0,0.0,5.480437278747559,0.4622459411621094,8.301436424255371,0.0,0.0,4.74859356880188,0.4227585792541504,7.227931261062622,0.0,0.0,3.6099133491516113,0.3588442802429199,5.789665222167969,0.0,0.0,4.929516077041626,0.4106330871582031,7.793816804885864,0.0,0.0,3.38533353805542,0.3504676818847656,5.782901287078857,0.0,0.0,4.486248731613159,0.3823089599609375,7.421177625656128,0.0,0.0,3.369567632675171,0.29570579528808594,5.973135948181152,0.0,0.0,4.921605050563812,0.45934104919433594,8.230782091617584,0.0,0.0,5.290893197059631,0.4563283920288086,8.568610787391663,0.0,0.0,5.426356554031372,0.4627361297607422,9.241244792938232,0.0,0.0,6.581466972827911,0.5372391939163208,11.269707560539246,0.0,0.0
13,hallucinated,32,0.69189453125,15.791134059429169,0.9555485248565674,27.184737145900726,0.0008783340454101562,0.00146484375,13.465348243713379,0.8612270355224609,22.888535857200623,0.04262089729309082,0.08621811866760254,13.877394199371338,0.8875832557678223,23.24527406692505,0.053067684173583984,0.08392083644866943,2.103221893310547,0.168365478515625,3.682168960571289,0.0,0.0,1.7794685363769531,0.14430999755859375,3.0096397399902344,0.0,0.0,1.8861894607543945,0.15322113037109375,3.041775703430176,0.0,0.0,2.477100133895874,0.1816883087158203,4.023051977157593,0.0,0.0,3.4362964630126953,0.26758766174316406,5.479358673095703,0.0,0.0,3.8978919982910156,0.337799072265625,6.089672088623047,0.0,0.0,4.972728729248047,0.395294189453125,7.824740409851074,0.0,0.0,5.400769233703613,0.4146561622619629,7.843323707580566,0.0,0.0,6.062801361083984,0.47344112396240234,8.713924407958984,0.0,0.0,5.060895919799805,0.46096134185791016,7.472710609436035,0.0,0.0,5.6130218505859375,0.5282764434814453,7.632137298583984,0.0,0.0,6.333758354187012,0.4666156768798828,9.44111442565918,0.0,0.0,7.287312388420105,0.5534580945968628,10.524487376213074,0.0,0.0,5.4327497482299805,0.4149818420410156,8.231749534606934,0.0,0.0,6.039506435394287,0.5216140747070312,8.92995309829712,0.0,0.0,6.247743606567383,0.48073387145996094,9.556379318237305,0.0,0.0,5.772103428840637,0.46442604064941406,8.534002423286438,0.0,0.0,5.293902397155762,0.41968679428100586,7.868443250656128,0.0,0.0,5.424302577972412,0.42020225524902344,8.24535322189331,0.0,0.0,5.001335144042969,0.37993431091308594,7.480203628540039,0.0,0.0,3.582498550415039,0.3017721176147461,5.762636661529541,0.0,0.0,4.9959557056427,0.3912956714630127,7.860009431838989,0.0,0.0,3.4357733726501465,0.3504486083984375,5.833520889282227,0.0,0.0,4.781022787094116,0.3669567108154297,7.716226816177368,0.0,0.0,3.531019449234009,0.29367828369140625,6.136317253112793,0.0,0.0,5.075183272361755,0.45928001403808594,8.385280668735504,0.0,0.0,5.652243256568909,0.4582405090332031,8.931111931800842,0.0,0.0,5.744207978248596,0.46419692039489746,9.559868693351746,0.0,0.0,6.748380720615387,0.525887668132782,11.437387466430664,0.0,0.0
14,grounded,41,0.73291015625,14.999042630195618,0.9596874713897705,35.52808320522308,0.008048057556152344,0.014271914958953857,13.859283208847046,0.9107841849327087,31.229158878326416,0.015023887157440186,0.03059971332550049,12.263420522212982,0.8495248556137085,27.494639456272125,0.0831676721572876,0.11632579565048218,10.761940002441406,0.6996488571166992,23.12464451789856,0.0,0.0,10.750628471374512,0.6917686462402344,23.219950675964355,0.0,0.0,9.507442712783813,0.6445105075836182,20.30468773841858,0.0,0.0,7.758731365203857,0.5672531127929688,16.26839017868042,0.0,0.0,6.7847747802734375,0.5137057900428772,14.34749174118042,0.0,0.0,4.14759635925293,0.3568687438964844,8.934051513671875,0.0,0.0,4.7140703201293945,0.3953437805175781,10.557430744171143,0.0,0.0,5.198094606399536,0.49892568588256836,10.642500638961792,0.0,0.0,6.0736589431762695,0.6139802932739258,12.154870986938477,0.0,0.0,5.074265480041504,0.5156669616699219,10.49074411392212,0.0,0.0,6.023557186126709,0.5690460205078125,11.5311838388443,0.0,0.0,7.235034465789795,0.6605501174926758,13.856439113616943,0.0,0.0,7.702616930007935,0.6574642658233643,14.38634204864502,0.0,0.0,6.5381879806518555,0.5268383026123047,12.440906524658203,0.0,0.0,6.3978776931762695,0.5681557655334473,11.73038625717163,0.0,0.0,6.455177128314972,0.5257260799407959,13.13972693681717,0.0,0.0,6.894562721252441,0.5734767913818359,12.967167854309082,0.0,0.0,5.824071168899536,0.5085430145263672,11.437597751617432,0.0,0.0,6.048076868057251,0.5607514381408691,11.544650793075562,0.0,0.0,5.077938795089722,0.4724855422973633,10.17285966873169,0.0,0.0,3.9627264738082886,0.4436655044555664,8.173677802085876,0.0,0.0,4.8680524826049805,0.47876548767089844,10.07670783996582,0.0,0.0,3.872626543045044,0.3517031669616699,8.172072410583496,0.0,0.0,4.063151478767395,0.47571420669555664,8.320227265357971,0.0,0.0,3.59423828125,0.38039207458496094,7.643320560455322,0.0,0.0,4.711103320121765,0.4506340026855469,10.474225521087646,0.0,0.0,5.175235450267792,0.4750022888183594,10.71645849943161,0.0,0.0,5.690764307975769,0.4483771324157715,12.254513263702393,0.0,0.0,6.287104368209839,0.6427039504051208,14.391474664211273,0.0,0.0
14,hallucinated,38,0.77001953125,12.132452487945557,0.9595619440078735,32.66149306297302,0.008218169212341309,0.0278170108795166,11.233659744262695,0.9070296883583069,28.603535413742065,0.02865290641784668,0.07897496223449707,10.271319389343262,0.8495248556137085,25.502538323402405,0.0831676721572876,0.11632579565048218,8.700447082519531,0.6996488571166992,21.063151597976685,0.0,0.0,8.658923149108887,0.6917686462402344,21.12824535369873,0.0,0.0,7.583843231201172,0.6182746887207031,18.381088256835938,0.0,0.0,6.152683258056641,0.5021209716796875,14.662342071533203,0.0,0.0,5.387571334838867,0.5137057900428772,12.95028829574585,0.0,0.0,3.347334861755371,0.3568687438964844,8.133790016174316,0.0,0.0,3.542726516723633,0.39580535888671875,9.38608694076538,0.0,0.0,3.9343795776367188,0.4219551086425781,9.378785610198975,0.0,0.0,4.646976470947266,0.5256881713867188,10.728188514709473,0.0,0.0,3.8468005657196045,0.45673489570617676,9.26327919960022,0.0,0.0,4.4876203536987305,0.5009223222732544,9.99524700641632,0.0,0.0,5.093132019042969,0.5431289672851562,11.714536666870117,0.0,0.0,5.607680797576904,0.586334228515625,12.29140591621399,0.0,0.0,4.925686836242676,0.4820842742919922,10.828405380249023,0.0,0.0,4.560094118118286,0.500748872756958,9.892602682113647,0.0,0.0,5.177250146865845,0.5290861129760742,11.861799955368042,0.0,0.0,5.7605462074279785,0.5859603881835938,11.83315134048462,0.0,0.0,5.07767641544342,0.4956390857696533,10.691202998161316,0.0,0.0,4.810308933258057,0.5419206619262695,10.306882858276367,0.0,0.0,4.149615287780762,0.4724855422973633,9.24453616142273,0.0,0.0,3.0289249420166016,0.33095550537109375,7.2398762702941895,0.0,0.0,3.674996852874756,0.38114070892333984,8.883652210235596,0.0,0.0,2.9423022270202637,0.32799768447875977,7.241748094558716,0.0,0.0,2.9968338012695312,0.32378387451171875,7.253909587860107,0.0,0.0,2.80490779876709,0.32273101806640625,6.853990077972412,0.0,0.0,3.6607799530029297,0.4536247253417969,9.423902153968811,0.0,0.0,3.849452495574951,0.4715690612792969,9.39067554473877,0.0,0.0,4.565625905990601,0.4271411895751953,11.129374861717224,0.0,0.0,4.597692906856537,0.45633625984191895,12.702063202857971,0.0,0.0
15,grounded,43,0.6943359375,20.629662334918976,0.9619045853614807,37.516447484493256,0.002602696418762207,0.005727827548980713,18.20776265859604,0.8744101524353027,32.178291380405426,0.06789648532867432,0.13223081827163696,18.961948812007904,0.8943662643432617,33.60682815313339,0.016134321689605713,0.043482959270477295,2.7327651977539062,0.1816558837890625,4.749345779418945,0.0,0.0,2.3568572998046875,0.1385650634765625,4.230186462402344,0.0,0.0,2.8138580322265625,0.19203948974609375,5.119346618652344,0.0,0.0,3.1088619232177734,0.1943206787109375,5.646848678588867,0.0,0.0,4.229348182678223,0.262603759765625,7.442395210266113,0.0,0.0,5.619609832763672,0.4231109619140625,9.75578498840332,0.0,0.0,6.521092414855957,0.4896507263183594,11.52447509765625,0.0,0.0,6.720398426055908,0.4496288299560547,11.196348667144775,0.0,0.0,7.206579208374023,0.4703216552734375,11.860864639282227,0.0,0.0,6.8821282386779785,0.47794198989868164,11.54739236831665,0.0,0.0,8.254737854003906,0.5207595825195312,13.053401947021484,0.0,0.0,8.696401596069336,0.6247529983520508,14.743608474731445,0.0,0.0,9.536392211914062,0.592620849609375,16.02948832511902,0.0,0.0,8.253628730773926,0.5337672233581543,13.523324489593506,0.0,0.0,8.691809892654419,0.5706577301025391,13.759134531021118,0.0,0.0,8.869322776794434,0.5111236572265625,14.616503715515137,0.0,0.0,7.946764945983887,0.4921283721923828,13.07872200012207,0.0,0.0,6.157334268093109,0.43218255043029785,10.13423228263855,0.0,0.0,6.889657258987427,0.4999716281890869,11.349675416946411,0.0,0.0,7.120018243789673,0.5149264335632324,11.093635320663452,0.0,0.0,5.441202878952026,0.3682880401611328,8.850817561149597,0.0,0.0,5.956727981567383,0.3933677673339844,9.783635139465332,0.0,0.0,4.526541471481323,0.32897377014160156,7.9590699672698975,0.0,0.0,5.698766708374023,0.4096851348876953,9.772312641143799,0.0,0.0,4.625939428806305,0.35518455505371094,8.072433888912201,0.0,0.0,6.394808769226074,0.42804718017578125,11.08579158782959,0.0,0.0,6.852709770202637,0.4958343505859375,11.600776672363281,0.0,0.0,7.684863567352295,0.44722938537597656,13.007645606994629,0.0,0.0,8.856144368648529,0.5240210294723511,15.978694081306458,0.0,0.0
15,hallucinated,40,0.693359375,17.749158680438995,0.9597768187522888,34.635943830013275,0.0009163618087768555,0.002944648265838623,15.459021925926208,0.8735293745994568,29.429550647735596,0.06789648532867432,0.12341457605361938,16.228176593780518,0.8972409963607788,30.873055934906006,0.018586158752441406,0.04998141527175903,2.2715682983398438,0.1658172607421875,4.288148880004883,0.0,0.0,2.0031509399414062,0.1385650634765625,3.8764801025390625,0.0,0.0,2.6366729736328125,0.2035980224609375,4.942161560058594,0.0,0.0,2.8252620697021484,0.1943206787109375,5.363248825073242,0.0,0.0,3.9097585678100586,0.262603759765625,7.122805595397949,0.0,0.0,5.120334625244141,0.3780021667480469,9.256509780883789,0.0,0.0,5.852072715759277,0.47881126403808594,10.85545539855957,0.0,0.0,6.363085746765137,0.4739508628845215,10.839035987854004,0.0,0.0,6.799436092376709,0.47530460357666016,11.453721523284912,0.0,0.0,6.503362655639648,0.444122314453125,11.16862678527832,0.0,0.0,7.284529447555542,0.48073768615722656,12.08319354057312,0.0,0.0,7.819244861602783,0.57373046875,13.866451740264893,0.0,0.0,8.965989112854004,0.6130352020263672,15.45908522605896,0.0,0.0,7.472823143005371,0.5395345687866211,12.742518901824951,0.0,0.0,7.885616064071655,0.5381307601928711,12.952940702438354,0.0,0.0,8.11095905303955,0.5826015472412109,13.858139991760254,0.0,0.0,8.335341215133667,0.5529689788818359,13.46729826927185,0.0,0.0,6.257294237613678,0.43330585956573486,10.234192252159119,0.0,0.0,6.636367976665497,0.5275971293449402,11.096386134624481,0.0,0.0,6.361128330230713,0.5197787284851074,10.334745407104492,0.0,0.0,4.738381922245026,0.3909478783607483,8.147996604442596,0.0,0.0,5.03572940826416,0.35214900970458984,8.86263656616211,0.0,0.0,4.108414173126221,0.2934226989746094,7.540942668914795,0.0,0.0,4.8227314949035645,0.39986419677734375,8.89627742767334,0.0,0.0,4.45748895406723,0.35518455505371094,7.903983414173126,0.0,0.0,5.139154672622681,0.41548919677734375,9.830137491226196,0.0,0.0,5.72819447517395,0.43560218811035156,10.476261377334595,0.0,0.0,6.261942386627197,0.42864131927490234,11.584724426269531,0.0,0.0,7.17678964138031,0.4862369894981384,14.299339354038239,0.0,0.0
16,grounded,35,0.62646484375,15.954563856124878,0.9597747325897217,30.137230157852173,0.005489647388458252,0.005845367908477783,13.424426257610321,0.8840101361274719,25.185773849487305,0.024999916553497314,0.024999916553497314,14.102476716041565,0.8917312622070312,26.4115252494812,0.03847771883010864,0.09001332521438599,2.1458587646484375,0.17879104614257812,4.236766815185547,0.0,0.0,1.8921661376953125,0.15111541748046875,3.5515594482421875,0.0,0.0,1.9487571716308594,0.1526813507080078,3.5764846801757812,0.0,0.0,2.5574607849121094,0.20137405395507812,4.748538970947266,0.0,0.0,3.6709961891174316,0.30713701248168945,6.182802677154541,0.0,0.0,4.191274642944336,0.32248687744140625,7.221883773803711,0.0,0.0,5.045413970947266,0.361419677734375,8.830207824707031,0.0,0.0,5.7013044357299805,0.4338798522949219,9.186352729797363,0.0,0.0,6.129507064819336,0.4804058074951172,9.622108459472656,0.0,0.0,5.426970958709717,0.41982460021972656,8.762570977210999,0.0,0.0,6.586285352706909,0.5532798767089844,9.636532545089722,0.0,0.0,6.640073776245117,0.5074901580810547,10.790987014770508,0.0,0.0,8.094159126281738,0.5789346694946289,11.97556209564209,0.0,0.0,6.569211959838867,0.4777946472167969,10.307312965393066,0.0,0.0,7.799473762512207,0.5552034378051758,11.46042537689209,0.0,0.0,7.4873387813568115,0.5132694244384766,11.703962087631226,0.0,0.0,6.613668441772461,0.5231103897094727,10.336633205413818,0.0,0.0,5.4295676946640015,0.41795778274536133,8.300440907478333,0.0,0.0,6.091441869735718,0.4896202087402344,9.764751195907593,0.0,0.0,5.529499650001526,0.44161224365234375,8.698330998420715,0.0,0.0,4.072115421295166,0.3336830139160156,7.009312152862549,0.0,0.0,4.942532539367676,0.3843507766723633,8.095720767974854,0.0,0.0,3.5427807569503784,0.3238334655761719,6.641666769981384,0.0,0.0,4.548609733581543,0.3439445495605469,7.95285701751709,0.0,0.0,3.9541908502578735,0.32769012451171875,6.984219789505005,0.0,0.0,5.079686641693115,0.4228954315185547,9.107780456542969,0.0,0.0,6.062246561050415,0.4833412170410156,10.172340154647827,0.0,0.0,10.252638578414917,0.6774015426635742,17.87571382522583,0.0,0.0,10.898568272590637,0.6769875288009644,19.650144696235657,0.0,0.0
16,hallucinated,36,0.6484375,16.88590168952942,0.9550557136535645,31.068567991256714,0.005489647388458252,0.005845367908477783,14.283699631690979,0.8840101361274719,26.045047223567963,0.024999916553497314,0.024999916553497314,14.98336660861969,0.9035825729370117,27.292415142059326,0.03847771883010864,0.09001332521438599,2.2959136962890625,0.17879104614257812,4.386821746826172,0.0,0.0,2.0342979431152344,0.15111541748046875,3.6936912536621094,0.0,0.0,2.0834312438964844,0.1526813507080078,3.7111587524414062,0.0,0.0,2.7071876525878906,0.20137405395507812,4.898265838623047,0.0,0.0,3.7744507789611816,0.30713701248168945,6.286257266998291,0.0,0.0,4.344858169555664,0.32248687744140625,7.375467300415039,0.0,0.0,5.317890167236328,0.361419677734375,9.102684020996094,0.0,0.0,5.987853050231934,0.4338798522949219,9.472901344299316,0.0,0.0,6.392072677612305,0.4804058074951172,9.884674072265625,0.0,0.0,5.69943380355835,0.41982460021972656,9.035033822059631,0.0,0.0,6.946733236312866,0.5532798767089844,9.996980428695679,0.0,0.0,7.105878829956055,0.5074901580810547,11.256792068481445,0.0,0.0,8.416258811950684,0.5789346694946289,12.297661781311035,0.0,0.0,7.016656875610352,0.4777946472167969,10.75475788116455,0.0,0.0,8.156244277954102,0.5582389831542969,11.817195892333984,0.0,0.0,7.883890867233276,0.5132694244384766,12.10051417350769,0.0,0.0,6.933300018310547,0.5231103897094727,10.656264781951904,0.0,0.0,5.5971492528915405,0.41795778274536133,8.468022465705872,0.0,0.0,6.250900030136108,0.4896202087402344,9.924209356307983,0.0,0.0,5.797382950782776,0.44161224365234375,8.966214299201965,0.0,0.0,4.305944919586182,0.3336830139160156,7.2431416511535645,0.0,0.0,5.282986402511597,0.3843507766723633,8.436174631118774,0.0,0.0,3.7791935205459595,0.3238334655761719,6.878079533576965,0.0,0.0,4.720708847045898,0.3439445495605469,8.124956130981445,0.0,0.0,4.054939866065979,0.32769012451171875,7.08496880531311,0.0,0.0,5.382008790969849,0.4228954315185547,9.410102605819702,0.0,0.0,6.356993675231934,0.4833412170410156,10.467087268829346,0.0,0.0,10.826016187667847,0.6774015426635742,18.44909143447876,0.0,0.0,11.45495355129242,0.6769875288009644,20.20652997493744,0.0,0.0
17,grounded,31,0.64697265625,11.216901123523712,0.9481357336044312,26.24399995803833,0.007679283618927002,0.016814887523651123,9.898786067962646,0.875566840171814,22.489451050758362,0.03757280111312866,0.06689733266830444,10.296165823936462,0.8901088237762451,23.280527234077454,0.06874275207519531,0.1453779935836792,1.3583450317382812,0.17222213745117188,3.4086265563964844,0.0,0.0,1.2144012451171875,0.1769866943359375,2.9540481567382812,0.0,0.0,1.3931159973144531,0.17004966735839844,3.229907989501953,0.0,0.0,1.8388137817382812,0.20139312744140625,4.06658935546875,0.0,0.0,2.3209095001220703,0.24847984313964844,4.845979690551758,0.0,0.0,2.967630386352539,0.35785675048828125,6.225889205932617,0.0,0.0,3.428630828857422,0.4161376953125,7.329036712646484,0.0,0.0,3.8981528282165527,0.4845395088195801,7.369447231292725,0.0,0.0,4.212615013122559,0.43975067138671875,7.860320091247559,0.0,0.0,4.155342102050781,0.4544219970703125,7.742471694946289,0.0,0.0,4.717392325401306,0.5453357696533203,8.168834567070007,0.0,0.0,4.772356033325195,0.4805793762207031,8.947333335876465,0.0,0.0,5.215950965881348,0.5838794708251953,9.18786907196045,0.0,0.0,4.815288543701172,0.5221242904663086,8.58900260925293,0.0,0.0,4.9161295890808105,0.49646854400634766,8.371724605560303,0.0,0.0,5.043562412261963,0.5244083404541016,9.111965656280518,0.0,0.0,4.752935409545898,0.5489387512207031,8.53603458404541,0.0,0.0,3.544643819332123,0.3808162212371826,6.40037077665329,0.0,0.0,4.229544162750244,0.4453544616699219,7.516028881072998,0.0,0.0,3.6351141929626465,0.3912315368652344,6.771407604217529,0.0,0.0,2.74251651763916,0.3196907043457031,5.634510040283203,0.0,0.0,2.926136016845703,0.3483695983886719,6.085393905639648,0.0,0.0,2.519686698913574,0.321258544921875,5.777143716812134,0.0,0.0,2.891066551208496,0.36304664611816406,5.924613952636719,0.0,0.0,2.644063949584961,0.308685302734375,5.5999754667282104,0.0,0.0,3.530526638031006,0.4066791534423828,7.0104546546936035,0.0,0.0,3.3239965438842773,0.43274402618408203,6.8295440673828125,0.0,0.0,3.8188905715942383,0.42613983154296875,8.129565238952637,0.0,0.0,4.360707461833954,0.4477463960647583,10.179955244064331,0.0,0.0
17,hallucinated,32,0.64453125,12.164321660995483,0.9492474794387817,27.1914204955101,0.00681835412979126,0.015627801418304443,10.685073673725128,0.8733866214752197,23.273553669452667,0.03757280111312866,0.06531345844268799,11.128157019615173,0.8875656127929688,24.1125510931015,0.07193517684936523,0.13882267475128174,1.6011161804199219,0.17222213745117188,3.6520824432373047,0.0,0.0,1.4663982391357422,0.1770172119140625,3.2062129974365234,0.0,0.0,1.6664543151855469,0.17389297485351562,3.503131866455078,0.0,0.0,2.071258544921875,0.20012664794921875,4.2990875244140625,0.0,0.0,2.526272773742676,0.243927001953125,5.050873756408691,0.0,0.0,3.1202354431152344,0.3612785339355469,6.378154754638672,0.0,0.0,3.868915557861328,0.4258918762207031,7.769561767578125,0.0,0.0,4.10490608215332,0.4454631805419922,7.576498031616211,0.0,0.0,4.446629524230957,0.4210357666015625,8.094477653503418,0.0,0.0,4.132946014404297,0.4501380920410156,7.720722198486328,0.0,0.0,4.9047476053237915,0.5413436889648438,8.356497406959534,0.0,0.0,4.6519927978515625,0.455657958984375,8.825632095336914,0.0,0.0,5.710677623748779,0.5622329711914062,9.681684017181396,0.0,0.0,4.6598219871521,0.4658627510070801,8.433372020721436,0.0,0.0,5.093864917755127,0.4929380416870117,8.550029277801514,0.0,0.0,5.229752719402313,0.5043792724609375,9.29719465970993,0.0,0.0,4.336099147796631,0.5181617736816406,8.119413375854492,0.0,0.0,3.6445252895355225,0.3981940746307373,6.5009331703186035,0.0,0.0,4.295434951782227,0.4192523956298828,7.581967353820801,0.0,0.0,3.381533622741699,0.372528076171875,6.517803192138672,0.0,0.0,2.668065071105957,0.2912330627441406,5.56147575378418,0.0,0.0,2.7112951278686523,0.3245582580566406,5.870329856872559,0.0,0.0,2.6125707626342773,0.32132720947265625,5.8697991371154785,0.0,0.0,2.7100753784179688,0.3632011413574219,5.744139671325684,0.0,0.0,2.8528449535369873,0.3086051940917969,5.809378385543823,0.0,0.0,3.4881631731987,0.40697288513183594,6.968531310558319,0.0,0.0,3.320174217224121,0.40578460693359375,6.825252532958984,0.0,0.0,3.8396289348602295,0.3657674789428711,8.14914584159851,0.0,0.0,4.8025495409965515,0.4901805520057678,10.62149178981781,0.0,0.0
18,grounded,28,0.69775390625,14.73528653383255,0.9453375339508057,23.43138301372528,0.01902461051940918,0.021471142768859863,11.612088084220886,0.8524397015571594,18.786729753017426,0.03049921989440918,0.04642200469970703,12.785884261131287,0.889209508895874,20.281293630599976,0.014501094818115234,0.014501094818115234,1.9878654479980469,0.18140792846679688,3.172578811645508,0.0,0.0,1.6219711303710938,0.14000701904296875,2.5512733459472656,0.0,0.0,1.7254772186279297,0.13735198974609375,2.712064743041992,0.0,0.0,2.0653839111328125,0.1832122802734375,3.227020263671875,0.0,0.0,2.8865734338760376,0.24385833740234375,4.339549660682678,0.0,0.0,3.0916366577148438,0.2631683349609375,4.774864196777344,0.0,0.0,4.4321006536483765,0.3496589660644531,6.557386755943298,0.0,0.0,4.585526466369629,0.40109920501708984,6.533051490783691,0.0,0.0,5.288579940795898,0.4343910217285156,7.265771865844727,0.0,0.0,4.312584400177002,0.464205265045166,6.191225528717041,0.0,0.0,5.085451602935791,0.4278850555419922,6.824488162994385,0.0,0.0,5.371794700622559,0.5187463760375977,7.5277488231658936,0.0,0.0,6.919287919998169,0.6382310390472412,9.166582345962524,0.0,0.0,4.910159587860107,0.43190574645996094,6.988662242889404,0.0,0.0,5.168262481689453,0.47845935821533203,7.108608245849609,0.0,0.0,5.378859519958496,0.41402435302734375,7.715334892272949,0.0,0.0,4.16020393371582,0.3481636047363281,6.209935426712036,0.0,0.0,3.931727409362793,0.34848713874816895,5.606567621231079,0.0,0.0,4.345614433288574,0.3892803192138672,6.382250785827637,0.0,0.0,4.102930307388306,0.4203948974609375,5.948832750320435,0.0,0.0,2.959947347640991,0.31105971336364746,4.591912508010864,0.0,0.0,3.509570837020874,0.30800604820251465,5.4505250453948975,0.0,0.0,2.80754816532135,0.33510684967041016,4.752339720726013,0.0,0.0,3.8092734813690186,0.36586761474609375,5.8390586376190186,0.0,0.0,2.9507694244384766,0.29650115966796875,4.8455493450164795,0.0,0.0,4.302694320678711,0.4416790008544922,6.684787034988403,0.0,0.0,4.4725823402404785,0.47527503967285156,6.7307047843933105,0.0,0.0,4.825131893157959,0.40792083740234375,7.670076251029968,0.0,0.0,6.369866490364075,0.5439422726631165,9.738242745399475,0.0,0.0
18,hallucinated,31,0.6884765625,17.56801748275757,0.9550282955169678,26.2641139626503,0.01902461051940918,0.021471142768859863,14.078414142131805,0.8524397015571594,21.253055810928345,0.03049921989440918,0.040662407875061035,15.275482654571533,0.889209508895874,22.770892024040222,0.014501094818115234,0.016140460968017578,2.453807830810547,0.18140792846679688,3.638521194458008,0.0,0.0,2.0361404418945312,0.14508056640625,2.965442657470703,0.0,0.0,2.0718441009521484,0.140655517578125,3.058431625366211,0.0,0.0,2.577138900756836,0.1845073699951172,3.7387752532958984,0.0,0.0,3.547732949256897,0.24385833740234375,5.000709176063538,0.0,0.0,3.9593753814697266,0.27341270446777344,5.642602920532227,0.0,0.0,5.387102007865906,0.3496589660644531,7.512388110160828,0.0,0.0,5.4538164138793945,0.40109920501708984,7.401341438293457,0.0,0.0,6.245265960693359,0.4343910217285156,8.222457885742188,0.0,0.0,5.135091304779053,0.464205265045166,7.013732433319092,0.0,0.0,5.906050205230713,0.4278850555419922,7.645086765289307,0.0,0.0,6.578516006469727,0.5382347106933594,8.734470129013062,0.0,0.0,8.283881187438965,0.5709843635559082,10.53117561340332,0.0,0.0,5.6168036460876465,0.390350341796875,7.695306301116943,0.0,0.0,6.080570220947266,0.47845935821533203,8.020915985107422,0.0,0.0,6.546944618225098,0.41341209411621094,8.88341999053955,0.0,0.0,4.769357681274414,0.3481636047363281,6.81908917427063,0.0,0.0,4.865026473999023,0.35971736907958984,6.53986668586731,0.0,0.0,5.142134666442871,0.3892803192138672,7.178771018981934,0.0,0.0,4.87624454498291,0.4203948974609375,6.722146987915039,0.0,0.0,3.6208627223968506,0.31105971336364746,5.252827882766724,0.0,0.0,4.050395250320435,0.30800604820251465,5.991349458694458,0.0,0.0,3.329530358314514,0.33510684967041016,5.274321913719177,0.0,0.0,4.312968850135803,0.36586761474609375,6.342754006385803,0.0,0.0,3.4254345893859863,0.29650115966796875,5.320214509963989,0.0,0.0,4.704722881317139,0.4416790008544922,7.086815595626831,0.0,0.0,5.2504119873046875,0.4576454162597656,7.5085344314575195,0.0,0.0,5.665158450603485,0.40792083740234375,8.510102808475494,0.0,0.0,7.464759886264801,0.5495830774307251,10.833136141300201,0.0,0.0
19,grounded,21,0.6318359375,5.495960593223572,0.9259083271026611,16.87653750181198,0.0006384849548339844,0.0006623268127441406,4.943845510482788,0.8446781635284424,14.325107514858246,0.03335690498352051,0.03335690498352051,4.192425489425659,0.8108396530151367,12.882869362831116,0.04886507987976074,0.04886507987976074,0.5476722717285156,0.18221664428710938,2.210508346557617,0.0,0.0,0.494720458984375,0.1414947509765625,1.6533012390136719,0.0,0.0,0.6003837585449219,0.140777587890625,1.9189949035644531,0.0,0.0,0.564117431640625,0.18260955810546875,1.9682388305664062,0.0,0.0,0.9376096725463867,0.21870803833007812,2.676466941833496,0.0,0.0,1.0976982116699219,0.2862510681152344,3.113994598388672,0.0,0.0,1.5877952575683594,0.35214996337890625,4.233020782470703,0.0,0.0,1.5287561416625977,0.34693241119384766,3.6933069229125977,0.0,0.0,1.5523223876953125,0.37570953369140625,4.178043365478516,0.0,0.0,1.3285179138183594,0.31876373291015625,3.901407241821289,0.0,0.0,1.671438217163086,0.3857917785644531,4.1461029052734375,0.0,0.0,1.6602554321289062,0.36884307861328125,4.608154296875,0.0,0.0,1.9730262756347656,0.517822265625,5.009130477905273,0.0,0.0,1.5820884704589844,0.36745452880859375,4.336299896240234,0.0,0.0,1.6770057678222656,0.40766143798828125,4.070293426513672,0.0,0.0,1.7145309448242188,0.3743152618408203,4.706747055053711,0.0,0.0,1.3795890808105469,0.3643455505371094,4.247859477996826,0.0,0.0,1.372899055480957,0.3593177795410156,3.6588926315307617,0.0,0.0,1.2367324829101562,0.37973976135253906,3.884401321411133,0.0,0.0,1.1852989196777344,0.40268993377685547,3.6455864906311035,0.0,0.0,0.8674354553222656,0.30297088623046875,3.273484706878662,0.0,0.0,1.1202278137207031,0.2803764343261719,3.5860862731933594,0.0,0.0,0.9326155185699463,0.3422126770019531,3.5072243213653564,0.0,0.0,1.0343990921974182,0.3067665100097656,3.572364866733551,0.0,0.0,0.8428897857666016,0.35376930236816406,3.46854305267334,0.0,0.0,1.0794583559036255,0.3854522705078125,4.380719423294067,0.0,0.0,1.1950421333312988,0.4294576644897461,4.396044731140137,0.0,0.0,1.3319458961486816,0.4191160202026367,5.43139123916626,0.0,0.0,1.960759699344635,0.4491819143295288,6.809439837932587,0.0,0.0
19,hallucinated,23,0.68359375,7.395610153675079,0.9386093020439148,18.77618706226349,0.010087013244628906,0.010749340057373047,6.6431949734687805,0.8609180450439453,16.032019019126892,0.03335690498352051,0.03335690498352051,5.95761775970459,0.8108396530151367,14.648061633110046,0.04886507987976074,0.050545573234558105,0.9160804748535156,0.18221664428710938,2.578916549682617,0.0,0.0,0.71826171875,0.1414947509765625,1.8768424987792969,0.0,0.0,0.9248285293579102,0.15828323364257812,2.2434396743774414,0.0,0.0,0.8489837646484375,0.18260955810546875,2.2531051635742188,0.0,0.0,1.1244754791259766,0.21870803833007812,2.863332748413086,0.0,0.0,1.5124216079711914,0.237091064453125,3.5287179946899414,0.0,0.0,1.7744255065917969,0.3027610778808594,4.419651031494141,0.0,0.0,1.9295616149902344,0.3240699768066406,4.094112396240234,0.0,0.0,2.098613739013672,0.363128662109375,4.724334716796875,0.0,0.0,2.0569534301757812,0.3479595184326172,4.629842758178711,0.0,0.0,2.1762256622314453,0.3590984344482422,4.650890350341797,0.0,0.0,2.198455810546875,0.37729644775390625,5.146354675292969,0.0,0.0,2.722566604614258,0.46845245361328125,5.758670806884766,0.0,0.0,2.336223602294922,0.39780426025390625,5.090435028076172,0.0,0.0,2.4332046508789062,0.4368762969970703,4.8264923095703125,0.0,0.0,2.758708953857422,0.4214744567871094,5.750925064086914,0.0,0.0,2.4774255752563477,0.40979766845703125,5.345695972442627,0.0,0.0,2.392369270324707,0.3593177795410156,4.678362846374512,0.0,0.0,2.327301025390625,0.39168548583984375,4.974969863891602,0.0,0.0,2.203256607055664,0.40268993377685547,4.663544178009033,0.0,0.0,1.596384048461914,0.30297088623046875,4.0024333000183105,0.0,0.0,1.9987764358520508,0.3172264099121094,4.464634895324707,0.0,0.0,1.5972356796264648,0.3422126770019531,4.171844482421875,0.0,0.0,1.926034927368164,0.3080024719238281,4.464000701904297,0.0,0.0,1.7588310241699219,0.35376930236816406,4.38448429107666,0.0,0.0,2.217810332775116,0.44150519371032715,5.519071400165558,0.0,0.0,2.312553882598877,0.4294576644897461,5.513556480407715,0.0,0.0,2.44643497467041,0.4191160202026367,6.545880317687988,0.0,0.0,3.1946468353271484,0.4491819143295288,8.0433269739151,0.0,0.0
20,grounded,32,0.673828125,16.646737158298492,0.9477426409721375,26.83318966627121,0.0130995512008667,0.0130995512008667,15.06800103187561,0.8805029392242432,24.02059108018875,0.03510558605194092,0.08150792121887207,11.981001019477844,0.8229259252548218,20.65746784210205,0.05022311210632324,0.08264946937561035,8.879413604736328,0.5842982530593872,12.318507313728333,0.0,0.0,8.880756378173828,0.5691986083984375,12.120983123779297,0.0,0.0,8.051365852355957,0.4629325866699219,10.80473804473877,0.0,0.0,6.254638671875,0.383148193359375,8.578079223632812,0.0,0.0,6.119913101196289,0.41116905212402344,8.675171613693237,0.0,0.0,4.284900665283203,0.332122802734375,6.451196670532227,0.0,0.0,5.203439712524414,0.36203765869140625,7.880425274372101,0.0,0.0,5.60912823677063,0.44782257080078125,7.924445390701294,0.0,0.0,6.202443599700928,0.5597739219665527,8.801345348358154,0.0,0.0,5.144800901412964,0.48599886894226074,7.527259469032288,0.0,0.0,6.4664453864097595,0.48743104934692383,8.646649777889252,0.0,0.0,6.848207950592041,0.5334930419921875,9.6370530128479,0.0,0.0,7.036151885986328,0.49905967712402344,9.676031112670898,0.0,0.0,5.830350875854492,0.4395408630371094,8.43030071258545,0.0,0.0,6.49346399307251,0.4925527572631836,8.866152286529541,0.0,0.0,6.668501377105713,0.4682502746582031,9.596523761749268,0.0,0.0,5.513742923736572,0.47872352600097656,8.25181269645691,0.0,0.0,4.79063355922699,0.3830232620239258,6.885914206504822,0.0,0.0,5.491009712219238,0.41705322265625,7.8928728103637695,0.0,0.0,4.662917613983154,0.4063997268676758,6.8881611824035645,0.0,0.0,3.790280342102051,0.3297615051269531,6.0104697942733765,0.0,0.0,4.3643879890441895,0.3188152313232422,6.777222394943237,0.0,0.0,3.6014232635498047,0.38422298431396484,6.137948513031006,0.0,0.0,3.9995675086975098,0.36158180236816406,6.574974536895752,0.0,0.0,3.5357885360717773,0.332794189453125,6.027262508869171,0.0,0.0,4.763032138347626,0.42261314392089844,7.977321267127991,0.0,0.0,5.185378134250641,0.46813392639160156,8.201012670993805,0.0,0.0,10.74644535779953,0.6687679290771484,17.414415299892426,0.0,0.0,11.58491426706314,0.7073956727981567,19.048854529857635,0.0,0.0
20,hallucinated,29,0.6572265625,13.803241968154907,0.9496450424194336,23.989694476127625,0.0130995512008667,0.0130995512008667,12.404467046260834,0.8737863898277283,21.357057094573975,0.03510558605194092,0.08150792121887207,9.886807560920715,0.8229259252548218,18.563274383544922,0.05022311210632324,0.08264279365539551,7.437992095947266,0.5842982530593872,10.87708580493927,0.0,0.0,7.424167633056641,0.5691986083984375,10.66439437866211,0.0,0.0,6.732592582702637,0.4630241394042969,9.48596477508545,0.0,0.0,5.271614074707031,0.38314056396484375,7.595054626464844,0.0,0.0,5.260387420654297,0.41106605529785156,7.815462827682495,0.0,0.0,3.686067581176758,0.3321056365966797,5.852195739746094,0.0,0.0,4.3482666015625,0.362152099609375,7.025175869464874,0.0,0.0,4.7579450607299805,0.4478340148925781,7.0732622146606445,0.0,0.0,5.40339994430542,0.5595812797546387,8.002484798431396,0.0,0.0,4.574656128883362,0.4856487512588501,6.957213878631592,0.0,0.0,5.542448043823242,0.4872617721557617,7.722587585449219,0.0,0.0,5.778268337249756,0.5333137512207031,8.567286968231201,0.0,0.0,6.356515884399414,0.499053955078125,8.99697494506836,0.0,0.0,5.137855529785156,0.4396514892578125,7.737626075744629,0.0,0.0,5.77853536605835,0.4924182891845703,8.15152883529663,0.0,0.0,5.936218738555908,0.4680366516113281,8.864561557769775,0.0,0.0,4.968380451202393,0.47854042053222656,7.706519842147827,0.0,0.0,4.159287095069885,0.38303089141845703,6.254480004310608,0.0,0.0,4.931087493896484,0.4171886444091797,7.333248138427734,0.0,0.0,4.117194175720215,0.40642881393432617,6.342382907867432,0.0,0.0,3.380451202392578,0.3297233581542969,5.600730299949646,0.0,0.0,3.9114813804626465,0.3186531066894531,6.324232339859009,0.0,0.0,3.260789632797241,0.383758544921875,5.796746492385864,0.0,0.0,3.4997448921203613,0.36162567138671875,6.074917316436768,0.0,0.0,3.272040843963623,0.33242034912109375,5.763398468494415,0.0,0.0,4.327667415142059,0.422393798828125,7.54177713394165,0.0,0.0,4.578517019748688,0.46807861328125,7.59391313791275,0.0,0.0,9.043457984924316,0.6685905456542969,15.71151614189148,0.0,0.0,9.68937623500824,0.6929768919944763,17.154986023902893,0.0,0.0
21,grounded,48,0.61083984375,13.271369278430939,0.9639215469360352,42.29847514629364,0.012278556823730469,0.03953886032104492,12.07191777229309,0.9126467108726501,37.51916295289993,0.012371242046356201,0.024606704711914062,11.418743014335632,0.8794037103652954,35.49964761734009,0.0328863263130188,0.0839037299156189,6.804828643798828,0.5974286794662476,17.88422667980194,0.0,0.0,6.721416473388672,0.5837478637695312,17.557540893554688,0.0,0.0,6.579402923583984,0.50640869140625,16.913249492645264,0.0,0.0,5.001106262207031,0.4306526184082031,13.481555938720703,0.0,0.0,4.898773431777954,0.4285125732421875,13.440582990646362,0.0,0.0,3.1683292388916016,0.3269767761230469,9.250728607177734,0.0,0.0,4.112039566040039,0.42383575439453125,11.76755666732788,0.0,0.0,4.152965545654297,0.42082977294921875,11.58938217163086,0.0,0.0,4.446669161319733,0.4364204406738281,12.063108026981354,0.0,0.0,3.8860912322998047,0.4017333984375,11.128305435180664,0.0,0.0,3.9357738494873047,0.43292999267578125,10.984614372253418,0.0,0.0,4.690178871154785,0.5009832382202148,13.497668266296387,0.0,0.0,4.726917028427124,0.6118354797363281,13.150045156478882,0.0,0.0,4.465600967407227,0.4257698059082031,12.38275146484375,0.0,0.0,4.195799708366394,0.42514801025390625,11.435273885726929,0.0,0.0,5.511990904808044,0.5029706954956055,13.611750960350037,0.0,0.0,4.259613513946533,0.370760440826416,11.44586181640625,0.0,0.0,3.95263409614563,0.3808555603027344,10.790150880813599,0.0,0.0,4.178724765777588,0.38527679443359375,11.650402307510376,0.0,0.0,3.5168392658233643,0.3747892379760742,10.068486452102661,0.0,0.0,3.4537811279296875,0.29848432540893555,9.485148429870605,0.0,0.0,3.1884623765945435,0.34229230880737305,9.401089668273926,0.0,0.0,3.3579546213150024,0.35647106170654297,9.303667902946472,0.0,0.0,3.8079686164855957,0.43094635009765625,9.182400345802307,0.0,0.0,3.9096059799194336,0.3732280731201172,9.536878824234009,0.0,0.0,5.427820682525635,0.5496654510498047,12.996984839439392,0.0,0.0,5.054389715194702,0.543717622756958,12.003765106201172,0.0,0.0,6.100975811481476,0.544398307800293,15.313362777233124,0.0,0.0,7.288028180599213,0.6878760457038879,19.195859789848328,0.0,0.0
21,hallucinated,51,0.65478515625,16.05305451154709,0.9654426574707031,45.08016037940979,0.012278556823730469,0.043511390686035156,14.65176397562027,0.9165375232696533,40.09900915622711,0.01067507266998291,0.033614158630371094,14.044833779335022,0.8794037103652954,38.12573838233948,0.0328863263130188,0.0839037299156189,8.295221328735352,0.5974286794662476,19.374619364738464,0.0,0.0,8.253486633300781,0.5837478637695312,19.089611053466797,0.0,0.0,8.070472717285156,0.5176124572753906,18.404319286346436,0.0,0.0,6.278713226318359,0.4306526184082031,14.759162902832031,0.0,0.0,5.971534967422485,0.4285125732421875,14.513344526290894,0.0,0.0,4.050110340118408,0.35010528564453125,10.132509708404541,0.0,0.0,4.879423141479492,0.43803977966308594,12.534940242767334,0.0,0.0,5.13963508605957,0.48188018798828125,12.576051712036133,0.0,0.0,5.455049693584442,0.49819183349609375,13.071488559246063,0.0,0.0,4.966299057006836,0.457275390625,12.208513259887695,0.0,0.0,5.032394647598267,0.5115289688110352,12.08123517036438,0.0,0.0,5.8495166301727295,0.5009832382202148,14.657006025314331,0.0,0.0,5.261524677276611,0.6118354797363281,13.68465280532837,0.0,0.0,5.141792297363281,0.440399169921875,13.058942794799805,0.0,0.0,4.991318464279175,0.42514801025390625,12.23079264163971,0.0,0.0,6.29962158203125,0.49367451667785645,14.399381637573242,0.0,0.0,4.908774375915527,0.3925924301147461,12.095022678375244,0.0,0.0,4.334339380264282,0.3808555603027344,11.171856164932251,0.0,0.0,4.743403434753418,0.37230682373046875,12.215080976486206,0.0,0.0,3.9545031785964966,0.3747892379760742,10.506150364875793,0.0,0.0,4.032628536224365,0.29848432540893555,10.063995838165283,0.0,0.0,3.9273403882980347,0.337536096572876,10.139967679977417,0.0,0.0,4.067898988723755,0.36029720306396484,10.013612270355225,0.0,0.0,4.547366261482239,0.4182419776916504,9.92179799079895,0.0,0.0,4.423142313957214,0.32880258560180664,10.05041515827179,0.0,0.0,6.458856463432312,0.5535078048706055,14.02802062034607,0.0,0.0,6.046780228614807,0.5517288446426392,12.996155619621277,0.0,0.0,7.353532791137695,0.5979976654052734,16.565919756889343,0.0,0.0,8.24738347530365,0.7205354571342468,20.155215084552765,0.0,0.0
22,grounded,27,0.646484375,5.580316066741943,0.9447870254516602,22.35088562965393,0.008841753005981445,0.008841753005981445,4.642299830913544,0.887847363948822,19.27571004629135,0.03202617168426514,0.09535551071166992,4.56760835647583,0.8766142129898071,19.151504278182983,0.04976463317871094,0.11135059595108032,0.8176155090332031,0.186187744140625,2.894881248474121,0.0,0.0,0.6904220581054688,0.15825653076171875,2.470867156982422,0.0,0.0,0.7320022583007812,0.23568153381347656,2.981321334838867,0.0,0.0,0.8842239379882812,0.19522857666015625,2.949941635131836,0.0,0.0,1.154632568359375,0.2742042541503906,4.072275161743164,0.0,0.0,1.4120502471923828,0.29958343505859375,4.272638320922852,0.0,0.0,1.635396957397461,0.3635978698730469,5.935842514038086,0.0,0.0,1.6228504180908203,0.3224983215332031,5.555700302124023,0.0,0.0,1.76287841796875,0.37853240966796875,6.180364608764648,0.0,0.0,1.5049095153808594,0.2882709503173828,5.195438385009766,0.0,0.0,1.6709976196289062,0.3296966552734375,5.655651092529297,0.0,0.0,2.160097122192383,0.4478027820587158,7.288268327713013,0.0,0.0,2.0153493881225586,0.4338188171386719,6.7362871170043945,0.0,0.0,1.879913330078125,0.35750770568847656,6.470968246459961,0.0,0.0,2.1050186157226562,0.45191383361816406,5.992332339286804,0.0,0.0,2.2002639770507812,0.3935089111328125,7.123207330703735,0.0,0.0,1.6815500259399414,0.3624114990234375,5.832647800445557,0.0,0.0,1.587235689163208,0.3274698257446289,5.525937795639038,0.0,0.0,1.6976547241210938,0.3861713409423828,5.834863185882568,0.0,0.0,1.3978252410888672,0.3456602096557617,4.788805961608887,0.0,0.0,1.4454951286315918,0.31491225957870483,4.907192587852478,0.0,0.0,1.1480331420898438,0.3006324768066406,4.771769046783447,0.0,0.0,1.2759523391723633,0.31925106048583984,4.661769390106201,0.0,0.0,1.3154563903808594,0.32503318786621094,4.644513130187988,0.0,0.0,1.3518714904785156,0.3273611068725586,4.571904897689819,0.0,0.0,1.793428897857666,0.4197564125061035,5.95945930480957,0.0,0.0,1.6731500625610352,0.4528627395629883,5.821900129318237,0.0,0.0,2.294116497039795,0.44875335693359375,7.434314787387848,0.0,0.0,2.7558902502059937,0.5922807455062866,9.363418996334076,0.0,0.0
22,hallucinated,27,0.70654296875,5.61433732509613,0.9442706108093262,22.384906888008118,0.0003566741943359375,0.0003566741943359375,4.626077353954315,0.8968544006347656,19.259487569332123,0.021138787269592285,0.08276021480560303,4.737768828868866,0.8766142129898071,19.32166475057602,0.04976463317871094,0.1384592056274414,0.699615478515625,0.186187744140625,2.776881217956543,0.0,0.0,0.6461639404296875,0.15825653076171875,2.4266090393066406,0.0,0.0,0.7101593017578125,0.23568153381347656,2.9594783782958984,0.0,0.0,0.8170127868652344,0.19522857666015625,2.882730484008789,0.0,0.0,1.1144294738769531,0.2742042541503906,4.032072067260742,0.0,0.0,1.3923759460449219,0.2910499572753906,4.252964019775391,0.0,0.0,1.656374454498291,0.3635978698730469,5.956820011138916,0.0,0.0,1.6906623840332031,0.35131072998046875,5.623512268066406,0.0,0.0,1.9598369598388672,0.4410743713378906,6.377323150634766,0.0,0.0,1.6685447692871094,0.3712158203125,5.359073638916016,0.0,0.0,1.8299121856689453,0.38265419006347656,5.814565658569336,0.0,0.0,2.32000595331192,0.46819931268692017,7.44817715883255,0.0,0.0,2.321808099746704,0.4338188171386719,7.04274582862854,0.0,0.0,1.7735710144042969,0.35858917236328125,6.364625930786133,0.0,0.0,1.8165359497070312,0.45191383361816406,5.703849673271179,0.0,0.0,2.092154026031494,0.4221501350402832,7.015097379684448,0.0,0.0,1.4882068634033203,0.3624114990234375,5.6393046379089355,0.0,0.0,1.5320243835449219,0.3274698257446289,5.470726490020752,0.0,0.0,1.7064628601074219,0.3861713409423828,5.8436713218688965,0.0,0.0,1.1131477355957031,0.3456602096557617,4.504128456115723,0.0,0.0,1.1049566268920898,0.31491225957870483,4.566654086112976,0.0,0.0,1.0332717895507812,0.3006324768066406,4.657007694244385,0.0,0.0,1.0420266389846802,0.31925106048583984,4.427843689918518,0.0,0.0,1.1237125396728516,0.32503318786621094,4.4527692794799805,0.0,0.0,1.098917007446289,0.3273611068725586,4.318950414657593,0.0,0.0,1.6133921146392822,0.4152078628540039,5.7794225215911865,0.0,0.0,1.6409997940063477,0.47719812393188477,5.78974986076355,0.0,0.0,2.1348178386688232,0.4839437007904053,7.275016129016876,0.0,0.0,2.4807609915733337,0.4973278045654297,9.088289737701416,0.0,0.0
23,grounded,34,0.66796875,6.57713109254837,0.9549083709716797,28.99917834997177,0.010986030101776123,0.011410951614379883,5.9284157156944275,0.8673138618469238,24.949104964733124,0.03456699848175049,0.08460158109664917,5.0797648429870605,0.882483959197998,23.396514177322388,0.037952423095703125,0.12320578098297119,3.457639694213867,0.5836889743804932,9.274638414382935,0.0,0.0,3.4308547973632812,0.5709991455078125,9.16372299194336,0.0,0.0,3.1173477172851562,0.46697235107421875,8.277885437011719,0.0,0.0,2.3880386352539062,0.3869056701660156,7.244022369384766,0.0,0.0,2.259754180908203,0.41215628385543823,7.6128427386283875,0.0,0.0,1.477447509765625,0.2927360534667969,6.20875358581543,0.0,0.0,1.8798847198486328,0.33885955810546875,8.17485523223877,0.0,0.0,2.080413818359375,0.401397705078125,7.356960296630859,0.0,0.0,2.413156509399414,0.46057891845703125,9.091751098632812,0.0,0.0,1.9078788757324219,0.3936882019042969,7.983536720275879,0.0,0.0,1.8501644134521484,0.43984031677246094,8.01044750213623,0.0,0.0,2.3027992248535156,0.4873847961425781,9.529328346252441,0.0,0.0,2.608293890953064,0.5498743057250977,10.29367482662201,0.0,0.0,1.9400849342346191,0.4409980773925781,8.321773052215576,0.0,0.0,2.1230335235595703,0.48984241485595703,8.905690968036652,0.0,0.0,2.4051339626312256,0.4826021194458008,10.509746551513672,0.0,0.0,1.835658311843872,0.39494800567626953,8.56082010269165,0.0,0.0,1.9161624908447266,0.3733997344970703,7.5209643840789795,0.0,0.0,1.7737939357757568,0.45920562744140625,8.183395147323608,0.0,0.0,1.5911694765090942,0.4837304353713989,7.2331544160842896,0.0,0.0,1.4057445526123047,0.36162567138671875,6.689995110034943,0.0,0.0,1.1756534576416016,0.34372711181640625,7.10272490978241,0.0,0.0,1.1976377964019775,0.331268310546875,6.086085319519043,0.0,0.0,1.2151412963867188,0.36269044876098633,6.485123872756958,0.0,0.0,1.5040874481201172,0.28481101989746094,6.232476055622101,0.0,0.0,1.8586750030517578,0.43272078037261963,8.770888924598694,0.0,0.0,1.8718862533569336,0.4524879455566406,8.166219711303711,0.0,0.0,2.2251176834106445,0.4162750244140625,9.86725902557373,0.0,0.0,2.587530255317688,0.5196883678436279,12.255398571491241,0.0,0.0
23,hallucinated,33,0.70166015625,5.575090050697327,0.941286563873291,27.997137308120728,0.010986030101776123,0.011422514915466309,5.165924549102783,0.8757526874542236,24.198878824710846,0.03456699848175049,0.08460158109664917,4.458448946475983,0.882483959197998,22.77519828081131,0.037952423095703125,0.12320578098297119,3.0036964416503906,0.5836889743804932,8.820695161819458,0.0,0.0,3.0005340576171875,0.5709991455078125,8.733402252197266,0.0,0.0,2.7053871154785156,0.46811676025390625,7.865924835205078,0.0,0.0,2.161376953125,0.39959716796875,7.017360687255859,0.0,0.0,1.9369592666625977,0.41215628385543823,7.290047824382782,0.0,0.0,1.4072265625,0.29515838623046875,6.138532638549805,0.0,0.0,1.7026443481445312,0.357177734375,7.997614860534668,0.0,0.0,1.7376594543457031,0.4287147521972656,7.0142059326171875,0.0,0.0,1.9838581085205078,0.4470405578613281,8.662452697753906,0.0,0.0,1.6003389358520508,0.3936882019042969,7.675996780395508,0.0,0.0,1.5890989303588867,0.43984031677246094,7.749382019042969,0.0,0.0,2.0677504539489746,0.5435028076171875,9.2942795753479,0.0,0.0,2.3289570808410645,0.6026477813720703,10.01433801651001,0.0,0.0,1.6875686645507812,0.4409980773925781,8.069256782531738,0.0,0.0,2.0026865005493164,0.42003536224365234,8.785343945026398,0.0,0.0,2.1693382263183594,0.4611196517944336,10.273950815200806,0.0,0.0,1.7659659385681152,0.4039154052734375,8.491127729415894,0.0,0.0,1.5702624320983887,0.3481285572052002,7.175064325332642,0.0,0.0,1.4870643615722656,0.3766937255859375,7.896665573120117,0.0,0.0,1.392568588256836,0.3720283508300781,7.034553527832031,0.0,0.0,1.2626018524169922,0.30051732063293457,6.54685240983963,0.0,0.0,0.9736404418945312,0.34372711181640625,6.900711894035339,0.0,0.0,1.0574297904968262,0.33177947998046875,5.945877313613892,0.0,0.0,1.1025123596191406,0.36269044876098633,6.37249493598938,0.0,0.0,1.1692545413970947,0.2829604148864746,5.897643148899078,0.0,0.0,1.8449636697769165,0.4473762512207031,8.757177591323853,0.0,0.0,1.7478551864624023,0.4524879455566406,8.04218864440918,0.0,0.0,1.9190254211425781,0.3994140625,9.561166763305664,0.0,0.0,2.282516837120056,0.5196883678436279,11.95038515329361,0.0,0.0
24,grounded,34,0.66796875,12.141200244426727,0.953120231628418,28.982782423496246,0.0003592967987060547,0.0003592967987060547,10.187312185764313,0.8734649419784546,23.794710338115692,0.01725482940673828,0.03484785556793213,9.936731696128845,0.8231620788574219,23.71059799194336,0.046683669090270996,0.1233397126197815,1.5521430969238281,0.1685028076171875,3.807811737060547,0.0,0.0,1.3483924865722656,0.1776580810546875,3.4380950927734375,0.0,0.0,1.5588417053222656,0.15148162841796875,3.690593719482422,0.0,0.0,2.0479068756103516,0.20669174194335938,4.201883316040039,0.0,0.0,2.625735282897949,0.2833070755004883,5.97054386138916,0.0,0.0,3.255202293395996,0.3608713150024414,6.641411781311035,0.0,0.0,4.090450286865234,0.3935070037841797,8.59365463256836,0.0,0.0,3.989887237548828,0.4296131134033203,7.727624893188477,0.0,0.0,4.841730117797852,0.4817523956298828,9.341560363769531,0.0,0.0,4.2423601150512695,0.41184234619140625,8.180631637573242,0.0,0.0,4.625951528549194,0.4436299800872803,8.268148183822632,0.0,0.0,4.9826250076293945,0.5120143890380859,9.92603588104248,0.0,0.0,5.457775115966797,0.6027355194091797,10.19373893737793,0.0,0.0,4.731581687927246,0.4443225860595703,9.140978813171387,0.0,0.0,5.120046675205231,0.5539616942405701,9.357298910617828,0.0,0.0,5.544586658477783,0.5419454574584961,10.576122760772705,0.0,0.0,4.624851703643799,0.48685503005981445,9.084997177124023,0.0,0.0,3.597455143928528,0.4191857576370239,7.417778134346008,0.0,0.0,4.320719957351685,0.46547186374664307,8.490656733512878,0.0,0.0,3.9025518894195557,0.4609222412109375,7.367995500564575,0.0,0.0,3.1393508911132812,0.385329008102417,6.4621195793151855,0.0,0.0,2.955977439880371,0.30043697357177734,6.412636697292328,0.0,0.0,2.349911689758301,0.329193115234375,6.011857986450195,0.0,0.0,2.925225257873535,0.3004570007324219,6.090008735656738,0.0,0.0,2.2420806884765625,0.2972412109375,5.385630369186401,0.0,0.0,3.167600393295288,0.3991127014160156,7.708323836326599,0.0,0.0,3.6302106380462646,0.4564955234527588,8.116870999336243,0.0,0.0,3.7716445922851562,0.43369483947753906,9.793449878692627,0.0,0.0,4.812430262565613,0.4710531234741211,11.470422327518463,0.0,0.0
24,hallucinated,31,0.72509765625,9.341373026371002,0.9529157876968384,26.18295520544052,0.0,0.0,7.7350576519966125,0.8734649419784546,21.342455804347992,0.01725482940673828,0.03484785556793213,7.074736475944519,0.8260831832885742,20.848602771759033,0.046683669090270996,0.20162063837051392,2.926121711730957,0.5919504165649414,5.181790351867676,0.0,0.0,3.0036773681640625,0.5795516967773438,5.093379974365234,0.0,0.0,2.78961181640625,0.44406890869140625,4.9214935302734375,0.0,0.0,2.4413270950317383,0.34871673583984375,4.595341682434082,0.0,0.0,2.8214606046676636,0.4446457624435425,6.166444659233093,0.0,0.0,2.3721561431884766,0.3607025146484375,5.758563995361328,0.0,0.0,2.9500484466552734,0.3930397033691406,7.452177047729492,0.0,0.0,2.966343879699707,0.42935752868652344,6.704131126403809,0.0,0.0,3.4317359924316406,0.481658935546875,7.931732177734375,0.0,0.0,3.132246494293213,0.4498891830444336,7.070239543914795,0.0,0.0,3.691789388656616,0.4802436828613281,7.333359479904175,0.0,0.0,3.5392513275146484,0.503326416015625,8.481866359710693,0.0,0.0,3.7228546142578125,0.5345802307128906,8.460047721862793,0.0,0.0,3.3795690536499023,0.4566354751586914,7.787961006164551,0.0,0.0,3.5201879143714905,0.5541136860847473,7.755678713321686,0.0,0.0,3.9439005851745605,0.5232315063476562,8.975593090057373,0.0,0.0,3.3636515140533447,0.48656630516052246,7.8231284618377686,0.0,0.0,2.857216238975525,0.41914689540863037,6.678219854831696,0.0,0.0,3.199646472930908,0.46512067317962646,7.36896026134491,0.0,0.0,2.856548547744751,0.4609203338623047,6.321681261062622,0.0,0.0,2.3397836685180664,0.38532280921936035,5.662604093551636,0.0,0.0,2.458853244781494,0.37033605575561523,5.914152145385742,0.0,0.0,1.816556453704834,0.32907867431640625,5.477691411972046,0.0,0.0,2.2099742889404297,0.3455963134765625,5.373783111572266,0.0,0.0,1.9557342529296875,0.3038978576660156,5.099654197692871,0.0,0.0,2.524106025695801,0.40242671966552734,7.064111351966858,0.0,0.0,2.744641065597534,0.49599671363830566,7.231800556182861,0.0,0.0,2.7984249591827393,0.4342374801635742,8.820780992507935,0.0,0.0,3.5277547240257263,0.46751677989959717,10.185871362686157,0.0,0.0
25,grounded,31,0.61767578125,15.719595789909363,0.949333906173706,26.214783787727356,0.0,0.0,12.857497155666351,0.8531229496002197,20.518450021743774,0.025840818881988525,0.08613055944442749,12.68509066104889,0.8436136245727539,20.226128935813904,0.05544281005859375,0.08679342269897461,1.8674354553222656,0.16351318359375,3.304443359375,0.0,0.0,1.7872962951660156,0.15952301025390625,2.966960906982422,0.0,0.0,1.8890113830566406,0.16672897338867188,3.1896934509277344,0.0,0.0,2.2914657592773438,0.20147705078125,3.7840728759765625,0.0,0.0,3.2098464965820312,0.29230499267578125,5.088111877441406,0.0,0.0,3.784743309020996,0.3524055480957031,6.220605850219727,0.0,0.0,4.6441802978515625,0.37510108947753906,7.400991916656494,0.0,0.0,4.770096182823181,0.40270233154296875,7.092611193656921,0.0,0.0,5.286716461181641,0.4660224914550781,7.941324234008789,0.0,0.0,4.331916809082031,0.37360382080078125,7.0864362716674805,0.0,0.0,4.68709659576416,0.41355133056640625,6.8320512771606445,0.0,0.0,6.30600643157959,0.5568370819091797,9.349484920501709,0.0,0.0,6.442471027374268,0.5591421127319336,9.097521305084229,0.0,0.0,5.838925361633301,0.4870891571044922,8.442713737487793,0.0,0.0,5.088181972503662,0.41620826721191406,7.144040584564209,0.0,0.0,6.474367022514343,0.5328572988510132,9.310351729393005,0.0,0.0,5.126535892486572,0.4706001281738281,7.912795066833496,0.0,0.0,4.817025303840637,0.38767290115356445,6.895248174667358,0.0,0.0,5.329989671707153,0.43953418731689453,7.72362208366394,0.0,0.0,4.37285590171814,0.4123058319091797,6.569932699203491,0.0,0.0,4.023051142692566,0.3987421989440918,6.018411636352539,0.0,0.0,3.8152776956558228,0.33522796630859375,5.847167551517487,0.0,0.0,2.956645965576172,0.3648681640625,5.184943318367004,0.0,0.0,3.3296000957489014,0.3014564514160156,5.3445961475372314,0.0,0.0,2.8700149059295654,0.3119983673095703,4.989297151565552,0.0,0.0,4.409269869327545,0.44767677783966064,7.4120341539382935,0.0,0.0,5.003539443016052,0.5149002075195312,7.679870963096619,0.0,0.0,5.461346089839935,0.45963382720947266,8.936826884746552,0.0,0.0,6.711826324462891,0.5911120176315308,10.969911873340607,0.0,0.0
25,hallucinated,28,0.74658203125,12.8938969373703,0.9425417184829712,23.389084935188293,0.003874659538269043,0.005742192268371582,10.048034131526947,0.8268651962280273,17.70898699760437,0.024946153163909912,0.0642436146736145,9.650277972221375,0.8231137990951538,17.19131624698639,0.05544281005859375,0.09383416175842285,1.5859603881835938,0.1777801513671875,3.022968292236328,0.0,0.0,1.2709503173828125,0.15952301025390625,2.4506149291992188,0.0,0.0,1.6360340118408203,0.16130828857421875,2.936716079711914,0.0,0.0,1.8187332153320312,0.20277786254882812,3.31134033203125,0.0,0.0,2.703519344329834,0.27170562744140625,4.581784725189209,0.0,0.0,3.500894546508789,0.3958892822265625,5.9367570877075195,0.0,0.0,3.8611087799072266,0.3607826232910156,6.617920398712158,0.0,0.0,4.311186790466309,0.4722938537597656,6.633701801300049,0.0,0.0,4.564467430114746,0.44622135162353516,7.2190752029418945,0.0,0.0,4.211344003677368,0.5118136405944824,6.965863466262817,0.0,0.0,4.518835067749023,0.5220499038696289,6.663789749145508,0.0,0.0,4.980661630630493,0.5016078948974609,8.024140119552612,0.0,0.0,5.286149501800537,0.5839791297912598,7.941199779510498,0.0,0.0,4.199801445007324,0.4222679138183594,6.803589820861816,0.0,0.0,3.8614931106567383,0.43477630615234375,5.917351722717285,0.0,0.0,4.996902227401733,0.5236740112304688,7.8328869342803955,0.0,0.0,5.161836862564087,0.536440372467041,7.948096036911011,0.0,0.0,3.6642873883247375,0.3851128816604614,5.742510259151459,0.0,0.0,3.9012451767921448,0.4246535301208496,6.294877588748932,0.0,0.0,3.7754149436950684,0.38710975646972656,5.97249174118042,0.0,0.0,2.6228981018066406,0.3380622863769531,4.618258595466614,0.0,0.0,2.9774410724639893,0.30004405975341797,5.009330928325653,0.0,0.0,2.9518743753433228,0.3418388366699219,5.180171728134155,0.0,0.0,2.584935188293457,0.2632160186767578,4.599931240081787,0.0,0.0,2.672286033630371,0.3018302917480469,4.791568279266357,0.0,0.0,3.708217144012451,0.4258098602294922,6.7109814286231995,0.0,0.0,3.6131296157836914,0.40955162048339844,6.289461135864258,0.0,0.0,4.595706105232239,0.44968509674072266,8.071186900138855,0.0,0.0,5.3695990443229675,0.4676021933555603,9.627684593200684,0.0,0.0
26,grounded,33,0.75634765625,14.870960712432861,0.9464073181152344,28.074384212493896,0.0156252384185791,0.02738058567047119,13.08024263381958,0.8814601898193359,23.887894570827484,0.021258413791656494,0.03124004602432251,12.909182906150818,0.8854085206985474,23.528085947036743,0.037734150886535645,0.04977524280548096,1.9148883819580078,0.1909008026123047,3.7811756134033203,0.0,0.0,1.5327606201171875,0.17704391479492188,3.0990562438964844,0.0,0.0,1.6903133392333984,0.16704368591308594,3.3326873779296875,0.0,0.0,2.0026626586914062,0.20014190673828125,3.9504547119140625,0.0,0.0,2.981273651123047,0.26924896240234375,5.3995208740234375,0.0,0.0,3.5394420623779297,0.38268089294433594,6.50714111328125,0.0,0.0,3.7768259048461914,0.3549222946166992,7.229998588562012,0.0,0.0,5.080095291137695,0.4641380310058594,8.378053665161133,0.0,0.0,5.175403594970703,0.4969673156738281,8.362449645996094,0.0,0.0,5.021729350090027,0.4813823699951172,8.253119111061096,0.0,0.0,5.111847877502441,0.4994792938232422,7.83211612701416,0.0,0.0,5.709264039993286,0.5501632690429688,9.42609715461731,0.0,0.0,5.800384044647217,0.5791168212890625,9.12070894241333,0.0,0.0,4.879343032836914,0.4778785705566406,8.371683120727539,0.0,0.0,4.962928056716919,0.4603862762451172,7.762929201126099,0.0,0.0,4.908028602600098,0.48182106018066406,8.253546714782715,0.0,0.0,5.234091401100159,0.5099306106567383,8.591806769371033,0.0,0.0,4.754448890686035,0.5327140092849731,7.543859481811523,0.0,0.0,4.14249324798584,0.39644956588745117,7.147762775421143,0.0,0.0,4.164002418518066,0.4248046875,6.895201683044434,0.0,0.0,3.5014519691467285,0.33654069900512695,6.123772501945496,0.0,0.0,3.49030601978302,0.3295774459838867,6.047006249427795,0.0,0.0,3.000765562057495,0.3127422332763672,5.757965803146362,0.0,0.0,3.04871928691864,0.33612823486328125,5.805426478385925,0.0,0.0,3.202341914176941,0.3957090377807617,6.139503598213196,0.0,0.0,4.086122155189514,0.41781651973724365,8.093970894813538,0.0,0.0,3.9753689765930176,0.4717254638671875,7.418295621871948,0.0,0.0,5.389820098876953,0.5340045690536499,10.086166620254517,0.0,0.0,5.868508756160736,0.6177481412887573,11.493720769882202,0.0,0.0
26,hallucinated,32,0.74609375,13.863544702529907,0.9451340436935425,27.066968202590942,0.015456438064575195,0.029513657093048096,12.478681862354279,0.8959804177284241,23.286333799362183,0.013914942741394043,0.02450805902481079,12.436461687088013,0.8967608213424683,23.055364727973938,0.037734150886535645,0.04565441608428955,1.8840866088867188,0.17644500732421875,3.7503738403320312,0.0,0.0,1.5407562255859375,0.17704391479492188,3.1070518493652344,0.0,0.0,1.7413091659545898,0.15888404846191406,3.383683204650879,0.0,0.0,2.1131057739257812,0.188629150390625,4.0608978271484375,0.0,0.0,3.1932549476623535,0.2563972473144531,5.611502170562744,0.0,0.0,3.9000110626220703,0.3729667663574219,6.867710113525391,0.0,0.0,4.500749588012695,0.4085674285888672,7.953922271728516,0.0,0.0,5.624909400939941,0.4800567626953125,8.922867774963379,0.0,0.0,5.754527568817139,0.4823417663574219,8.94157361984253,0.0,0.0,5.448851823806763,0.46146726608276367,8.680241584777832,0.0,0.0,5.555505037307739,0.4691123962402344,8.275773286819458,0.0,0.0,5.993155896663666,0.5373010635375977,9.70998901128769,0.0,0.0,5.931096076965332,0.5516538619995117,9.251420974731445,0.0,0.0,5.091455459594727,0.4444580078125,8.583795547485352,0.0,0.0,4.817303657531738,0.42032527923583984,7.617304801940918,0.0,0.0,4.975165843963623,0.47074317932128906,8.32068395614624,0.0,0.0,5.272000312805176,0.4588322639465332,8.62971568107605,0.0,0.0,4.5108038783073425,0.40637969970703125,7.300214469432831,0.0,0.0,4.1391072273254395,0.39644956588745117,7.144376754760742,0.0,0.0,4.098407745361328,0.4248046875,6.829607009887695,0.0,0.0,3.2062482833862305,0.3212871551513672,5.828568816184998,0.0,0.0,3.5306992530822754,0.32161569595336914,6.087399482727051,0.0,0.0,3.382758617401123,0.3531227111816406,6.13995885848999,0.0,0.0,3.142810821533203,0.33612823486328125,5.899518013000488,0.0,0.0,3.2851922512054443,0.3957090377807617,6.222353935241699,0.0,0.0,4.208209991455078,0.41573119163513184,8.216058731079102,0.0,0.0,4.245169639587402,0.4717254638671875,7.688096284866333,0.0,0.0,5.348288297653198,0.5340045690536499,10.044634819030762,0.0,0.0,5.588697850704193,0.6177481412887573,11.21390986442566,0.0,0.0
27,grounded,32,0.75,15.782684445381165,0.9523556232452393,27.159277319908142,0.00455474853515625,0.006632328033447266,13.709596455097198,0.8615518808364868,23.24353802204132,0.05379462242126465,0.07481646537780762,11.31808465719223,0.8182740211486816,20.837408661842346,0.05798804759979248,0.05798804759979248,8.407891273498535,0.5861977338790894,11.82005774974823,0.0,0.0,8.589336395263672,0.5732345581054688,12.014842987060547,0.0,0.0,7.7772674560546875,0.4954376220703125,10.713092803955078,0.0,0.0,6.081016540527344,0.41098785400390625,8.59912109375,0.0,0.0,5.4685797691345215,0.412716805934906,8.414414823055267,0.0,0.0,3.639725685119629,0.27808380126953125,6.030665397644043,0.0,0.0,4.835969924926758,0.4132843017578125,7.836449146270752,0.0,0.0,4.631199836730957,0.37844085693359375,7.13271427154541,0.0,0.0,5.191187858581543,0.4376354217529297,8.017146110534668,0.0,0.0,4.556609153747559,0.3498649597167969,7.0960798263549805,0.0,0.0,5.5100401639938354,0.43268048763275146,8.043317675590515,0.0,0.0,6.012696266174316,0.5182075500488281,9.144230842590332,0.0,0.0,6.062168121337891,0.5461502075195312,9.10589599609375,0.0,0.0,5.062228202819824,0.45174264907836914,8.036896705627441,0.0,0.0,4.646335959434509,0.45790016651153564,7.491546034812927,0.0,0.0,5.846966743469238,0.47966957092285156,9.302228927612305,0.0,0.0,4.6252875328063965,0.40087413787841797,7.5401411056518555,0.0,0.0,3.7089695930480957,0.326324462890625,6.238597869873047,0.0,0.0,4.230002403259277,0.4039463996887207,7.157260417938232,0.0,0.0,4.1822474002838135,0.3994560241699219,7.039456129074097,0.0,0.0,3.7493362426757812,0.3694744110107422,6.272149562835693,0.0,0.0,3.9840972423553467,0.3622093200683594,6.945695161819458,0.0,0.0,4.07363748550415,0.3528022766113281,6.72295880317688,0.0,0.0,3.908602714538574,0.3487567901611328,6.461669921875,0.0,0.0,4.254650831222534,0.4472637176513672,6.821746587753296,0.0,0.0,5.321670413017273,0.5192389488220215,8.553683400154114,0.0,0.0,5.619441747665405,0.47144603729248047,8.578157186508179,0.0,0.0,7.246419370174408,0.5306243896484375,10.885389745235443,0.0,0.0,7.563390076160431,0.6651824712753296,12.044888615608215,0.0,0.0
27,hallucinated,31,0.74169921875,14.846843957901001,0.9508930444717407,26.22343683242798,0.007406473159790039,0.009940505027770996,12.775652468204498,0.8447946310043335,22.30959403514862,0.05379462242126465,0.06578654050827026,10.467622578144073,0.8182740211486816,19.98694658279419,0.05798804759979248,0.05798804759979248,7.916386604309082,0.5861977338790894,11.328579783439636,0.0,0.0,8.07052993774414,0.5732345581054688,11.496044158935547,0.0,0.0,7.318393707275391,0.4936027526855469,10.254268646240234,0.0,0.0,5.755136489868164,0.4110755920410156,8.273462295532227,0.0,0.0,5.154983997344971,0.412716805934906,8.101305425167084,0.0,0.0,3.425812244415283,0.27420806884765625,5.816521167755127,0.0,0.0,4.576183319091797,0.3902397155761719,7.576671600341797,0.0,0.0,4.373122453689575,0.39694976806640625,6.87455677986145,0.0,0.0,5.0115966796875,0.44780731201171875,7.837514877319336,0.0,0.0,4.343997001647949,0.36984825134277344,6.8831682205200195,0.0,0.0,5.1266701221466064,0.43616795539855957,7.659545183181763,0.0,0.0,5.747528791427612,0.5255594253540039,8.87890887260437,0.0,0.0,5.603900194168091,0.5622653961181641,8.64698338508606,0.0,0.0,4.789036750793457,0.4560427665710449,7.763155937194824,0.0,0.0,4.329438090324402,0.4580512046813965,7.1741942167282104,0.0,0.0,5.435225486755371,0.4593391418457031,8.890724182128906,0.0,0.0,4.39454984664917,0.38291168212890625,7.308783054351807,0.0,0.0,3.5300607681274414,0.33190155029296875,6.059431314468384,0.0,0.0,3.977133274078369,0.40372467041015625,6.903814792633057,0.0,0.0,3.856342315673828,0.3991718292236328,6.713583469390869,0.0,0.0,3.454080581665039,0.3692607879638672,5.9767632484436035,0.0,0.0,3.816310167312622,0.3618354797363281,6.777588605880737,0.0,0.0,3.8647619485855103,0.35257720947265625,6.5138853788375854,0.0,0.0,3.6670851707458496,0.36183929443359375,6.2199625968933105,0.0,0.0,4.042054653167725,0.4261741638183594,6.608520030975342,0.0,0.0,4.904970049858093,0.5132064819335938,8.136454701423645,0.0,0.0,5.1313430070877075,0.4546489715576172,8.090058445930481,0.0,0.0,6.59540319442749,0.5235645771026611,10.233903408050537,0.0,0.0,6.93974095582962,0.6654475927352905,11.420727670192719,0.0,0.0
28,grounded,39,0.67333984375,14.024860322475433,0.9632670283317566,33.608236491680145,0.007830381393432617,0.022261440753936768,12.350766062736511,0.912905752658844,29.02147650718689,0.028217971324920654,0.08384895324707031,12.712136149406433,0.8962440490722656,30.16242390871048,0.04226863384246826,0.07523518800735474,2.0717620849609375,0.21696186065673828,4.535608291625977,0.0,0.0,1.628875732421875,0.155853271484375,3.809417247772217,0.0,0.0,1.838205337524414,0.18492889404296875,4.036348342895508,0.0,0.0,2.0314788818359375,0.20764923095703125,4.563892364501953,0.0,0.0,2.995992660522461,0.2984657287597656,6.580514907836914,0.0,0.0,3.7659716606140137,0.40042686462402344,7.205014705657959,0.0,0.0,4.2286577224731445,0.3676643371582031,9.334778785705566,0.0,0.0,4.433553695678711,0.4309806823730469,9.226285934448242,0.0,0.0,5.332133173942566,0.553191065788269,10.822001338005066,0.0,0.0,4.473116397857666,0.4738163948059082,9.319149494171143,0.0,0.0,4.490348815917969,0.4439964294433594,9.663650512695312,0.0,0.0,5.127326011657715,0.4813346862792969,11.406136512756348,0.0,0.0,5.751990437507629,0.5539509057998657,11.90689766407013,0.0,0.0,4.7521562576293945,0.45211029052734375,9.965445518493652,0.0,0.0,4.8804826736450195,0.46146583557128906,9.822015523910522,0.0,0.0,5.260812997817993,0.42185211181640625,11.079603672027588,0.0,0.0,4.000422477722168,0.3648681640625,8.660502195358276,0.0,0.0,3.9075398445129395,0.48975276947021484,8.394232749938965,0.0,0.0,4.002259373664856,0.38118934631347656,8.933906435966492,0.0,0.0,3.387207269668579,0.38374900817871094,8.097164928913116,0.0,0.0,3.502142071723938,0.33901500701904297,7.922242522239685,0.0,0.0,2.9908478260040283,0.37231969833374023,7.644095182418823,0.0,0.0,2.8366549015045166,0.31064605712890625,6.776974976062775,0.0,0.0,2.9802441596984863,0.3145484924316406,6.842740535736084,0.0,0.0,3.00495046377182,0.3161277770996094,6.570368587970734,0.0,0.0,4.47414493560791,0.39644813537597656,9.048239469528198,0.0,0.0,4.733899354934692,0.4619626998901367,10.08984625339508,0.0,0.0,6.779560744762421,0.6301226615905762,13.01729303598404,0.0,0.0,7.50816011428833,0.6721336841583252,15.456548988819122,0.0,0.0
28,hallucinated,38,0.70263671875,13.084258675575256,0.961860179901123,32.66763484477997,0.007830381393432617,0.020030617713928223,11.436745285987854,0.912905752658844,28.107455730438232,0.028217971324920654,0.08680522441864014,11.755724787712097,0.8962440490722656,29.206012547016144,0.04226863384246826,0.06380748748779297,1.9368362426757812,0.21696186065673828,4.40068244934082,0.0,0.0,1.5044326782226562,0.155853271484375,3.684974193572998,0.0,0.0,1.7114582061767578,0.18492889404296875,3.9096012115478516,0.0,0.0,1.90875244140625,0.20764923095703125,4.441165924072266,0.0,0.0,2.8023681640625,0.28205108642578125,6.386890411376953,0.0,0.0,3.38950252532959,0.40042686462402344,6.828545570373535,0.0,0.0,3.946260452270508,0.3676643371582031,9.05238151550293,0.0,0.0,4.304296493530273,0.4309806823730469,9.097028732299805,0.0,0.0,5.036101698875427,0.553191065788269,10.525969862937927,0.0,0.0,4.286989688873291,0.4738163948059082,9.133022785186768,0.0,0.0,4.358832836151123,0.48572540283203125,9.532134532928467,0.0,0.0,4.731502532958984,0.4813346862792969,11.010313034057617,0.0,0.0,5.201690316200256,0.5539509057998657,11.356597542762756,0.0,0.0,4.413158893585205,0.46106481552124023,9.626448154449463,0.0,0.0,4.282895088195801,0.46146583557128906,9.224427938461304,0.0,0.0,4.854282379150391,0.44837379455566406,10.673073053359985,0.0,0.0,3.622178077697754,0.3648681640625,8.282257795333862,0.0,0.0,3.5024518966674805,0.48975276947021484,7.989144802093506,0.0,0.0,3.376212239265442,0.38118934631347656,8.307859301567078,0.0,0.0,3.0341765880584717,0.38374900817871094,7.744134247303009,0.0,0.0,3.187739610671997,0.3225581645965576,7.607840061187744,0.0,0.0,2.868340849876404,0.37231969833374023,7.521588206291199,0.0,0.0,2.8180859088897705,0.3280916213989258,6.758405983448029,0.0,0.0,2.7275004386901855,0.3145484924316406,6.589996814727783,0.0,0.0,2.6336679458618164,0.3161277770996094,6.19908607006073,0.0,0.0,3.9899442195892334,0.3999061584472656,8.564038753509521,0.0,0.0,4.148407280445099,0.455780029296875,9.504354178905487,0.0,0.0,5.991468846797943,0.6505661010742188,12.229201138019562,0.0,0.0,6.706916630268097,0.6622259616851807,14.65530550479889,0.0,0.0
29,grounded,34,0.677734375,9.45534634590149,0.9580955505371094,29.152753174304962,0.0016775131225585938,0.003209233283996582,8.13366025686264,0.8346665501594543,23.74206894636154,0.009981632232666016,0.009981632232666016,8.030483961105347,0.8269729614257812,23.216726064682007,0.039141952991485596,0.051171958446502686,1.4063186645507812,0.16505813598632812,4.12116813659668,0.0,0.0,1.2093925476074219,0.18805313110351562,3.6499385833740234,0.0,0.0,1.1076011657714844,0.1938018798828125,3.683856964111328,0.0,0.0,1.4510650634765625,0.2758293151855469,4.688779830932617,0.0,0.0,2.041013717651367,0.2802162170410156,5.814069747924805,0.0,0.0,2.531362533569336,0.3447532653808594,7.234680414199829,0.0,0.0,2.5543556213378906,0.3996133804321289,8.729385375976562,0.0,0.0,2.729564666748047,0.3908729553222656,7.555925369262695,0.0,0.0,3.2614059448242188,0.4443397521972656,8.6900053024292,0.0,0.0,3.102456569671631,0.4035773277282715,8.144961833953857,0.0,0.0,3.4392852783203125,0.4161338806152344,8.079166412353516,0.0,0.0,4.244046211242676,0.484332799911499,10.317398309707642,0.0,0.0,3.8415145874023438,0.46161842346191406,9.194323539733887,0.0,0.0,3.7495638132095337,0.47257471084594727,8.95968496799469,0.0,0.0,4.148366451263428,0.5322980880737305,8.75490427017212,0.0,0.0,3.953702211380005,0.4399566650390625,9.233891904354095,0.0,0.0,3.534177780151367,0.4757194519042969,8.979778409004211,0.0,0.0,2.473970413208008,0.35491371154785156,6.440911293029785,0.0,0.0,3.510427474975586,0.4597301483154297,8.250670552253723,0.0,0.0,2.992710590362549,0.4681634306907654,7.2696327567100525,0.0,0.0,1.7662487030029297,0.3252955675125122,5.698522925376892,0.0,0.0,2.2643134593963623,0.33216702938079834,6.688183903694153,0.0,0.0,1.8329079151153564,0.29703330993652344,6.087538242340088,0.0,0.0,2.2771806716918945,0.36707305908203125,6.793804466724396,0.0,0.0,1.8339166641235352,0.37140119075775146,6.62282794713974,0.0,0.0,2.6353721618652344,0.42257022857666016,8.597485184669495,0.0,0.0,2.487456977367401,0.41309165954589844,8.38748699426651,0.0,0.0,3.077219009399414,0.4878345727920532,10.401643812656403,0.0,0.0,3.610541045665741,0.5017086267471313,11.828416526317596,0.0,0.0
29,hallucinated,46,0.8310546875,20.838436007499695,0.9652767181396484,40.53584283590317,0.01774454116821289,0.028062164783477783,18.316164553165436,0.8961997628211975,33.92457324266434,0.009981632232666016,0.009981632232666016,17.899460196495056,0.8966213464736938,33.085702300071716,0.039141952991485596,0.051171958446502686,2.6780529022216797,0.17826080322265625,5.392902374267578,0.0,0.0,2.5048866271972656,0.17075347900390625,4.945432662963867,0.0,0.0,2.6378173828125,0.19484710693359375,5.214073181152344,0.0,0.0,3.3324222564697266,0.2758293151855469,6.570137023925781,0.0,0.0,4.659915745258331,0.27605676651000977,8.432971775531769,0.0,0.0,5.956784248352051,0.4074411392211914,10.660102128982544,0.0,0.0,7.397981643676758,0.45409584045410156,13.57301139831543,0.0,0.0,7.385127067565918,0.5324230194091797,12.211487770080566,0.0,0.0,8.731747448444366,0.5788812041282654,14.160346806049347,0.0,0.0,7.587347209453583,0.5251249670982361,12.62985247373581,0.0,0.0,8.25577026605606,0.6203951835632324,12.895651400089264,0.0,0.0,8.543596148490906,0.6343164443969727,14.616948246955872,0.0,0.0,7.996693789958954,0.5188026428222656,13.349502742290497,0.0,0.0,6.841512680053711,0.47512245178222656,12.051633834838867,0.0,0.0,6.491583585739136,0.4912581443786621,11.098121404647827,0.0,0.0,7.646736145019531,0.4907093048095703,12.926925837993622,0.0,0.0,8.517717242240906,0.5064481496810913,13.96331787109375,0.0,0.0,6.110944509506226,0.43241405487060547,10.077885389328003,0.0,0.0,5.634872913360596,0.4310340881347656,10.375115990638733,0.0,0.0,5.388330459594727,0.4681634306907654,9.66525262594223,0.0,0.0,4.850509166717529,0.3586864471435547,8.782783389091492,0.0,0.0,5.375398814678192,0.41354942321777344,9.799269258975983,0.0,0.0,4.647886753082275,0.35819339752197266,8.902517080307007,0.0,0.0,4.787675976753235,0.36707305908203125,9.304299771785736,0.0,0.0,5.3346298933029175,0.4058758020401001,10.123541176319122,0.0,0.0,6.4502434730529785,0.42832088470458984,12.412356495857239,0.0,0.0,6.795551598072052,0.4650726318359375,12.695581614971161,0.0,0.0,8.055844902992249,0.49852752685546875,15.380269706249237,0.0,0.0,8.456059694290161,0.5326937437057495,16.673935174942017,0.0,0.0
30,grounded,39,0.6357421875,19.587108194828033,0.9559979438781738,33.73949205875397,0.005425095558166504,0.008598029613494873,16.926567137241364,0.8743614554405212,28.31005835533142,0.020066022872924805,0.020066022872924805,16.263630032539368,0.8735082149505615,27.620773017406464,0.05624246597290039,0.142194926738739,2.310141086578369,0.18077850341796875,4.254293918609619,0.0,0.0,2.0094032287597656,0.168609619140625,3.6607398986816406,0.0,0.0,2.3009681701660156,0.1678619384765625,4.022350311279297,0.0,0.0,2.9310302734375,0.22152328491210938,5.046974182128906,0.0,0.0,3.8981266021728516,0.3078727722167969,6.542478561401367,0.0,0.0,4.540899276733398,0.3675880432128906,7.608480453491211,0.0,0.0,5.387327194213867,0.36160850524902344,9.236724853515625,0.0,0.0,6.7269206047058105,0.4724159240722656,10.033904552459717,0.0,0.0,7.526398658752441,0.5302295684814453,11.290157318115234,0.0,0.0,6.530904769897461,0.5131874084472656,10.127495765686035,0.0,0.0,6.838441848754883,0.5455718040466309,10.193246841430664,0.0,0.0,8.017926692962646,0.5786361694335938,12.127273082733154,0.0,0.0,8.07610309123993,0.5948095321655273,11.917304873466492,0.0,0.0,7.060915946960449,0.5255746841430664,10.913800239562988,0.0,0.0,7.019277572631836,0.49784040451049805,10.182242393493652,0.0,0.0,7.493706226348877,0.542628288269043,11.403900623321533,0.0,0.0,7.168913304805756,0.5858184099197388,11.029445588588715,0.0,0.0,5.9247207045555115,0.49794578552246094,8.754823625087738,0.0,0.0,5.591557502746582,0.4287261962890625,8.996030330657959,0.0,0.0,5.570921719074249,0.42871832847595215,8.490794003009796,0.0,0.0,4.315297603607178,0.3571639060974121,7.165899276733398,0.0,0.0,4.360591173171997,0.3460894823074341,7.160529375076294,0.0,0.0,3.732929229736328,0.3397045135498047,6.715839862823486,0.0,0.0,3.6392365097999573,0.27483367919921875,6.437059462070465,0.0,0.0,3.850664734840393,0.3519287109375,6.944846272468567,0.0,0.0,4.833124160766602,0.3871345520019531,8.696077823638916,0.0,0.0,5.126518607139587,0.42049598693847656,8.831185698509216,0.0,0.0,6.349641561508179,0.4021873474121094,11.165083050727844,0.0,0.0,7.343341290950775,0.45662522315979004,13.103438973426819,0.0,0.0
30,hallucinated,33,0.6484375,13.946879208087921,0.9531235098838806,28.099263072013855,0.0024590492248535156,0.003481924533843994,11.860302984714508,0.8538209199905396,23.243794202804565,0.020066022872924805,0.020066022872924805,11.310132384300232,0.8599134683609009,22.667275369167328,0.05624246597290039,0.142194926738739,1.6305313110351562,0.1786346435546875,3.5746841430664062,0.0,0.0,1.5693893432617188,0.168609619140625,3.2207260131835938,0.0,0.0,1.749643325805664,0.157012939453125,3.4710254669189453,0.0,0.0,2.0117950439453125,0.21315765380859375,4.127738952636719,0.0,0.0,2.6953840255737305,0.3078727722167969,5.339735984802246,0.0,0.0,3.179194450378418,0.3729972839355469,6.2467756271362305,0.0,0.0,3.946552276611328,0.36160850524902344,7.795949935913086,0.0,0.0,4.995405554771423,0.46987152099609375,8.30238950252533,0.0,0.0,5.585270881652832,0.5203533172607422,9.349029541015625,0.0,0.0,4.972694396972656,0.5058689117431641,8.56928539276123,0.0,0.0,5.4099613428115845,0.521558403968811,8.764766335487366,0.0,0.0,5.872864246368408,0.5729103088378906,9.982210636138916,0.0,0.0,5.871807336807251,0.5545892715454102,9.713009119033813,0.0,0.0,5.030064582824707,0.46317291259765625,8.882948875427246,0.0,0.0,5.001144886016846,0.4760704040527344,8.164109706878662,0.0,0.0,5.3759095668792725,0.5086286067962646,9.286103963851929,0.0,0.0,5.629601001739502,0.5670738220214844,9.490133285522461,0.0,0.0,4.366341710090637,0.48955702781677246,7.196444630622864,0.0,0.0,4.197165489196777,0.39971351623535156,7.601638317108154,0.0,0.0,3.9779109954833984,0.45540499687194824,6.897783279418945,0.0,0.0,3.196758270263672,0.33296680450439453,6.047359943389893,0.0,0.0,3.2356961965560913,0.3173868656158447,6.035634398460388,0.0,0.0,2.787870407104492,0.3371734619140625,5.77078104019165,0.0,0.0,2.7943763732910156,0.27483367919921875,5.592199325561523,0.0,0.0,2.661611557006836,0.33368682861328125,5.75579309463501,0.0,0.0,3.486164093017578,0.3593940734863281,7.349117755889893,0.0,0.0,3.7293734550476074,0.4437260627746582,7.434040546417236,0.0,0.0,4.698480129241943,0.4052600860595703,9.513921618461609,0.0,0.0,5.261342942714691,0.45662522315979004,11.021440625190735,0.0,0.0
31,grounded,32,0.80908203125,13.865875124931335,0.9561775922775269,27.11194485425949,0.0076181888580322266,0.01648390293121338,12.44819176197052,0.8806341290473938,23.87008911371231,0.07323813438415527,0.1646406054496765,10.799307644367218,0.8327145576477051,21.396857976913452,0.0858536958694458,0.10832011699676514,8.663620948791504,0.6670188903808594,14.69619631767273,0.0,0.0,8.641158103942871,0.6593704223632812,14.502650260925293,0.0,0.0,7.84153938293457,0.5953445434570312,13.034242630004883,0.0,0.0,6.362373352050781,0.5138969421386719,10.595767974853516,0.0,0.0,5.850859582424164,0.5047096610069275,10.02123647928238,0.0,0.0,3.8347225189208984,0.3785972595214844,6.792860984802246,0.0,0.0,4.253603458404541,0.4193878173828125,8.153602600097656,0.0,0.0,4.80656623840332,0.4075489044189453,8.188310623168945,0.0,0.0,5.314693450927734,0.4871511459350586,9.098480224609375,0.0,0.0,4.331947088241577,0.42526817321777344,7.654676198959351,0.0,0.0,5.062560081481934,0.49295806884765625,8.450763702392578,0.0,0.0,4.673317909240723,0.4128131866455078,8.867718696594238,0.0,0.0,6.078011512756348,0.5888257026672363,10.238469123840332,0.0,0.0,5.485345840454102,0.4502983093261719,9.191644668579102,0.0,0.0,4.932674169540405,0.442476749420166,8.357413053512573,0.0,0.0,5.227995157241821,0.45279502868652344,9.4522545337677,0.0,0.0,5.833617925643921,0.5035457611083984,9.318458557128906,0.0,0.0,4.753812789916992,0.41501379013061523,7.978243827819824,0.0,0.0,4.652289390563965,0.43017148971557617,7.995785713195801,0.0,0.0,4.543353736400604,0.4030580520629883,7.556847274303436,0.0,0.0,3.409223794937134,0.359036922454834,5.8626344203948975,0.0,0.0,3.4372220039367676,0.3017005920410156,6.138657093048096,0.0,0.0,3.1368085145950317,0.3112659454345703,6.011359453201294,0.0,0.0,3.0031418800354004,0.3425445556640625,5.645132541656494,0.0,0.0,3.230829954147339,0.35123443603515625,5.96724271774292,0.0,0.0,4.084648311138153,0.42855024337768555,7.8173394203186035,0.0,0.0,3.6417908668518066,0.42183876037597656,6.749819397926331,0.0,0.0,5.942859411239624,0.6413669586181641,10.206933856010437,0.0,0.0,6.749921977519989,0.6938130855560303,12.632108509540558,0.0,0.0
31,hallucinated,32,0.79296875,13.912647783756256,0.9581432342529297,27.15871751308441,0.014659523963928223,0.02512228488922119,12.596839368343353,0.8887889981269836,24.018736720085144,0.07323813438415527,0.1625930666923523,10.748899698257446,0.8319683074951172,21.34645003080368,0.0858536958694458,0.10832011699676514,8.682569742202759,0.6602210998535156,14.715145111083984,0.0,0.0,8.65018081665039,0.6615524291992188,14.511672973632812,0.0,0.0,7.7867021560668945,0.5923118591308594,12.979405403137207,0.0,0.0,6.301776647567749,0.5056266784667969,10.535171270370483,0.0,0.0,5.81860613822937,0.5063629150390625,9.988983035087585,0.0,0.0,3.8675155639648438,0.39646148681640625,6.825654029846191,0.0,0.0,4.394462585449219,0.3962106704711914,8.294461727142334,0.0,0.0,4.895570755004883,0.4201211929321289,8.277315139770508,0.0,0.0,5.51112174987793,0.5259799957275391,9.29490852355957,0.0,0.0,4.657919824123383,0.4610004425048828,7.980648934841156,0.0,0.0,5.646687030792236,0.5300273895263672,9.03489065170288,0.0,0.0,5.544703960418701,0.5253796577453613,9.739104747772217,0.0,0.0,6.068487882614136,0.5889651775360107,10.22894549369812,0.0,0.0,6.1627020835876465,0.5340547561645508,9.869000911712646,0.0,0.0,5.773574113845825,0.5440323352813721,9.198312997817993,0.0,0.0,5.958136320114136,0.5557470321655273,10.182395696640015,0.0,0.0,6.356440782546997,0.5480623245239258,9.841281414031982,0.0,0.0,4.7902092933654785,0.40344905853271484,8.01464033126831,0.0,0.0,5.122971534729004,0.47855567932128906,8.46646785736084,0.0,0.0,4.370503306388855,0.4024505615234375,7.383996844291687,0.0,0.0,3.4355549812316895,0.3489532470703125,5.888965606689453,0.0,0.0,3.938054084777832,0.36575794219970703,6.63948917388916,0.0,0.0,3.164517879486084,0.3074798583984375,6.039068818092346,0.0,0.0,3.71162748336792,0.40414953231811523,6.353618144989014,0.0,0.0,3.451955795288086,0.34601688385009766,6.188368558883667,0.0,0.0,4.311048746109009,0.4930744171142578,8.04373985528946,0.0,0.0,4.143733024597168,0.4343585968017578,7.251761555671692,0.0,0.0,6.228150129318237,0.6464028358459473,10.49222457408905,0.0,0.0,6.835771441459656,0.7052661180496216,12.717957973480225,0.0,0.0
32,grounded,29,0.58984375,14.78523725271225,0.958175778388977,24.342406392097473,0.015623092651367188,0.01610463857650757,12.590393126010895,0.8600617051124573,20.0116063952446,0.05115246772766113,0.05344974994659424,11.70549726486206,0.8155533075332642,19.066316545009613,0.0644674301147461,0.12699580192565918,1.6912345886230469,0.1649169921875,2.8605709075927734,0.0,0.0,1.5387496948242188,0.1377105712890625,2.5368080139160156,0.0,0.0,1.6129341125488281,0.1494293212890625,2.6780967712402344,0.0,0.0,1.8438377380371094,0.185211181640625,3.010112762451172,0.0,0.0,3.0800395011901855,0.2758021354675293,4.742167949676514,0.0,0.0,3.608036994934082,0.3060760498046875,5.4194841384887695,0.0,0.0,4.659405708312988,0.3937873840332031,7.047515869140625,0.0,0.0,5.027454614639282,0.4448661804199219,7.1970484256744385,0.0,0.0,5.736237525939941,0.4669971466064453,7.981200218200684,0.0,0.0,4.827658176422119,0.42218780517578125,7.026746690273285,0.0,0.0,5.474613666534424,0.4895181655883789,7.321526050567627,0.0,0.0,6.30136775970459,0.5114946365356445,8.688751220703125,0.0,0.0,6.080626010894775,0.5539264678955078,8.20328950881958,0.0,0.0,5.491667747497559,0.5283031463623047,7.950962066650391,0.0,0.0,5.141404151916504,0.4827136993408203,7.22988224029541,0.0,0.0,6.154065489768982,0.5095770359039307,8.723832488059998,0.0,0.0,4.661890268325806,0.4345428943634033,7.003154993057251,0.0,0.0,4.80260968208313,0.5028607845306396,6.832472562789917,0.0,0.0,4.382997512817383,0.4319419860839844,6.325937271118164,0.0,0.0,4.059937477111816,0.42547607421875,5.9149370193481445,0.0,0.0,3.5091596245765686,0.38150954246520996,5.484693467617035,0.0,0.0,3.693098783493042,0.3774261474609375,5.803068399429321,0.0,0.0,2.665855884552002,0.3163871765136719,4.6417436599731445,0.0,0.0,3.637118101119995,0.3909568786621094,5.828823804855347,0.0,0.0,2.723173141479492,0.3194999694824219,4.728101074695587,0.0,0.0,3.90506649017334,0.4358181953430176,6.709197998046875,0.0,0.0,4.549508452415466,0.4629267454147339,7.17604672908783,0.0,0.0,9.12510371208191,0.6506280899047852,14.896308898925781,0.0,0.0,10.100137591362,0.7006970047950745,16.628527641296387,0.0,0.0
32,hallucinated,28,0.6005859375,13.818285524845123,0.958111047744751,23.375454664230347,0.009021997451782227,0.00974583625793457,12.291503250598907,0.8600617051124573,19.71749359369278,0.05115246772766113,0.0720517635345459,10.615685284137726,0.8274364471435547,17.97650456428528,0.03325510025024414,0.14547371864318848,6.2656790018081665,0.5852609872817993,7.435015320777893,0.0,0.0,6.218875885009766,0.5687255859375,7.2169342041015625,0.0,0.0,5.478420257568359,0.46250152587890625,6.543582916259766,0.0,0.0,4.437385559082031,0.37575531005859375,5.603660583496094,0.0,0.0,4.723708689212799,0.4479575753211975,6.385837137699127,0.0,0.0,3.5813255310058594,0.3102569580078125,5.392772674560547,0.0,0.0,4.199044823646545,0.3540226221084595,6.587154984474182,0.0,0.0,5.226184964179993,0.45784568786621094,7.395778775215149,0.0,0.0,5.687549591064453,0.5303211212158203,7.932512283325195,0.0,0.0,4.752321004867554,0.4385986328125,6.9514095187187195,0.0,0.0,5.212100982666016,0.5135269165039062,7.059013366699219,0.0,0.0,6.167426109313965,0.5913658142089844,8.5548095703125,0.0,0.0,5.773471832275391,0.5534172058105469,7.896135330200195,0.0,0.0,5.018973350524902,0.4330558776855469,7.478267669677734,0.0,0.0,4.2138519287109375,0.4036979675292969,6.302330017089844,0.0,0.0,5.569809436798096,0.4651222229003906,8.139576435089111,0.0,0.0,4.8839921951293945,0.45126914978027344,7.22525691986084,0.0,0.0,4.574125647544861,0.46418190002441406,6.603988528251648,0.0,0.0,4.340106964111328,0.4050025939941406,6.283046722412109,0.0,0.0,4.108348846435547,0.4309730529785156,5.963348388671875,0.0,0.0,4.016615867614746,0.4295603036880493,5.992149710655212,0.0,0.0,3.597982406616211,0.3667125701904297,5.70795202255249,0.0,0.0,2.9178991317749023,0.3064231872558594,4.893786907196045,0.0,0.0,3.510870933532715,0.32091522216796875,5.702576637268066,0.0,0.0,3.0413637161254883,0.3550844192504883,5.046291649341583,0.0,0.0,4.34367299079895,0.4959430694580078,7.147804498672485,0.0,0.0,4.457582473754883,0.47731971740722656,7.084120750427246,0.0,0.0,8.777550995349884,0.6475896835327148,14.548756182193756,0.0,0.0,9.507409393787384,0.6895898580551147,16.038312315940857,0.0,0.0
33,grounded,24,0.71826171875,10.070852518081665,0.9484902620315552,19.641043066978455,0.013000071048736572,0.020855605602264404,9.049889266490936,0.8575801849365234,17.083699882030487,0.037194252014160156,0.0737311840057373,7.975483298301697,0.8022603988647461,15.298994421958923,0.031027913093566895,0.031027913093566895,1.3016014099121094,0.15793228149414062,2.6865158081054688,0.0,0.0,1.2179279327392578,0.14838409423828125,2.346480369567871,0.0,0.0,1.0804824829101562,0.126220703125,2.1669769287109375,0.0,0.0,1.383453369140625,0.1776885986328125,2.548978090286255,0.0,0.0,1.7644453048706055,0.22253990173339844,3.277665138244629,0.0,0.0,1.9332771301269531,0.2655830383300781,3.488616943359375,0.0,0.0,2.346372604370117,0.32027244567871094,4.443609237670898,0.0,0.0,2.8216586112976074,0.40613317489624023,4.509688854217529,0.0,0.0,2.8523547649383545,0.347733736038208,4.783438444137573,0.0,0.0,2.3266820907592773,0.3215599060058594,4.300362586975098,0.0,0.0,2.859283447265625,0.37879180908203125,4.614116668701172,0.0,0.0,3.106887102127075,0.42241859436035156,5.288688898086548,0.0,0.0,3.1726279258728027,0.44193267822265625,5.193780422210693,0.0,0.0,2.578235626220703,0.3677520751953125,4.866453170776367,0.0,0.0,2.4149417877197266,0.3650856018066406,4.084774017333984,0.0,0.0,3.2525575160980225,0.4487893581390381,5.541255712509155,0.0,0.0,2.3298416137695312,0.3504676818847656,4.5702080726623535,0.0,0.0,3.0940861105918884,0.39076751470565796,5.050187170505524,0.0,0.0,2.576993942260742,0.34046173095703125,4.60743522644043,0.0,0.0,2.3783187866210938,0.4012413024902344,4.275583267211914,0.0,0.0,2.190237045288086,0.32483911514282227,4.16932225227356,0.0,0.0,1.7952079772949219,0.322784423828125,3.696737289428711,0.0,0.0,1.619155764579773,0.3249492645263672,3.6922582387924194,0.0,0.0,1.9264450073242188,0.340423583984375,4.146495819091797,0.0,0.0,1.732691764831543,0.2905435562133789,3.777407169342041,0.0,0.0,2.473811388015747,0.45027732849121094,5.17171311378479,0.0,0.0,2.52312970161438,0.46074843406677246,5.116104364395142,0.0,0.0,3.1082372665405273,0.4895744323730469,6.627793788909912,0.0,0.0,4.22166121006012,0.5628492832183838,8.289860606193542,0.0,0.0
33,hallucinated,27,0.67578125,12.890532493591309,0.9415712356567383,22.460723042488098,0.013000071048736572,0.02084428071975708,11.56705105304718,0.8606963157653809,19.60082733631134,0.03719520568847656,0.07980364561080933,9.905901312828064,0.7824070453643799,17.229392170906067,0.03104722499847412,0.03104722499847412,1.6693706512451172,0.1629638671875,3.054403305053711,0.0,0.0,1.5850715637207031,0.1483001708984375,2.714042901992798,0.0,0.0,1.5584945678710938,0.1643218994140625,2.64495849609375,0.0,0.0,1.7825126647949219,0.17769622802734375,2.9479293823242188,0.0,0.0,2.1877431869506836,0.22216033935546875,3.7007055282592773,0.0,0.0,2.4741573333740234,0.2657356262207031,4.030378341674805,0.0,0.0,3.504230499267578,0.3201141357421875,5.602619171142578,0.0,0.0,3.6515626907348633,0.4060239791870117,5.339077949523926,0.0,0.0,4.048432350158691,0.3611183166503906,5.978672981262207,0.0,0.0,3.7976300716400146,0.4020843505859375,5.771352529525757,0.0,0.0,4.055391073226929,0.40590667724609375,5.809781789779663,0.0,0.0,4.350681304931641,0.47384166717529297,6.534214973449707,0.0,0.0,4.287376880645752,0.4841117858886719,6.308578968048096,0.0,0.0,3.748208999633789,0.4308319091796875,6.037559509277344,0.0,0.0,3.202603816986084,0.3823070526123047,4.8718085289001465,0.0,0.0,4.1135557889938354,0.45925939083099365,6.400138735771179,0.0,0.0,3.114229202270508,0.3503570556640625,5.354038238525391,0.0,0.0,3.456223726272583,0.38299357891082764,5.4116450548172,0.0,0.0,3.0155348777770996,0.3362388610839844,5.045091152191162,0.0,0.0,2.805678367614746,0.40116119384765625,4.702288627624512,0.0,0.0,2.484384536743164,0.3112907409667969,4.462604522705078,0.0,0.0,2.4776930809020996,0.34417724609375,4.37882661819458,0.0,0.0,2.000937521457672,0.33660125732421875,4.073741018772125,0.0,0.0,2.3717405796051025,0.340301513671875,4.591388940811157,0.0,0.0,2.0345001220703125,0.27789175510406494,4.078017354011536,0.0,0.0,2.848020076751709,0.3975410461425781,5.544804096221924,0.0,0.0,3.1166887283325195,0.4396839141845703,5.708290100097656,0.0,0.0,3.999208450317383,0.48933982849121094,7.519622802734375,0.0,0.0,4.966931760311127,0.4656444787979126,9.037559628486633,0.0,0.0
34,grounded,31,0.64501953125,13.013463854789734,0.9476884603500366,26.197924613952637,0.0030332207679748535,0.004558265209197998,11.752957284450531,0.8614209890365601,22.298819184303284,0.026343464851379395,0.026343464851379395,10.535390973091125,0.8322591781616211,20.4793062210083,0.04090142250061035,0.0665774941444397,8.485313177108765,0.6856460571289062,13.289210200309753,0.0,0.0,8.370599746704102,0.6697654724121094,12.928611755371094,0.0,0.0,7.696006774902344,0.59625244140625,11.9097900390625,0.0,0.0,5.958042144775391,0.486175537109375,9.266254425048828,0.0,0.0,5.53638756275177,0.5281134843826294,9.095533609390259,0.0,0.0,3.1659250259399414,0.38101673126220703,5.605542182922363,0.0,0.0,3.7658538818359375,0.3539161682128906,6.998653411865234,0.0,0.0,4.427312850952148,0.47524166107177734,7.207523345947266,0.0,0.0,5.027872085571289,0.5130882263183594,8.165029525756836,0.0,0.0,3.9508590698242188,0.39659690856933594,6.841012954711914,0.0,0.0,4.778594970703125,0.4708671569824219,7.680332183837891,0.0,0.0,5.221471309661865,0.5134811401367188,8.945021152496338,0.0,0.0,5.845776557922363,0.544377326965332,9.098104476928711,0.0,0.0,4.942028999328613,0.44487953186035156,8.279234886169434,0.0,0.0,4.836214661598206,0.48647117614746094,7.602436661720276,0.0,0.0,5.517021417617798,0.4932880401611328,9.052522897720337,0.0,0.0,4.755621433258057,0.5280909538269043,7.826155185699463,0.0,0.0,5.112031698226929,0.45665788650512695,7.724526882171631,0.0,0.0,4.354048728942871,0.4632453918457031,7.109393119812012,0.0,0.0,4.368324279785156,0.4842519760131836,7.082350254058838,0.0,0.0,3.443526268005371,0.406036376953125,5.982733726501465,0.0,0.0,3.823117256164551,0.3832836151123047,6.486964225769043,0.0,0.0,2.797511100769043,0.31906795501708984,5.261456489562988,0.0,0.0,3.1576762199401855,0.35300254821777344,5.789103984832764,0.0,0.0,2.9455928802490234,0.38864612579345703,5.393741130828857,0.0,0.0,3.781983733177185,0.4313974380493164,7.464566349983215,0.0,0.0,4.039888381958008,0.44516944885253906,7.501953125,0.0,0.0,4.437129497528076,0.48933982849121094,8.898260593414307,0.0,0.0,5.292566955089569,0.4701254367828369,10.67962795495987,0.0,0.0
34,hallucinated,36,0.68798828125,17.699049592018127,0.9562003016471863,30.88351035118103,0.007155179977416992,0.013964951038360596,16.136632442474365,0.8815888166427612,26.682492434978485,0.026343464851379395,0.031140446662902832,14.348138689994812,0.8511595726013184,24.291998863220215,0.04090142250061035,0.0665774941444397,11.344056844711304,0.6782445907592773,16.147937655448914,0.0,0.0,11.271751403808594,0.6693496704101562,15.829763412475586,0.0,0.0,10.520959854125977,0.6502895355224609,14.734590530395508,0.0,0.0,8.067819595336914,0.4978446960449219,11.375852584838867,0.0,0.0,7.653815925121307,0.5264384150505066,11.213301479816437,0.0,0.0,4.261245250701904,0.417694091796875,6.7005534172058105,0.0,0.0,5.199592590332031,0.36373138427734375,8.432445526123047,0.0,0.0,6.030393123626709,0.4918251037597656,8.810725688934326,0.0,0.0,7.102254390716553,0.5223455429077148,10.239675045013428,0.0,0.0,5.523703575134277,0.41282176971435547,8.413487434387207,0.0,0.0,6.550723552703857,0.5277099609375,9.452785015106201,0.0,0.0,6.766420364379883,0.5131721496582031,10.490248680114746,0.0,0.0,7.340228080749512,0.5505046844482422,10.593011856079102,0.0,0.0,6.349947929382324,0.47632598876953125,9.686984062194824,0.0,0.0,5.640045642852783,0.5213737487792969,8.406339168548584,0.0,0.0,6.831729054450989,0.49356651306152344,10.367445588111877,0.0,0.0,6.229626655578613,0.5279297828674316,9.30075740814209,0.0,0.0,6.509573757648468,0.44561767578125,9.121571004390717,0.0,0.0,5.28293514251709,0.46353912353515625,8.038214683532715,0.0,0.0,5.2876152992248535,0.48430967330932617,8.002225875854492,0.0,0.0,4.095224618911743,0.4061470031738281,6.6342504024505615,0.0,0.0,4.814036846160889,0.3833446502685547,7.477607250213623,0.0,0.0,3.4833741188049316,0.31805419921875,5.947418212890625,0.0,0.0,3.9938783645629883,0.3528146743774414,6.625444412231445,0.0,0.0,3.6322107315063477,0.38852977752685547,6.080358028411865,0.0,0.0,4.793629288673401,0.4429183006286621,8.476568579673767,0.0,0.0,5.1271936893463135,0.45017051696777344,8.58937668800354,0.0,0.0,5.755037307739258,0.48933982849121094,10.216779232025146,0.0,0.0,7.025955438613892,0.46759307384490967,12.414193153381348,0.0,0.0
35,grounded,32,0.728515625,14.822660863399506,0.9586576223373413,27.054014265537262,0.013177931308746338,0.02455991506576538,12.972625851631165,0.8730732798576355,23.27338981628418,0.04116320610046387,0.1113312840461731,12.663953959941864,0.8763353824615479,23.09980857372284,0.03455829620361328,0.05321013927459717,1.9237899780273438,0.1936492919921875,3.6344985961914062,0.0,0.0,1.7924652099609375,0.159271240234375,3.265819549560547,0.0,0.0,1.7902107238769531,0.21834564208984375,3.16058349609375,0.0,0.0,2.2065086364746094,0.21448898315429688,3.9564743041992188,0.0,0.0,2.625185012817383,0.24589157104492188,4.789604187011719,0.0,0.0,3.191814422607422,0.26369476318359375,5.3369903564453125,0.0,0.0,4.040719985961914,0.3453540802001953,7.055281639099121,0.0,0.0,4.513644695281982,0.4056253433227539,7.259929180145264,0.0,0.0,5.256601333618164,0.4546546936035156,8.663629531860352,0.0,0.0,4.298855900764465,0.39164459705352783,7.276982426643372,0.0,0.0,5.10664576292038,0.49750614166259766,8.110481441020966,0.0,0.0,5.15521240234375,0.5493221282958984,8.942838668823242,0.0,0.0,5.493360996246338,0.6299962997436523,8.92305612564087,0.0,0.0,4.548969268798828,0.44576549530029297,7.984006881713867,0.0,0.0,4.183164596557617,0.4490680694580078,7.386814117431641,0.0,0.0,5.071771144866943,0.5408902168273926,8.541046619415283,0.0,0.0,4.896238327026367,0.47504425048828125,8.10859990119934,0.0,0.0,4.4014294147491455,0.43851280212402344,6.9249937534332275,0.0,0.0,3.9553041458129883,0.39117431640625,6.891440153121948,0.0,0.0,3.5492206811904907,0.4036426544189453,6.225692391395569,0.0,0.0,2.9218521118164062,0.30663299560546875,5.322073221206665,0.0,0.0,3.0118913650512695,0.3619956970214844,5.727759838104248,0.0,0.0,2.26796817779541,0.31928253173828125,4.706463813781738,0.0,0.0,2.524298071861267,0.41530799865722656,4.830656409263611,0.0,0.0,2.1553136110305786,0.3041973114013672,4.36880886554718,0.0,0.0,3.1274027824401855,0.4404621124267578,6.148895025253296,0.0,0.0,3.5201525688171387,0.4946150779724121,6.604770183563232,0.0,0.0,5.727393746376038,0.6568584442138672,9.717342853546143,0.0,0.0,6.580839276313782,0.6906532049179077,11.775709629058838,0.0,0.0
35,hallucinated,28,0.64599609375,11.091275095939636,0.9540174007415771,23.322628498077393,0.01940155029296875,0.021872758865356445,9.783806800842285,0.8623943328857422,20.08803516626358,0.04116320610046387,0.0860137939453125,9.778370976448059,0.8739278316497803,20.214225590229034,0.03455829620361328,0.04949462413787842,1.5536575317382812,0.18993377685546875,3.2643661499023438,0.0,0.0,1.4489097595214844,0.15628814697265625,2.9222640991210938,0.0,0.0,1.3582687377929688,0.14298248291015625,2.7286109924316406,0.0,0.0,1.8114128112792969,0.1990203857421875,3.561199188232422,0.0,0.0,1.904561996459961,0.24602127075195312,4.069297790527344,0.0,0.0,2.611082077026367,0.31369781494140625,4.756322860717773,0.0,0.0,2.937192916870117,0.39595794677734375,5.9524736404418945,0.0,0.0,3.84561824798584,0.46361255645751953,6.5924787521362305,0.0,0.0,4.2988481521606445,0.4749870300292969,7.705788612365723,0.0,0.0,3.593722343444824,0.39498233795166016,6.571963310241699,0.0,0.0,4.2776007652282715,0.5477924346923828,7.2819037437438965,0.0,0.0,4.6012396812438965,0.49586057662963867,8.389986515045166,0.0,0.0,4.564756393432617,0.5644760131835938,7.996135711669922,0.0,0.0,3.770322799682617,0.42478370666503906,7.204612731933594,0.0,0.0,3.74615740776062,0.43156933784484863,6.951153516769409,0.0,0.0,3.85392165184021,0.38715028762817383,7.322633504867554,0.0,0.0,3.958320140838623,0.4577655792236328,7.171415090560913,0.0,0.0,3.2974672317504883,0.3453693389892578,5.821203708648682,0.0,0.0,3.450545310974121,0.3870677947998047,6.386908769607544,0.0,0.0,3.0675759315490723,0.4019298553466797,5.744762897491455,0.0,0.0,2.323923110961914,0.3065223693847656,4.723926067352295,0.0,0.0,2.831916332244873,0.3433651924133301,5.547992944717407,0.0,0.0,2.1662540435791016,0.35698699951171875,4.604282379150391,0.0,0.0,2.270975112915039,0.3093109130859375,4.577823638916016,0.0,0.0,1.9576098918914795,0.30534815788269043,4.1712342500686646,0.0,0.0,2.6897616386413574,0.41846466064453125,5.711740255355835,0.0,0.0,3.0305895805358887,0.4278221130371094,6.114500164985657,0.0,0.0,3.6832430362701416,0.4365966320037842,7.673484742641449,0.0,0.0,4.640322744846344,0.5853612422943115,9.835128247737885,0.0,0.0
36,grounded,18,0.63330078125,5.461270570755005,0.9292960166931152,14.191076278686523,0.0,0.0,4.74831748008728,0.8222061395645142,11.771212816238403,0.049305617809295654,0.049305617809295654,4.113718032836914,0.7806408405303955,10.59090918302536,0.036542296409606934,0.036542296409606934,0.5482101440429688,0.1619396209716797,1.6991024017333984,0.0,0.0,0.5401458740234375,0.1444549560546875,1.5748367309570312,0.0,0.0,0.5188140869140625,0.11666107177734375,1.3489227294921875,0.0,0.0,0.610076904296875,0.16002655029296875,1.5976753234863281,0.0,0.0,0.8761405944824219,0.20484161376953125,2.2863311767578125,0.0,0.0,1.122868537902832,0.2869729995727539,2.605473518371582,0.0,0.0,1.3530158996582031,0.30132293701171875,3.2422618865966797,0.0,0.0,1.5071706771850586,0.3653078079223633,3.2293615341186523,0.0,0.0,1.694535255432129,0.3935871124267578,3.5602617263793945,0.0,0.0,1.403970718383789,0.3800983428955078,3.3893613815307617,0.0,0.0,1.473337173461914,0.3753223419189453,2.9654178619384766,0.0,0.0,1.596649169921875,0.3872032165527344,3.768312454223633,0.0,0.0,1.9071435928344727,0.5061588287353516,3.8988943099975586,0.0,0.0,1.459322452545166,0.3432579040527344,3.4051499366760254,0.0,0.0,1.380601406097412,0.38971006870269775,3.0243855714797974,0.0,0.0,1.755000114440918,0.3980674743652344,4.043707847595215,0.0,0.0,1.5250706672668457,0.4163522720336914,3.6699533462524414,0.0,0.0,1.6075472831726074,0.3187837600708008,3.447692394256592,0.0,0.0,1.4027729034423828,0.34000396728515625,3.1680374145507812,0.0,0.0,1.283895492553711,0.34974098205566406,3.0222206115722656,0.0,0.0,1.138763427734375,0.26074981689453125,2.8080296516418457,0.0,0.0,1.1197986602783203,0.27486419677734375,2.9685750007629395,0.0,0.0,0.8666343688964844,0.3017902374267578,2.5792503356933594,0.0,0.0,0.8556289672851562,0.27002716064453125,2.625734329223633,0.0,0.0,0.9099884033203125,0.2812144160270691,2.567187011241913,0.0,0.0,1.1185626983642578,0.360809326171875,3.2797226905822754,0.0,0.0,1.3469963073730469,0.3917045593261719,3.4269914627075195,0.0,0.0,1.6458053588867188,0.3820524215698242,4.388824462890625,0.0,0.0,1.8554173111915588,0.4077533483505249,5.110770106315613,0.0,0.0
36,hallucinated,18,0.6064453125,5.45396089553833,0.9284422397613525,14.183766603469849,0.0,0.0,4.729537308216095,0.8000094890594482,11.752432644367218,0.049305617809295654,0.049305617809295654,4.146966218948364,0.7806408405303955,10.62415736913681,0.036542296409606934,0.036542296409606934,0.608673095703125,0.1619396209716797,1.7595653533935547,0.0,0.0,0.524810791015625,0.1444549560546875,1.5595016479492188,0.0,0.0,0.5445785522460938,0.1231842041015625,1.3746871948242188,0.0,0.0,0.5862197875976562,0.16002655029296875,1.5738182067871094,0.0,0.0,0.9465980529785156,0.21657943725585938,2.3567886352539062,0.0,0.0,1.2094926834106445,0.2869729995727539,2.6920976638793945,0.0,0.0,1.3978309631347656,0.30132293701171875,3.287076950073242,0.0,0.0,1.612504005432129,0.3653078079223633,3.3346948623657227,0.0,0.0,1.744852066040039,0.42597198486328125,3.6105785369873047,0.0,0.0,1.5435543060302734,0.3800983428955078,3.528944969177246,0.0,0.0,1.624979019165039,0.41031837463378906,3.1170597076416016,0.0,0.0,1.8823137283325195,0.44616127014160156,4.053977012634277,0.0,0.0,1.9189701080322266,0.44518280029296875,3.9107208251953125,0.0,0.0,1.6579155921936035,0.38214874267578125,3.603743076324463,0.0,0.0,1.5738738775253296,0.38971006870269775,3.217658042907715,0.0,0.0,1.8858102560043335,0.4262223243713379,4.17451798915863,0.0,0.0,1.6132044792175293,0.4163522720336914,3.758087158203125,0.0,0.0,1.626265048980713,0.3187837600708008,3.4664101600646973,0.0,0.0,1.4010162353515625,0.3154640197753906,3.166280746459961,0.0,0.0,1.2716751098632812,0.34974098205566406,3.010000228881836,0.0,0.0,1.1031112670898438,0.25034332275390625,2.7723774909973145,0.0,0.0,1.2351961135864258,0.27486419677734375,3.083972454071045,0.0,0.0,0.920928955078125,0.3017902374267578,2.633544921875,0.0,0.0,1.002481460571289,0.2722759246826172,2.7725868225097656,0.0,0.0,0.9457836151123047,0.2812144160270691,2.602982223033905,0.0,0.0,1.170297622680664,0.360809326171875,3.3314576148986816,0.0,0.0,1.4501838684082031,0.3917045593261719,3.530179023742676,0.0,0.0,1.7350378036499023,0.36178112030029297,4.478056907653809,0.0,0.0,1.8497154116630554,0.4077533483505249,5.105068206787109,0.0,0.0
37,grounded,25,0.61669921875,11.836196720600128,0.9402205944061279,20.516217172145844,0.0012636184692382812,0.0017366409301757812,9.930275976657867,0.855767011642456,17.09603452682495,0.05548298358917236,0.08622407913208008,10.969855785369873,0.8722267150878906,18.28775656223297,0.038887977600097656,0.1285722255706787,1.4390716552734375,0.1783294677734375,2.59033203125,0.0,0.0,1.3112335205078125,0.14342498779296875,2.3711700439453125,0.0,0.0,1.523773193359375,0.15061187744140625,2.5094223022460938,0.0,0.0,1.684988021850586,0.2001800537109375,2.713144302368164,0.0,0.0,2.5159811973571777,0.28581809997558594,4.19765043258667,0.0,0.0,3.008512496948242,0.3206977844238281,4.80914306640625,0.0,0.0,3.5533342361450195,0.34484291076660156,5.810227394104004,0.0,0.0,4.023375511169434,0.414886474609375,5.913139820098877,0.0,0.0,3.876394271850586,0.39345550537109375,6.0104193687438965,0.0,0.0,3.4465694427490234,0.3499908447265625,5.391328394412994,0.0,0.0,4.0386505126953125,0.43245887756347656,5.913276672363281,0.0,0.0,4.481468200683594,0.4427318572998047,6.748904228210449,0.0,0.0,5.063036918640137,0.5232887268066406,7.1922407150268555,0.0,0.0,4.3228864669799805,0.4586639404296875,6.377743721008301,0.0,0.0,3.854056239128113,0.47631919384002686,5.7659443616867065,0.0,0.0,4.63762903213501,0.48870086669921875,7.0335164070129395,0.0,0.0,3.6938133239746094,0.4061107635498047,5.70175039768219,0.0,0.0,3.4428462982177734,0.3943014144897461,5.211660861968994,0.0,0.0,3.756868362426758,0.4005298614501953,5.566884994506836,0.0,0.0,3.251887798309326,0.4380455017089844,5.11318826675415,0.0,0.0,2.5342979431152344,0.29199790954589844,4.406978249549866,0.0,0.0,3.0655635595321655,0.3210211992263794,4.769369959831238,0.0,0.0,2.3896701335906982,0.3069000244140625,4.03460955619812,0.0,0.0,2.5307703018188477,0.32173728942871094,4.158452987670898,0.0,0.0,2.430431365966797,0.3175048828125,4.147174119949341,0.0,0.0,3.159722328186035,0.38776588439941406,5.316636323928833,0.0,0.0,3.7380768060684204,0.45497703552246094,6.057442605495453,0.0,0.0,7.48990786075592,0.6369209289550781,11.92746388912201,0.0,0.0,8.014735400676727,0.6845514178276062,13.140995800495148,0.0016405582427978516,0.002172231674194336
37,hallucinated,24,0.61279296875,10.896377921104431,0.9404573440551758,19.576398372650146,0.0012636184692382812,0.0012636184692382812,9.181030929088593,0.855767011642456,16.346789479255676,0.05548298358917236,0.08622407913208008,10.038643479347229,0.8673009872436523,17.356544256210327,0.038887977600097656,0.12259972095489502,1.3496742248535156,0.1783294677734375,2.500934600830078,0.0,0.0,1.173187255859375,0.14342498779296875,2.233123779296875,0.0,0.0,1.4395751953125,0.16967391967773438,2.4252243041992188,0.0,0.0,1.528350830078125,0.2001800537109375,2.556507110595703,0.0,0.0,2.332131862640381,0.28581809997558594,4.013801097869873,0.0,0.0,2.7054929733276367,0.3206977844238281,4.5061235427856445,0.0,0.0,3.1996121406555176,0.34484291076660156,5.456505298614502,0.0,0.0,3.5045957565307617,0.414886474609375,5.394360065460205,0.0,0.0,3.4575767517089844,0.39345550537109375,5.591601848602295,0.0,0.0,2.8892688751220703,0.3499908447265625,4.834027826786041,0.0,0.0,3.5518245697021484,0.4417095184326172,5.426450729370117,0.0,0.0,3.8589887619018555,0.4215049743652344,6.126424789428711,0.0,0.0,4.064024925231934,0.4938316345214844,6.193228721618652,0.0,0.0,3.6573333740234375,0.4586639404296875,5.712190628051758,0.0,0.0,3.3458603620529175,0.47631919384002686,5.257748484611511,0.0,0.0,4.163740873336792,0.48870086669921875,6.559628248214722,0.0,0.0,3.340205192565918,0.4061107635498047,5.3481422662734985,0.0,0.0,3.0412769317626953,0.3943014144897461,4.810091495513916,0.0,0.0,3.1350460052490234,0.4005298614501953,4.945062637329102,0.0,0.0,2.8170628547668457,0.4380455017089844,4.67836332321167,0.0,0.0,2.460638999938965,0.29199790954589844,4.333319306373596,0.0,0.0,2.4945125579833984,0.3046073913574219,4.198318958282471,0.0,0.0,1.9908397197723389,0.2837204933166504,3.6357791423797607,0.0,0.0,2.2570539712905884,0.3066091537475586,3.884736657142639,0.0,0.0,2.0049171447753906,0.30840110778808594,3.7216598987579346,0.0,0.0,2.783514976501465,0.4172182083129883,4.940428972244263,0.0,0.0,3.364434599876404,0.5022517442703247,5.683800399303436,0.0,0.0,6.794070839881897,0.6288719177246094,11.231626868247986,0.0,0.0,7.435874938964844,0.6979475617408752,12.57615602016449,0.0,0.0
38,grounded,25,0.79541015625,10.919849157333374,0.9298368692398071,20.48098313808441,4.887580871582031e-05,4.887580871582031e-05,8.56996089220047,0.849441409111023,16.673544883728027,0.022319138050079346,0.03904116153717041,9.047977566719055,0.8921098709106445,17.30233734846115,0.0,0.0,3.298527240753174,0.5980534553527832,4.397696018218994,0.0,0.0,3.25372314453125,0.5858001708984375,4.358245849609375,0.0,0.0,2.9315338134765625,0.451171875,4.081491470336914,0.0,0.0,2.4067745208740234,0.3434906005859375,3.532552719116211,0.0,0.0,2.8805639147758484,0.4515020251274109,4.559594810009003,0.0,0.0,2.6677474975585938,0.37563323974609375,4.441749572753906,0.0,0.0,2.8825302124023438,0.39687347412109375,5.0953521728515625,0.0,0.0,3.4748878479003906,0.43749094009399414,5.486198425292969,0.0,0.0,3.694988250732422,0.4701042175292969,5.839866638183594,0.0,0.0,3.0196762084960938,0.36905670166015625,5.116087913513184,0.0,0.0,3.476560115814209,0.43434810638427734,5.389890193939209,0.0,0.0,3.6561803817749023,0.44919776916503906,6.165328025817871,0.0,0.0,4.068230628967285,0.5345935821533203,6.461264610290527,0.0,0.0,3.5458784103393555,0.4116706848144531,5.955687522888184,0.0,0.0,2.926143527030945,0.47957634925842285,4.97309672832489,0.0,0.0,4.116799831390381,0.4985666275024414,6.582320690155029,0.0,0.0,3.5553035736083984,0.4286661148071289,5.973109722137451,0.0,0.0,3.4153614044189453,0.39638328552246094,5.358884811401367,0.0,0.0,3.379792332649231,0.49059104919433594,5.5369120836257935,0.0,0.0,2.9983808994293213,0.4591515064239502,5.0881781578063965,0.0,0.0,2.5010037422180176,0.3631935119628906,4.475332260131836,0.0,0.0,2.268843650817871,0.3693981170654297,4.3457183837890625,0.0,0.0,2.1397054195404053,0.35771656036376953,3.9754879474639893,0.0,0.0,2.4730262756347656,0.41259002685546875,4.4241943359375,0.0,0.0,1.676323413848877,0.2883567810058594,3.485291004180908,0.0,0.0,3.122094988822937,0.504285454750061,5.614177823066711,0.0,0.0,2.9761364459991455,0.4732637405395508,5.3124706745147705,0.0,0.0,4.602901220321655,0.644612193107605,7.519035577774048,0.0,0.0,5.432976305484772,0.7454804182052612,8.87779301404953,0.0,0.0
38,hallucinated,22,0.76708984375,8.227496147155762,0.9424378871917725,17.7886301279068,0.0,0.0,6.126799166202545,0.8394937515258789,14.230383157730103,0.022319138050079346,0.03904116153717041,6.820278644561768,0.8201985359191895,15.074638426303864,0.0,0.0,0.930328369140625,0.16243743896484375,2.0294971466064453,0.0,0.0,0.8226242065429688,0.14416122436523438,1.9271469116210938,0.0,0.0,0.8687973022460938,0.1419391632080078,2.0187549591064453,0.0,0.0,0.9717998504638672,0.161346435546875,2.0975780487060547,0.0,0.0,1.5593223571777344,0.28438758850097656,3.2383532524108887,0.0,0.0,1.8061790466308594,0.37563323974609375,3.580181121826172,0.0,0.0,1.9315185546875,0.39687347412109375,4.144340515136719,0.0,0.0,2.4190826416015625,0.43749094009399414,4.430393218994141,0.0,0.0,2.3752365112304688,0.4701042175292969,4.520114898681641,0.0,0.0,1.8884963989257812,0.36631011962890625,3.984908103942871,0.0,0.0,2.2534399032592773,0.43434810638427734,4.166769981384277,0.0,0.0,2.5471410751342773,0.41097068786621094,5.056288719177246,0.0,0.0,2.975666046142578,0.5345935821533203,5.36870002746582,0.0,0.0,2.5739002227783203,0.4116706848144531,4.983709335327148,0.0,0.0,2.136358141899109,0.47957634925842285,4.183311343193054,0.0,0.0,2.9438271522521973,0.4985666275024414,5.409348011016846,0.0,0.0,2.6372594833374023,0.4286661148071289,5.055065631866455,0.0,0.0,2.543717384338379,0.39638328552246094,4.487240791320801,0.0,0.0,2.635083317756653,0.49059104919433594,4.792203068733215,0.0,0.0,2.3007519245147705,0.4591515064239502,4.390549182891846,0.0,0.0,1.9493937492370605,0.3631935119628906,3.923722267150879,0.0,0.0,1.8728561401367188,0.3693981170654297,3.94973087310791,0.0,0.0,1.5617129802703857,0.35771656036376953,3.3974955081939697,0.0,0.0,1.8289241790771484,0.41259002685546875,3.780092239379883,0.0,0.0,1.3020367622375488,0.2883567810058594,3.11100435256958,0.0,0.0,2.1900250911712646,0.4369959831237793,4.682107925415039,0.0,0.0,2.117669105529785,0.46994781494140625,4.45400333404541,0.0,0.0,2.7370166778564453,0.44318580627441406,5.653151035308838,0.0,0.0,3.0653080344200134,0.42882370948791504,6.510124742984772,0.0,0.0
39,grounded,33,0.70654296875,18.456258177757263,0.9554855823516846,27.962658882141113,0.0033101439476013184,0.0036064982414245605,16.00193625688553,0.8614441156387329,23.67566192150116,0.07009339332580566,0.13543182611465454,13.680327653884888,0.8331451416015625,20.905403971672058,0.028305768966674805,0.03429150581359863,11.680158376693726,0.6511592864990234,15.545177459716797,0.0,0.0,11.700963020324707,0.6577615737915039,15.617318153381348,0.0,0.0,10.461296081542969,0.5747528076171875,13.916805267333984,0.0,0.0,8.272167205810547,0.4755592346191406,11.023370742797852,0.0,0.0,7.529719173908234,0.49438613653182983,10.245917737483978,0.0,0.0,4.85356593132019,0.3516073226928711,6.770243406295776,0.0,0.0,6.073607444763184,0.39081382751464844,8.653410911560059,0.0,0.0,6.2891130447387695,0.4600658416748047,8.535569190979004,0.0,0.0,7.257692813873291,0.4638190269470215,9.836632251739502,0.0,0.0,6.2038790583610535,0.4599146842956543,8.81510466337204,0.0,0.0,7.3037039041519165,0.5501699447631836,9.716601014137268,0.0,0.0,7.659511089324951,0.5138511657714844,10.604257106781006,0.0,0.0,7.53356671333313,0.5930147171020508,10.467817544937134,0.0,0.0,6.632603645324707,0.49631214141845703,9.354233741760254,0.0,0.0,6.063382029533386,0.5412148237228394,8.296648859977722,0.0,0.0,6.817193031311035,0.5319662094116211,9.502022743225098,0.0,0.0,6.517448663711548,0.5075733661651611,9.008107423782349,0.0,0.0,6.313932180404663,0.44112658500671387,8.504242181777954,0.0,0.0,6.289453029632568,0.4928140640258789,8.688232898712158,0.0,0.0,5.412259578704834,0.4611015319824219,7.453145503997803,0.0,0.0,4.463382244110107,0.4354248046875,6.390295028686523,0.0,0.0,5.036372900009155,0.4015216827392578,7.376265287399292,0.0,0.0,3.6796140670776367,0.3135089874267578,5.726960182189941,0.0,0.0,5.06695032119751,0.40926361083984375,7.30407190322876,0.0,0.0,4.504329204559326,0.3474617004394531,6.647186696529388,0.0,0.0,5.22257661819458,0.47281360626220703,7.798613548278809,0.0,0.0,5.618636608123779,0.5153493881225586,8.27426290512085,0.0,0.0,7.595433235168457,0.6814241409301758,10.61418628692627,0.0,0.0,8.7916961312294,0.7510654330253601,12.753076255321503,0.0,0.0
39,hallucinated,29,0.6962890625,14.689808905124664,0.9447586536407471,24.196209609508514,0.0033101439476013184,0.003421962261199951,12.66056627035141,0.846752941608429,20.334293484687805,0.07009339332580566,0.13545948266983032,10.734674215316772,0.8331451416015625,17.959750533103943,0.028305768966674805,0.03429150581359863,9.196124792098999,0.6511440277099609,13.06114387512207,0.0,0.0,9.1984224319458,0.6576700210571289,13.11476993560791,0.0,0.0,8.222213745117188,0.5749320983886719,11.677814483642578,0.0,0.0,6.534946441650391,0.47562408447265625,9.285959243774414,0.0,0.0,5.883405268192291,0.4943994879722595,8.599420726299286,0.0,0.0,3.931273937225342,0.3515758514404297,5.847695827484131,0.0,0.0,4.669576644897461,0.3906707763671875,7.248956680297852,0.0,0.0,4.916914939880371,0.45980262756347656,7.163104057312012,0.0,0.0,5.899796485900879,0.46399879455566406,8.478846549987793,0.0,0.0,4.98493880033493,0.45989036560058594,7.59560364484787,0.0,0.0,5.864454746246338,0.5503082275390625,8.277280330657959,0.0,0.0,5.998934745788574,0.5135269165039062,8.943676948547363,0.0,0.0,6.437016725540161,0.5928592681884766,9.370657205581665,0.0,0.0,5.397500991821289,0.4959068298339844,8.11921501159668,0.0,0.0,4.902511835098267,0.541424036026001,7.13533616065979,0.0,0.0,5.4986958503723145,0.4575462341308594,8.18407392501831,0.0,0.0,5.548180103302002,0.5070195198059082,8.038509368896484,0.0,0.0,5.124542415142059,0.4409363269805908,7.314720332622528,0.0,0.0,5.4029858112335205,0.49263477325439453,7.802067041397095,0.0,0.0,4.59613835811615,0.4610939025878906,6.636741995811462,0.0,0.0,3.8224029541015625,0.43550968170166016,5.749446392059326,0.0,0.0,4.37451696395874,0.4016857147216797,6.714310169219971,0.0,0.0,3.2538137435913086,0.30768585205078125,5.301260948181152,0.0,0.0,4.172873020172119,0.3898181915283203,6.409145832061768,0.0,0.0,3.7438607215881348,0.3474750518798828,5.886786878108978,0.0,0.0,4.6877100467681885,0.4491996765136719,7.2637012004852295,0.0,0.0,4.642198085784912,0.5268898010253906,7.297540187835693,0.0,0.0,5.17070996761322,0.5131759643554688,8.189491152763367,0.0,0.0,6.090457499027252,0.5908751487731934,10.051413834095001,0.0,0.0
40,grounded,33,0.6435546875,13.985995352268219,0.9514591693878174,28.019921243190765,0.0017590522766113281,0.0032012462615966797,12.918005049228668,0.8941704630851746,24.899422645568848,0.024061143398284912,0.04461115598678589,12.015756845474243,0.8681454062461853,23.298831939697266,0.023632168769836426,0.03273212909698486,10.99529767036438,0.7738509178161621,18.777154445648193,0.0,0.0,10.943548202514648,0.7690982818603516,18.633044242858887,0.0,0.0,9.482371807098389,0.6769065856933594,15.981322765350342,0.0,0.0,7.701095104217529,0.5813488960266113,12.962380409240723,0.0,0.0,6.937947571277618,0.5741580128669739,12.08825409412384,0.0,0.0,3.7413692474365234,0.3467292785644531,6.926172256469727,0.0,0.0,4.3279643058776855,0.34140777587890625,7.943519115447998,0.0,0.0,4.7464072704315186,0.4330606460571289,7.96431040763855,0.0,0.0,5.108138084411621,0.45219993591308594,8.434754371643066,0.0,0.0,4.580906391143799,0.4712057113647461,8.098171710968018,0.0,0.0,5.8279194831848145,0.5490207672119141,9.181276798248291,0.0,0.0,6.239279747009277,0.49162960052490234,10.272406578063965,0.0,0.0,6.0622522830963135,0.5260639190673828,9.58307671546936,0.0,0.0,5.56043815612793,0.4737358093261719,9.418048858642578,0.0,0.0,5.70716667175293,0.49553680419921875,8.969545364379883,0.0,0.0,5.510716438293457,0.4631185531616211,9.736762046813965,0.0,0.0,5.1126930713653564,0.48371291160583496,8.787097215652466,0.0,0.0,5.08195960521698,0.43085479736328125,8.395810008049011,0.0,0.0,5.281611204147339,0.44675445556640625,8.788334608078003,0.0,0.0,4.365299224853516,0.4192638397216797,7.636762619018555,0.0,0.0,3.2753214836120605,0.3645505905151367,6.215746641159058,0.0,0.0,4.139876842498779,0.3657703399658203,7.544390678405762,0.0,0.0,3.1753129363059998,0.3129844665527344,6.216512620449066,0.0,0.0,3.8388421535491943,0.3763866424560547,7.179637670516968,0.0,0.0,3.330808997154236,0.3293571472167969,6.344995200634003,0.0,0.0,4.4207247495651245,0.5080665349960327,8.723589181900024,0.0,0.0,4.00058650970459,0.4053764343261719,7.4882683753967285,0.0,0.0,4.595685958862305,0.48933982849121094,9.446719646453857,0.0,0.0,5.757531821727753,0.5520861148834229,11.613789021968842,0.0,0.0
40,hallucinated,35,0.61083984375,15.880248069763184,0.957204282283783,29.91417396068573,0.0017590522766113281,0.003770112991333008,14.65908807516098,0.8956353664398193,26.64050567150116,0.027594327926635742,0.05071026086807251,13.74184799194336,0.8681454062461853,25.024923086166382,0.023632168769836426,0.03273212909698486,12.488847017288208,0.7738509178161621,20.27070379257202,0.0,0.0,12.467103958129883,0.7690982818603516,20.15659999847412,0.0,0.0,10.810773372650146,0.6769065856933594,17.3097243309021,0.0,0.0,8.795222759246826,0.5813488960266113,14.05650806427002,0.0,0.0,7.91150027513504,0.5741580128669739,13.061806797981262,0.0,0.0,4.311671257019043,0.3467292785644531,7.496474266052246,0.0,0.0,5.031367778778076,0.34140777587890625,8.646922588348389,0.0,0.0,5.375302076339722,0.4330606460571289,8.593205213546753,0.0,0.0,6.003304481506348,0.45219993591308594,9.329920768737793,0.0,0.0,5.285515308380127,0.4712057113647461,8.802780628204346,0.0,0.0,6.749847888946533,0.5490207672119141,10.10320520401001,0.0,0.0,7.2407755851745605,0.5841429233551025,11.273902416229248,0.0,0.0,6.914160966873169,0.5378341674804688,10.434985399246216,0.0,0.0,6.544183731079102,0.4737358093261719,10.40179443359375,0.0,0.0,6.741859436035156,0.49553680419921875,10.00423812866211,0.0,0.0,6.431987285614014,0.4631185531616211,10.658032894134521,0.0,0.0,5.952096700668335,0.48371291160583496,9.626500844955444,0.0,0.0,5.773120760917664,0.43085479736328125,9.086971163749695,0.0,0.0,5.936009168624878,0.44675445556640625,9.442732572555542,0.0,0.0,5.112536430358887,0.4192638397216797,8.383999824523926,0.0,0.0,3.698899745941162,0.3645505905151367,6.639324903488159,0.0,0.0,4.686864376068115,0.3654651641845703,8.091378211975098,0.0,0.0,3.500647485256195,0.3129844665527344,6.5418471693992615,0.0,0.0,4.3670618534088135,0.36797332763671875,7.707857370376587,0.0,0.0,3.7214144468307495,0.3293571472167969,6.735600650310516,0.0,0.0,4.979693293571472,0.5080665349960327,9.282557725906372,0.0,0.0,4.613595962524414,0.4053764343261719,8.101277828216553,0.0,0.0,5.275062561035156,0.48933982849121094,10.126096248626709,0.0,0.0,6.630362808704376,0.4935600161552429,12.486620008945465,0.0,0.0
41,grounded,25,0.62353515625,12.786563873291016,0.9373983144760132,20.551066637039185,0.0019207596778869629,0.0019207596778869629,9.838978588581085,0.8316330909729004,16.25951623916626,0.012729227542877197,0.03290259838104248,11.443377614021301,0.8635276556015015,18.3008171916008,0.019521713256835938,0.030549049377441406,1.473928451538086,0.14586639404296875,2.3271121978759766,0.0,0.0,1.2580413818359375,0.13741683959960938,2.012126922607422,0.0,0.0,1.426849365234375,0.14711761474609375,2.2802810668945312,0.0,0.0,1.7188262939453125,0.161102294921875,2.65606689453125,0.0,0.0,2.524385452270508,0.2299652099609375,3.7987442016601562,0.0,0.0,2.952817916870117,0.32248687744140625,4.444173812866211,0.0,0.0,3.8975963592529297,0.3693370819091797,5.9729156494140625,0.0,0.0,4.030344009399414,0.3504819869995117,5.746603012084961,0.0,0.0,4.740523338317871,0.47846126556396484,6.741244316101074,0.0,0.0,4.249913692474365,0.4684028625488281,6.1707892417907715,0.0,0.0,4.6114912033081055,0.44261932373046875,6.270232200622559,0.0,0.0,5.063145160675049,0.5304412841796875,7.220076084136963,0.0,0.0,5.786868095397949,0.5193061828613281,7.696829795837402,0.0,0.0,4.648041129112244,0.44876623153686523,6.601704001426697,0.0,0.0,5.010972023010254,0.5097436904907227,6.872185707092285,0.0,0.0,4.996124744415283,0.5443840026855469,7.238556385040283,0.0,0.0,4.176713943481445,0.4078197479248047,6.266918182373047,0.0,0.0,3.365427017211914,0.3564338684082031,4.973407745361328,0.0,0.0,3.538461446762085,0.3897380828857422,5.379269361495972,0.0,0.0,3.333139419555664,0.48329901695251465,5.229200124740601,0.0,0.0,2.6543970108032227,0.387423038482666,4.291653275489807,0.0,0.0,3.1757888793945312,0.35992431640625,5.085078239440918,0.0,0.0,2.5733038187026978,0.33202362060546875,4.471019625663757,0.0,0.0,3.3797388076782227,0.4036979675292969,5.105782508850098,0.0,0.0,2.6645984649658203,0.30196571350097656,4.440405070781708,0.0,0.0,3.4576691389083862,0.44446325302124023,5.716262221336365,0.0,0.0,3.917571544647217,0.47797632217407227,5.9875569343566895,0.0,0.0,4.4470062255859375,0.4405994415283203,7.110601425170898,0.0,0.0,5.185096025466919,0.517623782157898,8.17624968290329,0.0,0.0
41,hallucinated,21,0.5380859375,9.131386041641235,0.9335155487060547,16.895888805389404,0.0,0.0,7.0803720355033875,0.8316330909729004,13.500909686088562,0.013540089130401611,0.025846004486083984,8.085632264614105,0.8736798167228699,14.943071842193604,0.019521713256835938,0.030549049377441406,1.1553916931152344,0.15642929077148438,2.008575439453125,0.0,0.0,0.9533004760742188,0.1323089599609375,1.7073860168457031,0.0,0.0,1.0579795837402344,0.1446380615234375,1.9114112854003906,0.0,0.0,1.132242202758789,0.155059814453125,2.0694828033447266,0.0,0.0,1.7255916595458984,0.22078323364257812,2.999950408935547,0.0,0.0,2.087474822998047,0.2757148742675781,3.5788307189941406,0.0,0.0,2.937201499938965,0.37134552001953125,5.012520790100098,0.0,0.0,2.7558562755584717,0.3847510814666748,4.4721152782440186,0.0,0.0,3.184819221496582,0.42322444915771484,5.185540199279785,0.0,0.0,2.867814064025879,0.34607696533203125,4.788689613342285,0.0,0.0,2.9406185150146484,0.3845844268798828,4.599359512329102,0.0,0.0,3.3489646911621094,0.42952728271484375,5.505895614624023,0.0,0.0,4.045581817626953,0.4908943176269531,5.955543518066406,0.0,0.0,3.2237043380737305,0.3738279342651367,5.177367210388184,0.0,0.0,3.5450985431671143,0.40090370178222656,5.4063122272491455,0.0,0.0,3.9592976570129395,0.48451805114746094,6.2017292976379395,0.0,0.0,3.3434200286865234,0.3781089782714844,5.433624267578125,0.0,0.0,2.7903757095336914,0.36884307861328125,4.3983564376831055,0.0,0.0,2.9474573135375977,0.3897380828857422,4.788265228271484,0.0,0.0,2.924435615539551,0.48329901695251465,4.820496320724487,0.0,0.0,2.5330142974853516,0.387423038482666,4.170270562171936,0.0,0.0,2.4615983963012695,0.35992431640625,4.370887756347656,0.0,0.0,2.1551259756088257,0.33202362060546875,4.052841782569885,0.0,0.0,2.30478572845459,0.32472991943359375,4.030829429626465,0.0,0.0,2.17183780670166,0.28618621826171875,3.9476444125175476,0.0,0.0,2.6020922660827637,0.44446325302124023,4.860685348510742,0.0,0.0,2.7844581604003906,0.4473104476928711,4.854443550109863,0.0,0.0,3.262486457824707,0.4142723083496094,5.926081657409668,0.0,0.0,3.865563929080963,0.4651721715927124,6.856717586517334,0.0,0.0
42,grounded,23,0.56201171875,10.071992754936218,0.9434864521026611,18.762056350708008,0.00945734977722168,0.010047674179077148,8.514827907085419,0.8669054508209229,15.525215327739716,0.034269511699676514,0.037574827671051025,8.671630620956421,0.8689289093017578,16.138216376304626,0.020802974700927734,0.06052708625793457,1.3924636840820312,0.18320465087890625,2.6507415771484375,0.0,0.0,1.1441116333007812,0.13297271728515625,2.0723533630371094,0.0,0.0,1.227198600769043,0.132232666015625,2.227107048034668,0.0,0.0,1.4899673461914062,0.18546295166015625,2.5967636108398438,0.0,0.0,2.0190086364746094,0.23810577392578125,3.4309463500976562,0.0,0.0,2.637645721435547,0.32633209228515625,4.3771514892578125,0.0,0.0,3.1005983352661133,0.3545694351196289,5.207898139953613,0.0,0.0,3.370102882385254,0.4728107452392578,5.223176002502441,0.0,0.0,3.4562864303588867,0.460479736328125,5.342951774597168,0.0,0.0,3.189282178878784,0.4398152828216553,5.016150236129761,0.0,0.0,3.689817428588867,0.48508453369140625,5.196699142456055,0.0,0.0,4.024356842041016,0.48295021057128906,6.236412048339844,0.0,0.0,4.443689346313477,0.4912910461425781,6.64610481262207,0.0,0.0,3.6619815826416016,0.404541015625,5.825084686279297,0.0,0.0,4.406183242797852,0.48081207275390625,6.499628067016602,0.0,0.0,4.265965461730957,0.45694446563720703,6.65958309173584,0.0,0.0,3.8401002883911133,0.40369415283203125,5.884427070617676,0.0,0.0,3.337383270263672,0.33434152603149414,5.002396106719971,0.0,0.0,3.6475563049316406,0.4433746337890625,5.779575347900391,0.0,0.0,3.1075079441070557,0.4201650619506836,5.030329942703247,0.0,0.0,2.495668411254883,0.2803964614868164,4.238518238067627,0.0,0.0,2.95511531829834,0.3359346389770508,4.883649468421936,0.0,0.0,2.3288984298706055,0.33928394317626953,4.2548322677612305,0.0,0.0,3.2631123065948486,0.37008094787597656,5.405402421951294,0.0,0.0,2.520416259765625,0.3381004333496094,4.499126315116882,0.0,0.0,3.436425030231476,0.454254150390625,5.972153961658478,0.0,0.0,3.596055030822754,0.46120643615722656,5.962180137634277,0.0,0.0,3.8812164068222046,0.45128726959228516,6.827115416526794,0.0,0.0,4.000068664550781,0.4449141025543213,7.48931086063385,0.0,0.0
42,hallucinated,27,0.576171875,13.805159330368042,0.9480845928192139,22.49522292613983,0.00945734977722168,0.00945734977722168,11.66777366399765,0.8669111728668213,18.67816400527954,0.034284770488739014,0.05691760778427124,11.97065007686615,0.8622393608093262,19.43695366382599,0.03998064994812012,0.13029634952545166,1.8678703308105469,0.17476654052734375,3.1257286071777344,0.0,0.0,1.540374755859375,0.13297271728515625,2.4685325622558594,0.0,0.0,1.7865791320800781,0.15026092529296875,2.7866477966308594,0.0,0.0,2.105701446533203,0.18538665771484375,3.213245391845703,0.0,0.0,2.776947021484375,0.23796844482421875,4.1884307861328125,0.0,0.0,3.584148406982422,0.326141357421875,5.323820114135742,0.0,0.0,4.284399032592773,0.348052978515625,6.391904830932617,0.0,0.0,4.4425764083862305,0.47249794006347656,6.295619010925293,0.0,0.0,4.69013786315918,0.4609241485595703,6.575723648071289,0.0,0.0,4.147942304611206,0.439744234085083,5.975167989730835,0.0,0.0,4.899639129638672,0.48528289794921875,6.4070587158203125,0.0,0.0,5.332427978515625,0.4550056457519531,7.545753479003906,0.0,0.0,6.1783366203308105,0.5352745056152344,8.380099773406982,0.0,0.0,4.948071479797363,0.404205322265625,7.110724449157715,0.0,0.0,5.933342218399048,0.5802688598632812,8.025548219680786,0.0,0.0,5.674195289611816,0.4524822235107422,8.067076683044434,0.0,0.0,4.954041481018066,0.4039421081542969,6.997513771057129,0.0,0.0,4.376158714294434,0.3610095977783203,6.0412068367004395,0.0,0.0,4.821389198303223,0.4238862991333008,6.9528398513793945,0.0,0.0,4.240130424499512,0.41997623443603516,6.16349983215332,0.0,0.0,3.345184326171875,0.28055477142333984,5.088043689727783,0.0,0.0,3.946805477142334,0.33573150634765625,5.875380635261536,0.0,0.0,2.9521617889404297,0.3395252227783203,4.879341125488281,0.0,0.0,3.9566197395324707,0.36978816986083984,6.099442958831787,0.0,0.0,3.2324557304382324,0.3382568359375,5.211274981498718,0.0,0.0,4.232547044754028,0.45427513122558594,6.769512176513672,0.0,0.0,4.5930280685424805,0.4612998962402344,6.959493637084961,0.0,0.0,5.029390096664429,0.4514131546020508,7.977979421615601,0.0,0.0,5.530616521835327,0.4632188677787781,9.022339880466461,0.0,0.0
43,grounded,25,0.64453125,11.03821587562561,0.946753978729248,20.624385833740234,0.0060272216796875,0.0063097476959228516,9.322423040866852,0.8539519309997559,17.050966024398804,0.043409109115600586,0.04776555299758911,9.545384645462036,0.8842740058898926,17.548026025295258,0.05332517623901367,0.14412695169448853,1.5643768310546875,0.19477081298828125,2.936279296875,0.0,0.0,1.2854423522949219,0.14456939697265625,2.3818435668945312,0.0,0.0,1.3011445999145508,0.1320648193359375,2.3783769607543945,0.0,0.0,1.5864372253417969,0.18597412109375,2.8652515411376953,0.0,0.0,2.173011541366577,0.2378826141357422,3.7556378841400146,0.0,0.0,2.6809616088867188,0.3267555236816406,4.592517852783203,0.0,0.0,3.351222038269043,0.3639373779296875,5.69052791595459,0.0,0.0,3.790139675140381,0.4185523986816406,5.867311000823975,0.0,0.0,3.647367477416992,0.49710845947265625,5.658220291137695,0.0,0.0,3.327822685241699,0.45156002044677734,5.335378646850586,0.0,0.0,3.842458724975586,0.44754695892333984,5.582498550415039,0.0,0.0,4.414948463439941,0.4801750183105469,7.007292747497559,0.0,0.0,4.950984954833984,0.5416183471679688,7.31061053276062,0.0,0.0,3.9924869537353516,0.392608642578125,6.283346176147461,0.0,0.0,4.4725494384765625,0.5093898773193359,6.645159721374512,0.0,0.0,4.697299957275391,0.4628486633300781,7.244380950927734,0.0,0.0,4.4017229080200195,0.45752716064453125,6.775797247886658,0.0,0.0,3.5340309143066406,0.3457221984863281,5.399900913238525,0.0,0.0,3.9593496322631836,0.44097137451171875,6.247075080871582,0.0,0.0,3.348245620727539,0.39682328701019287,5.3855966329574585,0.0,0.0,2.5982894897460938,0.29628753662109375,4.527407169342041,0.0,0.0,3.000009536743164,0.31810951232910156,5.089460134506226,0.0,0.0,2.3643150329589844,0.30182647705078125,4.461990833282471,0.0,0.0,3.2592906951904297,0.3611166477203369,5.594632148742676,0.0,0.0,2.687994956970215,0.31410837173461914,4.905725479125977,0.0,0.0,3.7014536261558533,0.43741655349731445,6.5148860812187195,0.0,0.0,3.7715024948120117,0.48370933532714844,6.417376518249512,0.0,0.0,3.880781650543213,0.43849849700927734,7.11223840713501,0.0,0.0,4.458178699016571,0.4873160719871521,8.335354447364807,0.0,0.0
43,hallucinated,26,0.6279296875,11.986109256744385,0.9451696872711182,21.57227921485901,0.0060272216796875,0.006128072738647461,10.051469147205353,0.8505116701126099,17.780012130737305,0.043409109115600586,0.04503512382507324,10.332389116287231,0.8656284809112549,18.335030496120453,0.05332517623901367,0.17050284147262573,1.6058425903320312,0.17633819580078125,2.9777450561523438,0.0,0.0,1.3307762145996094,0.14456939697265625,2.4271774291992188,0.0,0.0,1.385411262512207,0.13616180419921875,2.462643623352051,0.0,0.0,1.7187862396240234,0.18597412109375,2.997600555419922,0.0,0.0,2.4275853633880615,0.2378826141357422,4.010211706161499,0.0,0.0,2.7939071655273438,0.3267555236816406,4.705463409423828,0.0,0.0,3.6578469276428223,0.3639373779296875,5.997152805328369,0.0,0.0,4.0215582847595215,0.4185523986816406,6.098729610443115,0.0,0.0,4.015636444091797,0.49710845947265625,6.0264892578125,0.0,0.0,3.615147590637207,0.45156002044677734,5.622703552246094,0.0,0.0,4.129919052124023,0.44754695892333984,5.869958877563477,0.0,0.0,4.653026580810547,0.4774513244628906,7.245370864868164,0.0,0.0,5.630153656005859,0.5495939254760742,7.989779233932495,0.0,0.0,4.319965362548828,0.392608642578125,6.6108245849609375,0.0,0.0,4.904160976409912,0.4828372001647949,7.076771259307861,0.0,0.0,5.045301914215088,0.4494514465332031,7.592382907867432,0.0,0.0,4.529483795166016,0.4154853820800781,6.903558135032654,0.0,0.0,3.6456189155578613,0.3284769058227539,5.511488914489746,0.0,0.0,4.111058235168457,0.39723968505859375,6.3987836837768555,0.0,0.0,3.835601329803467,0.39682328701019287,5.872952342033386,0.0,0.0,2.810831069946289,0.29628753662109375,4.739948749542236,0.0,0.0,3.1574578285217285,0.31810951232910156,5.24690842628479,0.0,0.0,2.478767454624176,0.30182647705078125,4.576443254947662,0.0,0.0,3.273662805557251,0.35585784912109375,5.609004259109497,0.0,0.0,2.955045223236084,0.3449082374572754,5.172775745391846,0.0,0.0,3.745739698410034,0.43741655349731445,6.5591721534729,0.0,0.0,3.995598793029785,0.48370933532714844,6.641472816467285,0.0,0.0,4.339968681335449,0.4530467987060547,7.571425437927246,0.0,0.0,4.768067002296448,0.4873160719871521,8.645242750644684,0.0,0.0
44,grounded,27,0.59130859375,12.042465329170227,0.9495658874511719,22.564781069755554,0.006470799446105957,0.008783936500549316,10.455937564373016,0.8712069988250732,19.151127755641937,0.024238765239715576,0.029572725296020508,10.486130475997925,0.8786516189575195,19.42417597770691,0.06528711318969727,0.14078092575073242,1.6812477111816406,0.20123291015625,3.1635913848876953,0.0,0.0,1.4120635986328125,0.14312744140625,2.5986595153808594,0.0,0.0,1.6056294441223145,0.18400144577026367,2.937429904937744,0.0,0.0,1.982203483581543,0.19485092163085938,3.5689802169799805,0.0,0.0,2.3949403762817383,0.24309635162353516,4.184842109680176,0.0,0.0,3.198209762573242,0.34228515625,5.439504623413086,0.0,0.0,3.6865386962890625,0.3477210998535156,6.2837982177734375,0.0,0.0,4.1075661182403564,0.42177844047546387,6.43036961555481,0.0,0.0,4.355205535888672,0.4518013000488281,6.841484069824219,0.0,0.0,3.9329447746276855,0.43289947509765625,6.33313512802124,0.0,0.0,4.493744373321533,0.4995613098144531,6.503860950469971,0.0,0.0,4.863208770751953,0.45379638671875,7.732120513916016,0.0,0.0,5.350313663482666,0.5266780853271484,8.186399936676025,0.0,0.0,4.556428909301758,0.4489936828613281,7.257709503173828,0.0,0.0,4.9448089599609375,0.46701812744140625,7.601917266845703,0.0,0.0,5.151115417480469,0.4556703567504883,8.203866958618164,0.0,0.0,5.157952427864075,0.46923828125,7.887125134468079,0.0,0.0,3.999989092350006,0.34745025634765625,6.091737329959869,0.0,0.0,4.465607166290283,0.43189477920532227,7.134741306304932,0.0,0.0,3.85758113861084,0.377105712890625,6.039210319519043,0.0,0.0,3.044980049133301,0.3103523254394531,5.07638692855835,0.0,0.0,3.603440761566162,0.3416733741760254,5.99544370174408,0.0,0.0,2.5186758041381836,0.3237152099609375,4.703345775604248,0.0,0.0,3.5583667755126953,0.3396720886230469,6.003401756286621,0.0,0.0,2.653768539428711,0.2757118344306946,4.808230221271515,0.0,0.0,3.945953607559204,0.4159049987792969,6.728484869003296,0.0,0.0,4.177072525024414,0.4523296356201172,6.741899013519287,0.0,0.0,4.240081787109375,0.42566871643066406,7.605063438415527,0.0,0.0,4.722097456455231,0.4170393943786621,8.913850009441376,0.0,0.0
44,hallucinated,28,0.57421875,12.991879940032959,0.9477970600128174,23.514195680618286,0.006470799446105957,0.007156014442443848,11.211893081665039,0.8662188053131104,19.90708327293396,0.024238765239715576,0.03164571523666382,11.31178891658783,0.8644342422485352,20.249834418296814,0.06528711318969727,0.16692590713500977,1.7110710144042969,0.1795196533203125,3.1934146881103516,0.0,0.0,1.4762954711914062,0.14312744140625,2.662891387939453,0.0,0.0,1.698814868927002,0.18400144577026367,3.0306153297424316,0.0,0.0,2.120205879211426,0.19485092163085938,3.7069826126098633,0.0,0.0,2.5861024856567383,0.24309635162353516,4.376004219055176,0.0,0.0,3.2962703704833984,0.34228515625,5.537565231323242,0.0,0.0,4.086655616760254,0.3477210998535156,6.683915138244629,0.0,0.0,4.332068681716919,0.42177844047546387,6.654872179031372,0.0,0.0,4.764833450317383,0.4518013000488281,7.25111198425293,0.0,0.0,4.207923412322998,0.43289947509765625,6.608113765716553,0.0,0.0,4.857631206512451,0.4995613098144531,6.867747783660889,0.0,0.0,5.129183292388916,0.4612255096435547,7.9980950355529785,0.0,0.0,5.98676061630249,0.5266780853271484,8.82284688949585,0.0,0.0,4.964544296264648,0.4489936828613281,7.665824890136719,0.0,0.0,5.448680877685547,0.48683738708496094,8.105789184570312,0.0,0.0,5.716860771179199,0.48445701599121094,8.769612312316895,0.0,0.0,5.483611702919006,0.46923828125,8.21278440952301,0.0,0.0,4.154724657535553,0.34745025634765625,6.246472895145416,0.0,0.0,4.7638020515441895,0.43189477920532227,7.432936191558838,0.0,0.0,4.20964241027832,0.377105712890625,6.391271591186523,0.0,0.0,3.1421899795532227,0.3103523254394531,5.1735968589782715,0.0,0.0,3.8033509254455566,0.3416733741760254,6.195353865623474,0.0,0.0,2.6314382553100586,0.3237152099609375,4.816108226776123,0.0,0.0,3.5056419372558594,0.3198690414428711,5.950676918029785,0.0,0.0,2.8065402507781982,0.27739381790161133,4.961001932621002,0.0,0.0,4.0022953748703,0.4159049987792969,6.784826636314392,0.0,0.0,4.287097930908203,0.4523296356201172,6.851924419403076,0.0,0.0,4.572796404361725,0.42566871643066406,7.937778055667877,0.0,0.0,5.056531608104706,0.4170393943786621,9.24828416109085,0.0,0.0
45,grounded,32,0.70263671875,14.898251235485077,0.9546608924865723,27.222509443759918,0.015204012393951416,0.024446487426757812,11.964292228221893,0.8603419065475464,22.173996210098267,0.017131030559539795,0.040815651416778564,12.966820001602173,0.8910317420959473,23.146779537200928,0.06475377082824707,0.1097867488861084,2.013890266418457,0.1716766357421875,3.6860361099243164,0.0,0.0,1.6513595581054688,0.1468353271484375,2.976703643798828,0.0,0.0,1.8000078201293945,0.1303558349609375,3.2140817642211914,0.0,0.0,2.052490234375,0.17710113525390625,3.5905609130859375,0.0,0.0,2.9693374633789062,0.25257301330566406,4.9201812744140625,0.0,0.0,3.889023780822754,0.3657693862915039,6.4124555587768555,0.0,0.0,4.622257232666016,0.364166259765625,7.711479187011719,0.0,0.0,4.9194581508636475,0.4510345458984375,7.737016439437866,0.0,0.0,5.430760383605957,0.5576562881469727,8.297699928283691,0.0,0.0,4.97603702545166,0.4464530944824219,7.715197563171387,0.0,0.0,5.343481063842773,0.45413875579833984,7.749401092529297,0.0,0.0,6.183401107788086,0.46825599670410156,9.239471435546875,0.0,0.0,7.197809219360352,0.5882673263549805,10.4940185546875,0.0,0.0,5.463824272155762,0.4312782287597656,8.447982788085938,0.0,0.0,6.229119896888733,0.5138111114501953,9.11359179019928,0.0,0.0,5.8610358238220215,0.47860240936279297,9.03063678741455,0.0,0.0,5.03564977645874,0.4148693084716797,7.837601184844971,0.0,0.0,4.533282279968262,0.38160717487335205,6.832852482795715,0.0,0.0,4.69752311706543,0.4289970397949219,7.469213485717773,0.0,0.0,4.3517537117004395,0.39900684356689453,6.7367329597473145,0.0,0.0,3.335524559020996,0.3298759460449219,5.584052562713623,0.0,0.0,3.8695521354675293,0.38271331787109375,6.3689268827438354,0.0,0.0,3.0812315940856934,0.33131980895996094,5.417747974395752,0.0,0.0,4.229526400566101,0.40533447265625,6.923060774803162,0.0,0.0,3.3826602697372437,0.3501396179199219,5.920858025550842,0.0,0.0,4.639082670211792,0.45926666259765625,7.879552364349365,0.0,0.0,5.427305281162262,0.5062971711158752,8.5858855843544,0.0,0.0,9.507283926010132,0.6665830612182617,14.782997846603394,0.0,0.0,10.118017137050629,0.69253009557724,16.315761923789978,0.0,0.0
45,hallucinated,32,0.69921875,14.900959014892578,0.9518994092941284,27.22521722316742,0.015204012393951416,0.024075984954833984,11.99274206161499,0.8603419065475464,22.202446043491364,0.017131030559539795,0.038639843463897705,12.957898378372192,0.8858766555786133,23.137857913970947,0.06475377082824707,0.1097867488861084,1.9412546157836914,0.1716766357421875,3.613400459289551,0.0,0.0,1.6344375610351562,0.1468353271484375,2.9597816467285156,0.0,0.0,1.8188295364379883,0.13837432861328125,3.232903480529785,0.0,0.0,2.1043014526367188,0.17710113525390625,3.6423721313476562,0.0,0.0,3.003673553466797,0.25257301330566406,4.954517364501953,0.0,0.0,3.902207374572754,0.3657693862915039,6.4256391525268555,0.0,0.0,4.654497146606445,0.364166259765625,7.743719100952148,0.0,0.0,4.811044454574585,0.4510345458984375,7.628602743148804,0.0,0.0,5.529791831970215,0.5576562881469727,8.39673137664795,0.0,0.0,5.018505096435547,0.4464530944824219,7.757665634155273,0.0,0.0,5.494401931762695,0.45413875579833984,7.900321960449219,0.0,0.0,6.281024932861328,0.475921630859375,9.337095260620117,0.0,0.0,7.218061923980713,0.5882673263549805,10.514271259307861,0.0,0.0,5.434482574462891,0.4312782287597656,8.418641090393066,0.0,0.0,6.366653323173523,0.5181484222412109,9.25112521648407,0.0,0.0,5.925294399261475,0.47860240936279297,9.094895362854004,0.0,0.0,5.1386637687683105,0.4148693084716797,7.940615177154541,0.0,0.0,4.586513519287109,0.38160717487335205,6.886083722114563,0.0,0.0,4.722841262817383,0.4289970397949219,7.494531631469727,0.0,0.0,4.391675710678101,0.39900684356689453,6.776654958724976,0.0,0.0,3.32083797454834,0.3298759460449219,5.569365978240967,0.0,0.0,3.897263526916504,0.38271331787109375,6.39663827419281,0.0,0.0,3.0145936012268066,0.33131980895996094,5.351109981536865,0.0,0.0,4.11232054233551,0.40533447265625,6.805854916572571,0.0,0.0,3.492055892944336,0.3501396179199219,6.030253648757935,0.0,0.0,4.705114126205444,0.45926666259765625,7.945583820343018,0.0,0.0,5.453078329563141,0.5062971711158752,8.61165863275528,0.0,0.0,9.663196086883545,0.6814982891082764,14.938910007476807,0.0,0.0,10.064925193786621,0.69253009557724,16.26266998052597,0.0,0.0
46,grounded,32,0.64501953125,14.930517435073853,0.9542665481567383,27.269162893295288,0.006288766860961914,0.011456727981567383,13.235901951789856,0.8847131729125977,23.19421285390854,0.03405582904815674,0.03405582904815674,13.186513543128967,0.8883190155029297,23.219401717185974,0.06839025020599365,0.15026044845581055,2.3045005798339844,0.2248077392578125,4.2570953369140625,0.0,0.0,1.8278732299804688,0.1616058349609375,3.32806396484375,0.0,0.0,2.059687614440918,0.15335845947265625,3.6887693405151367,0.0,0.0,2.415191650390625,0.20703125,4.31011962890625,0.0,0.0,3.4837164878845215,0.3174457550048828,5.800014019012451,0.0,0.0,3.7909889221191406,0.31479644775390625,6.466106414794922,0.0,0.0,4.810178756713867,0.3822746276855469,8.236852169036865,0.0,0.0,5.088662147521973,0.4073448181152344,7.976082801818848,0.0,0.0,5.505459785461426,0.43973731994628906,8.802688598632812,0.0,0.0,5.360185861587524,0.43856334686279297,8.449060678482056,0.0,0.0,5.785196304321289,0.4612255096435547,8.428001403808594,0.0,0.0,6.5981526374816895,0.4908714294433594,10.434145450592041,0.0,0.0,6.736124753952026,0.5337638854980469,10.333197355270386,0.0,0.0,5.927596092224121,0.4730052947998047,9.329972267150879,0.0,0.0,6.886167526245117,0.5370635986328125,10.5941801071167,0.0,0.0,6.449166774749756,0.464111328125,10.330586910247803,0.0,0.0,6.238828182220459,0.5053377151489258,9.703804731369019,0.0,0.0,5.043296456336975,0.3927321434020996,7.830992341041565,0.0,0.0,5.814289569854736,0.48805809020996094,9.332655429840088,0.0,0.0,4.728277206420898,0.37801337242126465,7.676070928573608,0.0,0.0,4.017604827880859,0.33242225646972656,6.701701641082764,0.0,0.0,4.60108494758606,0.35355186462402344,7.740662336349487,0.0,0.0,3.2575416564941406,0.2870941162109375,5.944972038269043,0.0,0.0,4.459568023681641,0.34862327575683594,7.515614986419678,0.0,0.0,3.4825191497802734,0.3888587951660156,6.4518977999687195,0.0,0.0,5.1265698075294495,0.4337882995605469,8.814183413982391,0.0,0.0,5.1227099895477295,0.45863914489746094,8.76953673362732,0.0,0.0,5.348500490188599,0.44012928009033203,9.536258935928345,0.0,0.0,5.984118103981018,0.48597514629364014,11.201759397983551,0.0,0.0
46,hallucinated,26,0.45458984375,9.258792042732239,0.9463727474212646,21.597437500953674,0.008646726608276367,0.010052800178527832,7.999734103679657,0.8492710590362549,17.95225316286087,0.034056782722473145,0.037182509899139404,8.032640933990479,0.8654513359069824,18.083335161209106,0.06843000650405884,0.1483789086341858,1.3851089477539062,0.1858978271484375,3.3375415802001953,0.0,0.0,0.9836044311523438,0.16158294677734375,2.4831619262695312,0.0,0.0,1.3104019165039062,0.1576690673828125,2.939268112182617,0.0,0.0,1.5327167510986328,0.20699310302734375,3.4272098541259766,0.0,0.0,2.1273860931396484,0.2576446533203125,4.444339752197266,0.0,0.0,2.2481613159179688,0.271453857421875,4.923435211181641,0.0,0.0,2.7962493896484375,0.3623499870300293,6.223117351531982,0.0,0.0,3.115489959716797,0.36959075927734375,6.003383636474609,0.0,0.0,3.378690719604492,0.4143505096435547,6.676309585571289,0.0,0.0,3.0614051818847656,0.36338043212890625,6.1508026123046875,0.0,0.0,3.248493194580078,0.36932373046875,5.891304016113281,0.0,0.0,3.7529115676879883,0.4641685485839844,7.588205337524414,0.0,0.0,3.5687265396118164,0.4569587707519531,7.1658830642700195,0.0,0.0,3.093690872192383,0.3635730743408203,6.496767044067383,0.0,0.0,3.836515426635742,0.5058498382568359,7.544999122619629,0.0,0.0,3.6304569244384766,0.4162712097167969,7.512210845947266,0.0,0.0,2.809286594390869,0.3683738708496094,6.27660346031189,0.0,0.0,2.482870101928711,0.34259033203125,5.269147872924805,0.0,0.0,2.6469764709472656,0.40804290771484375,6.166131973266602,0.0,0.0,2.7540855407714844,0.3831825256347656,5.701257228851318,0.0,0.0,2.0411534309387207,0.29138946533203125,4.7254557609558105,0.0,0.0,2.5035972595214844,0.35263824462890625,5.642554759979248,0.0,0.0,2.160429000854492,0.2890491485595703,4.847578048706055,0.0,0.0,2.473881721496582,0.3374195098876953,5.529022693634033,0.0,0.0,2.543638229370117,0.38916015625,5.513031303882599,0.0,0.0,3.3550913333892822,0.4890460968017578,7.043351054191589,0.0,0.0,3.30874240398407,0.4583015441894531,6.956296801567078,0.0,0.0,3.6945712566375732,0.45036113262176514,7.882853269577026,0.0,0.0,4.4626235365867615,0.6340750455856323,9.678145945072174,0.0,0.0
47,grounded,36,0.64599609375,19.45722669363022,0.9581120014190674,30.800455152988434,0.004702389240264893,0.009213745594024658,17.95210963487625,0.9083530306816101,27.64358478784561,0.038018226623535156,0.09509742259979248,16.250433444976807,0.8282818794250488,25.056935846805573,0.03805398941040039,0.043357908725738525,5.546991944313049,0.6026865243911743,7.123745560646057,0.0,0.0,5.2869873046875,0.59197998046875,6.466892242431641,0.0,0.0,5.224491119384766,0.46828746795654297,6.549964904785156,0.0,0.0,4.775213241577148,0.4287910461425781,6.165410995483398,0.0,0.0,5.217259109020233,0.46680134534835815,7.0728060603141785,0.0,0.0,4.481194496154785,0.287506103515625,6.474549293518066,0.0,0.0,5.7690935134887695,0.33744049072265625,8.438424587249756,0.0,0.0,6.217284679412842,0.38924407958984375,8.433540344238281,0.0,0.0,7.287342071533203,0.5081920623779297,9.764400959014893,0.0,0.0,5.654889106750488,0.37671852111816406,8.084362626075745,0.0,0.0,6.9919352531433105,0.4511737823486328,9.214931011199951,0.0,0.0,7.887436866760254,0.5785646438598633,10.702485084533691,0.0,0.0,8.245981454849243,0.5503883361816406,10.915508508682251,0.0,0.0,7.27057957649231,0.45484447479248047,10.079153299331665,0.0,0.0,7.314464330673218,0.4612541198730469,9.659959554672241,0.0,0.0,8.236123740673065,0.47183704376220703,11.409017264842987,0.0,0.0,7.648838520050049,0.49385643005371094,10.632253646850586,0.0,0.0,6.178274035453796,0.45062255859375,8.54685914516449,0.0,0.0,6.6463141441345215,0.4471445083618164,9.205274105072021,0.0,0.0,6.711561322212219,0.44584202766418457,9.23140287399292,0.0,0.0,4.938831806182861,0.3721809387207031,7.263706207275391,0.0,0.0,5.938620328903198,0.3981590270996094,8.477380514144897,0.0,0.0,4.252364873886108,0.35886192321777344,6.650810956954956,0.0,0.0,5.615686893463135,0.38164186477661133,8.116399765014648,0.0,0.0,4.72026252746582,0.3535327911376953,7.083235263824463,0.0,0.0,5.551229953765869,0.4560842514038086,8.486942291259766,0.0,0.0,6.552880764007568,0.47001171112060547,9.590105056762695,0.0,0.0,12.747605383396149,0.6823329925537109,18.530896246433258,0.0,0.0,13.506510317325592,0.7114808559417725,19.805094838142395,0.00874704122543335,0.00874704122543335
47,hallucinated,29,0.6484375,12.950094282627106,0.9522626399993896,24.29332274198532,0.0019843578338623047,0.0028502941131591797,11.875505447387695,0.890845537185669,21.566980600357056,0.038018226623535156,0.09076946973800659,10.801330029964447,0.8232717514038086,19.607832431793213,0.03805398941040039,0.03805398941040039,1.6994247436523438,0.17725753784179688,3.2761783599853516,0.0,0.0,1.4074249267578125,0.1474761962890625,2.587329864501953,0.0,0.0,1.738591194152832,0.23807716369628906,3.0640649795532227,0.0,0.0,1.9846057891845703,0.22014999389648438,3.3748035430908203,0.0,0.0,2.6687259674072266,0.2684669494628906,4.524303436279297,0.0,0.0,3.0236454010009766,0.2648887634277344,5.016820907592773,0.0,0.0,4.0048627853393555,0.3463106155395508,6.6741108894348145,0.0,0.0,4.096238851547241,0.3888435363769531,6.3122265338897705,0.0,0.0,4.628373622894287,0.5079936981201172,7.105489730834961,0.0,0.0,3.6367568969726562,0.3765411376953125,6.066139042377472,0.0,0.0,4.477509021759033,0.42785167694091797,6.700035572052002,0.0,0.0,4.668242454528809,0.4335479736328125,7.482687950134277,0.0,0.0,5.399313926696777,0.49654197692871094,8.067854881286621,0.0,0.0,4.4546003341674805,0.4003791809082031,7.263430595397949,0.0,0.0,4.897571325302124,0.46117401123046875,7.243123769760132,0.0,0.0,5.453435301780701,0.45732879638671875,8.62703263759613,0.0,0.0,5.533880233764648,0.4938850402832031,8.517044067382812,0.0,0.0,4.321280360221863,0.4505634307861328,6.6896737813949585,0.0,0.0,4.509549140930176,0.44701385498046875,7.069181442260742,0.0,0.0,4.62225079536438,0.4353504180908203,7.142052531242371,0.0,0.0,3.4231748580932617,0.3722267150878906,5.748415470123291,0.0,0.0,4.097722053527832,0.3979978561401367,6.636774897575378,0.0,0.0,2.9604833126068115,0.3589591979980469,5.358840703964233,0.0,0.0,3.9122891426086426,0.38219118118286133,6.412878036499023,0.0,0.0,3.2936902046203613,0.3165297508239746,5.6571701765060425,0.0,0.0,3.8090062141418457,0.4050426483154297,6.7448225021362305,0.0,0.0,4.537642955780029,0.47006702423095703,7.57421875,0.0,0.0,8.521427810192108,0.6553382873535156,14.304941833019257,0.0,0.0,9.00518536567688,0.7115543484687805,15.304002463817596,0.0,0.0
48,grounded,37,0.64501953125,14.93415641784668,0.961050271987915,31.748634040355682,0.00264894962310791,0.006655216217041016,13.657165944576263,0.8887758255004883,27.91010683774948,0.024698495864868164,0.06235098838806152,12.009291291236877,0.8339501023292542,25.111856043338776,0.043012142181396484,0.05533480644226074,8.186305046081543,0.5749251842498779,15.924212217330933,0.0,0.0,8.117410659790039,0.5598526000976562,15.748014450073242,0.0,0.0,7.10154914855957,0.4727439880371094,13.617937088012695,0.0,0.0,5.778068542480469,0.40978240966796875,11.1229248046875,0.0,0.0,5.533336639404297,0.4002254009246826,10.7816321849823,0.0,0.0,4.243166923522949,0.33234214782714844,7.926255226135254,0.0,0.0,4.920478820800781,0.3984518051147461,9.544426918029785,0.0,0.0,5.5692795515060425,0.4363440275192261,9.665400385856628,0.0,0.0,6.013296842575073,0.5020580291748047,10.694105863571167,0.0,0.0,5.309560775756836,0.4341297149658203,9.635839462280273,0.0,0.0,5.981079578399658,0.5017151832580566,9.886845111846924,0.0,0.0,6.267947196960449,0.48857688903808594,11.187620162963867,0.0,0.0,6.981312274932861,0.5070610046386719,12.013128757476807,0.0,0.0,5.729964256286621,0.4420509338378906,10.23140811920166,0.0,0.0,5.691097259521484,0.4682044982910156,9.936033248901367,0.0,0.0,6.198083877563477,0.49208831787109375,11.114336013793945,0.0,0.0,6.785212993621826,0.5316658020019531,11.403143882751465,0.0,0.0,5.103988707065582,0.43092483282089233,8.916658461093903,0.0,0.0,5.917396306991577,0.48679184913635254,10.436723470687866,0.0,0.0,5.401193141937256,0.4865403175354004,9.342203617095947,0.0,0.0,4.170332312583923,0.4266624450683594,7.749749541282654,0.0,0.0,4.6032490730285645,0.37288522720336914,8.93513011932373,0.0,0.0,3.5782480239868164,0.34064769744873047,7.5062150955200195,0.0,0.0,4.3426597118377686,0.38692760467529297,8.569626808166504,0.0,0.0,3.5270538330078125,0.2985095977783203,7.0263054966926575,0.0,0.0,4.696995735168457,0.4370574951171875,9.699496269226074,0.0,0.0,4.964569091796875,0.4635605812072754,9.760205268859863,0.0,0.0,5.3568156361579895,0.44415777921676636,11.048521399497986,0.0,0.0,6.454377114772797,0.6211784482002258,13.618805825710297,0.0,0.0
48,hallucinated,38,0.63525390625,15.883007884025574,0.9620136022567749,32.697485506534576,0.00264894962310791,0.006826519966125488,14.525128066539764,0.8945177793502808,28.778068959712982,0.024698495864868164,0.07603645324707031,12.878987550735474,0.8339501023292542,25.981552302837372,0.043012142181396484,0.05533480644226074,8.714247703552246,0.5749251842498779,16.452154874801636,0.0,0.0,8.640077590942383,0.5598526000976562,16.270681381225586,0.0,0.0,7.555274963378906,0.4727439880371094,14.071662902832031,0.0,0.0,6.162757873535156,0.4056243896484375,11.507614135742188,0.0,0.0,5.884025573730469,0.4011096954345703,11.132321119308472,0.0,0.0,4.432812690734863,0.33234214782714844,8.115900993347168,0.0,0.0,5.192888259887695,0.3984518051147461,9.8168363571167,0.0,0.0,5.820088267326355,0.4363440275192261,9.916209101676941,0.0,0.0,6.1933677196502686,0.5020580291748047,10.874176740646362,0.0,0.0,5.53803825378418,0.4202156066894531,9.864316940307617,0.0,0.0,6.143494129180908,0.5017151832580566,10.049259662628174,0.0,0.0,6.444098472595215,0.48857688903808594,11.363771438598633,0.0,0.0,7.529934406280518,0.5667247772216797,12.561750888824463,0.0,0.0,6.003205299377441,0.4421424865722656,10.50464916229248,0.0,0.0,6.123848915100098,0.4613800048828125,10.36878490447998,0.0,0.0,6.7867889404296875,0.4985198974609375,11.703041076660156,0.0,0.0,7.191039562225342,0.5472211837768555,11.80897045135498,0.0,0.0,5.3562211990356445,0.4381932020187378,9.168890953063965,0.0,0.0,6.089953899383545,0.4583735466003418,10.609281063079834,0.0,0.0,5.835752964019775,0.4865403175354004,9.776763439178467,0.0,0.0,4.348458647727966,0.4266624450683594,7.927875876426697,0.0,0.0,5.065763711929321,0.4155151844024658,9.397644758224487,0.0,0.0,3.881989002227783,0.34064769744873047,7.809956073760986,0.0,0.0,4.743157386779785,0.4220294952392578,8.97012448310852,0.0,0.0,3.9212656021118164,0.36384105682373047,7.420517265796661,0.0,0.0,4.99045467376709,0.4370574951171875,9.992955207824707,0.0,0.0,5.541948318481445,0.47121238708496094,10.337584495544434,0.0,0.0,6.030662357807159,0.4598073959350586,11.722368121147156,0.0,0.0,6.995814502239227,0.6202607154846191,14.160243213176727,0.0,0.0
49,grounded,35,0.55615234375,15.8075510263443,0.9531311988830566,29.922439694404602,0.008981585502624512,0.018210411071777344,13.924383401870728,0.9044373035430908,25.19665938615799,0.0025910139083862305,0.007222354412078857,12.715571880340576,0.855327844619751,24.26752233505249,0.02681756019592285,0.13292348384857178,5.2323819398880005,0.5957528352737427,7.468128323554993,0.0,0.0,5.013544082641602,0.5813064575195312,6.774866104125977,0.0,0.0,4.584087371826172,0.4966239929199219,6.290126800537109,0.0,0.0,4.302955627441406,0.4043464660644531,6.433387756347656,0.0,0.0,4.699417352676392,0.4670584201812744,7.4992759227752686,0.0,0.0,4.231603622436523,0.3213844299316406,7.420854568481445,0.0,0.0,5.220550537109375,0.4082679748535156,9.472833633422852,0.0,0.0,5.127647399902344,0.37681007385253906,8.691675186157227,0.0,0.0,5.709500551223755,0.442169189453125,9.652249574661255,0.0,0.0,5.286922454833984,0.3719902038574219,9.248889923095703,0.0,0.0,6.432695388793945,0.43872642517089844,10.128374099731445,0.0,0.0,6.7424468994140625,0.5111732482910156,11.239903450012207,0.0,0.0,7.5774030685424805,0.5385513305664062,12.387904167175293,0.0,0.0,6.937492191791534,0.5296401977539062,10.872550785541534,0.0,0.0,6.498428821563721,0.5004024505615234,9.939746856689453,0.0,0.0,6.703018665313721,0.48537445068359375,10.78914499282837,0.0,0.0,5.927191257476807,0.4396095275878906,10.14997386932373,0.0,0.0,4.540669202804565,0.3482675552368164,7.719342947006226,0.0,0.0,5.806440353393555,0.48184680938720703,9.613346099853516,0.0,0.0,5.025687217712402,0.44408750534057617,8.37825345993042,0.0,0.0,3.946559190750122,0.3428618907928467,7.173762559890747,0.0,0.0,4.632114410400391,0.4205913543701172,8.30453109741211,0.0,0.0,3.917344570159912,0.37639617919921875,7.432478904724121,0.0,0.0,4.542592763900757,0.4205913543701172,8.179377555847168,0.0,0.0,3.8003149032592773,0.35971832275390625,7.422575950622559,0.0,0.0,5.482131719589233,0.4484405517578125,10.098819494247437,0.0,0.0,5.318150520324707,0.4766807556152344,9.581374168395996,0.0,0.0,6.014578580856323,0.4441530704498291,11.392927408218384,0.0,0.0,6.699579834938049,0.49121540784835815,12.26750785112381,0.0,0.0
49,hallucinated,41,0.50927734375,21.609205543994904,0.9584202766418457,35.724094212055206,0.005025625228881836,0.010889649391174316,18.688377141952515,0.9044373035430908,29.960653126239777,0.007118642330169678,0.019088327884674072,18.01192706823349,0.8520569801330566,29.563877522945404,0.024198055267333984,0.033240318298339844,2.897052764892578,0.2109832763671875,5.13279914855957,0.0,0.0,2.572713851928711,0.180267333984375,4.334035873413086,0.0,0.0,2.6612815856933594,0.1639556884765625,4.367321014404297,0.0,0.0,3.6532211303710938,0.1988067626953125,5.783653259277344,0.0,0.0,4.688261032104492,0.2849388122558594,7.488119602203369,0.0,0.0,5.816001892089844,0.3285980224609375,9.005252838134766,0.0,0.0,7.835914611816406,0.40169525146484375,12.088197708129883,0.0,0.0,7.311827659606934,0.417938232421875,10.875855445861816,0.0,0.0,8.380633354187012,0.4543294906616211,12.323382377624512,0.0,0.0,7.385602951049805,0.413055419921875,11.347570419311523,0.0,0.0,7.852931022644043,0.4884071350097656,11.548609733581543,0.0,0.0,8.768394470214844,0.4997596740722656,13.265851020812988,0.0,0.0,9.806258201599121,0.5457382202148438,14.616759300231934,0.0,0.0,8.237363815307617,0.43988037109375,12.172422409057617,0.0,0.0,7.968628823757172,0.4770069122314453,11.409946858882904,0.0,0.0,8.881683349609375,0.5144329071044922,12.967809677124023,0.0,0.0,8.311936378479004,0.5115699768066406,12.534718990325928,0.0,0.0,6.3828518986701965,0.36402612924575806,9.561525642871857,0.0,0.0,7.681865453720093,0.43083953857421875,11.488771200180054,0.0,0.0,6.640602350234985,0.44408750534057617,9.993168592453003,0.0,0.0,5.242267608642578,0.3174285888671875,8.469470977783203,0.0,0.0,6.024164319038391,0.38031005859375,9.69658100605011,0.0,0.0,4.95141863822937,0.37639617919921875,8.466552972793579,0.0,0.0,5.54502010345459,0.3940715789794922,9.181804895401001,0.0,0.0,5.381596565246582,0.37749481201171875,9.003857612609863,0.0,0.0,6.148015737533569,0.4484405517578125,10.764703512191772,0.0,0.0,6.855195999145508,0.4766807556152344,11.118419647216797,0.0,0.0,8.35328722000122,0.49440765380859375,13.731636047363281,0.0,0.0,8.93813145160675,0.49359065294265747,14.506059467792511,0.0,0.0
50,grounded,28,0.6240234375,12.061360895633698,0.9512088298797607,23.420534551143646,0.0010914802551269531,0.0014581680297851562,10.786356508731842,0.8606530427932739,19.960043847560883,0.011751353740692139,0.029051542282104492,11.106786251068115,0.8974051475524902,20.93800139427185,0.05839061737060547,0.05839061737060547,1.7066192626953125,0.1943511962890625,3.2667064666748047,0.0,0.0,1.3936195373535156,0.1526336669921875,2.66925048828125,0.0,0.0,1.645101547241211,0.15088653564453125,2.9492321014404297,0.0,0.0,2.1690750122070312,0.2076263427734375,3.8735122680664062,0.0,0.0,3.013882637023926,0.3008766174316406,5.139132499694824,0.0,0.0,3.74200439453125,0.39458274841308594,6.322444915771484,0.0,0.0,3.922128677368164,0.3684883117675781,6.925750732421875,0.0,0.0,4.686267375946045,0.46943092346191406,7.488040447235107,0.0,0.0,4.7693681716918945,0.5660610198974609,7.672455787658691,0.0,0.0,4.475345611572266,0.5047836303710938,7.2405595779418945,0.0,0.0,5.238325119018555,0.5465335845947266,7.680936813354492,0.0,0.0,5.649765968322754,0.4802093505859375,9.073134422302246,0.0,0.0,6.083160877227783,0.587306022644043,9.175133228302002,0.0,0.0,5.421772003173828,0.5224704742431641,8.599987030029297,0.0,0.0,5.669773578643799,0.5009899139404297,8.85572862625122,0.0,0.0,5.615444183349609,0.4795560836791992,9.227185249328613,0.0,0.0,5.496469974517822,0.50384521484375,8.438227653503418,0.0,0.0,4.279529511928558,0.39998626708984375,6.601963937282562,0.0,0.0,4.774395942687988,0.4829120635986328,7.749293327331543,0.0,0.0,4.111524343490601,0.4027080535888672,6.822919607162476,0.0,0.0,3.133884906768799,0.32025718688964844,5.526735782623291,0.0,0.0,3.5037431716918945,0.34247589111328125,6.183328628540039,0.0,0.0,2.9268178939819336,0.3291473388671875,5.425407409667969,0.0,0.0,3.5560134053230286,0.37162303924560547,6.421736299991608,0.0,0.0,2.7776185274124146,0.3383750915527344,5.355967223644257,0.0,0.0,3.9601579308509827,0.4114856719970703,7.216384470462799,0.0,0.0,4.265378952026367,0.46453285217285156,7.245277941226959,0.0,0.0,4.333831191062927,0.380950927734375,8.360817790031433,0.0,0.0,4.960510194301605,0.44959700107574463,9.552719593048096,0.0,0.0
50,hallucinated,25,0.572265625,9.209886074066162,0.9426096677780151,20.56905972957611,0.001567065715789795,0.001567065715789795,8.10094827413559,0.8617505431175232,17.27466994524002,0.0065460205078125,0.01296091079711914,8.55798089504242,0.8720078468322754,18.393615305423737,0.04569137096405029,0.04569137096405029,1.0967864990234375,0.16319656372070312,2.6564102172851562,0.0,0.0,0.9910507202148438,0.15267181396484375,2.267223358154297,0.0,0.0,1.2698345184326172,0.20933151245117188,2.573637008666992,0.0,0.0,1.4265007972717285,0.2848038673400879,3.1297402381896973,0.0,0.0,1.8339309692382812,0.24089431762695312,3.9597816467285156,0.0,0.0,2.448911666870117,0.31506919860839844,5.029010772705078,0.0,0.0,2.817758083343506,0.3491535186767578,5.820674419403076,0.0,0.0,3.0936479568481445,0.4173431396484375,5.895871162414551,0.0,0.0,3.191965103149414,0.4340324401855469,6.094112396240234,0.0,0.0,2.871890664100647,0.3834724426269531,5.637278199195862,0.0,0.0,3.125150680541992,0.3862285614013672,5.567327499389648,0.0,0.0,3.656073570251465,0.46445465087890625,7.0780229568481445,0.0,0.0,4.076705455780029,0.5682454109191895,7.168319225311279,0.0,0.0,3.2650060653686523,0.4240245819091797,6.442244529724121,0.0,0.0,3.4426803588867188,0.554966926574707,6.6299147605896,0.0,0.0,3.584461212158203,0.5030536651611328,7.198990821838379,0.0,0.0,3.0776829719543457,0.4840536117553711,6.019291877746582,0.0,0.0,2.455638885498047,0.34638214111328125,4.778961181640625,0.0,0.0,2.511167526245117,0.3973846435546875,5.486793518066406,0.0,0.0,2.3751916885375977,0.43801307678222656,5.086838722229004,0.0,0.0,2.0653114318847656,0.32312774658203125,4.457817077636719,0.0,0.0,1.9830946922302246,0.34284210205078125,4.663560390472412,0.0,0.0,1.724687099456787,0.32944679260253906,4.222576141357422,0.0,0.0,1.9189910888671875,0.33908724784851074,4.785318613052368,0.0,0.0,1.6228199005126953,0.3386726379394531,4.201092600822449,0.0,0.0,2.192615509033203,0.4116363525390625,5.448394298553467,0.0,0.0,2.5096015334129333,0.4646167755126953,5.490516185760498,0.0,0.0,3.8483595848083496,0.5973868370056152,7.873778343200684,0.0,0.0,4.567900538444519,0.689499020576477,9.15806120634079,0.0,0.0
51,grounded,42,0.59033203125,15.097365081310272,0.9689791202545166,36.71050840616226,0.007202625274658203,0.02313828468322754,13.477140128612518,0.8871183395385742,31.752942502498627,0.005022108554840088,0.005022108554840088,13.623705506324768,0.9010276794433594,31.2881760597229,0.03569769859313965,0.12649309635162354,1.9757156372070312,0.187896728515625,5.051906585693359,0.0,0.0,1.6227035522460938,0.16849517822265625,4.18426513671875,0.0,0.0,1.8456802368164062,0.16056060791015625,4.4703521728515625,0.0,0.0,2.3722267150878906,0.22875213623046875,5.5776824951171875,0.0,0.0,3.173707962036133,0.29139137268066406,7.257118225097656,0.0,0.0,3.8608322143554688,0.32098388671875,8.52199935913086,0.0,0.0,4.461320877075195,0.3905315399169922,10.29954481124878,0.0,0.0,5.094437599182129,0.4390087127685547,10.403613090515137,0.0,0.0,5.796030044555664,0.4927215576171875,11.304248332977295,0.0,0.0,5.135229110717773,0.4429340362548828,10.567472457885742,0.0,0.0,6.213268935680389,0.49695444107055664,11.360268294811249,0.0,0.0,7.146759986877441,0.5391521453857422,13.846436500549316,0.0,0.0,7.737624406814575,0.5634348392486572,13.61428713798523,0.0,0.0,6.2479037046432495,0.5102977752685547,12.393138766288757,0.0,0.0,6.287835240364075,0.5308132171630859,11.811969876289368,0.0,0.0,6.54237174987793,0.5006217956542969,12.456556797027588,0.0,0.0,5.574071884155273,0.4781761169433594,11.159931421279907,0.0,0.0,4.395599365234375,0.3711261749267578,8.768745422363281,0.0,0.0,5.171415448188782,0.4562873840332031,10.72492229938507,0.0,0.0,4.70664119720459,0.4104118347167969,9.429631233215332,0.0,0.0,3.3103408813476562,0.31381988525390625,7.366068363189697,0.0,0.0,3.9647741317749023,0.3711833953857422,8.718159675598145,0.0,0.0,3.893205165863037,0.39556145668029785,8.580515146255493,0.0,0.0,4.32226037979126,0.42232322692871094,9.249182224273682,0.0,0.0,3.6486740112304688,0.3645210266113281,7.91538405418396,0.0,0.0,4.429161906242371,0.46938323974609375,9.866684794425964,0.0,0.0,4.985726833343506,0.4646768569946289,10.614770412445068,0.0,0.0,5.982498407363892,0.49333977699279785,13.267826557159424,0.0,0.0,6.334959447383881,0.6712127923965454,14.884183466434479,0.0,0.0
51,hallucinated,34,0.5068359375,7.5298227071762085,0.9531629085540771,29.1429660320282,0.007202625274658203,0.008754551410675049,6.779814839363098,0.8754510879516602,25.043949961662292,0.011681020259857178,0.030800700187683105,6.331982851028442,0.9015367031097412,23.996453404426575,0.02131831645965576,0.04384016990661621,2.1197285652160645,0.5983624458312988,5.195919513702393,0.0,0.0,2.0442276000976562,0.5865859985351562,4.6057891845703125,0.0,0.0,1.9191513061523438,0.43553924560546875,4.5438232421875,0.0,0.0,1.8021163940429688,0.35283660888671875,5.007572174072266,0.0,0.0,2.064886689186096,0.46073782444000244,6.14829695224762,0.0,0.0,1.925288200378418,0.34238433837890625,6.586455345153809,0.0,0.0,2.1713924407958984,0.3905315399169922,8.009616374969482,0.0,0.0,2.3252410888671875,0.4038848876953125,7.634416580200195,0.0,0.0,2.664968490600586,0.46556663513183594,8.173186779022217,0.0,0.0,2.2548751831054688,0.39910125732421875,7.6871185302734375,0.0,0.0,2.823390483856201,0.464141845703125,7.9703898429870605,0.0,0.0,3.20033597946167,0.4814033508300781,9.900012493133545,0.0,0.0,3.6105661392211914,0.5398426055908203,9.487228870391846,0.0,0.0,2.85141658782959,0.4205207824707031,8.996651649475098,0.0,0.0,2.8297653198242188,0.44222259521484375,8.353899955749512,0.0,0.0,2.8989572525024414,0.4538726806640625,8.8131422996521,0.0,0.0,2.308626651763916,0.33121490478515625,7.89448618888855,0.0,0.0,1.9816770553588867,0.3348808288574219,6.354823112487793,0.0,0.0,2.022454261779785,0.3663768768310547,7.575961112976074,0.0,0.0,2.075359344482422,0.40845489501953125,6.798349380493164,0.0,0.0,1.6474370956420898,0.2536277770996094,5.703164577484131,0.0,0.0,1.8235502243041992,0.29135704040527344,6.576935768127441,0.0,0.0,1.583338737487793,0.3634300231933594,6.270648717880249,0.0,0.0,2.1332826614379883,0.36405372619628906,7.06020450592041,0.0,0.0,1.4458041191101074,0.3052787780761719,5.712514162063599,0.0,0.0,2.309427261352539,0.42345380783081055,7.746950149536133,0.0,0.0,2.0509092807769775,0.4378080368041992,7.67995285987854,0.0,0.0,2.7848886847496033,0.3986663818359375,10.070216834545135,0.0,0.0,2.8512672781944275,0.43493521213531494,11.400491297245026,0.0,0.0
52,grounded,30,0.65673828125,12.95961993932724,0.9539358615875244,25.209206759929657,0.01106339693069458,0.0205535888671875,11.788721263408661,0.8652441501617432,22.260167837142944,0.023326516151428223,0.04597008228302002,10.642459332942963,0.814629316329956,20.116502285003662,0.031048893928527832,0.03235781192779541,1.4918022155761719,0.18220901489257812,3.2597503662109375,0.0,0.0,1.4142532348632812,0.15618896484375,2.782970428466797,0.0,0.0,1.5963325500488281,0.2054901123046875,3.033069610595703,0.0,0.0,2.0291404724121094,0.24076080322265625,3.6410865783691406,0.0,0.0,2.489945888519287,0.22592735290527344,4.515017986297607,0.0,0.0,3.0517234802246094,0.29583740234375,5.258033752441406,0.0,0.0,3.5655345916748047,0.3890972137451172,6.368361949920654,0.0,0.0,4.149768829345703,0.41707420349121094,6.62552547454834,0.0,0.0,5.020470380783081,0.5059163570404053,7.761935234069824,0.0,0.0,4.294312000274658,0.44988155364990234,6.972372591495514,0.0,0.0,4.950297117233276,0.4668235778808594,7.332646131515503,0.0,0.0,5.874759793281555,0.567352294921875,8.944796681404114,0.0,0.0,5.945732593536377,0.5963490009307861,8.73842477798462,0.0,0.0,4.504589319229126,0.45676422119140625,7.493944406509399,0.0,0.0,4.259266138076782,0.4587585926055908,6.617548227310181,0.0,0.0,4.990606307983398,0.4539604187011719,8.129608154296875,0.0,0.0,4.685405731201172,0.4687356948852539,7.698972702026367,0.0,0.0,4.455445289611816,0.4230061173439026,6.866682052612305,0.0,0.0,4.3277997970581055,0.4717378616333008,6.962525367736816,0.0,0.0,4.345638275146484,0.4704246520996094,6.866359710693359,0.0,0.0,3.4928005933761597,0.37799835205078125,6.050647616386414,0.0,0.0,4.003597378730774,0.40855467319488525,6.52132523059845,0.0,0.0,3.3211073875427246,0.322021484375,5.941961765289307,0.0,0.0,3.6302748918533325,0.36493492126464844,6.261487603187561,0.0,0.0,3.141884982585907,0.3229868412017822,5.59911173582077,0.0,0.0,3.940382957458496,0.4276561737060547,7.076922655105591,0.0,0.0,4.924124240875244,0.4473304748535156,8.390025079250336,0.0,0.0,8.528930127620697,0.6684188842773438,14.867034256458282,0.0,0.0,8.953737556934357,0.6820788979530334,15.903109610080719,0.0,0.0
52,hallucinated,29,0.619140625,12.030012607574463,0.949607253074646,24.27959942817688,0.006408810615539551,0.00949019193649292,10.931984066963196,0.8651468753814697,21.40343064069748,0.023326516151428223,0.046211421489715576,9.762969851493835,0.814629316329956,19.237012803554535,0.031048893928527832,0.031048893928527832,1.5036048889160156,0.18220901489257812,3.2715530395507812,0.0,0.0,1.282379150390625,0.15618896484375,2.6510963439941406,0.0,0.0,1.5876884460449219,0.2054901123046875,3.024425506591797,0.0,0.0,1.8700065612792969,0.24076080322265625,3.481952667236328,0.0,0.0,2.4658894538879395,0.24209117889404297,4.49096155166626,0.0,0.0,2.96612548828125,0.3058891296386719,5.172435760498047,0.0,0.0,3.6379852294921875,0.3890972137451172,6.440812587738037,0.0,0.0,3.6645030975341797,0.41707420349121094,6.140259742736816,0.0,0.0,4.526342153549194,0.5059163570404053,7.2678070068359375,0.0,0.0,3.8723626136779785,0.44988155364990234,6.550423204898834,0.0,0.0,4.441291809082031,0.46405029296875,6.823640823364258,0.0,0.0,5.104733824729919,0.5801600217819214,8.174770712852478,0.0,0.0,5.536937236785889,0.5563030242919922,8.32962942123413,0.0,0.0,4.342817306518555,0.45676422119140625,7.332172393798828,0.0,0.0,4.083386659622192,0.46811676025390625,6.441668748855591,0.0,0.0,4.746096134185791,0.4539604187011719,7.885097980499268,0.0,0.0,4.490358829498291,0.4687356948852539,7.503925800323486,0.0,0.0,3.9750256538391113,0.4230061173439026,6.3862624168396,0.0,0.0,3.929611921310425,0.4389181137084961,6.564337491989136,0.0,0.0,4.146173000335693,0.4704246520996094,6.666894435882568,0.0,0.0,3.2619322538375854,0.37799835205078125,5.819779276847839,0.0,0.0,3.617494583129883,0.37409210205078125,6.135222434997559,0.0,0.0,3.0698370933532715,0.322021484375,5.6906914710998535,0.0,0.0,3.2184462547302246,0.3227653503417969,5.849658966064453,0.0,0.0,3.089512288570404,0.32440185546875,5.546739041805267,0.0,0.0,3.5639545917510986,0.39051055908203125,6.700494289398193,0.0,0.0,4.422977924346924,0.4426898956298828,7.888878762722015,0.0,0.0,7.967594802379608,0.6443743109703064,14.305698931217194,0.0,0.0,8.288497805595398,0.6692720651626587,15.23786985874176,0.0,0.0
53,grounded,18,0.51953125,5.4176108837127686,0.9313778877258301,14.115376949310303,0.006456136703491211,0.006456136703491211,4.591310739517212,0.8124179840087891,11.490543723106384,0.058708786964416504,0.08995258808135986,4.549563407897949,0.8333473205566406,11.488930702209473,0.04023027420043945,0.047011613845825195,0.5555953979492188,0.15625762939453125,1.7695808410644531,0.0,0.0,0.4907379150390625,0.1410980224609375,1.4269866943359375,0.0,0.0,0.5737075805664062,0.1475677490234375,1.6562767028808594,0.0,0.0,0.7082595825195312,0.20255279541015625,1.9287109375,0.0,0.0,1.072331428527832,0.2975587844848633,2.6681079864501953,0.0,0.0,1.4084892272949219,0.3099365234375,3.165515899658203,0.0,0.0,1.5980377197265625,0.306488037109375,3.605325698852539,0.0,0.0,1.8047336339950562,0.3928021192550659,3.7321685552597046,0.0,0.0,2.113591194152832,0.4220304489135742,4.219714164733887,0.0,0.0,1.8478775024414062,0.4285869598388672,3.8472585678100586,0.0,0.0,1.9619226455688477,0.4091644287109375,3.588669776916504,0.0,0.0,2.0276832580566406,0.4150848388671875,4.349273681640625,0.0,0.0,2.456913471221924,0.5429525375366211,4.508255481719971,0.0,0.0,1.9415245056152344,0.3477039337158203,3.9876937866210938,0.0,0.0,1.7603802680969238,0.3899860382080078,3.50722074508667,0.0,0.0,2.367237091064453,0.43694305419921875,4.660726547241211,0.0,0.0,1.6450328826904297,0.3212871551513672,3.657193660736084,0.0,0.0,1.430431842803955,0.33331298828125,3.1281704902648926,0.0,0.0,1.504176139831543,0.37050437927246094,3.534457206726074,0.0,0.0,1.2418460845947266,0.40184593200683594,3.2446117401123047,0.0,0.0,1.0340805053710938,0.23825836181640625,2.726826012134552,0.0,0.0,1.2392396926879883,0.28125,3.155186653137207,0.0,0.0,1.177046775817871,0.32599639892578125,3.0993618965148926,0.0,0.0,1.2057170867919922,0.3346061706542969,3.2803149223327637,0.0,0.0,1.0238037109375,0.3185768127441406,2.8965795040130615,0.0,0.0,1.2886581420898438,0.3856792449951172,3.6872429847717285,0.0,0.0,1.3905916213989258,0.4165763854980469,3.5428366661071777,0.0,0.0,1.8470358848571777,0.42876529693603516,4.760216236114502,0.0,0.0,2.26515132188797,0.6380572319030762,5.761086404323578,0.0,0.0
53,hallucinated,24,0.60693359375,10.999888181686401,0.9422750473022461,19.697654247283936,0.0,0.0,9.340017914772034,0.8257794380187988,16.290409684181213,0.058708786964416504,0.08316075801849365,9.443948745727539,0.8346920013427734,16.379064917564392,0.04735708236694336,0.18618464469909668,1.3160591125488281,0.1576690673828125,2.5300445556640625,0.0,0.0,1.2672157287597656,0.1410980224609375,2.2034645080566406,0.0,0.0,1.4864826202392578,0.16522216796875,2.569051742553711,0.0,0.0,1.6950187683105469,0.20255279541015625,2.9154701232910156,0.0,0.0,2.189535140991211,0.2975587844848633,3.785311698913574,0.0,0.0,2.8076553344726562,0.31238555908203125,4.5646820068359375,0.0,0.0,3.1036911010742188,0.318206787109375,5.110979080200195,0.0,0.0,3.815014123916626,0.37033843994140625,5.742449045181274,0.0,0.0,4.0545830726623535,0.43769168853759766,6.160706043243408,0.0,0.0,3.750840663909912,0.38581418991088867,5.7502217292785645,0.0,0.0,3.8347864151000977,0.42191123962402344,5.461533546447754,0.0,0.0,4.068767547607422,0.47112083435058594,6.390357971191406,0.0,0.0,4.792049407958984,0.4725341796875,6.843391418457031,0.0,0.0,3.85992431640625,0.4047832489013672,5.906093597412109,0.0,0.0,3.4561657905578613,0.4315476417541504,5.203006267547607,0.0,0.0,4.518478155136108,0.4785573482513428,6.811967611312866,0.0,0.0,3.731358528137207,0.4641532897949219,5.743519306182861,0.0,0.0,3.135439932346344,0.34731727838516235,4.8331785798072815,0.0,0.0,4.07902979850769,0.5098857879638672,6.109310865402222,0.0,0.0,3.5119636058807373,0.40184593200683594,5.514729261398315,0.0,0.0,2.682270050048828,0.3062477111816406,4.375015556812286,0.0,0.0,3.0801429748535156,0.3787240982055664,4.996089935302734,0.0,0.0,2.752948760986328,0.3352785110473633,4.67526388168335,0.0,0.0,2.8595614433288574,0.43454933166503906,4.934159278869629,0.0,0.0,2.6538772583007812,0.3338127136230469,4.526653051376343,0.0,0.0,2.900444984436035,0.37114906311035156,5.29902982711792,0.0,0.0,3.2873268127441406,0.39683961868286133,5.439571857452393,0.0,0.0,3.895419120788574,0.46428871154785156,6.808599472045898,0.0,0.0,4.227939665317535,0.4082697629928589,7.723874747753143,0.0,0.0
54,grounded,31,0.64013671875,12.961470246315002,0.9572076201438904,26.175270318984985,0.00029158592224121094,0.00029158592224121094,11.459510445594788,0.8666749000549316,21.595993161201477,0.017956018447875977,0.017956018447875977,10.196618437767029,0.8280508518218994,19.463117122650146,0.0339621901512146,0.04829376935958862,4.266278147697449,0.5945519208908081,6.002468943595886,0.0,0.0,4.076057434082031,0.5843429565429688,5.5181427001953125,0.0,0.0,3.828777313232422,0.4670906066894531,5.2578582763671875,0.0,0.0,3.3133773803710938,0.35260772705078125,5.028068542480469,0.0,0.0,3.671480119228363,0.4690398573875427,6.054184854030609,0.0,0.0,2.8877038955688477,0.2731475830078125,5.249588966369629,0.0,0.0,3.6993064880371094,0.3625640869140625,7.028124809265137,0.0,0.0,3.5221853256225586,0.42528629302978516,6.353590965270996,0.0,0.0,4.252616882324219,0.47135162353515625,7.729730606079102,0.0,0.0,3.5255162715911865,0.40488219261169434,6.663306951522827,0.0,0.0,4.228726148605347,0.5288510322570801,7.378122091293335,0.0,0.0,4.678074359893799,0.48188018798828125,8.34767484664917,0.0,0.0,5.010227918624878,0.5239219665527344,9.235031843185425,0.0,0.0,4.273832321166992,0.4247455596923828,7.715191841125488,0.0,0.0,4.214851379394531,0.44820404052734375,7.364404678344727,0.0,0.0,4.63026237487793,0.4907360076904297,8.910449981689453,0.0,0.0,3.9011335372924805,0.44548606872558594,7.367574691772461,0.0,0.0,3.7104464769363403,0.42916226387023926,6.813540577888489,0.0,0.0,3.478109359741211,0.4504528045654297,6.465622901916504,0.0,0.0,3.4849677085876465,0.4764528274536133,6.508982181549072,0.0,0.0,2.689809799194336,0.4403963088989258,5.469167709350586,0.0,0.0,3.0315799713134766,0.4203071594238281,6.152647972106934,0.0,0.0,2.3726751804351807,0.32773590087890625,5.445122480392456,0.0,0.0,3.027207612991333,0.3926048278808594,6.229524850845337,0.0,0.0,2.5743656158447266,0.34547996520996094,5.596105396747589,0.0,0.0,3.2603312134742737,0.46576881408691406,7.000545084476471,0.0,0.0,3.438918113708496,0.43416595458984375,7.167423248291016,0.0,0.0,3.950845718383789,0.43024253845214844,8.381242632865906,0.0,0.0,4.89510715007782,0.48621034622192383,10.301391303539276,0.0,0.0
54,hallucinated,25,0.58251953125,7.412047863006592,0.9442524909973145,20.625847935676575,0.0020093917846679688,0.0020093917846679688,6.533284246921539,0.8435796499252319,16.669816553592682,0.017957091331481934,0.017957091331481934,5.851085305213928,0.8051350116729736,15.118006229400635,0.03399360179901123,0.03399360179901123,0.9974575042724609,0.1593780517578125,2.733701705932617,0.0,0.0,0.7313957214355469,0.1546173095703125,2.1736717224121094,0.0,0.0,0.8539295196533203,0.15258026123046875,2.283132553100586,0.0,0.0,1.1280908584594727,0.21854782104492188,2.8424196243286133,0.0,0.0,1.7683372497558594,0.3368549346923828,4.150897026062012,0.0,0.0,1.6190204620361328,0.2732505798339844,3.9811630249023438,0.0,0.0,2.1567459106445312,0.33725738525390625,5.485352993011475,0.0,0.0,2.3173928260803223,0.4253687858581543,5.150221347808838,0.0,0.0,2.9398478269577026,0.47112739086151123,6.415895342826843,0.0,0.0,2.3516993522644043,0.42616844177246094,5.489027500152588,0.0,0.0,2.901517868041992,0.5284290313720703,6.051217079162598,0.0,0.0,3.0060553550720215,0.48960304260253906,6.675854206085205,0.0,0.0,3.601143717765808,0.6086158752441406,7.827051520347595,0.0,0.0,2.9402856826782227,0.4396696090698242,6.383115768432617,0.0,0.0,2.8562936782836914,0.44837188720703125,6.00490665435791,0.0,0.0,3.201941728591919,0.4906883239746094,7.482543230056763,0.0,0.0,3.076867699623108,0.44563865661621094,6.543059229850769,0.0,0.0,3.0707786083221436,0.4465513229370117,6.174520254135132,0.0,0.0,2.749532699584961,0.4505290985107422,5.739002227783203,0.0,0.0,2.6757731437683105,0.47678422927856445,5.701746940612793,0.0,0.0,2.09584903717041,0.44036006927490234,4.874512195587158,0.0,0.0,2.20479679107666,0.4205160140991211,5.325512886047363,0.0,0.0,1.7165412902832031,0.32763671875,4.789331912994385,0.0,0.0,2.1928939819335938,0.39240264892578125,5.395096778869629,0.0,0.0,1.8964471817016602,0.3455171585083008,4.91821962594986,0.0,0.0,2.4102835655212402,0.4655938148498535,6.150557994842529,0.0,0.0,2.4785537719726562,0.4339628219604492,6.207568168640137,0.0,0.0,2.5603103637695312,0.4349050521850586,6.98846971988678,0.0,0.0,2.9746809005737305,0.4863734245300293,8.379352450370789,0.0,0.0
55,grounded,25,0.61474609375,11.052884340286255,0.9447739124298096,20.618154108524323,0.01479870080947876,0.016918838024139404,9.719094038009644,0.8323993682861328,17.506259441375732,0.02557229995727539,0.02994537353515625,8.790932059288025,0.8124393224716187,16.85960340499878,0.06815803050994873,0.06815803050994873,1.7230796813964844,0.1894989013671875,3.223600387573242,0.0,0.0,1.3533935546875,0.14282989501953125,2.4400634765625,0.0,0.0,1.5985374450683594,0.17975997924804688,2.838897705078125,0.0,0.0,1.7908802032470703,0.20461273193359375,3.225492477416992,0.0,0.0,2.640199661254883,0.29114818572998047,4.649576187133789,0.0,0.0,3.062084197998047,0.3235015869140625,5.095146179199219,0.0,0.0,3.1886043548583984,0.3485088348388672,5.583896636962891,0.0,0.0,3.689009189605713,0.4080467224121094,5.910210132598877,0.0,0.0,4.180950164794922,0.4325408935546875,6.441230773925781,0.0,0.0,3.708555221557617,0.3632698059082031,6.000872611999512,0.0,0.0,4.046789169311523,0.4130868911743164,6.134786605834961,0.0,0.0,4.398792266845703,0.4609813690185547,7.036115646362305,0.0,0.0,5.124672889709473,0.5042915344238281,7.510231971740723,0.0,0.0,4.2069091796875,0.4260597229003906,6.9910888671875,0.0,0.0,4.0056915283203125,0.4984397888183594,6.240901947021484,0.0,0.0,4.819955587387085,0.4721078872680664,7.716384649276733,0.0,0.0,4.513245582580566,0.46942901611328125,7.105967402458191,0.0,0.0,3.845068573951721,0.41280055046081543,5.9332557916641235,0.0,0.0,4.30019474029541,0.44947242736816406,6.789437294006348,0.0,0.0,3.648650050163269,0.40632152557373047,5.969612002372742,0.0,0.0,2.5886268615722656,0.27509021759033203,4.56108957529068,0.0,0.0,3.081890106201172,0.32420921325683594,5.236896991729736,0.0,0.0,2.6189582347869873,0.31432342529296875,4.863862752914429,0.0,0.0,3.29621821641922,0.35705024003982544,5.548787415027618,0.0,0.0,2.944998264312744,0.3150062561035156,5.1911086440086365,0.0,0.0,3.8920934200286865,0.42829036712646484,6.887047648429871,0.0,0.0,3.767728805541992,0.4603004455566406,6.241605758666992,0.0,0.0,4.407743453979492,0.4379425048828125,7.765874862670898,0.0,0.0,4.703132271766663,0.45821672677993774,8.567500472068787,0.0,0.0
55,hallucinated,22,0.5419921875,8.242137253284454,0.9387843608856201,17.807407021522522,0.016580164432525635,0.017767488956451416,7.149203598499298,0.8218326568603516,14.936369001865387,0.02557229995727539,0.02557229995727539,6.291578054428101,0.8124393224716187,14.360249400138855,0.06815803050994873,0.06815803050994873,0.9779167175292969,0.1884746551513672,2.4784374237060547,0.0,0.0,0.8713836669921875,0.13907623291015625,1.9580535888671875,0.0,0.0,1.1464672088623047,0.16359519958496094,2.3868274688720703,0.0,0.0,1.3406009674072266,0.19523239135742188,2.7752132415771484,0.0,0.0,2.002436637878418,0.2799196243286133,4.011813163757324,0.0,0.0,2.1403121948242188,0.2884979248046875,4.173374176025391,0.0,0.0,2.443267822265625,0.3381805419921875,4.838560104370117,0.0,0.0,2.728940963745117,0.3934001922607422,4.950141906738281,0.0,0.0,3.216409683227539,0.4475669860839844,5.476690292358398,0.0,0.0,2.6661376953125,0.37485504150390625,4.9584550857543945,0.0,0.0,3.2972750663757324,0.46805763244628906,5.38527250289917,0.0,0.0,3.262462615966797,0.5362033843994141,5.899785995483398,0.0,0.0,3.5897064208984375,0.4990196228027344,5.9752655029296875,0.0,0.0,3.1291608810424805,0.4767475128173828,5.9133405685424805,0.0,0.0,3.072664737701416,0.5289530754089355,5.307875156402588,0.0,0.0,3.3982763290405273,0.4541187286376953,6.294705390930176,0.0,0.0,3.4857120513916016,0.5308294296264648,6.078433871269226,0.0,0.0,2.9375261664390564,0.42603838443756104,5.025713384151459,0.0,0.0,3.117433547973633,0.4403724670410156,5.60667610168457,0.0,0.0,2.6835250854492188,0.40632152557373047,5.004487037658691,0.0,0.0,2.0812854766845703,0.2866973876953125,4.053748190402985,0.0,0.0,2.2618494033813477,0.3062553405761719,4.416856288909912,0.0,0.0,2.1453418731689453,0.31432342529296875,4.390246391296387,0.0,0.0,2.1359410285949707,0.3179302215576172,4.388510227203369,0.0,0.0,2.230666160583496,0.3404693603515625,4.476776540279388,0.0,0.0,2.6022136211395264,0.4444081783294678,5.5971678495407104,0.0,0.0,2.705399513244629,0.4603004455566406,5.179276466369629,0.0,0.0,3.0206708908081055,0.43047142028808594,6.378802299499512,0.0,0.0,3.2725249528884888,0.43598806858062744,7.136893153190613,0.0,0.0
56,grounded,26,0.6220703125,11.991350054740906,0.9468245506286621,21.62837064266205,0.0049523115158081055,0.009160995483398438,10.235903084278107,0.8565996289253235,18.080074787139893,0.05223989486694336,0.06147432327270508,10.948492765426636,0.8729939460754395,19.258046329021454,0.01092529296875,0.016494274139404297,1.6293487548828125,0.2032318115234375,2.955911636352539,0.0,0.0,1.366180419921875,0.153900146484375,2.4520492553710938,0.0,0.0,1.497823715209961,0.15560150146484375,2.6303844451904297,0.0,0.0,1.9093666076660156,0.19440460205078125,3.2411460876464844,0.0,0.0,2.4448490142822266,0.2745208740234375,4.272344589233398,0.0,0.0,3.1603431701660156,0.3213024139404297,5.16594123840332,0.0,0.0,3.586709976196289,0.3372917175292969,5.957983016967773,0.0,0.0,4.167645454406738,0.4028911590576172,6.377585411071777,0.0,0.0,4.549107551574707,0.4345989227294922,6.8932905197143555,0.0,0.0,3.975168824195862,0.3852424621582031,6.202922463417053,0.0,0.0,4.288232326507568,0.4060401916503906,6.1535468101501465,0.0,0.0,4.951274871826172,0.5040321350097656,7.650069236755371,0.0,0.0,5.668276309967041,0.6036715507507324,8.1756272315979,0.0,0.0,4.691398620605469,0.45392417907714844,7.010711669921875,0.0,0.0,4.672520637512207,0.4757099151611328,6.792620658874512,0.0,0.0,5.495496511459351,0.6042830944061279,8.098970174789429,0.0,0.0,4.412109375,0.4734458923339844,6.708528220653534,0.0,0.0,3.6234827041625977,0.39415931701660156,5.578723907470703,0.0,0.0,4.5975542068481445,0.4808835983276367,7.016449928283691,0.0,0.0,3.735766649246216,0.38794898986816406,5.988673448562622,0.0,0.0,2.971569061279297,0.3088493347167969,4.834205150604248,0.0,0.0,3.183420181274414,0.35346221923828125,5.387038230895996,0.0,0.0,2.983479619026184,0.30847930908203125,5.073368191719055,0.0,0.0,3.658807158470154,0.41254985332489014,5.996269583702087,0.0,0.0,3.2730135917663574,0.3798995018005371,5.406479358673096,0.0,0.0,4.025393068790436,0.4213371276855469,6.786516010761261,0.0,0.0,4.005446672439575,0.47458934783935547,6.321793794631958,0.0,0.0,7.686885356903076,0.6719355583190918,10.974557518959045,0.0,0.0,7.989500045776367,0.6876561641693115,11.938754498958588,0.0,0.0
56,hallucinated,26,0.62109375,12.006052374839783,0.947847843170166,21.643072962760925,5.4836273193359375e-05,5.4836273193359375e-05,10.359883189201355,0.8567585349082947,18.204213798046112,0.046192705631256104,0.05640202760696411,10.66916561126709,0.8678922653198242,18.978719174861908,0.01092529296875,0.028844356536865234,1.4874153137207031,0.16207504272460938,2.8139781951904297,0.0,0.0,1.335205078125,0.153900146484375,2.4210739135742188,0.0,0.0,1.6091499328613281,0.17545318603515625,2.741710662841797,0.0,0.0,1.8981742858886719,0.19615936279296875,3.2299537658691406,0.0,0.0,2.4501218795776367,0.2745208740234375,4.277617454528809,0.0,0.0,3.0593128204345703,0.344451904296875,5.064910888671875,0.0,0.0,3.590658187866211,0.3697395324707031,5.961931228637695,0.0,0.0,4.3470213413238525,0.3974027633666992,6.556961297988892,0.0,0.0,4.65820837020874,0.46643829345703125,7.002391338348389,0.0,0.0,4.351964950561523,0.4213409423828125,6.579718589782715,0.0,0.0,4.9066572189331055,0.5102348327636719,6.771971702575684,0.0,0.0,5.286358833312988,0.5287837982177734,7.9851531982421875,0.0,0.0,6.188093662261963,0.5942497253417969,8.695444583892822,0.0,0.0,4.932044982910156,0.5385704040527344,7.2513580322265625,0.0,0.0,4.415226459503174,0.5252704620361328,6.5353264808654785,0.0,0.0,5.236669540405273,0.5374698638916016,7.840143203735352,0.0,0.0,4.326552391052246,0.5106792449951172,6.62297123670578,0.0,0.0,3.505942225456238,0.3488755226135254,5.461183428764343,0.0,0.0,4.554370403289795,0.4690723419189453,6.973266124725342,0.0,0.0,3.908881902694702,0.38065528869628906,6.161788702011108,0.0,0.0,2.989818572998047,0.28920936584472656,4.852454662322998,0.0,0.0,3.2619214057922363,0.32753658294677734,5.465539455413818,0.0,0.0,2.760301113128662,0.3059806823730469,4.850189685821533,0.0,0.0,3.1458077430725098,0.36089372634887695,5.483270168304443,0.0,0.0,3.208772659301758,0.3573284149169922,5.342238426208496,0.0,0.0,3.4369508028030396,0.3942532539367676,6.198073744773865,0.0,0.0,3.510939598083496,0.44174671173095703,5.827286720275879,0.0,0.0,4.326697826385498,0.4422111511230469,7.614369988441467,0.0,0.0,4.73901104927063,0.4764755368232727,8.68826550245285,0.0,0.0
57,grounded,19,0.611328125,7.211665034294128,0.9407761096954346,15.053366541862488,0.005094766616821289,0.011373639106750488,6.077567875385284,0.8332993984222412,12.19514948129654,0.046455562114715576,0.06633120775222778,6.472789287567139,0.8570899963378906,13.185139119625092,0.027903079986572266,0.06433570384979248,0.9740066528320312,0.1689448356628418,2.0923075675964355,0.0,0.0,0.7395477294921875,0.14069366455078125,1.653463363647461,0.0,0.0,0.9296379089355469,0.14591217041015625,1.890655517578125,0.0,0.0,1.0691719055175781,0.18671417236328125,2.1564369201660156,0.0,0.0,1.4877490997314453,0.2586212158203125,3.0639209747314453,0.0,0.0,1.7446327209472656,0.325439453125,3.4460220336914062,0.0,0.0,2.2452831268310547,0.3446540832519531,4.267894744873047,0.0,0.0,2.253134250640869,0.37165069580078125,3.9883713722229004,0.0,0.0,2.450244903564453,0.4886131286621094,4.299842834472656,0.0,0.0,2.1842634677886963,0.36522412300109863,3.990408182144165,0.0,0.0,2.5351953506469727,0.4538116455078125,4.155709266662598,0.0,0.0,2.6939334869384766,0.4450702667236328,4.931119918823242,0.0,0.0,3.115570068359375,0.5522284507751465,5.264842987060547,0.0,0.0,2.8630619049072266,0.44418907165527344,4.939249038696289,0.0,0.0,2.829113006591797,0.48014068603515625,4.759798526763916,0.0,0.0,3.1273632049560547,0.4797401428222656,5.3946990966796875,0.0,0.0,2.493986129760742,0.4625892639160156,4.654114007949829,0.0,0.0,2.001434326171875,0.3962535858154297,3.7394189834594727,0.0,0.0,2.249518871307373,0.4202861785888672,4.2768378257751465,0.0,0.0,1.9509897232055664,0.36300086975097656,3.8222570419311523,0.0,0.0,1.614553451538086,0.3065948486328125,3.1926887035369873,0.0,0.0,1.8405303955078125,0.3214569091796875,3.705486297607422,0.0,0.0,1.6812208890914917,0.2986030578613281,3.2992438077926636,0.0,0.0,1.8819751739501953,0.4062461853027344,3.8354625701904297,0.0,0.0,1.5103282928466797,0.3157081604003906,3.2469398975372314,0.0,0.0,1.9452147483825684,0.4379138946533203,4.1549530029296875,0.0,0.0,2.1850385665893555,0.3877878189086914,4.177155494689941,0.0,0.0,3.255338668823242,0.5558700561523438,5.744942665100098,0.0,0.0,3.3992390632629395,0.6771894693374634,6.427092730998993,0.0,0.0
57,hallucinated,20,0.63818359375,8.131084620952606,0.9343982934951782,15.972786128520966,0.004515528678894043,0.00829780101776123,6.8148956298828125,0.8332993984222412,12.932477235794067,0.046455562114715576,0.046455562114715576,7.130871295928955,0.8400897979736328,13.843221127986908,0.024764060974121094,0.07817602157592773,1.0946283340454102,0.1689448356628418,2.2129292488098145,0.0,0.0,0.9200172424316406,0.14069366455078125,1.833932876586914,0.0,0.0,1.1639118194580078,0.17314910888671875,2.124929428100586,0.0,0.0,1.2851762771606445,0.1922473907470703,2.372441291809082,0.0,0.0,1.7218189239501953,0.2586212158203125,3.2979907989501953,0.0,0.0,2.3204727172851562,0.32503509521484375,4.021862030029297,0.0,0.0,2.538707733154297,0.3624458312988281,4.561319351196289,0.0,0.0,2.7446956634521484,0.4059944152832031,4.47993278503418,0.0,0.0,3.0646896362304688,0.45926856994628906,4.914287567138672,0.0,0.0,2.706226348876953,0.38750553131103516,4.512371063232422,0.0,0.0,3.0242156982421875,0.4343452453613281,4.6447296142578125,0.0,0.0,3.3010101318359375,0.4760932922363281,5.538196563720703,0.0,0.0,3.7661590576171875,0.5587472915649414,5.915431976318359,0.0,0.0,3.1736621856689453,0.4121971130371094,5.249849319458008,0.0,0.0,3.195098876953125,0.42533111572265625,5.125784397125244,0.0,0.0,3.6166234016418457,0.5245609283447266,5.8839592933654785,0.0,0.0,3.6004858016967773,0.4976634979248047,5.760613679885864,0.0,0.0,2.7983903884887695,0.3734588623046875,4.536375045776367,0.0,0.0,3.002485752105713,0.41465187072753906,5.029804706573486,0.0,0.0,2.762840747833252,0.40270233154296875,4.634108066558838,0.0,0.0,2.0266494750976562,0.29038238525390625,3.6047847270965576,0.0,0.0,2.5324931144714355,0.3737983703613281,4.397449016571045,0.0,0.0,1.7243947982788086,0.2900123596191406,3.3424177169799805,0.0,0.0,2.3295116424560547,0.37157440185546875,4.282999038696289,0.0,0.0,2.1273058652877808,0.33598899841308594,3.8639174699783325,0.0,0.0,2.5356228947639465,0.42427539825439453,4.745361149311066,0.0,0.0,2.6072540283203125,0.38199901580810547,4.599370956420898,0.0,0.0,3.0830068588256836,0.4372568130493164,5.572610855102539,0.0,0.0,3.0395484566688538,0.3945188522338867,6.067402124404907,0.0,0.0
58,grounded,23,0.6572265625,9.174629211425781,0.9438314437866211,18.75406301021576,0.0,0.0,7.502336204051971,0.8182138204574585,15.613677442073822,0.06795156002044678,0.06795156002044678,8.32910704612732,0.881138801574707,16.690751433372498,0.03125429153442383,0.03125429153442383,1.2246246337890625,0.20980453491210938,2.6578521728515625,0.0,0.0,0.8470611572265625,0.138214111328125,1.8395195007324219,0.0,0.0,1.1842517852783203,0.17028045654296875,2.323183059692383,0.0,0.0,1.1826305389404297,0.17943572998046875,2.335042953491211,0.0,0.0,1.8388323783874512,0.265655517578125,3.6103386878967285,0.0,0.0,2.331197738647461,0.3346843719482422,3.9928112030029297,0.0,0.0,2.81591796875,0.39159202575683594,5.2853240966796875,0.0,0.0,2.68804931640625,0.36550140380859375,4.616519927978516,0.0,0.0,3.0676050186157227,0.46250247955322266,5.255275726318359,0.0,0.0,2.8002376556396484,0.37235450744628906,5.05058479309082,0.0,0.0,3.2811660766601562,0.40957069396972656,5.229892730712891,0.0,0.0,3.355348587036133,0.4423408508300781,6.156370162963867,0.0,0.0,3.438720703125,0.4934806823730469,5.923887252807617,0.0,0.0,2.9516258239746094,0.37425994873046875,5.2007904052734375,0.0,0.0,2.7807998657226562,0.3983116149902344,5.005153656005859,0.0,0.0,3.844557523727417,0.4684574604034424,6.6510093212127686,0.0,0.0,3.113125443458557,0.43070316314697266,5.594663619995117,0.0,0.0,2.8773738145828247,0.3937239646911621,5.008711457252502,0.0,0.0,2.9319915771484375,0.39851951599121094,5.166175842285156,0.0,0.0,2.4547382593154907,0.36613941192626953,4.546486556529999,0.0,0.0,2.209684371948242,0.3076906204223633,4.1351306438446045,0.0,0.0,2.409182548522949,0.3175792694091797,4.6207075119018555,0.0,0.0,1.9528509378433228,0.34783935546875,4.258183121681213,0.0,0.0,2.2560672760009766,0.3403739929199219,4.56906795501709,0.0,0.0,1.9544258117675781,0.31136417388916016,4.153575897216797,0.0,0.0,2.517758846282959,0.4270925521850586,5.378476619720459,0.0,0.0,2.6182708740234375,0.3954906463623047,5.069073677062988,0.0,0.0,2.7814550399780273,0.42874908447265625,5.98602819442749,0.0,0.0,3.423984110355377,0.41860640048980713,7.146029412746429,0.0,0.0
58,hallucinated,22,0.64111328125,8.25459372997284,0.9437382221221924,17.834027528762817,0.0,0.0,6.7065024971961975,0.8182138204574585,14.817843735218048,0.06795156002044678,0.06795156002044678,7.503908395767212,0.881138801574707,15.86555278301239,0.03125429153442383,0.03125429153442383,1.1197700500488281,0.20980453491210938,2.552997589111328,0.0,0.0,0.772247314453125,0.138214111328125,1.7647056579589844,0.0,0.0,1.0738677978515625,0.17028045654296875,2.212799072265625,0.0,0.0,1.0713329315185547,0.17943572998046875,2.223745346069336,0.0,0.0,1.6655211448669434,0.265655517578125,3.4370274543762207,0.0,0.0,2.1307201385498047,0.3346843719482422,3.7923336029052734,0.0,0.0,2.524251937866211,0.39159202575683594,4.993658065795898,0.0,0.0,2.476055145263672,0.36550140380859375,4.4045257568359375,0.0,0.0,2.793633460998535,0.46250247955322266,4.981304168701172,0.0,0.0,2.525876998901367,0.37235450744628906,4.776224136352539,0.0,0.0,2.9515151977539062,0.40957069396972656,4.900241851806641,0.0,0.0,3.0416393280029297,0.4423408508300781,5.842660903930664,0.0,0.0,3.2352294921875,0.4934806823730469,5.720396041870117,0.0,0.0,2.6850013732910156,0.37425994873046875,4.934165954589844,0.0,0.0,2.728015899658203,0.3983116149902344,4.952369689941406,0.0,0.0,3.624178647994995,0.4684574604034424,6.430630445480347,0.0,0.0,2.9489599466323853,0.43070316314697266,5.430498123168945,0.0,0.0,2.8828059434890747,0.3937239646911621,5.014143586158752,0.0,0.0,2.836050033569336,0.39851951599121094,5.070234298706055,0.0,0.0,2.4224201440811157,0.36613941192626953,4.514168441295624,0.0,0.0,2.0548648834228516,0.3076906204223633,3.980311155319214,0.0,0.0,2.2779760360717773,0.3175792694091797,4.489500999450684,0.0,0.0,1.8312574625015259,0.34783935546875,4.1365896463394165,0.0,0.0,2.198678970336914,0.3403739929199219,4.511679649353027,0.0,0.0,1.8490467071533203,0.31136417388916016,4.048196792602539,0.0,0.0,2.3609442710876465,0.4270925521850586,5.2216620445251465,0.0,0.0,2.462453842163086,0.3954906463623047,4.913256645202637,0.0,0.0,2.7676496505737305,0.42874908447265625,5.972222805023193,0.0,0.0,3.1840404868125916,0.41860640048980713,6.906085789203644,0.0,0.0
59,grounded,40,0.6533203125,23.41972541809082,0.962896466255188,34.80772393941879,0.002421855926513672,0.005743861198425293,20.64526641368866,0.8790806531906128,29.88375872373581,0.04321688413619995,0.06225001811981201,17.7674161195755,0.7907285690307617,26.047242164611816,0.04664778709411621,0.04664778709411621,3.073428153991699,0.19081401824951172,4.640715599060059,0.0,0.0,2.6268692016601562,0.1508941650390625,3.8505592346191406,0.0,0.0,2.744619369506836,0.1563568115234375,4.033103942871094,0.0,0.0,3.359375,0.1872100830078125,4.704643249511719,0.0,0.0,4.3829145431518555,0.26058197021484375,6.37362003326416,0.0,0.0,5.226434707641602,0.3077411651611328,7.477163314819336,0.0,0.0,7.154227256774902,0.3917045593261719,9.916352272033691,0.0,0.0,6.806812047958374,0.38265013694763184,9.213027715682983,0.0,0.0,7.295446395874023,0.39864349365234375,9.679563522338867,0.0,0.0,6.278094291687012,0.3898782730102539,8.935969352722168,0.0,0.0,7.315423965454102,0.38642120361328125,9.515541076660156,0.0,0.0,8.340579509735107,0.41378021240234375,11.09337568283081,0.0,0.0,9.853949546813965,0.5048103332519531,12.344840049743652,0.0,0.0,8.739295959472656,0.5013427734375,11.474996566772461,0.0,0.0,7.837721109390259,0.4408602714538574,10.027395486831665,0.0,0.0,8.936285257339478,0.4882946014404297,11.912101984024048,0.0,0.0,7.199273109436035,0.37770557403564453,10.045007228851318,0.0,0.0,5.431936264038086,0.3419322967529297,7.577584266662598,0.0,0.0,6.5973711013793945,0.3941187858581543,9.09679889678955,0.0,0.0,6.156781077384949,0.3620777130126953,8.368674159049988,0.0,0.0,4.758723258972168,0.2691841125488281,7.070114850997925,0.0,0.0,6.166045904159546,0.38127684593200684,8.627864122390747,0.0,0.0,4.26112425327301,0.3351936340332031,6.618119835853577,0.0,0.0,5.480605363845825,0.32059574127197266,8.011206865310669,0.0,0.0,4.836057186126709,0.3099212646484375,7.19611120223999,0.0,0.0,6.066672086715698,0.4014759063720703,8.984456062316895,0.0,0.0,7.522526144981384,0.5001468658447266,10.24770438671112,0.0,0.0,8.274995565414429,0.48933982849121094,12.422786474227905,0.0,0.0,9.872437715530396,0.563122034072876,14.329384565353394,0.0,0.0
59,hallucinated,30,0.63623046875,13.9296715259552,0.9505214691162109,25.317670047283173,0.002421855926513672,0.0025670528411865234,12.493290603160858,0.8601774573326111,21.74906474351883,0.04321688413619995,0.07392454147338867,10.903900742530823,0.8127639293670654,19.18372678756714,0.04664778709411621,0.04664778709411621,1.812295913696289,0.18059158325195312,3.3795833587646484,0.0,0.0,1.4630851745605469,0.1508941650390625,2.6867752075195312,0.0,0.0,1.5874061584472656,0.1598968505859375,2.8758907318115234,0.0,0.0,1.886439323425293,0.1886749267578125,3.2317075729370117,0.0,0.0,2.6862802505493164,0.2636604309082031,4.676772117614746,0.0,0.0,3.510392189025879,0.3587837219238281,5.761288642883301,0.0,0.0,4.18115234375,0.3700675964355469,6.943515777587891,0.0,0.0,4.424341201782227,0.44524145126342773,6.83082389831543,0.0,0.0,4.801972985267639,0.45558929443359375,7.186383843421936,0.0,0.0,4.3543782234191895,0.4448990821838379,7.0126519203186035,0.0,0.0,4.654601097106934,0.4920473098754883,6.855029106140137,0.0,0.0,5.214225769042969,0.4566516876220703,7.966987609863281,0.0,0.0,5.484240531921387,0.4805335998535156,7.975142478942871,0.0,0.0,4.92935848236084,0.43548583984375,7.665955543518066,0.0,0.0,4.392607688903809,0.41464996337890625,6.582293510437012,0.0,0.0,5.334076166152954,0.47497081756591797,8.309195756912231,0.0,0.0,4.699024200439453,0.48015785217285156,7.545185565948486,0.0,0.0,3.8224141597747803,0.3837556838989258,5.967644453048706,0.0,0.0,4.533164978027344,0.4486217498779297,7.032456398010254,0.0,0.0,4.148568868637085,0.43243408203125,6.359660863876343,0.0,0.0,3.081104278564453,0.35456275939941406,5.392055511474609,0.0,0.0,3.8154399394989014,0.3864765167236328,6.276761531829834,0.0,0.0,2.786119222640991,0.33535003662109375,5.14348292350769,0.0,0.0,3.4573516845703125,0.3709907531738281,5.988136291503906,0.0,0.0,3.0227761268615723,0.3343367576599121,5.383684277534485,0.0,0.0,3.4575796127319336,0.40119361877441406,6.375511646270752,0.0,0.0,4.205359578132629,0.4533272981643677,6.930942177772522,0.0,0.0,4.7782227993011475,0.48933982849121094,8.926335096359253,0.0,0.0,5.104970812797546,0.4747489094734192,9.561407566070557,0.0,0.0
60,grounded,22,0.5869140625,9.17557668685913,0.9376083612442017,17.906532168388367,0.0,0.0,7.781791865825653,0.8315483331680298,14.650600373744965,0.04542338848114014,0.06196904182434082,7.991743564605713,0.8401689529418945,15.159105598926544,0.056282997131347656,0.08766436576843262,1.342000961303711,0.1942596435546875,2.589139938354492,0.0,0.0,1.0137176513671875,0.13448333740234375,1.9296989440917969,0.0,0.0,1.1502571105957031,0.14365768432617188,2.1216163635253906,0.0,0.0,1.457427978515625,0.19644927978515625,2.656219482421875,0.0,0.0,1.92315673828125,0.26409149169921875,3.3542022705078125,0.0,0.0,2.612626552581787,0.37306928634643555,4.380433559417725,0.0,0.0,2.78076171875,0.3916511535644531,4.781883239746094,0.0,0.0,3.139554023742676,0.47493743896484375,4.968945503234863,0.0,0.0,3.128981113433838,0.5724072456359863,5.093672275543213,0.0,0.0,3.005887985229492,0.43465423583984375,4.998199462890625,0.0,0.0,3.538193702697754,0.4650135040283203,5.177487373352051,0.0,0.0,3.8009209632873535,0.4738197326660156,6.1413397789001465,0.0,0.0,4.060519218444824,0.5190067291259766,6.34494686126709,0.0,0.0,3.272296905517578,0.4598846435546875,5.3880157470703125,0.0,0.0,3.6330175399780273,0.44095802307128906,5.743699073791504,0.0,0.0,3.938065528869629,0.4480476379394531,6.240568161010742,0.0,0.0,3.9258787631988525,0.4610893726348877,6.058399438858032,0.0,0.0,3.305867552757263,0.39568138122558594,5.024434447288513,0.0,0.0,3.584848403930664,0.43938446044921875,5.766444206237793,0.0,0.0,2.942131996154785,0.3795766830444336,4.851936340332031,0.0,0.0,2.4813294410705566,0.3533463478088379,4.288872241973877,0.0,0.0,2.817988872528076,0.40429115295410156,4.765416145324707,0.0,0.0,2.1577186584472656,0.3129234313964844,3.9727282524108887,0.0,0.0,2.788534641265869,0.3687858581542969,4.906713962554932,0.0,0.0,2.200333535671234,0.2846088409423828,4.1732653975486755,0.0,0.0,3.066421926021576,0.38488197326660156,5.485037267208099,0.0,0.0,3.2860660552978516,0.44167232513427734,5.576841354370117,0.0,0.0,3.441328287124634,0.399486780166626,6.312310457229614,0.0,0.0,3.620023488998413,0.42140257358551025,6.974482297897339,0.0,0.0
60,hallucinated,18,0.4931640625,5.445030212402344,0.9276828765869141,14.17598569393158,0.0,0.0,4.41781222820282,0.8230794668197632,11.278431355953217,0.04542338848114014,0.05933564901351929,4.639749050140381,0.8195056915283203,11.803203523159027,0.056282997131347656,0.08965921401977539,0.6448783874511719,0.16843032836914062,1.8920173645019531,0.0,0.0,0.5896987915039062,0.13448333740234375,1.5056800842285156,0.0,0.0,0.7061614990234375,0.134033203125,1.677520751953125,0.0,0.0,0.8248367309570312,0.19644927978515625,2.0236282348632812,0.0,0.0,1.05889892578125,0.24224090576171875,2.4899444580078125,0.0,0.0,1.094573974609375,0.27069854736328125,2.8623809814453125,0.0,0.0,1.6037483215332031,0.308013916015625,3.604869842529297,0.0,0.0,1.5794792175292969,0.3026008605957031,3.4088706970214844,0.0,0.0,1.774496078491211,0.38824462890625,3.739187240600586,0.0,0.0,1.6353492736816406,0.3283843994140625,3.6276607513427734,0.0,0.0,2.013944625854492,0.4035491943359375,3.653238296508789,0.0,0.0,2.177248954772949,0.46430492401123047,4.517667770385742,0.0,0.0,2.5534396171569824,0.5376691818237305,4.837867259979248,0.0,0.0,1.9074249267578125,0.40711212158203125,4.023143768310547,0.0,0.0,2.018566131591797,0.4506397247314453,4.129247665405273,0.0,0.0,2.1918888092041016,0.4597587585449219,4.494391441345215,0.0,0.0,1.7693219184875488,0.3732566833496094,3.9018425941467285,0.0,0.0,1.4622955322265625,0.33678436279296875,3.1808624267578125,0.0,0.0,1.7306938171386719,0.38739013671875,3.912289619445801,0.0,0.0,1.5089054107666016,0.3795766830444336,3.4187097549438477,0.0,0.0,1.3627567291259766,0.29012393951416016,3.170299530029297,0.0,0.0,1.4255294799804688,0.2978363037109375,3.3729567527770996,0.0,0.0,1.1653566360473633,0.3129234313964844,2.9803662300109863,0.0,0.0,1.3679404258728027,0.3208274841308594,3.4861197471618652,0.0,0.0,1.156081199645996,0.2846088409423828,3.1290130615234375,0.0,0.0,1.396357536315918,0.37416839599609375,3.8149728775024414,0.0,0.0,1.569066047668457,0.4174518585205078,3.8598413467407227,0.0,0.0,1.7456889152526855,0.3589611053466797,4.616671085357666,0.0,0.0,2.068472981452942,0.42140257358551025,5.422931790351868,0.0,0.0
61,grounded,20,0.62548828125,3.686250686645508,0.9322052001953125,16.009917497634888,0.002386331558227539,0.002386331558227539,3.0138545632362366,0.8737150430679321,12.940853655338287,0.013408660888671875,0.013408660888671875,3.1851019859313965,0.812467098236084,13.601541638374329,0.006411850452423096,0.014884889125823975,0.5389633178710938,0.1540679931640625,2.1073989868164062,0.0,0.0,0.3803863525390625,0.12310791015625,1.684661865234375,0.0,0.0,0.49680328369140625,0.14581298828125,1.8076629638671875,0.0,0.0,0.46303558349609375,0.17104339599609375,2.1699142456054688,0.0,0.0,0.6256179809570312,0.2634124755859375,2.829120635986328,0.0,0.0,0.6610641479492188,0.3144683837890625,3.4701900482177734,0.0,0.0,0.9187469482421875,0.3441658020019531,4.428510665893555,0.0,0.0,1.008514404296875,0.287078857421875,4.112346649169922,0.0,0.0,1.0398025512695312,0.3649024963378906,4.5696516036987305,0.0,0.0,1.0013179779052734,0.3278961181640625,4.081256866455078,0.0,0.0,0.9902801513671875,0.35430145263671875,4.315673828125,0.0,0.0,1.2858366966247559,0.49134159088134766,5.5680718421936035,0.0,0.0,1.332839012145996,0.4602947235107422,5.490023612976074,0.0,0.0,1.138869285583496,0.3348560333251953,4.344958305358887,0.0,0.0,0.8120193481445312,0.3636627197265625,4.133459091186523,0.0,0.0,1.0832653045654297,0.4633612632751465,5.037572383880615,0.0,0.0,0.9350948333740234,0.4114818572998047,4.545871257781982,0.0,0.0,0.7089653015136719,0.3995087146759033,3.954448938369751,0.0,0.0,0.8256454467773438,0.40520763397216797,4.321534156799316,0.0,0.0,0.80731201171875,0.38307762145996094,3.6796646118164062,0.0,0.0,0.6013526916503906,0.2989616394042969,3.4382972717285156,0.0,0.0,0.7764892578125,0.32070159912109375,4.008156776428223,0.0,0.0,0.7199974060058594,0.31012725830078125,3.7474756240844727,0.0,0.0,0.8915824890136719,0.31063079833984375,3.7726850509643555,0.0,0.0,1.0124995708465576,0.3250083923339844,3.9457836151123047,0.0,0.0,1.1967769861221313,0.42585110664367676,5.118724703788757,0.0,0.0,0.9992904663085938,0.43616199493408203,4.748709678649902,0.0,0.0,1.562719464302063,0.48837167024612427,5.841496586799622,0.0,0.0,1.3424428701400757,0.40154069662094116,6.2223405838012695,0.0,0.0
61,hallucinated,33,0.73291015625,15.81726187467575,0.9541424512863159,28.14092868566513,0.01042938232421875,0.013416528701782227,13.591703057289124,0.8737150430679321,23.518681168556213,0.02733743190765381,0.04384249448776245,14.069557070732117,0.8748893737792969,24.486069202423096,0.03633761405944824,0.12634170055389404,1.88641357421875,0.173614501953125,3.454975128173828,0.0,0.0,1.83172607421875,0.14301300048828125,3.1360092163085938,0.0,0.0,2.2154502868652344,0.2194671630859375,3.526172637939453,0.0,0.0,2.5716304779052734,0.255157470703125,4.279386520385742,0.0,0.0,3.270790219306946,0.2745542526245117,5.474825024604797,0.0,0.0,4.256722450256348,0.3721733093261719,7.066018104553223,0.0,0.0,4.924892425537109,0.37807655334472656,8.434682846069336,0.0,0.0,5.599122524261475,0.4464273452758789,8.702908992767334,0.0,0.0,6.575576066970825,0.5153894424438477,10.106122255325317,0.0,0.0,5.38035774230957,0.44754505157470703,8.459480285644531,0.0,0.0,6.66120719909668,0.5077996253967285,9.985950469970703,0.0,0.0,7.08015251159668,0.6209311485290527,11.361756324768066,0.0,0.0,7.66445779800415,0.6628189086914062,11.822222232818604,0.0,0.0,6.6904520988464355,0.5782771110534668,9.896527767181396,0.0,0.0,6.062348961830139,0.6284158229827881,9.383840203285217,0.0,0.0,6.6093926429748535,0.5922102928161621,10.562581539154053,0.0,0.0,6.301392316818237,0.5494775772094727,9.911977529525757,0.0,0.0,5.406932353973389,0.4984321594238281,8.651255369186401,0.0,0.0,5.8797101974487305,0.4884681701660156,9.375692367553711,0.0,0.0,5.035478830337524,0.46364259719848633,7.907982110977173,0.0,0.0,4.264298915863037,0.35741329193115234,7.100600242614746,0.0,0.0,4.048784017562866,0.3723163604736328,7.280869245529175,0.0,0.0,3.518509864807129,0.3221244812011719,6.545923233032227,0.0,0.0,3.7726855278015137,0.3457298278808594,6.65510892868042,0.0,0.0,3.243753433227539,0.3424949645996094,6.176998674869537,0.0,0.0,4.117460489273071,0.4262571334838867,8.03903079032898,0.0,0.0,4.630120635032654,0.4458169937133789,8.379449248313904,0.0,0.0,5.258509874343872,0.4559288024902344,9.538748025894165,0.0,0.0,6.409263908863068,0.4743415117263794,11.291441202163696,0.0,0.0
62,grounded,38,0.56884765625,15.946127772331238,0.9553701877593994,32.795662343502045,0.005075931549072266,0.007031559944152832,13.836773812770844,0.8640808463096619,26.745196044445038,0.024564146995544434,0.06388342380523682,13.63114619255066,0.8541207313537598,26.335482597351074,0.029711127281188965,0.06738591194152832,2.124889373779297,0.17095947265625,4.39556884765625,0.0,0.0,1.9455604553222656,0.19470596313476562,3.9946670532226562,0.0,0.0,2.1631240844726562,0.19399261474609375,4.244785308837891,0.0,0.0,2.2934093475341797,0.2308197021484375,4.854829788208008,0.0,0.0,3.271495819091797,0.2884483337402344,6.7758331298828125,0.0,0.0,4.168469429016113,0.37932777404785156,8.161087989807129,0.0,0.0,5.290770530700684,0.3967571258544922,10.039359092712402,0.0,0.0,5.767848372459412,0.49953019618988037,10.119593977928162,0.0,0.0,6.4325684905052185,0.5179729461669922,10.845223367214203,0.0,0.0,5.747375965118408,0.4502754211425781,9.972172260284424,0.0,0.0,6.877786159515381,0.5089950561523438,11.041690349578857,0.0,0.0,7.445491790771484,0.5170145034790039,12.68036937713623,0.0,0.0,8.906789302825928,0.6776337623596191,14.23982971906662,0.0,0.0,7.219876289367676,0.5598735809326172,12.185463905334473,0.0,0.0,7.155521631240845,0.5796363353729248,11.897099256515503,0.0,0.0,7.23654842376709,0.5716047286987305,12.472305297851562,0.0,0.0,6.420275688171387,0.5409975051879883,10.768078088760376,0.0,0.0,5.654703259468079,0.4215364456176758,9.876571297645569,0.0,0.0,5.972177982330322,0.5363802909851074,10.420448780059814,0.0,0.0,5.352225601673126,0.4368245601654053,9.573260128498077,0.0,0.0,3.9083967208862305,0.3589763641357422,7.135475158691406,0.0,0.0,4.549847185611725,0.41036033630371094,8.759396612644196,0.0,0.0,3.7056779861450195,0.3330955505371094,7.367743015289307,0.0,0.0,4.3772324323654175,0.40380191802978516,8.140990138053894,0.0,0.0,3.8939931392669678,0.31264686584472656,7.316077828407288,0.0,0.0,5.138739585876465,0.42212581634521484,9.690556526184082,0.0,0.0,5.85750937461853,0.5123275518417358,10.260727643966675,0.0,0.0,6.069621562957764,0.48121070861816406,11.06349229812622,0.0,0.0,6.451348841190338,0.47881877422332764,12.948162078857422,0.0,0.0
62,hallucinated,26,0.52001953125,4.610801577568054,0.9475851058959961,21.46033614873886,0.0037752389907836914,0.0037752389907836914,4.0612751841545105,0.8640798926353455,16.969734847545624,0.0,0.0,3.8226146697998047,0.8132920265197754,16.526812314987183,0.029712677001953125,0.029712677001953125,0.5034370422363281,0.16031646728515625,2.7738075256347656,0.0,0.0,0.4652099609375,0.16778564453125,2.514026641845703,0.0,0.0,0.6014022827148438,0.17815399169921875,2.683521270751953,0.0,0.0,0.7289466857910156,0.216552734375,3.2908401489257812,0.0,0.0,0.9255561828613281,0.27651214599609375,4.429563522338867,0.0,0.0,1.1000614166259766,0.32990264892578125,5.091785430908203,0.0,0.0,1.3061141967773438,0.36029052734375,6.05457878112793,0.0,0.0,1.6581993103027344,0.3835411071777344,6.010219573974609,0.0,0.0,1.6646652221679688,0.4187946319580078,6.077709197998047,0.0,0.0,1.3010482788085938,0.3967132568359375,5.525167465209961,0.0,0.0,1.5845394134521484,0.4645423889160156,5.747758865356445,0.0,0.0,1.7375593185424805,0.49831485748291016,6.972356796264648,0.0,0.0,2.0825130939483643,0.6233291625976562,7.414875030517578,0.0,0.0,1.729506492614746,0.48309898376464844,6.694764137268066,0.0,0.0,1.4417166709899902,0.5000033378601074,6.183831453323364,0.0,0.0,1.6258411407470703,0.4858551025390625,6.860917091369629,0.0,0.0,1.2171716690063477,0.4120464324951172,5.564391493797302,0.0,0.0,1.4161157608032227,0.4102315902709961,5.638617992401123,0.0,0.0,1.3120896816253662,0.4373283386230469,5.760814428329468,0.0,0.0,1.1184368133544922,0.37554931640625,5.338613033294678,0.0,0.0,0.9440212249755859,0.2756195068359375,4.170254707336426,0.0,0.0,1.0178146362304688,0.31279945373535156,5.227753162384033,0.0,0.0,0.828956127166748,0.3738975524902344,4.491962909698486,0.0,0.0,0.8301124572753906,0.3429069519042969,4.5946784019470215,0.0,0.0,0.7097091674804688,0.2848625183105469,4.131960391998291,0.0,0.0,1.1546897888183594,0.3964052200317383,5.706589221954346,0.0,0.0,1.5182157754898071,0.45703089237213135,5.923228859901428,0.0,0.0,1.6396379470825195,0.4400796890258789,6.631656169891357,0.0,0.0,2.154680371284485,0.6221719980239868,8.649181067943573,0.0,0.0
63,grounded,21,0.5205078125,4.534160733222961,0.9310317039489746,16.795831203460693,0.0,0.0,3.8621758222579956,0.8640798926353455,13.333243787288666,0.0,0.0,3.8597068786621094,0.7965879440307617,13.085569500923157,0.04404795169830322,0.04404795169830322,0.7053451538085938,0.16766357421875,2.3531112670898438,0.0,0.0,0.4828643798828125,0.15847015380859375,2.019134521484375,0.0,0.0,0.6858940124511719,0.17215347290039062,2.1785621643066406,0.0,0.0,0.6159439086914062,0.20763397216796875,2.575702667236328,0.0,0.0,1.0097064971923828,0.2984771728515625,3.504030227661133,0.0,0.0,0.9561042785644531,0.30059051513671875,3.7567806243896484,0.0,0.0,1.3327293395996094,0.3802909851074219,4.568017959594727,0.0,0.0,1.183328628540039,0.3439598083496094,4.074777603149414,0.0,0.0,1.3359241485595703,0.3422279357910156,4.101289749145508,0.0,0.0,1.5084600448608398,0.37726593017578125,4.294877052307129,0.0,0.0,1.7497949600219727,0.42535972595214844,4.380021095275879,0.0,0.0,1.760239601135254,0.4136791229248047,5.441075325012207,0.0,0.0,2.069427967071533,0.4581918716430664,5.4251484870910645,0.0,0.0,1.838679313659668,0.3920269012451172,4.837397575378418,0.0,0.0,1.9416662454605103,0.42959511280059814,4.648981690406799,0.0,0.0,1.8726634979248047,0.4407773017883301,5.336326599121094,0.0,0.0,1.7872620820999146,0.46075546741485596,4.788837015628815,0.0,0.0,1.3929444551467896,0.366003155708313,4.1740230321884155,0.0,0.0,1.6813278198242188,0.4908275604248047,4.53709602355957,0.0,0.0,1.4543876647949219,0.45122337341308594,4.01185941696167,0.0,0.0,1.1074348092079163,0.38060814142227173,3.361686646938324,0.0,0.0,1.2075510025024414,0.37885475158691406,3.8892149925231934,0.0,0.0,1.1136897802352905,0.2991523742675781,3.604039788246155,0.0,0.0,1.1927704811096191,0.36127519607543945,3.5735573768615723,0.0,0.0,1.302225112915039,0.38120269775390625,3.609430432319641,0.0,0.0,1.3214137554168701,0.39327430725097656,4.44845724105835,0.0,0.0,1.3902034759521484,0.4417095184326172,4.455282211303711,0.0,0.0,1.4621233940124512,0.3879966735839844,5.075999736785889,0.0,0.0,1.612324595451355,0.47851645946502686,6.559284567832947,0.0,0.0
63,hallucinated,32,0.69091796875,14.817943811416626,0.9541831016540527,27.079614281654358,0.010705947875976562,0.015915870666503906,13.08568549156189,0.8708242177963257,22.556715309619904,0.01482158899307251,0.026390373706817627,12.750844597816467,0.8542022705078125,21.977009534835815,0.044077396392822266,0.11981523036956787,1.7366180419921875,0.154205322265625,3.3845863342285156,0.0,0.0,1.5846176147460938,0.16009521484375,3.1207962036132812,0.0,0.0,1.8553028106689453,0.20017242431640625,3.347482681274414,0.0,0.0,2.309856414794922,0.22991943359375,4.271087646484375,0.0,0.0,3.4537841081619263,0.3051643371582031,5.948805928230286,0.0,0.0,4.112046241760254,0.3712730407714844,6.913317680358887,0.0,0.0,4.6134443283081055,0.4312467575073242,7.848786354064941,0.0,0.0,5.286854267120361,0.47672271728515625,8.177223682403564,0.0,0.0,5.324065685272217,0.48719358444213867,8.089921474456787,0.0,0.0,5.187648892402649,0.4732705354690552,7.973251461982727,0.0,0.0,5.943493366241455,0.5184135437011719,8.573381900787354,0.0,0.0,6.485216319561005,0.5583360195159912,10.166676700115204,0.0,0.0,6.760096549987793,0.5951576232910156,10.115368843078613,0.0,0.0,5.386127471923828,0.5328369140625,8.384651184082031,0.0,0.0,5.088478922843933,0.4648139476776123,7.794350504875183,0.0,0.0,6.05390739440918,0.596611499786377,9.517236709594727,0.0,0.0,5.379690408706665,0.47565603256225586,8.381344676017761,0.0,0.0,5.231626272201538,0.48467159271240234,8.012366652488708,0.0,0.0,4.912154197692871,0.48847389221191406,7.766278266906738,0.0,0.0,4.551612615585327,0.4707756042480469,7.108922958374023,0.0,0.0,3.5552926063537598,0.4021778106689453,5.80815589427948,0.0,0.0,3.5081748962402344,0.378662109375,6.189504623413086,0.0,0.0,2.887584686279297,0.3003692626953125,5.377154350280762,0.0,0.0,3.1942142248153687,0.3415813446044922,5.575077414512634,0.0,0.0,2.7983431816101074,0.3112678527832031,5.105715751647949,0.0,0.0,3.8942848443984985,0.4110136032104492,7.021172106266022,0.0,0.0,4.119722127914429,0.4626331329345703,7.184037923812866,0.0,0.0,4.747349858283997,0.3872413635253906,8.362653851509094,0.0,0.0,5.752135634422302,0.4950246810913086,10.700498759746552,0.0,0.0
64,grounded,32,0.6591796875,16.59547185897827,0.9467166066169739,27.02448260784149,0.01378697156906128,0.027548909187316895,14.414938807487488,0.8486404418945312,23.23735898733139,0.03571289777755737,0.11314040422439575,12.43185806274414,0.80716872215271,20.745517790317535,0.07481926679611206,0.07481926679611206,9.139859557151794,0.6603107452392578,12.864189267158508,0.0,0.0,9.168807983398438,0.6656723022460938,12.713665008544922,0.0,0.0,8.57497787475586,0.5848560333251953,11.70114517211914,0.0,0.0,6.744958877563477,0.4936351776123047,9.351739883422852,0.0,0.0,6.47835499048233,0.5297854542732239,9.320317566394806,0.0,0.0,4.369943618774414,0.39405059814453125,6.420871734619141,0.0,0.0,5.436653137207031,0.4219970703125,8.115089416503906,0.0,0.0,6.097602367401123,0.49762821197509766,8.507781505584717,0.0,0.0,6.908761978149414,0.5190067291259766,9.551515579223633,0.0,0.0,5.933203458786011,0.49225711822509766,8.373133420944214,0.0,0.0,7.221985816955566,0.5326910018920898,9.573578834533691,0.0,0.0,7.786147594451904,0.5721149444580078,10.890855312347412,0.0,0.0,8.52993392944336,0.6313014030456543,11.164276123046875,0.0,0.0,7.382467746734619,0.5285797119140625,10.049732685089111,0.0,0.0,6.5043230056762695,0.5119762420654297,9.01291561126709,0.0,0.0,7.898640871047974,0.5878450870513916,11.169623613357544,0.0,0.0,6.526094913482666,0.4917488098144531,9.061545014381409,0.0,0.0,5.685272932052612,0.4236593246459961,8.187521696090698,0.0,0.0,5.784257531166077,0.47357940673828125,8.251086831092834,0.0,0.0,5.01855993270874,0.4244098663330078,7.396224498748779,0.0,0.0,3.8348066806793213,0.3132667541503906,5.979505896568298,0.0,0.0,4.2501068115234375,0.3724822998046875,6.452386856079102,0.0,0.0,3.7771908044815063,0.3270235061645508,5.807824730873108,0.0,0.0,4.154720783233643,0.377899169921875,6.377469539642334,0.0,0.0,3.3276143074035645,0.3013763427734375,5.4148091077804565,0.0,0.0,4.7926084995269775,0.4850800037384033,7.736828565597534,0.0,0.0,5.015259265899658,0.4232640266418457,7.576630592346191,0.0,0.0,5.714656412601471,0.4525794982910156,8.904062330722809,0.0,0.0,6.762508988380432,0.6424822807312012,11.200364649295807,0.0,0.0
64,hallucinated,26,0.66357421875,10.966732621192932,0.9414644241333008,21.395743370056152,0.007951498031616211,0.010157346725463867,9.660260438919067,0.8468704223632812,18.503688275814056,0.03570908308029175,0.0985291600227356,8.141965925693512,0.8072375059127808,16.45577371120453,0.07483905553817749,0.07483905553817749,6.357438325881958,0.6591434478759766,10.081663131713867,0.0,0.0,6.323556900024414,0.661102294921875,9.868417739868164,0.0,0.0,5.8139238357543945,0.5773124694824219,8.94014835357666,0.0,0.0,4.561418533325195,0.4833240509033203,7.16783332824707,0.0,0.0,4.538632392883301,0.5217604637145996,7.379246473312378,0.0,0.0,2.7785072326660156,0.3811912536621094,4.829717636108398,0.0,0.0,3.3363800048828125,0.348876953125,6.014835357666016,0.0,0.0,3.8702454566955566,0.44254302978515625,6.280844211578369,0.0,0.0,4.125298500061035,0.4696512222290039,6.768772125244141,0.0,0.0,3.6500015258789062,0.37659549713134766,6.0902557373046875,0.0,0.0,4.435980796813965,0.47763538360595703,6.787066459655762,0.0,0.0,4.744335174560547,0.47632408142089844,7.849039077758789,0.0,0.0,4.847070693969727,0.5368232727050781,7.481298446655273,0.0,0.0,4.641931533813477,0.4578857421875,7.309970855712891,0.0,0.0,4.3383355140686035,0.5451436042785645,6.846897602081299,0.0,0.0,4.809016227722168,0.4888296127319336,8.080695152282715,0.0,0.0,4.690589904785156,0.5290794372558594,7.226734280586243,0.0,0.0,4.002506136894226,0.4383201599121094,6.505800127983093,0.0,0.0,3.888458251953125,0.4653778076171875,6.355537414550781,0.0,0.0,3.672029495239258,0.44949913024902344,6.050989151000977,0.0,0.0,2.851552724838257,0.36185455322265625,4.9963520765304565,0.0,0.0,3.030327796936035,0.3777189254760742,5.234187126159668,0.0,0.0,2.6376819610595703,0.3659043312072754,4.668726921081543,0.0,0.0,2.860957145690918,0.38567638397216797,5.084625244140625,0.0,0.0,2.549813747406006,0.33169031143188477,4.636880278587341,0.0,0.0,3.5340554118156433,0.5101237297058105,6.4787251353263855,0.0,0.0,3.286527156829834,0.39685821533203125,5.847778797149658,0.0,0.0,3.9254188537597656,0.45839500427246094,7.114668846130371,0.0,0.0,4.478500127792358,0.44341564178466797,8.915053963661194,0.0,0.0
65,grounded,29,0.6484375,11.046295702457428,0.9386354088783264,24.179299235343933,0.013941764831542969,0.023449301719665527,9.708800077438354,0.8645234107971191,21.14603167772293,0.03152066469192505,0.04875946044921875,8.56710559129715,0.8601052761077881,19.632134675979614,0.08105528354644775,0.1074792742729187,6.660743474960327,0.6800422668457031,11.44509220123291,0.0,0.0,6.668862342834473,0.6838035583496094,11.394928932189941,0.0,0.0,6.100457191467285,0.6050872802734375,10.251423835754395,0.0,0.0,4.909257888793945,0.5197410583496094,8.378255844116211,0.0,0.0,4.554926156997681,0.5285608768463135,8.221160352230072,0.0,0.0,3.0335235595703125,0.36232566833496094,5.80870246887207,0.0,0.0,3.6301212310791016,0.3676300048828125,6.94767951965332,0.0,0.0,3.774600028991699,0.40987300872802734,6.9168500900268555,0.0,0.0,4.295407772064209,0.4568929672241211,7.765532970428467,0.0,0.0,3.4626712799072266,0.42989540100097656,6.535728812217712,0.0,0.0,4.30354118347168,0.4980306625366211,7.285655975341797,0.0,0.0,4.819634437561035,0.48016357421875,8.872347831726074,0.0,0.0,5.522302150726318,0.5811901092529297,9.237374782562256,0.0,0.0,4.503753900527954,0.48360252380371094,7.990833520889282,0.0,0.0,4.160228252410889,0.47802734375,7.265405178070068,0.0,0.0,4.685579299926758,0.48247623443603516,8.513333320617676,0.0,0.0,3.8950438499450684,0.44368553161621094,7.234434366226196,0.0,0.0,3.8514747619628906,0.3945274353027344,6.904748439788818,0.0,0.0,3.7649707794189453,0.43808650970458984,7.046733856201172,0.0,0.0,3.4948610663414,0.41408348083496094,6.929847419261932,0.0,0.0,2.464274525642395,0.2977333068847656,5.120422720909119,0.0,0.0,3.0081605911254883,0.4013490676879883,6.169094085693359,0.0,0.0,2.421367824077606,0.39134669303894043,5.35302346944809,0.0,0.0,2.911583960056305,0.457688570022583,5.85349303483963,0.0,0.0,2.219375729560852,0.3570823669433594,4.827475488185883,0.0,0.0,3.4788660407066345,0.6075139045715332,7.347985804080963,0.0,0.0,3.7721539735794067,0.6005440950393677,7.181306958198547,0.0,0.0,7.293779492378235,0.71163010597229,13.307472467422485,0.0,0.0,7.618859589099884,0.7581287622451782,14.612879276275635,0.007385969161987305,0.007385969161987305
65,hallucinated,28,0.67236328125,10.204173982143402,0.9502447247505188,23.337177515029907,0.004316568374633789,0.010012626647949219,8.776096820831299,0.8634639978408813,20.213328421115875,0.03152066469192505,0.04875946044921875,7.292496144771576,0.8498201370239258,18.35752522945404,0.08105528354644775,0.1074792742729187,5.198394775390625,0.5917179584503174,9.982743501663208,0.0,0.0,5.320624351501465,0.57806396484375,10.046690940856934,0.0,0.0,4.979515075683594,0.4897880554199219,9.130481719970703,0.0,0.0,4.032478332519531,0.419830322265625,7.501476287841797,0.0,0.0,3.5501506328582764,0.40596121549606323,7.216384828090668,0.0,0.0,2.633800506591797,0.3313713073730469,5.408979415893555,0.0,0.0,3.1087799072265625,0.3398399353027344,6.426338195800781,0.0,0.0,3.460465908050537,0.3986091613769531,6.602715969085693,0.0,0.0,3.7064571380615234,0.44118309020996094,7.176582336425781,0.0,0.0,3.138896942138672,0.35369873046875,6.211954474449158,0.0,0.0,3.7005767822265625,0.4541130065917969,6.68269157409668,0.0,0.0,4.475376129150391,0.50634765625,8.52808952331543,0.0,0.0,5.033557891845703,0.5543289184570312,8.74863052368164,0.0,0.0,4.229856491088867,0.47917747497558594,7.716936111450195,0.0,0.0,3.765005588531494,0.46723365783691406,6.870182514190674,0.0,0.0,4.448183059692383,0.5035190582275391,8.2759370803833,0.0,0.0,3.879343032836914,0.45452880859375,7.218733549118042,0.0,0.0,3.448465347290039,0.39794921875,6.501739025115967,0.0,0.0,3.8488402366638184,0.4480609893798828,7.130603313446045,0.0,0.0,3.72163987159729,0.49475574493408203,7.156626224517822,0.0,0.0,2.699770927429199,0.3373222351074219,5.355919122695923,0.0,0.0,3.118511199951172,0.41957855224609375,6.279444694519043,0.0,0.0,2.3869423866271973,0.35515594482421875,5.318598031997681,0.0,0.0,2.578962802886963,0.3904838562011719,5.520871877670288,0.0,0.0,2.530651092529297,0.33287811279296875,5.138750851154327,0.0,0.0,3.07735013961792,0.5015597343444824,6.9464699029922485,0.0,0.0,3.166436195373535,0.47382259368896484,6.575589179992676,0.0,0.0,6.497722864151001,0.6326026916503906,12.511415839195251,0.0,0.0,6.754787921905518,0.7041258811950684,13.754472613334656,0.0,0.0
66,grounded,32,0.69482421875,17.52964496612549,0.9586746096611023,27.1425861120224,0.002840876579284668,0.0095481276512146,14.77284038066864,0.8619959950447083,22.589525163173676,0.018526077270507812,0.033019185066223145,15.225093007087708,0.878021240234375,23.50405442714691,0.004227399826049805,0.007867693901062012,2.0913009643554688,0.17812728881835938,3.2853240966796875,0.0,0.0,1.933807373046875,0.150360107421875,2.9565963745117188,0.0,0.0,2.1748929023742676,0.19053316116333008,3.3607068061828613,0.0,0.0,2.713296890258789,0.18607711791992188,4.013525009155273,0.0,0.0,3.446261405944824,0.26146364212036133,5.039729118347168,0.0,0.0,4.668972015380859,0.3076629638671875,6.668132781982422,0.0,0.0,5.485631465911865,0.3426666259765625,7.964065074920654,0.0,0.0,5.853244781494141,0.4078960418701172,7.905254364013672,0.0,0.0,6.218008995056152,0.4329986572265625,8.513413429260254,0.0,0.0,6.059236288070679,0.44379138946533203,8.417745351791382,0.0,0.0,7.458702266216278,0.5571549534797668,9.45634001493454,0.0,0.0,7.681361675262451,0.5098438262939453,10.284011363983154,0.0,0.0,8.620609521865845,0.5883326530456543,11.250274896621704,0.0,0.0,7.028602600097656,0.488938570022583,9.458545684814453,0.0,0.0,6.6495819091796875,0.5245952606201172,8.758094787597656,0.0,0.0,7.20918083190918,0.5188241004943848,9.910444259643555,0.0,0.0,5.871384620666504,0.5394487380981445,8.379348635673523,0.0,0.0,4.783687651157379,0.33109188079833984,6.55890280008316,0.0,0.0,5.333799719810486,0.40593433380126953,7.639017462730408,0.0,0.0,4.9354023933410645,0.3986644744873047,7.025496959686279,0.0,0.0,3.8957359790802,0.3484077453613281,5.611781120300293,0.0,0.0,4.354551792144775,0.38678932189941406,6.663156509399414,0.0,0.0,4.059772610664368,0.3641042709350586,6.096112370491028,0.0,0.0,4.57293176651001,0.3790855407714844,6.739031791687012,0.0,0.0,3.707509994506836,0.31342315673828125,5.601807355880737,0.0,0.0,4.99950897693634,0.4387784004211426,7.466872334480286,0.0,0.0,5.357759118080139,0.47706079483032227,7.659034848213196,0.0,0.0,10.995292067527771,0.6962462663650513,14.045626044273376,0.0,0.0,11.364381313323975,0.6767162680625916,15.111417651176453,0.0016582012176513672,0.0016582012176513672
66,hallucinated,23,0.6064453125,9.19836688041687,0.9418485164642334,18.81130802631378,0.0014147758483886719,0.0014147758483886719,7.5469406843185425,0.8619957566261292,15.363597810268402,0.018526554107666016,0.033022522926330566,8.016109824180603,0.8473989963531494,16.295154929161072,0.0,0.0,1.1051826477050781,0.17805862426757812,2.2984580993652344,0.0,0.0,1.0390510559082031,0.14400482177734375,2.061725616455078,0.0,0.0,1.2302770614624023,0.17540836334228516,2.4155569076538086,0.0,0.0,1.4210491180419922,0.188812255859375,2.7216243743896484,0.0,0.0,1.8401622772216797,0.25350189208984375,3.4326114654541016,0.0,0.0,2.357036590576172,0.3150749206542969,4.35650634765625,0.0,0.0,2.971597671508789,0.3519268035888672,5.450721740722656,0.0,0.0,3.0951108932495117,0.408017635345459,5.147387504577637,0.0,0.0,3.2708234786987305,0.4282045364379883,5.565190315246582,0.0,0.0,3.284846305847168,0.4125480651855469,5.643377304077148,0.0,0.0,3.8749850392341614,0.5275673270225525,5.872973740100861,0.0,0.0,3.731555938720703,0.474822998046875,6.333854675292969,0.0,0.0,4.459624767303467,0.5672645568847656,7.089599132537842,0.0,0.0,3.6494808197021484,0.4759235382080078,6.07935905456543,0.0,0.0,3.558854103088379,0.5051040649414062,5.667355537414551,0.0,0.0,3.8391990661621094,0.5222988128662109,6.540410995483398,0.0,0.0,3.4452500343322754,0.47682952880859375,5.952864170074463,0.0,0.0,2.593010127544403,0.3714008331298828,4.368086993694305,0.0,0.0,3.4685332775115967,0.46794891357421875,5.7735755443573,0.0,0.0,2.9034171104431152,0.4357330799102783,4.992295742034912,0.0,0.0,2.1522250175476074,0.29848480224609375,3.8670843839645386,0.0,0.0,2.5987148880958557,0.3848276138305664,4.905536711215973,0.0,0.0,1.8702144622802734,0.3309211730957031,3.9052600860595703,0.0,0.0,2.3086118698120117,0.3588409423828125,4.473511219024658,0.0,0.0,1.916975975036621,0.2976531982421875,3.8097214698791504,0.0,0.0,2.5352249145507812,0.4054985046386719,5.00166130065918,0.0,0.0,2.5077056884765625,0.400968074798584,4.807999134063721,0.0,0.0,2.977436065673828,0.36930274963378906,6.0253214836120605,0.0,0.0,3.4250473976135254,0.468924880027771,7.170553982257843,0.0,0.0
67,grounded,17,0.66064453125,7.095269322395325,0.9148280620574951,13.154231905937195,0.008949995040893555,0.008949995040893555,5.666984856128693,0.7929266691207886,10.533673226833344,0.0559384822845459,0.07025325298309326,6.144130229949951,0.8396244049072266,11.083497285842896,0.04268217086791992,0.1166985034942627,0.8365020751953125,0.14087677001953125,1.5485725402832031,0.0,0.0,0.7081985473632812,0.101654052734375,1.2979965209960938,0.0,0.0,0.8739795684814453,0.14141082763671875,1.5966434478759766,0.0,0.0,0.9942598342895508,0.15245819091796875,1.7169694900512695,0.0,0.0,1.3189444541931152,0.206878662109375,2.3224310874938965,0.0,0.0,1.7391815185546875,0.2889213562011719,2.853302001953125,0.0,0.0,2.255801200866699,0.33403778076171875,3.887709617614746,0.0,0.0,2.159191131591797,0.3935546875,3.4163055419921875,0.0,0.0,2.20249080657959,0.4171733856201172,3.5567426681518555,0.0,0.0,2.1181726455688477,0.3659820556640625,3.5073366165161133,0.0,0.0,2.4343385696411133,0.4078512191772461,3.77101993560791,0.0,0.0,2.7515783309936523,0.4124755859375,4.524237632751465,0.0,0.0,3.455043315887451,0.5741634368896484,5.232259273529053,0.0,0.0,2.557854652404785,0.3916816711425781,4.142731666564941,0.0,0.0,2.435392379760742,0.4006328582763672,3.860576629638672,0.0,0.0,3.059436082839966,0.46077728271484375,4.757680177688599,0.0,0.0,2.8422136306762695,0.46193599700927734,4.357476711273193,0.0,0.0,2.309051990509033,0.3551783561706543,3.612053394317627,0.0,0.0,2.371140480041504,0.40213775634765625,3.74312686920166,0.0,0.0,2.3022403717041016,0.357177734375,3.6629161834716797,0.0,0.0,1.7681827545166016,0.28564453125,2.994085669517517,0.0,0.0,1.9649543762207031,0.3505725860595703,3.2544689178466797,0.0,0.0,1.5947608947753906,0.3031120300292969,2.8463363647460938,0.0,0.0,1.9927606582641602,0.3614616394042969,3.4872617721557617,0.0,0.0,1.6187496185302734,0.31899356842041016,2.950327157974243,0.0,0.0,2.235239028930664,0.46831846237182617,3.956552028656006,0.0,0.0,2.046820640563965,0.39608287811279297,3.6054906845092773,0.0,0.0,2.6626744270324707,0.4258103370666504,4.645771503448486,0.0,0.0,2.732718765735626,0.3988152742385864,5.12794703245163,0.0,0.0
67,hallucinated,16,0.61865234375,6.15385627746582,0.913609504699707,12.21281886100769,0.011005878448486328,0.011005878448486328,4.839316666126251,0.7929266691207886,9.706005036830902,0.0559384822845459,0.07089817523956299,5.22664475440979,0.8032627105712891,10.166011810302734,0.0364837646484375,0.09148550033569336,0.7058029174804688,0.13315582275390625,1.4178733825683594,0.0,0.0,0.6236419677734375,0.118377685546875,1.21343994140625,0.0,0.0,0.7513809204101562,0.132354736328125,1.4740447998046875,0.0,0.0,0.808405876159668,0.14645957946777344,1.5311155319213867,0.0,0.0,1.1320290565490723,0.203338623046875,2.1355156898498535,0.0,0.0,1.5725135803222656,0.29815673828125,2.686634063720703,0.0,0.0,1.87322998046875,0.3267173767089844,3.505138397216797,0.0,0.0,1.8788275718688965,0.3783855438232422,3.135941982269287,0.0,0.0,1.9690732955932617,0.40444469451904297,3.3233251571655273,0.0,0.0,1.9213829040527344,0.34838294982910156,3.310546875,0.0,0.0,2.026036262512207,0.39002132415771484,3.362717628479004,0.0,0.0,2.297292709350586,0.4148101806640625,4.069952011108398,0.0,0.0,2.7791786193847656,0.5341148376464844,4.556394577026367,0.0,0.0,2.1646652221679688,0.37060546875,3.749542236328125,0.0,0.0,2.0021090507507324,0.3775596618652344,3.427293300628662,0.0,0.0,2.6104360818862915,0.4871706962585449,4.308680176734924,0.0,0.0,2.376586437225342,0.4364948272705078,3.8918495178222656,0.0,0.0,2.0565600395202637,0.37584972381591797,3.3595614433288574,0.0,0.0,2.08402681350708,0.4281463623046875,3.4560132026672363,0.0,0.0,2.029438018798828,0.38200807571411133,3.3901138305664062,0.0,0.0,1.5436630249023438,0.2995014190673828,2.7695659399032593,0.0,0.0,1.8391609191894531,0.40881919860839844,3.1286754608154297,0.0,0.0,1.4461445808410645,0.3402996063232422,2.6977200508117676,0.0,0.0,1.779099464416504,0.3822898864746094,3.2736005783081055,0.0,0.0,1.353968620300293,0.3260679244995117,2.6855461597442627,0.0,0.0,1.992328405380249,0.5284838676452637,3.713641405105591,0.0,0.0,1.8453369140625,0.4202384948730469,3.4040069580078125,0.0,0.0,2.4520349502563477,0.4588441848754883,4.435132026672363,0.0,0.0,2.4080942273139954,0.3907904624938965,4.803322494029999,0.0,0.0
68,grounded,33,0.638671875,16.64525133371353,0.954491913318634,28.01677054166794,0.005839824676513672,0.0078887939453125,14.978553771972656,0.8638730645179749,24.26534605026245,0.02278578281402588,0.07017278671264648,15.334872543811798,0.8958117961883545,24.93001502752304,0.050708651542663574,0.08692806959152222,2.054981231689453,0.17894363403320312,3.7840309143066406,0.0,0.0,1.6959075927734375,0.15259552001953125,2.96173095703125,0.0,0.0,1.9324989318847656,0.14078140258789062,3.4610939025878906,0.0,0.0,2.5497522354125977,0.20015716552734375,4.104928016662598,0.0,0.0,3.1832590103149414,0.233551025390625,5.0544633865356445,0.0,0.0,4.382937431335449,0.3177947998046875,6.700098991394043,0.0,0.0,5.104133605957031,0.37554931640625,7.842561721801758,0.0,0.0,5.747949600219727,0.4653968811035156,8.331205368041992,0.0,0.0,5.957888603210449,0.48340463638305664,8.37352466583252,0.0,0.0,5.188450813293457,0.4572439193725586,7.57172417640686,0.0,0.0,5.953086733818054,0.45834827423095703,8.094194293022156,0.0,0.0,6.904359817504883,0.5164661407470703,9.780653953552246,0.0,0.0,7.598666191101074,0.6006546020507812,10.46750259399414,0.0,0.0,6.250938415527344,0.48463964462280273,8.966150283813477,0.0,0.0,5.9164910316467285,0.46872997283935547,8.188117265701294,0.0,0.0,6.690810203552246,0.5167446136474609,9.73519229888916,0.0,0.0,5.507732391357422,0.49697160720825195,8.135236978530884,0.0,0.0,5.013289928436279,0.3750796318054199,6.9989142417907715,0.0,0.0,5.240325212478638,0.4317145347595215,7.780675172805786,0.0,0.0,5.077620327472687,0.38192248344421387,7.309416592121124,0.0,0.0,3.9752941131591797,0.3362407684326172,6.197323322296143,0.0,0.0,4.535406112670898,0.40851783752441406,6.83870792388916,0.0,0.0,3.3108705282211304,0.2801322937011719,5.497513651847839,0.0,0.0,4.153149127960205,0.3807868957519531,6.722065448760986,0.0,0.0,3.3259353637695312,0.30670928955078125,5.687632143497467,0.0,0.0,4.773210167884827,0.4268169403076172,7.777161240577698,0.0,0.0,4.785662293434143,0.42923927307128906,7.637112975120544,0.0,0.0,6.171140789985657,0.45774078369140625,10.170035600662231,0.0,0.0,6.777420520782471,0.6818077564239502,11.468182563781738,0.0,0.0
68,hallucinated,28,0.6865234375,11.951769053936005,0.942216157913208,23.32328635454178,0.0017333030700683594,0.0017333030700683594,10.657034635543823,0.8606407642364502,19.94058221578598,0.02278578281402588,0.062264323234558105,10.9497150182724,0.8815102577209473,20.54486393928528,0.051239013671875,0.1311107873916626,1.8926258087158203,0.21947669982910156,3.621685028076172,0.0,0.0,1.423919677734375,0.15259552001953125,2.68975830078125,0.0,0.0,1.6655349731445312,0.17654800415039062,3.1941452026367188,0.0,0.0,1.9281463623046875,0.1872100830078125,3.483367919921875,0.0,0.0,2.422816038131714,0.233551025390625,4.294050931930542,0.0,0.0,3.20159912109375,0.30608367919921875,5.518707275390625,0.0,0.0,3.791177749633789,0.34970855712890625,6.529712677001953,0.0,0.0,4.182473182678223,0.4363059997558594,6.7656450271606445,0.0,0.0,4.320559978485107,0.43965768814086914,6.736325740814209,0.0,0.0,3.889078378677368,0.46755480766296387,6.272631883621216,0.0,0.0,4.2234086990356445,0.41448402404785156,6.3648176193237305,0.0,0.0,4.758847236633301,0.49796295166015625,7.636186599731445,0.0,0.0,5.558400630950928,0.5459108352661133,8.427169799804688,0.0,0.0,4.7425537109375,0.4936199188232422,7.458000183105469,0.0,0.0,4.337342262268066,0.4658679962158203,6.609758138656616,0.0,0.0,5.180017948150635,0.545832633972168,8.224522113800049,0.0,0.0,5.10757303237915,0.495774507522583,7.735302448272705,0.0,0.0,3.8764869570732117,0.3844451904296875,5.862205684185028,0.0,0.0,4.223773956298828,0.48367977142333984,6.763862609863281,0.0,0.0,3.879490077495575,0.41489410400390625,6.111950099468231,0.0,0.0,3.0916099548339844,0.31004905700683594,5.313554883003235,0.0,0.0,3.7936781644821167,0.43628084659576416,6.097176432609558,0.0,0.0,2.744558334350586,0.3681983947753906,4.931468486785889,0.0,0.0,3.4023702144622803,0.4440450668334961,5.971624135971069,0.0,0.0,3.0639381408691406,0.34342479705810547,5.425428569316864,0.0,0.0,3.7049748301506042,0.5192084312438965,6.708726108074188,0.0,0.0,3.7091712951660156,0.4383087158203125,6.56015157699585,0.0,0.0,4.752593278884888,0.512054443359375,8.75085711479187,0.0,0.0,4.757994771003723,0.44813668727874756,9.448078691959381,0.0,0.0
69,grounded,22,0.56494140625,8.23780107498169,0.9352740049362183,17.790870904922485,0.0135728120803833,0.0135728120803833,7.164173364639282,0.8426579236984253,15.134231388568878,0.02546846866607666,0.05634576082229614,5.424648284912109,0.8250601291656494,13.41385018825531,0.07317370176315308,0.07317370176315308,4.692877531051636,0.6750373840332031,7.913032531738281,0.0,0.0,4.672176361083984,0.6640357971191406,7.798730850219727,0.0,0.0,4.299335479736328,0.5890464782714844,7.072360992431641,0.0,0.0,3.2659072875976562,0.4791107177734375,5.506568908691406,0.0,0.0,3.169792950153351,0.5304539799690247,5.6125078201293945,0.0,0.0,2.167428970336914,0.38851356506347656,4.171720504760742,0.0,0.0,2.1326637268066406,0.311248779296875,4.4436187744140625,0.0,0.0,2.4593467712402344,0.37535858154296875,4.642059326171875,0.0,0.0,2.6320066452026367,0.3891792297363281,5.014436721801758,0.0,0.0,2.328857421875,0.31478118896484375,4.548612594604492,0.0,0.0,3.172945499420166,0.43994140625,5.305941104888916,0.0,0.0,3.521146774291992,0.4816551208496094,6.079736709594727,0.0,0.0,3.7774224281311035,0.5461997985839844,6.175119876861572,0.0,0.0,2.9639296531677246,0.4602980613708496,5.290919780731201,0.0,0.0,3.080209255218506,0.47527313232421875,5.3671393394470215,0.0,0.0,3.272096633911133,0.4334754943847656,6.149431228637695,0.0,0.0,2.565336227416992,0.3405570983886719,4.800059795379639,0.0,0.0,2.457460403442383,0.3291740417480469,4.675726890563965,0.0,0.0,2.526139259338379,0.3586750030517578,4.845547676086426,0.0,0.0,2.107027053833008,0.32836341857910156,4.378253936767578,0.0,0.0,1.6085100173950195,0.2649955749511719,3.550818920135498,0.0,0.0,1.8432350158691406,0.2843494415283203,4.043729782104492,0.0,0.0,1.6538377404212952,0.2779083251953125,3.958473265171051,0.0,0.0,2.1141149401664734,0.3768463134765625,4.432574450969696,0.0,0.0,1.6555068492889404,0.2713966369628906,3.986863136291504,0.0,0.0,2.6554752588272095,0.515461802482605,5.652292847633362,0.0,0.0,2.1897997856140137,0.4476790428161621,4.7696309089660645,0.0,0.0,3.0073835849761963,0.4054412841796875,6.125622749328613,0.0,0.0,3.29287987947464,0.46916472911834717,7.356921374797821,0.0,0.0
69,hallucinated,22,0.6005859375,8.21494334936142,0.9350658655166626,17.768013179302216,0.010109782218933105,0.010109782218933105,7.125645995140076,0.8466473817825317,15.095704019069672,0.02546846866607666,0.05533432960510254,5.502875566482544,0.8250601291656494,13.492077469825745,0.07317370176315308,0.07317370176315308,4.745307445526123,0.667510986328125,7.9654624462127686,0.0,0.0,4.702829360961914,0.67083740234375,7.829383850097656,0.0,0.0,4.297325134277344,0.5980644226074219,7.070350646972656,0.0,0.0,3.2261123657226562,0.49362945556640625,5.466773986816406,0.0,0.0,3.292586624622345,0.5336297154426575,5.735301494598389,0.0,0.0,2.3833723068237305,0.39251136779785156,4.387663841247559,0.0,0.0,2.3022994995117188,0.305908203125,4.613254547119141,0.0,0.0,2.602863311767578,0.38187599182128906,4.785575866699219,0.0,0.0,3.0292978286743164,0.4056854248046875,5.4117279052734375,0.0,0.0,2.77813720703125,0.35755157470703125,4.997892379760742,0.0,0.0,3.5911693572998047,0.49382972717285156,5.724164962768555,0.0,0.0,3.8424606323242188,0.5301895141601562,6.401050567626953,0.0,0.0,3.9669265747070312,0.5397129058837891,6.3646240234375,0.0,0.0,3.3561928272247314,0.4556694030761719,5.683182954788208,0.0,0.0,3.295440673828125,0.4472465515136719,5.582370758056641,0.0,0.0,3.4685096740722656,0.4436674118041992,6.345844268798828,0.0,0.0,3.0790791511535645,0.4020805358886719,5.313802719116211,0.0,0.0,2.7687301635742188,0.3895454406738281,4.986996650695801,0.0,0.0,3.001667022705078,0.44881725311279297,5.321075439453125,0.0,0.0,2.9494333267211914,0.4299020767211914,5.220660209655762,0.0,0.0,1.9736953973770142,0.3091545104980469,3.9160043001174927,0.0,0.0,2.288907051086426,0.3637409210205078,4.489401817321777,0.0,0.0,2.009078025817871,0.3285655975341797,4.313713550567627,0.0,0.0,2.451399326324463,0.41748046875,4.7698588371276855,0.0,0.0,2.102262496948242,0.3028526306152344,4.433618783950806,0.0,0.0,2.828689217567444,0.4637637138366699,5.825506806373596,0.0,0.0,2.511294364929199,0.4261941909790039,5.09112548828125,0.0,0.0,3.1392650604248047,0.4084644317626953,6.257504224777222,0.0,0.0,3.4359652996063232,0.4718252420425415,7.500006794929504,0.0,0.0
70,grounded,19,0.55029296875,3.687833786010742,0.9319095611572266,15.050532758235931,0.006557822227478027,0.006557822227478027,3.263663947582245,0.8198738098144531,12.518583834171295,0.04521745443344116,0.04521745443344116,2.879768490791321,0.7837319374084473,10.97461199760437,0.0639876127243042,0.06918668746948242,0.5385513305664062,0.17828369140625,2.2857818603515625,0.0,0.0,0.38608551025390625,0.13899993896484375,1.6380081176757812,0.0,0.0,0.4831085205078125,0.14174652099609375,1.8272476196289062,0.0,0.0,0.45758819580078125,0.18662261962890625,2.0253257751464844,0.0,0.0,0.644439697265625,0.2511405944824219,2.5812339782714844,0.0,0.0,0.613616943359375,0.2539215087890625,2.6891098022460938,0.0,0.0,0.9230499267578125,0.3069915771484375,3.6974830627441406,0.0,0.0,0.9707431793212891,0.29840850830078125,3.528665542602539,0.0,0.0,1.0694351196289062,0.3509941101074219,3.832904815673828,0.0,0.0,1.0578289031982422,0.30702781677246094,3.677501678466797,0.0,0.0,1.0074119567871094,0.329071044921875,3.462627410888672,0.0,0.0,1.333359718322754,0.4247894287109375,4.514382362365723,0.0,0.0,1.301602840423584,0.42447662353515625,4.09225606918335,0.0,0.0,1.167367935180664,0.346221923828125,3.874776840209961,0.0,0.0,0.8286972045898438,0.3597984313964844,3.321688652038574,0.0,0.0,1.0252838134765625,0.39313507080078125,4.364884376525879,0.0,0.0,1.0088424682617188,0.31575775146484375,3.7652432918548584,0.0,0.0,0.6857357025146484,0.3405170440673828,3.2688074111938477,0.0,0.0,0.8210620880126953,0.30066680908203125,3.1972827911376953,0.0,0.0,0.7884063720703125,0.3473052978515625,3.0518198013305664,0.0,0.0,0.6539230346679688,0.2725639343261719,2.82377290725708,0.0,0.0,0.7909002304077148,0.369903564453125,3.431699752807617,0.0,0.0,0.6901512145996094,0.3201789855957031,3.124781608581543,0.0,0.0,0.7180418968200684,0.3274040222167969,3.321220874786377,0.0,0.0,0.8951883316040039,0.3277549743652344,3.4189664125442505,0.0,0.0,1.1351895332336426,0.4026832580566406,4.125631809234619,0.0,0.0,1.0726070404052734,0.42380332946777344,4.036215782165527,0.0,0.0,1.5153895020484924,0.47573375701904297,5.337916314601898,0.0,0.0,1.4135004878044128,0.5007594227790833,6.15508496761322,0.0,0.0
70,hallucinated,29,0.673828125,12.916834235191345,0.9456782341003418,24.279533207416534,0.023660659790039062,0.03855997323989868,11.470230221748352,0.8705794811248779,20.719361424446106,0.04521745443344116,0.04521745443344116,10.19507908821106,0.7959995269775391,18.289965987205505,0.0640021562576294,0.12226468324661255,1.816925048828125,0.19849014282226562,3.564422607421875,0.0,0.0,1.2467041015625,0.1391143798828125,2.4987716674804688,0.0,0.0,1.5538711547851562,0.15763092041015625,2.8976974487304688,0.0,0.0,1.8041610717773438,0.211822509765625,3.3717308044433594,0.0,0.0,2.514549195766449,0.2686634063720703,4.451438844203949,0.0,0.0,3.068942070007324,0.3749094009399414,5.143885612487793,0.0,0.0,3.6068077087402344,0.38997650146484375,6.381378173828125,0.0,0.0,4.416691184043884,0.4455585479736328,6.973896384239197,0.0,0.0,4.867676258087158,0.593048095703125,7.631018161773682,0.0,0.0,4.156601071357727,0.4626445770263672,6.775465130805969,0.0,0.0,4.911608695983887,0.5743694305419922,7.366223335266113,0.0,0.0,5.1178335547447205,0.5220680236816406,8.298920094966888,0.0,0.0,5.564919948577881,0.5997495651245117,8.355685710906982,0.0,0.0,4.636662483215332,0.4777336120605469,7.344418525695801,0.0,0.0,4.054792404174805,0.48784732818603516,6.547599792480469,0.0,0.0,4.598543167114258,0.49069786071777344,7.938429832458496,0.0,0.0,4.372032165527344,0.5068874359130859,7.12803053855896,0.0,0.0,4.212538301944733,0.4747657775878906,6.797122538089752,0.0,0.0,3.442112922668457,0.43941402435302734,5.819191932678223,0.0,0.0,3.476303458213806,0.43460023403167725,5.739599585533142,0.0,0.0,2.823885917663574,0.40445613861083984,4.993348598480225,0.0,0.0,3.3780136108398438,0.3746910095214844,6.018423080444336,0.0,0.0,2.602548122406006,0.34037256240844727,5.036326885223389,0.0,0.0,3.0641868114471436,0.3592872619628906,5.6673057079315186,0.0,0.0,2.4459667205810547,0.3278465270996094,4.970091938972473,0.0,0.0,3.1805862188339233,0.4442262649536133,6.170208096504211,0.0,0.0,3.6157970428466797,0.43295955657958984,6.57913875579834,0.0,0.0,4.08141028881073,0.43423938751220703,7.906080603599548,0.0,0.0,5.046963930130005,0.5008032321929932,9.789109945297241,0.0,0.0
71,grounded,26,0.52197265625,4.606210947036743,0.9434127807617188,21.38829267024994,0.0011168122291564941,0.0011168122291564941,3.993771016597748,0.8704241514205933,18.48540371656418,0.04715728759765625,0.10622531175613403,3.403759002685547,0.84039306640625,17.234538197517395,0.0861213207244873,0.15552747249603271,2.580198287963867,0.581822395324707,8.312345504760742,0.0,0.0,2.4780540466308594,0.568206787109375,8.024068832397461,0.0,0.0,2.280599594116211,0.4733142852783203,7.407464981079102,0.0,0.0,1.642608642578125,0.4121208190917969,6.1435394287109375,0.0,0.0,1.622640609741211,0.4256782531738281,6.13449364900589,0.0,0.0,0.9337806701660156,0.36163330078125,4.828542709350586,0.0,0.0,1.3323974609375,0.3595771789550781,5.8995208740234375,0.0,0.0,1.2979967594146729,0.3947257995605469,5.60287880897522,0.0,0.0,1.4633560180664062,0.36235809326171875,5.995065689086914,0.0,0.0,1.4447860717773438,0.36713218688964844,6.018552780151367,0.0,0.0,1.777984619140625,0.46444129943847656,6.492205619812012,0.0,0.0,1.8514022827148438,0.4983339309692383,7.41277551651001,0.0,0.0,2.0489425659179688,0.5892667770385742,7.396856307983398,0.0,0.0,1.70989990234375,0.4571685791015625,6.643333435058594,0.0,0.0,1.846963882446289,0.45384883880615234,6.78764533996582,0.0,0.0,1.9205245971679688,0.49800682067871094,6.994892120361328,0.0,0.0,1.7087821960449219,0.3752460479736328,6.05446994304657,0.0,0.0,1.342376708984375,0.38504791259765625,5.260058522224426,0.0,0.0,1.5823211669921875,0.46535682678222656,5.928962707519531,0.0,0.0,1.523641586303711,0.5047500133514404,5.092396259307861,0.0,0.0,1.204568862915039,0.45218849182128906,4.607224702835083,0.0,0.0,1.2534818649291992,0.3822517395019531,5.177294969558716,0.0,0.0,1.1603511571884155,0.3876762390136719,5.176328063011169,0.0,0.0,1.283886432647705,0.43363380432128906,5.072204113006592,0.0,0.0,1.293222427368164,0.4140625,5.041030943393707,0.0,0.0,1.3751071095466614,0.44312381744384766,6.164660632610321,0.0,0.0,1.5841598510742188,0.5149130821228027,6.262894153594971,0.0,0.0,1.641815185546875,0.4671344757080078,6.984402179718018,0.0,0.0,1.7503621578216553,0.46828365325927734,8.614950597286224,0.0,0.0
71,hallucinated,27,0.5419921875,5.58185887336731,0.9470970630645752,22.363940596580505,0.0011168122291564941,0.0011168122291564941,4.807022452354431,0.8704241514205933,19.298572719097137,0.04715108871459961,0.11436694860458374,4.008630990982056,0.8404102325439453,17.8394872546196,0.08606815338134766,0.15555405616760254,2.9175033569335938,0.5818367004394531,8.649477005004883,0.0,0.0,2.9467239379882812,0.568084716796875,8.493313789367676,0.0,0.0,2.6579208374023438,0.4708538055419922,7.785850524902344,0.0,0.0,2.1550369262695312,0.4123382568359375,6.6569976806640625,0.0,0.0,2.0647430419921875,0.42569541931152344,6.576533138751984,0.0,0.0,1.4503955841064453,0.3617668151855469,5.344635009765625,0.0,0.0,1.7339668273925781,0.3597297668457031,6.300319671630859,0.0,0.0,2.0694966316223145,0.4074821472167969,6.375059604644775,0.0,0.0,2.1957359313964844,0.42303466796875,6.728456497192383,0.0,0.0,1.8258934020996094,0.3741874694824219,6.399845123291016,0.0,0.0,2.284142017364502,0.49709367752075195,6.998836994171143,0.0,0.0,2.5216140747070312,0.5073928833007812,8.083909034729004,0.0,0.0,2.787384271621704,0.6044139862060547,8.135673761367798,0.0,0.0,2.40932035446167,0.5108013153076172,7.342475414276123,0.0,0.0,2.3033281564712524,0.5586429834365845,7.246538758277893,0.0,0.0,2.5630006790161133,0.5183296203613281,7.638363838195801,0.0,0.0,1.8604240417480469,0.3836517333984375,6.206446409225464,0.0,0.0,1.8009202480316162,0.38030242919921875,5.718537211418152,0.0,0.0,1.8753337860107422,0.37715625762939453,6.223278999328613,0.0,0.0,1.8563697338104248,0.40851783752441406,5.424667596817017,0.0,0.0,1.6773804426193237,0.3985743522644043,5.07894241809845,0.0,0.0,1.7015893459320068,0.4175913333892822,5.625376224517822,0.0,0.0,1.4084372520446777,0.3881797790527344,5.425227880477905,0.0,0.0,1.754465103149414,0.4039020538330078,5.543912887573242,0.0,0.0,1.5512237548828125,0.37784290313720703,5.298973262310028,0.0,0.0,1.7123346328735352,0.44341373443603516,6.502833008766174,0.0,0.0,1.853867530822754,0.5150036811828613,6.532213568687439,0.0,0.0,2.0798206329345703,0.4519672393798828,7.424898147583008,0.0,0.0,2.327100932598114,0.4887593984603882,9.194147884845734,0.0,0.0
72,grounded,25,0.63671875,9.119472801685333,0.9521220922470093,20.46306347846985,0.006391286849975586,0.010168850421905518,7.820429861545563,0.8500027656555176,17.23985195159912,0.06977474689483643,0.14348673820495605,8.162825345993042,0.8645524978637695,17.734047889709473,0.024342775344848633,0.11922430992126465,1.1493988037109375,0.19818496704101562,2.6632957458496094,0.0,0.0,0.9041824340820312,0.13871002197265625,2.284944534301758,0.0,0.0,1.021514892578125,0.13980865478515625,2.196929931640625,0.0,0.0,1.3767988681793213,0.19384765625,2.995985269546509,0.0,0.0,1.9734492301940918,0.28777313232421875,4.18605375289917,0.0,0.0,2.4697682857513428,0.4053914546966553,5.0942018032073975,0.0,0.0,3.0433883666992188,0.45854759216308594,6.249217987060547,0.0,0.0,2.8230648040771484,0.44011926651000977,5.627542495727539,0.0,0.0,3.2063894271850586,0.47511959075927734,6.220959663391113,0.0,0.0,2.704866409301758,0.411590576171875,5.422128677368164,0.0,0.0,3.2174272537231445,0.42897796630859375,6.029372215270996,0.0,0.0,3.6136817932128906,0.5207004547119141,7.3658528327941895,0.0,0.0,3.9482407569885254,0.5386810302734375,7.594433307647705,0.0,0.0,3.2844120264053345,0.43706798553466797,6.511293053627014,0.0,0.0,3.388615846633911,0.5006752014160156,6.74186635017395,0.0,0.0,3.4822378158569336,0.5312442779541016,7.256799697875977,0.0,0.0,3.443487524986267,0.4979957342147827,6.297765612602234,0.0,0.0,2.7132558822631836,0.3825664520263672,5.4861650466918945,0.0,0.0,2.752656936645508,0.4199104309082031,5.7064385414123535,0.0,0.0,2.6215217113494873,0.4084935188293457,5.195152997970581,0.0,0.0,1.8562870025634766,0.26426124572753906,3.974473714828491,0.0,0.0,2.5697145462036133,0.38439083099365234,5.4587767124176025,0.0,0.0,2.020277976989746,0.3165712356567383,4.341031074523926,0.0,0.0,2.536496639251709,0.4097118377685547,5.123623371124268,0.0,0.0,1.9428043365478516,0.324615478515625,4.156555414199829,0.0,0.0,2.8093154430389404,0.48479461669921875,5.687043905258179,0.0,0.0,2.915251314640045,0.42739105224609375,5.7001407742500305,0.0,0.0,3.5965030193328857,0.4415702819824219,6.979634046554565,0.0,0.0,4.017224967479706,0.6869088411331177,8.351175308227539,0.0,0.0
72,hallucinated,32,0.541015625,15.677358984947205,0.959552526473999,27.02094966173172,0.004765629768371582,0.009018898010253906,13.761025369167328,0.875551700592041,23.18045324087143,0.06977617740631104,0.15280890464782715,14.317668199539185,0.8930082321166992,23.888768434524536,0.024332761764526367,0.04164576530456543,2.2707672119140625,0.1981964111328125,3.784954071044922,0.0,0.0,1.7070503234863281,0.1385498046875,3.0879688262939453,0.0,0.0,1.8942413330078125,0.144378662109375,3.0692138671875,0.0,0.0,2.399995803833008,0.20485687255859375,4.018777847290039,0.0,0.0,3.050023078918457,0.26027679443359375,5.262150764465332,0.0,0.0,4.212223529815674,0.37749528884887695,6.837427616119385,0.0,0.0,4.994393348693848,0.3722991943359375,8.198800086975098,0.0,0.0,4.895824670791626,0.48542046546936035,7.699344873428345,0.0,0.0,5.441547393798828,0.4793548583984375,8.455816268920898,0.0,0.0,4.914543151855469,0.41182708740234375,7.632611274719238,0.0,0.0,5.341707229614258,0.4075431823730469,8.154027938842773,0.0,0.0,6.6114888191223145,0.5695748329162598,10.364616870880127,0.0,0.0,6.640537738800049,0.5765209197998047,10.286879062652588,0.0,0.0,5.925444602966309,0.46541881561279297,9.152796745300293,0.0,0.0,5.955199718475342,0.5332756042480469,9.308079719543457,0.0,0.0,6.598606109619141,0.5313606262207031,10.372835159301758,0.0,0.0,5.2467474937438965,0.4865837097167969,8.101128101348877,0.0,0.0,4.609025001525879,0.42258644104003906,7.381791591644287,0.0,0.0,4.8898725509643555,0.4314079284667969,7.842620134353638,0.0,0.0,5.214922904968262,0.4461679458618164,7.788924217224121,0.0,0.0,3.6147384643554688,0.2954854965209961,5.7327892780303955,0.0,0.0,4.77581787109375,0.4323701858520508,7.6648924350738525,0.0,0.0,3.4283231496810913,0.3279132843017578,5.748403906822205,0.0,0.0,4.073339939117432,0.4376087188720703,6.660245418548584,0.0,0.0,3.3536925315856934,0.3507804870605469,5.567827105522156,0.0,0.0,5.033566057682037,0.5339221954345703,7.910739481449127,0.0,0.0,5.041561722755432,0.4454641342163086,7.8257445096969604,0.0,0.0,6.087519884109497,0.47866249084472656,9.47200608253479,0.0,0.0,7.304933190345764,0.7268311977386475,11.641034066677094,0.0,0.0
73,grounded,27,0.70556640625,7.453474283218384,0.9475886821746826,22.421888053417206,0.0027216672897338867,0.005595684051513672,6.443425297737122,0.8521988391876221,18.413979291915894,0.0038608908653259277,0.0038608908653259277,5.973968982696533,0.8164600133895874,17.776117026805878,0.0028128623962402344,0.0028128623962402344,0.9252586364746094,0.1837921142578125,3.1253528594970703,0.0,0.0,0.7843589782714844,0.15472412109375,2.596435546875,0.0,0.0,0.9400463104248047,0.17282867431640625,2.946287155151367,0.0,0.0,1.2441215515136719,0.2464590072631836,3.82761287689209,0.0,0.0,1.6495256423950195,0.2516975402832031,4.252800941467285,0.0,0.0,2.18765926361084,0.39696788787841797,5.385495185852051,0.0,0.0,2.5351791381835938,0.41736602783203125,6.844930648803711,0.0,0.0,2.753324270248413,0.48052000999450684,6.5138490200042725,0.0,0.0,3.2463035583496094,0.51580810546875,7.4294891357421875,0.0,0.0,2.6935853958129883,0.4229698181152344,6.844388008117676,0.0,0.0,3.5167298316955566,0.5821876525878906,7.507988452911377,0.0,0.0,3.514288902282715,0.5488786697387695,8.515180587768555,0.0,0.0,3.9065170288085938,0.5881214141845703,8.390985488891602,0.0,0.0,3.4079299569129944,0.5074806213378906,7.669643938541412,0.0,0.0,3.463302969932556,0.5355243682861328,7.613861441612244,0.0,0.0,3.4378442764282227,0.5130167007446289,8.168267250061035,0.0,0.0,3.816318988800049,0.5361180305480957,8.421030759811401,0.0,0.0,2.896191120147705,0.4051170349121094,6.6786311864852905,0.0,0.0,3.0098538398742676,0.4511280059814453,6.7598443031311035,0.0,0.0,2.786123514175415,0.41515254974365234,6.092126846313477,0.0,0.0,2.267143726348877,0.3575935363769531,5.474062442779541,0.0,0.0,2.3433496952056885,0.42339038848876953,6.369763135910034,0.0,0.0,1.8467127084732056,0.3387298583984375,5.364796757698059,0.0,0.0,2.181744873523712,0.39893341064453125,5.970382988452911,0.0,0.0,1.8870849609375,0.3472585678100586,5.249068856239319,0.0,0.0,2.00974702835083,0.4994831085205078,6.597650527954102,0.0,0.0,2.2722320556640625,0.4033317565917969,6.406123638153076,0.0,0.0,2.5521721839904785,0.4415593147277832,7.796306133270264,0.0,0.0,2.81857430934906,0.5138253569602966,9.091074824333191,0.0,0.0
73,hallucinated,28,0.69970703125,8.39639675617218,0.9492862224578857,23.364810526371002,0.0027216672897338867,0.005595684051513672,7.207353949546814,0.8521988391876221,19.177907943725586,0.0038608908653259277,0.0038608908653259277,6.669405937194824,0.8164600133895874,18.47155398130417,0.0028128623962402344,0.0028128623962402344,1.1149559020996094,0.1837921142578125,3.3150501251220703,0.0,0.0,0.8813819885253906,0.15472412109375,2.6934585571289062,0.0,0.0,1.0419797897338867,0.17282867431640625,3.048220634460449,0.0,0.0,1.306600570678711,0.2464590072631836,3.890091896057129,0.0,0.0,1.777724266052246,0.2516975402832031,4.380999565124512,0.0,0.0,2.116250991821289,0.2952880859375,5.3140869140625,0.0,0.0,2.688230514526367,0.3634071350097656,6.997982025146484,0.0,0.0,2.9233617782592773,0.4434943199157715,6.683886528015137,0.0,0.0,3.4690287113189697,0.4738121032714844,7.652214288711548,0.0,0.0,2.899709701538086,0.4055032730102539,7.050512313842773,0.0,0.0,3.8481693267822266,0.5944881439208984,7.839427947998047,0.0,0.0,3.942000389099121,0.5516386032104492,8.942892074584961,0.0,0.0,4.058290004730225,0.6126136779785156,8.542758464813232,0.0,0.0,3.4445431232452393,0.49767112731933594,7.706257104873657,0.0,0.0,3.364917516708374,0.500452995300293,7.5154759883880615,0.0,0.0,3.704619884490967,0.5114421844482422,8.43504285812378,0.0,0.0,3.9003018140792847,0.5493500232696533,8.505013585090637,0.0,0.0,2.9411855340003967,0.4130115509033203,6.723625600337982,0.0,0.0,3.060464859008789,0.44203662872314453,6.810455322265625,0.0,0.0,2.80471271276474,0.39693641662597656,6.1107160449028015,0.0,0.0,2.2737646102905273,0.3910694122314453,5.480683326721191,0.0,0.0,2.5015716552734375,0.42339038848876953,6.527985095977783,0.0,0.0,1.9627240896224976,0.3387298583984375,5.480808138847351,0.0,0.0,2.4840490221977234,0.39893341064453125,6.272687137126923,0.0,0.0,2.1780343055725098,0.3497352600097656,5.540018200874329,0.0,0.0,2.319192409515381,0.4994831085205078,6.907095909118652,0.0,0.0,2.538548469543457,0.42232799530029297,6.672440052032471,0.0,0.0,2.841096878051758,0.4415593147277832,8.085230827331543,0.0,0.0,3.17482990026474,0.5138253569602966,9.44733041524887,0.0,0.0
74,grounded,43,0.64208984375,19.80393522977829,0.9571108222007751,37.57200866937637,0.01178741455078125,0.025779545307159424,18.09216946363449,0.8990509510040283,33.22767573595047,0.029027104377746582,0.05810737609863281,15.929907143115997,0.8416777849197388,30.28277236223221,0.07110071182250977,0.11187708377838135,10.27299976348877,0.5927813053131104,15.428055047988892,0.0,0.0,10.248542785644531,0.5804214477539062,15.104986190795898,0.0,0.0,9.747915267944336,0.4853858947753906,14.009031295776367,0.0,0.0,7.9836103320121765,0.4210929870605469,11.936952769756317,0.0,0.0,7.719574809074402,0.4121757745742798,12.336988687515259,0.0,0.0,5.993452072143555,0.4082183837890625,9.621297836303711,0.0,0.0,7.064160346984863,0.4372978210449219,11.985064506530762,0.0,0.0,7.486424803733826,0.49550437927246094,12.059156775474548,0.0,0.0,7.697731971740723,0.5244088172912598,12.365708351135254,0.0,0.0,7.029790699481964,0.5184593200683594,11.123454868793488,0.0,0.0,8.639272332191467,0.5689640045166016,12.611467003822327,0.0,0.0,9.378509283065796,0.5701522827148438,14.824516534805298,0.0,0.0,9.716675519943237,0.6155097484588623,15.084573030471802,0.0,0.0,8.630579948425293,0.521759033203125,13.496781349182129,0.0,0.0,8.748648166656494,0.5387153625488281,13.569685459136963,0.0,0.0,8.787606716156006,0.4876079559326172,14.60505723953247,0.0,0.0,8.702935576438904,0.5133533477783203,13.031826376914978,0.0,0.0,7.69209885597229,0.5111792087554932,11.89066481590271,0.0,0.0,7.687887668609619,0.48154449462890625,12.01479196548462,0.0,0.0,6.641236782073975,0.44039058685302734,10.64205026626587,0.0,0.0,5.067078471183777,0.33365535736083984,8.419308066368103,0.0,0.0,5.786237478256226,0.37039756774902344,9.872010946273804,0.0,0.0,4.51250433921814,0.3366432189941406,7.927173376083374,0.0,0.0,5.662537097930908,0.4293632507324219,9.339709758758545,0.0,0.0,4.523763537406921,0.3208894729614258,7.894805073738098,0.0,0.0,6.33600640296936,0.45737600326538086,11.12867546081543,0.0,0.0,6.547491550445557,0.44356536865234375,10.919726550579071,0.0,0.0,6.496542692184448,0.39190673828125,11.651487350463867,0.0,0.0,8.086124241352081,0.45533478260040283,15.303890883922577,0.0,0.0
74,hallucinated,43,0.61328125,19.785684943199158,0.9598525762557983,37.55375838279724,0.01526641845703125,0.026584386825561523,17.970519483089447,0.8911163806915283,33.10190534591675,0.029027104377746582,0.05639922618865967,16.099969565868378,0.8416777849197388,30.45283478498459,0.07110071182250977,0.1119309663772583,10.163744926452637,0.5927813053131104,15.318800210952759,0.0,0.0,10.168342590332031,0.5804214477539062,15.024785995483398,0.0,0.0,9.603591918945312,0.4852790832519531,13.864707946777344,0.0,0.0,7.7273396253585815,0.4143943786621094,11.680682063102722,0.0,0.0,7.4957053661346436,0.4121757745742798,12.1131192445755,0.0,0.0,5.427290916442871,0.385345458984375,9.055136680603027,0.0,0.0,6.897924423217773,0.43239593505859375,11.818828582763672,0.0,0.0,7.456469774246216,0.51422119140625,12.029201745986938,0.0,0.0,7.976998329162598,0.5061650276184082,12.644974708557129,0.0,0.0,6.735634803771973,0.48393774032592773,10.829298973083496,0.0,0.0,8.047533631324768,0.5436153411865234,12.019728302955627,0.0,0.0,8.919384479522705,0.5661020278930664,14.365391731262207,0.0,0.0,9.857194423675537,0.6778244972229004,15.225091934204102,0.0,0.0,8.426255226135254,0.5623884201049805,13.29245662689209,0.0,0.0,8.858153104782104,0.6508126258850098,13.679190397262573,0.0,0.0,8.529397964477539,0.5146479606628418,14.346848487854004,0.0,0.0,8.359068870544434,0.5166692733764648,12.687959671020508,0.0,0.0,7.572563588619232,0.4743044972419739,11.771129548549652,0.0,0.0,7.143637657165527,0.4687952995300293,11.470541954040527,0.0,0.0,6.396719694137573,0.46471595764160156,10.397533178329468,0.0,0.0,5.077887535095215,0.32326698303222656,8.430117130279541,0.0,0.0,5.371424436569214,0.3393402099609375,9.457197904586792,0.0,0.0,4.158713340759277,0.3234596252441406,7.573382377624512,0.0,0.0,4.893154144287109,0.3713340759277344,8.570326805114746,0.0,0.0,4.13129997253418,0.3130965232849121,7.5023415088653564,0.0,0.0,5.503696441650391,0.44963932037353516,10.29636549949646,0.0,0.0,5.610988140106201,0.40157318115234375,9.983223140239716,0.0,0.0,6.116883277893066,0.4121227264404297,11.271827936172485,0.0,0.0,7.753231704235077,0.47131019830703735,14.970998346805573,0.0,0.0
75,grounded,29,0.52392578125,12.07069981098175,0.9500565528869629,24.422592520713806,0.006189227104187012,0.008905291557312012,10.940718710422516,0.8718463182449341,21.176181495189667,0.025676250457763672,0.08711487054824829,11.231700360774994,0.8961911201477051,21.66070568561554,0.032735347747802734,0.049182891845703125,1.480642318725586,0.1775360107421875,3.3475027084350586,0.0,0.0,1.4096221923828125,0.1587066650390625,2.820415496826172,0.0,0.0,1.6752967834472656,0.16859817504882812,3.1611557006835938,0.0,0.0,1.6356048583984375,0.2099456787109375,3.4154891967773438,0.0,0.0,2.3597030639648438,0.2387542724609375,4.39409065246582,0.0,0.0,3.0218353271484375,0.2929840087890625,5.489475250244141,0.0,0.0,4.010862350463867,0.34894561767578125,6.870920181274414,0.0,0.0,3.780397415161133,0.3659934997558594,6.270456314086914,0.0,0.0,4.659658432006836,0.4599113464355469,7.473808288574219,0.0,0.0,3.7451438903808594,0.386444091796875,6.560190200805664,0.0,0.0,4.205242156982422,0.3762092590332031,6.474769592285156,0.0,0.0,5.167080879211426,0.46764278411865234,8.366005897521973,0.0,0.0,6.069774627685547,0.5628538131713867,9.106689453125,0.0,0.0,4.902244567871094,0.47461509704589844,7.818882942199707,0.0,0.0,5.092386245727539,0.5251083374023438,7.871051788330078,0.0,0.0,5.468264579772949,0.5065670013427734,8.981375694274902,0.0,0.0,4.055294036865234,0.391632080078125,7.38356876373291,0.0,0.0,3.7394886016845703,0.3472480773925781,6.108909606933594,0.0,0.0,4.019248962402344,0.3824920654296875,6.718719482421875,0.0,0.0,3.450028419494629,0.3764982223510742,6.121440887451172,0.0,0.0,2.645228385925293,0.2448749542236328,4.934072434902191,0.0,0.0,3.2025275230407715,0.32015419006347656,5.953710556030273,0.0,0.0,2.8104701042175293,0.2961158752441406,5.60595965385437,0.0,0.0,3.2407073974609375,0.30008506774902344,6.342933654785156,0.0,0.0,2.4564130902290344,0.36377716064453125,5.3637630343437195,0.0,0.0,3.535276412963867,0.3654136657714844,6.943612575531006,0.0,0.0,3.640890121459961,0.46308231353759766,6.914021015167236,0.0,0.0,4.293577671051025,0.3965110778808594,8.477176189422607,0.0,0.0,5.479588449001312,0.5082513093948364,10.515763759613037,0.0,0.0
75,hallucinated,37,0.59130859375,19.672915875911713,0.9540657997131348,32.02480858564377,0.0008876323699951172,0.0016672611236572266,17.975440740585327,0.8936433792114258,28.210903525352478,0.025676250457763672,0.1473076343536377,18.281427681446075,0.9097585678100586,28.71043300628662,0.032735347747802734,0.10054588317871094,2.8017330169677734,0.1775360107421875,4.668593406677246,0.0,0.0,2.4869251251220703,0.160614013671875,3.8977184295654297,0.0,0.0,2.684680938720703,0.170867919921875,4.170539855957031,0.0,0.0,3.188413619995117,0.2099456787109375,4.968297958374023,0.0,0.0,4.155913352966309,0.2433319091796875,6.190300941467285,0.0,0.0,5.512300491333008,0.3163318634033203,7.979940414428711,0.0,0.0,6.527810096740723,0.39377593994140625,9.38786792755127,0.0,0.0,6.244603395462036,0.3600125312805176,8.734662294387817,0.0,0.0,7.607773303985596,0.48990631103515625,10.421923160552979,0.0,0.0,6.910998344421387,0.4547996520996094,9.726044654846191,0.0,0.0,8.063454151153564,0.48377037048339844,10.332981586456299,0.0,0.0,8.243553400039673,0.5013046264648438,11.44247841835022,0.0,0.0,9.318989753723145,0.5510177612304688,12.355904579162598,0.0,0.0,7.649004936218262,0.44501495361328125,10.565643310546875,0.0,0.0,8.559696674346924,0.5396013259887695,11.338362216949463,0.0,0.0,9.320364952087402,0.52252197265625,12.833476066589355,0.0,0.0,7.811516523361206,0.49990952014923096,11.13977599143982,0.0,0.0,6.511772096157074,0.38282346725463867,8.881288468837738,0.0,0.0,7.1639251708984375,0.4622969627380371,9.863616943359375,0.0,0.0,6.7707436084747314,0.4721808433532715,9.442075967788696,0.0,0.0,4.693442344665527,0.3022041320800781,6.982279717922211,0.0,0.0,5.512633800506592,0.3902912139892578,8.263909339904785,0.0,0.0,4.708796262741089,0.35642051696777344,7.504417419433594,0.0,0.0,5.501759052276611,0.4104900360107422,8.604113578796387,0.0,0.0,5.037199258804321,0.36362552642822266,7.9455143213272095,0.0,0.0,6.379467010498047,0.4266376495361328,9.787577152252197,0.0,0.0,6.968248248100281,0.4631690979003906,10.241982817649841,0.0,0.0,8.03991687297821,0.45912933349609375,12.22497546672821,0.0,0.0,8.503912329673767,0.48296332359313965,13.540486335754395,0.0,0.0
76,grounded,22,0.66064453125,9.883144617080688,0.941179633140564,17.644267201423645,0.005998849868774414,0.005998849868774414,8.239681959152222,0.8259508013725281,14.620090007781982,0.031290650367736816,0.05374503135681152,8.809617519378662,0.8504934310913086,15.423870503902435,0.028075218200683594,0.08162379264831543,1.2762031555175781,0.13857269287109375,2.2877883911132812,0.0,0.0,1.0702590942382812,0.12375640869140625,1.9701347351074219,0.0,0.0,1.2332515716552734,0.13446044921875,2.178739547729492,0.0,0.0,1.4421606063842773,0.16033935546875,2.4880361557006836,0.0,0.0,1.9715205430984497,0.251220703125,3.373879551887512,0.0,0.0,2.4543914794921875,0.28586578369140625,4.137886047363281,0.0,0.0,3.2744178771972656,0.36985015869140625,5.48444938659668,0.0,0.0,3.1472291946411133,0.3650474548339844,5.096749305725098,0.0,0.0,3.5043067932128906,0.45777130126953125,5.6552581787109375,0.0,0.0,2.7982187271118164,0.3361072540283203,4.575710296630859,0.0,0.0,3.40743350982666,0.4113426208496094,5.131756782531738,0.0,0.0,4.111166954040527,0.4643211364746094,6.5493879318237305,0.0,0.0,4.758866310119629,0.543365478515625,6.895962715148926,0.0,0.0,4.055849075317383,0.4492301940917969,6.171079635620117,0.0,0.0,4.00914192199707,0.44412803649902344,6.038156509399414,0.0,0.0,4.428701400756836,0.47448158264160156,6.759946823120117,0.0,0.0,4.280788421630859,0.5086488723754883,6.265101909637451,0.0,0.0,3.158353328704834,0.35282468795776367,4.784780979156494,0.0,0.0,3.7291436195373535,0.46881914138793945,5.495090961456299,0.0,0.0,3.226480484008789,0.3718700408935547,5.083434104919434,0.0,0.0,2.320882797241211,0.2588367462158203,3.8222821950912476,0.0,0.0,2.8473095893859863,0.3573436737060547,4.530155181884766,0.0,0.0,2.512977361679077,0.31772899627685547,4.182380437850952,0.0,0.0,3.15530526638031,0.4160652160644531,4.976648688316345,0.0,0.0,2.4548377990722656,0.3326148986816406,4.174257516860962,0.0,0.0,3.5462734699249268,0.48588085174560547,5.676520586013794,0.0,0.0,3.4021425247192383,0.4132862091064453,5.384101033210754,0.0,0.0,3.6593289375305176,0.39753150939941406,6.003552436828613,0.0,0.0,3.904979407787323,0.4510813355445862,6.911397278308868,0.0,0.0
76,hallucinated,20,0.60400390625,8.006837725639343,0.9343307018280029,15.7679603099823,0.003958225250244141,0.003958225250244141,6.5763344168663025,0.8259508013725281,12.956742465496063,0.022454380989074707,0.022454380989074707,7.024684906005859,0.8321654796600342,13.638937890529633,0.023309707641601562,0.09258174896240234,1.0118179321289062,0.1379241943359375,2.0234031677246094,0.0,0.0,0.9150619506835938,0.1213836669921875,1.8149375915527344,0.0,0.0,1.0372037887573242,0.13446044921875,1.982691764831543,0.0,0.0,1.1991262435913086,0.16641998291015625,2.245001792907715,0.0,0.0,1.748939573764801,0.251220703125,3.1512985825538635,0.0,0.0,2.145284652709961,0.30368804931640625,3.8287792205810547,0.0,0.0,2.6262874603271484,0.3523368835449219,4.8363189697265625,0.0,0.0,2.762500762939453,0.35842323303222656,4.7120208740234375,0.0,0.0,3.1885643005371094,0.45596885681152344,5.339515686035156,0.0,0.0,2.4513778686523438,0.32402801513671875,4.228869438171387,0.0,0.0,2.7817230224609375,0.4099235534667969,4.506046295166016,0.0,0.0,3.3347063064575195,0.4861011505126953,5.772927284240723,0.0,0.0,3.434764862060547,0.531463623046875,5.571861267089844,0.0,0.0,3.2019147872924805,0.4459705352783203,5.317145347595215,0.0,0.0,3.3813018798828125,0.5060634613037109,5.410316467285156,0.0,0.0,3.705946922302246,0.5147552490234375,6.037192344665527,0.0,0.0,3.4199209213256836,0.4908170700073242,5.404234409332275,0.0,0.0,2.6673760414123535,0.3858013153076172,4.293803691864014,0.0,0.0,2.984062671661377,0.497678279876709,4.750010013580322,0.0,0.0,2.9560437202453613,0.4100465774536133,4.812997341156006,0.0,0.0,1.942037582397461,0.28696441650390625,3.4434369802474976,0.0,0.0,2.3453969955444336,0.3469276428222656,4.028242588043213,0.0,0.0,2.08831787109375,0.32849693298339844,3.757720947265625,0.0,0.0,2.4212303161621094,0.3872184753417969,4.2425737380981445,0.0,0.0,1.9397799968719482,0.3177156448364258,3.6591997146606445,0.0,0.0,2.715651035308838,0.46384143829345703,4.845898151397705,0.0,0.0,2.769247055053711,0.4132862091064453,4.751205563545227,0.0,0.0,3.1940650939941406,0.4383811950683594,5.538288593292236,0.0,0.0,3.2265013456344604,0.45397520065307617,6.232919216156006,0.0,0.0
77,grounded,24,0.5654296875,10.144402265548706,0.9400569200515747,19.799850404262543,0.005409896373748779,0.005409896373748779,9.048588514328003,0.8591779470443726,16.503986537456512,0.03889918327331543,0.07379990816116333,8.560898065567017,0.8214774131774902,16.069822907447815,0.0771569013595581,0.10080015659332275,1.432159423828125,0.19477081298828125,2.7901535034179688,0.0,0.0,1.1607589721679688,0.14196014404296875,2.143909454345703,0.0,0.0,1.2851295471191406,0.15937423706054688,2.3511314392089844,0.0,0.0,1.6361312866210938,0.19655609130859375,3.0034561157226562,0.0,0.0,2.310736656188965,0.2796030044555664,3.999262809753418,0.0,0.0,2.7445240020751953,0.32343292236328125,4.61494255065918,0.0,0.0,3.175339698791504,0.3503580093383789,5.411667823791504,0.0,0.0,3.494302749633789,0.4331626892089844,5.643697738647461,0.0,0.0,3.7132368087768555,0.5425920486450195,5.972729682922363,0.0,0.0,3.3332462310791016,0.40138816833496094,5.554655075073242,0.0,0.0,3.942607879638672,0.49139404296875,5.813179016113281,0.0,0.0,4.274862289428711,0.4341583251953125,6.955986022949219,0.0,0.0,4.557213306427002,0.5001130104064941,6.9861321449279785,0.0,0.0,4.152080535888672,0.4851055145263672,6.592998504638672,0.0,0.0,4.148993492126465,0.4455070495605469,6.458632469177246,0.0,0.0,4.381982803344727,0.4640312194824219,7.071408271789551,0.0,0.0,4.2403130531311035,0.488832950592041,6.688607215881348,0.0,0.0,3.580796003341675,0.3900730609893799,5.497589111328125,0.0,0.0,4.170144081115723,0.46779441833496094,6.667803764343262,0.0,0.0,3.4882307052612305,0.4202301502227783,5.665346384048462,0.0,0.0,2.7221593856811523,0.29726600646972656,4.717019081115723,0.0,0.0,3.1996498107910156,0.35977935791015625,5.435338497161865,0.0,0.0,2.228419303894043,0.28894805908203125,4.247463226318359,0.0,0.0,3.080469250679016,0.3588895797729492,5.34524929523468,0.0,0.0,2.4888347387313843,0.3176403045654297,4.641406774520874,0.0,0.0,3.455984115600586,0.42046451568603516,6.151677370071411,0.0,0.0,3.6666574478149414,0.49448585510253906,6.221041679382324,0.0,0.0,3.839810848236084,0.3967914581298828,7.135313510894775,0.0,0.0,4.211440443992615,0.4510907530784607,7.978807032108307,0.0,0.0
77,hallucinated,28,0.63427734375,13.884467661380768,0.9477546215057373,23.539915800094604,0.013411521911621094,0.017582416534423828,12.401989877223969,0.873349666595459,19.857395589351654,0.03888159990310669,0.06866258382797241,12.170063972473145,0.8727092742919922,19.678905963897705,0.07714152336120605,0.13920950889587402,1.928436279296875,0.21600723266601562,3.286224365234375,0.0,0.0,1.5204620361328125,0.14206695556640625,2.5036048889160156,0.0,0.0,1.6746225357055664,0.14849090576171875,2.7408838272094727,0.0,0.0,2.075721263885498,0.19664764404296875,3.443641185760498,0.0,0.0,3.0581178665161133,0.25702667236328125,4.746281623840332,0.0,0.0,3.314922332763672,0.2695770263671875,5.18524169921875,0.0,0.0,4.342737197875977,0.35704994201660156,6.5797576904296875,0.0,0.0,4.567905426025391,0.39959144592285156,6.716835021972656,0.0,0.0,4.920985698699951,0.476377010345459,7.180335521697998,0.0,0.0,4.450284957885742,0.36313629150390625,6.672085762023926,0.0,0.0,5.015626907348633,0.48923492431640625,6.88654899597168,0.0,0.0,5.512416839599609,0.4931068420410156,8.194709777832031,0.0,0.0,6.291852951049805,0.5527286529541016,8.721765518188477,0.0,0.0,5.084238052368164,0.4484672546386719,7.52650260925293,0.0,0.0,5.606524467468262,0.4776649475097656,7.9157304763793945,0.0,0.0,5.455087661743164,0.4259204864501953,8.14354133605957,0.0,0.0,4.997518062591553,0.4392061233520508,7.446478843688965,0.0,0.0,4.386372327804565,0.36651158332824707,6.30438232421875,0.0,0.0,4.9962263107299805,0.4261455535888672,7.494007110595703,0.0,0.0,4.404347896575928,0.4202735424041748,6.582437753677368,0.0,0.0,3.283935070037842,0.28507232666015625,5.279317736625671,0.0,0.0,3.901712656021118,0.3273906707763672,6.13763689994812,0.0,0.0,2.863242268562317,0.2835235595703125,4.8833922147750854,0.0,0.0,3.640378952026367,0.326324462890625,5.906877517700195,0.0,0.0,2.9645843505859375,0.3176307678222656,5.118794798851013,0.0,0.0,3.946201801300049,0.3971714973449707,6.642952620983124,0.0,0.0,4.312599182128906,0.41611480712890625,6.867490768432617,0.0,0.0,4.772225379943848,0.3778419494628906,8.069109916687012,0.0,0.0,5.526922941207886,0.4313744306564331,9.296154499053955,0.0,0.0
78,grounded,37,0.5419921875,14.127290546894073,0.9562667608261108,32.01750010251999,0.007107555866241455,0.008089125156402588,12.483073353767395,0.8777834177017212,27.314886927604675,0.008971333503723145,0.008971333503723145,12.533084034919739,0.8721489906311035,26.957385659217834,0.03920388221740723,0.24178361892700195,1.9630928039550781,0.23070144653320312,4.462621688842773,0.0,0.0,1.51007080078125,0.15738677978515625,3.4476966857910156,0.0,0.0,1.6991195678710938,0.14727783203125,3.7780532836914062,0.0,0.0,2.0487518310546875,0.2093505859375,4.540519714355469,0.0,0.0,2.872377872467041,0.26959228515625,5.9887261390686035,0.0,0.0,3.4143238067626953,0.3251228332519531,7.349264144897461,0.0,0.0,4.330057144165039,0.3684730529785156,9.229324340820312,0.0,0.0,4.724654197692871,0.5004081726074219,9.158900260925293,0.0,0.0,5.412875175476074,0.5134057998657227,10.18567943572998,0.0,0.0,4.944502830505371,0.43758201599121094,9.871964454650879,0.0,0.0,5.616783142089844,0.47255706787109375,10.09341049194336,0.0,0.0,6.333799839019775,0.5239815711975098,12.15526533126831,0.0,0.0,7.327045202255249,0.6100912094116211,12.704824209213257,0.0,0.0,5.929161787033081,0.49385571479797363,11.281944990158081,0.0,0.0,6.642577886581421,0.580265998840332,11.58251166343689,0.0,0.0,6.347432613372803,0.49088287353515625,11.37550687789917,0.0,0.0,5.327760457992554,0.5238082408905029,10.021260261535645,0.0,0.0,4.373651504516602,0.3702373504638672,7.925978660583496,0.0,0.0,5.242342710494995,0.4629817008972168,9.73977541923523,0.0,0.0,4.892822742462158,0.4252147674560547,9.087842464447021,0.0,0.0,3.3349952697753906,0.32032012939453125,6.675701856613159,0.0,0.0,3.973292350769043,0.4132862091064453,8.068804740905762,0.0,0.0,3.610994577407837,0.38716697692871094,7.493322849273682,0.0,0.0,4.207136750221252,0.40114593505859375,8.39790403842926,0.0,0.0,3.393246650695801,0.34172821044921875,7.128806173801422,0.0,0.0,4.331032752990723,0.483245849609375,9.205111980438232,0.0,0.0,4.469980716705322,0.4610414505004883,9.410027027130127,0.0,0.0,5.424965143203735,0.45571351051330566,11.60355544090271,0.0,0.0,5.246345341205597,0.42660200595855713,12.181500673294067,0.0,0.0
78,hallucinated,36,0.54736328125,13.180944681167603,0.9564809799194336,31.071154236793518,0.0017380714416503906,0.003280043601989746,11.779473781585693,0.8769240379333496,26.610713183879852,0.017461001873016357,0.02259284257888794,11.190550327301025,0.8621556758880615,25.61485195159912,0.030950307846069336,0.275736927986145,1.5183219909667969,0.1618804931640625,4.017850875854492,0.0,0.0,1.3139419555664062,0.15738677978515625,3.251567840576172,0.0,0.0,1.5410995483398438,0.15493011474609375,3.6200332641601562,0.0,0.0,1.8371162414550781,0.2093505859375,4.328884124755859,0.0,0.0,2.6095364093780518,0.26959228515625,5.725884675979614,0.0,0.0,3.3861942291259766,0.37271881103515625,7.321134567260742,0.0,0.0,4.290702819824219,0.40267181396484375,9.189970016479492,0.0,0.0,4.702959060668945,0.5283889770507812,9.137205123901367,0.0,0.0,5.347995758056641,0.4741630554199219,10.120800018310547,0.0,0.0,4.211824417114258,0.41306114196777344,9.139286041259766,0.0,0.0,4.650638818740845,0.47296142578125,9.12726616859436,0.0,0.0,5.392328262329102,0.5659732818603516,11.213793754577637,0.0,0.0,6.511417388916016,0.6822023391723633,11.889196395874023,0.0,0.0,5.002473831176758,0.4811973571777344,10.355257034301758,0.0,0.0,5.247068881988525,0.5843596458435059,10.187002658843994,0.0,0.0,5.347783088684082,0.5283241271972656,10.37585735321045,0.0,0.0,4.339782238006592,0.40926027297973633,9.033282041549683,0.0,0.0,3.60483980178833,0.38126564025878906,7.157166957855225,0.0,0.0,4.118782997131348,0.4777069091796875,8.616215705871582,0.0,0.0,3.7947752475738525,0.4123220443725586,7.989794969558716,0.0,0.0,2.9534823894500732,0.37897539138793945,6.294188976287842,0.0,0.0,3.6975983381271362,0.44873046875,7.793110728263855,0.0,0.0,2.6948165893554688,0.3391227722167969,6.5771448612213135,0.0,0.0,3.309478759765625,0.42813825607299805,7.500246047973633,0.0,0.0,2.4256720542907715,0.3113212585449219,6.161231577396393,0.0,0.0,3.822742223739624,0.4912700653076172,8.696821451187134,0.0,0.0,3.885082721710205,0.4864068031311035,8.82512903213501,0.0,0.0,4.378381252288818,0.4300680160522461,10.556971549987793,0.0,0.0,5.094356656074524,0.4755958318710327,12.029511988162994,0.0,0.0
79,grounded,25,0.6435546875,11.032706439495087,0.9453737735748291,20.63868087530136,0.0,0.0,8.924384534358978,0.8509958386421204,16.926413238048553,0.03376287221908569,0.055352747440338135,9.761521816253662,0.8573522567749023,18.03830873966217,0.013272523880004883,0.017275333404541016,1.3458061218261719,0.16664886474609375,2.5031871795654297,0.0,0.0,1.1843910217285156,0.143798828125,2.193714141845703,0.0,0.0,1.2328910827636719,0.123687744140625,2.162433624267578,0.0,0.0,1.4780654907226562,0.162628173828125,2.6177635192871094,0.0,0.0,2.1386871337890625,0.25060272216796875,3.742168426513672,0.0,0.0,2.94500732421875,0.323822021484375,4.909114837646484,0.0,0.0,3.454862594604492,0.3603534698486328,6.046636581420898,0.0,0.0,3.4814367294311523,0.39763736724853516,5.701830863952637,0.0,0.0,4.147268295288086,0.47785186767578125,6.709722518920898,0.0,0.0,3.372638702392578,0.3537712097167969,5.509738922119141,0.0,0.0,3.9463396072387695,0.43754005432128906,6.158219337463379,0.0,0.0,4.700471878051758,0.4947013854980469,7.58416748046875,0.0,0.0,5.35926628112793,0.5539016723632812,8.33863639831543,0.0,0.0,4.164323806762695,0.47251319885253906,6.724334716796875,0.0,0.0,4.441959381103516,0.48797607421875,7.137544631958008,0.0,0.0,4.774512529373169,0.4963066577911377,7.875182390213013,0.0,0.0,3.516754984855652,0.380218505859375,6.055302739143372,0.0,0.0,3.1870803833007812,0.3621196746826172,5.32728910446167,0.0,0.0,3.303314208984375,0.37126922607421875,5.512847900390625,0.0,0.0,3.1732163429260254,0.3936119079589844,5.301328182220459,0.0,0.0,2.236530303955078,0.2880382537841797,4.124413251876831,0.0,0.0,2.9210424423217773,0.39401817321777344,5.264617443084717,0.0,0.0,2.1530961990356445,0.3477058410644531,4.238377809524536,0.0,0.0,2.831639289855957,0.4134654998779297,5.1457319259643555,0.0,0.0,2.0772531032562256,0.3011131286621094,4.205037474632263,0.0,0.0,2.8067370653152466,0.4484519958496094,5.432529807090759,0.0,0.0,3.028024911880493,0.46415138244628906,5.409475564956665,0.0,0.0,3.3231948614120483,0.4163016080856323,6.44073486328125,0.0,0.0,4.250645041465759,0.4182976484298706,7.76177453994751,0.0,0.0
79,hallucinated,27,0.6328125,12.858597874641418,0.9457288980484009,22.464572310447693,0.0,0.0,9.955504477024078,0.8509901165962219,17.957538902759552,0.033736228942871094,0.06627750396728516,11.056400299072266,0.8392877578735352,19.33308708667755,0.017442822456359863,0.030784010887145996,1.4949913024902344,0.15491485595703125,2.652528762817383,0.0,0.0,1.2917861938476562,0.143798828125,2.3013381958007812,0.0,0.0,1.4652223587036133,0.15301132202148438,2.394444465637207,0.0,0.0,1.7348346710205078,0.16837310791015625,2.874685287475586,0.0,0.0,2.7789177894592285,0.25294065475463867,4.383223056793213,0.0,0.0,3.4063034057617188,0.3429985046386719,5.370849609375,0.0,0.0,4.278365612030029,0.3927001953125,6.871035099029541,0.0,0.0,4.301441192626953,0.4450416564941406,6.5223541259765625,0.0,0.0,5.076881408691406,0.5224494934082031,7.639804840087891,0.0,0.0,3.947826385498047,0.4439239501953125,6.083457946777344,0.0,0.0,4.970739364624023,0.48957157135009766,7.181692123413086,0.0,0.0,5.665188312530518,0.5010108947753906,8.54906702041626,0.0,0.0,6.147030830383301,0.54620361328125,9.125588417053223,0.0,0.0,4.808782577514648,0.41332244873046875,7.369014739990234,0.0,0.0,5.673662185668945,0.52960205078125,8.370922088623047,0.0,0.0,6.112914085388184,0.5376567840576172,9.213343620300293,0.0,0.0,4.515551567077637,0.4312400817871094,7.0545079708099365,0.0,0.0,4.32118034362793,0.3774261474609375,6.461660385131836,0.0,0.0,4.230761528015137,0.4315223693847656,6.440119743347168,0.0,0.0,3.7640647888183594,0.4310750961303711,5.892270088195801,0.0,0.0,2.7169108390808105,0.2781815528869629,4.604515075683594,0.0,0.0,3.463440418243408,0.3581972122192383,5.807021141052246,0.0,0.0,2.6125364303588867,0.34768104553222656,4.697764754295349,0.0,0.0,3.2438478469848633,0.4133110046386719,5.557618141174316,0.0,0.0,2.6082515716552734,0.30093955993652344,4.7354408502578735,0.0,0.0,3.456037759780884,0.4481339454650879,6.0805745124816895,0.0,0.0,3.5858259201049805,0.46387267112731934,5.966231107711792,0.0,0.0,4.1597312688827515,0.4254608154296875,7.278389036655426,0.0,0.0,5.038071155548096,0.44912755489349365,8.550584614276886,0.0,0.0
80,grounded,23,0.3779296875,4.581292629241943,0.9417829513549805,18.745857417583466,0.002431631088256836,0.002431631088256836,4.05521547794342,0.8648386001586914,15.819771587848663,0.01879054307937622,0.05046844482421875,4.200591087341309,0.8682875633239746,16.124615252017975,0.056723713874816895,0.061219751834869385,0.5583114624023438,0.2112274169921875,2.7979087829589844,0.0,0.0,0.5301437377929688,0.16982269287109375,2.2963218688964844,0.0,0.0,0.6519355773925781,0.16716766357421875,2.479351043701172,0.0,0.0,0.7940750122070312,0.21630096435546875,3.1348495483398438,0.0,0.0,1.1165771484375,0.255706787109375,3.8476333618164062,0.0,0.0,1.0755195617675781,0.289886474609375,4.457387924194336,0.0,0.0,1.5103731155395508,0.359619140625,5.51633358001709,0.0,0.0,1.6622238159179688,0.42364501953125,5.503458023071289,0.0,0.0,1.9271163940429688,0.4221382141113281,5.760967254638672,0.0,0.0,1.6723556518554688,0.42026519775390625,5.575995445251465,0.0,0.0,1.9398307800292969,0.43062591552734375,5.26753044128418,0.0,0.0,2.2328014373779297,0.4911174774169922,6.816764831542969,0.0,0.0,2.7558155059814453,0.6149940490722656,7.120612144470215,0.0,0.0,2.3058948516845703,0.5366659164428711,6.549373626708984,0.0,0.0,2.2266764640808105,0.5246219635009766,6.357625484466553,0.0,0.0,1.9612298011779785,0.445098876953125,6.30730676651001,0.0,0.0,1.5345706939697266,0.3450660705566406,5.232780933380127,0.0,0.0,1.3685894012451172,0.3129463195800781,4.483979225158691,0.0,0.0,1.877293586730957,0.4412803649902344,5.75253963470459,0.0,0.0,1.5064916610717773,0.3892507553100586,4.9532623291015625,0.0,0.0,1.3861932754516602,0.32369518280029297,4.304200887680054,0.0,0.0,1.0994300842285156,0.3046836853027344,4.474718689918518,0.0,0.0,0.967440128326416,0.32942962646484375,4.080066680908203,0.0,0.0,1.236196517944336,0.3576316833496094,4.84040641784668,0.0,0.0,1.2354774475097656,0.3616676330566406,4.53011429309845,0.0,0.0,1.3008999824523926,0.3927783966064453,5.517642259597778,0.0,0.0,1.4581241607666016,0.41092681884765625,5.468944549560547,0.0,0.0,1.7254743576049805,0.3756237030029297,6.280000686645508,0.0,0.0,1.9839186668395996,0.4476279616355896,7.840755999088287,0.0,0.0
80,hallucinated,26,0.42138671875,7.419072985649109,0.9486815929412842,21.58363777399063,0.002431631088256836,0.002431631088256836,6.568398892879486,0.8642982244491577,18.332414627075195,0.021783828735351562,0.05503576993942261,6.807974219322205,0.8787784576416016,18.73199838399887,0.056723713874816895,0.061219751834869385,1.1553230285644531,0.2112274169921875,3.3949203491210938,0.0,0.0,0.9290084838867188,0.16982269287109375,2.6951866149902344,0.0,0.0,1.0071907043457031,0.16716766357421875,2.834606170654297,0.0,0.0,1.3770675659179688,0.21630096435546875,3.7178421020507812,0.0,0.0,1.8697681427001953,0.2714042663574219,4.600824356079102,0.0,0.0,2.0644702911376953,0.338470458984375,5.446338653564453,0.0,0.0,2.5104551315307617,0.359619140625,6.516415596008301,0.0,0.0,2.7387609481811523,0.42364501953125,6.579995155334473,0.0,0.0,3.1777563095092773,0.4382038116455078,7.0116071701049805,0.0,0.0,2.7631969451904297,0.42026519775390625,6.666836738586426,0.0,0.0,3.289339065551758,0.46327972412109375,6.617038726806641,0.0,0.0,3.8117504119873047,0.5364656448364258,8.395713806152344,0.0,0.0,4.432054042816162,0.6060562133789062,8.796850681304932,0.0,0.0,3.7596254348754883,0.5501728057861328,8.003104209899902,0.0,0.0,3.7998147010803223,0.5573053359985352,7.9307637214660645,0.0,0.0,3.3064619302749634,0.4590606689453125,7.652538895606995,0.0,0.0,2.7689343690872192,0.4545019865036011,6.46714460849762,0.0,0.0,2.481637954711914,0.39491844177246094,5.597027778625488,0.0,0.0,3.093233108520508,0.4412803649902344,6.968479156494141,0.0,0.0,2.667794704437256,0.41454648971557617,6.114565372467041,0.0,0.0,2.134718894958496,0.32369518280029297,5.05272650718689,0.0,0.0,2.195310592651367,0.4026756286621094,5.57059919834137,0.0,0.0,1.7226548194885254,0.32942962646484375,4.8352813720703125,0.0,0.0,2.293378710746765,0.3801689147949219,5.897588610649109,0.0,0.0,2.113536834716797,0.3616676330566406,5.408173680305481,0.0,0.0,2.3364057540893555,0.4024028778076172,6.553148031234741,0.0,0.0,2.545133352279663,0.470442533493042,6.555953741073608,0.0,0.0,2.849666118621826,0.4137711524963379,7.4041924476623535,0.0,0.0,3.2239471673965454,0.4476279616355896,9.080784499645233,0.0,0.0
81,grounded,31,0.59912109375,12.12915050983429,0.94859778881073,26.230347454547882,0.004486560821533203,0.006399393081665039,10.686611115932465,0.8636042475700378,22.067202985286713,0.012463569641113281,0.04143953323364258,10.917324423789978,0.8725521564483643,22.490400791168213,0.053142547607421875,0.09565746784210205,1.7787437438964844,0.19562530517578125,3.867563247680664,0.0,0.0,1.4643096923828125,0.1623077392578125,3.1228408813476562,0.0,0.0,1.5084304809570312,0.13866424560546875,3.0270004272460938,0.0,0.0,1.934652328491211,0.18775177001953125,3.8605709075927734,0.0,0.0,2.841649055480957,0.29758739471435547,5.216069221496582,0.0,0.0,3.7606773376464844,0.3822669982910156,6.710418701171875,0.0,0.0,4.307756423950195,0.44615936279296875,7.705320358276367,0.0,0.0,4.770864009857178,0.5051784515380859,8.135247707366943,0.0,0.0,4.659041166305542,0.5278770923614502,7.889723539352417,0.0,0.0,4.292724609375,0.454559326171875,7.641265869140625,0.0,0.0,5.1627912521362305,0.5844473838806152,8.022971153259277,0.0,0.0,5.394044399261475,0.50006103515625,9.526156902313232,0.0,0.0,5.936479091644287,0.5632228851318359,9.424169063568115,0.0,0.0,5.307842254638672,0.5161895751953125,9.055854797363281,0.0,0.0,5.451111793518066,0.5149517059326172,8.797609806060791,0.0,0.0,5.69004487991333,0.5654449462890625,9.554771900177002,0.0,0.0,5.457024574279785,0.5078229904174805,8.968334197998047,0.0,0.0,4.576018333435059,0.46228647232055664,7.355113983154297,0.0,0.0,4.664214313030243,0.4712228775024414,7.981074512004852,0.0,0.0,4.476404428482056,0.44428110122680664,7.372993230819702,0.0,0.0,3.1531219482421875,0.30269432067871094,5.7827301025390625,0.0,0.0,3.2920961380004883,0.34546566009521484,6.414871394634247,0.0,0.0,2.9484810829162598,0.36290931701660156,5.8634350299835205,0.0,0.0,3.496908187866211,0.342193603515625,6.661422252655029,0.0,0.0,2.5245453119277954,0.3241615295410156,5.369378089904785,0.0,0.0,3.796143591403961,0.4440784454345703,7.546083033084869,0.0,0.0,3.768911361694336,0.4307384490966797,7.176116645336151,0.0,0.0,4.101581811904907,0.41403770446777344,8.347680807113647,0.0,0.0,4.797576129436493,0.43339717388153076,10.38820731639862,0.0,0.0
81,hallucinated,24,0.48828125,5.541873574256897,0.9338116645812988,19.64307051897049,9.369850158691406e-05,9.369850158691406e-05,4.73824942111969,0.8508481383323669,16.10611093044281,0.012459754943847656,0.026202023029327393,4.994632601737976,0.8571250438690186,16.581483006477356,0.0531611442565918,0.09268009662628174,0.62249755859375,0.18035125732421875,2.711519241333008,0.0,0.0,0.5626068115234375,0.15337371826171875,2.2211532592773438,0.0,0.0,0.6214981079101562,0.13519287109375,2.1399307250976562,0.0,0.0,0.7367668151855469,0.17925262451171875,2.662647247314453,0.0,0.0,1.1660995483398438,0.258514404296875,3.540618896484375,0.0,0.0,1.1591567993164062,0.32143402099609375,4.109258651733398,0.0,0.0,1.705235481262207,0.3918476104736328,5.102660179138184,0.0,0.0,1.831857681274414,0.389434814453125,5.196649551391602,0.0,0.0,1.8105201721191406,0.41939544677734375,5.04088020324707,0.0,0.0,1.6037101745605469,0.3516120910644531,4.9512176513671875,0.0,0.0,2.0627994537353516,0.4420585632324219,4.922517776489258,0.0,0.0,2.2070159912109375,0.45347023010253906,6.338344573974609,0.0,0.0,2.432973861694336,0.5470600128173828,5.920251846313477,0.0,0.0,1.848860263824463,0.40229225158691406,5.594809055328369,0.0,0.0,2.1146421432495117,0.5288748741149902,5.462239742279053,0.0,0.0,2.020972728729248,0.44652462005615234,5.887244701385498,0.0,0.0,1.5540809631347656,0.3280754089355469,5.065837740898132,0.0,0.0,1.5338640213012695,0.3240928649902344,4.311906814575195,0.0,0.0,1.7270574569702148,0.39768218994140625,5.04384708404541,0.0,0.0,1.4641914367675781,0.3923814296722412,4.359562635421753,0.0,0.0,1.1711750030517578,0.2830543518066406,3.800508499145508,0.0,0.0,1.2518787384033203,0.2911815643310547,4.37490975856781,0.0,0.0,1.0105476379394531,0.3158416748046875,3.9255027770996094,0.0,0.0,1.1913633346557617,0.3194236755371094,4.357222557067871,0.0,0.0,1.0387697219848633,0.3245086669921875,3.883320689201355,0.0,0.0,1.3050169944763184,0.40192604064941406,5.055359840393066,0.0,0.0,1.4805184602737427,0.43094921112060547,4.889127552509308,0.0,0.0,1.8042221069335938,0.3621063232421875,6.050348520278931,0.0,0.0,1.9518929719924927,0.42509180307388306,7.541273057460785,0.0,0.0
82,grounded,24,0.48193359375,4.653923869132996,0.9441319704055786,19.783633947372437,0.0011975765228271484,0.0011975765228271484,4.213573157787323,0.8855157494544983,16.787584722042084,0.0305672287940979,0.09488552808761597,4.2044878005981445,0.8656253814697266,16.861986100673676,0.05145883560180664,0.0664515495300293,0.5788002014160156,0.18914794921875,2.9128284454345703,0.0,0.0,0.4662628173828125,0.16040802001953125,2.261542320251465,0.0,0.0,0.5764999389648438,0.14464569091796875,2.473099708557129,0.0,0.0,0.6974334716796875,0.22623443603515625,3.05303955078125,0.0,0.0,1.0024948120117188,0.2487640380859375,3.9869203567504883,0.0,0.0,1.1127281188964844,0.3294944763183594,4.589818954467773,0.0,0.0,1.410207748413086,0.3873138427734375,5.7744686007499695,0.0,0.0,1.6327323913574219,0.374542236328125,5.769720077514648,0.0,0.0,1.7764787673950195,0.4027862548828125,6.0117387771606445,0.0,0.0,1.6269683837890625,0.3854336738586426,5.914185047149658,0.0,0.0,1.8124046325683594,0.4075889587402344,5.4761962890625,0.0,0.0,2.296619415283203,0.5355129241943359,7.755161285400391,0.0,0.0,2.528301239013672,0.5931301116943359,7.900598526000977,0.0,0.0,2.014911651611328,0.47060680389404297,6.78328800201416,0.0,0.0,2.6906898021698,0.5778865814208984,7.696986436843872,0.0,0.0,2.3977835178375244,0.5301685333251953,7.6764490604400635,0.0,0.0,1.9610309600830078,0.493743896484375,6.442055702209473,0.0,0.0,1.6197834014892578,0.38243865966796875,5.372642278671265,0.0,0.0,2.06636118888855,0.4640312194824219,6.710819959640503,0.0,0.0,1.7581214904785156,0.4151637554168701,5.537858724594116,0.0,0.0,1.3827342987060547,0.3176689147949219,4.705719470977783,0.0,0.0,1.3735041618347168,0.3504657745361328,5.310014128684998,0.0,0.0,1.1547837257385254,0.3342437744140625,4.746181488037109,0.0,0.0,1.4526844024658203,0.3369140625,5.4690879583358765,0.0,0.0,1.5286226272583008,0.3758249282836914,5.365140676498413,0.0,0.0,1.6160078048706055,0.4162635803222656,6.426303386688232,0.0,0.0,1.6574039459228516,0.45042896270751953,6.061841249465942,0.0,0.0,2.0338134765625,0.4645881652832031,7.16020393371582,0.0,0.0,1.9314317107200623,0.47879594564437866,8.235215246677399,0.0,0.0
82,hallucinated,23,0.505859375,3.7204720973968506,0.9367132186889648,18.85018217563629,0.0011975765228271484,0.0011975765228271484,3.359905779361725,0.879063606262207,15.927465200424194,0.0305672287940979,0.09572339057922363,3.344022750854492,0.8656253814697266,16.001521050930023,0.05145883560180664,0.0650097131729126,0.4288177490234375,0.18914794921875,2.762845993041992,0.0,0.0,0.44867706298828125,0.16040802001953125,2.2439565658569336,0.0,0.0,0.48905181884765625,0.14464569091796875,2.3856515884399414,0.0,0.0,0.53955078125,0.22623443603515625,2.8951568603515625,0.0,0.0,0.8066902160644531,0.2487640380859375,3.7911157608032227,0.0,0.0,0.9182853698730469,0.3294944763183594,4.395376205444336,0.0,0.0,1.2656669616699219,0.3873138427734375,5.629927814006805,0.0,0.0,1.3641014099121094,0.374542236328125,5.501089096069336,0.0,0.0,1.4415740966796875,0.4027862548828125,5.6768341064453125,0.0,0.0,1.3005218505859375,0.3854336738586426,5.587738513946533,0.0,0.0,1.4437694549560547,0.4075889587402344,5.107561111450195,0.0,0.0,1.8108444213867188,0.5355129241943359,7.269386291503906,0.0,0.0,1.9711408615112305,0.5931301116943359,7.343438148498535,0.0,0.0,1.563105583190918,0.47060680389404297,6.33148193359375,0.0,0.0,1.751800537109375,0.5778865814208984,6.758097171783447,0.0,0.0,1.8518357276916504,0.5141077041625977,7.1305012702941895,0.0,0.0,1.3140711784362793,0.394834041595459,5.795095920562744,0.0,0.0,1.151296615600586,0.36591100692749023,4.904155492782593,0.0,0.0,1.4497718811035156,0.4640312194824219,6.094230651855469,0.0,0.0,1.2512283325195312,0.4151637554168701,5.030965566635132,0.0,0.0,1.0641899108886719,0.3176689147949219,4.3871750831604,0.0,0.0,0.9700984954833984,0.3504657745361328,4.906608462333679,0.0,0.0,0.851318359375,0.3342437744140625,4.442716121673584,0.0,0.0,1.0718269348144531,0.3369140625,5.088230490684509,0.0,0.0,1.0588645935058594,0.3749408721923828,4.895382642745972,0.0,0.0,1.2095603942871094,0.4162635803222656,6.019855976104736,0.0,0.0,1.2225770950317383,0.45042896270751953,5.627014398574829,0.0,0.0,1.5911884307861328,0.42632293701171875,6.717578887939453,0.0,0.0,1.4322304129600525,0.47879594564437866,7.736013948917389,0.0,0.0
83,grounded,22,0.486572265625,3.714040994644165,0.9374079704284668,17.850237011909485,1.3828277587890625e-05,1.3828277587890625e-05,3.278730034828186,0.8428210020065308,14.815595269203186,0.032362520694732666,0.04171484708786011,3.247212052345276,0.8679288625717163,14.910370230674744,0.05486738681793213,0.07466316223144531,0.5320663452148438,0.1645030975341797,2.6169509887695312,0.0,0.0,0.378204345703125,0.1542816162109375,2.0490875244140625,0.0,0.0,0.44970703125,0.14652252197265625,2.2074737548828125,0.0,0.0,0.5186309814453125,0.1887969970703125,2.5984458923339844,0.0,0.0,0.656982421875,0.23282623291015625,3.029632568359375,0.0,0.0,0.7810516357421875,0.322479248046875,3.833484649658203,0.0,0.0,1.0409317016601562,0.36476898193359375,4.689167022705078,0.0,0.0,1.1914024353027344,0.37839508056640625,4.669879913330078,0.0,0.0,1.0883369445800781,0.34539031982421875,4.607982635498047,0.0,0.0,1.1486587524414062,0.3292732238769531,4.540966033935547,0.0,0.0,1.0203933715820312,0.3748779296875,4.057670593261719,0.0,0.0,1.405820369720459,0.4804515838623047,5.551464557647705,0.0,0.0,1.5404253005981445,0.4762077331542969,5.537875175476074,0.0,0.0,1.3554496765136719,0.3961372375488281,5.259061813354492,0.0,0.0,1.2914552688598633,0.48319053649902344,5.084023475646973,0.0,0.0,1.2025184631347656,0.3958778381347656,5.362092971801758,0.0,0.0,1.0230941772460938,0.34869384765625,4.661241054534912,0.0,0.0,0.6807746887207031,0.3196296691894531,3.5332469940185547,0.0,0.0,0.7496452331542969,0.4007587432861328,4.094282150268555,0.0,0.0,0.6536941528320312,0.4043149948120117,3.597672462463379,0.0,0.0,0.5528335571289062,0.2844715118408203,3.278778553009033,0.0,0.0,0.7150774002075195,0.2785453796386719,3.786812484264374,0.0,0.0,0.896148681640625,0.3504905700683594,3.9888378381729126,0.0,0.0,0.8706682920455933,0.36636924743652344,4.088591933250427,0.0,0.0,1.1040401458740234,0.3314650058746338,3.983456254005432,0.0,0.0,1.1362316608428955,0.39162254333496094,5.024590492248535,0.0,0.0,1.141744613647461,0.41896820068359375,4.984850883483887,0.0,0.0,1.7004882097244263,0.48013806343078613,6.388390064239502,0.0,0.0,1.4179478883743286,0.4607428312301636,7.264971613883972,0.0,0.0
83,hallucinated,22,0.473876953125,3.6856772899627686,0.9369511604309082,17.82187330722809,1.3828277587890625e-05,1.3828277587890625e-05,3.1991238594055176,0.8377422094345093,14.728506922721863,0.032362520694732666,0.05104643106460571,3.2029216289520264,0.8679288625717163,14.866079807281494,0.05486738681793213,0.07466316223144531,0.45319366455078125,0.1645030975341797,2.5380783081054688,0.0,0.0,0.36899566650390625,0.1542816162109375,2.0398788452148438,0.0,0.0,0.50030517578125,0.14652252197265625,2.2580718994140625,0.0,0.0,0.5085525512695312,0.1887969970703125,2.588367462158203,0.0,0.0,0.7368850708007812,0.23282623291015625,3.1095352172851562,0.0,0.0,0.7787055969238281,0.322479248046875,3.8311386108398438,0.0,0.0,1.2971696853637695,0.3802680969238281,4.945405006408691,0.0,0.0,1.1948127746582031,0.37839508056640625,4.673290252685547,0.0,0.0,1.2308464050292969,0.3906440734863281,4.750492095947266,0.0,0.0,1.0926742553710938,0.3348388671875,4.484981536865234,0.0,0.0,1.2104406356811523,0.40042877197265625,4.24771785736084,0.0,0.0,1.4266891479492188,0.4804515838623047,5.572333335876465,0.0,0.0,1.7319831848144531,0.554351806640625,5.729433059692383,0.0,0.0,1.3218116760253906,0.4173393249511719,5.225423812866211,0.0,0.0,1.6376032829284668,0.4843273162841797,5.430171489715576,0.0,0.0,1.4313445091247559,0.4131584167480469,5.590919017791748,0.0,0.0,1.300492763519287,0.37796783447265625,4.9386396408081055,0.0,0.0,1.0137653350830078,0.33614349365234375,3.8662376403808594,0.0,0.0,1.3017349243164062,0.43475914001464844,4.646371841430664,0.0,0.0,1.0236186981201172,0.4043149948120117,3.967597007751465,0.0,0.0,0.8389434814453125,0.2844715118408203,3.5648884773254395,0.0,0.0,0.8105678558349609,0.2785453796386719,3.882302939891815,0.0,0.0,0.7880258560180664,0.3504905700683594,3.880715012550354,0.0,0.0,0.8791084289550781,0.36636924743652344,4.097032070159912,0.0,0.0,0.7053241729736328,0.3228950500488281,3.5847402811050415,0.0,0.0,0.9773139953613281,0.39162254333496094,4.865672826766968,0.0,0.0,1.0295047760009766,0.41896820068359375,4.872611045837402,0.0,0.0,1.1551361083984375,0.37540340423583984,5.843037962913513,0.0,0.0,1.2196745872497559,0.4607428312301636,7.066698312759399,0.0,0.0
84,grounded,24,0.55078125,10.092087388038635,0.9487385749816895,19.621530890464783,0.0,0.0,7.677457273006439,0.845902144908905,15.74046128988266,0.05341053009033203,0.16157066822052002,8.617278575897217,0.8535280227661133,17.14020001888275,0.0018821954727172852,0.0018821954727172852,1.4077777862548828,0.19312667846679688,2.832477569580078,0.0,0.0,1.2217063903808594,0.13074493408203125,2.3172531127929688,0.0,0.0,1.2947998046875,0.16819000244140625,2.4614486694335938,0.0,0.0,1.5028800964355469,0.20783615112304688,2.771747589111328,0.0,0.0,2.066425323486328,0.2813282012939453,3.7652416229248047,0.0,0.0,2.8656578063964844,0.4094047546386719,4.971660614013672,0.0,0.0,3.0460548400878906,0.37589263916015625,5.57066535949707,0.0,0.0,3.4203319549560547,0.40923595428466797,5.566896438598633,0.0,0.0,3.813241958618164,0.4492835998535156,6.327411651611328,0.0,0.0,3.55332088470459,0.4096555709838867,5.896603584289551,0.0,0.0,3.6884002685546875,0.4153251647949219,5.842220306396484,0.0,0.0,4.133004188537598,0.5664558410644531,6.9117889404296875,0.0,0.0,4.729631423950195,0.5673093795776367,7.28947639465332,0.0,0.0,3.8724536895751953,0.4782829284667969,6.426366806030273,0.0,0.0,4.093657493591309,0.52154541015625,6.485953330993652,0.0,0.0,4.533453941345215,0.5477452278137207,7.600161552429199,0.0,0.0,4.257968902587891,0.5044469833374023,6.7647545337677,0.0,0.0,3.520500421524048,0.38982295989990234,5.774914026260376,0.0,0.0,4.127337455749512,0.4965858459472656,6.657532691955566,0.0,0.0,3.3723652362823486,0.40238428115844727,5.570904970169067,0.0,0.0,2.388213872909546,0.2986469268798828,4.3409905433654785,0.0,0.0,2.8408432006835938,0.3907814025878906,5.062615871429443,0.0,0.0,2.7204716205596924,0.35777783393859863,4.88354229927063,0.0,0.0,2.8278961181640625,0.354644775390625,5.029354095458984,0.0,0.0,2.9701175689697266,0.3716392517089844,5.120745658874512,0.0,0.0,3.5529661178588867,0.4141364097595215,6.094620943069458,0.0,0.0,3.4076640605926514,0.45373988151550293,5.902798652648926,0.0,0.0,4.003791689872742,0.45563316345214844,7.230720400810242,0.0,0.0,4.03495192527771,0.4319670796394348,7.849114716053009,0.0,0.0
84,hallucinated,32,0.6826171875,17.46452444791794,0.9486119747161865,26.993967950344086,0.006972551345825195,0.01182323694229126,13.635645985603333,0.845894992351532,21.698634266853333,0.05340766906738281,0.13208240270614624,15.26757562160492,0.8625116348266602,23.790520668029785,0.0014182329177856445,0.0014182329177856445,2.2531089782714844,0.2307262420654297,3.677682876586914,0.0,0.0,2.0577869415283203,0.17718029022216797,3.152761459350586,0.0,0.0,2.027996063232422,0.1916961669921875,3.194774627685547,0.0,0.0,2.353689193725586,0.22953033447265625,3.623075485229492,0.0,0.0,3.173786163330078,0.28266334533691406,4.872742652893066,0.0,0.0,4.260497093200684,0.3769378662109375,6.3669538497924805,0.0,0.0,5.034187316894531,0.4691886901855469,7.558335304260254,0.0,0.0,5.1608476638793945,0.44794464111328125,7.307464122772217,0.0,0.0,5.767759323120117,0.4907255172729492,8.281473159790039,0.0,0.0,5.006335258483887,0.39917659759521484,7.350297927856445,0.0,0.0,5.120784282684326,0.4432830810546875,7.275336742401123,0.0,0.0,5.982449531555176,0.5571460723876953,8.762456893920898,0.0,0.0,6.378648281097412,0.5655441284179688,8.938397884368896,0.0,0.0,5.438302040100098,0.43866539001464844,7.9919939041137695,0.0,0.0,4.940916657447815,0.4312934875488281,7.332640290260315,0.0,0.0,6.08097505569458,0.5267081260681152,9.145782947540283,0.0,0.0,5.143585205078125,0.42790889739990234,7.649828672409058,0.0,0.0,4.659395694732666,0.3790702819824219,6.912562847137451,0.0,0.0,4.666078567504883,0.4201221466064453,7.194734573364258,0.0,0.0,3.96958065032959,0.3761711120605469,6.167448997497559,0.0,0.0,3.7028022408485413,0.3836844563484192,5.654865562915802,0.0,0.0,4.332973480224609,0.4220924377441406,6.554035902023315,0.0,0.0,3.549803674221039,0.3475532531738281,5.712522447109222,0.0,0.0,3.88460636138916,0.3763580322265625,6.08554744720459,0.0,0.0,3.7876853942871094,0.3847236633300781,5.937938094139099,0.0,0.0,4.437785387039185,0.47330474853515625,6.97900390625,0.0,0.0,5.226088523864746,0.5062942504882812,7.7206220626831055,0.0,0.0,10.722452700138092,0.6728782653808594,13.950152933597565,0.0,0.0,11.965478658676147,0.7236083745956421,15.78036880493164,0.002702176570892334,0.002702176570892334
85,grounded,23,0.71484375,9.991233706474304,0.9366496801376343,18.646329045295715,0.011815488338470459,0.01481717824935913,8.721635103225708,0.8528459072113037,15.942926406860352,0.04105299711227417,0.10203087329864502,7.006251573562622,0.811437726020813,14.136212825775146,0.07211971282958984,0.07211971282958984,5.4545440673828125,0.5829272270202637,8.608899593353271,0.0,0.0,5.442279815673828,0.5696563720703125,8.530487060546875,0.0,0.0,4.942356109619141,0.4690666198730469,7.639019012451172,0.0,0.0,4.081060409545898,0.41582489013671875,6.372114181518555,0.0,0.0,3.816610336303711,0.40090179443359375,6.316312551498413,0.0,0.0,2.547292709350586,0.29935312271118164,4.485554218292236,0.0,0.0,3.2163963317871094,0.38558387756347656,5.522771835327148,0.0,0.0,3.779456675052643,0.4602819085121155,5.831595957279205,0.0,0.0,3.9246826171875,0.49779510498046875,6.302766799926758,0.0,0.0,3.4833550453186035,0.4826188087463379,5.496981143951416,0.0,0.0,3.9074153900146484,0.4810628890991211,5.720714569091797,0.0,0.0,4.376071453094482,0.5063991546630859,6.879153728485107,0.0,0.0,4.4304351806640625,0.49859046936035156,6.824201583862305,0.0,0.0,4.031513214111328,0.4987449645996094,6.371576309204102,0.0,0.0,4.136428356170654,0.5054073333740234,6.2195820808410645,0.0,0.0,4.332118034362793,0.515437126159668,6.843528747558594,0.0,0.0,4.414720296859741,0.48853397369384766,6.8297438621521,0.0,0.0,3.7533085346221924,0.43744754791259766,5.692070245742798,0.0,0.0,3.9861392974853516,0.4637174606323242,6.235467910766602,0.0,0.0,3.287128210067749,0.3946666717529297,5.186476469039917,0.0,0.0,2.630237579345703,0.3175849914550781,4.353605329990387,0.0,0.0,3.0253372192382812,0.3503131866455078,5.053781509399414,0.0,0.0,2.129456043243408,0.2856636047363281,3.8674569129943848,0.0,0.0,2.9252076148986816,0.35035133361816406,4.9317498207092285,0.0,0.0,2.4116880893707275,0.2958211898803711,4.131422638893127,0.0,0.0,3.7396366596221924,0.5105247497558594,6.4429532289505005,0.0,0.0,3.3586807250976562,0.42530250549316406,5.628851890563965,0.0,0.0,3.740617513656616,0.4019348621368408,6.449030637741089,0.0,0.0,3.934385120868683,0.42178547382354736,7.366997718811035,0.0,0.0
85,hallucinated,22,0.70263671875,9.029046654701233,0.9349947571754456,17.684141993522644,0.01218491792678833,0.014209330081939697,7.833682954311371,0.8414294719696045,15.054974257946014,0.04105299711227417,0.10017246007919312,6.437228977680206,0.811437726020813,13.56719022989273,0.07211971282958984,0.07211971282958984,4.924896240234375,0.5829272270202637,8.079251766204834,0.0,0.0,4.9538421630859375,0.5696563720703125,8.042049407958984,0.0,0.0,4.526702880859375,0.4781303405761719,7.223365783691406,0.0,0.0,3.7186765670776367,0.4264068603515625,6.009730339050293,0.0,0.0,3.4528369903564453,0.38353729248046875,5.9525392055511475,0.0,0.0,2.332887649536133,0.29935312271118164,4.271149158477783,0.0,0.0,2.844575881958008,0.35216522216796875,5.150951385498047,0.0,0.0,3.3813872933387756,0.43525177240371704,5.433526575565338,0.0,0.0,3.623591423034668,0.46094226837158203,6.001675605773926,0.0,0.0,3.0987462997436523,0.4101991653442383,5.112372398376465,0.0,0.0,3.3406906127929688,0.43424224853515625,5.153989791870117,0.0,0.0,3.6330480575561523,0.4464111328125,6.136130332946777,0.0,0.0,3.820863723754883,0.5090236663818359,6.214630126953125,0.0,0.0,3.587113380432129,0.5123395919799805,5.927176475524902,0.0,0.0,3.694350242614746,0.4758930206298828,5.777503967285156,0.0,0.0,3.818948268890381,0.4479846954345703,6.330358982086182,0.0,0.0,4.112609267234802,0.49323463439941406,6.527632832527161,0.0,0.0,3.4174066185951233,0.46399879455566406,5.356168329715729,0.0,0.0,3.573284149169922,0.4826364517211914,5.822612762451172,0.0,0.0,3.1866166591644287,0.4127216339111328,5.085964918136597,0.0,0.0,2.6401586532592773,0.3340187072753906,4.363526403903961,0.0,0.0,2.8119277954101562,0.3569345474243164,4.840372085571289,0.0,0.0,2.0003089904785156,0.2856636047363281,3.738309860229492,0.0,0.0,2.4364404678344727,0.3213815689086914,4.4429826736450195,0.0,0.0,2.045238971710205,0.3063068389892578,3.764973521232605,0.0,0.0,3.285866916179657,0.4676380157470703,5.989183485507965,0.0,0.0,2.8833210468292236,0.39936232566833496,5.153492212295532,0.0,0.0,3.3683035373687744,0.40025782585144043,6.076716661453247,0.0,0.0,3.506432890892029,0.41126716136932373,6.939045488834381,0.0,0.0
86,grounded,22,0.6259765625,9.145285844802856,0.9391839504241943,17.785027623176575,0.0003542900085449219,0.0006136894226074219,7.784965336322784,0.8315709829330444,14.58123004436493,0.02181529998779297,0.02181529998779297,8.213022232055664,0.8672497272491455,15.241983234882355,0.012358427047729492,0.012358427047729492,1.3068695068359375,0.19205474853515625,2.4760074615478516,0.0,0.0,1.1958503723144531,0.1548614501953125,2.2605819702148438,0.0,0.0,1.2453651428222656,0.1565570831298828,2.2013511657714844,0.0,0.0,1.5938644409179688,0.20219802856445312,2.7507476806640625,0.0,0.0,2.0681209564208984,0.3035888671875,3.5794429779052734,0.0,0.0,2.636441230773926,0.3623466491699219,4.32448673248291,0.0,0.0,3.015199661254883,0.36516761779785156,5.254697799682617,0.0,0.0,3.2432689666748047,0.43203163146972656,5.300065994262695,0.0,0.0,3.3047986030578613,0.4736943244934082,5.453365802764893,0.0,0.0,2.9573822021484375,0.3845405578613281,4.983944892883301,0.0,0.0,3.7718591690063477,0.44300079345703125,5.545376777648926,0.0,0.0,4.146250784397125,0.4703102111816406,6.614765226840973,0.0,0.0,3.9402015209198,0.46236419677734375,6.152096509933472,0.0,0.0,3.7815704345703125,0.48577308654785156,5.9154510498046875,0.0,0.0,3.9812285900115967,0.48712730407714844,6.06163763999939,0.0,0.0,3.9844765663146973,0.4798564910888672,6.600586414337158,0.0,0.0,3.8504409790039062,0.48375511169433594,5.926474571228027,0.0,0.0,2.9368319511413574,0.3736734390258789,4.6310343742370605,0.0,0.0,3.5697221755981445,0.4528007507324219,5.700798988342285,0.0,0.0,2.9758840799331665,0.39874958992004395,4.931330323219299,0.0,0.0,2.328685760498047,0.3096790313720703,4.064752101898193,0.0,0.0,2.7110629081726074,0.3266887664794922,4.717111587524414,0.0,0.0,2.337460517883301,0.3322029113769531,4.202338218688965,0.0,0.0,2.6859030723571777,0.3863697052001953,4.8316216468811035,0.0,0.0,2.2971158027648926,0.3157227039337158,4.315469145774841,0.0,0.0,3.111683487892151,0.441192626953125,5.6109830141067505,0.0,0.0,3.2147655487060547,0.4451589584350586,5.522276878356934,0.0,0.0,3.2758381366729736,0.4023761749267578,6.150469064712524,0.0,0.0,3.846661627292633,0.455833375453949,7.340127766132355,0.0,0.0
86,hallucinated,22,0.56884765625,9.166274905204773,0.9363219738006592,17.80601668357849,0.0003542900085449219,0.0003542900085449219,7.532236814498901,0.8244082927703857,14.321338832378387,0.02181529998779297,0.0337257981300354,8.300602674484253,0.8659932613372803,15.329563677310944,0.013127803802490234,0.013127803802490234,1.1765213012695312,0.17861175537109375,2.3456592559814453,0.0,0.0,1.1201362609863281,0.15421295166015625,2.1848678588867188,0.0,0.0,1.0261039733886719,0.14482879638671875,1.9820899963378906,0.0,0.0,1.3549041748046875,0.20476531982421875,2.5117874145507812,0.0,0.0,1.7037627696990967,0.25850677490234375,3.2150847911834717,0.0,0.0,2.3467159271240234,0.319427490234375,4.034761428833008,0.0,0.0,2.9090776443481445,0.35247039794921875,5.148575782775879,0.0,0.0,3.191287040710449,0.41767311096191406,5.24808406829834,0.0,0.0,3.3488383293151855,0.4938521385192871,5.497405529022217,0.0,0.0,3.0689640045166016,0.44992637634277344,5.095526695251465,0.0,0.0,3.611790657043457,0.4959535598754883,5.385308265686035,0.0,0.0,3.830824851989746,0.5279226303100586,6.299339294433594,0.0,0.0,3.596630096435547,0.5131721496582031,5.808525085449219,0.0,0.0,3.096994400024414,0.41036224365234375,5.230875015258789,0.0,0.0,3.324716567993164,0.4608421325683594,5.405125617980957,0.0,0.0,3.6468467712402344,0.4546623229980469,6.262956619262695,0.0,0.0,3.1827056407928467,0.47982025146484375,5.258739233016968,0.0,0.0,2.7615346908569336,0.4136772155761719,4.455737113952637,0.0,0.0,2.766678810119629,0.4435081481933594,4.8977556228637695,0.0,0.0,2.529404640197754,0.39234447479248047,4.484850883483887,0.0,0.0,2.1835927963256836,0.3066291809082031,3.91965913772583,0.0,0.0,2.48638916015625,0.3554229736328125,4.492437839508057,0.0,0.0,1.9688119888305664,0.3322029113769531,3.8336896896362305,0.0,0.0,2.191232204437256,0.34025096893310547,4.336950778961182,0.0,0.0,2.018956780433655,0.3127269744873047,4.0373101234436035,0.0,0.0,2.4739683866500854,0.4832725524902344,4.973267912864685,0.0,0.0,2.5362383127212524,0.5018963813781738,4.843749642372131,0.0,0.0,3.129862368106842,0.4996452331542969,6.004493296146393,0.0,0.0,3.8077244758605957,0.5661843419075012,7.301190614700317,0.0,0.0
87,grounded,19,0.4853515625,3.685694694519043,0.9316139221191406,15.061927914619446,0.0,0.0,3.2007914185523987,0.8398597240447998,12.813726544380188,0.014227628707885742,0.02571690082550049,2.4318416118621826,0.7991902828216553,10.491958737373352,0.10676300525665283,0.13976800441741943,2.0396766662597656,0.5842893123626709,7.725729703903198,0.0,0.0,1.9713020324707031,0.571044921875,7.670162200927734,0.0,0.0,1.7575454711914062,0.4619293212890625,6.693943023681641,0.0,0.0,1.3255538940429688,0.3667449951171875,5.191875457763672,0.0,0.0,1.157257080078125,0.3932075500488281,4.8965213894844055,0.0,0.0,0.5759658813476562,0.316558837890625,3.0742244720458984,0.0,0.0,0.8717269897460938,0.3308563232421875,3.8250389099121094,0.0,0.0,0.9810733795166016,0.3427581787109375,3.642740249633789,0.0,0.0,1.0285797119140625,0.3469715118408203,4.040019273757935,0.0,0.0,1.0065970420837402,0.3448143005371094,3.9886927604675293,0.0,0.0,0.9206771850585938,0.34386253356933594,3.5386428833007812,0.0,0.0,1.3066980838775635,0.4599609375,4.799294710159302,0.0,0.0,1.37542724609375,0.43616485595703125,4.59855842590332,0.0,0.0,1.2711005210876465,0.37801694869995117,4.210464000701904,0.0,0.0,0.9060382843017578,0.3652477264404297,3.8079471588134766,0.0,0.0,1.1676025390625,0.3994255065917969,4.661696434020996,0.0,0.0,0.9667396545410156,0.32025909423828125,3.7897839546203613,0.0,0.0,0.7033786773681641,0.2897024154663086,3.2296438217163086,0.0,0.0,0.7876472473144531,0.3437681198120117,3.697842597961426,0.0,0.0,0.6543769836425781,0.32930755615234375,3.1767730712890625,0.0,0.0,0.5162696838378906,0.2713766098022461,2.6892876625061035,0.0,0.0,0.7253293991088867,0.3531064987182617,3.5137710571289062,0.0,0.0,0.6722679138183594,0.26959991455078125,2.9221420288085938,0.0,0.0,0.7477920055389404,0.3646659851074219,3.3582065105438232,0.0,0.0,0.9244279861450195,0.2829933166503906,3.1985045075416565,0.0,0.0,1.1167196035385132,0.40410614013671875,4.437212824821472,0.0,0.0,1.1379890441894531,0.4093666076660156,4.343894004821777,0.0,0.0,1.5444581508636475,0.4465646743774414,5.451663255691528,0.0,0.0,1.3496038317680359,0.4671800136566162,6.026136040687561,0.0,0.0
87,hallucinated,28,0.556640625,12.089868247509003,0.9488546848297119,23.466101467609406,0.00575864315032959,0.00575864315032959,10.664441227912903,0.8472923040390015,20.27734488248825,0.023379087448120117,0.06403195858001709,7.734723806381226,0.7991873025894165,15.794848918914795,0.10670125484466553,0.13975059986114502,6.399618148803711,0.5842969417572021,12.085717916488647,0.0,0.0,6.484773635864258,0.5710525512695312,12.183408737182617,0.0,0.0,5.811464309692383,0.4720573425292969,10.748178482055664,0.0,0.0,4.626747131347656,0.37989044189453125,8.4937744140625,0.0,0.0,4.517942428588867,0.393951416015625,8.257266819477081,0.0,0.0,3.0804271697998047,0.3292694091796875,5.579668998718262,0.0,0.0,3.536457061767578,0.33774566650390625,6.489107131958008,0.0,0.0,4.074839115142822,0.45332813262939453,6.735811710357666,0.0,0.0,4.512282967567444,0.49792492389678955,7.523639559745789,0.0,0.0,4.316585063934326,0.4683208465576172,7.29834508895874,0.0,0.0,4.725561618804932,0.4869070053100586,7.3444294929504395,0.0,0.0,5.031926155090332,0.5804843902587891,8.524004936218262,0.0,0.0,5.590792179107666,0.6575841903686523,8.814955234527588,0.0,0.0,4.739524841308594,0.54296875,7.678396224975586,0.0,0.0,4.768162727355957,0.5415353775024414,7.670763969421387,0.0,0.0,4.960287094116211,0.5575590133666992,8.452986717224121,0.0,0.0,4.318759560585022,0.4703559875488281,7.141480565071106,0.0,0.0,4.337257504463196,0.4618149995803833,6.863553166389465,0.0,0.0,4.5261383056640625,0.48577117919921875,7.437625885009766,0.0,0.0,4.075247526168823,0.4350271224975586,6.598376035690308,0.0,0.0,2.9136056900024414,0.30672550201416016,5.08705472946167,0.0,0.0,3.730104446411133,0.3971099853515625,6.518705368041992,0.0,0.0,2.6200332641601562,0.2696990966796875,4.869861602783203,0.0,0.0,3.3029394149780273,0.3654022216796875,5.914978981018066,0.0,0.0,2.737217903137207,0.32480430603027344,5.011513769626617,0.0,0.0,3.9244704246520996,0.404388427734375,7.246281623840332,0.0,0.0,4.073461532592773,0.4599132537841797,7.279873847961426,0.0,0.0,4.46952223777771,0.42724037170410156,8.378278493881226,0.0,0.0,4.803340911865234,0.5000010132789612,9.482443392276764,0.0,0.0
88,grounded,23,0.66162109375,10.027464389801025,0.9370682239532471,18.711710453033447,0.0015647411346435547,0.0015647411346435547,8.444587886333466,0.8478395938873291,15.671969592571259,0.033147215843200684,0.03822237253189087,8.980005741119385,0.8706169128417969,16.403164327144623,0.024472713470458984,0.04508042335510254,1.403839111328125,0.19809722900390625,2.545299530029297,0.0,0.0,1.0857582092285156,0.12709808349609375,2.0585670471191406,0.0,0.0,1.39080810546875,0.1591644287109375,2.5147171020507812,0.0,0.0,1.4708280563354492,0.18019866943359375,2.648493766784668,0.0,0.0,2.192692995071411,0.269472599029541,3.666886568069458,0.0,0.0,2.8542652130126953,0.36162376403808594,4.588014602661133,0.0,0.0,3.3183584213256836,0.3805990219116211,5.579017639160156,0.0,0.0,3.381514072418213,0.3875699043273926,5.3463311195373535,0.0,0.0,3.8399267196655273,0.5131959915161133,6.095946311950684,0.0,0.0,3.442366123199463,0.4763302803039551,5.474724769592285,0.0,0.0,4.251486659049988,0.47821319103240967,5.987486720085144,0.0,0.0,4.401805877685547,0.49799013137817383,7.021627902984619,0.0,0.0,4.845345497131348,0.5609378814697266,7.199429512023926,0.0,0.0,3.9942970275878906,0.43532562255859375,6.20771598815918,0.0,0.0,4.06198787689209,0.46469688415527344,6.2321882247924805,0.0,0.0,4.511375725269318,0.4837942123413086,7.016821205615997,0.0,0.0,4.475120782852173,0.5025019645690918,6.580794095993042,0.0,0.0,3.4012532234191895,0.44098472595214844,5.147854328155518,0.0,0.0,3.7627124786376953,0.4739675521850586,5.708185195922852,0.0,0.0,3.461190700531006,0.4236927032470703,5.311830043792725,0.0,0.0,2.3540239334106445,0.27176666259765625,3.9099302291870117,0.0,0.0,2.7445144653320312,0.3203086853027344,4.667844295501709,0.0,0.0,2.4565025568008423,0.37142181396484375,4.268073678016663,0.0,0.0,3.1283693313598633,0.4640932083129883,5.132565498352051,0.0,0.0,2.6299569606781006,0.3476409912109375,4.605361461639404,0.0,0.0,3.530105173587799,0.5021216869354248,5.978406012058258,0.0,0.0,3.30645751953125,0.4098052978515625,5.481156349182129,0.0,0.0,3.6347672939300537,0.4197263717651367,6.464851140975952,0.0,0.0,4.129332005977631,0.43630117177963257,7.554476737976074,0.0,0.0
88,hallucinated,22,0.62255859375,9.0664222240448,0.935923159122467,17.75066828727722,0.002360105514526367,0.0027458667755126953,7.551672101020813,0.8478395938873291,14.779053807258606,0.033147215843200684,0.042176783084869385,8.019191980361938,0.8493022918701172,15.442350566387177,0.02988433837890625,0.04233717918395996,1.2648124694824219,0.208984375,2.4062728881835938,0.0,0.0,1.0547103881835938,0.1280517578125,2.0275192260742188,0.0,0.0,1.2463455200195312,0.14681243896484375,2.3702545166015625,0.0,0.0,1.2492961883544922,0.18019866943359375,2.426961898803711,0.0,0.0,1.979304313659668,0.26688051223754883,3.453497886657715,0.0,0.0,2.456108570098877,0.3321957588195801,4.1898579597473145,0.0,0.0,2.861241340637207,0.35884761810302734,5.12190055847168,0.0,0.0,3.0607857704162598,0.38402557373046875,5.0256028175354,0.0,0.0,3.606966972351074,0.49082279205322266,5.8629865646362305,0.0,0.0,3.1063928604125977,0.4606790542602539,5.13875150680542,0.0,0.0,3.6962175369262695,0.45791053771972656,5.432217597961426,0.0,0.0,4.099855422973633,0.5123291015625,6.719677448272705,0.0,0.0,3.9199929237365723,0.4876899719238281,6.27407693862915,0.0,0.0,3.4680070877075195,0.4155158996582031,5.681426048278809,0.0,0.0,3.825659990310669,0.5212643146514893,5.99586033821106,0.0,0.0,4.02651584148407,0.47887229919433594,6.5319613218307495,0.0,0.0,3.6148219108581543,0.44223785400390625,5.720495223999023,0.0,0.0,3.060854434967041,0.41563844680786133,4.807455539703369,0.0,0.0,3.0705604553222656,0.39278602600097656,5.016033172607422,0.0,0.0,3.2939748764038086,0.4769115447998047,5.144614219665527,0.0,0.0,2.393765449523926,0.37736034393310547,3.949671745300293,0.0,0.0,2.7054576873779297,0.3634071350097656,4.628787517547607,0.0,0.0,2.378638744354248,0.3430051803588867,4.190209865570068,0.0,0.0,2.663215398788452,0.4628715515136719,4.66741156578064,0.0,0.0,2.3996834754943848,0.36271142959594727,4.3750879764556885,0.0,0.0,3.133373260498047,0.5164618492126465,5.581674098968506,0.0,0.0,3.0605506896972656,0.4111452102661133,5.2352495193481445,0.0,0.0,3.5833444595336914,0.47663116455078125,6.41342830657959,0.0,0.0,3.8160279393196106,0.45240354537963867,7.241172671318054,0.0,0.0
89,grounded,21,0.7060546875,8.157300353050232,0.9225492477416992,16.877637207508087,0.0050275325775146484,0.0050275325775146484,6.754684209823608,0.840499222278595,13.833848714828491,0.025208473205566406,0.04658842086791992,7.209868431091309,0.8600330352783203,14.798014163970947,0.029688358306884766,0.1121068000793457,1.1287384033203125,0.17500686645507812,2.304410934448242,0.0,0.0,0.8654556274414062,0.13243865966796875,1.8440780639648438,0.0,0.0,1.030609130859375,0.13521575927734375,2.098102569580078,0.0,0.0,1.2536044120788574,0.17137527465820312,2.4035067558288574,0.0,0.0,1.575916051864624,0.22908401489257812,3.073446035385132,0.0,0.0,2.284796714782715,0.3275279998779297,4.083346366882324,0.0,0.0,2.740795135498047,0.39430999755859375,5.0546417236328125,0.0,0.0,2.7299280166625977,0.41944217681884766,4.6081438064575195,0.0,0.0,3.1071243286132812,0.45577430725097656,5.346033096313477,0.0,0.0,2.744046449661255,0.39325451850891113,4.777501344680786,0.0,0.0,3.1189279556274414,0.45026588439941406,4.966828346252441,0.0,0.0,3.6389331817626953,0.47871875762939453,6.4156389236450195,0.0,0.0,4.08060359954834,0.5494289398193359,6.581591606140137,0.0,0.0,3.438446044921875,0.46973419189453125,5.774759292602539,0.0,0.0,3.277113914489746,0.4466838836669922,5.603318214416504,0.0,0.0,3.673816442489624,0.49271583557128906,6.508567571640015,0.0,0.0,3.4118146896362305,0.4763021469116211,5.719222068786621,0.0,0.0,2.7116856575012207,0.408355712890625,4.674714088439941,0.0,0.0,2.91062068939209,0.4211311340332031,4.99704647064209,0.0,0.0,2.5753462314605713,0.3683032989501953,4.5644371509552,0.0,0.0,1.932260513305664,0.2899627685546875,3.7060093879699707,0.0,0.0,2.51939594745636,0.40255260467529297,4.57844078540802,0.0,0.0,2.0300092697143555,0.311464786529541,3.932572841644287,0.0,0.0,2.36175537109375,0.3928718566894531,4.3149829506874084,0.0,0.0,1.9467082023620605,0.33526182174682617,3.7355183362960815,0.0,0.0,2.602819502353668,0.47194963693618774,4.902591705322266,0.0,0.0,2.4115490913391113,0.39108943939208984,4.61624002456665,0.0,0.0,2.7793151140213013,0.4286525249481201,5.31690514087677,0.0,0.0,2.960034728050232,0.3862772583961487,6.254990339279175,0.0,0.0
89,hallucinated,21,0.65087890625,8.142084240913391,0.9344589710235596,16.862421095371246,0.0026559829711914062,0.0026559829711914062,6.690075099468231,0.840499222278595,13.769239604473114,0.025208473205566406,0.04592406749725342,7.116443872451782,0.8403415679931641,14.704589605331421,0.025282621383666992,0.07720637321472168,1.0993804931640625,0.17500686645507812,2.275053024291992,0.0,0.0,0.9554977416992188,0.13243865966796875,1.9341201782226562,0.0,0.0,1.0726356506347656,0.1383819580078125,2.1401290893554688,0.0,0.0,1.2441701889038086,0.16784286499023438,2.3940725326538086,0.0,0.0,1.674199104309082,0.23117828369140625,3.17172908782959,0.0,0.0,2.3505992889404297,0.32114601135253906,4.149148941040039,0.0,0.0,2.553628921508789,0.3602142333984375,4.867475509643555,0.0,0.0,2.5975990295410156,0.4053621292114258,4.4758148193359375,0.0,0.0,3.079657554626465,0.4218416213989258,5.31856632232666,0.0,0.0,2.8328644037246704,0.3941841125488281,4.866319298744202,0.0,0.0,2.873056411743164,0.387237548828125,4.720956802368164,0.0,0.0,3.7222132682800293,0.5160179138183594,6.4989190101623535,0.0,0.0,3.8017139434814453,0.5323371887207031,6.302701950073242,0.0,0.0,3.2966270446777344,0.4241371154785156,5.632940292358398,0.0,0.0,3.4203920364379883,0.5057773590087891,5.746596336364746,0.0,0.0,3.8158116340637207,0.5170116424560547,6.650562763214111,0.0,0.0,3.255976676940918,0.43404388427734375,5.563384056091309,0.0,0.0,2.8956661224365234,0.4346046447753906,4.858694553375244,0.0,0.0,2.814950942993164,0.43689727783203125,4.901376724243164,0.0,0.0,2.678907871246338,0.3879432678222656,4.667998790740967,0.0,0.0,2.0753650665283203,0.3127403259277344,3.849113941192627,0.0,0.0,2.1860132217407227,0.3636283874511719,4.245058059692383,0.0,0.0,1.8881949186325073,0.311464786529541,3.790758490562439,0.0,0.0,2.2974910736083984,0.41722679138183594,4.250718653202057,0.0,0.0,1.7454547882080078,0.29321861267089844,3.534264922142029,0.0,0.0,2.5072600841522217,0.43482470512390137,4.807032287120819,0.0,0.0,2.504366874694824,0.39714813232421875,4.709057807922363,0.0,0.0,2.829021453857422,0.4671173095703125,5.366611480712891,0.0,0.0,2.9235963821411133,0.4088932275772095,6.218551993370056,0.0,0.0
90,grounded,33,0.58984375,13.026871085166931,0.952643632888794,28.07276690006256,0.0021305084228515625,0.0034300684928894043,11.46115791797638,0.8714450597763062,24.11974310874939,0.04701119661331177,0.08386790752410889,11.740460395812988,0.8740479946136475,24.601101398468018,0.07080078125,0.15744972229003906,1.754188060760498,0.18315505981445312,3.761312961578369,0.0,0.0,1.4239540100097656,0.15065765380859375,3.2014713287353516,0.0,0.0,1.8543758392333984,0.1941051483154297,3.746278762817383,0.0,0.0,2.2921109199523926,0.22595596313476562,4.6049275398254395,0.0,0.0,3.0001027584075928,0.2918548583984375,6.017783880233765,0.0,0.0,3.7379913330078125,0.3352546691894531,7.225805282592773,0.0,0.0,4.44841194152832,0.43097686767578125,8.536273002624512,0.0,0.0,4.3346662521362305,0.3645782470703125,8.03388500213623,0.0,0.0,4.919100761413574,0.4612312316894531,8.636652946472168,0.0,0.0,4.601787567138672,0.41019630432128906,8.333831787109375,0.0,0.0,5.447025775909424,0.5042457580566406,9.005131244659424,0.0,0.0,5.740348815917969,0.5453090667724609,10.471817970275879,0.0,0.0,6.003859519958496,0.5450859069824219,10.428101539611816,0.0,0.0,5.511549949645996,0.5478286743164062,9.69382381439209,0.0,0.0,6.056526184082031,0.5640907287597656,10.130562782287598,0.0,0.0,6.16497278213501,0.5480003356933594,10.460909366607666,0.0,0.0,5.61197566986084,0.4835934638977051,9.665332794189453,0.0,0.0,4.369778394699097,0.4294750690460205,7.4701783657073975,0.0,0.0,5.076615333557129,0.4779701232910156,8.952855110168457,0.0,0.0,4.426216125488281,0.4342918395996094,7.481203079223633,0.0,0.0,2.976687431335449,0.28141021728515625,5.66528856754303,0.0,0.0,4.152380287647247,0.3831515312194824,7.599222481250763,0.0,0.0,3.2164628505706787,0.3895988464355469,6.094057083129883,0.0,0.0,3.821399688720703,0.4424896240234375,7.108951568603516,0.0,0.0,3.2267260551452637,0.3557701110839844,5.948977470397949,0.0,0.0,4.216863930225372,0.503535270690918,7.983557045459747,0.0,0.0,4.156414031982422,0.4266490936279297,7.703530788421631,0.0,0.0,4.648914337158203,0.4518861770629883,8.839252471923828,0.0,0.0,5.267491936683655,0.4624306559562683,10.96614420413971,0.0,0.0
90,hallucinated,40,0.6298828125,19.6354860663414,0.9621596336364746,34.68138188123703,0.0009798407554626465,0.0009798407554626465,17.31931871175766,0.8642864227294922,29.97790390253067,0.04701119661331177,0.08408921957015991,17.96420419216156,0.9121044874191284,30.82440984249115,0.07080078125,0.17851758003234863,2.7580180168151855,0.20014572143554688,4.765142917633057,0.0,0.0,2.274179458618164,0.15065765380859375,4.05169677734375,0.0,0.0,2.8447303771972656,0.19548988342285156,4.73663330078125,0.0,0.0,3.488558292388916,0.2260913848876953,5.801374912261963,0.0,0.0,4.345765471458435,0.2918548583984375,7.363446593284607,0.0,0.0,5.3253326416015625,0.33873748779296875,8.813146591186523,0.0,0.0,6.582206726074219,0.40795135498046875,10.67006778717041,0.0,0.0,6.597238540649414,0.4052085876464844,10.296457290649414,0.0,0.0,7.437376022338867,0.500457763671875,11.154928207397461,0.0,0.0,6.766240119934082,0.45062255859375,10.498284339904785,0.0,0.0,8.127107858657837,0.491546630859375,11.685213327407837,0.0,0.0,8.306879997253418,0.49780941009521484,13.038349151611328,0.0,0.0,9.40845537185669,0.6128864288330078,13.83269739151001,0.0,0.0,8.281226634979248,0.5401668548583984,12.463500499725342,0.0,0.0,8.991528511047363,0.5726613998413086,13.06556510925293,0.0,0.0,8.533092975616455,0.5133209228515625,12.829029560089111,0.0,0.0,8.197884798049927,0.5223350524902344,12.25124192237854,0.0,0.0,5.96117103099823,0.44542932510375977,9.06157100200653,0.0,0.0,7.476452350616455,0.4647350311279297,11.352692127227783,0.0,0.0,6.103726744651794,0.44661808013916016,9.158713698387146,0.0,0.0,4.354836463928223,0.27640533447265625,7.043437600135803,0.0,0.0,5.986125230789185,0.3987140655517578,9.4329674243927,0.0,0.0,4.45621132850647,0.35394287109375,7.333805561065674,0.0,0.0,5.458491325378418,0.42777252197265625,8.74604320526123,0.0,0.0,4.706686019897461,0.3721294403076172,7.4289374351501465,0.0,0.0,5.897064924240112,0.48488807678222656,9.663758039474487,0.0,0.0,6.044533729553223,0.41139793395996094,9.591650485992432,0.0,0.0,6.589613437652588,0.4518623352050781,10.779951572418213,0.0,0.0,7.904677212238312,0.4572867751121521,13.603329479694366,0.0,0.0
91,grounded,35,0.669921875,16.809455513954163,0.9602866172790527,30.025114595890045,0.011586546897888184,0.01703774929046631,14.329414248466492,0.8665149211883545,25.4261314868927,0.053620874881744385,0.10466831922531128,14.824933171272278,0.8832635879516602,26.225135326385498,0.0658421516418457,0.20891940593719482,2.1407909393310547,0.22296524047851562,3.97019100189209,0.0,0.0,1.6985931396484375,0.15619659423828125,3.073213577270508,0.0,0.0,2.077119827270508,0.15051651000976562,3.502412796020508,0.0,0.0,2.6140575408935547,0.192596435546875,4.520551681518555,0.0,0.0,3.395157814025879,0.2436065673828125,5.454621315002441,0.0,0.0,4.11406135559082,0.367462158203125,6.7691650390625,0.0,0.0,5.330045700073242,0.3560628890991211,8.627507209777832,0.0,0.0,6.116947174072266,0.4644908905029297,9.12417984008789,0.0,0.0,6.318779468536377,0.4581871032714844,9.480297565460205,0.0,0.0,5.610424041748047,0.43042707443237305,8.804876327514648,0.0,0.0,7.064817428588867,0.5540809631347656,9.904243469238281,0.0,0.0,6.884158611297607,0.5013251304626465,10.633191585540771,0.0,0.0,7.654384136199951,0.5198001861572266,11.137446880340576,0.0,0.0,6.67332649230957,0.4324932098388672,10.079156875610352,0.0,0.0,7.038870334625244,0.5150890350341797,10.344091892242432,0.0,0.0,7.211376667022705,0.4948282241821289,11.044182300567627,0.0,0.0,6.342406511306763,0.4573822021484375,9.604492425918579,0.0,0.0,5.321214914321899,0.40278053283691406,8.124649286270142,0.0,0.0,5.8331663608551025,0.4530363082885742,8.917490243911743,0.0,0.0,5.137614965438843,0.40856242179870605,8.235434293746948,0.0,0.0,4.007145881652832,0.3590354919433594,6.778256416320801,0.0,0.0,4.150114059448242,0.3668193817138672,7.053858041763306,0.0,0.0,3.8958303928375244,0.3523521423339844,6.752578020095825,0.0,0.0,4.2649078369140625,0.36661458015441895,7.239931344985962,0.0,0.0,3.454767942428589,0.3499269485473633,6.130675196647644,0.0,0.0,4.681969881057739,0.4362506866455078,8.262646913528442,0.0,0.0,5.3537174463272095,0.4566164016723633,8.779530763626099,0.0,0.0,5.17165732383728,0.40563106536865234,9.226835489273071,0.0,0.0,6.557719171047211,0.5050671100616455,11.906670987606049,0.0,0.0
91,hallucinated,32,0.6845703125,13.977824807167053,0.9518241882324219,27.193483889102936,0.011586546897888184,0.017212986946105957,11.967707991600037,0.875465989112854,23.064425230026245,0.053620874881744385,0.10466831922531128,12.350533604621887,0.8942136764526367,23.750735759735107,0.0658421516418457,0.1485966444015503,1.7882747650146484,0.22296524047851562,3.6176748275756836,0.0,0.0,1.4185638427734375,0.15619659423828125,2.793184280395508,0.0,0.0,1.6877498626708984,0.13737869262695312,3.1130428314208984,0.0,0.0,2.184274673461914,0.192596435546875,4.090768814086914,0.0,0.0,2.7616586685180664,0.24230670928955078,4.821122169494629,0.0,0.0,3.5289878845214844,0.367462158203125,6.184091567993164,0.0,0.0,4.385320663452148,0.3560628890991211,7.682782173156738,0.0,0.0,5.129858016967773,0.4644908905029297,8.137090682983398,0.0,0.0,5.399277210235596,0.4581871032714844,8.560795307159424,0.0,0.0,4.787143707275391,0.43042707443237305,7.981595993041992,0.0,0.0,6.02156925201416,0.5540809631347656,8.860995292663574,0.0,0.0,5.596524715423584,0.5013251304626465,9.345557689666748,0.0,0.0,6.312121868133545,0.5198001861572266,9.79518461227417,0.0,0.0,5.507606506347656,0.4324932098388672,8.913436889648438,0.0,0.0,5.722614765167236,0.5150890350341797,9.027836322784424,0.0,0.0,5.8805108070373535,0.4948282241821289,9.713316440582275,0.0,0.0,5.446645021438599,0.4573822021484375,8.708730936050415,0.0,0.0,4.641399621963501,0.40278053283691406,7.444833993911743,0.0,0.0,4.976653099060059,0.4530363082885742,8.0609769821167,0.0,0.0,4.3887670040130615,0.40856242179870605,7.486586332321167,0.0,0.0,3.344390869140625,0.3590354919433594,6.115501403808594,0.0,0.0,3.6170692443847656,0.3668193817138672,6.520813226699829,0.0,0.0,3.3125908374786377,0.3523521423339844,6.1693384647369385,0.0,0.0,3.580937385559082,0.36661458015441895,6.5559608936309814,0.0,0.0,2.8855273723602295,0.3499269485473633,5.561434626579285,0.0,0.0,4.014416694641113,0.4362506866455078,7.595093727111816,0.0,0.0,4.474408149719238,0.4566164016723633,7.900221467018127,0.0,0.0,4.405389308929443,0.40563106536865234,8.460567474365234,0.0,0.0,5.308573842048645,0.5050671100616455,10.657525658607483,0.0,0.0
92,grounded,32,0.55224609375,16.74781084060669,0.9471969604492188,27.252197325229645,0.004235267639160156,0.009727180004119873,14.802170038223267,0.8773936033248901,23.070177614688873,0.04447066783905029,0.05712175369262695,14.715602099895477,0.8758513927459717,23.011025488376617,0.08859163522720337,0.10031861066818237,2.003864288330078,0.17661285400390625,3.4060497283935547,0.0,0.0,1.798065185546875,0.13460540771484375,2.8687095642089844,0.0,0.0,2.001471519470215,0.14209747314453125,3.093672752380371,0.0,0.0,2.2855682373046875,0.19167327880859375,3.6834487915039062,0.0,0.0,3.457071304321289,0.262969970703125,5.230096817016602,0.0,0.0,3.89388370513916,0.30988311767578125,6.020205497741699,0.0,0.0,5.6378374099731445,0.38391876220703125,8.364624977111816,0.0,0.0,5.462133407592773,0.5133781433105469,7.933908462524414,0.0,0.0,6.290164947509766,0.5238723754882812,8.925819396972656,0.0,0.0,5.315958023071289,0.47022247314453125,7.856733322143555,0.0,0.0,6.121325135231018,0.509972333908081,8.339352250099182,0.0,0.0,7.371501207351685,0.5283675193786621,10.4455406665802,0.0,0.0,7.560722351074219,0.5925512313842773,10.415420532226562,0.0,0.0,6.793166160583496,0.5138034820556641,9.694001197814941,0.0,0.0,7.209752202033997,0.5469131469726562,9.993218541145325,0.0,0.0,6.760594129562378,0.4969768524169922,10.086678266525269,0.0,0.0,5.377761363983154,0.36680126190185547,8.19913136959076,0.0,0.0,5.496973514556885,0.4084758758544922,7.684129238128662,0.0,0.0,5.457154273986816,0.4090290069580078,8.17907428741455,0.0,0.0,5.238096714019775,0.4513998031616211,7.555339813232422,0.0,0.0,3.828521728515625,0.2806053161621094,5.978200435638428,0.0,0.0,4.92581582069397,0.40794944763183594,7.547831296920776,0.0,0.0,3.7774720191955566,0.3638744354248047,6.174459934234619,0.0,0.0,4.586854577064514,0.4386940002441406,7.265634179115295,0.0,0.0,3.1279683113098145,0.3130645751953125,5.406925797462463,0.0,0.0,4.957005739212036,0.44233131408691406,7.945465326309204,0.0,0.0,5.281876385211945,0.482421875,8.21305537223816,0.0,0.0,5.554792881011963,0.4825172424316406,8.879053115844727,0.0,0.0,7.299317240715027,0.5172746181488037,11.399098217487335,0.0,0.0
92,hallucinated,21,0.51513671875,6.42623245716095,0.9393078088760376,16.930618941783905,0.002693653106689453,0.002693653106689453,5.676540970802307,0.8407697677612305,13.96583366394043,0.044464945793151855,0.04716384410858154,5.7258758544921875,0.8575963973999023,14.021236658096313,0.08859807252883911,0.09159952402114868,0.7008285522460938,0.17658233642578125,2.103147506713867,0.0,0.0,0.6157684326171875,0.13446807861328125,1.6863288879394531,0.0,0.0,0.7023086547851562,0.12485504150390625,1.7939529418945312,0.0,0.0,0.8351974487304688,0.191162109375,2.2322540283203125,0.0,0.0,1.4173600673675537,0.24192047119140625,3.191579580307007,0.0,0.0,1.7056045532226562,0.3101043701171875,3.831693649291992,0.0,0.0,2.414372444152832,0.4012489318847656,5.141631126403809,0.0,0.0,2.389176845550537,0.4821181297302246,4.85974645614624,0.0,0.0,2.591395854949951,0.5031256675720215,5.225833415985107,0.0,0.0,2.1662416458129883,0.44548892974853516,4.706154823303223,0.0,0.0,2.7162246704101562,0.528839111328125,4.933174133300781,0.0,0.0,2.914341926574707,0.5052700042724609,5.986245155334473,0.0,0.0,3.5653295516967773,0.5548267364501953,6.419384956359863,0.0,0.0,2.4373598098754883,0.43012428283691406,5.3372297286987305,0.0,0.0,2.9621222019195557,0.525132417678833,5.744999170303345,0.0,0.0,3.212129592895508,0.5235996246337891,6.539209365844727,0.0,0.0,2.679828643798828,0.44823551177978516,5.501741290092468,0.0,0.0,2.50427508354187,0.39232826232910156,4.690710783004761,0.0,0.0,2.514981269836426,0.45658397674560547,5.236741065979004,0.0,0.0,2.3934412002563477,0.4547393321990967,4.710206985473633,0.0,0.0,1.9464759826660156,0.35788536071777344,4.095403671264648,0.0,0.0,2.265477180480957,0.3761463165283203,4.887744903564453,0.0,0.0,1.643069863319397,0.3636894226074219,4.039590954780579,0.0,0.0,1.9635868072509766,0.33942222595214844,4.641912460327148,0.0,0.0,1.5165576934814453,0.3132362365722656,3.7963258028030396,0.0,0.0,2.109895706176758,0.4429130554199219,5.099394798278809,0.0,0.0,2.2839848399162292,0.46103715896606445,5.216524839401245,0.0,0.0,2.365813434123993,0.3945627212524414,5.689987480640411,0.0,0.0,2.8845189809799194,0.4944685101509094,6.983494341373444,0.0,0.0
93,grounded,26,0.65966796875,11.122465312480927,0.9483354687690735,21.604784429073334,0.0009596347808837891,0.0009596347808837891,9.913415670394897,0.8615853786468506,18.289766490459442,0.010443389415740967,0.016714274883270264,10.082131028175354,0.883430004119873,19.00397288799286,0.06645840406417847,0.06874936819076538,1.6362228393554688,0.19408416748046875,3.1341705322265625,0.0,0.0,1.2423324584960938,0.1492462158203125,2.4105491638183594,0.0,0.0,1.5700149536132812,0.146331787109375,2.8249664306640625,0.0,0.0,1.9930095672607422,0.20763015747070312,3.5908374786376953,0.0,0.0,2.6897387504577637,0.2887306213378906,4.741706371307373,0.0,0.0,3.4960689544677734,0.37597084045410156,5.884336471557617,0.0,0.0,3.5811519622802734,0.36295318603515625,6.3996171951293945,0.0,0.0,4.259325742721558,0.4779233932495117,6.894861936569214,0.0,0.0,4.243230819702148,0.5264110565185547,7.0426177978515625,0.0,0.0,4.138294219970703,0.4910316467285156,6.859707832336426,0.0,0.0,4.923169136047363,0.5626678466796875,7.203015327453613,0.0,0.0,5.172964096069336,0.4856595993041992,8.43252182006836,0.0,0.0,5.454592704772949,0.5171680450439453,8.413420677185059,0.0,0.0,4.826137542724609,0.4767322540283203,7.754416465759277,0.0,0.0,5.151956558227539,0.5087757110595703,8.105704307556152,0.0,0.0,5.077657699584961,0.48008155822753906,8.171680450439453,0.0,0.0,5.103450059890747,0.5009803771972656,7.87247633934021,0.0,0.0,4.067595481872559,0.39212799072265625,6.25826358795166,0.0,0.0,4.649831771850586,0.4697837829589844,7.348794937133789,0.0,0.0,3.9349796772003174,0.4138522148132324,6.4784839153289795,0.0,0.0,2.906538963317871,0.32007598876953125,5.136549472808838,0.0,0.0,3.4220142364501953,0.3464221954345703,5.981528282165527,0.0,0.0,2.778646469116211,0.31606483459472656,5.084464073181152,0.0,0.0,3.4480419158935547,0.37873220443725586,6.199376583099365,0.0,0.0,2.8581663966178894,0.3278045654296875,5.327710211277008,0.0,0.0,3.900900721549988,0.424346923828125,7.026971220970154,0.0,0.0,4.165506362915039,0.47492027282714844,7.06490421295166,0.0,0.0,4.182389736175537,0.3916435241699219,7.885941982269287,0.0,0.0,4.786201298236847,0.45269775390625,9.052828192710876,0.0,0.0
93,hallucinated,24,0.595703125,9.205543398857117,0.9418778419494629,19.687862515449524,0.0,0.0,8.02428925037384,0.8639380931854248,16.400640070438385,0.0005574822425842285,0.0005574822425842285,8.134085655212402,0.8654837608337402,17.05609279870987,0.05860328674316406,0.10597741603851318,1.1841239929199219,0.17038726806640625,2.6820716857910156,0.0,0.0,0.9766578674316406,0.1492462158203125,2.1448745727539062,0.0,0.0,1.200429916381836,0.13147735595703125,2.455381393432617,0.0,0.0,1.3881607055664062,0.18589019775390625,2.9859886169433594,0.0,0.0,2.015378952026367,0.2571563720703125,4.067346572875977,0.0,0.0,2.4615116119384766,0.30655479431152344,4.84977912902832,0.0,0.0,2.730093002319336,0.3532266616821289,5.548558235168457,0.0,0.0,3.251955032348633,0.4777517318725586,5.887491226196289,0.0,0.0,3.5106334686279297,0.4951953887939453,6.310020446777344,0.0,0.0,3.224751591682434,0.5181218385696411,5.946165204048157,0.0,0.0,3.723465919494629,0.5160894393920898,6.003312110900879,0.0,0.0,3.7275142669677734,0.4518013000488281,6.987071990966797,0.0,0.0,4.626411437988281,0.5807895660400391,7.585239410400391,0.0,0.0,3.4850120544433594,0.4130401611328125,6.413290977478027,0.0,0.0,4.175361633300781,0.5816497802734375,7.1291093826293945,0.0,0.0,4.214168548583984,0.4668540954589844,7.308191299438477,0.0,0.0,4.002663850784302,0.4600543975830078,6.771690130233765,0.0,0.0,3.1165385246276855,0.36389923095703125,5.307206630706787,0.0,0.0,3.405331611633301,0.41332244873046875,6.104294776916504,0.0,0.0,3.408692717552185,0.4384441375732422,5.952196955680847,0.0,0.0,2.4964027404785156,0.2992744445800781,4.726413249969482,0.0,0.0,2.7225990295410156,0.3464221954345703,5.282113075256348,0.0,0.0,2.094646453857422,0.31606483459472656,4.400464057922363,0.0,0.0,2.820600986480713,0.3615250587463379,5.571935653686523,0.0,0.0,2.425474166870117,0.3278045654296875,4.895017981529236,0.0,0.0,3.3213367462158203,0.424346923828125,6.447407245635986,0.0,0.0,3.390995979309082,0.47492027282714844,6.290393829345703,0.0,0.0,3.7014713287353516,0.4555034637451172,7.405023574829102,0.0,0.0,3.8783252835273743,0.4367397427558899,8.144952178001404,0.0,0.0
94,grounded,21,0.58349609375,8.236693024635315,0.9361681938171387,16.881266057491302,2.1457672119140625e-05,2.1457672119140625e-05,7.166839361190796,0.8208625316619873,14.237043857574463,0.0459631085395813,0.0459631085395813,5.89335560798645,0.7613828182220459,12.177584409713745,0.04194831848144531,0.04194831848144531,0.9480438232421875,0.1489410400390625,2.049896240234375,0.0,0.0,0.7957916259765625,0.1527099609375,1.6682472229003906,0.0,0.0,0.8761520385742188,0.12396240234375,1.8098068237304688,0.0,0.0,1.0174293518066406,0.1668548583984375,1.9993629455566406,0.0,0.0,1.632248878479004,0.24213409423828125,3.0388803482055664,0.0,0.0,2.02642822265625,0.32569122314453125,3.64727783203125,0.0,0.0,2.5828819274902344,0.36865234375,4.714719772338867,0.0,0.0,2.4385223388671875,0.33472442626953125,4.088348388671875,0.0,0.0,2.6692800521850586,0.3616313934326172,4.624030113220215,0.0,0.0,2.480783462524414,0.35730934143066406,4.527364730834961,0.0,0.0,2.814281463623047,0.37841224670410156,4.487918853759766,0.0,0.0,3.3693580627441406,0.48122501373291016,5.563270568847656,0.0,0.0,3.825075149536133,0.4862480163574219,5.918352127075195,0.0,0.0,3.221440315246582,0.4761648178100586,5.177752494812012,0.0,0.0,3.224216938018799,0.47258710861206055,4.921711444854736,0.0,0.0,3.712811231613159,0.49712181091308594,5.96666407585144,0.0,0.0,3.2065963745117188,0.4763507843017578,5.347635746002197,0.0,0.0,2.668752670288086,0.3755912780761719,4.216060638427734,0.0,0.0,2.9250964522361755,0.41898488998413086,4.719675004482269,0.0,0.0,2.594412326812744,0.39481353759765625,4.239325046539307,0.0,0.0,2.1371049880981445,0.3327322006225586,3.8041226863861084,0.0,0.0,2.3230600357055664,0.3452796936035156,3.984752655029297,0.0,0.0,1.8249938488006592,0.3128166198730469,3.620922803878784,0.0,0.0,2.0469329357147217,0.3316059112548828,3.85211443901062,0.0,0.0,1.5654091835021973,0.27706146240234375,3.415244698524475,0.0,0.0,2.3622894287109375,0.37223243713378906,4.560495853424072,0.0,0.0,2.487185478210449,0.4165668487548828,4.619439125061035,0.0,0.0,2.8086434602737427,0.4191160202026367,5.7504576444625854,0.0,0.0,3.0899288654327393,0.42117810249328613,6.44757080078125,0.0,0.0
94,hallucinated,25,0.62548828125,11.912344515323639,0.9378802180290222,20.556917548179626,0.01175391674041748,0.014790773391723633,10.46568077802658,0.85173499584198,17.538738310337067,0.0459631085395813,0.0459631085395813,9.11837387084961,0.7997274398803711,15.402602672576904,0.04194831848144531,0.06522560119628906,1.4572067260742188,0.1876678466796875,2.5590591430664062,0.0,0.0,1.2037887573242188,0.1364898681640625,2.076244354248047,0.0,0.0,1.333831787109375,0.14019012451171875,2.267486572265625,0.0,0.0,1.6057281494140625,0.18242645263671875,2.5876617431640625,0.0,0.0,2.1372222900390625,0.21576690673828125,3.543853759765625,0.0,0.0,2.5949058532714844,0.26869964599609375,4.215755462646484,0.0,0.0,3.7226014137268066,0.3628654479980469,5.8544392585754395,0.0,0.0,3.772703170776367,0.3614768981933594,5.422529220581055,0.0,0.0,3.9392971992492676,0.36246490478515625,5.894047260284424,0.0,0.0,3.6256332397460938,0.35094451904296875,5.672214508056641,0.0,0.0,4.009328842163086,0.3753471374511719,5.682966232299805,0.0,0.0,4.5147857666015625,0.46126556396484375,6.708698272705078,0.0,0.0,5.024082183837891,0.4889678955078125,7.117359161376953,0.0,0.0,3.9529428482055664,0.4271659851074219,5.909255027770996,0.0,0.0,4.195589065551758,0.41878509521484375,5.893083572387695,0.0,0.0,4.652989864349365,0.4653301239013672,6.9068427085876465,0.0,0.0,3.7165451049804688,0.37625694274902344,5.857584476470947,0.0,0.0,2.865595579147339,0.3482704162597656,4.412903547286987,0.0,0.0,3.32565975189209,0.3615150451660156,5.120238304138184,0.0,0.0,2.9183006286621094,0.35231781005859375,4.563213348388672,0.0,0.0,2.492736339569092,0.2887711524963379,4.159754037857056,0.0,0.0,3.027226686477661,0.31313323974609375,4.688919305801392,0.0,0.0,2.3312807083129883,0.3128166198730469,4.127209663391113,0.0,0.0,2.716315507888794,0.3316059112548828,4.521497011184692,0.0,0.0,2.070223808288574,0.27706146240234375,3.920059323310852,0.0,0.0,3.032096266746521,0.37223243713378906,5.230302691459656,0.0,0.0,3.143890380859375,0.4165668487548828,5.276144027709961,0.0,0.0,3.553464412689209,0.4191160202026367,6.495278596878052,0.0,0.0,4.593926012516022,0.4919649362564087,7.9515679478645325,0.0,0.0
95,grounded,27,0.7080078125,11.169782102108002,0.9466733932495117,22.602519810199738,0.0010132789611816406,0.0020678043365478516,8.762513160705566,0.8435732126235962,18.28785616159439,0.04583263397216797,0.12212163209915161,9.863098859786987,0.8474125862121582,19.81333488225937,0.0,0.0,1.3334178924560547,0.16756439208984375,2.8590259552001953,0.0,0.0,1.2496156692504883,0.14440155029296875,2.4598779678344727,0.0,0.0,1.5741205215454102,0.2528800964355469,3.0229310989379883,0.0,0.0,1.6223268508911133,0.2002105712890625,3.2976484298706055,0.0,0.0,2.1114165782928467,0.25278282165527344,4.134640455245972,0.0,0.0,2.7318201065063477,0.40007591247558594,4.969487190246582,0.0,0.0,3.4935359954833984,0.38996315002441406,6.721551895141602,0.0,0.0,3.992196559906006,0.4622044563293457,6.8710761070251465,0.0,0.0,4.579923152923584,0.48712921142578125,7.647363185882568,0.0,0.0,4.1151957511901855,0.4675254821777344,7.114604473114014,0.0,0.0,4.672631740570068,0.5350232124328613,7.938352584838867,0.0,0.0,4.925116539001465,0.5533046722412109,8.980339050292969,0.0,0.0,5.413171768188477,0.60394287109375,9.459007263183594,0.0,0.0,4.575753688812256,0.4977588653564453,8.268126487731934,0.0,0.0,4.599832534790039,0.5191946029663086,8.399698257446289,0.0,0.0,5.1425251960754395,0.543574333190918,9.14353895187378,0.0,0.0,4.500078916549683,0.48176443576812744,7.714450836181641,0.0,0.0,4.1365485191345215,0.4539985656738281,7.220601677894592,0.0,0.0,3.777223587036133,0.4635295867919922,7.02916145324707,0.0,0.0,3.177854299545288,0.40345191955566406,5.882223129272461,0.0,0.0,2.5056190490722656,0.3724040985107422,4.901281237602234,0.0,0.0,3.589645743370056,0.41281795501708984,6.670958161354065,0.0,0.0,2.3647656440734863,0.33026123046875,5.128648996353149,0.0,0.0,2.7532882690429688,0.345855712890625,5.72101366519928,0.0,0.0,2.131622314453125,0.2951011657714844,4.72454035282135,0.0,0.0,2.791398525238037,0.4305744171142578,6.331073522567749,0.0,0.0,3.208192825317383,0.45660400390625,6.7522077560424805,0.0,0.0,3.2914905548095703,0.42046165466308594,7.43995475769043,0.0,0.0,4.385126709938049,0.5012754797935486,9.32491284608841,0.0,0.0
95,hallucinated,27,0.71533203125,11.154228806495667,0.946225643157959,22.586966514587402,0.0010132789611816406,0.0020744800567626953,8.74793165922165,0.8435732126235962,18.273274660110474,0.04583263397216797,0.12212163209915161,9.88986611366272,0.850461483001709,19.8401021361351,0.0,0.0,1.3562946319580078,0.17295074462890625,2.8819026947021484,0.0,0.0,1.2155847549438477,0.14440155029296875,2.425847053527832,0.0,0.0,1.527806282043457,0.2528800964355469,2.976616859436035,0.0,0.0,1.608647346496582,0.2002105712890625,3.283968925476074,0.0,0.0,2.0948197841644287,0.25278282165527344,4.118043661117554,0.0,0.0,2.7574892044067383,0.40007591247558594,4.995156288146973,0.0,0.0,3.488870620727539,0.38996315002441406,6.716886520385742,0.0,0.0,3.8886890411376953,0.4622044563293457,6.767568588256836,0.0,0.0,4.331426620483398,0.49422168731689453,7.398866653442383,0.0,0.0,3.847874164581299,0.4819145202636719,6.847282886505127,0.0,0.0,4.610421657562256,0.5470209121704102,7.876142501831055,0.0,0.0,4.781207084655762,0.5573854446411133,8.836429595947266,0.0,0.0,5.278512477874756,0.618896484375,9.324347972869873,0.0,0.0,4.5226149559021,0.5069618225097656,8.214987754821777,0.0,0.0,4.365279197692871,0.5062646865844727,8.165144920349121,0.0,0.0,5.02499532699585,0.5270171165466309,9.02600908279419,0.0,0.0,4.441953778266907,0.4696098566055298,7.656325697898865,0.0,0.0,4.134578704833984,0.4364914894104004,7.218631863594055,0.0,0.0,3.7800607681274414,0.4635295867919922,7.031998634338379,0.0,0.0,3.2302653789520264,0.40345191955566406,5.934634208679199,0.0,0.0,2.5412349700927734,0.3724040985107422,4.936897158622742,0.0,0.0,3.569078803062439,0.41281795501708984,6.650391221046448,0.0,0.0,2.4089882373809814,0.33026123046875,5.1728715896606445,0.0,0.0,2.7989349365234375,0.345855712890625,5.7666603326797485,0.0,0.0,2.204115867614746,0.2951011657714844,4.797033905982971,0.0,0.0,2.794099807739258,0.4305744171142578,6.33377480506897,0.0,0.0,3.235560417175293,0.45660400390625,6.779575347900391,0.0,0.0,3.372404098510742,0.42046165466308594,7.520868301391602,0.0,0.0,4.440614938735962,0.5012754797935486,9.380401074886322,0.0,0.0
96,grounded,26,0.65234375,11.092893540859222,0.9430599212646484,21.619108736515045,0.0031599998474121094,0.0037059783935546875,9.567917585372925,0.8532266616821289,17.82568269968033,0.05405139923095703,0.06968080997467041,9.579766809940338,0.8187434673309326,17.866972267627716,0.056322574615478516,0.09924197196960449,1.6045246124267578,0.1919097900390625,3.122446060180664,0.0,0.0,1.1503028869628906,0.140625,2.1797103881835938,0.0,0.0,1.391357421875,0.17486953735351562,2.5656585693359375,0.0,0.0,1.7248306274414062,0.18976593017578125,3.0806961059570312,0.0,0.0,2.0325984954833984,0.251068115234375,3.566732406616211,0.0,0.0,2.9623661041259766,0.3478050231933594,4.965269088745117,0.0,0.0,3.1986799240112305,0.34735107421875,5.573981285095215,0.0,0.0,3.7186267375946045,0.44680142402648926,5.935324430465698,0.0,0.0,3.606630325317383,0.49492835998535156,5.94514274597168,0.0,0.0,3.334930419921875,0.4251689910888672,5.720538139343262,0.0,0.0,3.9847373962402344,0.4846076965332031,6.018276214599609,0.0,0.0,4.158141136169434,0.4514446258544922,6.820462226867676,0.0,0.0,4.383380889892578,0.5023193359375,6.910976409912109,0.0,0.0,3.8358287811279297,0.4893798828125,6.235525131225586,0.0,0.0,3.83701229095459,0.44865989685058594,6.091605186462402,0.0,0.0,4.382790565490723,0.48377037048339844,6.992999076843262,0.0,0.0,3.9691567420959473,0.4484233856201172,6.343372821807861,0.0,0.0,3.2722010612487793,0.3614802360534668,5.190154075622559,0.0,0.0,3.6052379608154297,0.4256706237792969,5.853353500366211,0.0,0.0,3.1156206130981445,0.3981666564941406,5.191341400146484,0.0,0.0,2.4418134689331055,0.2952718734741211,4.305047512054443,0.0,0.0,3.015003204345703,0.38533592224121094,5.182677149772644,0.0,0.0,2.6665537357330322,0.34600067138671875,4.912026405334473,0.0,0.0,3.125077724456787,0.3823246955871582,5.402892589569092,0.0,0.0,2.3401769399642944,0.3153247833251953,4.42677116394043,0.0,0.0,3.3880399465560913,0.42178821563720703,6.119089484214783,0.0,0.0,3.6912479400634766,0.46535491943359375,6.257472991943359,0.0,0.0,3.9141416549682617,0.43235206604003906,7.125906467437744,0.0,0.0,4.3138251304626465,0.4512367844581604,8.223077893257141,0.0,0.0
96,hallucinated,24,0.4365234375,9.223957419395447,0.9397168159484863,19.75017261505127,0.003493070602416992,0.0066530704498291016,7.894119322299957,0.8358638882637024,16.165187418460846,0.05405139923095703,0.06640470027923584,7.602471113204956,0.8985118865966797,15.884069085121155,0.056322574615478516,0.06459164619445801,2.3904834985733032,0.6034504175186157,3.9084049463272095,0.0,0.0,2.2438697814941406,0.59124755859375,3.2732772827148438,0.0,0.0,2.0829391479492188,0.43723297119140625,3.2572402954101562,0.0,0.0,2.041656494140625,0.3575592041015625,3.39752197265625,0.0,0.0,2.416001558303833,0.46526074409484863,3.9501354694366455,0.0,0.0,2.1521759033203125,0.27588653564453125,4.155078887939453,0.0,0.0,2.8568077087402344,0.34284210205078125,5.232109069824219,0.0,0.0,3.1091766357421875,0.3656005859375,5.325874328613281,0.0,0.0,3.190922737121582,0.3722543716430664,5.529435157775879,0.0,0.0,2.8381080627441406,0.34204864501953125,5.223715782165527,0.0,0.0,2.9204254150390625,0.3725757598876953,4.9539642333984375,0.0,0.0,3.542530059814453,0.41544342041015625,6.204851150512695,0.0,0.0,3.857219696044922,0.49606895446777344,6.384815216064453,0.0,0.0,3.244171619415283,0.427274227142334,5.6438679695129395,0.0,0.0,3.4238905906677246,0.46108055114746094,5.678483486175537,0.0,0.0,3.5747132301330566,0.440035343170166,6.184921741485596,0.0,0.0,2.6314382553100586,0.34392547607421875,5.005654335021973,0.0,0.0,2.370351791381836,0.3399653434753418,4.288304805755615,0.0,0.0,2.991507053375244,0.4007720947265625,5.239622592926025,0.0,0.0,2.5936708450317383,0.3981666564941406,4.669391632080078,0.0,0.0,2.0590834617614746,0.2606849670410156,3.9223175048828125,0.0,0.0,2.4170479774475098,0.3567028045654297,4.584721922874451,0.0,0.0,2.19502854347229,0.34600067138671875,4.4405012130737305,0.0,0.0,2.1110987663269043,0.3502769470214844,4.388913631439209,0.0,0.0,2.0322771072387695,0.3153247833251953,4.118871331214905,0.0,0.0,2.815020263195038,0.4345952868461609,5.546069800853729,0.0,0.0,2.596623420715332,0.42886924743652344,5.162848472595215,0.0,0.0,3.405888557434082,0.45102834701538086,6.6176533699035645,0.0,0.0,3.817764699459076,0.4854724407196045,7.727017462253571,0.0,0.0
97,grounded,25,0.5810546875,11.89715313911438,0.9428510665893555,20.53589677810669,0.0004709959030151367,0.0004709959030151367,9.348452627658844,0.8406639099121094,16.303440988063812,0.04801851511001587,0.052382707595825195,10.413037538528442,0.8441624641418457,17.829184353351593,0.006141185760498047,0.006141185760498047,1.3807373046875,0.17134857177734375,2.5846738815307617,0.0,0.0,1.2165870666503906,0.14086532592773438,2.2954769134521484,0.0,0.0,1.4183311462402344,0.16222000122070312,2.518657684326172,0.0,0.0,1.421173095703125,0.1652984619140625,2.6103897094726562,0.0,0.0,2.3964462280273438,0.27129364013671875,3.9669551849365234,0.0,0.0,2.4796066284179688,0.2622642517089844,4.321681976318359,0.0,0.0,3.112802505493164,0.3502044677734375,5.42523193359375,0.0,0.0,3.817615270614624,0.4218635559082031,5.871860980987549,0.0,0.0,3.822946548461914,0.46753692626953125,6.08815860748291,0.0,0.0,3.139039993286133,0.35509490966796875,5.2967023849487305,0.0,0.0,3.5164198875427246,0.443695068359375,5.25595235824585,0.0,0.0,4.077167510986328,0.4897279739379883,6.639055252075195,0.0,0.0,4.393292427062988,0.5729293823242188,6.863877296447754,0.0,0.0,3.8889737129211426,0.4392547607421875,6.1527485847473145,0.0,0.0,3.8453896045684814,0.5042433738708496,5.836390733718872,0.0,0.0,4.694319844245911,0.5904719829559326,7.1715065240859985,0.0,0.0,3.5405917167663574,0.43019866943359375,5.812776803970337,0.0,0.0,3.445894241333008,0.43355369567871094,5.23834228515625,0.0,0.0,3.4273881912231445,0.4263925552368164,5.560605049133301,0.0,0.0,3.006676435470581,0.38492608070373535,4.92238974571228,0.0,0.0,2.4469947814941406,0.32471752166748047,4.278297662734985,0.0,0.0,2.821587562561035,0.3322944641113281,4.813817024230957,0.0,0.0,2.3142733573913574,0.3564310073852539,4.079840183258057,0.0,0.0,2.377967357635498,0.3271770477294922,4.157769680023193,0.0,0.0,2.264408826828003,0.3182182312011719,4.056915283203125,0.0,0.0,2.9706807136535645,0.3869514465332031,5.134201526641846,0.0,0.0,2.975066304206848,0.40654850006103516,5.166874051094055,0.0,0.0,3.5857086181640625,0.4303779602050781,6.472769737243652,0.0,0.0,4.7431923151016235,0.5072707533836365,8.349355936050415,0.0,0.0
97,hallucinated,22,0.658203125,9.114177465438843,0.9385292530059814,17.752921104431152,0.008196830749511719,0.008196830749511719,7.481464684009552,0.8461378812789917,14.441927015781403,0.04801851511001587,0.04841184616088867,8.07090163230896,0.8536815643310547,15.48704844713211,0.0027009248733520508,0.0027009248733520508,1.0251283645629883,0.17134857177734375,2.22906494140625,0.0,0.0,1.0169410705566406,0.13928985595703125,2.0958309173583984,0.0,0.0,1.0998764038085938,0.16294097900390625,2.2002029418945312,0.0,0.0,1.2577133178710938,0.1652984619140625,2.446929931640625,0.0,0.0,1.776644229888916,0.24620294570922852,3.3471531867980957,0.0,0.0,2.111949920654297,0.2729835510253906,3.9540252685546875,0.0,0.0,2.68459153175354,0.3417818546295166,4.997020959854126,0.0,0.0,2.862548589706421,0.38637542724609375,4.916794300079346,0.0,0.0,3.04534912109375,0.42844390869140625,5.310561180114746,0.0,0.0,2.5280113220214844,0.39871978759765625,4.685673713684082,0.0,0.0,3.0948143005371094,0.43314361572265625,4.834346771240234,0.0,0.0,3.1853485107421875,0.4570751190185547,5.747236251831055,0.0,0.0,3.788921356201172,0.6053094863891602,6.2595062255859375,0.0,0.0,2.9913463592529297,0.46944427490234375,5.255121231079102,0.0,0.0,2.7981953620910645,0.4616069793701172,4.789196491241455,0.0,0.0,3.6421146392822266,0.5810775756835938,6.1193013191223145,0.0,0.0,3.1280517578125,0.4591178894042969,5.4002368450164795,0.0,0.0,3.006488800048828,0.4969291687011719,4.79893684387207,0.0,0.0,2.883667826652527,0.4409688711166382,5.016884684562683,0.0,0.0,2.6052298545837402,0.42366981506347656,4.5209431648254395,0.0,0.0,1.9237680435180664,0.29438018798828125,3.755070924758911,0.0,0.0,2.226292133331299,0.312744140625,4.218521595001221,0.0,0.0,1.6771800518035889,0.3257615566253662,3.442746877670288,0.0,0.0,2.0394845008850098,0.3642425537109375,3.819286823272705,0.0,0.0,1.7175657749176025,0.32916259765625,3.5100722312927246,0.0,0.0,2.4495564699172974,0.3943023681640625,4.613077282905579,0.0,0.0,2.5066678524017334,0.4429483413696289,4.69847559928894,0.0,0.0,2.9725427627563477,0.4510478973388672,5.8596038818359375,0.0,0.0,3.569687306880951,0.49298959970474243,7.175850927829742,0.0,0.0
98,grounded,20,0.73046875,8.931148052215576,0.9356598854064941,15.876592874526978,0.009043693542480469,0.01351308822631836,7.394860744476318,0.8245859742164612,13.05139935016632,0.016543090343475342,0.036050260066986084,7.751615047454834,0.8477077484130859,13.617977499961853,0.04065990447998047,0.11216115951538086,1.1706657409667969,0.15734100341796875,2.1096153259277344,0.0,0.0,0.8537216186523438,0.12530517578125,1.5594406127929688,0.0,0.0,1.097930908203125,0.1387786865234375,1.8799552917480469,0.0,0.0,1.2852630615234375,0.19651031494140625,2.1237030029296875,0.0,0.0,1.9375677108764648,0.23711299896240234,3.187933921813965,0.0,0.0,2.224466323852539,0.2903270721435547,3.521402359008789,0.0,0.0,2.8654098510742188,0.3469276428222656,4.626293182373047,0.0,0.0,2.590341567993164,0.3764076232910156,3.936189651489258,0.0,0.0,3.2430334091186523,0.4571380615234375,4.845541954040527,0.0,0.0,2.5764007568359375,0.36969566345214844,4.098485946655273,0.0,0.0,3.3333396911621094,0.4096527099609375,4.803928375244141,0.0,0.0,3.6346921920776367,0.48777294158935547,5.73243522644043,0.0,0.0,3.9752979278564453,0.5313720703125,6.0476837158203125,0.0,0.0,3.4143056869506836,0.4282083511352539,5.262337684631348,0.0,0.0,3.5500811338424683,0.5025061368942261,5.55903947353363,0.0,0.0,3.670727252960205,0.48224592208862305,5.798631191253662,0.0,0.0,3.439050316810608,0.4634060859680176,5.312571167945862,0.0,0.0,2.859668731689453,0.4422788619995117,4.403414726257324,0.0,0.0,3.0467357635498047,0.4249267578125,4.59400749206543,0.0,0.0,2.440600335597992,0.3447914123535156,3.8104676604270935,0.0,0.0,1.777639389038086,0.24580860137939453,3.0255823135375977,0.0,0.0,2.637439250946045,0.43099403381347656,4.424905776977539,0.0,0.0,1.8327643871307373,0.27902984619140625,3.1173007488250732,0.0,0.0,2.299445390701294,0.4342634677886963,3.9116461277008057,0.0,0.0,1.9663572311401367,0.33823585510253906,3.4292995929718018,0.0,0.0,2.896418571472168,0.48636627197265625,4.868024826049805,0.0,0.0,2.942456901073456,0.40080738067626953,4.726601779460907,0.0,0.0,3.2014291286468506,0.4203319549560547,5.261106252670288,0.0,0.0,3.572713613510132,0.6807835102081299,6.224344849586487,0.0,0.0
98,hallucinated,18,0.65771484375,7.120239555835724,0.9204847812652588,14.065684378147125,0.007080554962158203,0.007080554962158203,5.65270209312439,0.8003420233726501,11.309240698814392,0.01318812370300293,0.0337376594543457,5.923386096954346,0.7910270690917969,11.789748549461365,0.03384208679199219,0.10712766647338867,0.8994331359863281,0.15274810791015625,1.8383827209472656,0.0,0.0,0.7026290893554688,0.11710357666015625,1.4083480834960938,0.0,0.0,0.8488388061523438,0.137664794921875,1.6308631896972656,0.0,0.0,0.8974781036376953,0.152435302734375,1.7359180450439453,0.0,0.0,1.5108280181884766,0.22970199584960938,2.7611942291259766,0.0,0.0,1.7002487182617188,0.2998847961425781,2.9971847534179688,0.0,0.0,2.1901721954345703,0.3569068908691406,3.9510555267333984,0.0,0.0,1.9572868347167969,0.3692760467529297,3.3031349182128906,0.0,0.0,2.5342941284179688,0.4376068115234375,4.136802673339844,0.0,0.0,2.0615577697753906,0.3465442657470703,3.5836429595947266,0.0,0.0,2.6377811431884766,0.42742919921875,4.108369827270508,0.0,0.0,2.7755050659179688,0.4597187042236328,4.873248100280762,0.0,0.0,3.00876522064209,0.5412931442260742,5.081151008605957,0.0,0.0,2.6443958282470703,0.4183769226074219,4.492427825927734,0.0,0.0,2.559114694595337,0.4818994998931885,4.568073034286499,0.0,0.0,2.8236007690429688,0.4866828918457031,4.951504707336426,0.0,0.0,2.6623287200927734,0.44484519958496094,4.535849571228027,0.0,0.0,2.2543134689331055,0.44132137298583984,3.7980594635009766,0.0,0.0,2.1779346466064453,0.39717864990234375,3.7252063751220703,0.0,0.0,2.050999402999878,0.3652458190917969,3.4208667278289795,0.0,0.0,1.4938058853149414,0.28189849853515625,2.741748809814453,0.0,0.0,2.169490694999695,0.4505739212036133,3.956957221031189,0.0,0.0,1.4996314644813538,0.2832775115966797,2.7841678261756897,0.0,0.0,2.0519278049468994,0.48235154151916504,3.664128541946411,0.0,0.0,1.7043893337249756,0.3313941955566406,3.1673316955566406,0.0,0.0,2.3819546699523926,0.48593711853027344,4.353560924530029,0.0,0.0,2.346329927444458,0.43463706970214844,4.130474805831909,0.0,0.0,2.601989507675171,0.45079612731933594,4.661666631698608,0.0,0.0,2.6281728744506836,0.4033082127571106,5.279804110527039,0.0,0.0
99,grounded,34,0.59423828125,17.658015847206116,0.9559037685394287,29.049960553646088,0.003872096538543701,0.00517195463180542,15.292892575263977,0.8746747970581055,24.595363795757294,0.07493329048156738,0.16690510511398315,15.504106283187866,0.8790555000305176,25.170536398887634,0.06913673877716064,0.1525789499282837,2.2960052490234375,0.1677398681640625,3.849557876586914,0.0,0.0,2.041706085205078,0.14910888671875,3.352436065673828,0.0,0.0,2.1046676635742188,0.14331436157226562,3.343258857727051,0.0,0.0,2.7767772674560547,0.2275848388671875,4.330911636352539,0.0,0.0,3.39191210269928,0.230072021484375,5.30493700504303,0.0,0.0,4.65559196472168,0.3105278015136719,7.075151443481445,0.0,0.0,5.687814712524414,0.3527851104736328,8.788795471191406,0.0,0.0,6.344194114208221,0.4234558939933777,9.281840980052948,0.0,0.0,7.125910758972168,0.536555290222168,10.422709465026855,0.0,0.0,6.341056823730469,0.5305318832397461,9.319637298583984,0.0,0.0,6.804543495178223,0.4895477294921875,9.546671867370605,0.0,0.0,8.218057990074158,0.5729336738586426,11.951178431510925,0.0,0.0,8.734682559967041,0.6571288108825684,12.246252536773682,0.0,0.0,7.230953216552734,0.48480224609375,10.345653533935547,0.0,0.0,7.371370792388916,0.5696501731872559,10.35854196548462,0.0,0.0,8.195174217224121,0.5299239158630371,11.892678260803223,0.0,0.0,6.968175649642944,0.5173826217651367,10.287606954574585,0.0,0.0,6.2712119817733765,0.42704105377197266,8.998594164848328,0.0,0.0,6.446588516235352,0.45227909088134766,9.492742538452148,0.0,0.0,6.178028106689453,0.4525570869445801,9.103833198547363,0.0,0.0,4.919466912746429,0.36611509323120117,7.311303079128265,0.0,0.0,5.181167483329773,0.3716769218444824,7.939651370048523,0.0,0.0,4.327997207641602,0.3273429870605469,6.905379295349121,0.0,0.0,4.774864614009857,0.3890495300292969,7.532635152339935,0.0,0.0,3.8956899642944336,0.3345603942871094,6.185075521469116,0.0,0.0,5.941125750541687,0.4568042755126953,9.325703978538513,0.0,0.0,5.641799449920654,0.4660940170288086,8.803073406219482,0.0,0.0,5.923611879348755,0.4174957275390625,9.545381784439087,0.0,0.0,7.697727084159851,0.704602837562561,12.369613289833069,0.0,0.0
99,hallucinated,29,0.62939453125,12.909069299697876,0.9461381435394287,24.301014006137848,0.003872096538543701,0.005434930324554443,11.010243594646454,0.832631528377533,20.330222845077515,0.07493329048156738,0.14080476760864258,11.18019711971283,0.8501400947570801,20.848345279693604,0.06913673877716064,0.08284056186676025,1.5378303527832031,0.1626129150390625,3.0913829803466797,0.0,0.0,1.5605335235595703,0.14099884033203125,2.871244430541992,0.0,0.0,1.5941658020019531,0.17945098876953125,2.8328638076782227,0.0,0.0,1.9480056762695312,0.210723876953125,3.502307891845703,0.0,0.0,2.557039260864258,0.29761791229248047,4.470197677612305,0.0,0.0,3.301115036010742,0.35150146484375,5.720941543579102,0.0,0.0,4.089982986450195,0.3793954849243164,7.191423416137695,0.0,0.0,4.47131735086441,0.446014404296875,7.409311354160309,0.0,0.0,5.280022144317627,0.5085124969482422,8.576958179473877,0.0,0.0,4.637684106826782,0.509699821472168,7.61652684211731,0.0,0.0,5.339951515197754,0.5491037368774414,8.082011222839355,0.0,0.0,5.418188035488129,0.5445423126220703,9.151035726070404,0.0,0.0,5.968804836273193,0.6024818420410156,9.48042631149292,0.0,0.0,5.139772891998291,0.526092529296875,8.254503726959229,0.0,0.0,5.591829240322113,0.5835726857185364,8.579149186611176,0.0,0.0,6.055309772491455,0.5467615127563477,9.752308368682861,0.0,0.0,5.799128532409668,0.5996241569519043,9.118785858154297,0.0,0.0,4.547453343868256,0.4401133060455322,7.274546682834625,0.0,0.0,4.4184794425964355,0.4588794708251953,7.464210033416748,0.0,0.0,4.31570303440094,0.4713630676269531,7.241395592689514,0.0,0.0,3.536781072616577,0.34987354278564453,5.9283411502838135,0.0,0.0,3.8558802604675293,0.4332695007324219,6.614339351654053,0.0,0.0,3.020484447479248,0.3272514343261719,5.597675800323486,0.0,0.0,3.727388858795166,0.4284210205078125,6.484656810760498,0.0,0.0,2.832900047302246,0.33268070220947266,5.121573567390442,0.0,0.0,3.9801827669143677,0.4564170837402344,7.364318251609802,0.0,0.0,4.223573207855225,0.4782218933105469,7.384066104888916,0.0,0.0,4.360611915588379,0.4396190643310547,7.982475280761719,0.0,0.0,5.413576900959015,0.5138717889785767,10.085025131702423,0.0,0.0
100,grounded,16,0.73828125,6.193248093128204,0.9172947406768799,12.280686914920807,0.005258321762084961,0.005258321762084961,5.056128978729248,0.8175585865974426,9.818035006523132,0.00814443826675415,0.00814443826675415,5.579102635383606,0.8304023742675781,10.61140525341034,0.021817445755004883,0.04366755485534668,0.9205169677734375,0.16143035888671875,1.7195777893066406,0.0,0.0,0.8443336486816406,0.16071701049804688,1.5330848693847656,0.0,0.0,0.937957763671875,0.16172027587890625,1.7828025817871094,0.0,0.0,0.9297704696655273,0.158203125,1.7218313217163086,0.0,0.0,1.3493480682373047,0.2378711700439453,2.510068893432617,0.0,0.0,1.7028560638427734,0.3032722473144531,3.016214370727539,0.0,0.0,1.977738380432129,0.3448495864868164,3.6051454544067383,0.0,0.0,1.7473745346069336,0.282073974609375,2.955634117126465,0.0,0.0,1.8193435668945312,0.2808837890625,3.3077049255371094,0.0,0.0,1.94755220413208,0.3163566589355469,3.4494500160217285,0.0,0.0,2.089522361755371,0.35323333740234375,3.4503393173217773,0.0,0.0,1.94000244140625,0.36757659912109375,3.509993553161621,0.0,0.0,2.5099525451660156,0.41716766357421875,3.9322776794433594,0.0,0.0,2.586090087890625,0.4467735290527344,4.187517166137695,0.0,0.0,2.3621511459350586,0.43476390838623047,3.882899284362793,0.0,0.0,2.2323570251464844,0.35821533203125,3.7015914916992188,0.0,0.0,2.354055881500244,0.3753795623779297,3.871093273162842,0.0,0.0,1.5835492610931396,0.29772377014160156,2.817655324935913,0.0,0.0,1.96923828125,0.37360382080078125,3.3647918701171875,0.0,0.0,1.7605218887329102,0.32045745849609375,3.001162528991699,0.0,0.0,1.4918804168701172,0.2949848175048828,2.841890811920166,0.0,0.0,1.5342226028442383,0.2892169952392578,2.7591638565063477,0.0,0.0,2.035788118839264,0.3965110778808594,3.458130419254303,0.0,0.0,1.8703073859214783,0.34819579124450684,3.5299310088157654,0.0,0.0,1.7011295557022095,0.4222092628479004,3.3533037900924683,0.0,0.0,1.9261569380760193,0.4445013403892517,3.5016507506370544,0.0,0.0,2.23758202791214,0.4828323721885681,3.987809479236603,0.0,0.0,2.9230592250823975,0.6039535999298096,5.353291749954224,0.0,0.0,2.812369167804718,0.5558172464370728,5.432079613208771,0.0,0.0
100,hallucinated,17,0.712890625,7.144661068916321,0.9206395149230957,13.232099890708923,0.0037055015563964844,0.0037055015563964844,5.904519498348236,0.8175585865974426,10.66642552614212,0.00814443826675415,0.009879052639007568,6.421068906784058,0.8523883819580078,11.453371524810791,0.0352625846862793,0.05079364776611328,1.0195274353027344,0.15276336669921875,1.8185882568359375,0.0,0.0,0.903411865234375,0.15904998779296875,1.5921630859375,0.0,0.0,1.0549087524414062,0.17356109619140625,1.8997535705566406,0.0,0.0,1.1439590454101562,0.16645050048828125,1.9360198974609375,0.0,0.0,1.5693531036376953,0.23229217529296875,2.730073928833008,0.0,0.0,1.9613628387451172,0.30126953125,3.274721145629883,0.0,0.0,2.199803352355957,0.3331642150878906,3.8272104263305664,0.0,0.0,2.1194591522216797,0.31372833251953125,3.327718734741211,0.0,0.0,2.1910057067871094,0.3212413787841797,3.6793670654296875,0.0,0.0,2.277681350708008,0.3421459197998047,3.7795791625976562,0.0,0.0,2.7175254821777344,0.4256324768066406,4.078342437744141,0.0,0.0,2.4894137382507324,0.36757659912109375,4.0594048500061035,0.0,0.0,2.969512939453125,0.42249107360839844,4.391838073730469,0.0,0.0,3.1689672470092773,0.5106744766235352,4.770394325256348,0.0,0.0,2.955291748046875,0.466644287109375,4.476039886474609,0.0,0.0,2.6977062225341797,0.3987464904785156,4.166940689086914,0.0,0.0,3.070267677307129,0.47304821014404297,4.587305068969727,0.0,0.0,2.176551342010498,0.32544374465942383,3.4106574058532715,0.0,0.0,2.3907554149627686,0.3345775604248047,3.786309003829956,0.0,0.0,1.9908888339996338,0.27007484436035156,3.231529474258423,0.0,0.0,1.776904582977295,0.3029212951660156,3.1269149780273438,0.0,0.0,1.8146777153015137,0.3244285583496094,3.039618968963623,0.0,0.0,2.1154032349586487,0.3621392250061035,3.5377455353736877,0.0,0.0,2.1664957404136658,0.3584318161010742,3.826119363307953,0.0,0.0,1.8630166053771973,0.3045921325683594,3.515190839767456,0.0,0.0,2.3198976516723633,0.45270442962646484,3.8953914642333984,0.0,0.0,2.741567373275757,0.5563240051269531,4.49179482460022,0.0,0.0,3.6251224279403687,0.6826915740966797,6.055354952812195,0.0,0.0,3.277057409286499,0.529962420463562,5.896767854690552,0.0,0.0
101,grounded,15,0.66796875,6.201931715011597,0.9132626056671143,11.40252137184143,0.0018091201782226562,0.0023050308227539062,5.322998762130737,0.8067750930786133,9.471543848514557,0.042539358139038086,0.042539358139038086,5.489424824714661,0.8326500654220581,9.868029713630676,0.08462822437286377,0.1277766227722168,0.922698974609375,0.16194915771484375,1.6530799865722656,0.0,0.0,0.7910537719726562,0.1517181396484375,1.342010498046875,0.0,0.0,0.925140380859375,0.17022705078125,1.6419944763183594,0.0,0.0,0.9712104797363281,0.1632080078125,1.7107887268066406,0.0,0.0,1.3607025146484375,0.23780059814453125,2.4254226684570312,0.0,0.0,1.6382732391357422,0.25936126708984375,2.7523021697998047,0.0,0.0,2.071207046508789,0.3386368751525879,3.524585723876953,0.0,0.0,1.6886100769042969,0.2856025695800781,2.6539649963378906,0.0,0.0,1.8007888793945312,0.3441009521484375,2.980194091796875,0.0,0.0,1.851029396057129,0.3458833694458008,3.073723793029785,0.0,0.0,2.0035152435302734,0.3282585144042969,3.0477123260498047,0.0,0.0,2.038867950439453,0.38094282150268555,3.648190498352051,0.0,0.0,2.4344558715820312,0.45456695556640625,3.7626724243164062,0.0,0.0,2.50942325592041,0.49901294708251953,3.937899589538574,0.0,0.0,2.1870651245117188,0.4307842254638672,3.517422676086426,0.0,0.0,2.032011032104492,0.3950328826904297,3.4006175994873047,0.0,0.0,2.3877530097961426,0.4776930809020996,3.7527174949645996,0.0,0.0,1.4073586463928223,0.2809925079345703,2.5210165977478027,0.0,0.0,1.7530994415283203,0.30246734619140625,2.9804439544677734,0.0,0.0,1.6196837425231934,0.30048680305480957,2.7763876914978027,0.0,0.0,1.5699377059936523,0.2801380157470703,2.760107159614563,0.0,0.0,1.590559959411621,0.35358524322509766,2.74896240234375,0.0,0.0,1.898672103881836,0.3576316833496094,3.2789552211761475,0.0,0.0,1.840603768825531,0.37865638732910156,3.50128835439682,0.0,0.0,1.7701356410980225,0.42719244956970215,3.126900315284729,0.0,0.0,1.873826026916504,0.3988943099975586,3.40755558013916,0.0,0.0,1.9792290925979614,0.4578826427459717,3.592321515083313,0.0,0.0,2.7363476753234863,0.5954539775848389,4.75205135345459,0.0,0.0,2.5157179832458496,0.5315814018249512,4.624235570430756,0.0,0.0
101,hallucinated,14,0.58935546875,5.2282925844192505,0.9019026756286621,10.428882241249084,0.0026400089263916016,0.0026400089263916016,4.49481600522995,0.8188160061836243,8.64336109161377,0.042539358139038086,0.042539358139038086,4.740813612937927,0.8345232009887695,9.119418501853943,0.08462822437286377,0.12459838390350342,0.817657470703125,0.16825103759765625,1.5480384826660156,0.0,0.0,0.6707725524902344,0.13643264770507812,1.2217292785644531,0.0,0.0,0.8043594360351562,0.16263580322265625,1.5212135314941406,0.0,0.0,0.8151950836181641,0.1632080078125,1.5547733306884766,0.0,0.0,1.1910896301269531,0.23944091796875,2.255809783935547,0.0,0.0,1.4643726348876953,0.2997779846191406,2.578401565551758,0.0,0.0,1.7629714012145996,0.3441352844238281,3.2163500785827637,0.0,0.0,1.5439872741699219,0.3134040832519531,2.5093421936035156,0.0,0.0,1.5401039123535156,0.2811279296875,2.7195091247558594,0.0,0.0,1.7440967559814453,0.3560676574707031,2.9667911529541016,0.0,0.0,1.7197184562683105,0.3211936950683594,2.763915538787842,0.0,0.0,2.154297351837158,0.4450387954711914,3.763619899749756,0.0,0.0,2.6490211486816406,0.5161724090576172,3.9772377014160156,0.0,0.0,2.3015308380126953,0.4367523193359375,3.7300071716308594,0.0,0.0,2.1381473541259766,0.4276847839355469,3.4685049057006836,0.0,0.0,2.193277359008789,0.4324188232421875,3.5618839263916016,0.0,0.0,2.2904157638549805,0.416839599609375,3.6553802490234375,0.0,0.0,1.3080554008483887,0.30945682525634766,2.421713352203369,0.0,0.0,1.7996978759765625,0.37119293212890625,3.0270423889160156,0.0,0.0,1.7166004180908203,0.3293113708496094,2.8733043670654297,0.0,0.0,1.6164791584014893,0.3853447437286377,2.8066486120224,0.0,0.0,1.444321632385254,0.3065166473388672,2.602724075317383,0.0,0.0,1.725517213344574,0.39698314666748047,3.1058003306388855,0.0,0.0,1.487597644329071,0.37865638732910156,3.14828222990036,0.0,0.0,1.445594310760498,0.4015631675720215,2.8023589849472046,0.0,0.0,1.8267270922660828,0.4240662455558777,3.360456645488739,0.0,0.0,1.9467884302139282,0.4648476839065552,3.55988085269928,0.0,0.0,2.464074730873108,0.5535866022109985,4.479778409004211,0.0,0.0,2.0339428782463074,0.4090602397918701,4.142460465431213,0.0,0.0
102,grounded,23,0.6826171875,11.72528600692749,0.9326776266098022,18.626673460006714,0.0005072951316833496,0.000701606273651123,10.234584987163544,0.846411943435669,15.678652167320251,0.04137915372848511,0.04137915372848511,10.7829749584198,0.9018173217773438,16.81611317396164,0.013774394989013672,0.029083251953125,1.6892852783203125,0.19321441650390625,2.636272430419922,0.0,0.0,1.5114212036132812,0.17388153076171875,2.336536407470703,0.0,0.0,1.6426467895507812,0.1707611083984375,2.588897705078125,0.0,0.0,1.85552978515625,0.1981658935546875,2.7468948364257812,0.0,0.0,2.3125267028808594,0.22868728637695312,3.5406150817871094,0.0,0.0,2.817628860473633,0.2789649963378906,4.043214797973633,0.0,0.0,3.8596601486206055,0.36084747314453125,5.533389091491699,0.0,0.0,3.5962257385253906,0.35962677001953125,4.924373626708984,0.0,0.0,3.755253791809082,0.3714141845703125,5.3320512771606445,0.0,0.0,3.90741765499115,0.3750114440917969,5.3901180028915405,0.0,0.0,4.589957237243652,0.47815704345703125,5.906851768493652,0.0,0.0,4.595300674438477,0.5352458953857422,6.423248291015625,0.0,0.0,5.087685585021973,0.5425577163696289,6.7556962966918945,0.0,0.0,4.894389629364014,0.5027656555175781,6.8373332023620605,0.0,0.0,4.499460220336914,0.4810457229614258,6.2424156665802,0.0,0.0,4.384110689163208,0.4186074733734131,6.453137636184692,0.0,0.0,4.289761543273926,0.4492454528808594,6.1256232261657715,0.0,0.0,2.9811721444129944,0.3411588668823242,4.506310999393463,0.0,0.0,3.37941837310791,0.3192901611328125,5.012894630432129,0.0,0.0,2.780466079711914,0.33818626403808594,4.437618732452393,0.0,0.0,3.0888328552246094,0.3115072250366211,4.633482456207275,0.0,0.0,2.6440606117248535,0.2919921875,4.216451168060303,0.0,0.0,3.1310348510742188,0.36324214935302734,4.996130704879761,0.0,0.0,3.204190731048584,0.42026185989379883,4.930398464202881,0.0,0.0,2.765005111694336,0.37267112731933594,4.594772517681122,0.0,0.0,3.3076303601264954,0.3843708038330078,5.424234449863434,0.0,0.0,4.135851323604584,0.5150547027587891,6.028163373470306,0.0,0.0,6.7179787158966064,0.7341121435165405,9.557590246200562,0.0,0.0,6.694338023662567,0.7340996265411377,9.700785458087921,0.0,0.0
102,hallucinated,14,0.5322265625,3.592801332473755,0.9037585258483887,10.494188785552979,0.0,0.0,3.0303786993026733,0.820507287979126,8.4550302028656,0.04141491651535034,0.04141491651535034,3.2632713317871094,0.8623752593994141,9.296451210975647,0.01378011703491211,0.03322553634643555,0.4762687683105469,0.17551040649414062,1.4233016967773438,0.0,0.0,0.41379547119140625,0.13155364990234375,1.2388877868652344,0.0,0.0,0.49602508544921875,0.1707000732421875,1.4421310424804688,0.0,0.0,0.5401420593261719,0.15314865112304688,1.43157958984375,0.0,0.0,0.688507080078125,0.20477294921875,1.9169387817382812,0.0,0.0,0.8349027633666992,0.23567581176757812,2.0601301193237305,0.0,0.0,1.1533622741699219,0.3196601867675781,2.827770233154297,0.0,0.0,1.0916748046875,0.28934478759765625,2.419635772705078,0.0,0.0,0.959564208984375,0.272979736328125,2.5372390747070312,0.0,0.0,1.2127265930175781,0.3361053466796875,2.6949634552001953,0.0,0.0,1.4526541233062744,0.374725341796875,2.769785165786743,0.0,0.0,1.4594812393188477,0.4269113540649414,3.2872495651245117,0.0,0.0,1.8572168350219727,0.5176601409912109,3.5253725051879883,0.0,0.0,1.712437629699707,0.4679374694824219,3.654881477355957,0.0,0.0,1.434762954711914,0.44277381896972656,3.177380084991455,0.0,0.0,1.4232134819030762,0.39424800872802734,3.4929213523864746,0.0,0.0,1.3214797973632812,0.3762836456298828,3.1586499214172363,0.0,0.0,0.8763606548309326,0.27968692779541016,2.4017674922943115,0.0,0.0,1.1584701538085938,0.3022613525390625,2.7910118103027344,0.0,0.0,0.9808292388916016,0.31931424140930176,2.638201951980591,0.0,0.0,0.9770965576171875,0.2914543151855469,2.5221610069274902,0.0,0.0,0.8869247436523438,0.27901458740234375,2.4588680267333984,0.0,0.0,1.1231746673583984,0.3761177062988281,2.988606333732605,0.0,0.0,1.152229905128479,0.43453943729400635,2.8791109323501587,0.0,0.0,0.8938064575195312,0.3109016418457031,2.7241117358207703,0.0,0.0,0.9316904544830322,0.38402366638183594,3.0489425659179688,0.0,0.0,1.101428508758545,0.42078113555908203,2.9932303428649902,0.0,0.0,1.60184907913208,0.47335243225097656,4.44089937210083,0.0,0.0,1.468381106853485,0.42305850982666016,4.474792838096619,0.0,0.0
103,grounded,16,0.62744140625,6.294556140899658,0.9200810194015503,12.370471715927124,0.0,0.0,4.942515790462494,0.8337889909744263,9.787772059440613,0.0,0.0,5.412301778793335,0.8482189178466797,10.68686318397522,0.015446662902832031,0.028293609619140625,0.8269500732421875,0.15167999267578125,1.662200927734375,0.0,0.0,0.7022247314453125,0.14562225341796875,1.4131660461425781,0.0,0.0,0.7880592346191406,0.13440704345703125,1.5751914978027344,0.0,0.0,0.9468231201171875,0.16118621826171875,1.745269775390625,0.0,0.0,1.2105026245117188,0.20188140869140625,2.2459869384765625,0.0,0.0,1.4648895263671875,0.2718391418457031,2.5433349609375,0.0,0.0,1.7716407775878906,0.2745819091796875,3.2686119079589844,0.0,0.0,1.7317008972167969,0.3007984161376953,2.8582687377929688,0.0,0.0,1.967844009399414,0.36287689208984375,3.3460865020751953,0.0,0.0,1.9306144714355469,0.33455657958984375,3.260528564453125,0.0,0.0,2.5052995681762695,0.43788909912109375,3.75137996673584,0.0,0.0,2.5976450443267822,0.4500582218170166,4.326948404312134,0.0,0.0,2.9189891815185547,0.5138435363769531,4.553899765014648,0.0,0.0,2.532318115234375,0.39464569091796875,4.260246276855469,0.0,0.0,2.184917449951172,0.4332847595214844,3.6350460052490234,0.0,0.0,2.6126346588134766,0.44382476806640625,4.298770904541016,0.0,0.0,2.247117042541504,0.4091835021972656,3.763698101043701,0.0,0.0,1.861541748046875,0.3100442886352539,3.1266064643859863,0.0,0.0,2.1062612533569336,0.35604095458984375,3.4316701889038086,0.0,0.0,1.8722100257873535,0.3308548927307129,3.15274715423584,0.0,0.0,1.4243097305297852,0.28569746017456055,2.8000173568725586,0.0,0.0,1.6400591135025024,0.29430627822875977,2.983582615852356,0.0,0.0,1.4014034271240234,0.3107185363769531,2.8463449478149414,0.0,0.0,1.6892917156219482,0.2973289489746094,3.2049529552459717,0.0,0.0,1.6429482698440552,0.3000335693359375,3.172329545021057,0.0,0.0,2.0584821701049805,0.41699886322021484,4.016960620880127,0.0,0.0,2.1921918392181396,0.505450963973999,4.034220457077026,0.0,0.0,2.725126028060913,0.466930627822876,5.358385324478149,0.0,0.0,2.5525434613227844,0.4496769309043884,5.058628797531128,0.0,0.0
103,hallucinated,14,0.6064453125,4.477293968200684,0.9055109024047852,10.55320954322815,0.0,0.0,3.260373115539551,0.8337889909744263,8.10562938451767,0.0,0.0,3.9237167835235596,0.8068914413452148,9.198278188705444,0.015446662902832031,0.015446662902832031,0.5314559936523438,0.15287017822265625,1.3667068481445312,0.0,0.0,0.569610595703125,0.13472747802734375,1.2805519104003906,0.0,0.0,0.6398100852966309,0.17226409912109375,1.4269423484802246,0.0,0.0,0.763885498046875,0.19211578369140625,1.5623321533203125,0.0,0.0,0.8762187957763672,0.23227310180664062,1.911703109741211,0.0,0.0,1.1678848266601562,0.31047821044921875,2.2463302612304688,0.0,0.0,1.2765769958496094,0.3284034729003906,2.7735748291015625,0.0,0.0,1.3361454010009766,0.3088226318359375,2.462667465209961,0.0,0.0,1.3979930877685547,0.3133201599121094,2.7764110565185547,0.0,0.0,1.1583614349365234,0.28896141052246094,2.4881343841552734,0.0,0.0,1.4787311553955078,0.3575439453125,2.72467041015625,0.0,0.0,1.6824002265930176,0.4159212112426758,3.4116244316101074,0.0,0.0,1.6536064147949219,0.4091835021972656,3.2885360717773438,0.0,0.0,1.475137710571289,0.376129150390625,3.2034435272216797,0.0,0.0,1.5541114807128906,0.3824424743652344,3.0045013427734375,0.0,0.0,1.7112197875976562,0.3756446838378906,3.3978424072265625,0.0,0.0,1.4845304489135742,0.3513336181640625,3.0013041496276855,0.0,0.0,1.4726176261901855,0.33395957946777344,2.7377171516418457,0.0,0.0,1.5676040649414062,0.3619384765625,2.8931312561035156,0.0,0.0,1.2987403869628906,0.30263185501098633,2.5791096687316895,0.0,0.0,1.1161365509033203,0.30759620666503906,2.492118716239929,0.0,0.0,1.2061474323272705,0.31325674057006836,2.549967050552368,0.0,0.0,1.1424150466918945,0.3105812072753906,2.587474822998047,0.0,0.0,1.3190011978149414,0.32822322845458984,2.834792137145996,0.0,0.0,1.1749725341796875,0.2999305725097656,2.704068660736084,0.0,0.0,1.5095067024230957,0.3532218933105469,3.467599868774414,0.0,0.0,1.6401023864746094,0.38552284240722656,3.48201322555542,0.0,0.0,1.8338170051574707,0.4286160469055176,4.467374801635742,0.0,0.0,1.7022576928138733,0.3986937999725342,4.208663761615753,0.0,0.0
104,grounded,20,0.732421875,11.572521209716797,0.9371962547302246,15.943203449249268,0.0005264878273010254,0.0005264878273010254,9.690108954906464,0.8494036197662354,13.134593844413757,0.004045844078063965,0.004045844078063965,10.698922395706177,0.9086117744445801,14.391462802886963,0.04584455490112305,0.04584455490112305,1.7969741821289062,0.20359039306640625,2.3422012329101562,0.0,0.0,1.4876556396484375,0.15900421142578125,1.9141311645507812,0.0,0.0,1.6159515380859375,0.14743804931640625,2.204334259033203,0.0,0.0,1.7852668762207031,0.15459442138671875,2.362415313720703,0.0,0.0,2.214106559753418,0.21767425537109375,3.020827293395996,0.0,0.0,2.7333221435546875,0.23871612548828125,3.5726852416992188,0.0,0.0,3.7502198219299316,0.341156005859375,4.939001560211182,0.0,0.0,3.1876792907714844,0.28240966796875,4.068332672119141,0.0,0.0,3.5423951148986816,0.4040966033935547,4.5714592933654785,0.0,0.0,3.8116899728775024,0.3614215850830078,4.928375840187073,0.0,0.0,4.233561992645264,0.40618896484375,5.123443126678467,0.0,0.0,4.824709415435791,0.5330677032470703,6.20261812210083,0.0,0.0,4.875398635864258,0.5038137435913086,6.013593673706055,0.0,0.0,4.522819519042969,0.4381732940673828,5.841432571411133,0.0,0.0,4.1177749037742615,0.5351075530052185,5.275583207607269,0.0,0.0,4.569872856140137,0.47490692138671875,5.796820640563965,0.0,0.0,3.706162929534912,0.3877067565917969,4.862018823623657,0.0,0.0,2.8803467750549316,0.3833732604980469,3.734611988067627,0.0,0.0,3.414632797241211,0.3325843811035156,4.49598503112793,0.0,0.0,2.5306472778320312,0.2636394500732422,3.5112075805664062,0.0,0.0,2.543948173522949,0.243438720703125,3.506117343902588,0.0,0.0,2.2090063095092773,0.2785301208496094,3.2209043502807617,0.0,0.0,2.6835036277770996,0.3751230239868164,3.789820909500122,0.0,0.0,2.4955321550369263,0.3073310852050781,3.728781819343567,0.0,0.0,2.778742790222168,0.3660554885864258,3.9283883571624756,0.0,0.0,3.192436635494232,0.3533605933189392,4.493185460567474,0.0,0.0,3.4898346662521362,0.4163074493408203,4.813439726829529,0.0,0.0,6.185334324836731,0.6498801112174988,7.854432702064514,0.0,0.0,6.918913185596466,0.7138007283210754,8.78526383638382,0.0,0.0
104,hallucinated,13,0.62158203125,5.177465975284576,0.9031985998153687,9.548148214817047,0.009263753890991211,0.009998798370361328,4.1276814341545105,0.8245828151702881,7.572166323661804,0.0,0.0,4.595190763473511,0.8991637229919434,8.28771686553955,0.053030967712402344,0.09886312484741211,0.7865142822265625,0.16214752197265625,1.331695556640625,0.0,0.0,0.6427764892578125,0.130126953125,1.0692825317382812,0.0,0.0,0.802398681640625,0.16106414794921875,1.3906059265136719,0.0,0.0,0.8008499145507812,0.160003662109375,1.37823486328125,0.0,0.0,1.0426445007324219,0.20807647705078125,1.8500022888183594,0.0,0.0,1.423971176147461,0.30109405517578125,2.2633800506591797,0.0,0.0,1.8490772247314453,0.3667869567871094,3.0379199981689453,0.0,0.0,1.6126337051391602,0.28546619415283203,2.493027687072754,0.0,0.0,1.6018218994140625,0.31546783447265625,2.6307830810546875,0.0,0.0,1.9787073135375977,0.3647499084472656,3.0955190658569336,0.0,0.0,1.8833608627319336,0.33364105224609375,2.772799491882324,0.0,0.0,2.4033193588256836,0.4791848659515381,3.7817907333374023,0.0,0.0,2.5885753631591797,0.5054454803466797,3.7258129119873047,0.0,0.0,2.2283191680908203,0.44350433349609375,3.5470733642578125,0.0,0.0,2.324237823486328,0.46138572692871094,3.482365608215332,0.0,0.0,2.1014480590820312,0.38956260681152344,3.3286190032958984,0.0,0.0,1.8663806915283203,0.3492908477783203,3.0222785472869873,0.0,0.0,1.2451424598693848,0.2540006637573242,2.099830150604248,0.0,0.0,1.7672319412231445,0.38440704345703125,2.848790168762207,0.0,0.0,1.283949851989746,0.2595558166503906,2.2649335861206055,0.0,0.0,1.310689926147461,0.28001976013183594,2.273265242576599,0.0,0.0,1.148101806640625,0.2632465362548828,2.160381317138672,0.0,0.0,1.5132136344909668,0.3430328369140625,2.619959831237793,0.0,0.0,1.356698989868164,0.31285905838012695,2.590353012084961,0.0,0.0,1.2330904006958008,0.27130889892578125,2.3836514949798584,0.0,0.0,1.5816771388053894,0.38654541969299316,2.8826529383659363,0.0,0.0,1.7528693079948425,0.395743191242218,3.077138125896454,0.0,0.0,2.3870270252227783,0.4441547393798828,4.057558298110962,0.0,0.0,2.3805956840515137,0.5370725393295288,4.248202443122864,0.0,0.0
105,grounded,21,0.60546875,7.3649901151657104,0.9386398792266846,16.919947504997253,0.0,0.0,6.478635013103485,0.8457963466644287,14.349490106105804,0.03762507438659668,0.040938615798950195,5.770274043083191,0.8209925889968872,13.517941236495972,0.0652627944946289,0.0652627944946289,1.0056991577148438,0.17700958251953125,2.4661617279052734,0.0,0.0,0.9193153381347656,0.15813446044921875,2.187793731689453,0.0,0.0,1.0554351806640625,0.16455841064453125,2.315654754638672,0.0,0.0,1.0415229797363281,0.20644378662109375,2.4719161987304688,0.0,0.0,1.4702644348144531,0.26215362548828125,3.3285293579101562,0.0,0.0,1.6289176940917969,0.2595024108886719,3.6781864166259766,0.0,0.0,1.9630661010742188,0.3042716979980469,4.376861572265625,0.0,0.0,1.895242691040039,0.2824268341064453,3.9351940155029297,0.0,0.0,2.2394371032714844,0.39481353759765625,4.532517433166504,0.0,0.0,2.202411651611328,0.42232513427734375,4.611634254455566,0.0,0.0,2.0426292419433594,0.3138771057128906,4.0106964111328125,0.0,0.0,2.057332992553711,0.3879833221435547,4.456945419311523,0.0,0.0,2.572376251220703,0.4400615692138672,5.309391021728516,0.0,0.0,2.265109062194824,0.39752197265625,5.079085350036621,0.0,0.0,2.110729455947876,0.40854740142822266,4.318951845169067,0.0,0.0,2.787355422973633,0.3920269012451172,5.743877410888672,0.0,0.0,2.063028335571289,0.30135345458984375,4.630126476287842,0.0,0.0,1.6667823791503906,0.26648616790771484,3.7240686416625977,0.0,0.0,1.781555414199829,0.36022186279296875,4.254875421524048,0.0,0.0,1.6842420101165771,0.31685829162597656,3.9873502254486084,0.0,0.0,1.3932304382324219,0.243865966796875,3.6320862770080566,0.0,0.0,1.38824462890625,0.3011808395385742,3.641537666320801,0.0,0.0,1.9328324794769287,0.38735198974609375,4.473665475845337,0.0,0.0,1.6893321871757507,0.3118743896484375,4.111053645610809,0.0,0.0,2.2144970893859863,0.39386653900146484,4.736279487609863,0.0,0.0,2.2892810106277466,0.40322208404541016,5.393590331077576,0.0,0.0,2.5802172422409058,0.5177850723266602,5.5144089460372925,0.0,0.0,3.0787198543548584,0.5277881622314453,6.801154851913452,0.0,0.0,3.5930697917938232,0.6047202348709106,7.598380625247955,0.0,0.0
105,hallucinated,19,0.55126953125,5.451441526412964,0.9322715997695923,15.006398916244507,0.009847164154052734,0.012616932392120361,4.806639552116394,0.8457963466644287,12.677494645118713,0.03762507438659668,0.03762507438659668,4.371439218521118,0.8340122699737549,12.119106411933899,0.0652627944946289,0.0652627944946289,1.6516987085342407,0.5928341150283813,3.1121612787246704,0.0,0.0,1.540863037109375,0.5805282592773438,2.8093414306640625,0.0,0.0,1.378326416015625,0.44699859619140625,2.6385459899902344,0.0,0.0,1.1963119506835938,0.3471527099609375,2.6267051696777344,0.0,0.0,1.5397318601608276,0.448480486869812,3.3979967832565308,0.0,0.0,1.213545799255371,0.2830038070678711,3.262814521789551,0.0,0.0,1.5798463821411133,0.3042716979980469,3.9936418533325195,0.0,0.0,1.6009330749511719,0.3024330139160156,3.6408843994140625,0.0,0.0,1.9106273651123047,0.3591041564941406,4.203707695007324,0.0,0.0,1.924102783203125,0.3734703063964844,4.333325386047363,0.0,0.0,1.7390480041503906,0.3038063049316406,3.7071151733398438,0.0,0.0,1.8516435623168945,0.3646202087402344,4.251255989074707,0.0,0.0,2.1155433654785156,0.3856391906738281,4.852558135986328,0.0,0.0,2.0885562896728516,0.39752197265625,4.902532577514648,0.0,0.0,2.1000070571899414,0.40854740142822266,4.308229446411133,0.0,0.0,1.9882354736328125,0.3920269012451172,4.944757461547852,0.0,0.0,1.7051849365234375,0.3354988098144531,4.27228307723999,0.0,0.0,1.1904163360595703,0.26648616790771484,3.2477025985717773,0.0,0.0,1.6235318183898926,0.36022186279296875,4.096851825714111,0.0,0.0,1.5848565101623535,0.31685829162597656,3.8879647254943848,0.0,0.0,1.3155726194381714,0.243865966796875,3.554428458213806,0.0,0.0,1.2224540710449219,0.3011808395385742,3.4757471084594727,0.0,0.0,1.698070764541626,0.3640427589416504,4.238903760910034,0.0,0.0,1.3585758209228516,0.312286376953125,3.78029727935791,0.0,0.0,1.6809630393981934,0.39386653900146484,4.20274543762207,0.0,0.0,1.9410297870635986,0.40513503551483154,5.045339107513428,0.0,0.0,1.8734803199768066,0.4701685905456543,4.807672023773193,0.0,0.0,2.4953402280807495,0.44556713104248047,6.217775225639343,0.0,0.0,2.6427765488624573,0.49415749311447144,6.648087382316589,0.0,0.0
106,grounded,25,0.66650390625,12.692659199237823,0.9443861246109009,20.51936274766922,0.0,0.0,11.19739019870758,0.8562278747558594,17.545293927192688,0.047616779804229736,0.047616779804229736,11.627938151359558,0.9104504585266113,18.565124452114105,0.008109569549560547,0.008109569549560547,2.210124969482422,0.24025726318359375,3.3529129028320312,0.0,0.0,1.5553359985351562,0.1622161865234375,2.4925537109375,0.0,0.0,1.818023681640625,0.17569351196289062,2.7634620666503906,0.0,0.0,1.8707504272460938,0.1893157958984375,2.9002227783203125,0.0,0.0,2.5082454681396484,0.22604751586914062,3.988893508911133,0.0,0.0,2.7662477493286133,0.30147266387939453,4.176819801330566,0.0,0.0,3.8289557099342346,0.3703117370605469,5.509394705295563,0.0,0.0,3.9736127853393555,0.36248016357421875,5.6341352462768555,0.0,0.0,4.06010103225708,0.45081329345703125,5.6813435554504395,0.0,0.0,4.088143706321716,0.34341907501220703,5.68099057674408,0.0,0.0,5.012845993041992,0.5465660095214844,6.555654525756836,0.0,0.0,5.5756378173828125,0.5270786285400391,7.5988006591796875,0.0,0.0,5.18704879283905,0.5755212306976318,6.936396479606628,0.0,0.0,5.000758171081543,0.4693136215209961,6.828066825866699,0.0,0.0,5.052968263626099,0.5662970542907715,6.777549505233765,0.0,0.0,4.659212827682495,0.4873218536376953,6.833105802536011,0.0,0.0,4.401434421539307,0.4255504608154297,6.350348949432373,0.0,0.0,3.0687255859375,0.3293952941894531,4.623140335083008,0.0,0.0,3.4330811500549316,0.39669036865234375,5.17483377456665,0.0,0.0,3.1531625986099243,0.4213939905166626,4.864369511604309,0.0,0.0,2.8678643703460693,0.3105301856994629,4.514341115951538,0.0,0.0,2.966399133205414,0.34413814544677734,4.623055398464203,0.0,0.0,3.0355889797210693,0.3283843994140625,4.8847386837005615,0.0,0.0,3.1715314388275146,0.33252620697021484,4.9228527545928955,0.0,0.0,2.5830345153808594,0.3179168701171875,4.66508412361145,0.0,0.0,3.3535685539245605,0.3660985231399536,5.800807952880859,0.0,0.0,4.117548644542694,0.4344959259033203,6.362985789775848,0.0,0.0,6.244750380516052,0.6765148639678955,9.20991837978363,0.0,0.0,6.955858051776886,0.6887385249137878,10.34341436624527,0.0,0.0
106,hallucinated,18,0.58984375,6.366639733314514,0.9278120994567871,14.19334328174591,0.0,0.0,5.369359374046326,0.8562278747558594,11.717263102531433,0.047616779804229736,0.047616779804229736,5.842772364616394,0.8634610176086426,12.779958665370941,0.008109569549560547,0.008109569549560547,0.9205780029296875,0.16937255859375,2.063365936279297,0.0,0.0,0.7748870849609375,0.146697998046875,1.7121047973632812,0.0,0.0,0.8169479370117188,0.137664794921875,1.7623863220214844,0.0,0.0,0.869384765625,0.17807769775390625,1.8988571166992188,0.0,0.0,1.4521369934082031,0.25542449951171875,2.9327850341796875,0.0,0.0,1.5497102737426758,0.28282928466796875,2.960282325744629,0.0,0.0,1.7126502990722656,0.28501129150390625,3.3930892944335938,0.0,0.0,2.1219940185546875,0.3793983459472656,3.7825164794921875,0.0,0.0,2.255706787109375,0.3703193664550781,3.8769493103027344,0.0,0.0,2.2701244354248047,0.40641021728515625,3.862971305847168,0.0,0.0,2.7712631225585938,0.46150970458984375,4.3140716552734375,0.0,0.0,2.8504345417022705,0.4723167419433594,4.8735973834991455,0.0,0.0,3.299483299255371,0.5328435897827148,5.048830986022949,0.0,0.0,2.923543930053711,0.4727306365966797,4.750852584838867,0.0,0.0,2.7256089448928833,0.4590015411376953,4.450190186500549,0.0,0.0,2.870647430419922,0.464569091796875,5.0445404052734375,0.0,0.0,2.825899124145508,0.46038007736206055,4.774813652038574,0.0,0.0,2.182809829711914,0.392425537109375,3.737224578857422,0.0,0.0,2.5399551391601562,0.422454833984375,4.281707763671875,0.0,0.0,2.5024020671844482,0.4618034362792969,4.213608980178833,0.0,0.0,1.611133098602295,0.2738828659057617,3.2576098442077637,0.0,0.0,1.7500743865966797,0.2974205017089844,3.4067306518554688,0.0,0.0,1.716977596282959,0.3283843994140625,3.566127300262451,0.0,0.0,1.7826447486877441,0.31888341903686523,3.533966064453125,0.0,0.0,1.9621877670288086,0.33599853515625,4.044237375259399,0.0,0.0,2.252604842185974,0.3865680694580078,4.699844241142273,0.0,0.0,2.2735586166381836,0.4579939842224121,4.518995761871338,0.0,0.0,2.689211845397949,0.42645263671875,5.654379844665527,0.0,0.0,2.652221441268921,0.4341045022010803,6.039777755737305,0.0,0.0
107,grounded,12,0.69970703125,4.396962881088257,0.9011111259460449,8.676180601119995,0.0,0.0,3.4128589630126953,0.823272705078125,6.866887807846069,0.017878711223602295,0.017878711223602295,3.9110758304595947,0.8176813125610352,7.668984889984131,0.06701946258544922,0.07999944686889648,0.5722579956054688,0.142791748046875,1.1810035705566406,0.0,0.0,0.5470085144042969,0.14438629150390625,1.0267753601074219,0.0,0.0,0.647674560546875,0.17332077026367188,1.2750396728515625,0.0,0.0,0.6342849731445312,0.14871978759765625,1.247365951538086,0.0,0.0,0.7494659423828125,0.17632293701171875,1.5243606567382812,0.0,0.0,1.0450286865234375,0.25213623046875,1.8915023803710938,0.0,0.0,1.3534421920776367,0.3268766403198242,2.4679861068725586,0.0,0.0,1.1428718566894531,0.2882347106933594,1.9981193542480469,0.0,0.0,1.1500778198242188,0.276763916015625,2.155986785888672,0.0,0.0,1.2716026306152344,0.3365440368652344,2.3284683227539062,0.0,0.0,1.4026384353637695,0.2978858947753906,2.1683359146118164,0.0,0.0,1.1794259548187256,0.3200864791870117,2.352079153060913,0.0,0.0,1.3756027221679688,0.40594482421875,2.5313453674316406,0.0,0.0,1.6079788208007812,0.40805625915527344,2.8843002319335938,0.0,0.0,1.3837957382202148,0.4316883087158203,2.559380531311035,0.0,0.0,1.3031845092773438,0.3266792297363281,2.484813690185547,0.0,0.0,1.2853145599365234,0.3029212951660156,2.4885072708129883,0.0,0.0,0.7754290103912354,0.2877798080444336,1.758113145828247,0.0,0.0,1.224639892578125,0.30736541748046875,2.224620819091797,0.0,0.0,0.8654136657714844,0.2524576187133789,1.8539628982543945,0.0,0.0,0.9550952911376953,0.26578569412231445,1.9251654148101807,0.0,0.0,0.8667869567871094,0.2642402648925781,1.8758583068847656,0.0,0.0,1.2337307929992676,0.3397102355957031,2.458488941192627,0.0,0.0,1.123887062072754,0.34479331970214844,2.173159599304199,0.0,0.0,1.271632194519043,0.3722381591796875,2.501955509185791,0.0,0.0,1.1137174367904663,0.3435935974121094,2.463918089866638,0.0,0.0,1.4032487869262695,0.4431276321411133,2.6232900619506836,0.0,0.0,2.124226689338684,0.553992509841919,3.837852120399475,0.0,0.0,1.9322693943977356,0.5368958115577698,3.6535483598709106,0.0,0.0
107,hallucinated,11,0.61962890625,3.484407424926758,0.8834686279296875,7.763625144958496,0.0,0.0,2.782121419906616,0.823272705078125,6.23615026473999,0.017878711223602295,0.017878711223602295,3.1135332584381104,0.8463354110717773,6.8714423179626465,0.06701946258544922,0.0838623046875,0.4478759765625,0.1344146728515625,1.0566215515136719,0.0,0.0,0.3931007385253906,0.12791824340820312,0.8728675842285156,0.0,0.0,0.5078887939453125,0.17332077026367188,1.13525390625,0.0,0.0,0.504364013671875,0.1484050750732422,1.1174449920654297,0.0,0.0,0.6164398193359375,0.17409515380859375,1.3913345336914062,0.0,0.0,0.9012355804443359,0.25213623046875,1.7477092742919922,0.0,0.0,1.1105718612670898,0.3268766403198242,2.2251157760620117,0.0,0.0,0.9991188049316406,0.2882423400878906,1.8543663024902344,0.0,0.0,0.9331893920898438,0.2766876220703125,1.9390983581542969,0.0,0.0,1.0746088027954102,0.3365440368652344,2.131474494934082,0.0,0.0,1.1010503768920898,0.2978858947753906,1.8667478561401367,0.0,0.0,1.270882248878479,0.38812828063964844,2.4435354471206665,0.0,0.0,1.3761711120605469,0.4056434631347656,2.5319137573242188,0.0,0.0,1.4478607177734375,0.40816307067871094,2.72418212890625,0.0,0.0,1.3144960403442383,0.4316883087158203,2.4900808334350586,0.0,0.0,1.2139301300048828,0.3725757598876953,2.395559310913086,0.0,0.0,1.118478775024414,0.3029212951660156,2.321671485900879,0.0,0.0,0.7440192699432373,0.2877798080444336,1.726703405380249,0.0,0.0,1.1424064636230469,0.3251457214355469,2.1423873901367188,0.0,0.0,0.7954864501953125,0.2524576187133789,1.7840356826782227,0.0,0.0,0.8834800720214844,0.26578569412231445,1.8535501956939697,0.0,0.0,0.8258323669433594,0.2642402648925781,1.8349037170410156,0.0,0.0,1.09326171875,0.3397102355957031,2.3180198669433594,0.0,0.0,0.9073762893676758,0.3769550323486328,1.956648826599121,0.0,0.0,1.0111374855041504,0.2971992492675781,2.2414608001708984,0.0,0.0,1.0091831684112549,0.3435935974121094,2.3593838214874268,0.0,0.0,1.2051358222961426,0.38863468170166016,2.4251770973205566,0.0,0.0,1.5711036920547485,0.4588937759399414,3.2847291231155396,0.0,0.0,1.4259227514266968,0.4153183698654175,3.147201716899872,0.0,0.0
108,grounded,20,0.465087890625,10.750821113586426,0.9357773065567017,15.848383903503418,0.0,0.0,8.963802516460419,0.8248544931411743,13.091987013816833,0.03192591667175293,0.037333548069000244,9.425563931465149,0.8405451774597168,13.932536482810974,0.026572465896606445,0.03606438636779785,1.46917724609375,0.1761322021484375,2.1233863830566406,0.0,0.0,1.3238716125488281,0.13091659545898438,1.8652191162109375,0.0,0.0,1.3863449096679688,0.1507568359375,2.0323944091796875,0.0,0.0,1.7421035766601562,0.19686126708984375,2.3983078002929688,0.0,0.0,2.0142974853515625,0.2139129638671875,2.8922500610351562,0.0,0.0,2.562978744506836,0.26357269287109375,3.433767318725586,0.0,0.0,3.2033653259277344,0.378387451171875,4.459541320800781,0.0,0.0,3.0389480590820312,0.3203125,3.995697021484375,0.0,0.0,3.008932113647461,0.3434600830078125,4.056074142456055,0.0,0.0,3.5030555725097656,0.35945892333984375,4.64404296875,0.0,0.0,3.8469276428222656,0.4170341491699219,4.712306976318359,0.0,0.0,4.225706100463867,0.4069786071777344,5.587418556213379,0.0,0.0,4.056449890136719,0.4635353088378906,5.197822570800781,0.0,0.0,4.216497421264648,0.4266014099121094,5.586397171020508,0.0,0.0,4.506953716278076,0.4526405334472656,5.769180774688721,0.0,0.0,4.4290771484375,0.4409141540527344,5.81195068359375,0.0,0.0,3.793947219848633,0.39948081970214844,5.0700178146362305,0.0,0.0,2.856973648071289,0.2813758850097656,3.7902579307556152,0.0,0.0,3.605142593383789,0.4077796936035156,4.821409225463867,0.0,0.0,3.17315673828125,0.32330322265625,4.356908798217773,0.0,0.0,2.740215301513672,0.28142547607421875,3.914705753326416,0.0,0.0,2.9959728717803955,0.320953369140625,4.004929780960083,0.0,0.0,3.4060754776000977,0.3795299530029297,4.752223014831543,0.0,0.0,3.405221939086914,0.3756437301635742,4.763200759887695,0.0,0.0,3.3211960196495056,0.41522884368896484,4.747776925563812,0.0,0.0,3.5281245708465576,0.4782142639160156,5.224485158920288,0.0,0.0,4.429637908935547,0.5650787353515625,6.096826076507568,0.0,0.0,5.13725733757019,0.5811777114868164,7.2221009731292725,0.0,0.0,4.799617826938629,0.5315722227096558,7.013864994049072,0.0,0.0
108,hallucinated,12,0.6240234375,3.5174903869628906,0.8868417739868164,8.615053176879883,0.0,0.0,2.724395513534546,0.8248554468154907,6.852561414241791,0.03192591667175293,0.03192591667175293,3.143813133239746,0.8472394943237305,7.6508049964904785,0.026520967483520508,0.04828763008117676,0.4603729248046875,0.1298065185546875,1.114837646484375,0.0,0.0,0.38623046875,0.119537353515625,0.9274864196777344,0.0,0.0,0.4785919189453125,0.1325836181640625,1.1243362426757812,0.0,0.0,0.5439987182617188,0.14835357666015625,1.2006912231445312,0.0,0.0,0.6087646484375,0.1776275634765625,1.4869842529296875,0.0,0.0,0.7486820220947266,0.2203235626220703,1.619729995727539,0.0,0.0,1.0535297393798828,0.279632568359375,2.3093128204345703,0.0,0.0,1.0169639587402344,0.27269744873046875,1.9743385314941406,0.0,0.0,0.9883766174316406,0.27071380615234375,2.0359458923339844,0.0,0.0,1.1195602416992188,0.3531646728515625,2.2603912353515625,0.0,0.0,1.2191104888916016,0.3377532958984375,2.084474563598633,0.0,0.0,1.3286807537078857,0.36040472984313965,2.6903693675994873,0.0,0.0,1.2320404052734375,0.330535888671875,2.37286376953125,0.0,0.0,1.3781623840332031,0.3956565856933594,2.7489776611328125,0.0,0.0,1.2250785827636719,0.40822601318359375,2.487499237060547,0.0,0.0,1.2161407470703125,0.3336963653564453,2.5976314544677734,0.0,0.0,1.0383434295654297,0.2745323181152344,2.3144216537475586,0.0,0.0,0.617368221282959,0.23021984100341797,1.5515694618225098,0.0,0.0,0.9546165466308594,0.3436851501464844,2.171398162841797,0.0,0.0,0.838592529296875,0.30020713806152344,2.0222854614257812,0.0,0.0,0.7431621551513672,0.25390052795410156,1.9178752899169922,0.0,0.0,0.6186676025390625,0.24304580688476562,1.6274089813232422,0.0,0.0,0.9784965515136719,0.3184537887573242,2.3255481719970703,0.0,0.0,0.8283848762512207,0.334320068359375,2.186985492706299,0.0,0.0,0.9798650741577148,0.3366365432739258,2.406721591949463,0.0,0.0,0.912287712097168,0.34421539306640625,2.6077518463134766,0.0,0.0,1.0179262161254883,0.41648387908935547,2.686349868774414,0.0,0.0,1.5788803100585938,0.4424004554748535,3.663924217224121,0.0,0.0,1.469570815563202,0.44991689920425415,3.6851789355278015,0.0,0.0
109,grounded,16,0.48291015625,4.441952347755432,0.9144589900970459,12.307531297206879,0.0,0.0,3.4607303738594055,0.8223963975906372,9.797039091587067,0.03154945373535156,0.03154945373535156,3.86541748046875,0.8330860137939453,10.832004249095917,0.0071659088134765625,0.0071659088134765625,0.6770858764648438,0.16406631469726562,1.8875885009765625,0.0,0.0,0.4803619384765625,0.13607025146484375,1.3165664672851562,0.0,0.0,0.7086105346679688,0.18968963623046875,1.7859039306640625,0.0,0.0,0.6381454467773438,0.18387603759765625,1.7575035095214844,0.0,0.0,0.9616069793701172,0.21368789672851562,2.398378372192383,0.0,0.0,1.0303916931152344,0.24958419799804688,2.6186447143554688,0.0,0.0,1.405954360961914,0.31383323669433594,3.5037269592285156,0.0,0.0,1.318934440612793,0.32482433319091797,3.0661497116088867,0.0,0.0,1.3182830810546875,0.305023193359375,3.3462181091308594,0.0,0.0,1.486628532409668,0.3486967086791992,3.675421714782715,0.0,0.0,1.553457260131836,0.3638648986816406,3.4324893951416016,0.0,0.0,1.8660821914672852,0.4245872497558594,4.490729331970215,0.0,0.0,2.217897891998291,0.5350947380065918,4.5870747566223145,0.0,0.0,1.7328176498413086,0.4278717041015625,3.8642892837524414,0.0,0.0,1.7826342582702637,0.4263796806335449,3.838743209838867,0.0,0.0,1.6536941528320312,0.3744831085205078,4.017904281616211,0.0,0.0,1.6715812683105469,0.3945503234863281,3.837437152862549,0.0,0.0,1.2024192810058594,0.3039283752441406,2.8663597106933594,0.0,0.0,1.45648193359375,0.4307136535644531,3.3867263793945312,0.0,0.0,1.369959831237793,0.44832515716552734,3.3332223892211914,0.0,0.0,0.992861270904541,0.28346681594848633,2.8162221908569336,0.0,0.0,1.0472793579101562,0.2693519592285156,2.9850339889526367,0.0,0.0,1.0957101583480835,0.3124561309814453,2.957217574119568,0.0,0.0,1.220479965209961,0.3664703369140625,3.165691375732422,0.0,0.0,1.3523588180541992,0.3984975814819336,3.154349446296692,0.0,0.0,1.3145317435264587,0.36813926696777344,3.496804893016815,0.0,0.0,1.5631814002990723,0.4158945083618164,3.9373669624328613,0.0,0.0,1.7258100509643555,0.4505348205566406,4.556793689727783,0.0,0.0,1.7143993377685547,0.4094647169113159,4.77279257774353,0.0,0.0
109,hallucinated,20,0.5869140625,8.100675582885742,0.9341034889221191,15.966254532337189,0.006824970245361328,0.006824970245361328,6.478210866451263,0.8223963975906372,12.814519584178925,0.03154945373535156,0.036160826683044434,7.077616214752197,0.836674690246582,14.044202983379364,0.02448558807373047,0.06850147247314453,1.2000274658203125,0.16406631469726562,2.4105300903320312,0.0,0.0,1.0032882690429688,0.1371002197265625,1.8394927978515625,0.0,0.0,1.337045669555664,0.216339111328125,2.414339065551758,0.0,0.0,1.2978153228759766,0.18387603759765625,2.417173385620117,0.0,0.0,1.7779979705810547,0.24662399291992188,3.2147693634033203,0.0,0.0,2.30963134765625,0.31477928161621094,3.8978843688964844,0.0,0.0,2.7990283966064453,0.34047698974609375,4.896800994873047,0.0,0.0,2.870737075805664,0.3905487060546875,4.617952346801758,0.0,0.0,3.341968536376953,0.4486045837402344,5.369903564453125,0.0,0.0,3.2184786796569824,0.4900965690612793,5.407271862030029,0.0,0.0,3.138005256652832,0.42827510833740234,5.017037391662598,0.0,0.0,3.6620187759399414,0.49372100830078125,6.286665916442871,0.0,0.0,4.133570194244385,0.5793476104736328,6.502747058868408,0.0,0.0,3.4517297744750977,0.45961952209472656,5.5832014083862305,0.0,0.0,3.6373491287231445,0.5043411254882812,5.693458080291748,0.0,0.0,3.5520488023757935,0.45028889179229736,5.916258931159973,0.0,0.0,3.885908603668213,0.5184369087219238,6.051764488220215,0.0,0.0,2.5026302337646484,0.3366823196411133,4.166570663452148,0.0,0.0,2.769702911376953,0.39186859130859375,4.699947357177734,0.0,0.0,2.763634204864502,0.39687252044677734,4.7268967628479,0.0,0.0,1.7807159423828125,0.2579193115234375,3.604076862335205,0.0,0.0,2.050023078918457,0.3057384490966797,3.9877777099609375,0.0,0.0,2.11655330657959,0.3124561309814453,3.978060722351074,0.0,0.0,2.403993606567383,0.4044227600097656,4.349205017089844,0.0,0.0,2.4360504150390625,0.37740516662597656,4.238041043281555,0.0,0.0,2.501592516899109,0.41817808151245117,4.683865666389465,0.0,0.0,3.042493164539337,0.4861329197883606,5.416678726673126,0.0,0.0,3.6127843856811523,0.49650001525878906,6.44376802444458,0.0,0.0,3.558469533920288,0.512515664100647,6.616862773895264,0.0,0.0
110,grounded,18,0.4755859375,4.504836320877075,0.9247171878814697,14.065913558006287,0.0,0.0,3.5962268710136414,0.8691257238388062,11.268051385879517,0.022487878799438477,0.03890508413314819,3.939042568206787,0.8202776908874512,12.279802143573761,0.008314371109008789,0.008314371109008789,0.7164382934570312,0.2052745819091797,2.372776985168457,0.0,0.0,0.48447418212890625,0.15401458740234375,1.654062271118164,0.0,0.0,0.6081733703613281,0.16157913208007812,1.6976051330566406,0.0,0.0,0.56512451171875,0.1623382568359375,1.8429489135742188,0.0,0.0,0.9991683959960938,0.22747802734375,2.569324493408203,0.0,0.0,0.9512557983398438,0.24480438232421875,2.8357391357421875,0.0,0.0,1.3079185485839844,0.29604339599609375,3.4440536499023438,0.0,0.0,1.251363754272461,0.3351554870605469,3.2818355560302734,0.0,0.0,1.2753219604492188,0.30858612060546875,3.3354454040527344,0.0,0.0,1.49658203125,0.3602714538574219,3.6864376068115234,0.0,0.0,1.4935665130615234,0.3720569610595703,3.2992000579833984,0.0,0.0,1.7136056423187256,0.40897488594055176,4.014705419540405,0.0,0.0,1.9084014892578125,0.4564838409423828,4.087005615234375,0.0,0.0,1.620223045349121,0.39661598205566406,3.939539909362793,0.0,0.0,1.6847667694091797,0.4279918670654297,3.796846389770508,0.0,0.0,1.8010890483856201,0.486083984375,4.443842649459839,0.0,0.0,1.7300825119018555,0.40994834899902344,3.945958137512207,0.0,0.0,1.3397064208984375,0.34180259704589844,3.0552849769592285,0.0,0.0,1.5070133209228516,0.4463233947753906,3.528470993041992,0.0,0.0,1.2941045761108398,0.45689868927001953,3.3772058486938477,0.0,0.0,1.0551881790161133,0.2909574508666992,3.130088210105896,0.0,0.0,1.1282157897949219,0.2773590087890625,3.0667734146118164,0.0,0.0,1.1321884393692017,0.3128318786621094,3.603830933570862,0.0,0.0,1.214181661605835,0.33745288848876953,3.5408341884613037,0.0,0.0,1.2818212509155273,0.3518257141113281,3.6810998916625977,0.0,0.0,1.5063964128494263,0.4065619707107544,4.349842190742493,0.0,0.0,1.5385100841522217,0.39629268646240234,4.238133668899536,0.0,0.0,1.75592041015625,0.4483766555786133,5.45207679271698,0.0,0.0,1.9878519177436829,0.4675995111465454,6.080797910690308,0.0,0.0
110,hallucinated,21,0.52001953125,7.330950379371643,0.9373893737792969,16.892027616500854,0.0,0.0,5.932138085365295,0.8498959541320801,13.584732830524445,0.022487878799438477,0.03890508413314819,6.446871042251587,0.8515176773071289,14.78763061761856,0.04044532775878906,0.0425451397895813,1.1304855346679688,0.2052745819091797,2.7868242263793945,0.0,0.0,0.9074249267578125,0.15401458740234375,2.0770130157470703,0.0,0.0,0.781951904296875,0.13519287109375,1.8713836669921875,0.0,0.0,0.9859580993652344,0.18009185791015625,2.263782501220703,0.0,0.0,1.5569496154785156,0.23819732666015625,3.127105712890625,0.0,0.0,1.8781967163085938,0.37931060791015625,3.7626800537109375,0.0,0.0,2.0165138244628906,0.3053092956542969,4.15264892578125,0.0,0.0,2.4091742038726807,0.41184234619140625,4.439646005630493,0.0,0.0,2.6245126724243164,0.43140506744384766,4.684636116027832,0.0,0.0,2.6333751678466797,0.4514484405517578,4.823230743408203,0.0,0.0,2.8120903968811035,0.4137539863586426,4.6177239418029785,0.0,0.0,3.378926992416382,0.5207250118255615,5.6800267696380615,0.0,0.0,3.5687365531921387,0.550933837890625,5.747340679168701,0.0,0.0,3.3671884536743164,0.48943328857421875,5.686505317687988,0.0,0.0,3.115549087524414,0.4547309875488281,5.227628707885742,0.0,0.0,3.6383259296417236,0.5184249877929688,6.281079530715942,0.0,0.0,3.0804052352905273,0.42114830017089844,5.296280860900879,0.0,0.0,2.093491554260254,0.3411417007446289,3.809070110321045,0.0,0.0,2.747941017150879,0.4094963073730469,4.7693986892700195,0.0,0.0,2.4445736408233643,0.37889862060546875,4.527674913406372,0.0,0.0,1.7044734954833984,0.27001953125,3.779373526573181,0.0,0.0,1.945511817932129,0.28287792205810547,3.8840694427490234,0.0,0.0,2.14174747467041,0.3401002883911133,4.61338996887207,0.0,0.0,2.114766538143158,0.3385038375854492,4.441419064998627,0.0,0.0,2.372132897377014,0.4110689163208008,4.7714115381240845,0.0,0.0,2.7233014702796936,0.4189048409461975,5.56674724817276,0.0,0.0,3.082796096801758,0.5263042449951172,5.782419681549072,0.0,0.0,3.4943872690200806,0.5065021514892578,7.1905436515808105,0.0,0.0,3.396384537220001,0.5270318388938904,7.489330530166626,0.0,0.0
111,grounded,17,0.634765625,3.667011260986328,0.9270668029785156,13.173896074295044,0.0,0.0,3.2852486968040466,0.8362282514572144,11.141213297843933,0.033251047134399414,0.033251047134399414,2.838865876197815,0.8275853991508484,10.231479465961456,0.034239768981933594,0.054807186126708984,2.054279327392578,0.580024242401123,5.758476734161377,0.0,0.0,1.987274169921875,0.5652999877929688,5.546413421630859,0.0,0.0,1.7625579833984375,0.4552001953125,4.839282989501953,0.0,0.0,1.2821273803710938,0.375,3.881561279296875,0.0,0.0,1.1214866638183594,0.3973395824432373,3.6817939281463623,0.0,0.0,0.5433502197265625,0.2868080139160156,2.42486572265625,0.0,0.0,0.8145370483398438,0.24892044067382812,3.127246856689453,0.0,0.0,0.9562587738037109,0.2593727111816406,2.9557132720947266,0.0,0.0,0.9996776580810547,0.29960060119628906,3.1408138275146484,0.0,0.0,0.8570003509521484,0.25014495849609375,2.939271926879883,0.0,0.0,1.0401420593261719,0.3381538391113281,2.967161178588867,0.0,0.0,1.3726263046264648,0.387237548828125,4.08511209487915,0.0,0.0,1.261871337890625,0.36962127685546875,3.722270965576172,0.0,0.0,1.1755123138427734,0.3332633972167969,3.583608627319336,0.0,0.0,0.894134521484375,0.4064321517944336,3.018181800842285,0.0,0.0,0.9858741760253906,0.37241554260253906,3.5026988983154297,0.0,0.0,1.0224590301513672,0.3388023376464844,3.437696933746338,0.0,0.0,0.63739013671875,0.2524452209472656,2.632096290588379,0.0,0.0,0.8189811706542969,0.2968711853027344,2.953510284423828,0.0,0.0,0.8158760070800781,0.30730247497558594,2.8458290100097656,0.0,0.0,0.6578407287597656,0.20657730102539062,2.482219696044922,0.0,0.0,0.787743091583252,0.30158233642578125,2.764106273651123,0.0,0.0,0.7966842651367188,0.33254241943359375,3.0085818767547607,0.0,0.0,0.8129243850708008,0.30620861053466797,2.942023277282715,0.0,0.0,0.9836158752441406,0.3037872314453125,3.070124864578247,0.0,0.0,1.1504690647125244,0.42767333984375,4.158907413482666,0.0,0.0,1.0686235427856445,0.45632457733154297,3.608456611633301,0.0,0.0,1.4411105513572693,0.49498939514160156,4.786069333553314,0.0,0.0,1.1587470173835754,0.4575984477996826,5.199698269367218,0.0,0.0
111,hallucinated,23,0.70361328125,9.152342796325684,0.944162130355835,18.6592276096344,0.0,0.0,8.351708769798279,0.871755063533783,16.207673370838165,0.033251047134399414,0.04050058126449585,7.159523129463196,0.8275853991508484,14.552136719226837,0.034239768981933594,0.054807186126708984,4.992635726928711,0.580024242401123,8.69683313369751,0.0,0.0,4.9907121658325195,0.5652999877929688,8.549851417541504,0.0,0.0,4.410517692565918,0.4669618606567383,7.487242698669434,0.0,0.0,3.5188770294189453,0.39730262756347656,6.118310928344727,0.0,0.0,3.0800905227661133,0.3973395824432373,5.640397787094116,0.0,0.0,2.1160316467285156,0.28786659240722656,3.997547149658203,0.0,0.0,2.292682647705078,0.291107177734375,4.6053924560546875,0.0,0.0,2.830270767211914,0.3757476806640625,4.82972526550293,0.0,0.0,3.142292022705078,0.45832252502441406,5.283428192138672,0.0,0.0,2.362752914428711,0.35282135009765625,4.445024490356445,0.0,0.0,3.2557992935180664,0.43796348571777344,5.182818412780762,0.0,0.0,3.248621940612793,0.43848323822021484,5.9611077308654785,0.0,0.0,3.6326427459716797,0.478363037109375,6.093042373657227,0.0,0.0,2.980571746826172,0.3784160614013672,5.388668060302734,0.0,0.0,2.7309136390686035,0.44411134719848633,4.854960918426514,0.0,0.0,3.0555062294006348,0.4120979309082031,5.572330951690674,0.0,0.0,3.5703225135803223,0.5054817199707031,5.985560417175293,0.0,0.0,2.5252186059951782,0.31299078464508057,4.519924759864807,0.0,0.0,3.0898077487945557,0.39496898651123047,5.224336862564087,0.0,0.0,2.807978391647339,0.43944525718688965,4.837931394577026,0.0,0.0,2.017793655395508,0.2947845458984375,3.842172622680664,0.0,0.0,1.9659788608551025,0.32911038398742676,3.9423420429229736,0.0,0.0,2.3165388107299805,0.4287872314453125,4.5284364223480225,0.0,0.0,2.2125587463378906,0.32694435119628906,4.341657638549805,0.0,0.0,1.898240089416504,0.2947254180908203,3.9847490787506104,0.0,0.0,2.908569574356079,0.43955421447753906,5.917007923126221,0.0,0.0,2.67478084564209,0.45632457733154297,5.214613914489746,0.0,0.0,3.4117704033851624,0.4207029342651367,6.756729185581207,0.0,0.0,3.831525206565857,0.4963022470474243,7.8724764585494995,0.0,0.0
112,grounded,14,0.5341796875,3.6006088256835938,0.91387939453125,10.500227928161621,0.0,0.0,2.782217562198639,0.8307324647903442,8.374438226222992,0.002937018871307373,0.005455732345581055,3.2384594678878784,0.8162164688110352,9.305159509181976,0.0011534690856933594,0.0011534690856933594,0.5381851196289062,0.18348312377929688,1.7156791687011719,0.0,0.0,0.38861083984375,0.14514923095703125,1.2544898986816406,0.0,0.0,0.41204071044921875,0.1445159912109375,1.3815231323242188,0.0,0.0,0.48600006103515625,0.17515182495117188,1.5443840026855469,0.0,0.0,0.6259918212890625,0.20708084106445312,1.8376045227050781,0.0,0.0,0.5500411987304688,0.18637847900390625,1.8299102783203125,0.0,0.0,0.959014892578125,0.2783660888671875,2.7747879028320312,0.0,0.0,0.898834228515625,0.261566162109375,2.25439453125,0.0,0.0,1.0108165740966797,0.330047607421875,2.695150375366211,0.0,0.0,0.962158203125,0.2720756530761719,2.489900588989258,0.0,0.0,1.1481819152832031,0.3639678955078125,2.5727100372314453,0.0,0.0,1.253232717514038,0.3494701385498047,3.256047010421753,0.0,0.0,1.4894447326660156,0.4125518798828125,3.266551971435547,0.0,0.0,1.152395248413086,0.3271656036376953,2.9461231231689453,0.0,0.0,1.121781826019287,0.3696417808532715,2.5776357650756836,0.0,0.0,1.074575424194336,0.3735618591308594,2.973409652709961,0.0,0.0,1.0761852264404297,0.30686378479003906,2.7898616790771484,0.0,0.0,0.6093559265136719,0.18336105346679688,1.9042844772338867,0.0,0.0,0.8608741760253906,0.28534698486328125,2.4878692626953125,0.0,0.0,0.687469482421875,0.3010826110839844,2.253267288208008,0.0,0.0,0.6592559814453125,0.22624969482421875,2.120008945465088,0.0,0.0,0.7350335121154785,0.2326812744140625,2.3220391273498535,0.0,0.0,0.7348213195800781,0.27477073669433594,2.3546667098999023,0.0,0.0,0.7932758331298828,0.30234241485595703,2.450680732727051,0.0,0.0,0.8725743293762207,0.2888221740722656,2.7470418214797974,0.0,0.0,1.0470319986343384,0.3326282501220703,3.21176540851593,0.0,0.0,0.8921585083007812,0.3856930732727051,3.148932933807373,0.0,0.0,1.2822120189666748,0.3979454040527344,3.9623167514801025,0.0,0.0,1.221886396408081,0.4717673063278198,4.3084596991539,0.0,0.0
112,hallucinated,20,0.63525390625,9.0057532787323,0.9255681037902832,15.905372381210327,0.005982637405395508,0.005982637405395508,7.603591203689575,0.8606910705566406,13.195811867713928,0.01060497760772705,0.014443755149841309,8.162436962127686,0.8490595817565918,14.229250073432922,0.0011601448059082031,0.0011601448059082031,1.4080963134765625,0.207061767578125,2.585674285888672,0.0,0.0,1.2885780334472656,0.2111663818359375,2.154388427734375,0.0,0.0,1.2195663452148438,0.17371368408203125,2.1891021728515625,0.0,0.0,1.7781562805175781,0.2270965576171875,2.8364028930664062,0.0,0.0,1.6793212890625,0.22367095947265625,2.8909950256347656,0.0,0.0,1.7904434204101562,0.2624931335449219,3.0698623657226562,0.0,0.0,2.7345104217529297,0.3522377014160156,4.549882888793945,0.0,0.0,2.836862564086914,0.3637218475341797,4.191843032836914,0.0,0.0,2.983074188232422,0.40164947509765625,4.667575836181641,0.0,0.0,2.546072006225586,0.3970508575439453,4.074134826660156,0.0,0.0,2.8549938201904297,0.3932056427001953,4.278678894042969,0.0,0.0,3.4558849334716797,0.5212154388427734,5.459351539611816,0.0,0.0,3.6538920402526855,0.528846263885498,5.430507183074951,0.0,0.0,3.3694257736206055,0.5202713012695312,5.163714408874512,0.0,0.0,2.501596450805664,0.3696920871734619,3.958019495010376,0.0,0.0,3.1025314331054688,0.4074249267578125,5.002498626708984,0.0,0.0,2.681797504425049,0.3685030937194824,4.395966053009033,0.0,0.0,1.625528335571289,0.24188613891601562,2.919719696044922,0.0,0.0,2.492664337158203,0.3881034851074219,4.119762420654297,0.0,0.0,1.8658301830291748,0.3467864990234375,3.431429624557495,0.0,0.0,1.7603435516357422,0.2619743347167969,3.2210845947265625,0.0,0.0,1.7472639083862305,0.2906532287597656,3.334225654602051,0.0,0.0,1.8434803485870361,0.3556230068206787,3.4626314640045166,0.0,0.0,1.6784305572509766,0.34067535400390625,3.334930419921875,0.0,0.0,1.7081384658813477,0.3320579528808594,3.5824869871139526,0.0,0.0,2.5161989331245422,0.570889949798584,4.679835617542267,0.0,0.0,2.7141992449760437,0.536407470703125,4.970896422863007,0.0,0.0,4.393398880958557,0.6438379287719727,7.072207570075989,0.0,0.0,5.0303232073783875,0.7050290107727051,8.115934371948242,0.0,0.0
113,grounded,32,0.56640625,13.103822231292725,0.9592507481575012,27.309734344482422,0.007239162921905518,0.009232878684997559,11.36901205778122,0.874110221862793,23.02998858690262,0.03339266777038574,0.07064521312713623,11.961799442768097,0.9023061394691467,23.90032708644867,0.05190610885620117,0.12120175361633301,1.7822837829589844,0.1865386962890625,3.8898162841796875,0.0,0.0,1.67803955078125,0.17015838623046875,3.6197776794433594,0.0,0.0,1.7481651306152344,0.2003936767578125,3.470775604248047,0.0,0.0,2.4207170009613037,0.23369598388671875,4.504914045333862,0.0,0.0,3.0322349071502686,0.3336639404296875,5.83195948600769,0.0,0.0,3.693526268005371,0.3575563430786133,6.75135612487793,0.0,0.0,4.221187591552734,0.42584991455078125,7.956247329711914,0.0,0.0,4.9201884269714355,0.4834938049316406,8.44126272201538,0.0,0.0,5.480225563049316,0.4924030303955078,8.971429824829102,0.0,0.0,4.515476226806641,0.43608856201171875,7.775580406188965,0.0,0.0,5.054862976074219,0.499603271484375,8.222017288208008,0.0,0.0,5.255598068237305,0.5395011901855469,9.242377758026123,0.0,0.0,6.468685626983643,0.5925474166870117,10.201574802398682,0.0,0.0,5.166274070739746,0.49062633514404297,8.764172554016113,0.0,0.0,4.681519508361816,0.4347686767578125,7.910207748413086,0.0,0.0,5.560471177101135,0.5344825983047485,10.061352610588074,0.0,0.0,4.721806526184082,0.4755363464355469,8.170841932296753,0.0,0.0,4.664997577667236,0.44653892517089844,7.5897350907325745,0.0,0.0,5.074538707733154,0.4857006072998047,8.677921772003174,0.0,0.0,3.808099627494812,0.4161796569824219,6.697965145111084,0.0,0.0,3.5373010635375977,0.3483109474182129,6.331952452659607,0.0,0.0,3.648009777069092,0.36840248107910156,6.779727458953857,0.0,0.0,2.7648329734802246,0.3203315734863281,5.816250801086426,0.0,0.0,2.823150157928467,0.34515380859375,5.737082004547119,0.0,0.0,2.474348783493042,0.3540916442871094,5.294312238693237,0.0,0.0,3.2423458099365234,0.4133777618408203,7.1390626430511475,0.0,0.0,3.6858201026916504,0.4432401657104492,7.523688793182373,0.0,0.0,4.424860656261444,0.43084460496902466,9.365565955638885,0.0,0.0,5.821916997432709,0.5835399031639099,11.84627091884613,0.0,0.0
113,hallucinated,29,0.52734375,10.31828486919403,0.9492990970611572,24.524196982383728,0.00030046701431274414,0.00030046701431274414,8.841088891029358,0.8435961008071899,20.502065420150757,0.03339266777038574,0.06470900774002075,9.353741765022278,0.8911722898483276,21.292278468608856,0.05190610885620117,0.12391877174377441,1.3418655395507812,0.1865386962890625,3.4493980407714844,0.0,0.0,1.342742919921875,0.17015838623046875,3.2844810485839844,0.0,0.0,1.3752326965332031,0.18051910400390625,3.0978431701660156,0.0,0.0,1.867822289466858,0.23369598388671875,3.9520193338394165,0.0,0.0,2.5073773860931396,0.3336639404296875,5.3070714473724365,0.0,0.0,2.9547805786132812,0.3534965515136719,6.012371063232422,0.0,0.0,3.3266429901123047,0.4043846130371094,7.061737060546875,0.0,0.0,4.002220630645752,0.48291587829589844,7.523115634918213,0.0,0.0,4.42856502532959,0.49227333068847656,7.919991493225098,0.0,0.0,3.8237152099609375,0.43558311462402344,7.0846147537231445,0.0,0.0,4.189571380615234,0.49979400634765625,7.356718063354492,0.0,0.0,4.164752006530762,0.5393085479736328,8.152340412139893,0.0,0.0,4.853812217712402,0.5589733123779297,8.586445808410645,0.0,0.0,4.160820960998535,0.4638252258300781,7.758184432983398,0.0,0.0,3.8188705444335938,0.4345550537109375,7.046459197998047,0.0,0.0,4.5732598304748535,0.5015826225280762,9.07378363609314,0.0,0.0,4.158810615539551,0.4758758544921875,7.608659744262695,0.0,0.0,3.7605408430099487,0.4462089538574219,6.68549782037735,0.0,0.0,4.2991414070129395,0.4858360290527344,7.903100490570068,0.0,0.0,3.3193480372428894,0.4165515899658203,6.20949000120163,0.0,0.0,2.7961349487304688,0.3481597900390625,5.590391516685486,0.0,0.0,3.2661476135253906,0.3680696487426758,6.397773742675781,0.0,0.0,2.3799309730529785,0.3200569152832031,5.431357383728027,0.0,0.0,2.685826539993286,0.3449440002441406,5.59913182258606,0.0,0.0,2.2545571327209473,0.35436201095581055,5.074556827545166,0.0,0.0,3.0628819465637207,0.4133014678955078,6.959327936172485,0.0,0.0,3.4695303440093994,0.42528724670410156,7.30817437171936,0.0,0.0,3.618848741054535,0.4262580871582031,8.559747636318207,0.0,0.0,4.3138198256492615,0.46594369411468506,10.339234352111816,0.0,0.0
114,grounded,23,0.8134765625,10.938956022262573,0.9442403316497803,18.77149474620819,0.0019652843475341797,0.0019652843475341797,8.741978168487549,0.8311815857887268,14.979376435279846,0.018624722957611084,0.028625428676605225,9.092362523078918,0.8563218116760254,15.84751558303833,0.03179788589477539,0.03179788589477539,2.971612334251404,0.5903333425521851,3.989453673362732,0.0,0.0,2.7762680053710938,0.577362060546875,3.6329269409179688,0.0,0.0,2.507099151611328,0.429595947265625,3.378063201904297,0.0,0.0,2.2127342224121094,0.328521728515625,3.080272674560547,0.0,0.0,2.565775752067566,0.45749175548553467,3.777495265007019,0.0,0.0,2.3576831817626953,0.38998985290527344,3.634683609008789,0.0,0.0,2.856377601623535,0.32208251953125,4.7091569900512695,0.0,0.0,3.1667864322662354,0.42807602882385254,4.57857346534729,0.0,0.0,3.2521495819091797,0.41762351989746094,4.768255233764648,0.0,0.0,2.4006752967834473,0.3183441162109375,3.931644916534424,0.0,0.0,3.2448911666870117,0.437713623046875,4.665125846862793,0.0,0.0,3.3084793090820312,0.43704986572265625,5.148093223571777,0.0,0.0,3.5704240798950195,0.5380992889404297,5.2458391189575195,0.0,0.0,3.123366355895996,0.402587890625,4.879233360290527,0.0,0.0,2.9123353958129883,0.4531583786010742,4.563004732131958,0.0,0.0,3.472597122192383,0.4532356262207031,5.521331787109375,0.0,0.0,2.992000102996826,0.357421875,4.757155656814575,0.0,0.0,2.720836877822876,0.30258631706237793,4.009719610214233,0.0,0.0,2.8295912742614746,0.37746620178222656,4.3205084800720215,0.0,0.0,2.6091700196266174,0.34815216064453125,4.07227236032486,0.0,0.0,2.3279342651367188,0.29319000244140625,3.8875460624694824,0.0,0.0,1.7530207633972168,0.29717254638671875,3.1932730674743652,0.0,0.0,1.9589859247207642,0.3744077682495117,3.6560453176498413,0.0,0.0,1.792475163936615,0.350067138671875,3.3418049216270447,0.0,0.0,1.3508319854736328,0.27303993701934814,3.1249934434890747,0.0,0.0,2.173154354095459,0.412168025970459,4.346029996871948,0.0,0.0,2.110231399536133,0.4447622299194336,4.231487274169922,0.0,0.0,4.27372145652771,0.6333398818969727,7.107535362243652,0.0,0.0,5.2389556765556335,0.6707204580307007,8.339628458023071,0.0,0.0
114,hallucinated,21,0.716796875,9.13785445690155,0.9403431415557861,16.970393180847168,0.00339508056640625,0.00339508056640625,7.114824056625366,0.8311815857887268,13.352222323417664,0.017469167709350586,0.017692267894744873,7.908246874809265,0.8646008968353271,14.663399934768677,0.03179788589477539,0.03179788589477539,1.0636672973632812,0.15327072143554688,2.0815086364746094,0.0,0.0,0.9185562133789062,0.13301849365234375,1.7752151489257812,0.0,0.0,1.0613975524902344,0.16329193115234375,1.9323616027832031,0.0,0.0,1.1566162109375,0.15438079833984375,2.0241546630859375,0.0,0.0,1.692300796508789,0.25583839416503906,2.904020309448242,0.0,0.0,2.0742530822753906,0.38998985290527344,3.3512535095214844,0.0,0.0,2.407827377319336,0.32208251953125,4.26060676574707,0.0,0.0,2.602823495864868,0.42807602882385254,4.014610528945923,0.0,0.0,2.593679428100586,0.41762351989746094,4.109785079956055,0.0,0.0,2.2106685638427734,0.3183441162109375,3.74163818359375,0.0,0.0,2.8521595001220703,0.437713623046875,4.272394180297852,0.0,0.0,3.158161163330078,0.4324302673339844,4.997775077819824,0.0,0.0,3.0703601837158203,0.484954833984375,4.74577522277832,0.0,0.0,2.5464134216308594,0.3515510559082031,4.302280426025391,0.0,0.0,2.6339077949523926,0.442655086517334,4.284577131271362,0.0,0.0,3.164560317993164,0.43439674377441406,5.213294982910156,0.0,0.0,2.700209617614746,0.357421875,4.465365171432495,0.0,0.0,2.166691541671753,0.30258631706237793,3.4555742740631104,0.0,0.0,2.4717918634414673,0.37746620178222656,3.962709069252014,0.0,0.0,2.0307655334472656,0.34815216064453125,3.493867874145508,0.0,0.0,1.8471570014953613,0.29308128356933594,3.406768798828125,0.0,0.0,1.9308092594146729,0.29717254638671875,3.3710615634918213,0.0,0.0,1.7165498733520508,0.3744077682495117,3.413609266281128,0.0,0.0,1.7343000173568726,0.350067138671875,3.2836297750473022,0.0,0.0,1.4222068786621094,0.27303993701934814,3.1963683366775513,0.0,0.0,2.0672826766967773,0.412168025970459,4.240158319473267,0.0,0.0,2.1557846069335938,0.4447622299194336,4.277040481567383,0.0,0.0,2.8144914507865906,0.42198848724365234,5.648305356502533,0.0,0.0,3.4627469778060913,0.43652254343032837,6.563419759273529,0.0,0.0
115,grounded,23,0.6767578125,3.7220499515533447,0.9386181831359863,18.45517063140869,0.006886482238769531,0.006886482238769531,3.292047917842865,0.8279628157615662,15.975571870803833,0.02897852659225464,0.04368776082992554,3.156805634498596,0.8223448991775513,15.40362399816513,0.061193764209747314,0.07698458433151245,0.5626907348632812,0.21200180053710938,2.9002819061279297,0.0,0.0,0.38323974609375,0.17214202880859375,2.1349258422851562,0.0,0.0,0.43122100830078125,0.16042327880859375,2.0857620239257812,0.0,0.0,0.4499053955078125,0.18975830078125,2.6237335205078125,0.0,0.0,0.5776138305664062,0.20436477661132812,2.929302215576172,0.0,0.0,0.5819854736328125,0.21642684936523438,3.249338150024414,0.0,0.0,0.8374786376953125,0.3185272216796875,4.556468963623047,0.0,0.0,0.9415912628173828,0.3301277160644531,4.617849349975586,0.0,0.0,1.0050125122070312,0.3473701477050781,4.756923675537109,0.0,0.0,0.9039363861083984,0.297332763671875,4.232532501220703,0.0,0.0,1.0630264282226562,0.3591117858886719,4.623551607131958,0.0,0.0,1.4942102432250977,0.4360389709472656,6.310413360595703,0.0,0.0,1.2656316757202148,0.3888559341430664,5.216670989990234,0.0,0.0,1.1149711608886719,0.35324668884277344,5.113263130187988,0.0,0.0,0.9045858383178711,0.42961883544921875,4.640658378601074,0.0,0.0,1.1196250915527344,0.4008312225341797,5.588710784912109,0.0,0.0,0.9888467788696289,0.30945396423339844,4.397752523422241,0.0,0.0,0.6213874816894531,0.28742122650146484,3.4275102615356445,0.0,0.0,0.8532123565673828,0.3556938171386719,4.339810490608215,0.0,0.0,0.655609130859375,0.3486747741699219,3.631131112575531,0.0,0.0,0.6340808868408203,0.22957611083984375,3.1632585525512695,0.0,0.0,0.820070743560791,0.301055908203125,3.786517381668091,0.0,0.0,0.7368087768554688,0.32384490966796875,3.9439382553100586,0.0,0.0,0.8283860683441162,0.34027576446533203,3.5638904571533203,0.0,0.0,1.0074286460876465,0.3000221252441406,3.7528637647628784,0.0,0.0,1.2710204124450684,0.390594482421875,5.246357977390289,0.0,0.0,1.1830673217773438,0.468891978263855,5.320597529411316,0.0,0.0,2.530380129814148,0.6867985725402832,11.297721683979034,0.0,0.0,2.4034560918807983,0.6981805562973022,12.425487220287323,0.0,0.0
115,hallucinated,35,0.79736328125,14.940065383911133,0.9594516754150391,29.67318606376648,0.015997707843780518,0.03723329305648804,13.345146358013153,0.8806897401809692,26.028643667697906,0.0289725661277771,0.061589062213897705,13.171647012233734,0.8902697563171387,25.41739332675934,0.06121903657913208,0.08298152685165405,2.270782470703125,0.23024368286132812,4.607110977172852,0.0,0.0,1.6563339233398438,0.1723175048828125,3.4085426330566406,0.0,0.0,1.7008628845214844,0.1698455810546875,3.3567047119140625,0.0,0.0,2.285064697265625,0.197021484375,4.458545684814453,0.0,0.0,2.9790825843811035,0.2590446472167969,5.331701755523682,0.0,0.0,4.011251926422119,0.35064125061035156,6.679728031158447,0.0,0.0,4.187289357185364,0.31856536865234375,7.906481862068176,0.0,0.0,5.102601528167725,0.4029502868652344,8.778501033782959,0.0,0.0,5.879701137542725,0.5125055313110352,9.632548809051514,0.0,0.0,5.44710111618042,0.5417017936706543,8.774034976959229,0.0,0.0,6.341041088104248,0.4882621765136719,9.902219653129578,0.0,0.0,7.325225830078125,0.6147642135620117,12.138596534729004,0.0,0.0,7.120596408843994,0.5743770599365234,11.07273530960083,0.0,0.0,6.102677345275879,0.48847389221191406,10.102401733398438,0.0,0.0,6.164841651916504,0.5641765594482422,9.904345512390137,0.0,0.0,6.56210196018219,0.49611473083496094,11.03070318698883,0.0,0.0,5.945713698863983,0.5521984100341797,9.355444848537445,0.0,0.0,4.637150466442108,0.430677592754364,7.443459212779999,0.0,0.0,4.636907577514648,0.43585968017578125,8.123207211494446,0.0,0.0,4.1334105134010315,0.41817188262939453,7.109031677246094,0.0,0.0,3.059772491455078,0.30556583404541016,5.588710784912109,0.0,0.0,3.5371005535125732,0.3301889896392822,6.503719806671143,0.0,0.0,3.2899649143218994,0.3409006595611572,6.49763035774231,0.0,0.0,3.231898307800293,0.39329051971435547,5.968031883239746,0.0,0.0,2.6311912536621094,0.2919745445251465,5.376897037029266,0.0,0.0,4.082149922847748,0.4193553924560547,8.057954370975494,0.0,0.0,4.737525522708893,0.5055606365203857,8.876032888889313,0.0,0.0,9.732320070266724,0.6980088949203491,18.504274547100067,0.0,0.0,10.341287910938263,0.7338797450065613,20.370035588741302,0.0,0.0
116,grounded,23,0.64453125,7.39643406867981,0.937994122505188,18.673919439315796,0.0,0.0,6.659835755825043,0.8560618162155151,16.395647525787354,0.01897197961807251,0.04850548505783081,4.879153788089752,0.8114359378814697,13.433088660240173,0.10387468338012695,0.12688016891479492,4.050144195556641,0.5882406234741211,9.864689826965332,0.0,0.0,3.988201141357422,0.57373046875,9.75712776184082,0.0,0.0,3.5716609954833984,0.4828453063964844,8.739997863769531,0.0,0.0,2.7979202270507812,0.38727569580078125,6.853733062744141,0.0,0.0,2.5068607330322266,0.3708622455596924,6.298807382583618,0.0,0.0,1.6061134338378906,0.2951946258544922,4.088869094848633,0.0,0.0,2.25091552734375,0.3447265625,5.435779571533203,0.0,0.0,2.2738990783691406,0.3628654479980469,4.684379577636719,0.0,0.0,2.3193678855895996,0.360898494720459,5.153787136077881,0.0,0.0,2.3300113677978516,0.3626413345336914,5.155004501342773,0.0,0.0,2.5857982635498047,0.3999958038330078,5.178367614746094,0.0,0.0,3.0982627868652344,0.47385406494140625,6.8449859619140625,0.0,0.0,3.2708048820495605,0.5094985961914062,6.796394348144531,0.0,0.0,2.9701437950134277,0.41612815856933594,6.2305097579956055,0.0,0.0,2.467503547668457,0.38359642028808594,5.102753639221191,0.0,0.0,2.8818869590759277,0.4227142333984375,6.531652927398682,0.0,0.0,2.305314064025879,0.34941768646240234,5.439287185668945,0.0,0.0,1.714311122894287,0.29010820388793945,4.318826198577881,0.0,0.0,2.542801856994629,0.4054737091064453,5.247282981872559,0.0,0.0,2.355013370513916,0.3591346740722656,5.413586378097534,0.0,0.0,1.4515762329101562,0.2549095153808594,3.8401983976364136,0.0,0.0,1.6896743774414062,0.29830360412597656,4.563665390014648,0.0,0.0,1.7216064929962158,0.29459524154663086,4.355387091636658,0.0,0.0,1.557201862335205,0.30247974395751953,4.311142444610596,0.0,0.0,1.6836166381835938,0.3001365661621094,4.192992329597473,0.0,0.0,2.1805765628814697,0.4144134521484375,5.742512941360474,0.0,0.0,2.245737075805664,0.42055821418762207,5.196284532546997,0.0,0.0,2.86539626121521,0.4687967300415039,6.933919012546539,0.0,0.0,3.0953261256217957,0.45212626457214355,7.85530149936676,0.0,0.0
116,hallucinated,26,0.73193359375,10.120360970497131,0.9459564685821533,21.397846341133118,0.007669329643249512,0.014175593852996826,9.197551965713501,0.8659923076629639,18.944051682949066,0.028613626956939697,0.0939335823059082,7.241181790828705,0.8206996917724609,15.795116662979126,0.10387468338012695,0.12688016891479492,6.511960744857788,0.6802825927734375,12.32650637626648,0.0,0.0,6.423749923706055,0.6695404052734375,12.192676544189453,0.0,0.0,5.759361743927002,0.5987205505371094,10.927698612213135,0.0,0.0,4.688798904418945,0.49832916259765625,8.744611740112305,0.0,0.0,4.2315685749053955,0.5017578601837158,8.023515224456787,0.0,0.0,2.539834976196289,0.3166084289550781,5.022590637207031,0.0,0.0,3.061481475830078,0.3337860107421875,6.246345520019531,0.0,0.0,3.3394815921783447,0.4071807861328125,5.749962091445923,0.0,0.0,3.86838436126709,0.530238151550293,6.702803611755371,0.0,0.0,3.6419715881347656,0.45832252502441406,6.4669647216796875,0.0,0.0,4.047365665435791,0.5098810195922852,6.63993501663208,0.0,0.0,4.187142372131348,0.45566463470458984,7.933865547180176,0.0,0.0,5.212772369384766,0.6347846984863281,8.738361835479736,0.0,0.0,4.319985389709473,0.4732074737548828,7.58035135269165,0.0,0.0,3.6691592931747437,0.4381129741668701,6.304409384727478,0.0,0.0,4.756525993347168,0.4995279312133789,8.406291961669922,0.0,0.0,4.240918159484863,0.4607048034667969,7.37489128112793,0.0,0.0,2.998298168182373,0.31661510467529297,5.602813243865967,0.0,0.0,3.419645309448242,0.38275909423828125,6.124126434326172,0.0,0.0,3.342763900756836,0.36756324768066406,6.401336908340454,0.0,0.0,2.197427749633789,0.2549095153808594,4.586049914360046,0.0,0.0,2.261106491088867,0.29830360412597656,5.135097503662109,0.0,0.0,2.190166473388672,0.3008003234863281,4.823947072029114,0.0,0.0,2.2198686599731445,0.30247974395751953,4.973809242248535,0.0,0.0,2.2507967948913574,0.318756103515625,4.760172486305237,0.0,0.0,3.4326345920562744,0.4233725666999817,6.994570970535278,0.0,0.0,3.147820472717285,0.42055821418762207,6.098367929458618,0.0,0.0,3.6727885603904724,0.4542636275291443,7.741311311721802,0.0,0.0,4.3248178362846375,0.46743035316467285,9.084793210029602,0.0,0.0
117,grounded,23,0.6357421875,7.396129608154297,0.9381058216094971,18.80677020549774,0.0,0.0,6.246828496456146,0.8733803629875183,15.650381326675415,0.02610611915588379,0.028630316257476807,6.7203264236450195,0.8718967437744141,16.91999900341034,0.008550465106964111,0.016540467739105225,1.0290679931640625,0.1707000732421875,2.665830612182617,0.0,0.0,0.9467239379882812,0.16408538818359375,2.318849563598633,0.0,0.0,0.9136314392089844,0.22523880004882812,2.6832427978515625,0.0,0.0,1.0871734619140625,0.18775177001953125,2.8176040649414062,0.0,0.0,1.4068107604980469,0.24494171142578125,3.538804054260254,0.0,0.0,1.5764923095703125,0.2897796630859375,3.9000816345214844,0.0,0.0,2.1126842498779297,0.32880401611328125,4.995746612548828,0.0,0.0,2.2466535568237305,0.3735980987548828,4.755026817321777,0.0,0.0,2.255023956298828,0.3349761962890625,4.7643890380859375,0.0,0.0,2.177487373352051,0.339385986328125,4.797979831695557,0.0,0.0,2.364625930786133,0.34602928161621094,4.505319595336914,0.0,0.0,2.9514968395233154,0.4306678771972656,6.0714805126190186,0.0,0.0,3.086808681488037,0.447662353515625,5.940227031707764,0.0,0.0,2.7283992767333984,0.377197265625,5.529542922973633,0.0,0.0,2.5428600311279297,0.38835811614990234,5.397418975830078,0.0,0.0,2.9727392196655273,0.4282188415527344,6.2397308349609375,0.0,0.0,2.243856906890869,0.3461785316467285,5.1026458740234375,0.0,0.0,1.7713990211486816,0.3236818313598633,3.9455835819244385,0.0,0.0,2.4573240280151367,0.37534332275390625,5.047558784484863,0.0,0.0,2.2715964317321777,0.4351346492767334,4.906252145767212,0.0,0.0,1.5162181854248047,0.30866432189941406,3.7680106163024902,0.0,0.0,1.649378776550293,0.27188873291015625,3.9465417861938477,0.0,0.0,1.489726483821869,0.28714752197265625,3.9509634375572205,0.0,0.0,1.5289727449417114,0.32329559326171875,4.019097447395325,0.0,0.0,1.5598254203796387,0.3051724433898926,3.9908074736595154,0.0,0.0,2.1089632511138916,0.3859519958496094,5.2368199825286865,0.0,0.0,2.1940670013427734,0.44702720642089844,5.146993637084961,0.0,0.0,2.570988655090332,0.4383525848388672,6.581273078918457,0.0,0.0,3.0220205783843994,0.4626017212867737,7.613220930099487,0.0,0.0
117,hallucinated,28,0.73779296875,12.04330962896347,0.9470258951187134,23.453950226306915,0.004919528961181641,0.004919528961181641,10.533767640590668,0.8734075427055359,19.93725025653839,0.026108980178833008,0.027630269527435303,11.016703367233276,0.8859992027282715,21.21643817424774,0.0012729763984680176,0.0012729763984680176,1.6630935668945312,0.17079925537109375,3.3011398315429688,0.0,0.0,1.565643310546875,0.1639404296875,2.937389373779297,0.0,0.0,1.7338159084320068,0.22518539428710938,3.503608465194702,0.0,0.0,1.9355487823486328,0.19754791259765625,3.665761947631836,0.0,0.0,2.5003433227539062,0.244537353515625,4.631324768066406,0.0,0.0,2.9117374420166016,0.3218421936035156,5.234645843505859,0.0,0.0,3.539388656616211,0.32355690002441406,6.421455383300781,0.0,0.0,4.1059229373931885,0.4243648052215576,6.614933252334595,0.0,0.0,3.9453248977661133,0.4390268325805664,6.455147743225098,0.0,0.0,3.931948661804199,0.42997074127197266,6.551152229309082,0.0,0.0,4.039060354232788,0.4427785873413086,6.179170370101929,0.0,0.0,4.694339752197266,0.4856452941894531,7.814543724060059,0.0,0.0,5.488656044006348,0.5795669555664062,8.343571662902832,0.0,0.0,4.718545913696289,0.4475994110107422,7.519815444946289,0.0,0.0,4.770931720733643,0.5486183166503906,7.626616954803467,0.0,0.0,4.9392218589782715,0.46187591552734375,8.206389904022217,0.0,0.0,4.0187153816223145,0.4695005416870117,6.877678632736206,0.0,0.0,3.0581846237182617,0.32506465911865234,5.232529401779175,0.0,0.0,3.980708122253418,0.40133094787597656,6.5704240798950195,0.0,0.0,3.3135123252868652,0.4349365234375,5.949794769287109,0.0,0.0,2.5900115966796875,0.3091583251953125,4.842067360877991,0.0,0.0,2.63761043548584,0.3025856018066406,4.935641288757324,0.0,0.0,2.45766544342041,0.2878265380859375,4.920068740844727,0.0,0.0,2.2450287342071533,0.3368721008300781,4.736145257949829,0.0,0.0,2.353976249694824,0.2734222412109375,4.786102712154388,0.0,0.0,2.822443962097168,0.3863811492919922,5.949507474899292,0.0,0.0,3.0305285453796387,0.45743751525878906,5.983653545379639,0.0,0.0,4.036285877227783,0.39139556884765625,8.047901391983032,0.0,0.0,4.691340923309326,0.43529772758483887,9.284529387950897,0.0,0.0
118,grounded,20,0.60595703125,7.312708616256714,0.9308252334594727,15.979028642177582,0.0,0.0,6.129769384860992,0.8362784385681152,13.103893876075745,0.03710198402404785,0.0443994402885437,6.621581196784973,0.8630480766296387,14.038438975811005,0.0,0.0,1.0532188415527344,0.16429519653320312,2.337198257446289,0.0,0.0,0.9719772338867188,0.157958984375,2.0074615478515625,0.0,0.0,0.8643112182617188,0.13523101806640625,1.9134063720703125,0.0,0.0,1.0897369384765625,0.18683624267578125,2.2118911743164062,0.0,0.0,1.3321075439453125,0.26401519775390625,2.8840484619140625,0.0,0.0,1.6098861694335938,0.2601776123046875,3.349822998046875,0.0,0.0,2.090282440185547,0.31536865234375,4.278007507324219,0.0,0.0,2.0726394653320312,0.33217620849609375,3.858062744140625,0.0,0.0,2.3740882873535156,0.3822517395019531,4.312953948974609,0.0,0.0,2.014514923095703,0.30915069580078125,3.9356765747070312,0.0,0.0,2.3973007202148438,0.3740730285644531,4.331001281738281,0.0,0.0,2.8988184928894043,0.4436149597167969,5.311337947845459,0.0,0.0,3.23055362701416,0.4946308135986328,5.601010322570801,0.0,0.0,2.694486618041992,0.3879680633544922,5.056650161743164,0.0,0.0,2.4875965118408203,0.40189266204833984,4.507855415344238,0.0,0.0,2.892195701599121,0.4143342971801758,5.312335968017578,0.0,0.0,2.304910659790039,0.39827728271484375,4.575283527374268,0.0,0.0,1.8223857879638672,0.2922024726867676,3.447063446044922,0.0,0.0,2.400411605834961,0.360076904296875,4.314779281616211,0.0,0.0,2.3237907886505127,0.36404991149902344,4.179682970046997,0.0,0.0,1.560312271118164,0.3116321563720703,3.3554317951202393,0.0,0.0,1.6804313659667969,0.2978172302246094,3.4760665893554688,0.0,0.0,1.5380359888076782,0.2981910705566406,3.365918278694153,0.0,0.0,1.5241824388504028,0.3413734436035156,3.5326777696609497,0.0,0.0,1.4455153942108154,0.30208754539489746,3.2816797494888306,0.0,0.0,2.006809949874878,0.38933372497558594,4.224780321121216,0.0,0.0,2.090846061706543,0.40187931060791016,4.255328178405762,0.0,0.0,2.4862210750579834,0.3889312744140625,5.35783839225769,0.0,0.0,2.912501871585846,0.45008015632629395,6.101725399494171,0.0,0.0
118,hallucinated,22,0.68115234375,9.029613077640533,0.9376977682113647,17.6959331035614,0.00020599365234375,0.0003542900085449219,7.737099707126617,0.8304330110549927,14.705378770828247,0.03710198402404785,0.03710198402404785,8.1148362159729,0.8595809936523438,15.531693994998932,0.020984649658203125,0.035541534423828125,1.3488502502441406,0.1710205078125,2.6328296661376953,0.0,0.0,1.1602783203125,0.14745330810546875,2.1957626342773438,0.0,0.0,1.2697458267211914,0.17111968994140625,2.318840980529785,0.0,0.0,1.3046588897705078,0.18683624267578125,2.4268131256103516,0.0,0.0,1.8045387268066406,0.26401519775390625,3.3564796447753906,0.0,0.0,2.3007755279541016,0.32444000244140625,4.040712356567383,0.0,0.0,2.6554107666015625,0.3444023132324219,4.843135833740234,0.0,0.0,2.6497621536254883,0.3557929992675781,4.435185432434082,0.0,0.0,3.1177706718444824,0.47309064865112305,5.056636333465576,0.0,0.0,2.8804707527160645,0.45577096939086914,4.801632404327393,0.0,0.0,2.994764804840088,0.40052032470703125,4.928465366363525,0.0,0.0,3.4765853881835938,0.4476490020751953,5.889104843139648,0.0,0.0,3.978219985961914,0.5149211883544922,6.348676681518555,0.0,0.0,3.661334991455078,0.4829216003417969,6.02349853515625,0.0,0.0,3.386381149291992,0.49187469482421875,5.40664005279541,0.0,0.0,3.7846336364746094,0.4879179000854492,6.204773902893066,0.0,0.0,3.970309257507324,0.4860963821411133,6.240682125091553,0.0,0.0,2.9302300214767456,0.37965548038482666,4.5549076795578,0.0,0.0,3.0760042667388916,0.40514564514160156,4.990371942520142,0.0,0.0,3.065967619419098,0.3961372375488281,4.921859800815582,0.0,0.0,2.290470838546753,0.3116321563720703,4.085590362548828,0.0,0.0,2.4990615844726562,0.36141300201416016,4.294696807861328,0.0,0.0,1.9900093078613281,0.3153667449951172,3.8178915977478027,0.0,0.0,2.3036608695983887,0.39323902130126953,4.3121562004089355,0.0,0.0,2.1291531324386597,0.324249267578125,3.965317487716675,0.0,0.0,2.8339518308639526,0.4886903762817383,5.0519222021102905,0.0,0.0,2.8533811569213867,0.43630409240722656,5.0178632736206055,0.0,0.0,3.1833925247192383,0.4513969421386719,6.055009841918945,0.0,0.0,3.3680578470230103,0.4601404070854187,6.5572813749313354,0.0,0.0
119,grounded,21,0.578125,7.332156181335449,0.9326741695404053,16.893297493457794,0.0,0.0,6.083893001079559,0.854209303855896,13.802347242832184,0.029257357120513916,0.029257357120513916,6.693712055683136,0.8699851036071777,14.848224222660065,0.017116546630859375,0.024217844009399414,1.0820045471191406,0.17461395263671875,2.507661819458008,0.0,0.0,0.9664459228515625,0.1579132080078125,2.0554046630859375,0.0,0.0,0.8574562072753906,0.17679214477539062,2.1116409301757812,0.0,0.0,1.0722732543945312,0.20381927490234375,2.3846397399902344,0.0,0.0,1.3432750701904297,0.27053070068359375,3.103910446166992,0.0,0.0,1.6596031188964844,0.25864410400390625,3.6264114379882812,0.0,0.0,2.1682376861572266,0.3299293518066406,4.64179801940918,0.0,0.0,2.1257171630859375,0.33556365966796875,4.131956100463867,0.0,0.0,2.322010040283203,0.37708282470703125,4.541282653808594,0.0,0.0,2.0134010314941406,0.2929840087890625,4.146051406860352,0.0,0.0,2.4860973358154297,0.38571739196777344,4.629632949829102,0.0,0.0,3.0383453369140625,0.4585418701171875,5.84153938293457,0.0,0.0,3.276003837585449,0.49388790130615234,5.986388206481934,0.0,0.0,2.585733413696289,0.39452362060546875,5.115137100219727,0.0,0.0,2.4903697967529297,0.40792179107666016,4.663695335388184,0.0,0.0,2.92034912109375,0.41852569580078125,5.621516227722168,0.0,0.0,2.2643370628356934,0.37578582763671875,4.703608989715576,0.0,0.0,1.8936767578125,0.3051280975341797,3.7162704467773438,0.0,0.0,2.48098087310791,0.38022422790527344,4.670376777648926,0.0,0.0,2.324658751487732,0.3613901138305664,4.249363303184509,0.0,0.0,1.5562753677368164,0.2803363800048828,3.380303978919983,0.0,0.0,1.7319517135620117,0.293212890625,3.706319808959961,0.0,0.0,1.5635191202163696,0.2908821105957031,3.504522919654846,0.0,0.0,1.5799479484558105,0.3414115905761719,3.7536234855651855,0.0,0.0,1.5078872442245483,0.30246293544769287,3.4964951276779175,0.0,0.0,2.008989095687866,0.4044189453125,4.481189727783203,0.0,0.0,2.1335906982421875,0.38452816009521484,4.438434600830078,0.0,0.0,2.426863670349121,0.37242889404296875,5.441929817199707,0.0,0.0,2.895433783531189,0.4545198678970337,6.557795941829681,0.0,0.0
119,hallucinated,24,0.7021484375,9.983628034591675,0.9420760869979858,19.54476934671402,0.0,0.0,8.527768850326538,0.854209303855896,16.246223092079163,0.029257357120513916,0.029257357120513916,9.087857484817505,0.881352424621582,17.242369651794434,0.015321731567382812,0.03227829933166504,1.4696464538574219,0.17461395263671875,2.895303726196289,0.0,0.0,1.2570037841796875,0.143890380859375,2.3459625244140625,0.0,0.0,1.4558124542236328,0.17679214477539062,2.7099971771240234,0.0,0.0,1.5466899871826172,0.20381927490234375,2.8590564727783203,0.0,0.0,2.2032852172851562,0.27053070068359375,3.9639205932617188,0.0,0.0,2.5284767150878906,0.3229866027832031,4.4952850341796875,0.0,0.0,3.0794010162353516,0.3511390686035156,5.552961349487305,0.0,0.0,2.9703760147094727,0.3361091613769531,4.976614952087402,0.0,0.0,3.5659189224243164,0.4815492630004883,5.785191535949707,0.0,0.0,3.035220146179199,0.44499683380126953,5.16787052154541,0.0,0.0,3.6183090209960938,0.415130615234375,5.761844635009766,0.0,0.0,3.952211380004883,0.4683990478515625,6.755405426025391,0.0,0.0,4.693355560302734,0.5031833648681641,7.403739929199219,0.0,0.0,3.9145374298095703,0.45714569091796875,6.443941116333008,0.0,0.0,3.980402946472168,0.4767446517944336,6.153728485107422,0.0,0.0,4.311583518981934,0.4873008728027344,7.012750625610352,0.0,0.0,4.5135908126831055,0.49854373931884766,6.952862739562988,0.0,0.0,3.411633014678955,0.3572235107421875,5.234226703643799,0.0,0.0,3.778940200805664,0.4535093307495117,5.96833610534668,0.0,0.0,3.4349043369293213,0.42088890075683594,5.359608888626099,0.0,0.0,2.2531261444091797,0.2803363800048828,4.077154755592346,0.0,0.0,3.0855960845947266,0.37589263916015625,5.059964179992676,0.0,0.0,2.1226468086242676,0.2908821105957031,4.063650608062744,0.0,0.0,2.8245677947998047,0.3887348175048828,4.99824333190918,0.0,0.0,2.114222526550293,0.2891392707824707,4.102830410003662,0.0,0.0,2.923299252986908,0.41211700439453125,5.395499885082245,0.0,0.0,3.0670132637023926,0.3995075225830078,5.371857166290283,0.0,0.0,3.2584657669067383,0.39975738525390625,6.273531913757324,0.0,0.0,3.8767929673194885,0.4477950930595398,7.539155125617981,0.0,0.0
120,grounded,18,0.52880859375,7.247696876525879,0.9255285263061523,14.150934219360352,0.0,0.0,5.604286313056946,0.8258062601089478,11.303424298763275,0.0,0.0,6.409997999668121,0.8483061790466309,12.437168776988983,0.0,0.0,1.0141677856445312,0.16794967651367188,2.1331748962402344,0.0,0.0,0.934814453125,0.1602020263671875,1.7832870483398438,0.0,0.0,0.9178924560546875,0.1452178955078125,1.8347358703613281,0.0,0.0,1.072601318359375,0.175018310546875,2.0561599731445312,0.0,0.0,1.4406070709228516,0.23852157592773438,2.917287826538086,0.0,0.0,1.6456375122070312,0.26699066162109375,3.091358184814453,0.0,0.0,2.0796051025390625,0.3181610107421875,3.91448974609375,0.0,0.0,2.1450328826904297,0.36081695556640625,3.7023067474365234,0.0,0.0,2.2099246978759766,0.3304462432861328,3.846170425415039,0.0,0.0,2.037860870361328,0.3052864074707031,3.6278295516967773,0.0,0.0,2.499134063720703,0.393585205078125,4.058708190917969,0.0,0.0,2.8651723861694336,0.4404621124267578,4.6683549880981445,0.0,0.0,3.097724437713623,0.4640941619873047,4.8041911125183105,0.0,0.0,2.7977476119995117,0.3738565444946289,4.499503135681152,0.0,0.0,2.262075424194336,0.3569355010986328,3.9282913208007812,0.0,0.0,2.9267683029174805,0.41146135330200195,5.068541526794434,0.0,0.0,2.36739444732666,0.368772029876709,4.187909364700317,0.0,0.0,1.8107314109802246,0.355373740196228,3.1991671323776245,0.0,0.0,2.605609893798828,0.3820075988769531,4.369407653808594,0.0,0.0,2.3193846344947815,0.3794471025466919,3.8880826830863953,0.0,0.0,1.5669803619384766,0.2952556610107422,3.0053212642669678,0.0,0.0,1.6481685638427734,0.2653350830078125,3.225823402404785,0.0,0.0,1.5920230150222778,0.2888641357421875,3.0273371934890747,0.0,0.0,1.5897115468978882,0.28417205810546875,3.2393335103988647,0.0,0.0,1.5457651615142822,0.30533528327941895,3.0938720703125,0.0,0.0,2.0190276503562927,0.3592262268066406,4.090745389461517,0.0,0.0,2.2063608169555664,0.4256629943847656,3.9072999954223633,0.0,0.0,2.461177349090576,0.3932151794433594,4.749586582183838,0.0,0.0,3.0089569091796875,0.4623497724533081,5.814588844776154,0.0,0.0
120,hallucinated,19,0.5986328125,8.125565230846405,0.9404847621917725,15.028802573680878,0.0027093887329101562,0.0027093887329101562,6.345641314983368,0.8258062601089478,12.044779300689697,0.01041334867477417,0.01884591579437256,6.910959005355835,0.8508586883544922,12.938129782676697,0.0,0.0,1.924181342124939,0.574022650718689,3.043188452720642,0.0,0.0,1.8590431213378906,0.5593109130859375,2.7075157165527344,0.0,0.0,1.6592044830322266,0.4475536346435547,2.576047897338867,0.0,0.0,1.6973228454589844,0.36380767822265625,2.6808815002441406,0.0,0.0,2.053889751434326,0.47081851959228516,3.5305705070495605,0.0,0.0,1.9952526092529297,0.26699066162109375,3.4409732818603516,0.0,0.0,2.4310035705566406,0.3374824523925781,4.265888214111328,0.0,0.0,2.5814170837402344,0.3493690490722656,4.138690948486328,0.0,0.0,2.5951671600341797,0.3901557922363281,4.231412887573242,0.0,0.0,2.378061294555664,0.3654136657714844,3.9680299758911133,0.0,0.0,2.860797882080078,0.43286895751953125,4.420372009277344,0.0,0.0,3.1129837036132812,0.42193603515625,4.916166305541992,0.0,0.0,3.6071367263793945,0.5378379821777344,5.313603401184082,0.0,0.0,3.2723617553710938,0.4408531188964844,4.974117279052734,0.0,0.0,3.054781436920166,0.432955265045166,4.720997333526611,0.0,0.0,4.019551753997803,0.5100510120391846,6.161324977874756,0.0,0.0,2.6646499633789062,0.4055442810058594,4.4851648807525635,0.0,0.0,2.0932607650756836,0.355373740196228,3.4816964864730835,0.0,0.0,2.936929702758789,0.40377235412597656,4.700727462768555,0.0,0.0,2.243591785430908,0.3794471025466919,3.812289834022522,0.0,0.0,1.8678569793701172,0.2952556610107422,3.3061978816986084,0.0,0.0,1.7747722268104553,0.26601457595825195,3.352427065372467,0.0,0.0,1.7261395454406738,0.31048059463500977,3.1614537239074707,0.0,0.0,1.323857307434082,0.28417205810546875,2.9734792709350586,0.0,0.0,1.5954768061637878,0.28423285484313965,3.1435837149620056,0.0,0.0,1.8853492736816406,0.3592262268066406,3.9570670127868652,0.0,0.0,1.812734603881836,0.4256629943847656,3.513673782348633,0.0,0.0,2.5015852451324463,0.3545188903808594,4.789994478225708,0.0,0.0,3.3449460864067078,0.4557639956474304,6.150578022003174,0.0,0.0
121,grounded,20,0.580078125,7.3382415771484375,0.9333698749542236,16.04016864299774,0.0005116462707519531,0.0006101131439208984,6.601037919521332,0.8559147119522095,13.593129515647888,0.03657793998718262,0.03657793998718262,5.663328468799591,0.8255665302276611,12.438843011856079,0.026866674423217773,0.026866674423217773,3.953042984008789,0.5948886871337891,7.08687686920166,0.0,0.0,3.913867950439453,0.5819168090820312,6.931663513183594,0.0,0.0,3.651712417602539,0.471649169921875,6.255823135375977,0.0,0.0,2.766754150390625,0.3688812255859375,4.934776306152344,0.0,0.0,2.5057239532470703,0.41265714168548584,4.9066280126571655,0.0,0.0,1.6182098388671875,0.255584716796875,3.3418922424316406,0.0,0.0,2.19075870513916,0.33748626708984375,4.287095069885254,0.0,0.0,2.140911102294922,0.3278350830078125,3.9392318725585938,0.0,0.0,2.4489526748657227,0.3926429748535156,4.541050910949707,0.0,0.0,2.302358627319336,0.3585205078125,4.286022186279297,0.0,0.0,2.685220718383789,0.38901329040527344,4.605657577514648,0.0,0.0,3.2641313076019287,0.4840555191040039,5.763921022415161,0.0,0.0,3.709288239479065,0.5377988815307617,5.74087393283844,0.0,0.0,2.807652473449707,0.40708446502685547,5.054167747497559,0.0,0.0,2.361021041870117,0.35017967224121094,4.239103317260742,0.0,0.0,3.0535287857055664,0.47716188430786133,5.4308977127075195,0.0,0.0,2.5016603469848633,0.3685011863708496,4.6475830078125,0.0,0.0,2.006100654602051,0.30475711822509766,3.730160713195801,0.0,0.0,2.63631010055542,0.4092731475830078,4.568519115447998,0.0,0.0,2.1948697566986084,0.3646965026855469,4.178874731063843,0.0,0.0,1.5344886779785156,0.279571533203125,3.4084103107452393,0.0,0.0,1.7103347778320312,0.3136100769042969,3.437534809112549,0.0,0.0,1.6672115921974182,0.2833061218261719,3.642801821231842,0.0,0.0,1.610067367553711,0.30587196350097656,3.580559015274048,0.0,0.0,1.4106451272964478,0.30037689208984375,3.41189181804657,0.0,0.0,2.091134250164032,0.3777732849121094,4.886073052883148,0.0,0.0,2.2726998329162598,0.3740673065185547,4.680391311645508,0.0,0.0,2.690940260887146,0.4895744323730469,6.0725719928741455,0.0,0.0,2.9732333421707153,0.4653106927871704,6.756007969379425,0.0,0.0
121,hallucinated,23,0.5703125,10.06055098772049,0.9430302381515503,18.762478053569794,0.0034706592559814453,0.00639110803604126,9.12062919139862,0.8630147576332092,16.113355696201324,0.03657793998718262,0.061936914920806885,8.175733089447021,0.8503427505493164,14.95124763250351,0.026866674423217773,0.026866674423217773,6.528028249740601,0.6851367950439453,9.661862134933472,0.0,0.0,6.490161895751953,0.6653041839599609,9.507957458496094,0.0,0.0,5.867755889892578,0.605804443359375,8.471866607666016,0.0,0.0,4.631935119628906,0.4942512512207031,6.799957275390625,0.0,0.0,4.277288734912872,0.5295622944831848,6.6781927943229675,0.0,0.0,2.5208969116210938,0.3498344421386719,4.244579315185547,0.0,0.0,2.7716522216796875,0.3331794738769531,4.867988586425781,0.0,0.0,3.190448760986328,0.4043693542480469,4.98876953125,0.0,0.0,3.6350669860839844,0.49434661865234375,5.727165222167969,0.0,0.0,2.958855628967285,0.38924312591552734,4.942519187927246,0.0,0.0,3.506103515625,0.48534393310546875,5.426540374755859,0.0,0.0,3.976865768432617,0.48555994033813477,6.47665548324585,0.0,0.0,4.135138034820557,0.4892730712890625,6.166723728179932,0.0,0.0,3.599822998046875,0.3995819091796875,5.846338272094727,0.0,0.0,3.3644580841064453,0.456298828125,5.24254035949707,0.0,0.0,4.128279089927673,0.4639943838119507,6.5056480169296265,0.0,0.0,3.2791953086853027,0.42773866653442383,5.4251179695129395,0.0,0.0,3.361182391643524,0.36922407150268555,5.085242450237274,0.0,0.0,3.505868911743164,0.4381141662597656,5.438077926635742,0.0,0.0,3.2106857299804688,0.41611194610595703,5.194690704345703,0.0,0.0,2.377863883972168,0.3096451759338379,4.251785516738892,0.0,0.0,2.5123744010925293,0.3517489433288574,4.239574432373047,0.0,0.0,2.4837207794189453,0.3266124725341797,4.459311008453369,0.0,0.0,2.348006248474121,0.3040494918823242,4.318497896194458,0.0,0.0,2.022150993347168,0.30037689208984375,4.02339768409729,0.0,0.0,3.179450571537018,0.406233012676239,5.974389374256134,0.0,0.0,3.014651298522949,0.3977088928222656,5.422342777252197,0.0,0.0,3.786240577697754,0.4895744323730469,7.167872309684753,0.0,0.0,4.137717545032501,0.4653106927871704,7.920492172241211,0.0,0.0
122,grounded,16,0.5546875,5.420390605926514,0.9197278022766113,12.40547001361847,0.0,0.0,4.604940056800842,0.7933671474456787,9.912465631961823,0.0647318959236145,0.0647318959236145,4.042142629623413,0.7553415298461914,9.175059795379639,0.058504343032836914,0.058504343032836914,0.7466926574707031,0.1619396209716797,1.778463363647461,0.0,0.0,0.658660888671875,0.1460113525390625,1.5062026977539062,0.0,0.0,0.6136093139648438,0.132843017578125,1.4384613037109375,0.0,0.0,0.7787246704101562,0.16753387451171875,1.66900634765625,0.0,0.0,0.8882179260253906,0.2110595703125,2.132160186767578,0.0,0.0,1.1324691772460938,0.27651214599609375,2.5532798767089844,0.0,0.0,1.5968503952026367,0.2878751754760742,3.236138343811035,0.0,0.0,1.4841117858886719,0.27825164794921875,2.7896461486816406,0.0,0.0,1.6489143371582031,0.3072776794433594,3.199054718017578,0.0,0.0,1.6195602416992188,0.3086433410644531,3.0958328247070312,0.0,0.0,2.0662841796875,0.3805351257324219,3.3190040588378906,0.0,0.0,2.12949275970459,0.4069938659667969,3.879545211791992,0.0,0.0,2.4724607467651367,0.4800300598144531,4.083270072937012,0.0,0.0,2.220949172973633,0.40297985076904297,3.838319778442383,0.0,0.0,1.989933967590332,0.3774526119232178,3.3538596630096436,0.0,0.0,2.216336250305176,0.4338254928588867,4.108176231384277,0.0,0.0,1.6783037185668945,0.31051158905029297,3.374763011932373,0.0,0.0,1.240203857421875,0.26708984375,2.535647392272949,0.0,0.0,1.7996740341186523,0.3596458435058594,3.349257469177246,0.0,0.0,1.4138765335083008,0.30603599548339844,2.7879133224487305,0.0,0.0,1.2474098205566406,0.2612266540527344,2.711902618408203,0.0,0.0,1.177480697631836,0.23591995239257812,2.5657730102539062,0.0,0.0,1.1481132507324219,0.2930927276611328,2.6522750854492188,0.0,0.0,1.3130860328674316,0.2801933288574219,2.863190174102783,0.0,0.0,1.044877052307129,0.2944861650466919,2.603303074836731,0.0,0.0,1.7375986576080322,0.3588266372680664,3.7603564262390137,0.0,0.0,1.7546870708465576,0.40219950675964355,3.5821197032928467,0.0,0.0,1.7938556671142578,0.3466367721557617,4.147200584411621,0.0,0.0,2.1025909185409546,0.4236675500869751,4.909821152687073,0.0,0.0
122,hallucinated,20,0.478271484375,9.107914924621582,0.9383673667907715,16.092994332313538,0.0010445117950439453,0.0010445117950439453,7.870216131210327,0.8195240497589111,13.18794870376587,0.0647318959236145,0.10922741889953613,7.072870492935181,0.7742714881896973,12.205787658691406,0.058504343032836914,0.058504343032836914,1.207763671875,0.1619396209716797,2.239534378051758,0.0,0.0,1.0998573303222656,0.1460113525390625,1.9473991394042969,0.0,0.0,1.1056289672851562,0.15152740478515625,1.93048095703125,0.0,0.0,1.4155921936035156,0.1728515625,2.3058738708496094,0.0,0.0,1.9505491256713867,0.23546218872070312,3.194491386413574,0.0,0.0,2.3328475952148438,0.3161430358886719,3.7536582946777344,0.0,0.0,2.615232467651367,0.3098602294921875,4.254520416259766,0.0,0.0,2.7233877182006836,0.338623046875,4.028922080993652,0.0,0.0,2.798783302307129,0.3371706008911133,4.348923683166504,0.0,0.0,2.9703445434570312,0.3936004638671875,4.446617126464844,0.0,0.0,2.950927734375,0.3869171142578125,4.203647613525391,0.0,0.0,3.6667633056640625,0.5115871429443359,5.416815757751465,0.0,0.0,3.9233617782592773,0.49393463134765625,5.534171104431152,0.0,0.0,3.1638965606689453,0.43737220764160156,4.781267166137695,0.0,0.0,3.1730947494506836,0.3938484191894531,4.537020444869995,0.0,0.0,3.7403135895729065,0.4711017608642578,5.632153570652008,0.0,0.0,3.0103421211242676,0.46384096145629883,4.706801414489746,0.0,0.0,2.7734196186065674,0.3661966323852539,4.068863153457642,0.0,0.0,2.7770023345947266,0.4412841796875,4.32658576965332,0.0,0.0,2.4788780212402344,0.4359464645385742,3.852914810180664,0.0,0.0,2.2352888584136963,0.37781596183776855,3.699781656265259,0.0,0.0,2.246596336364746,0.32895946502685547,3.6348886489868164,0.0,0.0,2.377230644226074,0.2855720520019531,3.881392478942871,0.0,0.0,2.152264356613159,0.35031890869140625,3.7023684978485107,0.0,0.0,2.0268688201904297,0.3701953887939453,3.5852948427200317,0.0,0.0,2.7392914295196533,0.3921182155609131,4.762049198150635,0.0,0.0,2.8299217224121094,0.4048442840576172,4.657354354858398,0.0,0.0,3.338780403137207,0.4103522300720215,5.69212532043457,0.0,0.0,3.7890519499778748,0.4840424060821533,6.596282184123993,0.0,0.0
123,grounded,20,0.58935546875,5.512843728065491,0.9312734603881836,15.922241151332855,0.0,0.0,4.750578999519348,0.8150615692138672,13.299378097057343,0.027505040168762207,0.027505040168762207,3.7528562545776367,0.8174467086791992,12.47964483499527,0.02926456928253174,0.02926456928253174,3.034921646118164,0.5840862989425659,6.600106120109558,0.0,0.0,3.0322723388671875,0.5689697265625,6.439735412597656,0.0,0.0,2.5855140686035156,0.4504241943359375,5.441196441650391,0.0,0.0,2.0075759887695312,0.37270355224609375,4.415214538574219,0.0,0.0,1.7136459350585938,0.4133557677268982,4.243834435939789,0.0,0.0,1.1327362060546875,0.2822723388671875,3.1888370513916016,0.0,0.0,1.534088134765625,0.2870292663574219,3.8596534729003906,0.0,0.0,1.5903892517089844,0.33905792236328125,3.4678077697753906,0.0,0.0,1.7935380935668945,0.3343505859375,3.822176933288574,0.0,0.0,1.5633525848388672,0.3000030517578125,3.4832353591918945,0.0,0.0,1.9317893981933594,0.37631988525390625,3.5810699462890625,0.0,0.0,2.3707075119018555,0.45825958251953125,4.711389541625977,0.0,0.0,2.4336204528808594,0.47455596923828125,4.728271484375,0.0,0.0,2.197564125061035,0.4123039245605469,4.542344093322754,0.0,0.0,2.0553131103515625,0.38425254821777344,4.093725204467773,0.0,0.0,2.4886059761047363,0.48344945907592773,5.13670015335083,0.0,0.0,1.7840299606323242,0.41015052795410156,3.9967830181121826,0.0,0.0,1.4780197143554688,0.34865617752075195,3.3042526245117188,0.0,0.0,1.8621559143066406,0.3682594299316406,4.038127899169922,0.0,0.0,1.5823183059692383,0.3822202682495117,3.7386550903320312,0.0,0.0,1.3040428161621094,0.31230735778808594,3.33060759305954,0.0,0.0,1.4067440032958984,0.2812232971191406,3.4984378814697266,0.0,0.0,1.1325371265411377,0.3404045104980469,3.7135074138641357,0.0,0.0,1.2377548217773438,0.3178071975708008,3.5902769565582275,0.0,0.0,1.0202150344848633,0.32962512969970703,3.5573028326034546,0.0,0.0,1.6075010299682617,0.4356193542480469,4.910067439079285,0.0,0.0,1.6865806579589844,0.43592023849487305,4.495785236358643,0.0,0.0,1.794382095336914,0.417236328125,5.4456785917282104,0.0,0.0,2.0462751984596252,0.4991869330406189,6.642070293426514,0.0,0.0
123,hallucinated,25,0.65283203125,10.157363474369049,0.9408292770385742,20.566760897636414,0.017098069190979004,0.017772793769836426,8.812409937381744,0.8314075469970703,17.36120903491974,0.0452498197555542,0.0727548599243164,7.02409565448761,0.8174467086791992,15.750884234905243,0.02926456928253174,0.02926456928253174,5.675416946411133,0.5840862989425659,9.240601420402527,0.0,0.0,5.6400909423828125,0.5689697265625,9.047554016113281,0.0,0.0,4.968923091888428,0.50042724609375,7.824605464935303,0.0,0.0,3.8996734619140625,0.382415771484375,6.30731201171875,0.0,0.0,3.4866065979003906,0.4133557677268982,6.016795098781586,0.0,0.0,2.582050323486328,0.2954559326171875,4.638151168823242,0.0,0.0,2.9372406005859375,0.3205718994140625,5.262805938720703,0.0,0.0,3.5001754760742188,0.4193305969238281,5.377593994140625,0.0,0.0,3.7815895080566406,0.4356498718261719,5.81022834777832,0.0,0.0,3.1276512145996094,0.36843109130859375,5.047533988952637,0.0,0.0,4.144746780395508,0.4996681213378906,5.794027328491211,0.0,0.0,4.622954845428467,0.4918098449707031,6.963636875152588,0.0,0.0,5.050644874572754,0.5460605621337891,7.3452959060668945,0.0,0.0,3.7749595642089844,0.4198799133300781,6.119739532470703,0.0,0.0,4.214916229248047,0.47643089294433594,6.253328323364258,0.0,0.0,4.655080795288086,0.5186328887939453,7.30317497253418,0.0,0.0,3.601003646850586,0.4264345169067383,5.813756704330444,0.0,0.0,3.136943757534027,0.36024218797683716,4.963176667690277,0.0,0.0,3.5957021713256836,0.4076957702636719,5.771674156188965,0.0,0.0,3.0712175369262695,0.3822202682495117,5.2275543212890625,0.0,0.0,2.4316964745521545,0.32076364755630493,4.458261251449585,0.0,0.0,2.9691362380981445,0.3275642395019531,5.060830116271973,0.0,0.0,2.3876655101776123,0.3404045104980469,4.96863579750061,0.0,0.0,2.5488333702087402,0.3194141387939453,4.901355504989624,0.0,0.0,2.472691059112549,0.32962512969970703,5.00977885723114,0.0,0.0,3.275174856185913,0.4356193542480469,6.577741265296936,0.0,0.0,3.030517101287842,0.4663081169128418,5.8397216796875,0.0,0.0,3.6072723865509033,0.417236328125,7.2585688829422,0.0,0.0,4.21276730298996,0.4991869330406189,8.808562397956848,0.0,0.0
124,grounded,16,0.58349609375,5.389388799667358,0.9165737628936768,12.342818975448608,0.0,0.0,4.333747744560242,0.7737635374069214,9.848296344280243,0.059230148792266846,0.059230148792266846,4.876430988311768,0.8480935096740723,10.632031083106995,0.05269467830657959,0.05269467830657959,0.7315673828125,0.18485641479492188,1.7923812866210938,0.0,0.0,0.6708602905273438,0.12432861328125,1.516082763671875,0.0,0.0,0.5615768432617188,0.1767120361328125,1.54193115234375,0.0,0.0,0.7742233276367188,0.14745330810546875,1.6442642211914062,0.0,0.0,0.8617477416992188,0.20323944091796875,2.103015899658203,0.0,0.0,1.122467041015625,0.23326873779296875,2.6412582397460938,0.0,0.0,1.4620399475097656,0.28251075744628906,3.3998641967773438,0.0,0.0,1.4146499633789062,0.294158935546875,2.8554306030273438,0.0,0.0,1.660726547241211,0.3453407287597656,3.4681568145751953,0.0,0.0,1.4824752807617188,0.27246856689453125,3.0813350677490234,0.0,0.0,1.9640579223632812,0.4034767150878906,3.6608200073242188,0.0,0.0,2.2552340030670166,0.4478130340576172,4.488874673843384,0.0,0.0,2.365907669067383,0.47534751892089844,4.560800552368164,0.0,0.0,2.046046257019043,0.37299442291259766,3.9505910873413086,0.0,0.0,2.1387510299682617,0.4191741943359375,4.183947563171387,0.0,0.0,2.1382598876953125,0.4072856903076172,4.392766952514648,0.0,0.0,1.618128776550293,0.3687562942504883,3.473721981048584,0.0,0.0,1.3151588439941406,0.2910900115966797,2.9097557067871094,0.0,0.0,1.6059341430664062,0.3124961853027344,3.3778152465820312,0.0,0.0,1.4332141876220703,0.37274837493896484,3.1259050369262695,0.0,0.0,1.080108642578125,0.2592639923095703,2.5865917205810547,0.0,0.0,1.2974014282226562,0.2809486389160156,2.9048595428466797,0.0,0.0,1.122887134552002,0.3168601989746094,2.7809948921203613,0.0,0.0,1.2893186807632446,0.35071563720703125,3.0684696435928345,0.0,0.0,0.9025993347167969,0.2793426513671875,2.5526275634765625,0.0,0.0,1.5838963985443115,0.3922281265258789,3.567758798599243,0.0,0.0,1.5996818542480469,0.39386510848999023,3.5827784538269043,0.0,0.0,1.8057284355163574,0.36576032638549805,4.171420574188232,0.0,0.0,2.1195009350776672,0.42853736877441406,4.9567009806633,0.0,0.0
124,hallucinated,18,0.693359375,7.146306276321411,0.927964448928833,14.099736452102661,0.005949974060058594,0.005949974060058594,5.992476940155029,0.8208564519882202,11.50702553987503,0.059230148792266846,0.06198328733444214,6.195847749710083,0.8378086090087891,11.95144784450531,0.05269467830657959,0.084159255027771,1.0900402069091797,0.18485641479492188,2.1508541107177734,0.0,0.0,0.8919754028320312,0.1384735107421875,1.7371978759765625,0.0,0.0,1.014129638671875,0.1767120361328125,1.9944839477539062,0.0,0.0,0.9462852478027344,0.14453125,1.8163261413574219,0.0,0.0,1.5188732147216797,0.22708892822265625,2.760141372680664,0.0,0.0,1.8227405548095703,0.3221893310546875,3.341531753540039,0.0,0.0,2.141796112060547,0.3558540344238281,4.079620361328125,0.0,0.0,1.9436712265014648,0.3144264221191406,3.3844518661499023,0.0,0.0,2.574676513671875,0.4407997131347656,4.382106781005859,0.0,0.0,2.134169101715088,0.3996701240539551,3.7330288887023926,0.0,0.0,2.6723947525024414,0.4676704406738281,4.369156837463379,0.0,0.0,2.813955783843994,0.4627547264099121,5.047596454620361,0.0,0.0,3.0197067260742188,0.4799346923828125,5.214599609375,0.0,0.0,2.614154815673828,0.3860321044921875,4.518699645996094,0.0,0.0,3.1210498809814453,0.5050754547119141,5.16624641418457,0.0,0.0,3.2195558547973633,0.5164785385131836,5.474062919616699,0.0,0.0,3.1323636770248413,0.4891723394393921,4.987956881523132,0.0,0.0,2.4817289113998413,0.35015547275543213,4.07632577419281,0.0,0.0,2.4576942920684814,0.3767261505126953,4.2295753955841064,0.0,0.0,2.5451499223709106,0.37274837493896484,4.23784077167511,0.0,0.0,1.761488914489746,0.2815999984741211,3.267971992492676,0.0,0.0,2.0254993438720703,0.3290081024169922,3.6329574584960938,0.0,0.0,1.7427864074707031,0.3168601989746094,3.4008941650390625,0.0,0.0,2.089533805847168,0.3631174564361572,3.868684768676758,0.0,0.0,1.682344913482666,0.28343629837036133,3.3323731422424316,0.0,0.0,2.1885968446731567,0.40792274475097656,4.172459244728088,0.0,0.0,2.325002670288086,0.39386510848999023,4.308099269866943,0.0,0.0,2.525588035583496,0.3711872100830078,4.891280174255371,0.0,0.0,2.9904487133026123,0.45186150074005127,5.827648758888245,0.0,0.0
125,grounded,18,0.499267578125,5.475531816482544,0.9266765117645264,14.165826737880707,0.00040912628173828125,0.00040912628173828125,4.760858535766602,0.8132169842720032,11.587550640106201,0.03750729560852051,0.03750729560852051,4.173216223716736,0.779273271560669,10.705464243888855,0.0372774600982666,0.0372774600982666,0.7591438293457031,0.15082550048828125,2.065338134765625,0.0,0.0,0.6587677001953125,0.14295196533203125,1.6694965362548828,0.0,0.0,0.60650634765625,0.13661956787109375,1.6173248291015625,0.0,0.0,0.7842636108398438,0.16921234130859375,1.9424591064453125,0.0,0.0,0.8584480285644531,0.20348739624023438,2.285858154296875,0.0,0.0,1.1605300903320312,0.27033424377441406,2.982982635498047,0.0,0.0,1.636134147644043,0.2981681823730469,3.8429250717163086,0.0,0.0,1.736968994140625,0.3503303527832031,3.4627456665039062,0.0,0.0,1.7764205932617188,0.3335151672363281,3.9192752838134766,0.0,0.0,1.8351268768310547,0.33858489990234375,3.990041732788086,0.0,0.0,2.1187667846679688,0.386962890625,4.138301849365234,0.0,0.0,2.420614242553711,0.4720726013183594,4.877702713012695,0.0,0.0,2.713149070739746,0.5380630493164062,5.121657371520996,0.0,0.0,2.252840995788574,0.42669677734375,4.634779930114746,0.0,0.0,2.051680564880371,0.39937877655029297,4.162234306335449,0.0,0.0,2.4359655380249023,0.4564552307128906,4.976498603820801,0.0,0.0,1.8568115234375,0.3579216003417969,4.153156280517578,0.0,0.0,1.496408462524414,0.292877197265625,3.3024940490722656,0.0,0.0,1.8931293487548828,0.3616828918457031,4.113550186157227,0.0,0.0,1.5681438446044922,0.3424510955810547,3.6309938430786133,0.0,0.0,1.2980880737304688,0.2820091247558594,3.270514726638794,0.0,0.0,1.2432975769042969,0.26667213439941406,3.1435441970825195,0.0,0.0,1.1439790725708008,0.3404197692871094,3.3411359786987305,0.0,0.0,1.4488189220428467,0.35402870178222656,3.6697871685028076,0.0,0.0,1.1115474700927734,0.3196672797203064,3.25664085149765,0.0,0.0,1.6593728065490723,0.41178131103515625,4.392792701721191,0.0,0.0,1.8341712951660156,0.40682315826416016,4.191433906555176,0.0,0.0,1.9763457775115967,0.4191160202026367,5.176952600479126,0.0,0.0,2.2058792114257812,0.4621056318283081,5.894595444202423,0.0,0.0
125,hallucinated,20,0.490966796875,7.308821678161621,0.9267120361328125,15.999116599559784,0.0,0.0,6.462488889694214,0.8360280990600586,13.299441635608673,0.03750729560852051,0.03848576545715332,5.680567741394043,0.7872381210327148,12.212815761566162,0.0372774600982666,0.0372774600982666,1.0328407287597656,0.17834091186523438,2.3390350341796875,0.0,0.0,0.8305397033691406,0.14295196533203125,1.841268539428711,0.0,0.0,0.9557380676269531,0.1438446044921875,1.9665565490722656,0.0,0.0,1.1548614501953125,0.17026519775390625,2.3130569458007812,0.0,0.0,1.5237998962402344,0.2404632568359375,2.9512100219726562,0.0,0.0,1.8459491729736328,0.2967071533203125,3.6684017181396484,0.0,0.0,2.270925521850586,0.3508567810058594,4.477716445922852,0.0,0.0,2.4103808403015137,0.3606300354003906,4.136157512664795,0.0,0.0,2.6786632537841797,0.413848876953125,4.8215179443359375,0.0,0.0,2.6421871185302734,0.43312835693359375,4.797101974487305,0.0,0.0,2.8045034408569336,0.4318504333496094,4.824038505554199,0.0,0.0,3.171812057495117,0.45099639892578125,5.628900527954102,0.0,0.0,3.6050448417663574,0.5493216514587402,6.013553142547607,0.0,0.0,2.7502517700195312,0.3864288330078125,5.132190704345703,0.0,0.0,3.023700714111328,0.4449176788330078,5.134254455566406,0.0,0.0,3.263279914855957,0.4664421081542969,5.8038129806518555,0.0,0.0,3.0537004470825195,0.45476531982421875,5.350045204162598,0.0,0.0,2.630178928375244,0.3741874694824219,4.436264514923096,0.0,0.0,2.8636951446533203,0.4691791534423828,5.084115982055664,0.0,0.0,2.638741970062256,0.46898412704467773,4.701591968536377,0.0,0.0,1.8695259094238281,0.37368297576904297,3.8419525623321533,0.0,0.0,1.995478630065918,0.2904701232910156,3.8957252502441406,0.0,0.0,1.9951908588409424,0.3404197692871094,4.192347764968872,0.0,0.0,2.2701034545898438,0.41167259216308594,4.491071701049805,0.0,0.0,1.9672126770019531,0.3417978286743164,4.11230605840683,0.0,0.0,2.417777895927429,0.41257572174072266,5.151197791099548,0.0,0.0,2.530496835708618,0.4021625518798828,4.887759447097778,0.0,0.0,2.570617198944092,0.4191160202026367,5.771224021911621,0.0,0.0,2.914483428001404,0.4449000954627991,6.603199660778046,0.0,0.0
126,grounded,45,0.740234375,19.718984603881836,0.9611067771911621,39.292448937892914,0.012690544128417969,0.03513234853744507,18.06882882118225,0.9002619981765747,34.83260667324066,0.017240405082702637,0.0423283576965332,16.912942230701447,0.8780767917633057,33.09811747074127,0.02116447687149048,0.02116447687149048,13.253243803977966,0.6883103847503662,22.33707058429718,0.0,0.0,13.13978385925293,0.6735420227050781,22.001283645629883,0.0,0.0,11.967828512191772,0.6406090259552002,19.931363821029663,0.0,0.0,9.483821868896484,0.519287109375,15.639957427978516,0.0,0.0,9.01526790857315,0.5333859324455261,15.033468902111053,0.0,0.0,5.230312347412109,0.3387584686279297,9.192481994628906,0.0,0.0,6.389572441577911,0.40793609619140625,11.425847828388214,0.0,0.0,7.150426864624023,0.4186830520629883,11.336387634277344,0.0,0.0,8.07859206199646,0.5261249542236328,12.763197660446167,0.0,0.0,7.024019718170166,0.4449930191040039,11.457581102848053,0.0,0.0,8.67962384223938,0.5288801193237305,13.183686017990112,0.0,0.0,9.262762069702148,0.5651531219482422,15.48432731628418,0.0,0.0,8.826370239257812,0.5868711471557617,14.011662483215332,0.0,0.0,8.040069818496704,0.5037639141082764,13.323371171951294,0.0,0.0,8.438482761383057,0.556523323059082,13.133425235748291,0.0,0.0,8.096274852752686,0.4965810775756836,13.78696346282959,0.0,0.0,8.517455697059631,0.5494279861450195,13.378616452217102,0.0,0.0,7.164576590061188,0.43646031618118286,11.344602286815643,0.0,0.0,7.38589608669281,0.5433659553527832,11.92038094997406,0.0,0.0,6.5388986468315125,0.4299887418746948,10.583974063396454,0.0,0.0,4.63090455532074,0.323455810546875,8.346397280693054,0.0,0.0,5.642355680465698,0.40032958984375,9.783064007759094,0.0,0.0,4.189405202865601,0.3560323715209961,7.92077898979187,0.0,0.0,5.033143758773804,0.394244909286499,9.128806352615356,0.0,0.0,4.542630672454834,0.39896726608276367,8.395002841949463,0.0,0.0,6.329777836799622,0.5115644931793213,11.92524790763855,0.0,0.0,6.8178790807724,0.47165966033935547,12.618335604667664,0.0,0.0,12.989060401916504,0.6856527328491211,24.141840636730194,0.0,0.0,13.609661757946014,0.7123293876647949,25.869175493717194,0.01396799087524414,0.03221631050109863
126,hallucinated,45,0.740234375,19.717785120010376,0.9609014987945557,39.291249454021454,0.012690544128417969,0.03513234853744507,18.112230479717255,0.9002619981765747,34.876008331775665,0.017240405082702637,0.0423283576965332,16.901541471481323,0.8780767917633057,33.08671671152115,0.02116447687149048,0.02116447687149048,13.245850920677185,0.6883103847503662,22.3296777009964,0.0,0.0,13.134183883666992,0.6735420227050781,21.995683670043945,0.0,0.0,11.959192037582397,0.6406090259552002,19.922727346420288,0.0,0.0,9.487133026123047,0.519287109375,15.643268585205078,0.0,0.0,9.013043940067291,0.5333859324455261,15.031244933605194,0.0,0.0,5.236080169677734,0.3387584686279297,9.198249816894531,0.0,0.0,6.408172905445099,0.40793609619140625,11.444448292255402,0.0,0.0,7.238248825073242,0.4186830520629883,11.424209594726562,0.0,0.0,8.182771444320679,0.5261249542236328,12.867377042770386,0.0,0.0,7.0614190101623535,0.4449930191040039,11.49498039484024,0.0,0.0,8.813054323196411,0.5288801193237305,13.317116498947144,0.0,0.0,9.354961395263672,0.5651531219482422,15.576526641845703,0.0,0.0,8.96051025390625,0.5868711471557617,14.14580249786377,0.0,0.0,8.123808145523071,0.5037639141082764,13.407109498977661,0.0,0.0,8.495970249176025,0.556523323059082,13.19091272354126,0.0,0.0,8.134178638458252,0.4965810775756836,13.824867248535156,0.0,0.0,8.534129738807678,0.5494279861450195,13.395290493965149,0.0,0.0,7.179091513156891,0.43646031618118286,11.359117209911346,0.0,0.0,7.414391875267029,0.5433659553527832,11.948876738548279,0.0,0.0,6.568340480327606,0.4299887418746948,10.613415896892548,0.0,0.0,4.653960585594177,0.323455810546875,8.369453310966492,0.0,0.0,5.709490537643433,0.40032958984375,9.850198864936829,0.0,0.0,4.230652570724487,0.3560323715209961,7.962026357650757,0.0,0.0,5.065995931625366,0.394244909286499,9.161658525466919,0.0,0.0,4.60405969619751,0.39896726608276367,8.456431865692139,0.0,0.0,6.373627781867981,0.5115644931793213,11.96909785270691,0.0,0.0,6.804947257041931,0.47165966033935547,12.605403780937195,0.0,0.0,13.012433052062988,0.6856527328491211,24.16521328687668,0.0,0.0,13.633959472179413,0.7123293876647949,25.893473207950592,0.01396799087524414,0.02234673500061035
127,grounded,24,0.6298828125,3.7311811447143555,0.9407405853271484,19.617281317710876,0.0,0.0,3.3384023904800415,0.8466779589653015,16.386539578437805,0.02036970853805542,0.04054611921310425,2.8864508271217346,0.8350871801376343,15.243378281593323,0.04495722055435181,0.1156572699546814,1.9892311096191406,0.5929274559020996,8.79994249343872,0.0,0.0,1.9326972961425781,0.5799942016601562,8.538820266723633,0.0,0.0,1.8507080078125,0.4754180908203125,7.920188903808594,0.0,0.0,1.3183975219726562,0.3791332244873047,6.192829847335815,0.0,0.0,1.1503639221191406,0.39031267166137695,6.028187274932861,0.0,0.0,0.6368484497070312,0.2933006286621094,4.148075103759766,0.0,0.0,0.9338836669921875,0.40015411376953125,5.3036651611328125,0.0,0.0,1.0471954345703125,0.4132413864135742,4.891736030578613,0.0,0.0,1.0671958923339844,0.4457664489746094,5.512408256530762,0.0,0.0,0.9188575744628906,0.40216827392578125,4.753502190113068,0.0,0.0,0.9238338470458984,0.3852691650390625,4.640913009643555,0.0,0.0,1.2795681953430176,0.4455585479736328,6.1157355308532715,0.0,0.0,1.5406677722930908,0.4362335205078125,5.7728588581085205,0.0,0.0,1.1963958740234375,0.38417625427246094,5.370068550109863,0.0,0.0,0.8563861846923828,0.35589027404785156,4.652414321899414,0.0,0.0,1.1656455993652344,0.3634684085845947,5.868911981582642,0.0,0.0,1.0584430694580078,0.2960548400878906,5.050830841064453,0.0,0.0,0.6282730102539062,0.28147459030151367,4.113513469696045,0.0,0.0,0.8803253173828125,0.32096099853515625,4.878983497619629,0.0,0.0,0.8372344970703125,0.33070945739746094,4.246709823608398,0.0,0.0,0.6148796081542969,0.2642059326171875,3.7219784259796143,0.0,0.0,0.8190829753875732,0.3078765869140625,4.340473890304565,0.0,0.0,0.7044563293457031,0.3301734924316406,4.431795239448547,0.0,0.0,0.8294334411621094,0.3086528778076172,4.237461090087891,0.0,0.0,0.9753732681274414,0.30985450744628906,4.573864221572876,0.0,0.0,1.1589981317520142,0.39943867921829224,5.75443571805954,0.0,0.0,1.2700748443603516,0.4762916564941406,5.765348434448242,0.0,0.0,2.415319502353668,0.6706743240356445,9.903690874576569,0.0,0.0,2.4698400497436523,0.6758551001548767,11.389037370681763,0.0,0.0
127,hallucinated,38,0.73974609375,16.795891106128693,0.9651058912277222,32.681991279125214,0.012472391128540039,0.01411128044128418,15.321671843528748,0.8903853893280029,28.369397819042206,0.02034682035446167,0.041278958320617676,13.566430270671844,0.8552346229553223,25.923236548900604,0.044872820377349854,0.11576265096664429,10.358650088310242,0.6793098449707031,17.169546961784363,0.0,0.0,10.297067642211914,0.6712303161621094,16.903457641601562,0.0,0.0,9.627731323242188,0.6321496963500977,15.697572708129883,0.0,0.0,7.535421371459961,0.5057220458984375,12.410187244415283,0.0,0.0,7.076598584651947,0.5283288359642029,11.95476907491684,0.0,0.0,4.722893238067627,0.3474311828613281,8.232094287872314,0.0,0.0,5.652597427368164,0.39991188049316406,10.022401809692383,0.0,0.0,6.082656741142273,0.44531476497650146,9.927986979484558,0.0,0.0,7.280658721923828,0.5952081680297852,11.725178718566895,0.0,0.0,5.7196491956710815,0.4865303039550781,9.554248034954071,0.0,0.0,7.171497344970703,0.525543212890625,10.888540267944336,0.0,0.0,7.772189497947693,0.5803898572921753,12.608556151390076,0.0,0.0,8.201807737350464,0.6373262405395508,12.435777425765991,0.0,0.0,7.126338481903076,0.5222263336181641,11.299575328826904,0.0,0.0,6.366972327232361,0.577268123626709,10.163223624229431,0.0,0.0,7.35617995262146,0.512451171875,12.05825424194336,0.0,0.0,7.011492967605591,0.5814437866210938,11.004072427749634,0.0,0.0,5.646908462047577,0.41275763511657715,9.133030593395233,0.0,0.0,6.389201641082764,0.5283985137939453,10.389736652374268,0.0,0.0,5.776710748672485,0.5228145122528076,9.18593430519104,0.0,0.0,4.699020743370056,0.4063892364501953,7.805663228034973,0.0,0.0,5.011892020702362,0.37827420234680176,8.53299206495285,0.0,0.0,4.007376074790955,0.3301963806152344,7.734357714653015,0.0,0.0,4.605644464492798,0.3732156753540039,8.014646768569946,0.0,0.0,4.294485330581665,0.36455774307250977,7.893015384674072,0.0,0.0,5.5023879408836365,0.4979581832885742,10.09776359796524,0.0,0.0,6.454007387161255,0.5033426284790039,10.950045824050903,0.0,0.0,11.31754058599472,0.6854076385498047,18.80925053358078,0.0,0.0,11.82754099369049,0.7161233425140381,20.749490201473236,0.0012731552124023438,0.0012731552124023438
128,grounded,54,0.7646484375,25.462796330451965,0.9683046340942383,47.839643716812134,0.00973653793334961,0.04380643367767334,23.529135286808014,0.9178133010864258,42.40322583913803,0.010906100273132324,0.052452683448791504,22.0920267701149,0.8893097639083862,40.228164196014404,0.018827319145202637,0.018827319145202637,16.45905327796936,0.684337854385376,25.851588010787964,0.0,0.0,16.442092895507812,0.6726264953613281,25.58475112915039,0.0,0.0,15.399056434631348,0.6441230773925781,23.782163619995117,0.0,0.0,12.321903228759766,0.5497817993164062,19.261646270751953,0.0,0.0,11.38887733221054,0.5301664471626282,18.120591461658478,0.0,0.0,7.167030334472656,0.4169960021972656,12.151163101196289,0.0,0.0,8.249300003051758,0.42592620849609375,14.08500623703003,0.0,0.0,9.507458925247192,0.5007963180541992,14.828919649124146,0.0,0.0,10.600467443466187,0.549767255783081,16.33913826942444,0.0,0.0,9.699899077415466,0.5213867425918579,15.419345259666443,0.0,0.0,11.033714175224304,0.6878083944320679,16.533477663993835,0.0,0.0,11.681771993637085,0.5923194885253906,18.909250497817993,0.0,0.0,12.074312686920166,0.6777877807617188,18.602307081222534,0.0,0.0,10.518529891967773,0.5643100738525391,16.806110382080078,0.0,0.0,10.127593100070953,0.5869407653808594,15.966725409030914,0.0,0.0,10.05128812789917,0.4881443977355957,16.739022731781006,0.0,0.0,10.924691677093506,0.5671975612640381,16.85167407989502,0.0,0.0,9.033274471759796,0.481931209564209,14.226395428180695,0.0,0.0,8.734935998916626,0.5297105312347412,14.290472269058228,0.0,0.0,8.229545712471008,0.4792194366455078,13.443516373634338,0.0,0.0,6.358025550842285,0.3842010498046875,11.0902738571167,0.0,0.0,7.443990111351013,0.39824485778808594,12.945472002029419,0.0,0.0,6.098672151565552,0.4109649658203125,11.365984916687012,0.0,0.0,6.582679986953735,0.3950667381286621,11.843836784362793,0.0,0.0,5.8419036865234375,0.3925590515136719,10.84561026096344,0.0,0.0,8.016402244567871,0.5867220163345337,15.223993122577667,0.0,0.0,8.964272022247314,0.5260171890258789,16.016307830810547,0.0,0.0,16.211675822734833,0.6717510223388672,28.270404756069183,0.0,0.0,17.502557277679443,0.7255148887634277,30.985390603542328,0.025593578815460205,0.07488763332366943
128,hallucinated,46,0.71923828125,17.89922696352005,0.965707540512085,40.27607434988022,0.008196353912353516,0.03900808095932007,16.313366174697876,0.8927167654037476,35.18745672702789,0.00689697265625,0.021352648735046387,14.86673653125763,0.8804253339767456,33.002873957157135,0.018827319145202637,0.018827319145202637,9.130334854125977,0.5952248573303223,18.52286958694458,0.0,0.0,9.17388916015625,0.5833740234375,18.316547393798828,0.0,0.0,8.987075805664062,0.5048694610595703,17.370182991027832,0.0,0.0,7.193045616149902,0.4563255310058594,14.13278865814209,0.0,0.0,6.792492389678955,0.42404937744140625,13.524206519126892,0.0,0.0,4.975248336791992,0.41124916076660156,9.959381103515625,0.0,0.0,5.639070510864258,0.4041023254394531,11.47477674484253,0.0,0.0,6.508094668388367,0.4935126304626465,11.82955539226532,0.0,0.0,7.329010486602783,0.5367350578308105,13.067681312561035,0.0,0.0,7.003443241119385,0.5235195159912109,12.722889423370361,0.0,0.0,7.748442232608795,0.6221876740455627,13.248205721378326,0.0,0.0,8.147071361541748,0.5629434585571289,15.374549865722656,0.0,0.0,8.54205584526062,0.674663782119751,15.070050239562988,0.0,0.0,7.479145526885986,0.5770297050476074,13.766726016998291,0.0,0.0,7.325523495674133,0.589289665222168,13.164655804634094,0.0,0.0,7.216048240661621,0.4824032783508301,13.903782844543457,0.0,0.0,7.9161696434021,0.5661554336547852,13.843152046203613,0.0,0.0,6.549823462963104,0.481931209564209,11.742944419384003,0.0,0.0,6.673292636871338,0.47861289978027344,12.22882890701294,0.0,0.0,5.9657076597213745,0.4792194366455078,11.179678320884705,0.0,0.0,4.644549369812012,0.3842010498046875,9.376797676086426,0.0,0.0,5.534336447715759,0.40833568572998047,11.035818338394165,0.0,0.0,4.310537815093994,0.4109649658203125,9.577850580215454,0.0,0.0,4.769676208496094,0.39407825469970703,10.030833005905151,0.0,0.0,4.489132404327393,0.3925590515136719,9.492838978767395,0.0,0.0,5.794649362564087,0.5867220163345337,13.002240240573883,0.0,0.0,6.31174898147583,0.5260171890258789,13.363784790039062,0.0,0.0,11.383635640144348,0.6674690246582031,23.4423645734787,0.0,0.0,12.159493803977966,0.7255148887634277,25.633533120155334,0.025593578815460205,0.05110526084899902
129,grounded,40,0.75048828125,16.917644798755646,0.9602433443069458,34.6888906955719,0.00711292028427124,0.0234183669090271,15.605802357196808,0.9053546190261841,30.86526656150818,0.009359419345855713,0.014332413673400879,14.410167813301086,0.8779193162918091,28.978334367275238,0.03179246187210083,0.03179246187210083,11.23531460762024,0.6905848979949951,19.320323944091797,0.0,0.0,11.209249496459961,0.6752128601074219,19.181171417236328,0.0,0.0,10.227324962615967,0.6221399307250977,17.288005352020264,0.0,0.0,8.115019798278809,0.5091075897216797,13.708746910095215,0.0,0.0,7.694371342658997,0.534828782081604,13.286425352096558,0.0,0.0,4.773780822753906,0.3340625762939453,8.570117950439453,0.0,0.0,5.250392913818359,0.383026123046875,9.768604278564453,0.0,0.0,6.2973504066467285,0.42864036560058594,10.547688961029053,0.0,0.0,7.2145185470581055,0.5613512992858887,11.650740623474121,0.0,0.0,5.960160076618195,0.4918549656867981,10.046797096729279,0.0,0.0,7.477644681930542,0.5593605041503906,11.78772521018982,0.0,0.0,7.921375751495361,0.5652575492858887,13.945273876190186,0.0,0.0,7.98931360244751,0.6066188812255859,13.05708360671997,0.0,0.0,7.30411159992218,0.5215369462966919,12.255365490913391,0.0,0.0,7.31070750951767,0.5956125259399414,12.151114881038666,0.0,0.0,7.151986122131348,0.5024528503417969,12.57809841632843,0.0,0.0,8.265730679035187,0.6201545596122742,13.120251953601837,0.0,0.0,6.452027797698975,0.4409698247909546,10.755252659320831,0.0,0.0,6.688189923763275,0.4984159469604492,11.148471295833588,0.0,0.0,5.957111120223999,0.4322868585586548,10.01267683506012,0.0,0.0,4.4339651465415955,0.34349536895751953,8.131637275218964,0.0,0.0,5.266970157623291,0.3856945037841797,9.405157804489136,0.0,0.0,4.297172546386719,0.3601207733154297,8.336285591125488,0.0,0.0,4.40887451171875,0.37105751037597656,8.425177812576294,0.0,0.0,4.5926690101623535,0.3640632629394531,8.736141681671143,0.0,0.0,6.106519460678101,0.5338963270187378,11.799248933792114,0.0,0.0,6.825675368309021,0.5016880035400391,12.520414233207703,0.0,0.0,11.517436146736145,0.6740779280662537,21.57896864414215,0.0,0.0,11.920164227485657,0.7297027707099915,22.986777186393738,0.0,0.0
129,hallucinated,41,0.7568359375,17.871187150478363,0.9587221145629883,35.64243304729462,0.00711292028427124,0.0234183669090271,16.471974194049835,0.9053546190261841,31.731438398361206,0.009359419345855713,0.014332413673400879,15.227887153625488,0.8779193162918091,29.79605370759964,0.03179246187210083,0.03179246187210083,11.882683992385864,0.6905848979949951,19.967693328857422,0.0,0.0,11.862466812133789,0.6752128601074219,19.834388732910156,0.0,0.0,10.797141551971436,0.6221399307250977,17.857821941375732,0.0,0.0,8.580065727233887,0.5091075897216797,14.173792839050293,0.0,0.0,8.069005131721497,0.534828782081604,13.661059141159058,0.0,0.0,4.9471282958984375,0.3340625762939453,8.743465423583984,0.0,0.0,5.454225540161133,0.383026123046875,9.972436904907227,0.0,0.0,6.53173303604126,0.42864036560058594,10.782071590423584,0.0,0.0,7.446841239929199,0.5613512992858887,11.883063316345215,0.0,0.0,6.179650127887726,0.4918549656867981,10.26628714799881,0.0,0.0,7.754233121871948,0.5593605041503906,12.064313650131226,0.0,0.0,8.244287967681885,0.5652575492858887,14.268186092376709,0.0,0.0,8.368296146392822,0.6066188812255859,13.436066150665283,0.0,0.0,7.591285824775696,0.5215369462966919,12.542539715766907,0.0,0.0,7.566154897212982,0.5956125259399414,12.406562268733978,0.0,0.0,7.442610740661621,0.5024528503417969,12.868723034858704,0.0,0.0,8.407286465168,0.6201545596122742,13.26180773973465,0.0,0.0,6.661631107330322,0.4409698247909546,10.964855968952179,0.0,0.0,6.8672890067100525,0.4984159469604492,11.327570378780365,0.0,0.0,6.09395956993103,0.4322868585586548,10.14952528476715,0.0,0.0,4.546158254146576,0.34349536895751953,8.243830382823944,0.0,0.0,5.438971042633057,0.3856945037841797,9.577158689498901,0.0,0.0,4.434576988220215,0.3601207733154297,8.473690032958984,0.0,0.0,4.5362701416015625,0.37105751037597656,8.552573442459106,0.0,0.0,4.784534931182861,0.3640632629394531,8.92800760269165,0.0,0.0,6.30126166343689,0.5338963270187378,11.993991136550903,0.0,0.0,7.00003182888031,0.5016880035400391,12.694770693778992,0.0,0.0,12.106599926948547,0.6740779280662537,22.168132424354553,0.0,0.0,12.539562821388245,0.7297027707099915,23.606175780296326,0.0,0.0
130,grounded,39,0.7431640625,16.985186278820038,0.9609198570251465,33.9455469250679,0.014676451683044434,0.015967488288879395,15.387355089187622,0.8997131586074829,29.53040075302124,0.013958990573883057,0.027071118354797363,13.857897937297821,0.845557451248169,27.148420572280884,0.03641319274902344,0.07614779472351074,10.73976755142212,0.6851158142089844,18.391669034957886,0.0,0.0,10.644899845123291,0.6754341125488281,18.130032062530518,0.0,0.0,9.743270874023438,0.6280460357666016,16.417144775390625,0.0,0.0,7.448312759399414,0.4819831848144531,12.690204620361328,0.0,0.0,7.119350910186768,0.5441234111785889,12.29276967048645,0.0,0.0,4.511147499084473,0.3430309295654297,7.967430114746094,0.0,0.0,5.278848648071289,0.4674091339111328,9.569127082824707,0.0,0.0,6.029196381568909,0.42406272888183594,9.764002442359924,0.0,0.0,7.425675630569458,0.6284658908843994,11.562598466873169,0.0,0.0,6.326521396636963,0.5149288177490234,10.03797197341919,0.0,0.0,7.883105278015137,0.5888128280639648,11.814238548278809,0.0,0.0,8.139546871185303,0.6818962097167969,13.183221340179443,0.0,0.0,8.786620020866394,0.6723194122314453,13.350489497184753,0.0,0.0,7.050786018371582,0.4967813491821289,11.620553016662598,0.0,0.0,7.491774141788483,0.5680875778198242,12.166281282901764,0.0,0.0,7.4475998878479,0.5326294898986816,12.304841756820679,0.0,0.0,7.941944479942322,0.6051621437072754,12.397315859794617,0.0,0.0,6.44419252872467,0.4723318815231323,9.764343857765198,0.0,0.0,5.914186477661133,0.4092597961425781,9.768758773803711,0.0,0.0,5.732435703277588,0.41282224655151367,9.178828239440918,0.0,0.0,4.570865154266357,0.40766239166259766,7.995709180831909,0.0,0.0,4.965500831604004,0.36414146423339844,8.588922500610352,0.0,0.0,3.8851030468940735,0.2957878112792969,7.171341955661774,0.0,0.0,4.346216440200806,0.34103941917419434,8.118438959121704,0.0,0.0,4.212327182292938,0.3733689785003662,7.922141849994659,0.0,0.0,5.31496787071228,0.4107246398925781,10.602083146572113,0.0,0.0,5.9442126750946045,0.4380192756652832,11.099376559257507,0.0,0.0,6.133594274520874,0.48933982849121094,12.345866441726685,0.0,0.0,7.109775125980377,0.4885895848274231,14.666805148124695,0.0,0.0
130,hallucinated,41,0.75,18.876958906650543,0.9589004516601562,35.83731955289841,0.002945423126220703,0.007951974868774414,17.144267797470093,0.8856464624404907,31.30319607257843,0.016912877559661865,0.045259714126586914,15.504963338375092,0.845557451248169,28.795485973358154,0.03641319274902344,0.06101304292678833,12.602879762649536,0.6878023147583008,20.254781246185303,0.0,0.0,12.497895240783691,0.673126220703125,19.983027458190918,0.0,0.0,11.341644287109375,0.6254692077636719,18.015518188476562,0.0,0.0,8.784400939941406,0.49596214294433594,14.02629280090332,0.0,0.0,8.147330641746521,0.5390173196792603,13.320749402046204,0.0,0.0,4.865470886230469,0.3424549102783203,8.32175350189209,0.0,0.0,5.63294792175293,0.4575963020324707,9.923226356506348,0.0,0.0,6.225173592567444,0.43985843658447266,9.95997965335846,0.0,0.0,7.52566659450531,0.5664157867431641,11.662589430809021,0.0,0.0,6.341230988502502,0.4861412048339844,10.052681565284729,0.0,0.0,8.050299406051636,0.5496444702148438,11.981432676315308,0.0,0.0,8.32405710220337,0.6362819671630859,13.36773157119751,0.0,0.0,8.637237787246704,0.65104079246521,13.201107263565063,0.0,0.0,6.983012795448303,0.48834705352783203,11.552779793739319,0.0,0.0,7.419015884399414,0.5919498205184937,12.093523025512695,0.0,0.0,7.570974111557007,0.4965498447418213,12.428215980529785,0.0,0.0,8.15921664237976,0.5906932353973389,12.614588022232056,0.0,0.0,6.493131458759308,0.4583718180656433,9.813282787799835,0.0,0.0,6.34467887878418,0.4510927200317383,10.199251174926758,0.0,0.0,5.820869207382202,0.4160423278808594,9.267261743545532,0.0,0.0,4.497310161590576,0.3329505920410156,7.922154188156128,0.0,0.0,5.156570672988892,0.34471654891967773,8.77999234199524,0.0,0.0,4.027557849884033,0.32305145263671875,7.313796758651733,0.0,0.0,4.746406316757202,0.362490177154541,8.5186288356781,0.0,0.0,4.49835467338562,0.3724057674407959,8.208169341087341,0.0,0.0,5.781346321105957,0.4510364532470703,11.06846159696579,0.0,0.0,6.279507398605347,0.4455137252807617,11.43467128276825,0.0,0.0,6.651456117630005,0.48933982849121094,12.863728284835815,0.0,0.0,7.870143532752991,0.5047941207885742,15.427173554897308,0.0,0.0
131,grounded,35,0.662109375,14.980076372623444,0.9522690773010254,29.989907801151276,0.013411641120910645,0.029938161373138428,13.500352025032043,0.8759926557540894,25.800177931785583,0.026483535766601562,0.05052196979522705,12.500988245010376,0.8464889526367188,23.9208801984787,0.04355734586715698,0.04608029127120972,1.97412109375,0.17334747314453125,4.235441207885742,0.0,0.0,1.5253334045410156,0.1670379638671875,3.194856643676758,0.0,0.0,1.8673057556152344,0.16490554809570312,3.552539825439453,0.0,0.0,2.0700225830078125,0.19127655029296875,4.0022125244140625,0.0,0.0,3.379026412963867,0.30767059326171875,6.396280288696289,0.0,0.0,4.086940765380859,0.3511056900024414,7.358860015869141,0.0,0.0,5.124438285827637,0.4059638977050781,9.344003438949585,0.0,0.0,5.639182686805725,0.4492683410644531,9.244881272315979,0.0,0.0,6.398072361946106,0.5306015014648438,10.364662289619446,0.0,0.0,5.258234977722168,0.44379615783691406,8.937989830970764,0.0,0.0,6.673290252685547,0.5313434600830078,10.411818504333496,0.0,0.0,7.118628025054932,0.5354766845703125,12.212322533130646,0.0,0.0,7.598471641540527,0.5928430557250977,11.60986042022705,0.0,0.0,6.610583305358887,0.5143032073974609,10.851509094238281,0.0,0.0,6.777606129646301,0.583615779876709,10.746429562568665,0.0,0.0,6.931126594543457,0.5624122619628906,11.528788924217224,0.0,0.0,6.714480400085449,0.5617313385009766,10.5548677444458,0.0,0.0,5.657378971576691,0.4604949951171875,8.878227174282074,0.0,0.0,5.987797498703003,0.46351027488708496,9.5763099193573,0.0,0.0,5.572744965553284,0.5043725967407227,8.941741168498993,0.0,0.0,4.314696788787842,0.41016387939453125,7.446821212768555,0.0,0.0,4.886569023132324,0.4380035400390625,8.237390041351318,0.0,0.0,3.3911523818969727,0.2898750305175781,6.5685529708862305,0.0,0.0,4.121152877807617,0.356781005859375,7.26303243637085,0.0,0.0,3.610234260559082,0.3345184326171875,6.856298327445984,0.0,0.0,5.033690929412842,0.43340301513671875,9.49956476688385,0.0,0.0,5.713316917419434,0.4905691146850586,10.115719318389893,0.0,0.0,10.040577232837677,0.6967833638191223,18.107281625270844,0.0,0.0,10.275532126426697,0.6883725523948669,19.070131599903107,0.0,0.0
131,hallucinated,33,0.67529296875,13.126248180866241,0.952704668045044,28.136079609394073,0.00749814510345459,0.01632237434387207,11.932245373725891,0.8882557153701782,24.23207128047943,0.026483535766601562,0.05241990089416504,10.889066696166992,0.8410918712615967,22.308958649635315,0.04355734586715698,0.04355734586715698,1.7304868698120117,0.17334747314453125,3.991806983947754,0.0,0.0,1.5463905334472656,0.16719818115234375,3.215913772583008,0.0,0.0,1.7557735443115234,0.1679840087890625,3.441007614135742,0.0,0.0,1.976144790649414,0.1986236572265625,3.908334732055664,0.0,0.0,3.267577648162842,0.2847461700439453,6.284831523895264,0.0,0.0,3.7622790336608887,0.36302661895751953,7.03419828414917,0.0,0.0,4.569803237915039,0.4095020294189453,8.789368391036987,0.0,0.0,5.094041347503662,0.45613813400268555,8.699739933013916,0.0,0.0,5.806681275367737,0.534602165222168,9.773271203041077,0.0,0.0,4.97779655456543,0.4453868865966797,8.657551407814026,0.0,0.0,5.799654006958008,0.49506378173828125,9.538182258605957,0.0,0.0,6.316269159317017,0.5154862403869629,11.40996366739273,0.0,0.0,6.402756214141846,0.561558723449707,10.41414499282837,0.0,0.0,5.893993854522705,0.496307373046875,10.1349196434021,0.0,0.0,5.839334845542908,0.525299072265625,9.808158278465271,0.0,0.0,5.915797233581543,0.47652721405029297,10.51345956325531,0.0,0.0,5.794100046157837,0.5267772674560547,9.634487390518188,0.0,0.0,5.171153485774994,0.44252073764801025,8.392001688480377,0.0,0.0,5.485114097595215,0.45645999908447266,9.073626518249512,0.0,0.0,4.98781430721283,0.4454174041748047,8.356810510158539,0.0,0.0,3.506716251373291,0.337982177734375,6.638840675354004,0.0,0.0,4.078070640563965,0.38706445693969727,7.428891658782959,0.0,0.0,3.0533647537231445,0.2898750305175781,6.230765342712402,0.0,0.0,3.6520562171936035,0.3296661376953125,6.793935775756836,0.0,0.0,3.156033515930176,0.31057167053222656,6.402097582817078,0.0,0.0,4.588545203208923,0.4227418899536133,9.054419040679932,0.0,0.0,4.657016754150391,0.42723941802978516,9.05941915512085,0.0,0.0,8.629270195960999,0.6696830987930298,16.695974588394165,0.0,0.0,8.91494768857956,0.6717585921287537,17.73900067806244,0.0,0.0
132,grounded,58,0.75537109375,29.299919962882996,0.9717910289764404,51.654453337192535,0.008351504802703857,0.04833412170410156,26.800326943397522,0.9044073820114136,46.01720368862152,0.020016074180603027,0.07126873731613159,25.268825471401215,0.8883247375488281,43.5626260638237,0.04125511646270752,0.058686673641204834,15.866743087768555,0.5738875865936279,27.048757314682007,0.0,0.0,15.657199382781982,0.5593948364257812,26.752357006072998,0.0,0.0,13.95916748046875,0.5338077545166016,23.48094081878662,0.0,0.0,11.44183349609375,0.43628883361816406,19.23613929748535,0.0,0.0,10.897106766700745,0.4232196807861328,18.39446270465851,0.0,0.0,8.162401676177979,0.4083538055419922,13.319397449493408,0.0,0.0,9.438435554504395,0.46396636962890625,15.998636722564697,0.0,0.0,10.944571256637573,0.5418157577514648,17.235901594161987,0.0,0.0,12.204325199127197,0.6025142669677734,18.420923709869385,0.0,0.0,11.115730881690979,0.5948399305343628,17.201464772224426,0.0,0.0,12.192911207675934,0.6822860836982727,17.885901510715485,0.0,0.0,13.117907643318176,0.5739715099334717,20.68236815929413,0.0,0.0,14.634000182151794,0.8115614652633667,21.38798463344574,0.0,0.0,11.65928304195404,0.5539312362670898,17.90417230129242,0.0,0.0,11.431436657905579,0.5844564437866211,17.864011883735657,0.0,0.0,12.625303983688354,0.5777626037597656,19.90136682987213,0.0,0.0,11.792332530021667,0.6347678899765015,17.90155017375946,0.0,0.0,10.155132293701172,0.5088191032409668,15.154096364974976,0.0,0.0,10.39756953716278,0.5539883375167847,16.563414931297302,0.0,0.0,8.735559284687042,0.4461393356323242,14.025029003620148,0.0,0.0,6.603423833847046,0.3330497741699219,10.94232177734375,0.0,0.0,8.016600966453552,0.40070629119873047,13.350121140480042,0.0,0.0,5.894241094589233,0.3128509521484375,10.189748048782349,0.0,0.0,6.519170641899109,0.3352475166320801,11.11207890510559,0.0,0.0,6.224030375480652,0.3920402526855469,10.232149958610535,0.0,0.0,8.561803817749023,0.49285888671875,14.751460433006287,0.0,0.0,9.451822400093079,0.49321556091308594,15.545045971870422,0.0,0.0,18.500791907310486,0.6721917390823364,28.42216944694519,0.0,0.0,19.78556877374649,0.7075859904289246,31.444920778274536,0.033377766609191895,0.14020472764968872
132,hallucinated,52,0.7578125,23.625945270061493,0.9657337665557861,45.98047864437103,0.007775068283081055,0.039982616901397705,21.579487323760986,0.9044073820114136,40.796364068984985,0.020016074180603027,0.054854631423950195,20.386045515537262,0.8883247375488281,38.67984610795975,0.04125511646270752,0.058686673641204834,12.876141548156738,0.5738875865936279,24.05815577507019,0.0,0.0,12.780967235565186,0.5646781921386719,23.8761248588562,0.0,0.0,11.247318267822266,0.48509883880615234,20.769091606140137,0.0,0.0,9.304277420043945,0.43628883361816406,17.098583221435547,0.0,0.0,9.081448197364807,0.4232196807861328,16.57880413532257,0.0,0.0,7.135562896728516,0.4083538055419922,12.292558670043945,0.0,0.0,8.127556800842285,0.46396636962890625,14.687757968902588,0.0,0.0,9.479193449020386,0.5418157577514648,15.7705237865448,0.0,0.0,10.478334903717041,0.6025142669677734,16.69493341445923,0.0,0.0,9.554308533668518,0.5948399305343628,15.640042424201965,0.0,0.0,10.50033575296402,0.6822860836982727,16.19332605600357,0.0,0.0,11.158653259277344,0.5739715099334717,18.723113775253296,0.0,0.0,12.632797598838806,0.8115614652633667,19.38678205013275,0.0,0.0,10.321918845176697,0.5539312362670898,16.566808104515076,0.0,0.0,10.139608025550842,0.5844564437866211,16.57218325138092,0.0,0.0,10.872861444950104,0.5777626037597656,18.14892429113388,0.0,0.0,10.621594309806824,0.6347678899765015,16.730811953544617,0.0,0.0,8.918031096458435,0.5088191032409668,13.916995167732239,0.0,0.0,9.10141932964325,0.5539883375167847,15.267264723777771,0.0,0.0,7.6599395871162415,0.4461393356323242,12.949409306049347,0.0,0.0,5.737811088562012,0.3330497741699219,10.076709032058716,0.0,0.0,6.813813924789429,0.40070629119873047,12.147334098815918,0.0,0.0,5.113032579421997,0.3128509521484375,9.408539533615112,0.0,0.0,5.61523973941803,0.3352475166320801,10.208148002624512,0.0,0.0,5.38421094417572,0.3920402526855469,9.392330527305603,0.0,0.0,7.50920033454895,0.49285888671875,13.698856949806213,0.0,0.0,8.068472981452942,0.49321556091308594,14.161696553230286,0.0,0.0,15.059922337532043,0.6721917390823364,24.981299877166748,0.0,0.0,16.097876608371735,0.7075859904289246,27.80722177028656,0.02256929874420166,0.05597788095474243
133,grounded,33,0.69384765625,15.863278150558472,0.950394868850708,28.215529799461365,0.007464170455932617,0.00909566879272461,13.661247611045837,0.8619998097419739,22.85048919916153,0.0352325439453125,0.0352325439453125,11.97598683834076,0.803128719329834,20.470844864845276,0.049724578857421875,0.07267379760742188,1.910593032836914,0.1606464385986328,3.602811813354492,0.0,0.0,1.6791038513183594,0.1507415771484375,2.9677772521972656,0.0,0.0,1.9484138488769531,0.15675735473632812,3.3662776947021484,0.0,0.0,2.1172409057617188,0.19005966186523438,3.6691818237304688,0.0,0.0,3.2775683403015137,0.24491500854492188,5.405013561248779,0.0,0.0,3.9408364295959473,0.3395099639892578,6.431026935577393,0.0,0.0,4.650514602661133,0.37512969970703125,7.807268142700195,0.0,0.0,5.070931375026703,0.4091166853904724,7.74492734670639,0.0,0.0,6.017554998397827,0.5164475440979004,9.264989614486694,0.0,0.0,5.007528781890869,0.4226384162902832,7.987919330596924,0.0,0.0,5.940082550048828,0.48981666564941406,8.897066116333008,0.0,0.0,6.451794385910034,0.490509033203125,10.17371916770935,0.0,0.0,6.464792251586914,0.5524377822875977,9.666367530822754,0.0,0.0,5.4826061725616455,0.46532273292541504,8.756585359573364,0.0,0.0,5.66618013381958,0.5263266563415527,8.4884934425354,0.0,0.0,6.2531492710113525,0.49096202850341797,9.706982612609863,0.0,0.0,5.829389214515686,0.5244560241699219,8.991403222084045,0.0,0.0,5.231564164161682,0.43754899501800537,7.814986824989319,0.0,0.0,5.184126853942871,0.49570274353027344,8.018964290618896,0.0,0.0,4.586102247238159,0.40744686126708984,6.9806506633758545,0.0,0.0,3.5155863761901855,0.29713964462280273,5.9483044147491455,0.0,0.0,4.005251884460449,0.3354969024658203,6.697939395904541,0.0,0.0,3.2193777561187744,0.3096885681152344,5.9256508350372314,0.0,0.0,3.630521774291992,0.36206722259521484,6.26120662689209,0.0,0.0,3.0051136016845703,0.28162384033203125,5.348053932189941,0.0,0.0,4.314410209655762,0.38068199157714844,7.969189643859863,0.0,0.0,4.560292720794678,0.4285736083984375,8.287818908691406,0.0,0.0,4.689690113067627,0.48933982849121094,9.279499530792236,0.0,0.0,6.128882884979248,0.4958631992340088,11.210540235042572,0.0,0.0
133,hallucinated,30,0.677734375,13.037320733070374,0.953096866607666,25.389572381973267,0.00780034065246582,0.012428045272827148,11.259814321994781,0.8434444069862366,20.449055910110474,0.0352325439453125,0.0352325439453125,9.794820785522461,0.7923336029052734,18.289678812026978,0.049724578857421875,0.07354736328125,1.5612659454345703,0.16286659240722656,3.2534847259521484,0.0,0.0,1.2977066040039062,0.1507415771484375,2.5863800048828125,0.0,0.0,1.6291980743408203,0.15932083129882812,3.0470619201660156,0.0,0.0,1.7451858520507812,0.1998443603515625,3.2971267700195312,0.0,0.0,2.6950931549072266,0.2467193603515625,4.822553634643555,0.0,0.0,3.1852970123291016,0.3291206359863281,5.675334930419922,0.0,0.0,3.767484664916992,0.3553352355957031,6.924415588378906,0.0,0.0,4.067298531532288,0.41265928745269775,6.740977883338928,0.0,0.0,4.820922136306763,0.4861488342285156,8.068583726882935,0.0,0.0,4.120572566986084,0.4126467704772949,7.099694728851318,0.0,0.0,4.777195453643799,0.49407386779785156,7.735508441925049,0.0,0.0,5.283381938934326,0.4840259552001953,9.005787372589111,0.0,0.0,5.286696434020996,0.47661590576171875,8.489076614379883,0.0,0.0,4.520702362060547,0.43642425537109375,7.794580459594727,0.0,0.0,4.80111837387085,0.5014095306396484,7.622975826263428,0.0,0.0,5.191351890563965,0.4697380065917969,8.645362377166748,0.0,0.0,5.042969584465027,0.5381922721862793,8.204947352409363,0.0,0.0,4.399721324443817,0.4202148914337158,6.983112990856171,0.0,0.0,4.429073333740234,0.4816436767578125,7.263559818267822,0.0,0.0,3.9622981548309326,0.4182925224304199,6.356085538864136,0.0,0.0,3.0380897521972656,0.29708099365234375,5.470993280410767,0.0,0.0,3.3246469497680664,0.34409523010253906,6.017935752868652,0.0,0.0,2.743373394012451,0.3095664978027344,5.4486165046691895,0.0,0.0,3.0150747299194336,0.36199283599853516,5.64482307434082,0.0,0.0,2.571634292602539,0.2815284729003906,4.914819717407227,0.0,0.0,3.688730239868164,0.3949289321899414,7.343745231628418,0.0,0.0,3.8161864280700684,0.4285297393798828,7.54359245300293,0.0,0.0,4.000843524932861,0.48933982849121094,8.590446472167969,0.0,0.0,5.028645694255829,0.47207313776016235,10.110249936580658,0.0,0.0
134,grounded,44,0.75732421875,18.828706562519073,0.9609697461128235,38.458214819431305,0.0019898414611816406,0.007169902324676514,17.042648553848267,0.9019144773483276,32.991023540496826,0.006523728370666504,0.012168049812316895,15.42950063943863,0.8511025905609131,30.126636028289795,0.04873526096343994,0.07093542814254761,12.020002841949463,0.680048942565918,19.75494945049286,0.0,0.0,11.973200798034668,0.6675033569335938,19.567216873168945,0.0,0.0,11.020027160644531,0.6141166687011719,17.951210021972656,0.0,0.0,8.759721279144287,0.5201606750488281,14.31293249130249,0.0,0.0,8.063994348049164,0.5377330183982849,13.58295625448227,0.0,0.0,5.021217346191406,0.37628746032714844,8.714141845703125,0.0,0.0,5.7686567306518555,0.37790679931640625,10.44542121887207,0.0,0.0,6.5656211376190186,0.4615817070007324,10.6198890209198,0.0,0.0,8.237023532390594,0.5933371782302856,13.090538203716278,0.0,0.0,6.938328266143799,0.495849609375,11.547914981842041,0.0,0.0,8.300019383430481,0.5546344518661499,12.741652607917786,0.0,0.0,8.809957265853882,0.594512939453125,14.69686770439148,0.0,0.0,9.340492010116577,0.6117582321166992,14.590001344680786,0.0,0.0,8.080489158630371,0.5106735229492188,13.335165977478027,0.0,0.0,7.863151013851166,0.5611939430236816,12.704860150814056,0.0,0.0,8.117190599441528,0.508425235748291,13.938688039779663,0.0,0.0,8.343480944633484,0.5854601860046387,13.396249651908875,0.0,0.0,6.955588161945343,0.470412015914917,11.061044037342072,0.0,0.0,6.829451560974121,0.5013895034790039,11.211380004882812,0.0,0.0,5.816564559936523,0.4223179817199707,9.60101318359375,0.0,0.0,4.407131195068359,0.34395599365234375,8.238507270812988,0.0,0.0,5.315526485443115,0.3814833164215088,9.42930555343628,0.0,0.0,3.8178305625915527,0.30843353271484375,7.417953968048096,0.0,0.0,5.283243536949158,0.44014620780944824,9.661572337150574,0.0,0.0,4.573283851146698,0.3933229446411133,8.66648143529892,0.0,0.0,5.498077929019928,0.48892390727996826,10.80186802148819,0.0,0.0,5.915234863758087,0.46227073669433594,11.668562710285187,0.0,0.0,6.497821569442749,0.48933982849121094,13.351608276367188,0.0,0.0,7.823296964168549,0.4836227297782898,16.399545967578888,0.0,0.0
134,hallucinated,44,0.75732421875,18.82974773645401,0.9609697461128235,38.45925599336624,0.0019898414611816406,0.00625687837600708,17.060007333755493,0.9019144773483276,33.00838232040405,0.006523728370666504,0.012168049812316895,15.465065062046051,0.8511025905609131,30.162200450897217,0.04873526096343994,0.07093542814254761,12.016211986541748,0.680048942565918,19.751158595085144,0.0,0.0,11.973963737487793,0.6675033569335938,19.56797981262207,0.0,0.0,11.037498474121094,0.6141166687011719,17.96868133544922,0.0,0.0,8.763070583343506,0.5201606750488281,14.316281795501709,0.0,0.0,8.084021508693695,0.5377330183982849,13.6029834151268,0.0,0.0,5.061206817626953,0.37628746032714844,8.754131317138672,0.0,0.0,5.771784782409668,0.37790679931640625,10.448549270629883,0.0,0.0,6.552368879318237,0.4615817070007324,10.606636762619019,0.0,0.0,8.279411494731903,0.5933371782302856,13.132926166057587,0.0,0.0,6.899948596954346,0.495849609375,11.509535312652588,0.0,0.0,8.29349434375763,0.5546344518661499,12.735127568244934,0.0,0.0,8.865073919296265,0.594512939453125,14.751984357833862,0.0,0.0,9.38819670677185,0.6117582321166992,14.63770604133606,0.0,0.0,8.154515266418457,0.5106735229492188,13.409192085266113,0.0,0.0,7.976809918880463,0.5611939430236816,12.818519055843353,0.0,0.0,8.148205995559692,0.508425235748291,13.969703435897827,0.0,0.0,8.444995760917664,0.5854601860046387,13.497764468193054,0.0,0.0,7.050272762775421,0.470412015914917,11.15572863817215,0.0,0.0,6.879406929016113,0.5013895034790039,11.261335372924805,0.0,0.0,5.844926834106445,0.4223179817199707,9.629375457763672,0.0,0.0,4.448421478271484,0.34395599365234375,8.279797554016113,0.0,0.0,5.385587215423584,0.3814833164215088,9.499366283416748,0.0,0.0,3.8609938621520996,0.30843353271484375,7.461117267608643,0.0,0.0,5.367058157920837,0.44014620780944824,9.745386958122253,0.0,0.0,4.554946601390839,0.3933229446411133,8.64814418554306,0.0,0.0,5.555701792240143,0.48892390727996826,10.859491884708405,0.0,0.0,6.025647461414337,0.46227073669433594,11.778975307941437,0.0,0.0,6.609874486923218,0.48933982849121094,13.463661193847656,0.0,0.0,7.8622854351997375,0.4836227297782898,16.438534438610077,0.0,0.0
135,grounded,58,0.796875,25.554843306541443,0.9682037830352783,51.6271185874939,0.003903508186340332,0.015969455242156982,23.509782016277313,0.9061707258224487,46.42826133966446,0.017717719078063965,0.05658876895904541,23.126310348510742,0.9093272089958191,44.77370584011078,0.02831554412841797,0.0421595573425293,19.3167724609375,0.7575454711914062,35.38386416435242,0.0,0.0,19.25046443939209,0.7515182495117188,35.157241344451904,0.0,0.0,17.13968563079834,0.6862678527832031,30.953035354614258,0.0,0.0,14.215083122253418,0.57489013671875,25.305201530456543,0.0,0.0,12.652476072311401,0.5528098940849304,22.753136456012726,0.0,0.0,7.57053279876709,0.3877906799316406,13.363739967346191,0.0,0.0,8.630557537078857,0.4718132019042969,15.895078659057617,0.0,0.0,10.171512484550476,0.5224747657775879,17.48902690410614,0.0,0.0,12.198867738246918,0.628761887550354,20.253210961818695,0.0,0.0,10.408758044242859,0.5434169769287109,17.861950755119324,0.0,0.0,12.443293809890747,0.5956783294677734,19.98774242401123,0.0,0.0,12.810751080513,0.6162724494934082,22.61095905303955,0.0,0.0,12.388359069824219,0.6010427474975586,21.351508140563965,0.0,0.0,11.234453320503235,0.52984619140625,19.05501663684845,0.0,0.0,11.73377799987793,0.6036391258239746,19.495604038238525,0.0,0.0,11.658954858779907,0.5355768203735352,20.135222673416138,0.0,0.0,12.83279174566269,0.6216827630996704,19.93659919500351,0.0,0.0,10.140685975551605,0.47425222396850586,16.509935200214386,0.0,0.0,10.153533220291138,0.5313606262207031,17.299796104431152,0.0,0.0,9.367502987384796,0.4833836555480957,15.640571892261505,0.0,0.0,6.614439368247986,0.36768341064453125,11.912429213523865,0.0,0.0,7.902344584465027,0.4181222915649414,14.11896699666977,0.0,0.0,5.861722111701965,0.33951616287231445,11.099101185798645,0.0,0.0,6.728755474090576,0.3681001663208008,12.376971125602722,0.0,0.0,6.4347230195999146,0.3547389507293701,12.04229462146759,0.0,0.0,8.471714973449707,0.5554083585739136,16.56336361169815,0.0,0.0,8.391401410102844,0.46103477478027344,16.29671847820282,0.0,0.0,10.49313998222351,0.6409444808959961,19.68134844303131,0.0,0.0,12.539739966392517,0.7090921401977539,24.137431263923645,0.0,0.0
135,hallucinated,60,0.8037109375,27.48193109035492,0.9692652225494385,53.55420637130737,0.003903508186340332,0.015942692756652832,25.23946124315262,0.9088939428329468,48.157940566539764,0.017717719078063965,0.05676066875457764,24.848622918128967,0.9093272089958191,46.496018409729004,0.02831554412841797,0.0421595573425293,20.781421661376953,0.7575454711914062,36.84851336479187,0.0,0.0,20.72773551940918,0.7515182495117188,36.634512424468994,0.0,0.0,18.421561241149902,0.6862678527832031,32.23491096496582,0.0,0.0,15.236296653747559,0.57489013671875,26.326415061950684,0.0,0.0,13.481165647506714,0.5528098940849304,23.58182603120804,0.0,0.0,7.943422317504883,0.3877906799316406,13.736629486083984,0.0,0.0,9.141126155853271,0.4718132019042969,16.40564727783203,0.0,0.0,10.62545382976532,0.5224747657775879,17.942968249320984,0.0,0.0,12.773151338100433,0.628761887550354,20.82749456167221,0.0,0.0,10.96458613872528,0.5434169769287109,18.417778849601746,0.0,0.0,13.027438402175903,0.5956783294677734,20.571887016296387,0.0,0.0,13.372429013252258,0.6162724494934082,23.17263698577881,0.0,0.0,12.989883422851562,0.6010427474975586,21.95303249359131,0.0,0.0,11.748924374580383,0.52984619140625,19.569487690925598,0.0,0.0,12.096375465393066,0.6036391258239746,19.858201503753662,0.0,0.0,12.09825348854065,0.5355768203735352,20.57452130317688,0.0,0.0,13.212411344051361,0.6216827630996704,20.31621879339218,0.0,0.0,10.562853753566742,0.47425222396850586,16.932102978229523,0.0,0.0,10.554446458816528,0.5313606262207031,17.700709342956543,0.0,0.0,9.721480190753937,0.4833836555480957,15.994549095630646,0.0,0.0,6.919336676597595,0.36768341064453125,12.217326521873474,0.0,0.0,8.244898676872253,0.4181222915649414,14.461521089076996,0.0,0.0,6.160351872444153,0.33951616287231445,11.397730946540833,0.0,0.0,7.052352428436279,0.3681001663208008,12.700568079948425,0.0,0.0,6.768009305000305,0.3547389507293701,12.375580906867981,0.0,0.0,8.926839351654053,0.5554083585739136,17.018487989902496,0.0,0.0,8.958826184272766,0.46103477478027344,16.86414325237274,0.0,0.0,11.549156904220581,0.6409444808959961,20.73736536502838,0.0,0.0,13.710981905460358,0.7042900919914246,25.308673202991486,0.0,0.0
136,grounded,22,0.47998046875,9.177874207496643,0.9410899877548218,17.852686762809753,0.011569499969482422,0.015294790267944336,8.113039493560791,0.8476076126098633,15.199869275093079,0.02850663661956787,0.05390447378158569,6.329493522644043,0.8213338851928711,13.054746985435486,0.05044209957122803,0.09063887596130371,4.899238586425781,0.5860486030578613,8.03859567642212,0.0,0.0,4.830745697021484,0.5726852416992188,7.810413360595703,0.0,0.0,4.506324768066406,0.4734649658203125,7.236114501953125,0.0,0.0,3.533905029296875,0.394683837890625,5.817714691162109,0.0,0.0,3.2712974548339844,0.38743484020233154,5.6619633436203,0.0,0.0,2.2425613403320312,0.31281089782714844,4.092554092407227,0.0,0.0,2.767353057861328,0.33240509033203125,4.990106582641602,0.0,0.0,3.0805892944335938,0.4403839111328125,4.9617156982421875,0.0,0.0,3.5123682022094727,0.4398622512817383,5.833113670349121,0.0,0.0,3.146219253540039,0.4396953582763672,5.344144821166992,0.0,0.0,3.502018928527832,0.4607353210449219,5.308148384094238,0.0,0.0,3.996997356414795,0.5194263458251953,6.644720554351807,0.0,0.0,4.44861364364624,0.5299530029296875,6.715882778167725,0.0,0.0,3.747725486755371,0.4589729309082031,6.087288856506348,0.0,0.0,4.285780549049377,0.5272833108901978,6.499816536903381,0.0,0.0,4.34308385848999,0.5414395332336426,6.936316013336182,0.0,0.0,3.583444356918335,0.4477500915527344,5.910440444946289,0.0,0.0,3.1911072731018066,0.363250732421875,5.157533407211304,0.0,0.0,3.8250887393951416,0.483410120010376,5.944265604019165,0.0,0.0,3.5258493423461914,0.4423675537109375,5.576485633850098,0.0,0.0,2.6274380683898926,0.30443763732910156,4.424848318099976,0.0,0.0,3.021951198577881,0.3843865394592285,5.131523132324219,0.0,0.0,2.127584457397461,0.3172340393066406,4.217773914337158,0.0,0.0,2.685360908508301,0.3502693176269531,4.8455963134765625,0.0,0.0,2.8132179975509644,0.3740730285644531,4.878136694431305,0.0,0.0,3.1139450073242188,0.4296478033065796,5.806318998336792,0.0,0.0,2.9704580307006836,0.4676704406738281,5.368945598602295,0.0,0.0,3.6959211826324463,0.43097686767578125,6.595487356185913,0.0,0.0,3.8681929111480713,0.4394626021385193,7.372036933898926,0.0,0.0
136,hallucinated,22,0.54052734375,9.165212750434875,0.9404259920120239,17.840025305747986,0.008052468299865723,0.008654952049255371,8.148408114910126,0.8470461368560791,15.20028930902481,0.034590721130371094,0.05232316255569458,6.175479769706726,0.8213338851928711,12.900733232498169,0.05044209957122803,0.08542943000793457,4.795783519744873,0.5860486030578613,7.935140609741211,0.0,0.0,4.7843170166015625,0.5726852416992188,7.763984680175781,0.0,0.0,4.460376739501953,0.4808349609375,7.190166473388672,0.0,0.0,3.425567626953125,0.394683837890625,5.709377288818359,0.0,0.0,3.231037139892578,0.38743484020233154,5.621703028678894,0.0,0.0,2.2495718002319336,0.31281089782714844,4.099564552307129,0.0,0.0,2.7442331314086914,0.33136558532714844,4.966986656188965,0.0,0.0,2.9759521484375,0.39524173736572266,4.857078552246094,0.0,0.0,3.4837167263031006,0.4621121883392334,5.804462194442749,0.0,0.0,2.943754196166992,0.4127655029296875,5.141679763793945,0.0,0.0,3.4424800872802734,0.49094104766845703,5.24860954284668,0.0,0.0,3.5165653228759766,0.4895153045654297,6.164288520812988,0.0,0.0,4.43972635269165,0.6141195297241211,6.706995487213135,0.0,0.0,3.606595039367676,0.47658729553222656,5.946158409118652,0.0,0.0,3.5836167335510254,0.5023880004882812,5.797652721405029,0.0,0.0,3.6946637630462646,0.5121631622314453,6.287895917892456,0.0,0.0,3.5560176372528076,0.5340278148651123,5.883013725280762,0.0,0.0,2.8616886138916016,0.3602466583251953,4.828114748001099,0.0,0.0,3.4033327102661133,0.468353271484375,5.522509574890137,0.0,0.0,3.0407891273498535,0.41219186782836914,5.09142541885376,0.0,0.0,2.5379576683044434,0.39063358306884766,4.335367918014526,0.0,0.0,2.7979354858398438,0.3759002685546875,4.907507419586182,0.0,0.0,2.172199249267578,0.3198051452636719,4.262388706207275,0.0,0.0,2.333164691925049,0.35877132415771484,4.4934000968933105,0.0,0.0,2.3778209686279297,0.3829212188720703,4.44273966550827,0.0,0.0,2.638797879219055,0.4000263214111328,5.331171870231628,0.0,0.0,3.0878849029541016,0.4483661651611328,5.486372470855713,0.0,0.0,3.2328195571899414,0.413787841796875,6.132385730743408,0.0,0.0,3.482878267765045,0.419264554977417,6.9867222905159,0.0,0.0
137,grounded,20,0.5146484375,3.7024269104003906,0.9344415664672852,15.957873940467834,0.0,0.0,3.1592166423797607,0.8693422675132751,13.382257640361786,0.01478588581085205,0.015051126480102539,2.665954113006592,0.8150901794433594,11.644941329956055,0.060567617416381836,0.11555314064025879,2.0148963928222656,0.5860486030578613,7.092402935028076,0.0,0.0,1.9468574523925781,0.5726852416992188,6.77410888671875,0.0,0.0,1.79241943359375,0.46262359619140625,6.171169281005859,0.0,0.0,1.30450439453125,0.37589263916015625,4.772579193115234,0.0,0.0,1.1560134887695312,0.38743484020233154,4.528805613517761,0.0,0.0,0.584564208984375,0.31281089782714844,2.895414352416992,0.0,0.0,0.8705520629882812,0.3102569580078125,3.7801036834716797,0.0,0.0,0.9524917602539062,0.3409099578857422,3.543184280395508,0.0,0.0,1.0552940368652344,0.38401031494140625,4.156538009643555,0.0,0.0,1.0298480987548828,0.31606292724609375,3.869558334350586,0.0,0.0,0.9968643188476562,0.3458709716796875,3.4827041625976562,0.0,0.0,1.236769676208496,0.4278707504272461,4.60722541809082,0.0,0.0,1.3383865356445312,0.4359474182128906,4.378557205200195,0.0,0.0,1.1370668411254883,0.3356752395629883,4.139931678771973,0.0,0.0,0.8621654510498047,0.3259735107421875,3.527475357055664,0.0,0.0,1.0146942138671875,0.3979177474975586,4.2805633544921875,0.0,0.0,0.9475727081298828,0.3214988708496094,3.818075656890869,0.0,0.0,0.7088279724121094,0.35488128662109375,3.398916244506836,0.0,0.0,0.8221893310546875,0.33760833740234375,3.421466827392578,0.0,0.0,0.82122802734375,0.38408851623535156,3.2844486236572266,0.0,0.0,0.6725616455078125,0.2978029251098633,2.9770421981811523,0.0,0.0,0.8124182224273682,0.3159446716308594,3.572498083114624,0.0,0.0,0.6498794555664062,0.28832435607910156,3.0824971199035645,0.0,0.0,0.7992134094238281,0.2761726379394531,3.3612937927246094,0.0,0.0,0.8652646541595459,0.2684239149093628,3.2718931436538696,0.0,0.0,1.0479032397270203,0.3949108123779297,4.399511992931366,0.0,0.0,1.0697593688964844,0.418701171875,4.174197196960449,0.0,0.0,1.4367388486862183,0.4563112258911133,5.1562579870224,0.0,0.0,1.3852195143699646,0.424329936504364,6.038039267063141,0.0,0.0
137,hallucinated,30,0.65771484375,13.001456201076508,0.95705246925354,25.25690323114395,0.009915351867675781,0.009915351867675781,11.507616698741913,0.865089476108551,21.685742437839508,0.03933006525039673,0.10326939821243286,9.286668539047241,0.8149795532226562,18.26558566093445,0.06059741973876953,0.1208847165107727,6.797050476074219,0.5859951972961426,11.874562740325928,0.0,0.0,6.634483337402344,0.572540283203125,11.461822509765625,0.0,0.0,6.170257568359375,0.4789924621582031,10.548511505126953,0.0,0.0,4.731781005859375,0.3758354187011719,8.200004577636719,0.0,0.0,4.531337261199951,0.38719433546066284,7.9046613574028015,0.0,0.0,3.1812167167663574,0.36437034606933594,5.490642070770264,0.0,0.0,3.7403221130371094,0.34458160400390625,6.649923324584961,0.0,0.0,4.393547534942627,0.47445106506347656,6.984655857086182,0.0,0.0,5.015024185180664,0.4900398254394531,8.11635971069336,0.0,0.0,4.160086631774902,0.4461708068847656,7.000052452087402,0.0,0.0,4.93425726890564,0.4614839553833008,7.419423818588257,0.0,0.0,4.99393367767334,0.542022705078125,8.365294456481934,0.0,0.0,5.931643962860107,0.6221771240234375,8.971774578094482,0.0,0.0,4.721415996551514,0.5042295455932617,7.724036693572998,0.0,0.0,4.492721080780029,0.49742698669433594,7.157821178436279,0.0,0.0,4.665453195571899,0.5042514801025391,7.930659532546997,0.0,0.0,4.847593069076538,0.5048885345458984,7.716726541519165,0.0,0.0,4.1911256313323975,0.40036582946777344,6.881487607955933,0.0,0.0,4.18171763420105,0.4744088649749756,6.781128644943237,0.0,0.0,3.5011701583862305,0.38407135009765625,5.9646196365356445,0.0,0.0,3.105154514312744,0.3643169403076172,5.4094977378845215,0.0,0.0,3.396089553833008,0.34603309631347656,6.155145168304443,0.0,0.0,2.4536290168762207,0.28832435607910156,4.887356281280518,0.0,0.0,2.8699063062667847,0.32299327850341797,5.4326804876327515,0.0,0.0,2.4898667335510254,0.3426222801208496,4.897522330284119,0.0,0.0,3.1330838203430176,0.42510342597961426,6.484403967857361,0.0,0.0,3.679083824157715,0.41860008239746094,6.784555912017822,0.0,0.0,3.898066997528076,0.37391090393066406,7.620577812194824,0.0,0.0,4.688294410705566,0.46919018030166626,9.342729151248932,0.0,0.0
138,grounded,33,0.67919921875,13.065532922744751,0.9507409334182739,28.083711445331573,0.011104047298431396,0.012679874897003174,11.320536971092224,0.8623910546302795,23.37108540534973,0.03824019432067871,0.08461558818817139,9.867729902267456,0.8214712142944336,21.521501779556274,0.06728911399841309,0.09556078910827637,4.935752272605896,0.5919507741928101,6.984300017356873,0.0,0.0,4.999568939208984,0.580841064453125,6.7574310302734375,0.0,0.0,4.681238174438477,0.4917583465576172,6.70561408996582,0.0,0.0,3.915456771850586,0.3805503845214844,6.08262825012207,0.0,0.0,4.233878552913666,0.44814223051071167,6.929961621761322,0.0,0.0,4.275600433349609,0.46205902099609375,7.807365417480469,0.0,0.0,4.239522933959961,0.3511009216308594,8.21792221069336,0.0,0.0,5.3116607666015625,0.461406946182251,9.14918327331543,0.0,0.0,5.957003593444824,0.49478912353515625,9.979604721069336,0.0,0.0,5.230505466461182,0.4864487648010254,8.98609972000122,0.0,0.0,5.988003253936768,0.587188720703125,9.422264575958252,0.0,0.0,5.914403915405273,0.5174522399902344,10.910551071166992,0.0,0.0,6.560635685920715,0.5483274459838867,10.839858174324036,0.0,0.0,5.408735275268555,0.507232666015625,9.625787734985352,0.0,0.0,5.159915924072266,0.4985313415527344,9.064599990844727,0.0,0.0,5.839156627655029,0.5517868995666504,10.441892147064209,0.0,0.0,5.509907484054565,0.5196437835693359,9.544092416763306,0.0,0.0,3.985634446144104,0.410275936126709,7.366524815559387,0.0,0.0,4.656749248504639,0.47041893005371094,8.392815113067627,0.0,0.0,4.174828052520752,0.4409804344177246,7.307600736618042,0.0,0.0,2.8502893447875977,0.3207569122314453,5.8165693283081055,0.0,0.0,3.4935097694396973,0.4502544403076172,6.7856364250183105,0.0,0.0,2.8436577320098877,0.3063793182373047,5.96669602394104,0.0,0.0,3.5461132526397705,0.40070319175720215,6.924560785293579,0.0,0.0,2.924142837524414,0.363006591796875,5.986994743347168,0.0,0.0,3.658707916736603,0.40994197130203247,7.681317746639252,0.0,0.0,3.688338279724121,0.4554762840270996,7.61851167678833,0.0,0.0,3.7597005367279053,0.3853473663330078,8.373381614685059,0.0,0.0,4.635398328304291,0.4462718367576599,10.538811922073364,0.0,0.0
138,hallucinated,36,0.6513671875,15.958058416843414,0.9548439979553223,30.976236939430237,0.016363978385925293,0.024159789085388184,13.989466309547424,0.8682419061660767,26.04134464263916,0.03824019432067871,0.0816156268119812,12.795476198196411,0.831648588180542,24.44924807548523,0.06728911399841309,0.18471401929855347,1.82879638671875,0.17943191528320312,3.8773441314697266,0.0,0.0,1.7539024353027344,0.16979217529296875,3.5117645263671875,0.0,0.0,2.2868213653564453,0.19596099853515625,4.311197280883789,0.0,0.0,2.338665008544922,0.2022552490234375,4.505836486816406,0.0,0.0,3.3296258449554443,0.27358245849609375,6.025708913803101,0.0,0.0,4.7703447341918945,0.4107694625854492,8.302109718322754,0.0,0.0,4.921670913696289,0.36150550842285156,8.900070190429688,0.0,0.0,5.711069822311401,0.40700268745422363,9.548592329025269,0.0,0.0,6.771944522857666,0.5095357894897461,10.794545650482178,0.0,0.0,5.9960105419158936,0.5109069347381592,9.751604795455933,0.0,0.0,6.89504861831665,0.6036691665649414,10.329309940338135,0.0,0.0,7.138627529144287,0.5145387649536133,12.134774684906006,0.0,0.0,7.6841959953308105,0.5957107543945312,11.96341848373413,0.0,0.0,6.413445472717285,0.4745140075683594,10.630497932434082,0.0,0.0,6.68350887298584,0.513671875,10.5881929397583,0.0,0.0,7.4687418937683105,0.5512700080871582,12.07147741317749,0.0,0.0,6.744163513183594,0.5619449615478516,10.778348445892334,0.0,0.0,5.251250982284546,0.4154372215270996,8.632141351699829,0.0,0.0,5.675899147987366,0.5076808929443359,9.411965012550354,0.0,0.0,5.38976776599884,0.44885218143463135,8.52254045009613,0.0,0.0,3.8008034229278564,0.3336639404296875,6.767083406448364,0.0,0.0,4.380364179611206,0.42031431198120117,7.672490835189819,0.0,0.0,3.6310653686523438,0.3063793182373047,6.754103660583496,0.0,0.0,4.163648724555969,0.36962890625,7.542096257209778,0.0,0.0,4.000802993774414,0.3680152893066406,7.063654899597168,0.0,0.0,4.799081087112427,0.3834075927734375,8.821690917015076,0.0,0.0,4.986232757568359,0.4405231475830078,8.916406154632568,0.0,0.0,5.216552257537842,0.4594559669494629,9.830233335494995,0.0,0.0,5.75404417514801,0.4462718367576599,11.657457768917084,0.0,0.0
139,grounded,25,0.61083984375,8.300063908100128,0.9359493255615234,20.576656818389893,0.01461869478225708,0.01461869478225708,7.324213802814484,0.8574004173278809,17.28098553419113,0.05192244052886963,0.12125062942504883,6.314165115356445,0.8439152240753174,16.009177327156067,0.04881429672241211,0.08363533020019531,2.9917865991592407,0.5965534448623657,4.831710457801819,0.0,0.0,2.9305267333984375,0.582672119140625,4.393310546875,0.0,0.0,2.6687660217285156,0.4703559875488281,4.209949493408203,0.0,0.0,2.26580810546875,0.36811065673828125,3.9076881408691406,0.0,0.0,2.5083042979240417,0.4484068751335144,4.470981299877167,0.0,0.0,2.188020706176758,0.32091522216796875,4.479131698608398,0.0,0.0,2.196460723876953,0.3062934875488281,5.031723856925964,0.0,0.0,2.5261683464050293,0.3618011474609375,5.080655574798584,0.0,0.0,2.6763648986816406,0.3694286346435547,5.341115951538086,0.0,0.0,2.5217456817626953,0.4171276092529297,5.187560677528381,0.0,0.0,2.8405799865722656,0.4681282043457031,5.084583282470703,0.0,0.0,3.051483154296875,0.3865242004394531,6.073795318603516,0.0,0.0,3.3729562759399414,0.4745941162109375,6.194710731506348,0.0,0.0,2.9392318725585938,0.41683197021484375,5.8925981521606445,0.0,0.0,2.968358039855957,0.41797447204589844,5.528592348098755,0.0,0.0,3.308849334716797,0.4420909881591797,6.564449310302734,0.0,0.0,3.1593894958496094,0.4402732849121094,6.04113507270813,0.0,0.0,2.500227451324463,0.3471980094909668,4.814315319061279,0.0,0.0,2.930835723876953,0.42307472229003906,5.478313446044922,0.0,0.0,2.7740378379821777,0.4070453643798828,5.142972230911255,0.0,0.0,2.035038948059082,0.3370933532714844,4.344287872314453,0.0,0.0,2.288665771484375,0.32911205291748047,4.901425361633301,0.0,0.0,1.8516254425048828,0.3260498046875,4.294062614440918,0.0,0.0,2.322991132736206,0.37926483154296875,5.009314298629761,0.0,0.0,1.975433349609375,0.33427906036376953,4.436874747276306,0.0,0.0,2.7364970445632935,0.40513038635253906,5.942098617553711,0.0,0.0,3.1208025217056274,0.47413504123687744,6.167910218238831,0.0,0.0,5.408315181732178,0.6377134323120117,12.050244808197021,0.0,0.0,5.550911366939545,0.6630653738975525,13.123098611831665,0.0,0.0
139,hallucinated,25,0.60400390625,8.335803985595703,0.9434828758239746,20.612396895885468,0.00011777877807617188,0.00011777877807617188,7.392983436584473,0.860925555229187,17.386805176734924,0.05192244052886963,0.08091044425964355,6.925374925136566,0.8358249664306641,16.620387136936188,0.04881429672241211,0.04881429672241211,1.1176414489746094,0.18900299072265625,2.9575653076171875,0.0,0.0,0.9685287475585938,0.1508331298828125,2.4313125610351562,0.0,0.0,1.0346336364746094,0.1569366455078125,2.575817108154297,0.0,0.0,1.2177104949951172,0.1843109130859375,2.859590530395508,0.0,0.0,1.6126689910888672,0.23851776123046875,3.575345993041992,0.0,0.0,2.054014205932617,0.2996997833251953,4.345125198364258,0.0,0.0,2.239471435546875,0.3241424560546875,5.074734568595886,0.0,0.0,2.576094627380371,0.3667445182800293,5.130581855773926,0.0,0.0,2.848733901977539,0.44856834411621094,5.513484954833984,0.0,0.0,2.4970932006835938,0.4240608215332031,5.16290819644928,0.0,0.0,2.7029104232788086,0.4782838821411133,4.946913719177246,0.0,0.0,3.028970718383789,0.4050559997558594,6.05128288269043,0.0,0.0,3.2975616455078125,0.4773426055908203,6.119316101074219,0.0,0.0,2.855205535888672,0.37017059326171875,5.808571815490723,0.0,0.0,3.1518476009368896,0.4985370635986328,5.7120819091796875,0.0,0.0,3.5608534812927246,0.474459171295166,6.816453456878662,0.0,0.0,3.113541603088379,0.45148468017578125,5.995287179946899,0.0,0.0,2.7175954580307007,0.35288047790527344,5.031683325767517,0.0,0.0,3.2629785537719727,0.48662567138671875,5.810456275939941,0.0,0.0,2.7684943675994873,0.421173095703125,5.1374287605285645,0.0,0.0,2.082493782043457,0.28174304962158203,4.391742706298828,0.0,0.0,2.2839555740356445,0.32911205291748047,4.89671516418457,0.0,0.0,2.0742387771606445,0.3260498046875,4.51667594909668,0.0,0.0,2.461414098739624,0.37926483154296875,5.147737264633179,0.0,0.0,2.4130144119262695,0.3603515625,4.874455809593201,0.0,0.0,2.688517391681671,0.40513038635253906,5.894118964672089,0.0,0.0,3.156507968902588,0.4549703598022461,6.203615665435791,0.0,0.0,5.5242016315460205,0.6696982383728027,12.166131258010864,0.0,0.0,5.706816077232361,0.6619976758956909,13.279003322124481,0.0,0.0
140,grounded,22,0.59228515625,9.153358697891235,0.9359307289123535,17.88727605342865,0.015916764736175537,0.021085679531097412,7.705506265163422,0.8586825728416443,14.526128113269806,0.061230361461639404,0.07360827922821045,6.978825211524963,0.8085129261016846,13.893535852432251,0.04323768615722656,0.08346939086914062,1.2122001647949219,0.16638565063476562,2.4655494689941406,0.0,0.0,1.1072845458984375,0.1489105224609375,2.1161651611328125,0.0,0.0,1.3274307250976562,0.1766510009765625,2.5814476013183594,0.0,0.0,1.583282470703125,0.1959686279296875,2.8892555236816406,0.0,0.0,2.2166481018066406,0.28272438049316406,4.047553837299347,0.0,0.0,2.826906204223633,0.33818817138671875,4.844036102294922,0.0,0.0,3.0837364196777344,0.3950920104980469,5.493221402168274,0.0,0.0,3.4697999954223633,0.40639305114746094,5.788089752197266,0.0,0.0,3.945108413696289,0.5094680786132812,6.230672836303711,0.0,0.0,3.541825294494629,0.4623289108276367,5.945523262023926,0.0,0.0,3.9594831466674805,0.5906467437744141,5.923283576965332,0.0,0.0,4.074579238891602,0.4787139892578125,6.940707683563232,0.0,0.0,4.51883602142334,0.4839286804199219,7.0473127365112305,0.0,0.0,3.6714649200439453,0.40305328369140625,6.161863327026367,0.0,0.0,3.5315990447998047,0.4194984436035156,5.777605056762695,0.0,0.0,4.10359001159668,0.5218791961669922,6.769216537475586,0.0,0.0,4.191713809967041,0.522307276725769,6.691164016723633,0.0,0.0,3.1146273612976074,0.39794921875,5.060384273529053,0.0,0.0,3.861351490020752,0.5197725296020508,6.208690643310547,0.0,0.0,3.350776791572571,0.4605073928833008,5.446651577949524,0.0,0.0,2.1639251708984375,0.2868537902832031,3.9295432567596436,0.0,0.0,2.838096499443054,0.36422669887542725,4.849243998527527,0.0,0.0,2.133226454257965,0.3040428161621094,4.085877478122711,0.0,0.0,2.313848376274109,0.3501272201538086,4.3361557722091675,0.0,0.0,2.2732372283935547,0.3439788818359375,4.180270195007324,0.0,0.0,2.742749512195587,0.4689257740974426,5.384859085083008,0.0,0.0,2.867255449295044,0.40749454498291016,5.167125940322876,0.0,0.0,2.9645280838012695,0.36966943740844727,5.834477424621582,0.0,0.0,3.3178060054779053,0.4697444438934326,6.91168487071991,0.0,0.0
140,hallucinated,23,0.5908203125,10.046904265880585,0.9376225471496582,18.780821621418,0.013052523136138916,0.016697943210601807,8.315450489521027,0.8586825728416443,15.140719473361969,0.061230361461639404,0.074940025806427,7.564943432807922,0.8085129261016846,14.47965407371521,0.04323768615722656,0.0720665454864502,1.2161331176757812,0.15975570678710938,2.469482421875,0.0,0.0,1.17529296875,0.1489105224609375,2.184173583984375,0.0,0.0,1.3258399963378906,0.1766510009765625,2.5798568725585938,0.0,0.0,1.6088447570800781,0.1959686279296875,2.9148178100585938,0.0,0.0,2.3708362579345703,0.28250885009765625,4.201741993427277,0.0,0.0,2.992706298828125,0.36342620849609375,5.009836196899414,0.0,0.0,3.370983123779297,0.40926361083984375,5.780468106269836,0.0,0.0,3.641891121864319,0.4008064270019531,5.960180878639221,0.0,0.0,4.160332202911377,0.4863243103027344,6.445896625518799,0.0,0.0,3.722146987915039,0.4586944580078125,6.125844955444336,0.0,0.0,4.14627742767334,0.4974327087402344,6.110077857971191,0.0,0.0,4.489934921264648,0.5513496398925781,7.356063365936279,0.0,0.0,4.833337306976318,0.6237125396728516,7.361814022064209,0.0,0.0,3.926619529724121,0.4431743621826172,6.417017936706543,0.0,0.0,4.016313552856445,0.4434165954589844,6.262319564819336,0.0,0.0,4.801644325256348,0.5198745727539062,7.467270851135254,0.0,0.0,4.110991477966309,0.46071529388427734,6.6104416847229,0.0,0.0,3.5820003151893616,0.42177295684814453,5.527757227420807,0.0,0.0,3.9659085273742676,0.4590339660644531,6.3132476806640625,0.0,0.0,3.452452838420868,0.4583930969238281,5.548327624797821,0.0,0.0,2.5151805877685547,0.31092071533203125,4.280798673629761,0.0,0.0,3.0086307525634766,0.3354463577270508,5.019778251647949,0.0,0.0,2.480255603790283,0.3040428161621094,4.432906627655029,0.0,0.0,2.6810569763183594,0.3501272201538086,4.703364372253418,0.0,0.0,2.5505303144454956,0.3439788818359375,4.457563281059265,0.0,0.0,3.133467435836792,0.4225349426269531,5.775577008724213,0.0,0.0,3.1876471042633057,0.4132533073425293,5.487517595291138,0.0,0.0,3.6042799949645996,0.42612457275390625,6.474229335784912,0.0,0.0,3.7057772874832153,0.4697444438934326,7.29965615272522,0.0,0.0
141,grounded,26,0.58251953125,11.096975088119507,0.9449892044067383,21.59435510635376,0.014890313148498535,0.014890313148498535,9.397436499595642,0.8508287668228149,17.69768351316452,0.039792776107788086,0.049155592918395996,8.390137791633606,0.8241305351257324,16.646456956863403,0.07435083389282227,0.12533950805664062,1.5394325256347656,0.17822647094726562,3.0102920532226562,0.0,0.0,1.3217544555664062,0.1588134765625,2.5074081420898438,0.0,0.0,1.5162811279296875,0.14887237548828125,2.7702293395996094,0.0,0.0,1.7781944274902344,0.19304656982421875,3.242877960205078,0.0,0.0,2.6150636672973633,0.3096284866333008,4.577967643737793,0.0,0.0,3.0967140197753906,0.37537384033203125,5.626893997192383,0.0,0.0,3.6127243041992188,0.3700675964355469,6.591178894042969,0.0,0.0,3.925070285797119,0.407318115234375,6.3264031410217285,0.0,0.0,4.267719745635986,0.4557056427001953,7.0379204750061035,0.0,0.0,3.841968536376953,0.4427967071533203,6.581132888793945,0.0,0.0,4.398737907409668,0.5174751281738281,6.953680992126465,0.0,0.0,4.817361831665039,0.5087852478027344,8.179854393005371,0.0,0.0,5.532451629638672,0.6098260879516602,8.81883430480957,0.0,0.0,4.053901672363281,0.42861175537109375,6.846695899963379,0.0,0.0,4.416960716247559,0.4694204330444336,7.144537925720215,0.0,0.0,4.652205467224121,0.547734260559082,7.969840049743652,0.0,0.0,4.779338836669922,0.5395755767822266,7.485477447509766,0.0,0.0,3.6354888677597046,0.4196852445602417,5.987799048423767,0.0,0.0,4.155781507492065,0.4564218521118164,6.890881299972534,0.0,0.0,3.5275003910064697,0.3863544464111328,5.710623025894165,0.0,0.0,2.6175355911254883,0.3196735382080078,4.688064813613892,0.0,0.0,3.5090875029563904,0.3967674970626831,5.985311448574066,0.0,0.0,2.6361817121505737,0.33960723876953125,4.8484286069869995,0.0,0.0,3.163703680038452,0.37474822998046875,5.480180501937866,0.0,0.0,2.7148866653442383,0.33684444427490234,4.891211032867432,0.0,0.0,3.660134971141815,0.4510475993156433,6.543326675891876,0.0,0.0,3.6092123985290527,0.3927459716796875,6.1353230476379395,0.0,0.0,3.755323886871338,0.4076991081237793,6.9854766726493835,0.0,0.0,4.159093976020813,0.4165838956832886,8.118627667427063,0.0,0.0
141,hallucinated,23,0.56201171875,8.304966747760773,0.9399142265319824,18.802346765995026,0.023328423500061035,0.025269150733947754,6.969042956829071,0.8508287668228149,15.271556437015533,0.039792776107788086,0.047538578510284424,6.207472085952759,0.8241305351257324,14.463791251182556,0.07435083389282227,0.1258220672607422,0.9732208251953125,0.165802001953125,2.444080352783203,0.0,0.0,0.8657760620117188,0.14931488037109375,2.0514297485351562,0.0,0.0,1.0357799530029297,0.14598846435546875,2.2897281646728516,0.0,0.0,1.2554244995117188,0.17061614990234375,2.7201080322265625,0.0,0.0,2.121457099914551,0.29523468017578125,4.0843610763549805,0.0,0.0,2.5164337158203125,0.3500328063964844,5.046613693237305,0.0,0.0,2.775106430053711,0.38878440856933594,5.753561019897461,0.0,0.0,2.92728054523468,0.4307975769042969,5.3286134004592896,0.0,0.0,3.4342269897460938,0.49056243896484375,6.204427719116211,0.0,0.0,3.0230236053466797,0.43366432189941406,5.762187957763672,0.0,0.0,3.506619453430176,0.48151683807373047,6.061562538146973,0.0,0.0,3.438905715942383,0.5101776123046875,6.801398277282715,0.0,0.0,4.100270748138428,0.6359267234802246,7.386653423309326,0.0,0.0,3.195333480834961,0.4396018981933594,5.988127708435059,0.0,0.0,3.2921695709228516,0.47488975524902344,6.019746780395508,0.0,0.0,3.719554901123047,0.5406322479248047,7.037189483642578,0.0,0.0,3.3925708532333374,0.5179939270019531,6.098709464073181,0.0,0.0,2.744192123413086,0.3906710147857666,5.096502304077148,0.0,0.0,3.008944511413574,0.4538297653198242,5.744044303894043,0.0,0.0,2.5103317499160767,0.38755321502685547,4.693454384803772,0.0,0.0,2.0826053619384766,0.29587745666503906,4.15313458442688,0.0,0.0,2.3905880451202393,0.3708515167236328,4.866811990737915,0.0,0.0,1.897461175918579,0.33960723876953125,4.109708070755005,0.0,0.0,2.0288472175598145,0.37474822998046875,4.3453240394592285,0.0,0.0,1.878981590270996,0.33684444427490234,4.0553059577941895,0.0,0.0,2.4069811701774597,0.3955535888671875,5.290172874927521,0.0,0.0,2.2701445817947388,0.3927459716796875,4.7962552309036255,0.0,0.0,2.6751067638397217,0.4001500606536865,5.905259549617767,0.0,0.0,2.9884625673294067,0.39423972368240356,6.947996258735657,0.0,0.0
142,grounded,28,0.609375,11.102314114570618,0.9448509216308594,23.36399734020233,0.01254957914352417,0.01662224531173706,9.81515657901764,0.8584921360015869,19.58435958623886,0.047711312770843506,0.09006744623184204,8.531815230846405,0.8453142642974854,18.120701372623444,0.04532623291015625,0.11273348331451416,4.1771427392959595,0.6024242639541626,5.917939782142639,0.0,0.0,3.9924964904785156,0.5889511108398438,5.427761077880859,0.0,0.0,3.8104324340820312,0.4884834289550781,5.3817901611328125,0.0,0.0,3.231781005859375,0.3878631591796875,5.011543273925781,0.0,0.0,3.426647663116455,0.4608001708984375,5.823372840881348,0.0,0.0,3.0328474044799805,0.3548240661621094,5.672070503234863,0.0,0.0,3.413114547729492,0.35808563232421875,6.773981094360352,0.0,0.0,3.9171929359436035,0.45569777488708496,6.726648807525635,0.0,0.0,4.244102954864502,0.5929479598999023,7.20512056350708,0.0,0.0,3.7888033390045166,0.4831812381744385,6.647449731826782,0.0,0.0,4.374803066253662,0.4790773391723633,7.1110358238220215,0.0,0.0,4.501650810241699,0.5425138473510742,8.215203285217285,0.0,0.0,5.0501861572265625,0.5641365051269531,8.360265731811523,0.0,0.0,4.032024383544922,0.44828224182128906,6.995944976806641,0.0,0.0,4.15843391418457,0.4371509552001953,6.959436416625977,0.0,0.0,4.611113548278809,0.5398092269897461,8.075016975402832,0.0,0.0,4.4416399002075195,0.4622793197631836,7.573774576187134,0.0,0.0,3.298145294189453,0.3854341506958008,5.937554836273193,0.0,0.0,3.9954099655151367,0.4527091979980469,6.922760963439941,0.0,0.0,3.713510274887085,0.4382932186126709,6.354536652565002,0.0,0.0,2.499081611633301,0.3375406265258789,4.914381980895996,0.0,0.0,3.400710105895996,0.3750190734863281,6.319454193115234,0.0,0.0,2.5180516242980957,0.36624908447265625,5.105594158172607,0.0,0.0,2.855857789516449,0.3499946594238281,5.624904572963715,0.0,0.0,2.480059325695038,0.3534526824951172,5.148932754993439,0.0,0.0,3.2840545177459717,0.4102662205696106,6.660231232643127,0.0,0.0,3.6045732498168945,0.43155407905578613,6.747262358665466,0.0,0.0,4.009066581726074,0.4125347137451172,8.154404640197754,0.0,0.0,4.26767760515213,0.43392622470855713,9.402258276939392,0.0,0.0
142,hallucinated,27,0.65283203125,10.175552725791931,0.942302942276001,22.437235951423645,0.016663193702697754,0.019635438919067383,8.919716477394104,0.8610132336616516,18.676534354686737,0.047711312770843506,0.08289444446563721,8.32558137178421,0.8225563764572144,17.91446751356125,0.04532623291015625,0.24185901880264282,1.3177719116210938,0.16638946533203125,3.0585689544677734,0.0,0.0,1.0552291870117188,0.15866851806640625,2.4904937744140625,0.0,0.0,1.2837162017822266,0.1691112518310547,2.855073928833008,0.0,0.0,1.3294754028320312,0.17180633544921875,3.1092376708984375,0.0,0.0,1.883333683013916,0.25888824462890625,4.280058860778809,0.0,0.0,2.4300923347473145,0.3067631721496582,5.069315433502197,0.0,0.0,3.1067943572998047,0.38443946838378906,6.467660903930664,0.0,0.0,3.3082971572875977,0.41035664081573486,6.117753028869629,0.0,0.0,3.9975697994232178,0.5870428085327148,6.958587408065796,0.0,0.0,3.1487514972686768,0.46661972999572754,6.007397890090942,0.0,0.0,3.936232805252075,0.5419034957885742,6.672465562820435,0.0,0.0,4.25770378112793,0.5697011947631836,7.971256256103516,0.0,0.0,4.468545198440552,0.6006288528442383,7.778624773025513,0.0,0.0,3.419994354248047,0.4351310729980469,6.383914947509766,0.0,0.0,3.6731367111206055,0.47165775299072266,6.474139213562012,0.0,0.0,4.146689414978027,0.5124759674072266,7.610592842102051,0.0,0.0,4.109452962875366,0.5128517150878906,7.2415876388549805,0.0,0.0,3.0540952682495117,0.35383176803588867,5.693504810333252,0.0,0.0,3.429349899291992,0.4496650695800781,6.356700897216797,0.0,0.0,3.198592185974121,0.40395164489746094,5.839618563652039,0.0,0.0,2.5366344451904297,0.3817596435546875,4.951934814453125,0.0,0.0,2.919088363647461,0.3518714904785156,5.837832450866699,0.0,0.0,2.338125228881836,0.36624908447265625,4.925667762756348,0.0,0.0,2.4870338439941406,0.34766387939453125,5.256080627441406,0.0,0.0,2.385371685028076,0.3534526824951172,5.054245114326477,0.0,0.0,3.0183491706848145,0.40578174591064453,6.39452588558197,0.0,0.0,3.2782211303710938,0.43300533294677734,6.4209102392196655,0.0,0.0,4.099992275238037,0.4437713623046875,8.245330333709717,0.0,0.0,4.10551244020462,0.4512929916381836,9.240093111991882,0.0,0.0
143,grounded,22,0.61669921875,9.132565557956696,0.9412155151367188,17.808959305286407,0.022322535514831543,0.028271794319152832,7.625185132026672,0.8357187509536743,14.167727768421173,0.06375014781951904,0.06908255815505981,7.012594699859619,0.8014891147613525,13.646108746528625,0.04400038719177246,0.10369515419006348,1.1373558044433594,0.1512298583984375,2.267223358154297,0.0,0.0,1.0196685791015625,0.14592742919921875,2.021575927734375,0.0,0.0,1.2054862976074219,0.15146255493164062,2.284259796142578,0.0,0.0,1.3339385986328125,0.19727325439453125,2.5434837341308594,0.0,0.0,1.9166641235351562,0.2733001708984375,3.4627342224121094,0.0,0.0,2.521595001220703,0.33985137939453125,4.496320724487305,0.0,0.0,2.5554656982421875,0.2969932556152344,4.895969390869141,0.0,0.0,3.036426544189453,0.4298210144042969,5.042396545410156,0.0,0.0,3.4748382568359375,0.4798240661621094,5.632537841796875,0.0,0.0,3.0136146545410156,0.4522705078125,4.996818542480469,0.0,0.0,3.344637870788574,0.5529804229736328,5.264718055725098,0.0,0.0,3.535623550415039,0.4524250030517578,6.043953895568848,0.0,0.0,4.045588493347168,0.5043859481811523,6.293402671813965,0.0,0.0,3.2128372192382812,0.40653228759765625,5.290496826171875,0.0,0.0,3.348814010620117,0.44130706787109375,5.4217529296875,0.0,0.0,3.6770966053009033,0.5038368701934814,6.254739046096802,0.0,0.0,3.562063694000244,0.45667123794555664,5.799487590789795,0.0,0.0,2.8749799728393555,0.40807342529296875,4.6844987869262695,0.0,0.0,3.318075656890869,0.4482460021972656,5.41726541519165,0.0,0.0,2.9770337343215942,0.4048337936401367,4.884759068489075,0.0,0.0,2.0569911003112793,0.29766845703125,3.8121676445007324,0.0,0.0,2.664055824279785,0.38626956939697266,4.600373268127441,0.0,0.0,2.119042158126831,0.36611366271972656,4.016406774520874,0.0,0.0,2.5178394317626953,0.35123443603515625,4.309112548828125,0.0,0.0,1.9947948455810547,0.3003082275390625,3.7268627285957336,0.0,0.0,2.779287815093994,0.4799313545227051,5.141496539115906,0.0,0.0,2.723637342453003,0.3842334747314453,4.955010175704956,0.0,0.0,3.021792411804199,0.39578819274902344,5.587735176086426,0.0,0.0,3.3279537558555603,0.4216125011444092,6.747072756290436,0.0,0.0
143,hallucinated,22,0.6162109375,9.112109959125519,0.9409093856811523,17.78850370645523,0.01686108112335205,0.02365654706954956,7.492268085479736,0.8357187509536743,14.028490960597992,0.06375014781951904,0.07899117469787598,6.961107015609741,0.8014891147613525,13.594621062278748,0.04400038719177246,0.0883018970489502,1.0580978393554688,0.1671295166015625,2.1879653930664062,0.0,0.0,1.1354598999023438,0.153106689453125,2.1373672485351562,0.0,0.0,1.2904548645019531,0.161865234375,2.3692283630371094,0.0,0.0,1.4043998718261719,0.21007919311523438,2.6139450073242188,0.0,0.0,2.152228355407715,0.33144569396972656,3.698298454284668,0.0,0.0,2.5485363006591797,0.3624000549316406,4.523262023925781,0.0,0.0,2.8133087158203125,0.4379310607910156,5.153812408447266,0.0,0.0,3.333854377269745,0.5526368021965027,5.339824378490448,0.0,0.0,3.916189432144165,0.6234664916992188,6.0738890171051025,0.0,0.0,3.172337532043457,0.4965200424194336,5.15554141998291,0.0,0.0,3.60687255859375,0.5472049713134766,5.526952743530273,0.0,0.0,3.9666357040405273,0.5417346954345703,6.474966049194336,0.0,0.0,4.339315414428711,0.6266727447509766,6.587129592895508,0.0,0.0,3.2801551818847656,0.45033836364746094,5.357814788818359,0.0,0.0,3.4930038452148438,0.5036716461181641,5.565942764282227,0.0,0.0,4.079329490661621,0.5452165603637695,6.6569719314575195,0.0,0.0,3.4236013889312744,0.45896148681640625,5.661025285720825,0.0,0.0,3.0709697008132935,0.4008803367614746,4.8804885149002075,0.0,0.0,2.9573073387145996,0.41199302673339844,5.056497097015381,0.0,0.0,2.836019992828369,0.4048337936401367,4.74374532699585,0.0,0.0,2.3328418731689453,0.3239917755126953,4.088018417358398,0.0,0.0,2.715853691101074,0.3934817314147949,4.6521711349487305,0.0,0.0,2.1285934448242188,0.36611366271972656,4.025958061218262,0.0,0.0,2.4661083221435547,0.3331451416015625,4.257381439208984,0.0,0.0,2.132781505584717,0.31453371047973633,3.8648493885993958,0.0,0.0,2.8583534955978394,0.4280813932418823,5.220562219619751,0.0,0.0,2.735651969909668,0.3842334747314453,4.967024803161621,0.0,0.0,3.087897300720215,0.4139881134033203,5.653840065002441,0.0,0.0,3.4974871277809143,0.43966197967529297,6.91660612821579,0.0,0.0
144,grounded,29,0.66455078125,15.583949208259583,0.952767014503479,24.27718448638916,0.013897597789764404,0.025186777114868164,13.98491382598877,0.876976490020752,20.60428363084793,0.05050438642501831,0.05371338129043579,12.126997590065002,0.7998549938201904,18.197272062301636,0.04137575626373291,0.0551377534866333,7.610751032829285,0.5974339246749878,8.915846705436707,0.0,0.0,7.385837554931641,0.5812530517578125,8.299201965332031,0.0,0.0,6.814731597900391,0.4782676696777344,7.796062469482422,0.0,0.0,5.445865631103516,0.4069786071777344,6.578487396240234,0.0,0.0,5.133543848991394,0.43635499477386475,6.59240996837616,0.0,0.0,3.461005210876465,0.3211212158203125,4.988402366638184,0.0,0.0,3.8682594299316406,0.3440361022949219,5.846233367919922,0.0,0.0,4.5550994873046875,0.37036705017089844,6.245811462402344,0.0,0.0,5.327588081359863,0.477386474609375,7.303030967712402,0.0,0.0,4.38908314704895,0.46613621711730957,6.256570100784302,0.0,0.0,5.290309906005859,0.6152420043945312,6.9846954345703125,0.0,0.0,6.048344135284424,0.5446300506591797,8.48657751083374,0.0,0.0,6.238197326660156,0.5916805267333984,8.260551452636719,0.0,0.0,5.042341232299805,0.4285621643066406,7.141597747802734,0.0,0.0,5.009934425354004,0.4960193634033203,6.897557258605957,0.0,0.0,5.857033729553223,0.5209617614746094,8.372300148010254,0.0,0.0,5.1541876792907715,0.48134660720825195,7.32015323638916,0.0,0.0,4.390390932559967,0.37169939279556274,6.20977908372879,0.0,0.0,4.623983860015869,0.4296379089355469,6.5582451820373535,0.0,0.0,4.3877317905426025,0.40154242515563965,6.295796632766724,0.0,0.0,3.768187999725342,0.36214256286621094,5.801962971687317,0.0,0.0,3.94291353225708,0.3785667419433594,5.80043888092041,0.0,0.0,3.165928363800049,0.33304595947265625,5.1164727210998535,0.0,0.0,3.386751174926758,0.31908607482910156,5.578302383422852,0.0,0.0,2.974954605102539,0.3179893493652344,5.1588374376297,0.0,0.0,4.0354496240615845,0.3921489715576172,6.920159459114075,0.0,0.0,3.962675094604492,0.4225888252258301,6.590104103088379,0.0,0.0,4.8347684144973755,0.48933982849121094,8.34567940235138,0.0,0.0,6.202375769615173,0.5388116836547852,10.000425815582275,0.0,0.0
144,hallucinated,21,0.66748046875,8.21994662284851,0.9372397661209106,16.91318190097809,0.0,0.0,6.9579498171806335,0.8203212022781372,13.593633592128754,0.050533950328826904,0.050533950328826904,5.826917409896851,0.753596305847168,11.897188425064087,0.04130148887634277,0.04130148887634277,1.0312843322753906,0.16785430908203125,2.3363399505615234,0.0,0.0,0.8957233428955078,0.15101242065429688,1.8096141815185547,0.0,0.0,0.9457931518554688,0.1443023681640625,1.9278182983398438,0.0,0.0,1.2045698165893555,0.1901702880859375,2.337008476257324,0.0,0.0,1.5310602188110352,0.23390769958496094,2.989926338195801,0.0,0.0,1.6847400665283203,0.28849220275878906,3.212076187133789,0.0,0.0,1.9902000427246094,0.3375396728515625,3.9676284790039062,0.0,0.0,2.311802864074707,0.3580951690673828,4.002850532531738,0.0,0.0,2.687152862548828,0.4252128601074219,4.662416458129883,0.0,0.0,2.179093360900879,0.41565799713134766,4.046206474304199,0.0,0.0,2.451796054840088,0.49036264419555664,4.145266056060791,0.0,0.0,2.8288097381591797,0.4549674987792969,5.265655517578125,0.0,0.0,2.895509719848633,0.4433631896972656,4.916994094848633,0.0,0.0,2.5395755767822266,0.4002799987792969,4.637580871582031,0.0,0.0,2.556637763977051,0.48557186126708984,4.444954872131348,0.0,0.0,3.119678497314453,0.4930286407470703,5.636209487915039,0.0,0.0,2.6691646575927734,0.3938121795654297,4.835516452789307,0.0,0.0,2.611523389816284,0.35861635208129883,4.429946422576904,0.0,0.0,2.526794910430908,0.4193992614746094,4.461538791656494,0.0,0.0,2.467146396636963,0.4493427276611328,4.375455379486084,0.0,0.0,2.0597987174987793,0.3437333106994629,4.094011425971985,0.0,0.0,2.075448989868164,0.34334373474121094,3.932918071746826,0.0,0.0,1.6745281219482422,0.3329658508300781,3.624453067779541,0.0,0.0,1.9720115661621094,0.3193531036376953,4.16291618347168,0.0,0.0,1.8338122367858887,0.35312461853027344,4.0171908140182495,0.0,0.0,2.489692449569702,0.39523911476135254,5.3747899532318115,0.0,0.0,2.436361312866211,0.42274904251098633,5.064026832580566,0.0,0.0,2.941798448562622,0.4895744323730469,6.45197606086731,0.0,0.0,3.118706464767456,0.4653106927871704,6.914805233478546,0.0,0.0
145,grounded,28,0.568359375,9.216454088687897,0.9472744464874268,23.152061820030212,0.01116931438446045,0.013561844825744629,8.010521352291107,0.8671798706054688,19.820770859718323,0.05302697420120239,0.11764973402023315,8.550029039382935,0.8860931396484375,21.034148931503296,0.009615421295166016,0.017946243286132812,1.1736793518066406,0.17129135131835938,3.2950782775878906,0.0,0.0,0.928802490234375,0.16278839111328125,2.5057716369628906,0.0,0.0,1.1771106719970703,0.14808082580566406,2.8271846771240234,0.0,0.0,1.5114459991455078,0.213592529296875,3.637310028076172,0.0,0.0,1.9875602722167969,0.2603263854980469,4.522672653198242,0.0,0.0,2.6216888427734375,0.32512664794921875,5.907648086547852,0.0,0.0,3.2254981994628906,0.3677940368652344,7.277072906494141,0.0,0.0,3.4040985107421875,0.4227142333984375,6.968090057373047,0.0,0.0,4.020624160766602,0.5379304885864258,7.739211082458496,0.0,0.0,3.4809207916259766,0.3980274200439453,7.20119571685791,0.0,0.0,4.08372950553894,0.48395347595214844,7.567131757736206,0.0,0.0,4.370842218399048,0.5346946716308594,9.21304440498352,0.0,0.0,5.299551546573639,0.6280856132507324,9.451365292072296,0.0,0.0,4.121423721313477,0.49581146240234375,8.241607666015625,0.0,0.0,4.194349050521851,0.5426201820373535,7.989610433578491,0.0,0.0,4.368417263031006,0.5479607582092285,8.443794965744019,0.0,0.0,4.213190793991089,0.5316734313964844,8.179142475128174,0.0,0.0,3.293208599090576,0.39935946464538574,6.402479112148285,0.0,0.0,3.6096384525299072,0.46530914306640625,7.2482264041900635,0.0,0.0,3.364283561706543,0.4394402503967285,6.567336082458496,0.0,0.0,2.335216999053955,0.3377537727355957,5.084305286407471,0.0,0.0,2.697061538696289,0.32904911041259766,6.30924129486084,0.0,0.0,2.203362464904785,0.29621315002441406,5.281693458557129,0.0,0.0,2.569878101348877,0.3716163635253906,5.680604457855225,0.0,0.0,2.3910560607910156,0.3177947998046875,5.115544676780701,0.0,0.0,3.1402807235717773,0.4247608184814453,7.08743941783905,0.0,0.0,3.3155229091644287,0.4031257629394531,7.2649219036102295,0.0,0.0,3.2851194739341736,0.4304361343383789,8.000215947628021,0.0,0.0,3.9958287477493286,0.6344014406204224,9.861367523670197,0.0,0.0
145,hallucinated,34,0.6826171875,14.926413476467133,0.9506957530975342,28.86202120780945,0.0015565156936645508,0.0020105838775634766,12.664104878902435,0.8671798706054688,24.47435438632965,0.05302697420120239,0.12253803014755249,13.742179155349731,0.8929376602172852,26.226299047470093,0.013262391090393066,0.03120863437652588,1.9138946533203125,0.17129135131835938,4.0352935791015625,0.0,0.0,1.6403579711914062,0.16278839111328125,3.2173118591308594,0.0,0.0,2.2249794006347656,0.18480682373046875,3.8750534057617188,0.0,0.0,2.573404312133789,0.2263031005859375,4.699367523193359,0.0,0.0,3.373859405517578,0.2940196990966797,5.909048080444336,0.0,0.0,4.306062698364258,0.4107818603515625,7.5919342041015625,0.0,0.0,5.447348594665527,0.4168548583984375,9.498855590820312,0.0,0.0,5.704155921936035,0.44974517822265625,9.268216133117676,0.0,0.0,6.906530857086182,0.5299415588378906,10.624512195587158,0.0,0.0,6.518716931343079,0.5382460355758667,10.23902714252472,0.0,0.0,7.287291526794434,0.5654115676879883,10.770695686340332,0.0,0.0,7.006044626235962,0.5374794006347656,11.84888768196106,0.0,0.0,7.829228401184082,0.6349954605102539,11.980973482131958,0.0,0.0,6.62510871887207,0.523658275604248,10.744985580444336,0.0,0.0,6.658905744552612,0.531735897064209,10.453766584396362,0.0,0.0,6.314277410507202,0.5018472671508789,10.390575885772705,0.0,0.0,6.776503264904022,0.5739865303039551,10.74230045080185,0.0,0.0,5.242578506469727,0.4282405972480774,8.352224588394165,0.0,0.0,4.918757438659668,0.4313325881958008,8.557312965393066,0.0,0.0,4.559638023376465,0.4513731002807617,7.761724472045898,0.0,0.0,3.860327959060669,0.3670082092285156,6.609168291091919,0.0,0.0,4.5202507972717285,0.38690614700317383,8.131913661956787,0.0,0.0,3.5126614570617676,0.29413604736328125,6.590512752532959,0.0,0.0,3.6871960163116455,0.3480260372161865,6.797626733779907,0.0,0.0,3.9912848472595215,0.3497859239578247,6.715232253074646,0.0,0.0,4.951914191246033,0.4433422088623047,8.899555385112762,0.0,0.0,5.248198509216309,0.4191627502441406,9.200019836425781,0.0,0.0,5.719575881958008,0.5272283554077148,10.435639381408691,0.0,0.0,6.681916356086731,0.5114015340805054,12.548154354095459,0.0,0.0
146,grounded,21,0.619140625,9.939965844154358,0.9361104965209961,16.82125985622406,0.0014290809631347656,0.0027825236320495605,7.970846176147461,0.8236846923828125,13.565845906734467,0.020107030868530273,0.042309463024139404,7.956327319145203,0.8584022521972656,13.981588363647461,0.020470142364501953,0.020504474639892578,3.61824893951416,0.5897512435913086,4.60231876373291,0.0,0.0,3.646939277648926,0.575439453125,4.446759223937988,0.0,0.0,3.2964038848876953,0.4848175048828125,4.163270950317383,0.0,0.0,2.7453508377075195,0.3896369934082031,3.6032533645629883,0.0,0.0,2.67840313911438,0.46702122688293457,3.8937504291534424,0.0,0.0,2.1773109436035156,0.231048583984375,3.404430389404297,0.0,0.0,2.569499969482422,0.2910919189453125,4.130519866943359,0.0,0.0,2.8918075561523438,0.32766151428222656,4.187713623046875,0.0,0.0,2.8769102096557617,0.3453941345214844,4.3311262130737305,0.0,0.0,2.41217041015625,0.2629203796386719,3.7905821800231934,0.0,0.0,2.508882522583008,0.3065376281738281,3.721895217895508,0.0,0.0,3.706170082092285,0.42115211486816406,5.4030256271362305,0.0,0.0,3.7325897216796875,0.46319580078125,5.319984436035156,0.0,0.0,3.0565032958984375,0.362579345703125,4.679695129394531,0.0,0.0,3.491180419921875,0.4425930976867676,5.056112289428711,0.0,0.0,3.5699119567871094,0.4440155029296875,5.6281585693359375,0.0,0.0,2.805776596069336,0.3787422180175781,4.488721132278442,0.0,0.0,2.7478625774383545,0.3505401611328125,4.187708616256714,0.0,0.0,2.131174087524414,0.3164234161376953,3.576143264770508,0.0,0.0,2.3039921522140503,0.3393287658691406,3.744463801383972,0.0,0.0,1.7807254791259766,0.26883602142333984,3.1279083490371704,0.0,0.0,2.2217190265655518,0.31449317932128906,3.7105586528778076,0.0,0.0,1.749757707118988,0.308380126953125,3.307466447353363,0.0,0.0,1.8212223052978516,0.3557243347167969,3.4034805297851562,0.0,0.0,1.7548641562461853,0.255767822265625,3.2793046832084656,0.0,0.0,2.308818817138672,0.42531394958496094,4.200200080871582,0.0,0.0,2.5072927474975586,0.4245138168334961,4.189455986022949,0.0,0.0,3.2302039861679077,0.38817787170410156,5.4939175844192505,0.0,0.0,4.447070062160492,0.49347567558288574,7.1043238043785095,0.0,0.0
146,hallucinated,14,0.55517578125,3.5822023153305054,0.911164402961731,10.463496327400208,0.0,0.0,2.490700840950012,0.8236832618713379,8.08579021692276,0.020107030868530273,0.027463793754577637,2.9776902198791504,0.8430080413818359,9.002852082252502,0.020516395568847656,0.020516395568847656,0.329559326171875,0.20100784301757812,1.3133773803710938,0.0,0.0,0.36016845703125,0.14699554443359375,1.1598739624023438,0.0,0.0,0.41324615478515625,0.17526626586914062,1.2804603576660156,0.0,0.0,0.38480377197265625,0.1515045166015625,1.2425308227539062,0.0,0.0,0.5948944091796875,0.22641944885253906,1.8104267120361328,0.0,0.0,0.602386474609375,0.2218780517578125,1.8295440673828125,0.0,0.0,0.8255996704101562,0.26156044006347656,2.3855152130126953,0.0,0.0,0.8661098480224609,0.26464080810546875,2.161802291870117,0.0,0.0,0.9091262817382812,0.338043212890625,2.3630828857421875,0.0,0.0,0.8505020141601562,0.32122802734375,2.2280936241149902,0.0,0.0,0.9704437255859375,0.3352813720703125,2.1833267211914062,0.0,0.0,1.1956205368041992,0.39492321014404297,2.892327308654785,0.0,0.0,1.3440971374511719,0.4475822448730469,2.9315032958984375,0.0,0.0,1.153066635131836,0.35262298583984375,2.776042938232422,0.0,0.0,1.3376727104187012,0.4418349266052246,2.902644634246826,0.0,0.0,1.4531879425048828,0.46053123474121094,3.5113420486450195,0.0,0.0,1.1098575592041016,0.3787193298339844,2.792970895767212,0.0,0.0,1.1631426811218262,0.35068511962890625,2.6030824184417725,0.0,0.0,1.0066814422607422,0.3068695068359375,2.4518775939941406,0.0,0.0,0.9643783569335938,0.3390693664550781,2.404207229614258,0.0,0.0,0.7664635181427002,0.26900291442871094,2.11392879486084,0.0,0.0,0.8458499908447266,0.2878875732421875,2.3350095748901367,0.0,0.0,0.7962466478347778,0.30834197998046875,2.35367214679718,0.0,0.0,0.9812355041503906,0.35599708557128906,2.5641326904296875,0.0,0.0,0.714810848236084,0.2557792663574219,2.240128755569458,0.0,0.0,0.9849980473518372,0.42533302307128906,2.876119911670685,0.0,0.0,1.021270751953125,0.39826011657714844,2.703176498413086,0.0,0.0,1.1492106914520264,0.35104942321777344,3.412529468536377,0.0,0.0,1.3207061290740967,0.400448203086853,3.978141486644745,0.0,0.0
147,grounded,21,0.63720703125,9.072148144245148,0.9354438185691833,16.88421505689621,0.012305974960327148,0.01756739616394043,7.795435070991516,0.8211831450462341,13.6648810505867,0.052355825901031494,0.052355825901031494,6.543540954589844,0.7840378284454346,12.127775311470032,0.03517293930053711,0.03517293930053711,3.0737377405166626,0.5937553644180298,4.170047402381897,0.0,0.0,2.9685401916503906,0.5801010131835938,3.7472686767578125,0.0,0.0,2.8557796478271484,0.4803199768066406,3.792142868041992,0.0,0.0,2.354114532470703,0.34978485107421875,3.280414581298828,0.0,0.0,2.552945375442505,0.44345784187316895,3.817166566848755,0.0,0.0,2.3874683380126953,0.33782196044921875,3.769589424133301,0.0,0.0,2.3326663970947266,0.2848663330078125,4.0814208984375,0.0,0.0,3.0436885356903076,0.45080065727233887,4.4994189739227295,0.0,0.0,3.153437614440918,0.5057806968688965,4.757414817810059,0.0,0.0,3.067595958709717,0.45349836349487305,4.817407131195068,0.0,0.0,3.3135719299316406,0.5075740814208984,4.719966888427734,0.0,0.0,3.568777084350586,0.433624267578125,5.472954750061035,0.0,0.0,3.681471109390259,0.49009132385253906,5.300318002700806,0.0,0.0,3.309001922607422,0.40743255615234375,5.227239608764648,0.0,0.0,3.2582693099975586,0.43364524841308594,4.801058769226074,0.0,0.0,3.7164955139160156,0.5122509002685547,5.84395694732666,0.0,0.0,3.155339241027832,0.42009544372558594,5.07614803314209,0.0,0.0,2.5666792392730713,0.353729248046875,4.1221959590911865,0.0,0.0,3.008204698562622,0.4210243225097656,4.665019273757935,0.0,0.0,2.6644163131713867,0.43811607360839844,4.264096260070801,0.0,0.0,1.9217700958251953,0.3356947898864746,3.5309700965881348,0.0,0.0,2.4277305603027344,0.3767738342285156,3.969082832336426,0.0,0.0,2.073174238204956,0.3054847717285156,3.706835985183716,0.0,0.0,2.2752820253372192,0.3336210250854492,3.907629132270813,0.0,0.0,2.019717574119568,0.3079948425292969,3.7730342149734497,0.0,0.0,2.6578173637390137,0.4020256996154785,4.885158061981201,0.0,0.0,2.7241263389587402,0.42079687118530273,4.9056549072265625,0.0,0.0,3.1893863677978516,0.4895744323730469,6.365398406982422,0.0,0.0,3.355768918991089,0.4653106927871704,6.746531009674072,0.0,0.0
147,hallucinated,20,0.669921875,8.13896644115448,0.9322298765182495,15.951033353805542,0.020393073558807373,0.020393073558807373,7.021107316017151,0.8354893326759338,12.909477472305298,0.052355825901031494,0.052355825901031494,6.27478814125061,0.7541580200195312,11.859022498130798,0.03517293930053711,0.09384298324584961,0.890869140625,0.15301895141601562,1.9871788024902344,0.0,0.0,0.7553558349609375,0.1324310302734375,1.5340843200683594,0.0,0.0,0.9057655334472656,0.14420318603515625,1.8421287536621094,0.0,0.0,1.0358505249023438,0.1697540283203125,1.9621505737304688,0.0,0.0,1.6113452911376953,0.24922943115234375,2.8755664825439453,0.0,0.0,2.033489227294922,0.3111114501953125,3.4156103134155273,0.0,0.0,2.4619808197021484,0.35039710998535156,4.210735321044922,0.0,0.0,2.90353786945343,0.3912862539291382,4.359268307685852,0.0,0.0,3.514763355255127,0.5329728126525879,5.118740558624268,0.0,0.0,2.7999329566955566,0.4374508857727051,4.549744129180908,0.0,0.0,3.488067626953125,0.5585575103759766,4.894462585449219,0.0,0.0,3.4746265411376953,0.46637725830078125,5.3788042068481445,0.0,0.0,3.784928798675537,0.5735301971435547,5.403775691986084,0.0,0.0,3.3361434936523438,0.47849082946777344,5.25438117980957,0.0,0.0,3.326157331466675,0.5132825374603271,4.86894679069519,0.0,0.0,3.84580135345459,0.5024070739746094,5.973262786865234,0.0,0.0,3.205991744995117,0.45643091201782227,5.126800537109375,0.0,0.0,3.0316094160079956,0.44870615005493164,4.587126135826111,0.0,0.0,3.0074620246887207,0.4227485656738281,4.664276599884033,0.0,0.0,2.817617893218994,0.42159318923950195,4.417297840118408,0.0,0.0,2.3158812522888184,0.3772850036621094,3.925081253051758,0.0,0.0,2.366978645324707,0.3533134460449219,3.9083309173583984,0.0,0.0,2.0644726753234863,0.3054847717285156,3.698134422302246,0.0,0.0,2.128617286682129,0.3559608459472656,3.7609643936157227,0.0,0.0,1.981223225593567,0.3015174865722656,3.7345398664474487,0.0,0.0,2.640247106552124,0.45142173767089844,4.8675878047943115,0.0,0.0,2.736652374267578,0.4228553771972656,4.9181809425354,0.0,0.0,3.444878101348877,0.5171985626220703,6.620890140533447,0.0,0.0,3.385366439819336,0.4826574921607971,6.776128530502319,0.0,0.0
148,grounded,24,0.59033203125,9.204368472099304,0.9486230611801147,19.73552644252777,0.014419138431549072,0.017086327075958252,7.994815707206726,0.8476729393005371,16.341403007507324,0.054890453815460205,0.06024801731109619,6.844159126281738,0.8131256103515625,15.054951906204224,0.07087469100952148,0.07087469100952148,3.0930604934692383,0.5946283340454102,4.643044471740723,0.0,0.0,3.1010055541992188,0.581329345703125,4.372097015380859,0.0,0.0,2.8754653930664062,0.47550201416015625,4.2545166015625,0.0,0.0,2.490877151489258,0.3661842346191406,3.993316650390625,0.0,0.0,2.7479116916656494,0.4475853443145752,4.7399468421936035,0.0,0.0,2.759777069091797,0.34449005126953125,5.088949203491211,0.0,0.0,3.000713348388672,0.3981208801269531,5.7113237380981445,0.0,0.0,3.504516124725342,0.41888999938964844,6.09889554977417,0.0,0.0,3.9565610885620117,0.49497127532958984,6.671494483947754,0.0,0.0,3.550342559814453,0.4755434989929199,6.278273105621338,0.0,0.0,3.761279582977295,0.5699105262756348,5.953197002410889,0.0,0.0,4.0771026611328125,0.5393009185791016,7.252849578857422,0.0,0.0,4.589355826377869,0.6165885925292969,7.368845343589783,0.0,0.0,3.8087806701660156,0.4535369873046875,6.519948959350586,0.0,0.0,3.6088156700134277,0.5044398307800293,5.9924139976501465,0.0,0.0,4.041569709777832,0.5180892944335938,7.018094062805176,0.0,0.0,3.9405434131622314,0.48830270767211914,6.632631063461304,0.0,0.0,2.9695619344711304,0.38367462158203125,5.076974272727966,0.0,0.0,3.668217182159424,0.4604167938232422,6.358822345733643,0.0,0.0,3.4717721939086914,0.4435386657714844,5.928092002868652,0.0,0.0,2.3235902786254883,0.2902498245239258,4.3304102420806885,0.0,0.0,2.853066921234131,0.36698484420776367,5.272238254547119,0.0,0.0,2.10855770111084,0.28761863708496094,4.416197776794434,0.0,0.0,2.330671548843384,0.3133831024169922,4.62337327003479,0.0,0.0,2.3454551696777344,0.3353462219238281,4.7216713428497314,0.0,0.0,2.749518096446991,0.4116629958152771,5.861148297786713,0.0,0.0,2.8907246589660645,0.4007761478424072,5.748140811920166,0.0,0.0,2.9561121463775635,0.3848867416381836,6.5556557178497314,0.0,0.0,3.3272746205329895,0.428533673286438,7.598261892795563,0.0,0.0
148,hallucinated,28,0.6279296875,12.973718345165253,0.9461501240730286,23.50487631559372,0.00472867488861084,0.00472867488861084,11.386623561382294,0.8524990081787109,19.751330852508545,0.054890453815460205,0.054890453815460205,10.253380298614502,0.8130385875701904,18.464508771896362,0.0708165168762207,0.1271820068359375,1.5201301574707031,0.17213821411132812,3.070293426513672,0.0,0.0,1.3815498352050781,0.15618896484375,2.6528854370117188,0.0,0.0,1.5339393615722656,0.1772613525390625,2.912433624267578,0.0,0.0,1.7667503356933594,0.205291748046875,3.2691078186035156,0.0,0.0,2.4722609519958496,0.27240753173828125,4.46474552154541,0.0,0.0,2.8743114471435547,0.3179912567138672,5.201955795288086,0.0,0.0,3.4745359420776367,0.41461944580078125,6.184779167175293,0.0,0.0,3.473365068435669,0.3570823669433594,6.067275285720825,0.0,0.0,4.146167755126953,0.4172344207763672,6.860696792602539,0.0,0.0,3.5048627853393555,0.45271778106689453,6.233534336090088,0.0,0.0,3.7295325994491577,0.512020468711853,5.921345114707947,0.0,0.0,4.492072105407715,0.4724845886230469,7.668322563171387,0.0,0.0,4.353231191635132,0.46781158447265625,7.132596731185913,0.0,0.0,3.8097639083862305,0.4088630676269531,6.5213117599487305,0.0,0.0,3.922347068786621,0.5024986267089844,6.305163383483887,0.0,0.0,5.128322124481201,0.5358676910400391,8.103393077850342,0.0,0.0,3.9306602478027344,0.46520137786865234,6.62266206741333,0.0,0.0,3.9252084493637085,0.3939046859741211,6.0329049825668335,0.0,0.0,4.138543128967285,0.5131187438964844,6.8274054527282715,0.0,0.0,3.6364651322364807,0.4553859829902649,6.092201292514801,0.0,0.0,2.979332685470581,0.3333092927932739,4.986161947250366,0.0,0.0,3.341378688812256,0.3730497360229492,5.760481357574463,0.0,0.0,2.3923516273498535,0.28560829162597656,4.699946880340576,0.0,0.0,2.805885076522827,0.3122444152832031,5.099181890487671,0.0,0.0,2.8645315170288086,0.3353118896484375,5.240673899650574,0.0,0.0,3.536724865436554,0.3689036965370178,6.6486669182777405,0.0,0.0,3.423877716064453,0.4123878479003906,6.279966354370117,0.0,0.0,4.257396221160889,0.4286155700683594,7.857313632965088,0.0,0.0,4.73795086145401,0.4832872152328491,9.01096487045288,0.0,0.0
149,grounded,27,0.599609375,11.06667011976242,0.9474403262138367,22.461515963077545,0.0031418204307556152,0.007294595241546631,9.948157906532288,0.8753726482391357,18.99826353788376,0.04747384786605835,0.0669289231300354,8.70009183883667,0.8316421508789062,17.71785658597946,0.04665327072143555,0.0646982192993164,6.107732772827148,0.6603050231933594,9.640810370445251,0.0,0.0,6.037090301513672,0.6482391357421875,9.392440795898438,0.0,0.0,5.838621139526367,0.593536376953125,8.952962875366211,0.0,0.0,4.603399276733398,0.4840278625488281,7.303644180297852,0.0,0.0,4.305566728115082,0.5185279250144958,7.326079428195953,0.0,0.0,2.9511947631835938,0.3350830078125,5.317230224609375,0.0,0.0,3.1757049560546875,0.32366180419921875,6.026336669921875,0.0,0.0,3.781670570373535,0.4551734924316406,6.29042911529541,0.0,0.0,4.114865303039551,0.5181360244750977,6.957361221313477,0.0,0.0,3.5679779052734375,0.45211029052734375,6.145671844482422,0.0,0.0,3.898679733276367,0.4883613586425781,6.266656875610352,0.0,0.0,4.438882827758789,0.4925823211669922,7.76435661315918,0.0,0.0,5.046189546585083,0.5599308013916016,8.05864930152893,0.0,0.0,3.8965587615966797,0.4308357238769531,6.698137283325195,0.0,0.0,4.0936279296875,0.4766349792480469,6.7156219482421875,0.0,0.0,4.483985900878906,0.5129499435424805,7.62066650390625,0.0,0.0,4.031392693519592,0.4338645935058594,6.691628575325012,0.0,0.0,3.2978224754333496,0.4188065528869629,5.665590763092041,0.0,0.0,3.739711284637451,0.4435386657714844,6.385921001434326,0.0,0.0,3.754530906677246,0.4707155227661133,6.270697116851807,0.0,0.0,2.552342176437378,0.3396139144897461,4.788970708847046,0.0,0.0,3.1625375747680664,0.34217357635498047,5.521917819976807,0.0,0.0,2.5789172649383545,0.3405952453613281,5.060894012451172,0.0,0.0,2.942770004272461,0.3539619445800781,5.454819679260254,0.0,0.0,2.5290006399154663,0.3114805221557617,5.068838477134705,0.0,0.0,3.3919239044189453,0.43575525283813477,6.655974984169006,0.0,0.0,3.5136871337890625,0.4270753860473633,6.448041915893555,0.0,0.0,3.870806336402893,0.39000654220581055,7.759766697883606,0.0,0.0,4.234952688217163,0.46068519353866577,8.678625524044037,0.0,0.0
149,hallucinated,26,0.65234375,10.137164652347565,0.938851535320282,21.53201049566269,0.001723647117614746,0.00276339054107666,9.165177822113037,0.8785443305969238,18.22940593957901,0.047470927238464355,0.06593877077102661,7.990580379962921,0.8315706253051758,17.00830566883087,0.04668235778808594,0.07026290893554688,6.221624135971069,0.6723003387451172,9.754790425300598,0.0,0.0,6.226188659667969,0.659820556640625,9.581771850585938,0.0,0.0,5.824343681335449,0.6079978942871094,8.93884563446045,0.0,0.0,4.605324745178223,0.49564361572265625,7.305157661437988,0.0,0.0,4.266677618026733,0.5269620418548584,7.287747263908386,0.0,0.0,2.370091438293457,0.29862499237060547,4.737244606018066,0.0,0.0,2.756406784057617,0.32897186279296875,5.607175827026367,0.0,0.0,3.139739513397217,0.41557979583740234,5.648143291473389,0.0,0.0,3.5279712677001953,0.4828910827636719,6.37089729309082,0.0,0.0,2.6776065826416016,0.3630218505859375,5.253927230834961,0.0,0.0,3.0021400451660156,0.4452934265136719,5.367698669433594,0.0,0.0,3.5675125122070312,0.4535102844238281,6.891561508178711,0.0,0.0,4.066666007041931,0.5233964920043945,7.078934073448181,0.0,0.0,3.172792911529541,0.4236311912536621,5.973795413970947,0.0,0.0,3.407337188720703,0.5357742309570312,6.029382705688477,0.0,0.0,3.9861412048339844,0.4965786933898926,7.123132705688477,0.0,0.0,3.250946521759033,0.41423606872558594,5.911344528198242,0.0,0.0,3.059677243232727,0.4051477909088135,5.426289677619934,0.0,0.0,3.2373902797698975,0.48975515365600586,5.882970571517944,0.0,0.0,3.1573305130004883,0.44249629974365234,5.673337936401367,0.0,0.0,2.2047612071037292,0.3117408752441406,4.441283881664276,0.0,0.0,2.5226354598999023,0.30649757385253906,4.882164478302002,0.0,0.0,2.1757744550704956,0.3405799865722656,4.656956076622009,0.0,0.0,2.4811697006225586,0.3319587707519531,4.992395401000977,0.0,0.0,2.307032585144043,0.32508325576782227,4.844887018203735,0.0,0.0,2.6562872529029846,0.4348498582839966,5.9193872809410095,0.0,0.0,2.8083794116973877,0.3908214569091797,5.741706132888794,0.0,0.0,3.4553327560424805,0.4151139259338379,7.341983795166016,0.0,0.0,3.7952045798301697,0.45660316944122314,8.23544442653656,0.0,0.0
