example_id,label,seq_len,msp_score,layer_0_mtop_div,layer_0_h0_max_lifetime,layer_0_h0_total_persistence,layer_0_h1_max_lifetime,layer_0_h1_total_persistence,layer_1_mtop_div,layer_1_h0_max_lifetime,layer_1_h0_total_persistence,layer_1_h1_max_lifetime,layer_1_h1_total_persistence,layer_2_mtop_div,layer_2_h0_max_lifetime,layer_2_h0_total_persistence,layer_2_h1_max_lifetime,layer_2_h1_total_persistence,layer_3_mtop_div,layer_3_h0_max_lifetime,layer_3_h0_total_persistence,layer_3_h1_max_lifetime,layer_3_h1_total_persistence,layer_4_mtop_div,layer_4_h0_max_lifetime,layer_4_h0_total_persistence,layer_4_h1_max_lifetime,layer_4_h1_total_persistence,layer_5_mtop_div,layer_5_h0_max_lifetime,layer_5_h0_total_persistence,layer_5_h1_max_lifetime,layer_5_h1_total_persistence,layer_6_mtop_div,layer_6_h0_max_lifetime,layer_6_h0_total_persistence,layer_6_h1_max_lifetime,layer_6_h1_total_persistence,layer_7_mtop_div,layer_7_h0_max_lifetime,layer_7_h0_total_persistence,layer_7_h1_max_lifetime,layer_7_h1_total_persistence,layer_8_mtop_div,layer_8_h0_max_lifetime,layer_8_h0_total_persistence,layer_8_h1_max_lifetime,layer_8_h1_total_persistence,layer_9_mtop_div,layer_9_h0_max_lifetime,layer_9_h0_total_persistence,layer_9_h1_max_lifetime,layer_9_h1_total_persistence,layer_10_mtop_div,layer_10_h0_max_lifetime,layer_10_h0_total_persistence,layer_10_h1_max_lifetime,layer_10_h1_total_persistence,layer_11_mtop_div,layer_11_h0_max_lifetime,layer_11_h0_total_persistence,layer_11_h1_max_lifetime,layer_11_h1_total_persistence,layer_12_mtop_div,layer_12_h0_max_lifetime,layer_12_h0_total_persistence,layer_12_h1_max_lifetime,layer_12_h1_total_persistence,layer_13_mtop_div,layer_13_h0_max_lifetime,layer_13_h0_total_persistence,layer_13_h1_max_lifetime,layer_13_h1_total_persistence,layer_14_mtop_div,layer_14_h0_max_lifetime,layer_14_h0_total_persistence,layer_14_h1_max_lifetime,layer_14_h1_total_persistence,layer_15_mtop_div,layer_15_h0_max_lifetime,layer_15_h0_total_persistence,layer_15_h1_max_lifetime,layer_15_h1_total_persistence,layer_16_mtop_div,layer_16_h0_max_lifetime,layer_16_h0_total_persistence,layer_16_h1_max_lifetime,layer_16_h1_total_persistence,layer_17_mtop_div,layer_17_h0_max_lifetime,layer_17_h0_total_persistence,layer_17_h1_max_lifetime,layer_17_h1_total_persistence,layer_18_mtop_div,layer_18_h0_max_lifetime,layer_18_h0_total_persistence,layer_18_h1_max_lifetime,layer_18_h1_total_persistence,layer_19_mtop_div,layer_19_h0_max_lifetime,layer_19_h0_total_persistence,layer_19_h1_max_lifetime,layer_19_h1_total_persistence,layer_20_mtop_div,layer_20_h0_max_lifetime,layer_20_h0_total_persistence,layer_20_h1_max_lifetime,layer_20_h1_total_persistence,layer_21_mtop_div,layer_21_h0_max_lifetime,layer_21_h0_total_persistence,layer_21_h1_max_lifetime,layer_21_h1_total_persistence,layer_22_mtop_div,layer_22_h0_max_lifetime,layer_22_h0_total_persistence,layer_22_h1_max_lifetime,layer_22_h1_total_persistence,layer_23_mtop_div,layer_23_h0_max_lifetime,layer_23_h0_total_persistence,layer_23_h1_max_lifetime,layer_23_h1_total_persistence,layer_24_mtop_div,layer_24_h0_max_lifetime,layer_24_h0_total_persistence,layer_24_h1_max_lifetime,layer_24_h1_total_persistence,layer_25_mtop_div,layer_25_h0_max_lifetime,layer_25_h0_total_persistence,layer_25_h1_max_lifetime,layer_25_h1_total_persistence,layer_26_mtop_div,layer_26_h0_max_lifetime,layer_26_h0_total_persistence,layer_26_h1_max_lifetime,layer_26_h1_total_persistence,layer_27_mtop_div,layer_27_h0_max_lifetime,layer_27_h0_total_persistence,layer_27_h1_max_lifetime,layer_27_h1_total_persistence,layer_28_mtop_div,layer_28_h0_max_lifetime,layer_28_h0_total_persistence,layer_28_h1_max_lifetime,layer_28_h1_total_persistence,layer_29_mtop_div,layer_29_h0_max_lifetime,layer_29_h0_total_persistence,layer_29_h1_max_lifetime,layer_29_h1_total_persistence,layer_30_mtop_div,layer_30_h0_max_lifetime,layer_30_h0_total_persistence,layer_30_h1_max_lifetime,layer_30_h1_total_persistence,layer_31_mtop_div,layer_31_h0_max_lifetime,layer_31_h0_total_persistence,layer_31_h1_max_lifetime,layer_31_h1_total_persistence,layer_32_mtop_div,layer_32_h0_max_lifetime,layer_32_h0_total_persistence,layer_32_h1_max_lifetime,layer_32_h1_total_persistence,layer_33_mtop_div,layer_33_h0_max_lifetime,layer_33_h0_total_persistence,layer_33_h1_max_lifetime,layer_33_h1_total_persistence,layer_34_mtop_div,layer_34_h0_max_lifetime,layer_34_h0_total_persistence,layer_34_h1_max_lifetime,layer_34_h1_total_persistence,layer_35_mtop_div,layer_35_h0_max_lifetime,layer_35_h0_total_persistence,layer_35_h1_max_lifetime,layer_35_h1_total_persistence
0,grounded,41,0.59326171875,9.020561218261719,0.9370270371437073,32.05595403909683,0.03653573989868164,0.16012006998062134,9.168557047843933,0.9115405082702637,31.039468705654144,0.04120516777038574,0.1552339792251587,9.447149693965912,0.904412031173706,31.756942689418793,0.03446245193481445,0.06355202198028564,3.401477813720703,0.4475898742675781,9.871496200561523,0.0,0.0,3.819427490234375,0.5648384094238281,12.498130798339844,0.0,0.0,2.6905465126037598,0.4553050994873047,8.282789707183838,0.0,0.0,3.5397167205810547,0.7112960815429688,12.262115478515625,0.0,0.0,3.119476795196533,0.5344085693359375,9.916754961013794,0.0,0.0,3.4112777709960938,0.5032930374145508,11.74144434928894,0.0,0.0,3.859180450439453,0.50799560546875,13.176434516906738,0.0,0.0,4.203338623046875,0.5285530090332031,12.072023391723633,0.0,0.0,5.6112518310546875,0.6576948165893555,15.642523765563965,0.0,0.0,6.147688627243042,0.717219352722168,15.969549179077148,0.0,0.0,4.325893402099609,0.5029525756835938,12.372245788574219,0.0,0.0,5.3148603439331055,0.6326065063476562,18.5910005569458,0.0,0.0,5.000606536865234,0.6519393920898438,15.901884078979492,0.0,0.0,5.9162139892578125,0.8313380479812622,18.08130943775177,0.0,0.0,4.840769052505493,0.6207220554351807,12.578951835632324,0.0,0.0,6.092412948608398,0.7318630218505859,18.190475463867188,0.0,0.0,6.2102155685424805,0.6872901916503906,15.952860951423645,0.0,0.0,4.518476486206055,0.6289882659912109,12.377614259719849,0.0,0.0,6.545445442199707,0.7566032409667969,16.49956703186035,0.0,0.0,6.0022066831588745,0.7126560211181641,15.224258780479431,0.0,0.0,6.842089414596558,0.7779121398925781,18.438603162765503,0.0,0.0,6.609671354293823,0.7867275476455688,19.948955476284027,0.0,0.0,3.51396381855011,0.6937607526779175,11.44492781162262,0.0,0.0,5.5800042152404785,0.7293872833251953,16.38277107477188,0.0,0.0,6.816475689411163,0.7937983274459839,19.695005655288696,0.02587127685546875,0.029358386993408203,6.050461769104004,0.7087011337280273,19.113839626312256,0.0,0.0,5.019583106040955,0.651821494102478,15.462142586708069,0.0,0.0,4.722946226596832,0.7102566361427307,15.779902935028076,0.0,0.0,8.600818395614624,0.8237266540527344,26.405269384384155,0.06146049499511719,0.2733325958251953,7.204973220825195,0.7211265563964844,19.529274940490723,0.2878708839416504,1.496005117893219,6.540870666503906,0.710693359375,17.884939193725586,0.2357635498046875,1.6862804889678955,8.617643594741821,0.8622794151306152,27.572782516479492,0.034754157066345215,0.07877331972122192,8.508058726787567,0.8894023895263672,24.610159814357758,0.11607170104980469,0.12633085250854492
0,hallucinated,40,0.56884765625,8.160923600196838,0.9375941753387451,31.196316421031952,0.03225052356719971,0.16967356204986572,8.2642502784729,0.9055173397064209,30.13516193628311,0.04728710651397705,0.1988438367843628,8.551672875881195,0.8999563455581665,30.861465871334076,0.026049137115478516,0.041303396224975586,3.2653255462646484,0.43187713623046875,9.735343933105469,0.0,0.0,3.9143524169921875,0.5725250244140625,12.593055725097656,0.0,0.0,2.5173778533935547,0.4381122589111328,8.109621047973633,0.0,0.0,3.3603172302246094,0.7112960815429688,12.08271598815918,0.0,0.0,2.7669482231140137,0.5431938171386719,9.564226388931274,0.0,0.0,3.089017868041992,0.5032930374145508,11.419184446334839,0.0,0.0,3.719907760620117,0.5062789916992188,13.037161827087402,0.0,0.0,3.773242950439453,0.5066146850585938,11.641927719116211,0.0,0.0,4.953285217285156,0.6576948165893555,14.984557151794434,0.0,0.0,5.276176929473877,0.6248397827148438,15.098037481307983,0.0,0.0,4.016815185546875,0.5006484985351562,12.063167572021484,0.0,0.0,5.500783920288086,0.6995792388916016,18.77692413330078,0.0,0.0,5.687007904052734,0.659210205078125,16.588285446166992,0.0,0.0,6.905228614807129,0.8313380479812622,19.070324063301086,0.0,0.0,5.032438516616821,0.6371157169342041,12.770621299743652,0.0,0.0,6.357812881469727,0.7591152191162109,18.455875396728516,0.0,0.0,6.355831861495972,0.7183036804199219,16.098477244377136,0.0,0.0,4.71342134475708,0.6175122261047363,12.572559118270874,0.0,0.0,6.6686766147613525,0.7566032409667969,16.622798204421997,0.0,0.0,6.369338154792786,0.7157964706420898,15.591390252113342,0.0,0.0,6.266530275344849,0.7030487060546875,17.863044023513794,0.0,0.0,6.272509574890137,0.7785263061523438,19.61179369688034,0.0,0.0,3.412341833114624,0.6659126281738281,11.343305826187134,0.0,0.0,5.297614574432373,0.6957168579101562,16.100381433963776,0.0,0.0,5.864406645298004,0.7937983274459839,18.742936611175537,0.0,0.0,5.344439208507538,0.7087011337280273,18.40781706571579,0.0,0.0,4.436825275421143,0.6561894416809082,14.879384756088257,0.0,0.0,4.564258933067322,0.7336317300796509,15.621215641498566,0.0,0.0,7.872239947319031,0.8654094934463501,25.676690936088562,0.06146049499511719,0.2733325958251953,6.226541519165039,0.7109737396240234,18.531768321990967,0.2878708839416504,1.515872299671173,5.552055358886719,0.694976806640625,16.87917137145996,0.2357635498046875,1.7173545360565186,7.6340537667274475,0.851750373840332,26.589425146579742,0.07254219055175781,0.1374647617340088,7.400782108306885,0.8894023895263672,23.493710041046143,0.1296710968017578,0.15560054779052734
1,grounded,35,0.6181640625,8.288110136985779,0.9464266300201416,27.648107588291168,0.01687556505203247,0.07871133089065552,8.21866500377655,0.9088588953018188,26.041271209716797,0.03723567724227905,0.18765193223953247,8.380442202091217,0.9041545987129211,26.365235209465027,0.026049137115478516,0.07463610172271729,3.311260223388672,0.4149589538574219,8.440763473510742,0.0,0.0,3.4210052490234375,0.5742568969726562,10.30466079711914,0.0,0.0,2.4122018814086914,0.44644927978515625,7.150311470031738,0.0,0.0,3.236300468444824,0.7160911560058594,10.529484748840332,0.0,0.0,2.9950242042541504,0.5843753814697266,8.959756851196289,0.0,0.0,2.9078845977783203,0.4939231872558594,9.518678426742554,0.0,0.0,3.2821578979492188,0.4627227783203125,10.263309478759766,0.0,0.0,3.7798423767089844,0.5113754272460938,10.209911346435547,0.0,0.0,4.5632476806640625,0.5940322875976562,12.427295684814453,0.0,0.0,4.36456561088562,0.580841064453125,12.150590777397156,0.0,0.0,4.0022430419921875,0.5423126220703125,10.519905090332031,0.0,0.0,4.355804443359375,0.5789871215820312,14.764657974243164,0.0,0.0,4.4996185302734375,0.6452980041503906,13.235462188720703,0.0,0.0,5.057056427001953,0.7253227233886719,14.277050018310547,0.0,0.0,4.3430399894714355,0.5655627250671387,10.937930762767792,0.0,0.0,5.290270805358887,0.6953468322753906,14.850228309631348,0.0,0.0,5.328607559204102,0.6217765808105469,13.010167956352234,0.0,0.0,3.860783100128174,0.6150867938995361,10.811874151229858,0.0,0.0,5.445994138717651,0.7229149341583252,13.624006986618042,0.0,0.0,4.562179803848267,0.6112291812896729,11.476083040237427,0.0,0.0,6.234475374221802,0.7458174228668213,15.480851411819458,0.0,0.0,5.930001258850098,0.6986799240112305,16.562538743019104,0.0,0.0,3.2975592613220215,0.6691279411315918,10.333988189697266,0.0,0.0,4.972188949584961,0.6414470672607422,13.788285672664642,0.0,0.0,6.050895869731903,0.7957572937011719,16.707256019115448,0.0124167799949646,0.0124167799949646,5.481209754943848,0.713160514831543,16.083630084991455,0.0,0.0,4.836008846759796,0.6853201985359192,13.475175440311432,0.0,0.0,4.161725223064423,0.7080051302909851,13.361926198005676,0.0,0.0,7.911043286323547,0.8224735260009766,22.390158772468567,0.061183929443359375,0.2740345001220703,6.68040657043457,0.7515525817871094,16.804699897766113,0.2871575355529785,1.2806050181388855,5.908359527587891,0.7043609619140625,14.997821807861328,0.23505783081054688,1.5567562580108643,7.703686594963074,0.851750373840332,22.87041872739792,0.03194904327392578,0.03487539291381836,7.380851984024048,0.8894023895263672,19.79653251171112,0.10012954473495483,0.15084713697433472
1,hallucinated,33,0.58642578125,6.5198476910591125,0.9379361271858215,25.879845142364502,0.029066145420074463,0.08554774522781372,6.541433691978455,0.8952592611312866,24.3640398979187,0.03723567724227905,0.1516810655593872,6.698742508888245,0.8891887664794922,24.683535516262054,0.026049137115478516,0.04855537414550781,2.858849048614502,0.42606544494628906,7.988352298736572,0.0,0.0,2.884288787841797,0.5565643310546875,9.7679443359375,0.0,0.0,2.3573265075683594,0.4963722229003906,7.095436096191406,0.0,0.0,2.597414016723633,0.7160911560058594,9.89059829711914,0.0,0.0,2.439603328704834,0.4963645935058594,8.404335975646973,0.0,0.0,2.3667802810668945,0.4939231872558594,8.977574110031128,0.0,0.0,2.1818923950195312,0.4627227783203125,9.163043975830078,0.0,0.0,2.708911895751953,0.4879188537597656,9.138980865478516,0.0,0.0,3.2020702362060547,0.5675811767578125,11.066118240356445,0.0,0.0,3.262332856655121,0.5385246276855469,11.048358023166656,0.0,0.0,2.806220054626465,0.487701416015625,9.323882102966309,0.0,0.0,3.5046615600585938,0.58966064453125,13.913515090942383,0.0,0.0,3.4861717224121094,0.6452980041503906,12.222015380859375,0.0,0.0,3.847442626953125,0.6883049011230469,13.067436218261719,0.0,0.0,4.127805233001709,0.6580853462219238,10.722696006298065,0.0,0.0,4.37490439414978,0.6856374740600586,13.934861898422241,0.0,0.0,4.3180084228515625,0.6512718200683594,11.999568819999695,0.0,0.0,3.252775192260742,0.6150867938995361,10.203866243362427,0.0,0.0,4.012083530426025,0.6971235275268555,12.190096378326416,0.0,0.0,3.3982770442962646,0.573944091796875,10.312180280685425,0.0,0.0,4.50399112701416,0.7572746276855469,13.750367164611816,0.0,0.0,4.543194651603699,0.7387741804122925,15.175732135772705,0.0,0.0,2.753316879272461,0.7141084671020508,9.789745807647705,0.0,0.0,3.7117042541503906,0.6787261962890625,12.527800977230072,0.0,0.0,4.5406758189201355,0.7927573919296265,15.19703596830368,0.010137200355529785,0.010137200355529785,3.908700942993164,0.7086973190307617,14.511121273040771,0.0,0.0,3.4332579374313354,0.6797312498092651,12.072424530982971,0.0,0.0,3.2585949301719666,0.6816114783287048,12.45879590511322,0.0,0.0,6.203410744667053,0.8251221179962158,20.682526230812073,0.061183929443359375,0.2740345001220703,5.1492156982421875,0.7317390441894531,15.27350902557373,0.2871575355529785,1.3078933954238892,4.452079772949219,0.6627960205078125,13.541542053222656,0.23505783081054688,1.5624704360961914,6.081441819667816,0.851750373840332,21.245646476745605,0.06614494323730469,0.11629974842071533,5.668026924133301,0.8894023895263672,18.073976278305054,0.12436032295227051,0.23647141456604004
2,grounded,41,0.57470703125,13.406516015529633,0.935616672039032,32.73381733894348,0.0392688512802124,0.1703500747680664,13.155145645141602,0.9111979007720947,30.88483089208603,0.03758347034454346,0.1303355097770691,13.67248010635376,0.9144344329833984,31.665367126464844,0.026049137115478516,0.05676472187042236,5.068026542663574,0.43053436279296875,10.023032188415527,0.0,0.0,5.505855560302734,0.56170654296875,12.359695434570312,0.0,0.0,3.9420766830444336,0.43759632110595703,8.575350761413574,0.0,0.0,4.535655975341797,0.7237415313720703,11.731729507446289,0.0,0.0,4.212191581726074,0.4765913486480713,10.356821298599243,0.0,0.0,4.445897579193115,0.4852285385131836,11.024154424667358,0.0,0.0,5.148078918457031,0.4627227783203125,12.253669738769531,0.0,0.0,5.412647247314453,0.4977569580078125,11.962045669555664,0.0,0.0,7.399675369262695,0.5815048217773438,15.59461784362793,0.0,0.0,7.758816599845886,0.5708422660827637,15.622630715370178,0.0,0.0,5.911844253540039,0.4674396514892578,12.628068923950195,0.0,0.0,8.302200317382812,0.6355361938476562,18.86335563659668,0.0,0.0,7.115974426269531,0.6391944885253906,15.898509979248047,0.0,0.0,7.861808776855469,0.7240810394287109,17.180994033813477,0.0,0.0,6.626166820526123,0.6100349426269531,13.048395335674286,0.0,0.0,8.68239974975586,0.7485122680664062,18.03207015991211,0.0,0.0,8.282388687133789,0.651947021484375,15.797716975212097,0.0,0.0,5.7006659507751465,0.605525016784668,12.249457836151123,0.0,0.0,8.67188835144043,0.7498307228088379,16.662907600402832,0.0,0.0,7.798113465309143,0.5924688577651978,14.721567749977112,0.0,0.0,9.40183687210083,0.7591495513916016,18.21208429336548,0.0,0.0,9.768799483776093,0.7850875854492188,20.063885629177094,0.0,0.0,4.4103171825408936,0.6659126281738281,11.489731073379517,0.0,0.0,7.5550971031188965,0.6416187286376953,16.358078956604004,0.0,0.0,9.02748841047287,0.7934902310371399,19.64544928073883,0.0,0.0,8.810797691345215,0.7087011337280273,19.468151569366455,0.0,0.0,5.961133122444153,0.6952215433120728,14.571704030036926,0.0,0.0,5.998520612716675,0.7035114765167236,14.96786504983902,0.0,0.0,11.756817519664764,0.8364107608795166,26.191671907901764,0.06146049499511719,0.2733325958251953,9.624073028564453,0.7207221984863281,19.582754135131836,0.2878708839416504,1.6213924884796143,8.706336975097656,0.6870346069335938,17.781747817993164,0.2357635498046875,1.826948881149292,12.28749692440033,0.851750373840332,27.23004549741745,0.08370018005371094,0.12468564510345459,11.99489152431488,0.8894023895263672,24.52707803249359,0.11485505104064941,0.24296510219573975
2,hallucinated,39,0.576171875,11.1381094455719,0.9401017427444458,30.46541076898575,0.03327655792236328,0.14231842756271362,11.585379838943481,0.9118956327438354,29.31506508588791,0.034523069858551025,0.10118979215621948,12.070637285709381,0.9050664901733398,30.063524305820465,0.029158473014831543,0.06539797782897949,4.423357963562012,0.4585399627685547,9.378363609313965,0.0,0.0,4.753826141357422,0.5885238647460938,11.607666015625,0.0,0.0,3.4120826721191406,0.4412994384765625,8.045356750488281,0.0,0.0,4.117670059204102,0.7237415313720703,11.313743591308594,0.0,0.0,3.838181495666504,0.5190849304199219,9.982811212539673,0.0,0.0,3.706246852874756,0.4852285385131836,10.284503698348999,0.0,0.0,4.360576629638672,0.4627227783203125,11.466167449951172,0.0,0.0,4.542613983154297,0.4977569580078125,11.092012405395508,0.0,0.0,6.574495315551758,0.6238422393798828,14.769437789916992,0.0,0.0,7.109520316123962,0.6731700897216797,14.973334431648254,0.0,0.0,5.109485626220703,0.48751068115234375,11.82571029663086,0.0,0.0,6.9584801197052,0.6355361938476562,17.519635438919067,0.0,0.0,5.986080169677734,0.6391944885253906,14.76861572265625,0.0,0.0,6.907081604003906,0.7240810394287109,16.226266860961914,0.0,0.0,6.260354042053223,0.6100349426269531,12.682582557201385,0.0,0.0,7.41224479675293,0.7172527313232422,16.76191520690918,0.0,0.0,7.448211669921875,0.6164226531982422,14.963539958000183,0.0,0.0,5.069975852966309,0.605525016784668,11.618767738342285,0.0,0.0,7.420956134796143,0.7498307228088379,15.411975383758545,0.0,0.0,6.721057891845703,0.6215057373046875,13.644512176513672,0.0,0.0,8.261343002319336,0.7343177795410156,17.071590423583984,0.0,0.0,8.373929262161255,0.7300701141357422,18.669015407562256,0.0,0.0,4.179575443267822,0.689913272857666,11.258989334106445,0.0,0.0,6.669107556343079,0.608501672744751,15.472089409828186,0.0,0.0,7.942113220691681,0.7898992300033569,18.56007409095764,0.010407447814941406,0.010407447814941406,7.876769542694092,0.7199654579162598,18.534123420715332,0.0,0.0,5.7478684186935425,0.6707004308700562,14.358439326286316,0.0,0.0,5.318289935588837,0.7055017352104187,14.287634372711182,0.0,0.0,10.322236001491547,0.829960823059082,24.757090389728546,0.06146049499511719,0.2733325958251953,8.592552185058594,0.7207221984863281,18.553320169448853,0.2878708839416504,1.5543071031570435,7.662254333496094,0.6870346069335938,16.744333267211914,0.2357635498046875,1.8055365085601807,10.468896090984344,0.851750373840332,25.414693236351013,0.08370018005371094,0.17000240087509155,10.197870016098022,0.8894023895263672,22.730056524276733,0.12102007865905762,0.2593308687210083
3,grounded,46,0.6318359375,12.101393818855286,0.9439976215362549,35.91379314661026,0.021885037422180176,0.13417112827301025,12.426192879676819,0.9159724712371826,35.07373857498169,0.043941497802734375,0.13120001554489136,12.89085590839386,0.9196763038635254,36.219032883644104,0.026049137115478516,0.06472808122634888,5.196056365966797,0.4421272277832031,11.724239349365234,0.0,0.0,5.288993835449219,0.5956535339355469,14.182361602783203,0.0,0.0,4.924605369567871,0.45250415802001953,10.65876293182373,0.0,0.0,5.161611557006836,0.718536376953125,14.427845001220703,0.0,0.0,5.095010757446289,0.5778179168701172,12.516420364379883,0.0,0.0,4.485465049743652,0.49666500091552734,12.760023355484009,0.0,0.0,4.5007476806640625,0.4627227783203125,13.447898864746094,0.0,0.0,4.99566650390625,0.4889793395996094,13.012638092041016,0.0,0.0,7.23096489906311,0.5821261405944824,17.331568002700806,0.0,0.0,7.416288912296295,0.5712127685546875,17.603796780109406,0.0,0.0,5.922359466552734,0.5032310485839844,14.37136459350586,0.0,0.0,7.303199768066406,0.6438255310058594,20.7595272064209,0.0,0.0,7.451922416687012,0.7248115539550781,18.491107940673828,0.0,0.0,8.10662841796875,0.6589851379394531,19.908557891845703,0.0,0.0,7.207970142364502,0.6036562919616699,15.532622218132019,0.0,0.0,8.553571701049805,0.6723709106445312,21.162736892700195,0.0,0.0,8.555395126342773,0.6905651092529297,18.93175482749939,0.0,0.0,7.090440273284912,0.6758499145507812,15.571548461914062,0.0,0.0,8.423861742019653,0.7178173065185547,18.568254232406616,0.0,0.0,7.233202576637268,0.6390482187271118,16.181155800819397,0.0,0.0,8.894495844841003,0.7250699996948242,20.495428919792175,0.0,0.0,9.07368516921997,0.7900428771972656,23.114831805229187,0.0,0.0,4.9362872838974,0.6659126281738281,12.821121573448181,0.0,0.0,7.870795845985413,0.7219400405883789,18.690244793891907,0.0,0.0,9.185008466243744,0.8139761686325073,22.34550505876541,0.011376619338989258,0.011376619338989258,8.51611590385437,0.7087011337280273,22.13092064857483,0.0,0.0,7.253086447715759,0.6660779714584351,17.584317445755005,0.0,0.0,6.764257192611694,0.7248399257659912,17.948516964912415,0.0,0.0,12.05133306980133,0.8453967571258545,30.38854306936264,0.06146049499511719,0.2733325958251953,9.983258247375488,0.7484817504882812,22.413691520690918,0.2878708839416504,1.2974418997764587,8.812164306640625,0.7147445678710938,19.536527633666992,0.2357635498046875,1.4933907985687256,11.531884133815765,0.8607110977172852,30.942846298217773,0.08478927612304688,0.245466411113739,11.670787811279297,0.8894023895263672,28.365151166915894,0.1392364501953125,0.2595865726470947
3,hallucinated,45,0.6298828125,11.479730904102325,0.9467445611953735,35.2921302318573,0.021885037422180176,0.13059288263320923,11.582406878471375,0.9129248857498169,34.229952573776245,0.043941497802734375,0.1278485655784607,11.976070046424866,0.9196763038635254,35.30424702167511,0.03006148338317871,0.07463675737380981,4.931055068969727,0.4252166748046875,11.459238052368164,0.0,0.0,5.062736511230469,0.5814628601074219,13.956104278564453,0.0,0.0,4.76455020904541,0.45006465911865234,10.49870777130127,0.0,0.0,4.929126739501953,0.718536376953125,14.19536018371582,0.0,0.0,4.9751996994018555,0.5778179168701172,12.39660930633545,0.0,0.0,4.256131649017334,0.49666500091552734,12.53068995475769,0.0,0.0,4.348884582519531,0.4627227783203125,13.296035766601562,0.0,0.0,4.918937683105469,0.4889793395996094,12.935909271240234,0.0,0.0,6.9073326587677,0.5821261405944824,17.007935762405396,0.0,0.0,7.0463250279426575,0.5712127685546875,17.233832895755768,0.0,0.0,5.703165054321289,0.5032310485839844,14.152170181274414,0.0,0.0,6.913368225097656,0.6438255310058594,20.36969566345215,0.0,0.0,7.103499412536621,0.7248115539550781,18.142684936523438,0.0,0.0,7.513771057128906,0.6589851379394531,19.31570053100586,0.0,0.0,6.656697034835815,0.6036832332611084,14.981349110603333,0.0,0.0,8.009523391723633,0.6656780242919922,20.618688583374023,0.0,0.0,8.06556510925293,0.6905651092529297,18.441924810409546,0.0,0.0,6.7454681396484375,0.6758499145507812,15.226576328277588,0.0,0.0,7.81795597076416,0.7178173065185547,17.962348461151123,0.0,0.0,6.7941184639930725,0.6324248909950256,15.742071688175201,0.0,0.0,8.292304992675781,0.7250699996948242,19.893238067626953,0.0,0.0,8.629514813423157,0.7900428771972656,22.670661449432373,0.0,0.0,4.756416499614716,0.6659126281738281,12.641250789165497,0.0,0.0,7.413357496261597,0.7219400405883789,18.23280644416809,0.0,0.0,8.656935811042786,0.7810521721839905,21.817432403564453,0.028897464275360107,0.04247468709945679,8.07198166847229,0.7087011337280273,21.68678641319275,0.0,0.0,7.0137781500816345,0.6493067145347595,17.34500914812088,0.0,0.0,6.48515510559082,0.7536020278930664,17.66941487789154,0.0,0.0,11.235446810722351,0.8446123600006104,29.57265681028366,0.06146049499511719,0.2733325958251953,9.364591598510742,0.7484817504882812,21.837204933166504,0.2878708839416504,1.2952007055282593,8.202140808105469,0.7147445678710938,18.9686336517334,0.2357635498046875,1.4831886291503906,10.90523773431778,0.8607110977172852,30.314575850963593,0.08478927612304688,0.1562868356704712,10.914744138717651,0.8894023895263672,27.616440415382385,0.12974441051483154,0.22214114665985107
4,grounded,49,0.57763671875,14.67540967464447,0.9469127058982849,38.684312522411346,0.028623580932617188,0.11290109157562256,14.996195256710052,0.920678436756134,37.58638083934784,0.04550212621688843,0.18961524963378906,15.514923810958862,0.9030539989471436,38.796047389507294,0.036817848682403564,0.0840802788734436,5.969905853271484,0.4169921875,12.397697448730469,0.0,0.0,6.98016357421875,0.5654983520507812,15.674263000488281,0.0,0.0,4.214845657348633,0.44409751892089844,9.880775451660156,0.0,0.0,5.663588523864746,0.7138576507568359,14.646342277526855,0.0,0.0,5.289341926574707,0.5431251525878906,12.539109468460083,0.0,0.0,5.481140613555908,0.502899169921875,13.936766862869263,0.0,0.0,6.932467460632324,0.5166311264038086,16.459208488464355,0.0,0.0,7.813966751098633,0.5340137481689453,16.04393768310547,0.0,0.0,9.244243621826172,0.6765327453613281,19.418335914611816,0.0,0.0,9.670232772827148,0.6419874429702759,20.105530500411987,0.0,0.0,7.347972869873047,0.5059280395507812,15.91292953491211,0.0,0.0,9.775735855102539,0.6746368408203125,23.14320182800293,0.0,0.0,8.90872859954834,0.6830635070800781,20.008420944213867,0.0,0.0,10.062688827514648,0.7202877998352051,21.92845392227173,0.0,0.0,8.504091262817383,0.6215076446533203,16.734286546707153,0.0,0.0,11.008535861968994,0.7261581420898438,23.41407060623169,0.0,0.0,10.453667640686035,0.6659393310546875,20.18307936191559,0.0,0.0,6.886518955230713,0.6229314804077148,15.077706575393677,0.0,0.0,10.35738468170166,0.7208156585693359,19.928991317749023,0.0,0.0,10.376958847045898,0.6987876892089844,19.14624309539795,0.0,0.0,11.17540192604065,0.748298168182373,22.4713613986969,0.0,0.0,11.535071611404419,0.8089101314544678,24.66438192129135,0.0,0.0,5.409674167633057,0.6659126281738281,13.37404203414917,0.0,0.0,9.469112157821655,0.7713899612426758,20.237808287143707,0.0,0.0,11.438357830047607,0.8190609812736511,24.577819347381592,0.02447044849395752,0.04132235050201416,10.085922956466675,0.7087011337280273,23.61072611808777,0.0,0.0,8.784166932106018,0.6856905221939087,19.16510260105133,0.0,0.0,7.360431373119354,0.7215391993522644,18.2893728017807,0.0,0.0,13.815073609352112,0.8267354965209961,31.6035053730011,0.06146049499511719,0.2733325958251953,11.263321876525879,0.7220916748046875,22.972505569458008,0.2878708839416504,1.3260025382041931,9.949363708496094,0.6620330810546875,20.446287155151367,0.2357635498046875,1.4623358249664307,14.506824612617493,0.851750373840332,33.892871141433716,0.021123766899108887,0.052781105041503906,14.044776678085327,0.8894023895263672,30.5049786567688,0.12448644638061523,0.13708877563476562
4,hallucinated,46,0.57861328125,12.497191905975342,0.9429853558540344,36.50609475374222,0.028623580932617188,0.1277523636817932,12.290753960609436,0.9104263782501221,34.88093954324722,0.044014811515808105,0.14966320991516113,12.913478553295135,0.9054369926452637,36.19460213184357,0.026049137115478516,0.05393266677856445,4.721390247344971,0.41800689697265625,11.149181842803955,0.0,0.0,6.058097839355469,0.5830116271972656,14.752197265625,0.0,0.0,4.320207595825195,0.47696685791015625,9.986137390136719,0.0,0.0,5.0188751220703125,0.7138576507568359,14.001628875732422,0.0,0.0,4.833136081695557,0.5419869422912598,12.082903623580933,0.0,0.0,4.923666000366211,0.502899169921875,13.379292249679565,0.0,0.0,5.609943389892578,0.5019798278808594,15.13668441772461,0.0,0.0,6.093418121337891,0.51019287109375,14.323389053344727,0.0,0.0,7.380377769470215,0.629643440246582,17.55447006225586,0.0,0.0,7.608226537704468,0.5710647702217102,18.043524265289307,0.0,0.0,5.844951629638672,0.4748687744140625,14.409908294677734,0.0,0.0,7.67603874206543,0.7200222015380859,21.04350471496582,0.0,0.0,7.24931526184082,0.636810302734375,18.349007606506348,0.0,0.0,8.353635787963867,0.7202877998352051,20.219400882720947,0.0,0.0,7.4835474491119385,0.6236898899078369,15.713742733001709,0.0,0.0,8.989838123321533,0.7074670791625977,21.39537286758423,0.0,0.0,8.188713073730469,0.6859588623046875,17.918124794960022,0.0,0.0,7.31199836730957,0.6315746307373047,15.503185987472534,0.0,0.0,8.55452585220337,0.7963557243347168,18.126132488250732,0.0,0.0,8.120314955711365,0.6987876892089844,16.889599204063416,0.0,0.0,9.354389190673828,0.7844511270523071,20.650348663330078,0.0,0.0,9.352760910987854,0.7879422903060913,22.482071220874786,0.0,0.0,4.981110095977783,0.6659126281738281,12.945477962493896,0.0,0.0,7.5251078605651855,0.7624390125274658,18.293803989887238,0.0,0.0,9.174400925636292,0.8227158784866333,22.313862442970276,0.040523529052734375,0.07847952842712402,8.304624080657959,0.7087011337280273,21.829427242279053,0.0,0.0,6.629718244075775,0.6776580810546875,17.010653913021088,0.0,0.0,6.150424957275391,0.7248799800872803,17.079366385936737,0.0,0.0,11.649682104587555,0.8356044292449951,29.43811386823654,0.06146049499511719,0.2733325958251953,9.543443202972412,0.7562274932861328,21.22931146621704,0.2878708839416504,1.3385419249534607,8.281425476074219,0.6620330810546875,18.74348258972168,0.2357635498046875,1.4835293292999268,11.822845876216888,0.8752079010009766,31.21388065814972,0.01930058002471924,0.04223644733428955,11.425438582897186,0.8894023895263672,27.889613568782806,0.12166953086853027,0.12166953086853027
5,grounded,42,0.591796875,11.465803802013397,0.9405315518379211,32.8305686712265,0.04855358600616455,0.18140864372253418,11.510766506195068,0.9091752767562866,31.637834787368774,0.03886735439300537,0.15877455472946167,11.809764623641968,0.896334171295166,32.3497998714447,0.026071548461914062,0.06165337562561035,5.147005081176758,0.4534950256347656,10.804475784301758,0.0,0.0,5.034212112426758,0.5557403564453125,12.788496017456055,0.0,0.0,4.344712257385254,0.4263420104980469,9.27724552154541,0.0,0.0,4.155133247375488,0.7235698699951172,12.007813453674316,0.0,0.0,4.223842620849609,0.5087699890136719,10.81511902809143,0.0,0.0,3.7409563064575195,0.4992408752441406,10.870052099227905,0.0,0.0,3.86944580078125,0.4627227783203125,11.96603012084961,0.0,0.0,4.631752014160156,0.49800872802734375,11.770277976989746,0.0,0.0,6.1263885498046875,0.5719127655029297,15.149541854858398,0.0,0.0,6.504586219787598,0.5378531217575073,15.641356885433197,0.0,0.0,5.710691452026367,0.5021896362304688,13.398683547973633,0.0,0.0,6.22209358215332,0.6172027587890625,17.942710876464844,0.0,0.0,7.0639495849609375,0.6409702301025391,16.852829933166504,0.0,0.0,7.286357879638672,0.6933555603027344,17.747587203979492,0.0,0.0,7.080663681030273,0.6627349853515625,14.418494522571564,0.0,0.0,8.252487182617188,0.7161827087402344,19.3371524810791,0.0,0.0,7.662793159484863,0.6696348190307617,16.815292954444885,0.0,0.0,7.110069751739502,0.6583824157714844,14.568960428237915,0.0,0.0,8.068765640258789,0.7065644264221191,17.370640754699707,0.0,0.0,7.836496710777283,0.7953252792358398,16.100133776664734,0.0,0.0,9.364914357662201,0.8065378665924072,19.776783406734467,0.0,0.0,9.37315845489502,0.7940120697021484,21.471805572509766,0.0,0.0,4.816823124885559,0.676793098449707,12.634328484535217,0.0,0.0,7.606810569763184,0.691035270690918,17.510582327842712,0.0,0.0,9.370672583580017,0.8045972585678101,21.581026673316956,0.05105996131896973,0.05105996131896973,8.178160190582275,0.7087011337280273,20.4891414642334,0.0,0.0,6.691948413848877,0.656745195388794,16.420753240585327,0.0,0.0,5.588673114776611,0.723151683807373,15.5424085855484,0.0,0.0,11.02206003665924,0.8618935346603394,27.210295021533966,0.06146049499511719,0.2754251956939697,8.889392375946045,0.7072639465332031,19.456380367279053,0.2878708839416504,1.4146260619163513,7.907142639160156,0.66424560546875,17.445524215698242,0.2357635498046875,1.5592598915100098,10.5028755068779,0.8701136112213135,27.36787348985672,0.07190322875976562,0.19810545444488525,10.526984453201294,0.8894023895263672,24.898658871650696,0.10354340076446533,0.31832993030548096
5,hallucinated,44,0.60302734375,13.091072022914886,0.9413586854934692,34.45583689212799,0.03223717212677002,0.14674675464630127,13.081342935562134,0.9130305051803589,33.20841121673584,0.04084080457687378,0.11897468566894531,13.563716351985931,0.9146778583526611,34.103751599788666,0.027803540229797363,0.06338536739349365,5.866456031799316,0.4725198745727539,11.523926734924316,0.0,0.0,5.6272125244140625,0.5868988037109375,13.38149642944336,0.0,0.0,4.408374309539795,0.4586915969848633,9.340907573699951,0.0,0.0,4.879635810852051,0.7235698699951172,12.732316017150879,0.0,0.0,5.085936546325684,0.5603904724121094,11.677212953567505,0.0,0.0,4.73154354095459,0.5037937164306641,11.860639333724976,0.0,0.0,5.2166900634765625,0.4990386962890625,13.313274383544922,0.0,0.0,5.723884582519531,0.49800872802734375,12.862410545349121,0.0,0.0,7.650899887084961,0.5825624465942383,16.674053192138672,0.0,0.0,8.387467741966248,0.694605827331543,17.524238407611847,0.0,0.0,6.747382164001465,0.5044021606445312,14.43537425994873,0.0,0.0,7.613682270050049,0.6365776062011719,19.334299564361572,0.0,0.0,7.781320571899414,0.6348381042480469,17.57020092010498,0.0,0.0,9.065083503723145,0.7117938995361328,19.526312828063965,0.0,0.0,7.803338527679443,0.630157470703125,15.141169369220734,0.0,0.0,9.378640174865723,0.7233390808105469,20.463305473327637,0.0,0.0,8.721963882446289,0.6159210205078125,17.87446367740631,0.0,0.0,7.372318267822266,0.6583824157714844,14.831208944320679,0.0,0.0,9.772062182426453,0.7832937240600586,19.07393729686737,0.0,0.0,8.77379584312439,0.6584110260009766,17.03743290901184,0.0,0.0,10.348608493804932,0.7623920440673828,20.760477542877197,0.0,0.0,10.575954556465149,0.7940120697021484,22.674601674079895,0.0,0.0,5.415071606636047,0.6659126281738281,13.232576966285706,0.0,0.0,8.302915215492249,0.6769043207168579,18.206686973571777,0.0,0.0,10.509600937366486,0.8197463750839233,22.719955027103424,0.01475679874420166,0.02238166332244873,8.88153886795044,0.7173027992248535,21.192520141601562,0.0,0.0,7.493303298950195,0.7016723155975342,17.222108125686646,0.0,0.0,6.2838486433029175,0.7104510068893433,16.237584114074707,0.0,0.0,12.574174404144287,0.8395493030548096,28.762409389019012,0.06146049499511719,0.2754251956939697,10.141539573669434,0.7072639465332031,20.70852756500244,0.2878708839416504,1.4314435124397278,8.974124908447266,0.66424560546875,18.5122013092041,0.2357635498046875,1.5748281478881836,12.296651124954224,0.8660497665405273,29.161917448043823,0.07190322875976562,0.15787100791931152,12.214467287063599,0.8894023895263672,26.581334590911865,0.11928749084472656,0.2905921936035156
6,grounded,43,0.5771484375,10.616689682006836,0.9471200108528137,33.86449956893921,0.03027522563934326,0.11360657215118408,10.89437711238861,0.9106622934341431,32.81117486953735,0.049822866916656494,0.18497234582901,11.138914465904236,0.9061616659164429,33.53307157754898,0.03182196617126465,0.09064614772796631,4.324134826660156,0.41690826416015625,10.866910934448242,0.0,0.0,5.106534957885742,0.582763671875,13.929647445678711,0.0,0.0,3.485100746154785,0.4557352066040039,9.133255958557129,0.0,0.0,4.228392601013184,0.7253665924072266,13.11362361907959,0.0,0.0,4.050797939300537,0.4807882308959961,11.434593439102173,0.0,0.0,3.9074573516845703,0.4585895538330078,12.278685331344604,0.0,0.0,4.863495826721191,0.48890018463134766,14.123246192932129,0.0,0.0,5.083957672119141,0.5148143768310547,13.283449172973633,0.0,0.0,6.438458442687988,0.5635757446289062,16.765939831733704,0.0,0.0,7.173893451690674,0.6722640991210938,17.14609456062317,0.0,0.0,5.901340484619141,0.5432205200195312,14.861692428588867,0.0,0.0,6.858776092529297,0.7020530700683594,20.40256118774414,0.0,0.0,6.637382507324219,0.6373786926269531,17.6634840965271,0.0,0.0,7.53090763092041,0.7070531845092773,19.447484970092773,0.0,0.0,5.84779167175293,0.6069393157958984,13.705157041549683,0.0,0.0,7.515336036682129,0.7323904037475586,19.781173706054688,0.0,0.0,7.449756622314453,0.6419792175292969,17.232698559761047,0.0,0.0,5.503389358520508,0.6153078079223633,13.392795085906982,0.0,0.0,7.4881086349487305,0.6996512413024902,16.729978561401367,0.0,0.0,7.163614332675934,0.6522483825683594,16.01833063364029,0.0,0.0,8.18941879272461,0.7253427505493164,19.39910316467285,0.0,0.0,8.177022218704224,0.6877479553222656,20.988898754119873,0.0,0.0,4.110677003860474,0.6659126281738281,12.041515588760376,0.0,0.0,6.805785894393921,0.6275861263275146,17.4568989276886,0.0,0.0,8.871487975120544,0.8310191631317139,21.520749747753143,0.05715906620025635,0.09101754426956177,7.744870662689209,0.7400646209716797,20.641093254089355,0.0,0.0,6.041652083396912,0.7088302373886108,16.246293902397156,0.0,0.0,5.932689905166626,0.7563307285308838,16.73489898443222,0.0,0.0,10.574819803237915,0.8579671382904053,28.300886750221252,0.06146049499511719,0.2733325958251953,8.920498847961426,0.7471771240234375,21.13846778869629,0.2878708839416504,1.3565776944160461,8.100975036621094,0.7118988037109375,18.749387741088867,0.2357635498046875,1.5284779071807861,10.403652310371399,0.8683356046676636,29.299649477005005,0.03715324401855469,0.040490806102752686,10.042198538780212,0.8894023895263672,26.322677493095398,0.12511682510375977,0.12603235244750977
6,hallucinated,41,0.5869140625,9.21947830915451,0.9410375952720642,32.46728819608688,0.033220767974853516,0.11058038473129272,9.045799970626831,0.9131555557250977,30.962597727775574,0.049822866916656494,0.15712249279022217,9.354356110095978,0.9033341407775879,31.748513221740723,0.026049137115478516,0.0695071816444397,3.6649703979492188,0.41690826416015625,10.207746505737305,0.0,0.0,4.42803955078125,0.5690460205078125,13.251152038574219,0.0,0.0,3.1237735748291016,0.4433612823486328,8.771928787231445,0.0,0.0,3.883535385131836,0.7253665924072266,12.768766403198242,0.0,0.0,3.88143253326416,0.5326805114746094,11.265228033065796,0.0,0.0,3.7267088890075684,0.4829673767089844,12.097936868667603,0.0,0.0,4.2247772216796875,0.4892578125,13.484527587890625,0.0,0.0,4.658256530761719,0.5228462219238281,12.857748031616211,0.0,0.0,5.500759124755859,0.57427978515625,15.828240513801575,0.0,0.0,5.697741508483887,0.6067123413085938,15.669942617416382,0.0,0.0,4.454654693603516,0.47664642333984375,13.415006637573242,0.0,0.0,5.524051666259766,0.7020530700683594,19.06783676147461,0.0,0.0,5.259469985961914,0.6373786926269531,16.285571575164795,0.0,0.0,6.060752868652344,0.7029924392700195,17.977330207824707,0.0,0.0,4.944101333618164,0.617271900177002,12.801466703414917,0.0,0.0,6.183013916015625,0.7681140899658203,18.448851585388184,0.0,0.0,5.973300933837891,0.658538818359375,15.756242871284485,0.0,0.0,4.497025966644287,0.6153078079223633,12.386431694030762,0.0,0.0,5.299237251281738,0.6819400787353516,14.541107177734375,0.0,0.0,4.853366851806641,0.6269340515136719,13.708083152770996,0.0,0.0,6.5611042976379395,0.70672607421875,17.77078866958618,0.0,0.0,6.712192058563232,0.7334556579589844,19.524068593978882,0.0,0.0,3.7828474044799805,0.6659126281738281,11.713685989379883,0.0,0.0,5.48444128036499,0.6505002975463867,16.135554313659668,0.0,0.0,6.538268208503723,0.8219565153121948,19.187529981136322,0.025427043437957764,0.025427043437957764,5.629728317260742,0.7087011337280273,18.52595090866089,0.0,0.0,5.152649879455566,0.6797629594802856,15.35729169845581,0.027252376079559326,0.027252376079559326,5.294597148895264,0.7636919021606445,16.096806228160858,0.0,0.0,8.843884587287903,0.8461513519287109,26.56995153427124,0.06146049499511719,0.2733325958251953,7.341727256774902,0.7282791137695312,19.55444312095642,0.2878708839416504,1.3651559948921204,6.4731292724609375,0.6912345886230469,17.1148738861084,0.2357635498046875,1.5279710292816162,8.682249546051025,0.8534059524536133,27.58136785030365,0.03715324401855469,0.05388033390045166,8.398715496063232,0.8894023895263672,24.67441487312317,0.13082373142242432,0.13173925876617432
7,grounded,60,0.67626953125,17.143647611141205,0.9481245279312134,47.26692175865173,0.029317200183868408,0.21335101127624512,17.360968470573425,0.9229124784469604,46.53302764892578,0.03853869438171387,0.15922701358795166,18.24573576450348,0.9201675057411194,48.5123730301857,0.0403938889503479,0.10646086931228638,7.316798210144043,0.4975776672363281,16.360480308532715,0.0,0.0,8.212165832519531,0.5507431030273438,19.591785430908203,0.0,0.0,6.2066240310668945,0.47130775451660156,13.278374671936035,0.0,0.0,7.689654350280762,0.7120437622070312,18.999436378479004,0.0,0.0,7.050413131713867,0.563817024230957,15.762574672698975,0.0,0.0,7.258203029632568,0.5013961791992188,18.1606285572052,0.0,0.0,8.077841758728027,0.59320068359375,20.719773292541504,0.0,0.0,8.925310134887695,0.5179634094238281,20.156039237976074,0.0,0.0,11.349163055419922,0.6823368072509766,25.4848690032959,0.0,0.0,11.026127457618713,0.6665000915527344,24.548394083976746,0.0,0.0,9.241426467895508,0.5569534301757812,20.518735885620117,0.0,0.0,11.213616371154785,0.688471794128418,28.865744590759277,0.0,0.0,11.096390724182129,0.6484718322753906,25.228081703186035,0.0,0.0,14.77375316619873,0.8333225250244141,31.689763069152832,0.007875442504882812,0.007875442504882812,10.353882431983948,0.6720008850097656,21.084925770759583,0.0,0.0,12.945137977600098,0.7800703048706055,29.81060218811035,0.0,0.0,13.53445053100586,0.753082275390625,27.409807205200195,0.0,0.0,11.53994631767273,0.7253416776657104,21.910213708877563,0.0,0.0,14.85013473033905,0.8533324003219604,27.98719298839569,0.0,0.0,13.230275750160217,0.8076648712158203,24.940074563026428,0.0,0.0,14.07161808013916,0.8155646324157715,30.26673698425293,0.0,0.0,14.435736894607544,0.8749396800994873,32.70911353826523,0.0,0.0,7.80181097984314,0.7121703624725342,17.428913354873657,0.0,0.0,12.389024257659912,0.7893209457397461,26.253845810890198,0.0,0.0,14.318284690380096,0.8108999729156494,30.130355715751648,0.01318579912185669,0.01318579912185669,13.14175271987915,0.7350316047668457,29.936137676239014,0.0,0.0,11.232840299606323,0.7498397827148438,24.048160076141357,0.0,0.0,9.761220812797546,0.717955470085144,23.834115862846375,0.0,0.0,16.797655284404755,0.8534431457519531,40.33608025312424,0.061496734619140625,0.2744598388671875,14.558177947998047,0.7725791931152344,30.213926315307617,0.2865424156188965,1.3123862147331238,13.403533935546875,0.7347030639648438,27.15007972717285,0.23561668395996094,1.5817468166351318,17.335323691368103,0.88826584815979,42.96353566646576,0.012986063957214355,0.03535151481628418,16.469148814678192,0.8894290924072266,38.648257076740265,0.12980175018310547,0.21771621704101562
7,hallucinated,62,0.681640625,18.71714174747467,0.9505398869514465,48.8404158949852,0.02910137176513672,0.1732996106147766,19.170408010482788,0.9285603165626526,48.342467188835144,0.036958158016204834,0.19111478328704834,20.054550528526306,0.9283720254898071,50.32118779420853,0.025836467742919922,0.11404716968536377,8.379887580871582,0.5102739334106445,17.423569679260254,0.0,0.0,9.00301742553711,0.5761375427246094,20.38263702392578,0.0,0.0,7.245663642883301,0.48824405670166016,14.317414283752441,0.0,0.0,8.701455116271973,0.7120437622070312,20.011237144470215,0.0,0.0,8.202106952667236,0.5444173812866211,16.914268493652344,0.0,0.0,7.813093662261963,0.5013961791992188,18.715519189834595,0.0,0.0,8.230587005615234,0.5162506103515625,20.87251853942871,0.0,0.0,9.957022666931152,0.525665283203125,21.18775177001953,0.0,0.0,12.476359844207764,0.7026214599609375,26.61206579208374,0.0,0.0,11.192262530326843,0.6451941728591919,24.714529156684875,0.0,0.0,9.543750762939453,0.5182914733886719,20.821060180664062,0.0,0.0,11.730987548828125,0.6430740356445312,29.383115768432617,0.0,0.0,11.97979736328125,0.6492576599121094,26.111488342285156,0.0,0.0,15.396244049072266,0.8607759475708008,32.30505180358887,0.0066890716552734375,0.0066890716552734375,11.146000862121582,0.5764389038085938,21.877044200897217,0.0,0.0,13.376701354980469,0.7016353607177734,30.242165565490723,0.0,0.0,14.118173599243164,0.6885242462158203,27.9935302734375,0.0,0.0,12.868038535118103,0.7270084619522095,23.238305926322937,0.0,0.0,15.63273811340332,0.8348388671875,28.76979637145996,0.0,0.0,14.483396291732788,0.8128700256347656,26.193195104599,0.0,0.0,15.146301507949829,0.7700786590576172,31.3414204120636,0.0,0.0,15.582985401153564,0.8278653621673584,33.85636204481125,0.0,0.0,8.949715554714203,0.6653213500976562,18.57681792974472,0.0,0.0,13.543792724609375,0.7155475616455078,27.40861427783966,0.0,0.0,15.811444997787476,0.8167256116867065,31.623516023159027,0.0,0.0,13.735026359558105,0.7429590225219727,30.52941131591797,0.0,0.0,12.535171508789062,0.7218799591064453,25.350491285324097,0.0,0.0,10.708502888679504,0.7290316820144653,24.781397938728333,0.0,0.0,18.48415958881378,0.853421688079834,42.022584557533264,0.061496734619140625,0.2744598388671875,16.382125854492188,0.77655029296875,32.03787422180176,0.2865424156188965,1.3101277351379395,14.95257568359375,0.733551025390625,28.689523696899414,0.23561668395996094,1.5562002658843994,18.881030559539795,0.8859171867370605,44.50916051864624,0.013782501220703125,0.013782501220703125,18.140972077846527,0.8894290924072266,40.33780986070633,0.13590598106384277,0.22373521327972412
8,grounded,43,0.669921875,10.707781612873077,0.9400885701179504,33.92781871557236,0.0263330340385437,0.15685659646987915,10.850308120250702,0.9195296764373779,32.74047189950943,0.04087406396865845,0.13591009378433228,11.108053922653198,0.9123020172119141,33.500431060791016,0.026049137115478516,0.04376065731048584,4.395800590515137,0.44965362548828125,10.945952415466309,0.0,0.0,5.475414276123047,0.6328468322753906,14.447563171386719,0.0,0.0,4.055079460144043,0.4871068000793457,9.72196102142334,0.0,0.0,5.094017028808594,0.7273597717285156,14.019678115844727,0.0,0.0,4.4832518100738525,0.5445005893707275,11.78715991973877,0.0,0.0,3.90871000289917,0.5083141326904297,11.674667119979858,0.0,0.0,4.430904388427734,0.5080032348632812,13.324295043945312,0.0,0.0,4.842168807983398,0.5153789520263672,12.547258377075195,0.0,0.0,5.571880340576172,0.52740478515625,15.519111633300781,0.0,0.0,5.866766929626465,0.5580291748046875,15.739032506942749,0.0,0.0,5.697200775146484,0.5225028991699219,13.895256042480469,0.0,0.0,7.199642181396484,0.6791286468505859,20.406373977661133,0.0,0.0,7.426491737365723,0.6802740097045898,18.29194736480713,0.0,0.0,7.820896148681641,0.7337732315063477,19.616366863250732,0.0,0.0,6.6278345584869385,0.6508162021636963,14.750925302505493,0.0,0.0,8.088932037353516,0.7856225967407227,20.079544067382812,0.0,0.0,8.536745071411133,0.7942104339599609,18.45621693134308,0.0,0.0,6.250463962554932,0.6214122772216797,14.130469799041748,0.0,0.0,8.666146755218506,0.8180141448974609,18.239047527313232,0.0,0.0,6.652269899845123,0.6707115173339844,14.890224993228912,0.0,0.0,8.448116540908813,0.7645761966705322,19.78097176551819,0.0,0.0,7.969106912612915,0.8122587203979492,21.069631695747375,0.0,0.0,4.85515570640564,0.6659126281738281,12.678189992904663,0.0,0.0,7.111152648925781,0.7385101318359375,17.462889075279236,0.0,0.0,9.543272316455841,0.8364548683166504,22.0299254655838,0.0,0.0,6.7215142250061035,0.7087011337280273,19.656926155090332,0.0,0.0,6.548026919364929,0.6924839019775391,16.246982216835022,0.0,0.0,5.561688721179962,0.6919437050819397,16.24210101366043,0.0,0.0,10.403878092765808,0.8550078868865967,27.4855255484581,0.06146049499511719,0.28513771295547485,8.741625785827637,0.7582664489746094,20.074443817138672,0.2878708839416504,1.3776103854179382,7.812417984008789,0.7709140777587891,17.684173583984375,0.2357635498046875,1.5991597175598145,10.052739679813385,0.8851223587989807,28.51886475086212,0.059644460678100586,0.1577320694923401,9.689314723014832,0.8894023895263672,25.263986945152283,0.12059736251831055,0.1970740556716919
8,hallucinated,43,0.66259765625,10.752474248409271,0.9400885701179504,33.97251135110855,0.02665245532989502,0.15436559915542603,10.833837687969208,0.9195296764373779,32.724001467227936,0.04022097587585449,0.13637316226959229,11.123701333999634,0.9123020172119141,33.51607847213745,0.026049137115478516,0.04782348871231079,4.386853218078613,0.45119476318359375,10.937005043029785,0.0,0.0,5.524772644042969,0.6348838806152344,14.49692153930664,0.0,0.0,4.12225079536438,0.48775815963745117,9.789132356643677,0.0,0.0,5.110828399658203,0.726963996887207,14.036489486694336,0.0,0.0,4.710665464401245,0.5507256984710693,12.014573574066162,0.0,0.0,3.8536453247070312,0.5083141326904297,11.61960244178772,0.0,0.0,4.453605651855469,0.5080032348632812,13.346996307373047,0.0,0.0,4.798824310302734,0.5153789520263672,12.503913879394531,0.0,0.0,5.596799850463867,0.52740478515625,15.544031143188477,0.0,0.0,5.881465256214142,0.5580291748046875,15.753730833530426,0.0,0.0,5.6773834228515625,0.5235404968261719,13.875438690185547,0.0,0.0,7.216396331787109,0.6744136810302734,20.423128128051758,0.0,0.0,7.264120101928711,0.6787223815917969,18.129575729370117,0.0,0.0,7.768311977386475,0.7206325531005859,19.563782691955566,0.0,0.0,6.575292348861694,0.6496255397796631,14.698383092880249,0.0,0.0,8.102357864379883,0.7860183715820312,20.09296989440918,0.0,0.0,8.51361083984375,0.7913227081298828,18.433082699775696,0.0,0.0,6.24450421333313,0.6238603591918945,14.124510049819946,0.0,0.0,8.46600878238678,0.7946567535400391,18.038909554481506,0.0,0.0,6.753406584262848,0.6780242919921875,14.991361677646637,0.0,0.0,8.380840063095093,0.7337586879730225,19.713695287704468,0.0,0.0,7.899447441101074,0.8143711090087891,20.999972224235535,0.0,0.0,4.700941562652588,0.6659126281738281,12.523975849151611,0.0,0.0,6.954631328582764,0.7377796173095703,17.30636775493622,0.0,0.0,9.354039490222931,0.8304824829101562,21.84069263935089,0.0,0.0,6.563504219055176,0.7087011337280273,19.498916149139404,0.0,0.0,6.3951011300086975,0.685551643371582,16.09405642747879,0.0,0.0,5.439770400524139,0.7006978392601013,16.120182693004608,0.0,0.0,10.391236066818237,0.8546383380889893,27.47288352251053,0.06146049499511719,0.2948012948036194,8.642142295837402,0.7637271881103516,19.974960327148438,0.2878708839416504,1.3779798746109009,7.737983703613281,0.764739990234375,17.603986740112305,0.2357635498046875,1.595259666442871,10.0692338347435,0.8772972822189331,28.534876823425293,0.05782818794250488,0.16464382410049438,9.725311279296875,0.8894023895263672,25.300629138946533,0.12093687057495117,0.19063329696655273
9,grounded,40,0.662109375,9.851846277713776,0.9361206889152527,31.207299530506134,0.028948068618774414,0.11358249187469482,9.850501775741577,0.9099751710891724,29.963091254234314,0.04411041736602783,0.1627739667892456,10.320920825004578,0.902587890625,30.99392068386078,0.026049137115478516,0.05169039964675903,4.060442924499512,0.44104957580566406,9.560927391052246,0.0,0.0,4.1758270263671875,0.5592041015625,11.816326141357422,0.0,0.0,3.46745765209198,0.43187522888183594,8.453770518302917,0.0,0.0,3.5743179321289062,0.7219734191894531,11.38969612121582,0.0,0.0,3.400918483734131,0.5284843444824219,10.052283763885498,0.0,0.0,2.9965085983276367,0.4952249526977539,9.844427347183228,0.0,0.0,3.919158935546875,0.4668426513671875,11.89246940612793,0.0,0.0,4.328084945678711,0.4988517761230469,11.523338317871094,0.0,0.0,5.054897308349609,0.5941410064697266,14.067148208618164,0.0,0.0,5.568959474563599,0.6236640810966492,14.459209322929382,0.0,0.0,4.185432434082031,0.4695892333984375,11.58669662475586,0.0,0.0,5.024702072143555,0.5788936614990234,16.497055053710938,0.0,0.0,4.911170959472656,0.6305427551269531,14.280977249145508,0.0,0.0,5.440959930419922,0.6389408111572266,15.423685073852539,0.0,0.0,5.113539934158325,0.6125442981719971,12.47451788187027,0.0,0.0,6.328984260559082,0.744633674621582,16.980738639831543,0.0,0.0,6.0488128662109375,0.6268501281738281,14.939424991607666,0.0,0.0,4.519413948059082,0.6152105331420898,11.724188804626465,0.0,0.0,5.954405784606934,0.7138862609863281,14.985738754272461,0.0,0.0,5.373006522655487,0.6108395457267761,13.26173323392868,0.0,0.0,6.830927610397339,0.753474235534668,16.715874433517456,0.0,0.0,6.539806842803955,0.7183103561401367,18.028496861457825,0.0,0.0,3.8670612573623657,0.6743179559707642,11.382889866828918,0.0,0.0,5.547045707702637,0.7147939205169678,15.022596001625061,0.0,0.0,6.76922470331192,0.7892506122589111,18.74661934375763,0.03668045997619629,0.051755309104919434,6.2059221267700195,0.7087011337280273,18.12103509902954,0.0,0.0,4.629741728305817,0.679690420627594,13.933208525180817,0.0174521803855896,0.0174521803855896,4.591933012008667,0.769453763961792,14.437060177326202,0.0,0.0,9.223595678806305,0.8518982529640198,25.555884063243866,0.06146049499511719,0.2733325958251953,7.279212236404419,0.703857421875,17.868623971939087,0.2878708839416504,1.5187415480613708,6.4820098876953125,0.7051544189453125,16.219995498657227,0.2357635498046875,1.6635782718658447,8.844900131225586,0.851750373840332,25.70359468460083,0.06903266906738281,0.1664130687713623,8.68127453327179,0.8894023895263672,22.767446875572205,0.11867284774780273,0.22827816009521484
9,hallucinated,41,0.64404296875,10.592373847961426,0.9378822445869446,31.947827100753784,0.028989315032958984,0.11370676755905151,10.689186573028564,0.8960217237472534,30.8017760515213,0.03684520721435547,0.1647282838821411,11.185627162456512,0.9099863171577454,31.858627021312714,0.026049137115478516,0.029775500297546387,4.292923927307129,0.4108314514160156,9.793408393859863,0.0,0.0,4.4835052490234375,0.5592041015625,12.124004364013672,0.0,0.0,3.639555811882019,0.42181396484375,8.625868678092957,0.0,0.0,3.898479461669922,0.7219734191894531,11.713857650756836,0.0,0.0,3.708406448364258,0.5548057556152344,10.359771728515625,0.0,0.0,3.428959369659424,0.4952249526977539,10.276878118515015,0.0,0.0,4.334648132324219,0.4627227783203125,12.307958602905273,0.0,0.0,4.636648178100586,0.5007667541503906,11.831901550292969,0.0,0.0,5.5628662109375,0.5941410064697266,14.575117111206055,0.0,0.0,5.756059288978577,0.5399618744850159,14.64630913734436,0.0,0.0,4.8395538330078125,0.5132904052734375,12.24081802368164,0.0,0.0,5.7214837074279785,0.6166019439697266,17.19383668899536,0.0,0.0,5.496244430541992,0.6305427551269531,14.866050720214844,0.0,0.0,6.029930114746094,0.6389408111572266,16.01265525817871,0.0,0.0,5.504138708114624,0.6231791973114014,12.865116655826569,0.0,0.0,6.901850700378418,0.7686834335327148,17.55360507965088,0.0,0.0,6.3968915939331055,0.6191940307617188,15.287503719329834,0.0,0.0,4.834741592407227,0.6152105331420898,12.03951644897461,0.0,0.0,6.673705101013184,0.7138862609863281,15.705038070678711,0.0,0.0,5.835868179798126,0.616113007068634,13.72459489107132,0.0,0.0,7.264013290405273,0.7148094177246094,17.14896011352539,0.0,0.0,7.206790447235107,0.7327461242675781,18.695480465888977,0.0,0.0,4.010779500007629,0.7195044755935669,11.526608109474182,0.0,0.0,5.737201273441315,0.6730709075927734,15.212751567363739,0.0,0.0,7.08475124835968,0.7951116561889648,19.06214588880539,0.039032042026519775,0.061839282512664795,6.706930160522461,0.7087011337280273,18.622043132781982,0.0,0.0,5.172281384468079,0.6883889436721802,14.475748181343079,0.0,0.0,4.979001879692078,0.7389153242111206,14.824129045009613,0.0,0.0,9.992520928382874,0.8485924005508423,26.324809312820435,0.06146049499511719,0.2733325958251953,7.856021881103516,0.703857421875,18.439990520477295,0.2878708839416504,1.535009503364563,7.069599151611328,0.7051544189453125,16.811750411987305,0.2357635498046875,1.6529333591461182,9.773375988006592,0.851750373840332,26.637148797512054,0.06903266906738281,0.166550874710083,9.54554271697998,0.8894023895263672,23.642133235931396,0.11661887168884277,0.22622418403625488
10,grounded,48,0.7001953125,14.922932386398315,0.9470800757408142,38.22222727537155,0.018173038959503174,0.0888332724571228,14.966529428958893,0.921600341796875,36.7518168091774,0.04054790735244751,0.15056318044662476,15.533823847770691,0.9208283424377441,37.69813358783722,0.026049137115478516,0.06808394193649292,5.598794937133789,0.43026161193847656,12.144759178161621,0.0,0.0,6.378686904907227,0.5522346496582031,14.923055648803711,0.0,0.0,4.0242815017700195,0.5044946670532227,9.626185417175293,0.0,0.0,5.690369486808777,0.7192726135253906,14.380621314048767,0.0,0.0,5.0612335205078125,0.5306777954101562,12.093829870223999,0.0,0.0,5.510347366333008,0.5012264251708984,13.39504599571228,0.0,0.0,6.0615997314453125,0.5382270812988281,14.97768783569336,0.0,0.0,5.836393356323242,0.5011978149414062,13.421197891235352,0.0,0.0,7.621623754501343,0.6203842163085938,17.3669114112854,0.0,0.0,8.070394515991211,0.6138019561767578,17.723224759101868,0.0,0.0,6.394924163818359,0.5054512023925781,14.35137939453125,0.0,0.0,8.418335914611816,0.6353988647460938,21.18799877166748,0.0,0.0,7.857566833496094,0.63433837890625,18.331859588623047,0.0,0.0,8.549215316772461,0.7249155044555664,19.804560661315918,0.0,0.0,8.195296168327332,0.6679619550704956,16.568843722343445,0.0,0.0,10.094970703125,0.748748779296875,21.894737243652344,0.0,0.0,9.183349609375,0.6600112915039062,18.74154543876648,0.0,0.0,6.919124126434326,0.6283559799194336,14.815476417541504,0.0,0.0,9.589868068695068,0.7623653411865234,19.220016479492188,0.0,0.0,8.24255359172821,0.7443046569824219,17.004695773124695,0.0,0.0,10.436216831207275,0.709733247756958,21.662548542022705,0.0,0.0,10.407347440719604,0.789334774017334,23.495814442634583,0.0,0.0,5.55901575088501,0.6700485944747925,13.66272485256195,0.0,0.0,8.602887153625488,0.7704954147338867,19.43660795688629,0.0,0.0,10.211418628692627,0.8090596199035645,22.921897292137146,0.0,0.0,9.580282211303711,0.7087011337280273,22.64501142501831,0.0,0.0,6.607416987419128,0.7017277479171753,16.504873514175415,0.0,0.0,7.069603681564331,0.7011363506317139,17.725095212459564,0.0,0.0,14.476934254169464,0.8565998077392578,32.28564077615738,0.06146049499511719,0.3387643098831177,11.507046699523926,0.7506294250488281,23.791351795196533,0.2878708839416504,1.5135872960090637,10.704376220703125,0.7291107177734375,21.701292037963867,0.2357635498046875,1.6090776920318604,13.631408452987671,0.8754386901855469,32.38714396953583,0.09400200843811035,0.4576628804206848,13.453168869018555,0.8894023895263672,29.23636257648468,0.13350224494934082,0.28577518463134766
10,hallucinated,48,0.703125,14.896284997463226,0.9469518065452576,38.19557988643646,0.018130064010620117,0.0888664722442627,14.95720386505127,0.9217491149902344,36.742491245269775,0.0403096079826355,0.15032488107681274,15.53616327047348,0.920466423034668,37.70047301054001,0.026049137115478516,0.06542098522186279,5.571887969970703,0.42973899841308594,12.117852210998535,0.0,0.0,6.350649118423462,0.5522346496582031,14.895017862319946,0.0,0.0,4.0034074783325195,0.5021905899047852,9.605311393737793,0.0,0.0,5.656095027923584,0.7192726135253906,14.346346855163574,0.0,0.0,5.141237258911133,0.5307807922363281,12.17383360862732,0.0,0.0,5.577094078063965,0.49771976470947266,13.461792707443237,0.0,0.0,6.157371520996094,0.5560302734375,15.07345962524414,0.0,0.0,5.964273452758789,0.5011978149414062,13.549077987670898,0.0,0.0,7.82555365562439,0.6501922607421875,17.570841312408447,0.0,0.0,8.338784039020538,0.6138019561767578,17.991614282131195,0.0,0.0,6.694782257080078,0.50140380859375,14.651237487792969,0.0,0.0,8.434236526489258,0.6689872741699219,21.203899383544922,0.0,0.0,7.771768569946289,0.63433837890625,18.246061325073242,0.0,0.0,8.313444137573242,0.7249155044555664,19.5687894821167,0.0,0.0,8.24189817905426,0.667244553565979,16.615445733070374,0.0,0.0,10.08158016204834,0.7578344345092773,21.881346702575684,0.0,0.0,9.459636688232422,0.6899261474609375,19.0178325176239,0.0,0.0,7.020399570465088,0.6283559799194336,14.916751861572266,0.0,0.0,9.695536375045776,0.8188037872314453,19.325684785842896,0.0,0.0,8.224054038524628,0.7614402770996094,16.986196219921112,0.0,0.0,10.410567045211792,0.72406005859375,21.63689875602722,0.0,0.0,10.308994770050049,0.8212666511535645,23.397461771965027,0.0,0.0,5.866619348526001,0.6700485944747925,13.970328450202942,0.0,0.0,8.730809211730957,0.7652273178100586,19.56453001499176,0.0,0.0,10.478854656219482,0.7933216094970703,23.189333319664,0.0,0.0,9.72190237045288,0.7087011337280273,22.78663158416748,0.0,0.0,6.790773868560791,0.6865410804748535,16.688230395317078,0.0,0.0,7.2130807638168335,0.7117537260055542,17.868572294712067,0.0,0.0,14.625069558620453,0.8683257102966309,32.43377608060837,0.06146049499511719,0.3387643098831177,11.728726387023926,0.7506294250488281,24.03743028640747,0.2878708839416504,1.4607506394386292,10.88916015625,0.7386207580566406,21.914670944213867,0.2357635498046875,1.5442626476287842,13.819661796092987,0.8615779876708984,32.59202939271927,0.0938575267791748,0.3735088109970093,13.50267893075943,0.8894023895263672,29.288167655467987,0.13275647163391113,0.25629520416259766
11,grounded,39,0.578125,8.252466559410095,0.9415534734725952,30.57807570695877,0.020135700702667236,0.10827279090881348,8.15799206495285,0.9118449091911316,29.15012937784195,0.04154294729232788,0.17733871936798096,8.440800130367279,0.8987851142883301,29.77289366722107,0.026049137115478516,0.044849932193756104,3.4977455139160156,0.4364509582519531,9.848430633544922,0.0,0.0,3.495738983154297,0.5652656555175781,11.701362609863281,0.0,0.0,2.9607343673706055,0.48427867889404297,8.297280311584473,0.0,0.0,3.589967727661133,0.7247409820556641,12.316156387329102,0.0,0.0,3.185957431793213,0.5137829780578613,10.048398494720459,0.0,0.0,2.8973870277404785,0.48111391067504883,10.358748197555542,0.0,0.0,3.417247772216797,0.4627227783203125,12.008132934570312,0.0,0.0,3.8543434143066406,0.51129150390625,11.482391357421875,0.0,0.0,4.627288818359375,0.5613479614257812,14.452945709228516,0.0,0.0,4.676625609397888,0.6412801742553711,14.236579537391663,0.0,0.0,4.004596710205078,0.5075149536132812,12.278091430664062,0.0,0.0,5.001300811767578,0.6151657104492188,17.45208168029785,0.0,0.0,5.170783996582031,0.62786865234375,15.74856948852539,0.0,0.0,5.880500316619873,0.7629313468933105,17.61253786087036,0.0,0.0,5.236334204673767,0.6336787939071655,13.138502597808838,0.0,0.0,5.728055953979492,0.7095947265625,17.310457229614258,0.0,0.0,6.319845199584961,0.7328033447265625,15.858412146568298,0.0,0.0,4.932092666625977,0.6123533248901367,12.584378004074097,0.0,0.0,5.768068790435791,0.7470798492431641,15.310089588165283,0.0,0.0,5.31755656003952,0.6822624206542969,14.02226322889328,0.0,0.0,6.494256973266602,0.8105769157409668,17.62210464477539,0.0,0.0,6.127168893814087,0.7046337127685547,18.9035302400589,0.0,0.0,4.104740619659424,0.6709690093994141,11.975725650787354,0.0,0.0,5.10478138923645,0.6145944595336914,15.522688031196594,0.0,0.0,6.555409133434296,0.7767469882965088,18.959986627101898,0.0,0.0,5.452387094497681,0.7087011337280273,18.145582914352417,0.0,0.0,5.0588390827178955,0.6989333629608154,15.19515061378479,0.0,0.0,4.736513197422028,0.7345371842384338,15.318951845169067,0.0,0.0,7.963698625564575,0.8346834182739258,25.158528208732605,0.06146049499511719,0.27616846561431885,6.831976890563965,0.7542991638183594,18.582776069641113,0.2878708839416504,1.3992388248443604,6.016685485839844,0.7164688110351562,16.379638671875,0.2357635498046875,1.5606138706207275,8.111759543418884,0.8714866638183594,26.219202041625977,0.03148317337036133,0.05689859390258789,7.564665377140045,0.8894023895263672,22.963971316814423,0.13314300775527954,0.1407340168952942
11,hallucinated,39,0.57568359375,8.264111518859863,0.9415980577468872,30.58972066640854,0.020135700702667236,0.10874009132385254,8.146973967552185,0.9128464460372925,29.139111280441284,0.04154294729232788,0.17649316787719727,8.432687759399414,0.8987851142883301,29.764781296253204,0.026049137115478516,0.0449984073638916,3.464231491088867,0.43592262268066406,9.814916610717773,0.0,0.0,3.496601104736328,0.5652656555175781,11.702224731445312,0.0,0.0,2.982571601867676,0.48534107208251953,8.319117546081543,0.0,0.0,3.556547164916992,0.7247409820556641,12.282735824584961,0.0,0.0,3.1574883460998535,0.5119633674621582,10.0199294090271,0.0,0.0,3.030747890472412,0.4822249412536621,10.492109060287476,0.0,0.0,3.3887062072753906,0.4627227783203125,11.979591369628906,0.0,0.0,3.829294204711914,0.51129150390625,11.457342147827148,0.0,0.0,4.549354553222656,0.5592193603515625,14.375011444091797,0.0,0.0,4.821180582046509,0.6412801742553711,14.381134510040283,0.0,0.0,4.070758819580078,0.5075149536132812,12.344253540039062,0.0,0.0,4.994377136230469,0.6151657104492188,17.445158004760742,0.0,0.0,5.270149230957031,0.6262969970703125,15.84793472290039,0.0,0.0,5.912560939788818,0.7629313468933105,17.644598484039307,0.0,0.0,5.182004690170288,0.6342999935150146,13.084173083305359,0.0,0.0,5.590803146362305,0.6887130737304688,17.17320442199707,0.0,0.0,6.257101058959961,0.7392978668212891,15.795668005943298,0.0,0.0,4.984148979187012,0.6123533248901367,12.636434316635132,0.0,0.0,5.798506736755371,0.7470798492431641,15.340527534484863,0.0,0.0,5.427099108695984,0.6822624206542969,14.131805777549744,0.0,0.0,6.57744026184082,0.8154425621032715,17.70528793334961,0.0,0.0,6.191163539886475,0.7315607070922852,18.967524886131287,0.0,0.0,4.114777088165283,0.6659126281738281,11.985762119293213,0.0,0.0,5.161671161651611,0.6359100341796875,15.579577803611755,0.0,0.0,6.424820303916931,0.7525038719177246,18.829397797584534,0.0026099681854248047,0.0026099681854248047,5.497461795806885,0.7087011337280273,18.19065761566162,0.0,0.0,4.827467381954193,0.7038401961326599,14.963778913021088,0.0,0.0,4.652718365192413,0.7222116589546204,15.235157012939453,0.0,0.0,7.9529502391815186,0.8382549285888672,25.14777982234955,0.06146049499511719,0.27616846561431885,6.755187034606934,0.7542991638183594,18.505986213684082,0.2878708839416504,1.3964311480522156,5.982032775878906,0.7164688110351562,16.344985961914062,0.2357635498046875,1.573850154876709,8.01628690958023,0.8599071502685547,26.123481333255768,0.04299342632293701,0.06840884685516357,7.506518661975861,0.8894023895263672,22.905496299266815,0.13087916374206543,0.13847017288208008
12,grounded,55,0.6904296875,17.441566228866577,0.9490813612937927,43.954554438591,0.021407246589660645,0.11428391933441162,17.56170392036438,0.929473876953125,42.706187665462494,0.042192697525024414,0.23861896991729736,18.268849790096283,0.9260882139205933,43.97726184129715,0.025836467742919922,0.1062886118888855,6.602788925170898,0.4309883117675781,14.109980583190918,0.0,0.0,7.31634521484375,0.5887527465820312,16.90253448486328,0.0,0.0,6.633723258972168,0.4909019470214844,13.24002742767334,0.0,0.0,7.1038618087768555,0.7355136871337891,17.128199577331543,0.0,0.0,6.9372992515563965,0.5426101684570312,14.757753610610962,0.0,0.0,5.859982967376709,0.5310635566711426,14.368752717971802,0.0,0.0,6.976615905761719,0.47199249267578125,17.04415512084961,0.0,0.0,8.276679992675781,0.5436973571777344,17.312227249145508,0.0,0.0,10.280536651611328,0.6284561157226562,21.1713809967041,0.0,0.0,9.533028244972229,0.6285381317138672,20.92045497894287,0.0,0.0,8.770647048950195,0.5253639221191406,18.70576524734497,0.0,0.0,11.3140287399292,0.7363471984863281,26.979616165161133,0.0,0.0,10.686357498168945,0.6742792129516602,23.68624973297119,0.0,0.0,11.350727081298828,0.7139644622802734,25.1314640045166,0.0,0.0,10.05465841293335,0.6185956001281738,20.123785257339478,0.0,0.0,12.658929228782654,0.7246599197387695,27.889878153800964,0.0,0.0,13.039552688598633,0.7412357330322266,24.898715257644653,0.0,0.0,10.421276450157166,0.6695661544799805,19.93813681602478,0.0,0.0,13.494053781032562,0.8285007476806641,24.93285173177719,0.0,0.0,11.085238337516785,0.6795082092285156,21.123275637626648,0.0,0.0,13.595418810844421,0.7923030853271484,26.792920470237732,0.0,0.0,13.101489007472992,0.7630100250244141,28.62705945968628,0.0,0.0,8.053947806358337,0.6653213500976562,17.335232496261597,0.0,0.0,10.746635437011719,0.6615896224975586,22.50627863407135,0.0,0.0,13.138577282428741,0.8482422232627869,27.1869136095047,0.01496058702468872,0.01496058702468872,11.676236152648926,0.7083168029785156,26.809000968933105,0.0,0.0,10.067054450511932,0.6949227452278137,21.558791756629944,0.0,0.0,7.961795330047607,0.7193722724914551,19.922701060771942,0.0,0.0,16.489729344844818,0.8250732421875,36.512679040431976,0.061496734619140625,0.27867722511291504,13.63374274969101,0.7168731689453125,26.777296483516693,0.2865424156188965,1.3096538186073303,12.291221618652344,0.6947250366210938,23.507726669311523,0.23561668395996094,1.5327351093292236,15.924086689949036,0.8516912460327148,36.53133249282837,0.09451675415039062,0.16295230388641357,15.661928653717041,0.8894290924072266,33.2543751001358,0.14269256591796875,0.41643738746643066
12,hallucinated,53,0.68359375,15.821966469287872,0.949694037437439,42.3349546790123,0.021407246589660645,0.11395275592803955,15.876762390136719,0.9281125068664551,41.02116507291794,0.04218029975891113,0.22773617506027222,16.383116960525513,0.9250736236572266,42.09106194972992,0.02738279104232788,0.11830979585647583,5.987241744995117,0.4310188293457031,13.495205879211426,0.0,0.0,6.52032470703125,0.5889320373535156,16.108028411865234,0.0,0.0,6.551756858825684,0.4906349182128906,13.159367561340332,0.0,0.0,6.778691291809082,0.7357978820800781,16.804259300231934,0.0,0.0,6.593792915344238,0.5655593872070312,14.415356159210205,0.0,0.0,5.368436336517334,0.48257923126220703,13.876075029373169,0.0,0.0,6.103885650634766,0.47217559814453125,16.170623779296875,0.0,0.0,7.926761627197266,0.5440597534179688,16.962133407592773,0.0,0.0,9.236209869384766,0.62811279296875,20.12690544128418,0.0,0.0,8.66041898727417,0.6286125183105469,20.0478994846344,0.0,0.0,7.72445011138916,0.5239448547363281,17.659396648406982,0.0,0.0,10.334663391113281,0.7358207702636719,26.002785205841064,0.0,0.0,9.721250534057617,0.674342155456543,22.722859382629395,0.0,0.0,10.146245002746582,0.7174196243286133,23.926453590393066,0.0,0.0,9.740259170532227,0.6294054985046387,19.810870885849,0.0,0.0,11.489922642707825,0.7252321243286133,26.725234389305115,0.0,0.0,11.607521057128906,0.7286148071289062,23.469021558761597,0.0,0.0,9.68999069929123,0.6699748039245605,19.207384169101715,0.0,0.0,11.350814282894135,0.8048162460327148,22.786397397518158,0.0,0.0,9.259679079055786,0.6786880493164062,19.3005530834198,0.0,0.0,11.583832859992981,0.7452239990234375,24.78131926059723,0.0,0.0,11.436460375785828,0.7575263977050781,26.962536096572876,0.0,0.0,7.519434213638306,0.6752328872680664,16.801524758338928,0.0,0.0,9.077520370483398,0.6619558334350586,20.838506400585175,0.0,0.0,11.257282435894012,0.7977432012557983,25.306294441223145,0.0,0.0,10.237492442131042,0.7087011337280273,25.36621081829071,0.0,0.0,8.726003766059875,0.7008473873138428,20.218367040157318,0.0,0.0,7.250807821750641,0.7023363709449768,19.21002846956253,0.0,0.0,15.056383430957794,0.835075318813324,35.08250284194946,0.06146049499511719,0.2777525782585144,12.30793309211731,0.716064453125,25.430934190750122,0.2878708839416504,1.3318659663200378,11.141166687011719,0.6947860717773438,22.3204288482666,0.2357635498046875,1.5980753898620605,14.282688736915588,0.8597564697265625,34.899447560310364,0.0916624665260315,0.1803429126739502,14.061119854450226,0.8894023895263672,31.699629247188568,0.14211082458496094,0.5036303997039795
13,grounded,46,0.59375,13.222284436225891,0.9475224614143372,36.360464096069336,0.04141557216644287,0.20791923999786377,13.160894751548767,0.9161356687545776,34.915841460227966,0.03918302059173584,0.17156565189361572,13.922961056232452,0.9077315330505371,36.35065084695816,0.026200056076049805,0.10751360654830933,5.084808349609375,0.4256439208984375,11.0889892578125,0.0,0.0,5.81968879699707,0.5997180938720703,14.126462936401367,0.0,0.0,4.441134452819824,0.44339942932128906,9.764632225036621,0.0,0.0,5.238500595092773,0.7044353485107422,13.780061721801758,0.0,0.0,5.219170570373535,0.5259666442871094,12.18276596069336,0.0,0.0,5.071150779724121,0.4922313690185547,13.051424741744995,0.0,0.0,5.2825469970703125,0.4828643798828125,13.860885620117188,0.0,0.0,6.546051025390625,0.519989013671875,14.405582427978516,0.0,0.0,8.61085844039917,0.6775665283203125,18.685720920562744,0.0,0.0,8.239318132400513,0.7032668590545654,18.130391120910645,0.0,0.0,6.4839935302734375,0.5900535583496094,14.686107635498047,0.0,0.0,8.113724708557129,0.6899194717407227,21.254225730895996,0.0,0.0,7.886882781982422,0.6426353454589844,18.53323745727539,0.0,0.0,10.156060695648193,0.7684354782104492,22.215696811676025,0.0,0.0,7.450692892074585,0.6016147136688232,15.473255515098572,0.0,0.0,9.19182300567627,0.7377586364746094,21.16671085357666,0.0,0.0,9.006681442260742,0.64892578125,18.556478142738342,0.0,0.0,6.869234561920166,0.6779079437255859,14.586535453796387,0.0,0.0,9.992094039916992,0.7607498168945312,19.898508071899414,0.0,0.0,8.303027033805847,0.6255779266357422,16.736160159111023,0.0,0.0,9.724854469299316,0.7374610900878906,20.783513069152832,0.0,0.0,10.152587294578552,0.7666125297546387,23.132553100585938,0.0,0.0,5.4857593178749084,0.6729567050933838,13.155137598514557,0.0,0.0,8.736139476299286,0.6541761755943298,19.07510071992874,0.0,0.0,10.659843564033508,0.8197916746139526,23.31933444738388,0.008130133152008057,0.010846138000488281,9.155114650726318,0.7302303314208984,21.874585151672363,0.0,0.0,7.876947641372681,0.6643917560577393,17.863550424575806,0.0,0.0,7.082951128482819,0.7225289940834045,17.873476028442383,0.0,0.0,12.655337452888489,0.8504952192306519,30.156185567378998,0.06146049499511719,0.2733325958251953,10.466822624206543,0.7113103866577148,21.919559478759766,0.2878708839416504,1.2984230518341064,9.485649108886719,0.695556640625,19.722368240356445,0.2357635498046875,1.5022950172424316,13.012338757514954,0.8702459335327148,31.865454137325287,0.02813720703125,0.03324490785598755,12.70949375629425,0.8894023895263672,28.802496194839478,0.11956804990768433,0.1363469958305359
13,hallucinated,47,0.6181640625,13.765524625778198,0.9508724808692932,36.90370428562164,0.04904580116271973,0.2022363543510437,14.016248285770416,0.9187312722206116,35.771194994449615,0.03918302059173584,0.18019336462020874,14.759810507297516,0.9072756767272949,37.187500298023224,0.026049137115478516,0.09638351202011108,5.488071441650391,0.4256439208984375,11.492252349853516,0.0,0.0,6.486454010009766,0.5648117065429688,14.793228149414062,0.0,0.0,5.275726318359375,0.44881153106689453,10.599224090576172,0.0,0.0,6.06478214263916,0.7044353485107422,14.606343269348145,0.0,0.0,5.491781234741211,0.5238914489746094,12.455376625061035,0.0,0.0,5.254050254821777,0.4922313690185547,13.234324216842651,0.0,0.0,5.5672149658203125,0.4828643798828125,14.145553588867188,0.0,0.0,7.164531707763672,0.5090484619140625,15.024063110351562,0.0,0.0,8.905423164367676,0.6537046432495117,18.98028564453125,0.0,0.0,8.629555225372314,0.6801879405975342,18.520628213882446,0.0,0.0,6.793018341064453,0.5592231750488281,14.995132446289062,0.0,0.0,8.832196235656738,0.6899194717407227,21.972697257995605,0.0,0.0,9.02219009399414,0.6426353454589844,19.66854476928711,0.0,0.0,11.07417917251587,0.7782964706420898,23.1338152885437,0.0,0.0,8.117165088653564,0.5878243446350098,16.13972771167755,0.0,0.0,9.915328979492188,0.7377586364746094,21.890216827392578,0.0,0.0,9.668550491333008,0.6669292449951172,19.218347191810608,0.0,0.0,7.505193710327148,0.6779079437255859,15.22249460220337,0.0,0.0,10.529613971710205,0.7430839538574219,20.436028003692627,0.0,0.0,8.945962131023407,0.6883811950683594,17.379095256328583,0.0,0.0,10.664783239364624,0.7477631568908691,21.72344183921814,0.0,0.0,10.549110651016235,0.7826988697052002,23.52907645702362,0.0,0.0,5.986611843109131,0.6659126281738281,13.65599012374878,0.0,0.0,8.830349206924438,0.6614856719970703,19.169310450553894,0.0,0.0,11.085821628570557,0.7707827091217041,23.74531251192093,0.035062193870544434,0.035062193870544434,9.693610191345215,0.7087011337280273,22.41308069229126,0.0,0.0,8.292776644229889,0.6744685769081116,18.279379427433014,0.0,0.0,7.377102255821228,0.704673171043396,18.167627155780792,0.0,0.0,13.292904734611511,0.8290249109268188,30.79375284910202,0.06146049499511719,0.2733325958251953,10.96757698059082,0.7113103866577148,22.423258781433105,0.2878708839416504,1.311086654663086,9.971473693847656,0.6664581298828125,20.195268630981445,0.2357635498046875,1.5033130645751953,13.61591511964798,0.8650155067443848,32.46951121091843,0.02813720703125,0.06129080057144165,13.415299594402313,0.8894023895263672,29.500692427158356,0.12790298461914062,0.15060806274414062
14,grounded,53,0.6728515625,12.530677318572998,0.9475409984588623,42.439472019672394,0.021873950958251953,0.16110700368881226,12.494313478469849,0.9231007099151611,40.73833703994751,0.04107320308685303,0.1394537091255188,12.646792113780975,0.9187385439872742,41.876338958740234,0.0268021821975708,0.07710385322570801,5.431185722351074,0.48577880859375,14.569255828857422,0.0,0.0,5.571524620056152,0.5416336059570312,16.356669425964355,0.0,0.0,4.056962966918945,0.4912700653076172,10.972665786743164,0.0,0.0,5.053133726119995,0.7339038848876953,16.039494276046753,0.0,0.0,4.755712270736694,0.570570707321167,14.146463632583618,0.0,0.0,4.821852207183838,0.49593400955200195,15.313131093978882,0.0,0.0,5.419731140136719,0.4659576416015625,17.750980377197266,0.0,0.0,6.43556022644043,0.5822124481201172,17.80704116821289,0.0,0.0,7.728853702545166,0.7205209732055664,21.676514148712158,0.0,0.0,8.667451024055481,0.7601606845855713,23.60068690776825,0.0,0.0,7.441738128662109,0.6181411743164062,19.543916702270508,0.0,0.0,7.713584661483765,0.646209716796875,25.798493146896362,0.0,0.0,7.847066879272461,0.7688941955566406,22.599595069885254,0.0,0.0,9.297170639038086,0.7983379364013672,24.7067608833313,0.0,0.0,7.664365768432617,0.6286897659301758,19.707708597183228,0.0,0.0,8.965078353881836,0.7796378135681152,26.351829051971436,0.0,0.0,9.77978801727295,0.7745838165283203,24.003922939300537,0.0,0.0,6.995195627212524,0.701850175857544,17.726677894592285,0.0,0.0,10.385544300079346,0.8447656631469727,24.271926403045654,0.0,0.0,9.153114199638367,0.7371425628662109,21.305203318595886,0.0,0.0,9.886409759521484,0.8066034317016602,25.924619674682617,0.0,0.0,9.405828833580017,0.8053836822509766,27.60675883293152,0.0,0.0,5.073411345481873,0.6659126281738281,15.255574584007263,0.0,0.0,8.26428508758545,0.6906204223632812,22.65347123146057,0.0,0.0,10.087328433990479,0.8133420944213867,26.99250727891922,0.012173116207122803,0.012173116207122803,8.43062686920166,0.7087011337280273,26.3903169631958,0.0,0.0,7.815052509307861,0.6900672912597656,21.496087789535522,0.0,0.0,7.169299781322479,0.7103964686393738,21.73305195569992,0.0,0.0,12.261463701725006,0.8719310760498047,37.07914489507675,0.06146049499511719,0.326816201210022,10.406594276428223,0.7957515716552734,30.257288217544556,0.2878708839416504,1.3517924547195435,9.599960327148438,0.7727508544921875,28.159503936767578,0.2357635498046875,1.383413314819336,12.608797669410706,0.8881392478942871,39.00404781103134,0.03957068920135498,0.13671875,12.072413265705109,0.8894023895263672,36.40778809785843,0.11082839965820312,0.30731308460235596
14,hallucinated,51,0.68896484375,11.082184970378876,0.946638286113739,40.99097967147827,0.03178328275680542,0.1626405119895935,10.781400561332703,0.9209989309310913,39.025424122810364,0.04107320308685303,0.18182909488677979,10.984768986701965,0.9187385439872742,40.214315831661224,0.027460217475891113,0.08093881607055664,4.6282830238342285,0.4640026092529297,13.766353130340576,0.0,0.0,4.689020156860352,0.5557079315185547,15.474164962768555,0.0,0.0,4.0649213790893555,0.46106624603271484,10.980624198913574,0.0,0.0,4.3757643699646,0.7338695526123047,15.362124919891357,0.0,0.0,3.9896984100341797,0.5562019348144531,13.380449771881104,0.0,0.0,4.090224266052246,0.48645877838134766,14.58150315284729,0.0,0.0,4.519750595092773,0.4627227783203125,16.85099983215332,0.0,0.0,5.637760162353516,0.5320892333984375,17.009241104125977,0.0,0.0,6.435661315917969,0.6475696563720703,20.38332176208496,0.0,0.0,7.300590813159943,0.656714677810669,22.23382669687271,0.0,0.0,6.110507965087891,0.6462497711181641,18.21268653869629,0.0,0.0,6.609307765960693,0.646209716796875,24.69421625137329,0.0,0.0,6.336275100708008,0.71026611328125,21.0888032913208,0.0,0.0,7.029059410095215,0.7454195022583008,22.438649654388428,0.0,0.0,6.959444046020508,0.5980777740478516,19.002786874771118,0.0,0.0,7.592061519622803,0.7796378135681152,24.978812217712402,0.0,0.0,8.302918672561646,0.7361412048339844,22.527053594589233,0.0,0.0,6.568607568740845,0.6583096981048584,17.300089836120605,0.0,0.0,8.199094533920288,0.7872223854064941,22.085476636886597,0.0,0.0,7.2495006918907166,0.7756786346435547,19.401589810848236,0.0,0.0,8.083180904388428,0.7397956848144531,24.12139081954956,0.0,0.0,7.856029510498047,0.7858505249023438,26.05695950984955,0.0,0.0,4.678809404373169,0.6659126281738281,14.86097264289856,0.0,0.0,7.0783281326293945,0.7286105155944824,21.467514276504517,0.0,0.0,9.135804831981659,0.818777322769165,26.0409836769104,0.008330881595611572,0.008330881595611572,7.296405792236328,0.7087011337280273,25.25609588623047,0.0,0.0,6.535495758056641,0.6506357192993164,20.2165310382843,0.0,0.0,6.203089773654938,0.7216435074806213,20.76684194803238,0.0,0.0,10.668565213680267,0.870091438293457,35.48624640703201,0.06146049499511719,0.3239624500274658,8.968844652175903,0.7848684787750244,28.819538593292236,0.2878708839416504,1.3650214076042175,8.381019592285156,0.7717227935791016,26.940563201904297,0.2357635498046875,1.4148344993591309,10.609938740730286,0.867579460144043,37.003753662109375,0.03957068920135498,0.10854876041412354,10.211057841777802,0.8894023895263672,34.54643267393112,0.11082839965820312,0.33648449182510376
15,grounded,53,0.6484375,16.66286677122116,0.945362389087677,42.441359519958496,0.015578985214233398,0.11163997650146484,16.367210149765015,0.9226467609405518,40.6504784822464,0.03966706991195679,0.13518202304840088,17.348577916622162,0.91147780418396,42.49738997220993,0.026049137115478516,0.10888153314590454,6.509922027587891,0.4102783203125,14.25771713256836,0.0,0.0,7.344390869140625,0.56732177734375,16.910316467285156,0.0,0.0,5.015113830566406,0.443084716796875,11.406604766845703,0.0,0.0,6.633195877075195,0.7135505676269531,16.260028839111328,0.0,0.0,6.355675220489502,0.527613639831543,14.969072818756104,0.0,0.0,6.109429836273193,0.4750223159790039,15.595606565475464,0.0,0.0,7.21966552734375,0.5018997192382812,17.832069396972656,0.0,0.0,7.709415435791016,0.578369140625,17.27761459350586,0.0,0.0,10.133805274963379,0.7044467926025391,22.476712226867676,0.0,0.0,9.6759392619133,0.6861863136291504,22.03714793920517,0.0,0.0,9.256736755371094,0.6059494018554688,19.602352142333984,0.0,0.0,10.657472610473633,0.6691322326660156,26.035797119140625,0.0,0.0,10.735602855682373,0.7258148193359375,23.677340984344482,0.0,0.0,11.390030860900879,0.7392663955688477,25.70149540901184,0.0,0.0,8.962262630462646,0.5907130241394043,18.051758885383606,0.0,0.0,12.23720645904541,0.7474403381347656,27.332764625549316,0.0,0.0,12.457064628601074,0.7306118011474609,23.83325481414795,0.0,0.0,9.545710563659668,0.6257801055908203,18.725061893463135,0.0,0.0,12.315661191940308,0.7103519439697266,25.431060552597046,0.0,0.0,11.363303661346436,0.7276992797851562,22.337700843811035,0.0,0.0,13.82992959022522,0.8012785911560059,27.699535608291626,0.0,0.0,13.717090964317322,0.8121013641357422,29.947158932685852,0.0,0.0,6.645055651664734,0.6659126281738281,15.687321543693542,0.0,0.0,11.086891174316406,0.712615966796875,23.788095116615295,0.0,0.0,14.517435014247894,0.8256511688232422,28.92688125371933,0.0527721643447876,0.06380957365036011,12.49671983718872,0.7822961807250977,28.276522636413574,0.0,0.0,10.70886754989624,0.8011813163757324,22.712777018547058,0.0,0.0,9.07877266407013,0.7332190275192261,21.348987817764282,0.0,0.0,15.881222665309906,0.8604011535644531,35.43683576583862,0.06146049499511719,0.27606886625289917,13.399800300598145,0.7523231506347656,26.26232624053955,0.2878708839416504,1.4761049151420593,12.388252258300781,0.7379531860351562,23.531949996948242,0.2357635498046875,1.4811961650848389,15.834259569644928,0.8559446334838867,36.883928835392,0.04927253723144531,0.08067083358764648,15.5059255361557,0.8894023895263672,33.629475712776184,0.121612548828125,0.19012081623077393
15,hallucinated,50,0.6357421875,14.123917579650879,0.9443851709365845,39.902410328388214,0.02499866485595703,0.09831148386001587,13.941215872764587,0.9200986623764038,38.22448420524597,0.05193138122558594,0.1827889084815979,14.700526118278503,0.9138648509979248,39.84933817386627,0.026049137115478516,0.10233008861541748,6.1562933921813965,0.44528818130493164,13.904088497161865,0.0,0.0,6.381458282470703,0.56732177734375,15.947383880615234,0.0,0.0,5.322244644165039,0.4438619613647461,11.713735580444336,0.0,0.0,5.963029384613037,0.7135505676269531,15.58986234664917,0.0,0.0,6.28645133972168,0.5722718238830566,14.899848937988281,0.0,0.0,5.300450801849365,0.4750223159790039,14.786627531051636,0.0,0.0,5.454618453979492,0.5018997192382812,16.0670223236084,0.0,0.0,6.643077850341797,0.5147018432617188,16.21127700805664,0.0,0.0,8.50123929977417,0.6738476753234863,20.844146251678467,0.0,0.0,8.063993692398071,0.6258172988891602,20.42520236968994,0.0,0.0,7.794617652893066,0.5978507995605469,18.140233039855957,0.0,0.0,8.791858673095703,0.6342086791992188,24.170183181762695,0.0,0.0,8.97307825088501,0.7033605575561523,21.91481637954712,0.0,0.0,9.706082820892334,0.8132524490356445,24.017547369003296,0.0,0.0,8.152042865753174,0.6045804023742676,17.241539120674133,0.0,0.0,10.510780334472656,0.7034645080566406,25.606338500976562,0.0,0.0,10.294190883636475,0.7127227783203125,21.67038106918335,0.0,0.0,9.157025575637817,0.6597979068756104,18.336376905441284,0.0,0.0,11.026255130767822,0.7583160400390625,24.14165449142456,0.0,0.0,9.609248161315918,0.7043209075927734,20.583645343780518,0.0,0.0,11.661505222320557,0.8011837005615234,25.531111240386963,0.0,0.0,12.181441307067871,0.8475766181945801,28.4115092754364,0.0,0.0,7.119889080524445,0.6659126281738281,16.162154972553253,0.0,0.0,10.560749888420105,0.7228769063949585,23.261953830718994,0.0,0.0,11.999576210975647,0.831443190574646,26.409022450447083,0.06189471483230591,0.10089576244354248,10.72528886795044,0.762974739074707,26.505091667175293,0.0,0.0,9.451447129249573,0.7805376052856445,21.45535659790039,0.0,0.0,8.530596017837524,0.7305210828781128,20.800811171531677,0.0,0.0,13.854188919067383,0.8834323883056641,33.4098020195961,0.06146049499511719,0.27606886625289917,11.876583099365234,0.7848186492919922,24.73910903930664,0.2878708839416504,1.478003740310669,10.558364868164062,0.729583740234375,21.702062606811523,0.2357635498046875,1.4726479053497314,13.502631783485413,0.8590950965881348,34.554383516311646,0.022945404052734375,0.04039323329925537,12.957912504673004,0.8894023895263672,31.077825844287872,0.12565279006958008,0.1856086254119873
16,grounded,49,0.6005859375,13.97312182188034,0.9457363486289978,38.852968871593475,0.034947335720062256,0.181227445602417,14.13604086637497,0.9185346961021423,37.562430918216705,0.043304502964019775,0.20213747024536133,14.793264389038086,0.9151768684387207,38.90046262741089,0.026049137115478516,0.08835059404373169,5.995173931121826,0.47066688537597656,13.14525556564331,0.0,0.0,6.501640319824219,0.5968551635742188,15.475658416748047,0.0,0.0,4.874624252319336,0.42729949951171875,10.558801651000977,0.0,0.0,5.739635467529297,0.69879150390625,15.061002731323242,0.0,0.0,5.111347198486328,0.49723052978515625,12.433796644210815,0.0,0.0,5.179504871368408,0.4738454818725586,13.795124769210815,0.0,0.0,5.971828460693359,0.4966583251953125,15.808574676513672,0.0,0.0,6.805641174316406,0.4983177185058594,15.454334259033203,0.0,0.0,9.156961441040039,0.6846084594726562,20.20256996154785,0.0,0.0,9.17513656616211,0.6325464248657227,20.271223783493042,0.0,0.0,7.659053802490234,0.5493392944335938,17.170604705810547,0.0,0.0,9.414543151855469,0.6819305419921875,23.76799201965332,0.0,0.0,8.83468246459961,0.6903839111328125,20.639223098754883,0.0,0.0,11.004241943359375,0.8001594543457031,24.31955337524414,0.0,0.0,7.998710632324219,0.5943279266357422,16.466519951820374,0.0,0.0,10.222133159637451,0.7435202598571777,23.475980281829834,0.0,0.0,10.515020370483398,0.7179775238037109,21.161178827285767,0.0,0.0,8.725482940673828,0.6464800834655762,17.146345615386963,0.0,0.0,11.98283076286316,0.8160057067871094,22.64898943901062,0.0013704299926757812,0.0013704299926757812,11.165830314159393,0.7366867065429688,20.82462567090988,0.0,0.0,11.342832326889038,0.7449321746826172,23.42255187034607,0.0,0.0,11.385072231292725,0.7557497024536133,25.447432577610016,0.0,0.0,6.886525750160217,0.679255485534668,15.379357933998108,0.0,0.0,10.305314302444458,0.7522578239440918,21.70645958185196,0.0,0.0,11.809377253055573,0.8548928499221802,25.131606340408325,0.0,0.0,9.867810249328613,0.7087011337280273,23.573002576828003,0.0,0.0,9.236191987991333,0.759300708770752,20.22226071357727,0.0,0.0,8.076972365379333,0.7274478673934937,19.87608778476715,0.0,0.0,13.57547265291214,0.8637304306030273,32.261225402355194,0.06146049499511719,0.2733325958251953,11.324260711669922,0.7556858062744141,23.539118766784668,0.2878708839416504,1.3578779697418213,10.221504211425781,0.74176025390625,21.2427921295166,0.2357635498046875,1.5237677097320557,13.874521970748901,0.8676683902740479,34.26142996549606,0.0,0.0,13.302436113357544,0.8894023895263672,30.71780800819397,0.11876654624938965,0.13841795921325684
16,hallucinated,50,0.6103515625,14.859448432922363,0.9474131464958191,39.7392954826355,0.034947335720062256,0.17410379648208618,14.96813040971756,0.9207226037979126,38.394520461559296,0.04769235849380493,0.22524183988571167,15.689300656318665,0.9151768684387207,39.79649889469147,0.02939528226852417,0.09148895740509033,6.443511486053467,0.47066688537597656,13.593593120574951,0.0,0.0,6.902149200439453,0.5842933654785156,15.876167297363281,0.0,0.0,5.005598068237305,0.43563079833984375,10.689775466918945,0.0,0.0,6.130695343017578,0.69879150390625,15.452062606811523,0.0,0.0,5.33538818359375,0.5149078369140625,12.657837629318237,0.0,0.0,5.578853130340576,0.4738454818725586,14.194473028182983,0.0,0.0,6.5167741775512695,0.4966583251953125,16.353520393371582,0.0,0.0,7.278999328613281,0.4983177185058594,15.927692413330078,0.0,0.0,9.786016464233398,0.6846084594726562,20.83162498474121,0.0,0.0,9.737822532653809,0.6325464248657227,20.83390974998474,0.0,0.0,8.042961120605469,0.5493392944335938,17.55451202392578,0.0,0.0,9.977821350097656,0.6819305419921875,24.331270217895508,0.0,0.0,9.2935791015625,0.6903839111328125,21.098119735717773,0.0,0.0,11.741146087646484,0.8001594543457031,25.05645751953125,0.0,0.0,8.446932792663574,0.5977411270141602,16.91474211215973,0.0,0.0,10.95170545578003,0.7435202598571777,24.205552577972412,0.0,0.0,11.166116714477539,0.7179775238037109,21.812275171279907,0.0,0.0,9.038741827011108,0.6464800834655762,17.459604501724243,0.0,0.0,12.3677818775177,0.8160057067871094,23.03394055366516,0.0013704299926757812,0.0013704299926757812,11.847195029258728,0.7366867065429688,21.505990386009216,0.0,0.0,11.922420144081116,0.7722878456115723,24.002139687538147,0.0,0.0,12.050792694091797,0.7557497024536133,26.113153040409088,0.0,0.0,7.226842522621155,0.6661057472229004,15.719674706459045,0.0,0.0,10.620940923690796,0.7522578239440918,22.022086203098297,0.0,0.0,12.27585744857788,0.8443013429641724,25.598086535930634,0.0,0.0,10.330053329467773,0.7087011337280273,24.035245656967163,0.0,0.0,9.502477526664734,0.759300708770752,20.48854625225067,0.0,0.0,8.5608531832695,0.7540962100028992,20.359968602657318,0.0,0.0,14.241324841976166,0.8637304306030273,32.92707759141922,0.06146049499511719,0.2733325958251953,11.936710357666016,0.7556858062744141,24.143038749694824,0.2878708839416504,1.3498472571372986,10.863594055175781,0.74176025390625,21.8494815826416,0.2357635498046875,1.5159194469451904,14.670492172241211,0.8676683902740479,35.052532851696014,0.0039005279541015625,0.0039005279541015625,13.96054196357727,0.8894023895263672,31.352942943572998,0.13724112510681152,0.1568925380706787
17,grounded,44,0.57275390625,9.870292842388153,0.9438408017158508,34.81032729148865,0.028623580932617188,0.16702336072921753,9.965473890304565,0.9090956449508667,33.39567315578461,0.04557609558105469,0.16872262954711914,10.293451428413391,0.9019069671630859,34.38556087017059,0.026049137115478516,0.05234944820404053,3.9304847717285156,0.4154396057128906,10.987585067749023,0.0,0.0,4.708353042602539,0.5758209228515625,13.830192565917969,0.0,0.0,3.4737863540649414,0.4637460708618164,9.424458503723145,0.0,0.0,3.88643741607666,0.7123565673828125,13.079951286315918,0.0,0.0,3.6644535064697266,0.5183048248291016,11.10988998413086,0.0,0.0,3.8233754634857178,0.48348236083984375,12.401267051696777,0.0,0.0,4.425174713134766,0.49197864532470703,14.810344696044922,0.0,0.0,5.010814666748047,0.52996826171875,13.812960624694824,0.0,0.0,5.8325090408325195,0.6093130111694336,16.849681854248047,0.0,0.0,5.626187324523926,0.5586261749267578,16.442585706710815,0.0,0.0,5.339605331420898,0.5814647674560547,14.467462539672852,0.0,0.0,6.656101703643799,0.7177009582519531,20.815149784088135,0.0,0.0,6.497509002685547,0.6423492431640625,18.32496452331543,0.0,0.0,7.314191818237305,0.7684459686279297,20.151225090026855,0.0,0.0,6.2043821811676025,0.6269476413726807,14.736656785011292,0.0,0.0,7.196737289428711,0.7303485870361328,20.07233238220215,0.0,0.0,7.469108581542969,0.6827716827392578,17.866511344909668,0.0,0.0,5.877514362335205,0.658970832824707,14.487487316131592,0.0,0.0,8.089569330215454,0.7753849029541016,18.426445245742798,0.0,0.0,6.862748324871063,0.7077169418334961,15.619526088237762,0.0,0.0,7.994795322418213,0.7792763710021973,20.311185359954834,0.0,0.0,7.8598058223724365,0.7459325790405273,22.100863933563232,0.0,0.0,4.474722623825073,0.6854085922241211,12.98319697380066,0.0,0.0,6.568847894668579,0.65309739112854,17.844493806362152,0.0,0.0,8.356163322925568,0.7871106266975403,21.91718202829361,0.0,0.0,6.937805652618408,0.7424750328063965,20.845411777496338,0.0,0.0,5.919006109237671,0.6589944362640381,16.52240753173828,0.0,0.0,4.850634336471558,0.7567183971405029,16.063044726848602,0.0,0.0,9.412376999855042,0.8567256927490234,27.688721120357513,0.06146049499511719,0.2733325958251953,7.948073387145996,0.7591609954833984,20.036806106567383,0.2878708839416504,1.4390122890472412,7.071586608886719,0.7000617980957031,17.795621871948242,0.2357635498046875,1.5123512744903564,9.528781533241272,0.8521909713745117,29.793381452560425,0.007666468620300293,0.007763028144836426,9.051904082298279,0.8894023895263672,26.31186318397522,0.11710357666015625,0.11710357666015625
17,hallucinated,45,0.5673828125,10.723899185657501,0.9448003172874451,35.663933634757996,0.028623580932617188,0.1679343581199646,10.669544100761414,0.9115808010101318,34.099743366241455,0.04557609558105469,0.16197431087493896,11.126236975193024,0.9040126800537109,35.218346416950226,0.026049137115478516,0.05199730396270752,4.151325225830078,0.4256744384765625,11.208425521850586,0.0,0.0,5.1685943603515625,0.5784225463867188,14.290433883666992,0.0,0.0,3.791166305541992,0.46730613708496094,9.741838455200195,0.0,0.0,4.376358509063721,0.7123565673828125,13.569872379302979,0.0,0.0,4.083148956298828,0.5150947570800781,11.528585433959961,0.0,0.0,4.39457893371582,0.48348236083984375,12.97247052192688,0.0,0.0,5.108531951904297,0.49197864532470703,15.493701934814453,0.0,0.0,5.547117233276367,0.5270652770996094,14.349263191223145,0.0,0.0,6.567839622497559,0.6396751403808594,17.585012435913086,0.0,0.0,6.318836688995361,0.5565013885498047,17.13523507118225,0.0,0.0,5.439155578613281,0.6120071411132812,14.567012786865234,0.0,0.0,7.016680717468262,0.6862888336181641,21.175728797912598,0.0,0.0,6.829559326171875,0.6468048095703125,18.657014846801758,0.0,0.0,7.984151840209961,0.7384567260742188,20.82118511199951,0.0,0.0,6.941216945648193,0.6420531272888184,15.473491549491882,0.0,0.0,7.809309005737305,0.7186851501464844,20.684904098510742,0.0,0.0,7.700648307800293,0.659271240234375,18.098051071166992,0.0,0.0,5.786615371704102,0.6184616088867188,14.396588325500488,0.0,0.0,7.928174018859863,0.7851657867431641,18.265049934387207,0.0,0.0,6.165746331214905,0.6351032257080078,14.922524094581604,0.0,0.0,8.374619722366333,0.7765023708343506,20.691009759902954,0.0,0.0,9.042654931545258,0.7827835083007812,23.283713042736053,0.0,0.0,4.80954647064209,0.6659126281738281,13.318020820617676,0.0,0.0,6.9185261726379395,0.6667089462280273,18.194172084331512,0.0,0.0,8.584758281707764,0.7988452911376953,22.145776987075806,0.012879788875579834,0.012879788875579834,6.598599433898926,0.7087011337280273,20.506205558776855,0.0,0.0,5.957097053527832,0.7049007415771484,16.560498476028442,0.0,0.0,5.054588496685028,0.7360469698905945,16.266998887062073,0.0,0.0,10.030875861644745,0.8376960754394531,28.307219982147217,0.06146049499511719,0.2733325958251953,8.202498435974121,0.719268798828125,20.303115844726562,0.2878708839416504,1.4423272609710693,7.3450164794921875,0.7000617980957031,18.022863388061523,0.2357635498046875,1.5118224620819092,10.412400126457214,0.8646206855773926,30.683261275291443,0.0251389741897583,0.027733325958251953,9.910311877727509,0.8894023895263672,27.162387788295746,0.12470436096191406,0.12470436096191406
18,grounded,40,0.5751953125,11.627267181873322,0.9452110528945923,31.689248502254486,0.03369170427322388,0.15035110712051392,11.541427850723267,0.9145631790161133,30.08916610479355,0.03699493408203125,0.13755637407302856,12.12416523694992,0.9020652770996094,30.972007274627686,0.0396268367767334,0.07771134376525879,4.527656555175781,0.4669628143310547,9.87547492980957,0.0,0.0,5.075588226318359,0.575225830078125,12.38192367553711,0.0,0.0,3.339691162109375,0.45107269287109375,8.059623718261719,0.0,0.0,4.491927146911621,0.7217121124267578,12.089098930358887,0.0,0.0,4.037546157836914,0.5002212524414062,10.160781145095825,0.0,0.0,3.954822540283203,0.4787874221801758,10.801388502120972,0.0,0.0,5.070457458496094,0.513916015625,12.739715576171875,0.0,0.0,5.430255889892578,0.5057487487792969,12.147850036621094,0.0,0.0,7.467728614807129,0.6360797882080078,15.849501609802246,0.0,0.0,6.952096879482269,0.5626296997070312,15.157946288585663,0.0,0.0,5.775581359863281,0.5033493041992188,12.943229675292969,0.0,0.0,7.15667200088501,0.6429939270019531,18.294798374176025,0.0,0.0,6.362895965576172,0.6419563293457031,15.397295951843262,0.0,0.0,7.995180130004883,0.7670116424560547,17.800336837768555,0.0,0.0,5.626082420349121,0.5817594528198242,12.246248483657837,0.0,0.0,7.657072067260742,0.6945304870605469,17.333105087280273,0.0,0.0,7.649906158447266,0.6251792907714844,15.8029066324234,0.0,0.0,4.956468820571899,0.6036109924316406,11.732381105422974,0.0,0.0,8.075880527496338,0.713322639465332,16.39792490005493,0.0,0.0,6.722280144691467,0.6008487939834595,14.052478432655334,0.0,0.0,8.327028274536133,0.7476081848144531,17.325769424438477,0.0,0.0,8.135233402252197,0.7245330810546875,18.848971486091614,0.0,0.0,4.251578092575073,0.6659126281738281,11.166873693466187,0.0,0.0,7.222091436386108,0.6852922439575195,15.967574656009674,0.0,0.0,8.648405849933624,0.7984524369239807,19.446278750896454,0.03923898935317993,0.06433570384979248,7.475703716278076,0.7087011337280273,18.223334312438965,0.0,0.0,5.920341789722443,0.6748993992805481,14.633985102176666,0.0,0.0,5.278894364833832,0.7008346915245056,14.581930458545685,0.0,0.0,10.502759039402008,0.8358910083770752,25.397789537906647,0.06146049499511719,0.2733325958251953,8.768048286437988,0.7181148529052734,18.99469304084778,0.2878708839416504,1.3466968536376953,7.905265808105469,0.6620330810546875,17.15684700012207,0.2357635498046875,1.5930194854736328,10.899424493312836,0.8619229793548584,26.67706835269928,0.02035808563232422,0.0323520302772522,10.771727323532104,0.8894023895263672,23.913963317871094,0.1032525897026062,0.14263981580734253
18,hallucinated,43,0.5849609375,13.983996450901031,0.9450089931488037,34.045977771282196,0.03369170427322388,0.13910776376724243,14.045333802700043,0.9195979833602905,32.593072056770325,0.045564115047454834,0.17118901014328003,14.757970631122589,0.9101996421813965,33.605812668800354,0.026049137115478516,0.059814453125,5.478204727172852,0.4218788146972656,10.82602310180664,0.0,0.0,6.148033142089844,0.5658226013183594,13.454368591308594,0.0,0.0,3.823587417602539,0.42251014709472656,8.543519973754883,0.0,0.0,5.351626396179199,0.7217121124267578,12.948798179626465,0.0,0.0,5.21429443359375,0.5537986755371094,11.337529420852661,0.0,0.0,4.965109825134277,0.4787874221801758,11.811675786972046,0.0,0.0,6.264472961425781,0.513916015625,13.933731079101562,0.0,0.0,6.5876359939575195,0.5057487487792969,13.305230140686035,0.0,0.0,9.283449649810791,0.6508183479309082,17.665222644805908,0.0,0.0,8.602669596672058,0.5798053741455078,16.80851900577545,0.0,0.0,6.866586685180664,0.5343704223632812,14.034235000610352,0.0,0.0,8.582336902618408,0.6429939270019531,19.720463275909424,0.0,0.0,7.5198259353637695,0.6419563293457031,16.55422592163086,0.0,0.0,9.881986618041992,0.7670116424560547,19.687143325805664,0.0,0.0,6.720077991485596,0.5657620429992676,13.340244054794312,0.0,0.0,9.389406681060791,0.6996345520019531,19.065439701080322,0.0,0.0,9.457538604736328,0.6297073364257812,17.610539078712463,0.0,0.0,5.778081655502319,0.6036109924316406,12.553993940353394,0.0,0.0,9.637334823608398,0.7368159294128418,17.959379196166992,0.0,0.0,8.1071115732193,0.6157251596450806,15.437309861183167,0.0,0.0,9.91629695892334,0.7244720458984375,18.915038108825684,0.0,0.0,9.902952432632446,0.7245330810546875,20.616690516471863,0.0,0.0,4.884558916091919,0.6726083755493164,11.799854516983032,0.0,0.0,8.283987760543823,0.6406006813049316,17.02947098016739,0.0,0.0,10.32550436258316,0.8354257941246033,21.12337726354599,0.0,0.0,8.959692478179932,0.7087011337280273,19.70732307434082,0.0,0.0,7.086758673191071,0.6897726655006409,15.800401985645294,0.0,0.0,6.340747714042664,0.7504657506942749,15.643783807754517,0.0,0.0,12.873773753643036,0.8577769994735718,27.768804252147675,0.06146049499511719,0.2733325958251953,10.740944385528564,0.7181148529052734,20.975231647491455,0.2878708839416504,1.3526147603988647,9.845470428466797,0.6620330810546875,19.0931453704834,0.2357635498046875,1.5866518020629883,13.433500468730927,0.8690087795257568,29.220012426376343,0.02035808563232422,0.02948141098022461,13.24734479188919,0.8894023895263672,26.384511411190033,0.12575912475585938,0.1651463508605957
19,grounded,36,0.5771484375,5.160853683948517,0.9434773921966553,28.341814517974854,0.026303470134735107,0.11605715751647949,4.9825804233551025,0.9099721908569336,26.76401799917221,0.0400623083114624,0.1618902087211609,4.970262289047241,0.8921486139297485,27.261761784553528,0.026049137115478516,0.029857754707336426,1.824594497680664,0.4270133972167969,7.834367752075195,0.0,0.0,2.116680145263672,0.5945777893066406,10.776683807373047,0.0,0.0,1.6320133209228516,0.44564247131347656,6.925239562988281,0.0,0.0,1.9535675048828125,0.7151069641113281,10.605325698852539,0.0,0.0,1.8347721099853516,0.48541259765625,8.95212459564209,0.0,0.0,1.7227983474731445,0.49834203720092773,9.542912721633911,0.0,0.0,1.7774887084960938,0.4627227783203125,10.736820220947266,0.0,0.0,2.388916015625,0.48610687255859375,10.257343292236328,0.0,0.0,2.5518569946289062,0.5712966918945312,12.28436279296875,0.0,0.0,2.6128931045532227,0.5515823364257812,12.38854432106018,0.0,0.0,2.5457534790039062,0.5216064453125,10.942768096923828,0.0,0.0,2.753507614135742,0.624359130859375,15.593156814575195,0.0,0.0,2.710020065307617,0.6352462768554688,13.177865982055664,0.0,0.0,3.019145965576172,0.6944732666015625,13.940853118896484,0.0,0.0,2.9682059288024902,0.6266059875488281,10.765763759613037,0.0,0.0,3.3194522857666016,0.7366771697998047,15.28693962097168,0.0,0.0,3.1830320358276367,0.6364355087280273,12.421064734458923,0.0,0.0,2.506904125213623,0.6656041145324707,10.186122417449951,0.0,0.0,3.5874743461608887,0.7838306427001953,12.665080547332764,0.0,0.0,3.265221118927002,0.67340087890625,11.452239513397217,0.0,0.0,3.743075370788574,0.7848587036132812,14.657469749450684,0.0,0.0,3.5684361457824707,0.6722841262817383,16.39857041835785,0.0,0.0,2.302680552005768,0.681955099105835,10.071232378482819,0.0,0.0,3.1584319472312927,0.7469400763511658,13.553634941577911,0.0,0.0,3.7765815258026123,0.7797568440437317,16.31012523174286,0.06110036373138428,0.06110036373138428,2.9979496002197266,0.7086973190307617,15.614113330841064,0.0,0.0,2.5628323554992676,0.6585221290588379,12.507514238357544,0.0,0.0,2.555757462978363,0.7516030669212341,13.25823175907135,0.0,0.0,4.685176610946655,0.8373486995697021,22.510063529014587,0.061183929443359375,0.2740345001220703,3.6394577026367188,0.719879150390625,15.742652893066406,0.2871575355529785,1.406664490699768,3.0551910400390625,0.7224559783935547,13.758939743041992,0.23505783081054688,1.5310649871826172,4.530476450920105,0.851750373840332,23.439652800559998,0.038211822509765625,0.07979762554168701,4.282181620597839,0.8894023895263672,20.224101901054382,0.1230158805847168,0.2028040885925293
19,hallucinated,40,0.6142578125,8.473158061504364,0.9434773921966553,31.6541188955307,0.02905350923538208,0.1244133710861206,8.10693347454071,0.9099721908569336,29.88837105035782,0.0400623083114624,0.1586742401123047,8.426402807235718,0.8921486139297485,30.717902302742004,0.030362486839294434,0.06497335433959961,3.1572751998901367,0.4270133972167969,9.167078971862793,0.0,0.0,3.543365478515625,0.568450927734375,12.203468322753906,0.0,0.0,2.734856605529785,0.45017528533935547,8.028594017028809,0.0,0.0,3.109373092651367,0.7150306701660156,11.760673522949219,0.0,0.0,2.9237289428710938,0.50299072265625,10.041428804397583,0.0,0.0,2.7999534606933594,0.4983534812927246,10.620034456253052,0.0,0.0,3.3973770141601562,0.4627227783203125,12.355419158935547,0.0,0.0,3.8192062377929688,0.4933624267578125,11.68765640258789,0.0,0.0,4.298769950866699,0.5834569931030273,14.03115177154541,0.0,0.0,4.023093223571777,0.5406055450439453,13.801134824752808,0.0,0.0,4.1306047439575195,0.5048751831054688,12.52877140045166,0.0,0.0,4.721299171447754,0.6546974182128906,17.560507774353027,0.0,0.0,4.631504058837891,0.6351203918457031,15.098119735717773,0.0,0.0,4.719076156616211,0.6348514556884766,15.639556884765625,0.0,0.0,4.08989691734314,0.6030128002166748,11.884423971176147,0.0,0.0,5.237831115722656,0.7070083618164062,17.20519256591797,0.0,0.0,5.332845687866211,0.6396160125732422,14.571615815162659,0.0,0.0,3.9378552436828613,0.6032586097717285,11.615541934967041,0.0,0.0,4.895669460296631,0.7504711151123047,13.973418712615967,0.0,0.0,4.521999180316925,0.6376266479492188,12.707681477069855,0.0,0.0,5.956910133361816,0.7405433654785156,16.869912147521973,0.0,0.0,6.234523773193359,0.7847018241882324,19.062732577323914,0.0,0.0,3.5653269290924072,0.6659126281738281,11.333794832229614,0.0,0.0,4.878791928291321,0.7210750579833984,15.273135840892792,0.0,0.0,5.8151403069496155,0.8234309554100037,18.346460461616516,0.0,0.0,4.821820974349976,0.7087011337280273,17.432583570480347,0.0,0.0,4.172823131084442,0.6577407717704773,14.11812037229538,0.0,0.0,4.097576081752777,0.7160128951072693,14.798192799091339,0.0,0.0,7.903577566146851,0.8650069832801819,25.725042939186096,0.06146049499511719,0.2733325958251953,6.351519584655762,0.7195038795471191,18.4496750831604,0.2878708839416504,1.4427118301391602,5.506256103515625,0.7234153747558594,16.204992294311523,0.2357635498046875,1.5481438636779785,7.905153155326843,0.851750373840332,26.80458289384842,0.03404545783996582,0.05618405342102051,7.422886967658997,0.8894023895263672,23.365694284439087,0.1221468448638916,0.1450960636138916
20,grounded,47,0.625,14.558271884918213,0.9419205188751221,36.82227724790573,0.03163337707519531,0.2113242745399475,14.856155514717102,0.9236564636230469,35.96288651227951,0.04344969987869263,0.1371036171913147,15.6684929728508,0.9244370460510254,37.30194455385208,0.032000064849853516,0.07164913415908813,5.544536590576172,0.4393768310546875,11.570982933044434,0.0,0.0,6.609257698059082,0.6291542053222656,15.066756248474121,0.0,0.0,4.947438716888428,0.4489593505859375,10.32659101486206,0.0,0.0,5.587518692016602,0.7190818786621094,14.074274063110352,0.0,0.0,5.5469651222229,0.5615997314453125,12.356735229492188,0.0,0.0,5.259253025054932,0.47762203216552734,12.827013731002808,0.0,0.0,6.463474273681641,0.5151138305664062,15.357458114624023,0.0,0.0,6.848160743713379,0.5613374710083008,14.752144813537598,0.0,0.0,9.091653823852539,0.6858501434326172,18.90753173828125,0.0,0.0,8.828353881835938,0.594332218170166,18.411076307296753,0.0,0.0,6.738079071044922,0.4642448425292969,15.048126220703125,0.0,0.0,8.872479438781738,0.6750526428222656,21.43146800994873,0.0,0.0,7.943882942199707,0.6356716156005859,17.88179874420166,0.0,0.0,9.347043991088867,0.7003936767578125,20.350542068481445,0.0,0.0,7.925539016723633,0.5630569458007812,15.136319875717163,0.0,0.0,10.841055870056152,0.7324981689453125,22.37465763092041,0.0,0.0,10.35709524154663,0.7226758003234863,19.062939763069153,0.0,0.0,7.586542129516602,0.651740550994873,14.951163291931152,0.0,0.0,9.72306203842163,0.7577447891235352,18.6752028465271,0.0,0.0,9.660098254680634,0.6548690795898438,17.687825858592987,0.0,0.0,11.120162725448608,0.7641477584838867,21.906814336776733,0.0,0.0,11.200177133083344,0.8250522017478943,23.44253236055374,0.0,0.0,6.0077598094940186,0.6781368255615234,13.739559888839722,0.0,0.0,9.176287651062012,0.7331104278564453,19.132582664489746,0.0,0.0,10.489121198654175,0.7965449094772339,22.78430026769638,0.0,0.0,9.304489254951477,0.7087011337280273,21.665330052375793,0.0,0.0,7.738686800003052,0.670325517654419,17.513508558273315,0.0,0.0,7.552768051624298,0.7176173329353333,18.30724388360977,0.0,0.0,13.874630451202393,0.8396053314208984,31.437294363975525,0.06146049499511719,0.29708194732666016,11.966149687767029,0.7768397331237793,25.500306487083435,0.2878708839416504,1.2037447094917297,10.85626220703125,0.7369575500488281,23.593412399291992,0.2357635498046875,1.4005522727966309,14.66421663761139,0.8793046474456787,33.919874370098114,0.04577988386154175,0.15613257884979248,14.144166052341461,0.8894023895263672,31.1947700381279,0.08686447143554688,0.24445652961730957
20,hallucinated,44,0.59814453125,12.24973177909851,0.9465173482894897,34.51373714208603,0.029149889945983887,0.2019020915031433,12.400012135505676,0.9169603586196899,33.506743133068085,0.03187471628189087,0.1353735327720642,13.027426958084106,0.9244370460510254,34.66087853908539,0.0267181396484375,0.060064077377319336,4.846977233886719,0.4393768310546875,10.87342357635498,0.0,0.0,5.6890153884887695,0.5917091369628906,14.146513938903809,0.0,0.0,4.52640962600708,0.43199825286865234,9.905561923980713,0.0,0.0,4.921632766723633,0.7190818786621094,13.408388137817383,0.0,0.0,5.105928897857666,0.54522705078125,11.915699005126953,0.0,0.0,4.512423515319824,0.47762203216552734,12.0801842212677,0.0,0.0,5.52313232421875,0.5151138305664062,14.417116165161133,0.0,0.0,6.19997501373291,0.5613374710083008,14.103959083557129,0.0,0.0,7.705560684204102,0.6858501434326172,17.521438598632812,0.0,0.0,7.444239616394043,0.594332218170166,17.02696204185486,0.0,0.0,5.681385040283203,0.474151611328125,13.991432189941406,0.0,0.0,7.333044052124023,0.6750526428222656,19.892032623291016,0.0,0.0,6.820932388305664,0.6341667175292969,16.758848190307617,0.0,0.0,8.011442184448242,0.7003936767578125,19.01494026184082,0.0,0.0,6.739092826843262,0.5747213363647461,13.949873685836792,0.0,0.0,9.096756935119629,0.7324981689453125,20.630358695983887,0.0,0.0,8.781884670257568,0.7226758003234863,17.48772919178009,0.0,0.0,6.790264368057251,0.651740550994873,14.154885530471802,0.0,0.0,8.442333221435547,0.7577447891235352,17.394474029541016,0.0,0.0,8.319504737854004,0.6548690795898438,16.347232341766357,0.0,0.0,9.366389989852905,0.695070743560791,20.15304160118103,0.0,0.0,9.713532388210297,0.8250522017478943,21.955887615680695,0.0,0.0,5.4481446743011475,0.6659126281738281,13.17994475364685,0.0,0.0,8.083671927452087,0.7331104278564453,18.039966940879822,0.0,0.0,9.30137300491333,0.7965449094772339,21.596552073955536,0.0,0.0,7.750113606452942,0.7087011337280273,20.11095440387726,0.0,0.0,6.931568622589111,0.6796526908874512,16.706390380859375,0.0,0.0,6.725143074989319,0.6972463130950928,17.479618906974792,0.0,0.0,11.805749595165253,0.8530427813529968,29.368413507938385,0.06146049499511719,0.29708194732666016,10.216598868370056,0.7768397331237793,23.750755667686462,0.2878708839416504,1.2036738991737366,9.126708984375,0.7369575500488281,21.863859176635742,0.2357635498046875,1.3998003005981445,12.440255582332611,0.8793046474456787,31.695913314819336,0.04577988386154175,0.1660783290863037,11.927003026008606,0.8894023895263672,28.977607011795044,0.08686447143554688,0.2326335906982422
21,grounded,65,0.62890625,12.939417064189911,0.9513691663742065,51.47575104236603,0.019779980182647705,0.14249342679977417,13.292467653751373,0.933991551399231,50.73826062679291,0.044068098068237305,0.14422708749771118,13.798433303833008,0.9396814107894897,52.879357635974884,0.029703497886657715,0.11742669343948364,5.797895431518555,0.46535491943359375,17.51057720184326,0.0,0.0,5.698879241943359,0.5708999633789062,20.615406036376953,0.0,0.0,4.381463050842285,0.4777536392211914,13.291401863098145,0.0,0.0,5.974802017211914,0.7253322601318359,20.346013069152832,0.0,0.0,5.647198677062988,0.5919284820556641,17.749572277069092,0.0,0.0,5.369318008422852,0.6291513442993164,18.89483666419983,0.0,0.0,5.917522430419922,0.5761928558349609,22.80188751220703,0.0,0.0,6.7468743324279785,0.5295753479003906,21.56151819229126,0.0,0.0,8.092532634735107,0.6678094863891602,27.048332691192627,0.0,0.0,8.677296996116638,0.694014310836792,29.33609116077423,0.0,0.0,6.872087478637695,0.5543060302734375,21.86406898498535,0.0,0.0,8.619659423828125,0.6963653564453125,32.398253440856934,0.0,0.0,7.491122245788574,0.6847343444824219,26.636366844177246,0.0,0.0,9.59078073501587,0.7963728904724121,31.623597145080566,0.0,0.0,6.225964069366455,0.6456265449523926,22.00534701347351,0.0,0.0,9.751261711120605,0.7792682647705078,33.7994499206543,0.0,0.0,7.843531131744385,0.6971969604492188,27.062476873397827,0.0,0.0,4.95247745513916,0.6516604423522949,19.12229561805725,0.0,0.0,7.806797027587891,0.7627048492431641,25.245234489440918,0.0,0.0,7.7176783084869385,0.7237892150878906,24.234773874282837,0.0,0.0,9.828385472297668,0.7926769256591797,32.64230930805206,0.0,0.0,9.613296508789062,0.8689098358154297,34.38508349657059,0.0,0.0,4.873990297317505,0.7123305797576904,17.03493106365204,0.0,0.0,7.424102783203125,0.6951923370361328,25.83214771747589,0.0,0.0,8.92009162902832,0.7688601613044739,30.800779163837433,0.0,0.0,8.520586252212524,0.7828989028930664,32.10376191139221,0.0,0.0,6.4669769406318665,0.703362762928009,22.375351011753082,0.0,0.0,6.658844828605652,0.7328118085861206,24.08030277490616,0.0,0.0,12.414679646492004,0.8505039215087891,42.94742262363434,0.061496734619140625,0.2744598388671875,10.62183952331543,0.7959518432617188,30.801737308502197,0.2865424156188965,1.411242961883545,9.886523723602295,0.7786178588867188,27.07952642440796,0.23561668395996094,1.5302035808563232,12.472148299217224,0.8671214580535889,43.90343827009201,0.05274391174316406,0.2814238667488098,12.208684265613556,0.8894290924072266,40.47268670797348,0.14908218383789062,0.37177616357803345
21,hallucinated,67,0.63232421875,14.996309578418732,0.9534836411476135,53.53264355659485,0.04882138967514038,0.2010791301727295,14.88534551858902,0.933991551399231,52.331138491630554,0.04372471570968628,0.12430483102798462,15.584469020366669,0.9396814107894897,54.665393352508545,0.03282660245895386,0.09651303291320801,7.073797225952148,0.4662437438964844,18.786478996276855,0.0,0.0,7.021648406982422,0.5708999633789062,21.938175201416016,0.0,0.0,5.770824432373047,0.478668212890625,14.680763244628906,0.0,0.0,7.001160621643066,0.730463981628418,21.372371673583984,0.0,0.0,6.615479946136475,0.5919284820556641,18.717853546142578,0.0,0.0,5.685408115386963,0.6178369522094727,19.21092677116394,0.0,0.0,6.80885124206543,0.5761928558349609,23.69321632385254,0.0,0.0,7.739662170410156,0.5652999877929688,22.554306030273438,0.0,0.0,8.513343811035156,0.6678094863891602,27.469143867492676,0.0,0.0,9.373753666877747,0.694014310836792,30.03254783153534,0.0,0.0,7.755001068115234,0.5432357788085938,22.74698257446289,0.0,0.0,9.409612655639648,0.6955051422119141,33.18820667266846,0.0,0.0,8.378061294555664,0.6936874389648438,27.523305892944336,0.0,0.0,10.28833293914795,0.7963728904724121,32.32114934921265,0.0,0.0,7.394433975219727,0.6450328826904297,23.173816919326782,0.0,0.0,10.801176071166992,0.8087100982666016,34.849364280700684,0.0,0.0,9.090594291687012,0.6851539611816406,28.309540033340454,0.0,0.0,5.704908132553101,0.6864910125732422,19.87472629547119,0.0,0.0,8.827611923217773,0.7627048492431641,26.2660493850708,0.0,0.0,8.377098560333252,0.668792724609375,24.89419412612915,0.0,0.0,10.95996356010437,0.8220059871673584,33.773887395858765,0.0,0.0,10.862179279327393,0.8621671199798584,35.63396626710892,0.0,0.0,5.7841938734054565,0.6847245693206787,17.94513463973999,0.0,0.0,8.948453903198242,0.6951923370361328,27.35649883747101,0.0,0.0,10.315984964370728,0.7657320499420166,32.19667249917984,0.0,0.0,9.86076545715332,0.7828989028930664,33.44394111633301,0.0,0.0,7.646936357021332,0.7073578238487244,23.555310428142548,0.0,0.0,7.724685430526733,0.7208837866783142,25.14614337682724,0.0,0.0,14.091720819473267,0.8700194358825684,44.6244637966156,0.061496734619140625,0.2744598388671875,12.255413055419922,0.8005504608154297,32.433090686798096,0.2865424156188965,1.4088008999824524,11.545974731445312,0.7995147705078125,28.72599983215332,0.23561668395996094,1.4820783138275146,14.081328451633453,0.8787155151367188,45.516635060310364,0.05609893798828125,0.1856512427330017,13.709295332431793,0.8894290924072266,41.96858471632004,0.14990615844726562,0.25786805152893066
22,grounded,41,0.6201171875,6.6256619691848755,0.9394751787185669,32.31838822364807,0.017392337322235107,0.09957456588745117,6.561282634735107,0.9228680729866028,30.66426372528076,0.041082024574279785,0.11568725109100342,6.675096571445465,0.9074293375015259,31.34693020582199,0.026049137115478516,0.051977694034576416,2.6394901275634766,0.41771888732910156,9.67743968963623,0.0,0.0,3.0325374603271484,0.5869884490966797,12.091450691223145,0.0,0.0,2.060178756713867,0.45662498474121094,8.111772537231445,0.0,0.0,2.96270751953125,0.7263908386230469,12.077746391296387,0.0,0.0,2.7366981506347656,0.5151519775390625,10.637506246566772,0.0,0.0,2.766812324523926,0.6085796356201172,11.251003980636597,0.0,0.0,3.2765159606933594,0.5019683837890625,12.896076202392578,0.0,0.0,3.4202308654785156,0.5387115478515625,12.280454635620117,0.0,0.0,3.8226890563964844,0.60882568359375,14.909394264221191,0.0,0.0,4.36774218082428,0.667414665222168,15.665114521980286,0.0,0.0,3.1276283264160156,0.5370521545410156,12.222820281982422,0.0,0.0,4.396207332611084,0.7772002220153809,19.554870128631592,0.0,0.0,3.931690216064453,0.6744308471679688,16.305570602416992,0.0,0.0,4.8428802490234375,0.7839202880859375,17.975196838378906,0.0,0.0,3.735836982727051,0.6185827255249023,13.375385642051697,0.0,0.0,4.393407821655273,0.7233352661132812,18.82255744934082,0.0,0.0,4.988705158233643,0.7281494140625,16.984630823135376,0.0,0.0,3.1115314960479736,0.6680271625518799,11.976954340934753,0.0,0.0,5.25001072883606,0.7412805557250977,16.891745805740356,0.0,0.0,4.36069393157959,0.6703815460205078,14.237115859985352,0.0,0.0,4.6912007331848145,0.7317008972167969,17.486660480499268,0.0,0.0,4.789316177368164,0.7713680267333984,19.863466143608093,0.0,0.0,2.754556655883789,0.6747546195983887,11.832220077514648,0.0,0.0,3.944082498550415,0.7172346115112305,15.97763341665268,0.0,0.0,5.3245474100112915,0.7936172485351562,19.586600720882416,0.0,0.0,3.8404808044433594,0.7087011337280273,18.384469509124756,0.0,0.0,3.459227502346039,0.6778334975242615,14.749143779277802,0.0,0.0,3.3437845706939697,0.7553393840789795,15.048369407653809,0.0,0.0,6.195366859436035,0.8373804092407227,25.42520385980606,0.06146049499511719,0.278204083442688,4.867338180541992,0.7112102508544922,16.586202383041382,0.2878708839416504,1.3765242099761963,4.429298400878906,0.681182861328125,14.812257766723633,0.2357635498046875,1.5135893821716309,6.190545499324799,0.851750373840332,26.364542722702026,0.02068382501602173,0.02068382501602173,5.751222133636475,0.8894023895263672,22.839037358760834,0.134796142578125,0.2699153423309326
22,hallucinated,41,0.63232421875,6.7714763879776,0.9394751787185669,32.464202642440796,0.017392337322235107,0.12428796291351318,6.58012717962265,0.9228680729866028,30.683108270168304,0.04186379909515381,0.11646902561187744,6.693789422512054,0.9074293375015259,31.36562305688858,0.026049137115478516,0.05159825086593628,2.7790908813476562,0.43479156494140625,9.81704044342041,0.0,0.0,2.8751869201660156,0.5810356140136719,11.934100151062012,0.0,0.0,2.2982282638549805,0.46460628509521484,8.349822044372559,0.0,0.0,2.703150749206543,0.7179889678955078,11.81818962097168,0.0,0.0,2.4131174087524414,0.5151519775390625,10.313925504684448,0.0,0.0,2.523834705352783,0.5503616333007812,11.008026361465454,0.0,0.0,2.894693374633789,0.5019683837890625,12.514253616333008,0.0,0.0,3.238307476043701,0.5213584899902344,12.098531246185303,0.0,0.0,3.5100059509277344,0.60882568359375,14.596711158752441,0.0,0.0,4.14996725320816,0.6567573547363281,15.447339594364166,0.0,0.0,3.3196029663085938,0.5442657470703125,12.414794921875,0.0,0.0,4.283697128295898,0.728363037109375,19.442359924316406,0.0,0.0,3.743947982788086,0.669769287109375,16.117828369140625,0.0,0.0,4.316529273986816,0.7169933319091797,17.448845863342285,0.0,0.0,3.8229475021362305,0.6055068969726562,13.462496161460876,0.0,0.0,4.521947860717773,0.7067031860351562,18.95109748840332,0.0,0.0,4.896083354949951,0.7094645500183105,16.892009019851685,0.0,0.0,3.0748536586761475,0.6337049007415771,11.940276503562927,0.0,0.0,5.349476933479309,0.7412805557250977,16.991212010383606,0.0,0.0,4.383719444274902,0.6760215759277344,14.260141372680664,0.0,0.0,4.651299715042114,0.7501373291015625,17.446759462356567,0.0,0.0,4.914826393127441,0.7751102447509766,19.98897635936737,0.0,0.0,2.910336494445801,0.6681907176971436,11.98799991607666,0.0,0.0,3.938617706298828,0.7022857666015625,15.972168624401093,0.0,0.0,4.876452624797821,0.7913886308670044,19.138505935668945,0.0,0.0,3.9048023223876953,0.7087011337280273,18.448791027069092,0.0,0.0,3.497809112071991,0.6945416331291199,14.787725389003754,0.0,0.0,3.4130876064300537,0.7551143169403076,15.117672443389893,0.0,0.0,6.322258353233337,0.8439923524856567,25.552095353603363,0.06146049499511719,0.278204083442688,5.022802352905273,0.7518777847290039,16.741666555404663,0.2878708839416504,1.4007888436317444,4.563283920288086,0.7748889923095703,14.950912475585938,0.2357635498046875,1.5343363285064697,6.29437255859375,0.8658742904663086,26.467163383960724,0.029269516468048096,0.029269516468048096,5.672461748123169,0.8894023895263672,22.758441150188446,0.1417837142944336,0.2188047170639038
23,grounded,49,0.56494140625,6.569213092327118,0.9528329968452454,38.44739365577698,0.06007719039916992,0.13984256982803345,6.540164530277252,0.9265267252922058,37.22755807638168,0.040529727935791016,0.1744028925895691,6.754674077033997,0.927370548248291,38.6850283741951,0.026049137115478516,0.0818893313407898,2.3038406372070312,0.44269561767578125,11.750253200531006,0.0,0.0,2.888090133666992,0.6400814056396484,14.765298843383789,0.0,0.0,1.9612245559692383,0.4594392776489258,9.257840156555176,0.0,0.0,2.58884334564209,0.7273740768432617,14.05956745147705,0.0,0.0,2.4510583877563477,0.5301570892333984,12.02755880355835,0.0,0.0,2.5032143592834473,0.5574131011962891,13.287821531295776,0.0,0.0,2.6036834716796875,0.48743629455566406,15.808822631835938,0.0,0.0,3.339592933654785,0.5346870422363281,15.077031373977661,0.0,0.0,3.7485198974609375,0.5935134887695312,18.853620529174805,0.0,0.0,4.223322629928589,0.6748957633972168,19.69886887073517,0.0,0.0,3.5864105224609375,0.6130943298339844,15.753276824951172,0.0,0.0,4.295935153961182,0.7151851654052734,23.75350785255432,0.0,0.0,3.56919002532959,0.6432976722717285,19.62610960006714,0.0,0.0,4.152494430541992,0.7992153167724609,22.013679027557373,0.0,0.0,3.8992128372192383,0.6439447402954102,16.71211612224579,0.0,0.0,4.594268798828125,0.7893164157867432,23.46222233772278,0.0,0.0,4.073758602142334,0.702237606048584,19.76203441619873,0.0,0.0,2.7989752292633057,0.6393132209777832,13.690011501312256,0.0,0.0,4.223842978477478,0.7299251556396484,21.077557921409607,0.0,0.0,3.5702685117721558,0.6378763914108276,18.129922747612,0.0,0.0,4.347214221954346,0.7759666442871094,22.152997255325317,0.0,0.0,4.536917686462402,0.836825966835022,25.492167234420776,0.0,0.0,2.576669692993164,0.6802768707275391,13.666838884353638,0.0,0.0,3.3267674446105957,0.6578359603881836,19.278300285339355,0.0,0.0,4.345289409160614,0.7973320484161377,23.234232127666473,0.04319518804550171,0.04319518804550171,3.428762435913086,0.7189817428588867,23.08680534362793,0.0,0.0,2.7182697653770447,0.6490883231163025,17.10412174463272,0.0,0.0,2.929840564727783,0.7536005973815918,18.06418514251709,0.0,0.0,6.148988485336304,0.8343772888183594,30.843842267990112,0.06146049499511719,0.27745574712753296,4.939711570739746,0.7172393798828125,20.721680641174316,0.2878708839416504,1.519875943660736,4.48040771484375,0.70733642578125,18.42219352722168,0.2357635498046875,1.6711673736572266,6.088668644428253,0.851750373840332,32.03773295879364,0.07313346862792969,0.09188127517700195,5.5490899085998535,0.8894023895263672,28.624231576919556,0.1383380889892578,0.3553735613822937
23,hallucinated,48,0.56884765625,6.038957238197327,0.9528329968452454,37.917137801647186,0.06007719039916992,0.15878015756607056,5.734113454818726,0.9265267252922058,36.42150700092316,0.03671002388000488,0.14786934852600098,5.826990306377411,0.927370548248291,37.75734460353851,0.026049137115478516,0.06362038850784302,2.2228946685791016,0.44269561767578125,11.669307231903076,0.0,0.0,2.7427330017089844,0.6023826599121094,14.619941711425781,0.0,0.0,2.017364501953125,0.49512481689453125,9.313980102539062,0.0,0.0,2.4652185440063477,0.7604799270629883,13.935942649841309,0.0,0.0,2.3605566024780273,0.5301570892333984,11.93705701828003,0.0,0.0,2.472224712371826,0.5082015991210938,13.256831884384155,0.0,0.0,2.6795005798339844,0.48743629455566406,15.884639739990234,0.0,0.0,3.149372100830078,0.5586261749267578,14.886810541152954,0.0,0.0,3.3097572326660156,0.60076904296875,18.414857864379883,0.0,0.0,3.5450661182403564,0.6455230712890625,19.020612359046936,0.0,0.0,2.9017333984375,0.5624237060546875,15.068599700927734,0.0,0.0,3.8019351959228516,0.7151851654052734,23.25950789451599,0.0,0.0,3.422945022583008,0.7209873199462891,19.479864597320557,0.0,0.0,4.022733688354492,0.7854881286621094,21.883918285369873,0.0,0.0,3.4797556400299072,0.6520555019378662,16.292658925056458,0.0,0.0,4.103122711181641,0.7893164157867432,22.971076250076294,0.0,0.0,3.817678451538086,0.657684326171875,19.505954265594482,0.0,0.0,2.6822509765625,0.6393132209777832,13.57328724861145,0.0,0.0,3.9885756969451904,0.7299251556396484,20.84229063987732,0.0,0.0,3.307363450527191,0.6202573776245117,17.867017686367035,0.0,0.0,3.776012420654297,0.7526018619537354,21.58179545402527,0.0,0.0,3.841712474822998,0.836825966835022,24.796962022781372,0.0,0.0,2.3415721654891968,0.6659126281738281,13.43174135684967,0.0,0.0,2.9030208587646484,0.6578359603881836,18.854553699493408,0.0,0.0,4.076951801776886,0.7796807885169983,22.965894520282745,0.0,0.0,2.990814208984375,0.7189817428588867,22.64885711669922,0.0,0.0,2.659574866294861,0.6774085760116577,17.045426845550537,0.0,0.0,2.8161497116088867,0.710820198059082,17.950494289398193,0.0,0.0,5.380453288555145,0.8330440521240234,30.075307071208954,0.06146049499511719,0.27745574712753296,4.274985313415527,0.7542095184326172,20.043740272521973,0.2878708839416504,1.5647109150886536,3.8666839599609375,0.7478408813476562,17.774595260620117,0.2357635498046875,1.7084650993347168,5.1217140555381775,0.8636512756347656,31.07486653327942,0.07110023498535156,0.1813141107559204,4.658036231994629,0.8894023895263672,27.716678619384766,0.13951492309570312,0.4519398808479309
24,grounded,49,0.60595703125,10.577294528484344,0.9442240595817566,38.51383197307587,0.03305584192276001,0.11844110488891602,10.818540096282959,0.9167445302009583,37.64571410417557,0.03283345699310303,0.13861292600631714,11.159797430038452,0.9119247198104858,38.87623780965805,0.026125609874725342,0.13479799032211304,3.938812255859375,0.43085479736328125,12.394775390625,0.0,0.0,4.640743255615234,0.5751419067382812,15.063417434692383,0.0,0.0,3.0640268325805664,0.4445953369140625,9.94482135772705,0.0,0.0,3.886075973510742,0.7334671020507812,13.898178100585938,0.0,0.0,4.110476970672607,0.6178932189941406,13.035468339920044,0.0,0.0,4.231305956840515,0.49704647064208984,13.278694748878479,0.0,0.0,4.954580307006836,0.4798583984375,15.954526901245117,0.0,0.0,5.802471160888672,0.5391426086425781,15.715799331665039,0.0,0.0,7.051048278808594,0.6411685943603516,19.303110122680664,0.0,0.0,7.517364978790283,0.6769499778747559,20.664251506328583,0.0,0.0,6.133018493652344,0.596710205078125,16.691265106201172,0.0,0.0,7.2249016761779785,0.7441673278808594,24.18459987640381,0.0,0.0,6.502323150634766,0.6452734470367432,19.654549837112427,0.0,0.0,8.396435737609863,0.7795486450195312,22.863987922668457,0.0,0.0,6.5897016525268555,0.6198997497558594,17.04142677783966,0.0,0.0,7.881191730499268,0.7610397338867188,23.552963495254517,0.0,0.0,7.674722671508789,0.7020359039306641,19.282963037490845,0.0,0.0,5.480519771575928,0.6260337829589844,14.954933643341064,0.0,0.0,8.37427306175232,0.8287017345428467,20.722458600997925,0.0,0.0,7.12910783290863,0.6891155242919922,18.352060198783875,0.0,0.0,8.51263177394867,0.7842941284179688,22.517648100852966,0.0,0.0,8.432541847229004,0.7385520935058594,24.624280214309692,0.0,0.0,4.300931811332703,0.6659126281738281,13.453755974769592,0.0,0.0,7.441132545471191,0.7539558410644531,19.410752773284912,0.0,0.0,8.401799261569977,0.8007875680923462,23.967515230178833,0.047945261001586914,0.047945261001586914,6.964633941650391,0.7164897918701172,21.994155406951904,0.0,0.0,5.298566818237305,0.6560168266296387,16.584802329540253,0.008565425872802734,0.008565425872802734,5.0149736404418945,0.7665548324584961,17.083046674728394,0.0,0.0,9.844522893428802,0.8405570983886719,30.36566400527954,0.06146049499511719,0.27977097034454346,7.963527679443359,0.6851959228515625,20.463027000427246,0.2878708839416504,1.396773874759674,7.155830383300781,0.6620330810546875,17.738618850708008,0.2357635498046875,1.5375359058380127,9.883694171905518,0.851750373840332,32.00588035583496,0.031475067138671875,0.06912142038345337,9.51798540353775,0.8894023895263672,28.371759593486786,0.1502976417541504,0.2915089726448059
24,hallucinated,47,0.6376953125,8.995674729347229,0.9427438378334045,36.93221217393875,0.030153989791870117,0.11250197887420654,9.15335214138031,0.9167445302009583,35.98052614927292,0.03904944658279419,0.11914443969726562,9.415123760700226,0.9147663116455078,37.131564140319824,0.026049137115478516,0.11423969268798828,3.1364479064941406,0.4122886657714844,11.592411041259766,0.0,0.0,3.891925811767578,0.5751419067382812,14.314599990844727,0.0,0.0,3.045743942260742,0.48073577880859375,9.926538467407227,0.0,0.0,3.435000419616699,0.7334671020507812,13.447102546691895,0.0,0.0,3.6135740280151367,0.6178932189941406,12.538565397262573,0.0,0.0,3.3047131299972534,0.49180030822753906,12.352101922035217,0.0,0.0,3.73883056640625,0.504364013671875,14.738777160644531,0.0,0.0,4.744258880615234,0.5212211608886719,14.657587051391602,0.0,0.0,5.348183631896973,0.6626596450805664,17.600245475769043,0.0,0.0,5.607879400253296,0.6477689743041992,18.754765927791595,0.0,0.0,4.891958236694336,0.5605201721191406,15.450204849243164,0.0,0.0,5.40553092956543,0.7441673278808594,22.36522912979126,0.0,0.0,5.35212516784668,0.6452734470367432,18.50435185432434,0.0,0.0,6.250855207443237,0.7795486450195312,20.71840739250183,0.0,0.0,5.657504081726074,0.6198997497558594,16.10922920703888,0.0,0.0,6.763396263122559,0.7604789733886719,22.435168027877808,0.0,0.0,6.861146926879883,0.7020359039306641,18.46938729286194,0.0,0.0,4.993615627288818,0.6260337829589844,14.468029499053955,0.0,0.0,7.284032583236694,0.8287017345428467,19.6322181224823,0.0,0.0,6.031956911087036,0.7042121887207031,17.25490927696228,0.0,0.0,7.180986166000366,0.7667884826660156,21.186002492904663,0.0,0.0,6.989475727081299,0.8054850101470947,23.181214094161987,0.0,0.0,3.9780179262161255,0.6659126281738281,13.130842089653015,0.0,0.0,6.16163969039917,0.7139034271240234,18.13125991821289,0.0,0.0,7.089658737182617,0.8007875680923462,22.655374705791473,0.0,0.0,6.134326934814453,0.7164897918701172,21.163848400115967,0.0,0.0,4.741132378578186,0.6760002374649048,16.027367889881134,0.0,0.0,4.510549068450928,0.7295660972595215,16.578622102737427,0.0,0.0,8.482917666435242,0.8345947265625,29.00405877828598,0.06146049499511719,0.27977097034454346,6.866916656494141,0.6981735229492188,19.376150131225586,0.2878708839416504,1.3769142031669617,6.2506866455078125,0.7299575805664062,16.833215713500977,0.2357635498046875,1.5024642944335938,8.382377088069916,0.8626821041107178,30.514141261577606,0.04545021057128906,0.11741089820861816,7.928372144699097,0.8894023895263672,26.786646246910095,0.15729570388793945,0.38668131828308105
25,grounded,46,0.61328125,13.954399228096008,0.9456674456596375,36.480480670928955,0.02964627742767334,0.09011983871459961,13.971858441829681,0.9237926602363586,34.99261391162872,0.032577693462371826,0.10190021991729736,14.57321548461914,0.9162023067474365,35.931349992752075,0.026049137115478516,0.0843387246131897,5.415283679962158,0.43656158447265625,11.768919467926025,0.0,0.0,5.780548095703125,0.5932426452636719,14.005447387695312,0.0,0.0,3.6614742279052734,0.46474266052246094,9.059755325317383,0.0,0.0,5.047433853149414,0.7354793548583984,13.373586654663086,0.0,0.0,4.815180778503418,0.580291748046875,11.949150562286377,0.0,0.0,5.315338134765625,0.5047740936279297,12.769659757614136,0.0,0.0,6.2637739181518555,0.5008621215820312,14.912985801696777,0.0,0.0,6.205851078033447,0.5991706848144531,13.797041416168213,0.0,0.0,8.233426094055176,0.6422233581542969,17.779580116271973,0.0,0.0,9.49799919128418,0.6872825622558594,18.907031774520874,0.0,0.0,7.218599319458008,0.5773124694824219,15.540872573852539,0.0,0.0,9.59355640411377,0.7333259582519531,22.240944862365723,0.0,0.0,8.65915298461914,0.6868686676025391,18.86283588409424,0.0,0.0,10.389452934265137,0.7458114624023438,21.183598041534424,0.0,0.0,8.243659019470215,0.653505802154541,15.890940845012665,0.0,0.0,11.062142610549927,0.7641925811767578,22.862180590629578,0.0,0.0,10.513660907745361,0.7573947906494141,19.285173773765564,0.0,0.0,6.436410903930664,0.6313228607177734,14.203590393066406,0.0,0.0,9.850261688232422,0.7096767425537109,18.720803260803223,0.0,0.0,8.026974439620972,0.6368064880371094,15.808521032333374,0.0,0.0,11.683532953262329,0.8246629238128662,22.423893213272095,0.0,0.0,11.036369323730469,0.807104229927063,23.48406684398651,0.0,0.0,5.562362432479858,0.6724286079406738,13.445072412490845,0.0,0.0,9.635306000709534,0.7845324277877808,19.40622389316559,0.0014922618865966797,0.0014922618865966797,11.12746125459671,0.8127837181091309,23.165634334087372,0.0,0.0,8.906723082065582,0.7087011337280273,20.650102198123932,0.0,0.0,6.763740658760071,0.6824138164520264,15.887298941612244,0.0,0.0,5.973879337310791,0.7093546390533447,16.04846501350403,0.0,0.0,12.762767314910889,0.8300853967666626,28.94601058959961,0.06146049499511719,0.27962833642959595,10.49702262878418,0.7233009338378906,21.317173957824707,0.2878708839416504,1.4317764043807983,9.418975830078125,0.6938323974609375,18.84501838684082,0.2357635498046875,1.5382466316223145,12.51357877254486,0.851750373840332,29.908118546009064,0.09179270267486572,0.30087900161743164,12.137849688529968,0.8894023895263672,26.77933132648468,0.11951017379760742,0.49248456954956055
25,hallucinated,45,0.625,13.188978910446167,0.9412664771080017,35.715060353279114,0.02964627742767334,0.14545130729675293,13.177830338478088,0.9217400550842285,34.19858580827713,0.043466389179229736,0.17079371213912964,13.597336649894714,0.9202063083648682,34.95547115802765,0.026049137115478516,0.04654818773269653,4.620491027832031,0.4594154357910156,10.974126815795898,0.0,0.0,5.594184875488281,0.616790771484375,13.819084167480469,0.0,0.0,4.698786735534668,0.5000810623168945,10.097067832946777,0.0,0.0,5.191248893737793,0.7354793548583984,13.517401695251465,0.0,0.0,5.0364532470703125,0.5706272125244141,12.170423030853271,0.0,0.0,4.512162685394287,0.5047740936279297,11.966484308242798,0.0,0.0,5.097938537597656,0.4627227783203125,13.747150421142578,0.0,0.0,5.800050735473633,0.5369491577148438,13.391241073608398,0.0,0.0,7.151201248168945,0.6532859802246094,16.697355270385742,0.0,0.0,7.310356616973877,0.6033039093017578,16.71938920021057,0.0,0.0,6.135108947753906,0.5934715270996094,14.457382202148438,0.0,0.0,7.95536994934082,0.7532215118408203,20.602758407592773,0.0,0.0,7.577822685241699,0.6809005737304688,17.781505584716797,0.0,0.0,8.67915964126587,0.7808055877685547,19.473304748535156,0.0,0.0,7.804265022277832,0.6161513328552246,15.451546847820282,0.0,0.0,9.36022001504898,0.7611808776855469,21.16025799512863,0.0,0.0,8.89326286315918,0.6912727355957031,17.664775729179382,0.0,0.0,6.845769643783569,0.6313228607177734,14.612949132919312,0.0,0.0,8.509973287582397,0.7795414924621582,17.3805148601532,0.0,0.0,7.0048752427101135,0.6911430358886719,14.786421835422516,0.0,0.0,9.894470632076263,0.828127384185791,20.63483089208603,0.0,0.0,9.525283336639404,0.8288407325744629,21.972980856895447,0.0,0.0,6.108511507511139,0.6724286079406738,13.991221487522125,0.0,0.0,7.886105716228485,0.7818074226379395,17.65702360868454,0.0,0.0,9.933811068534851,0.8243451118469238,21.971984148025513,0.015142202377319336,0.015142202377319336,7.3418402671813965,0.7087011337280273,19.085219383239746,0.0,0.0,5.638173460960388,0.6925252676010132,14.761731743812561,0.0,0.0,5.919262588024139,0.7093546390533447,15.993848264217377,0.0,0.0,11.903740286827087,0.829811692237854,28.086983561515808,0.06146049499511719,0.27962833642959595,9.53354787826538,0.7071304321289062,20.340424060821533,0.2878708839416504,1.497659683227539,8.723297119140625,0.6620330810546875,18.143404006958008,0.2357635498046875,1.6386511325836182,11.32980352640152,0.851750373840332,28.72689914703369,0.09013998508453369,0.4480959177017212,11.410674571990967,0.8894023895263672,26.077483415603638,0.12428784370422363,0.5868244171142578
26,grounded,51,0.67724609375,14.835624396800995,0.9436967372894287,40.46172487735748,0.023705720901489258,0.15400630235671997,14.720786809921265,0.9232966899871826,38.99489241838455,0.05716419219970703,0.24999749660491943,15.257039666175842,0.9157958030700684,40.14338976144791,0.026049137115478516,0.038094937801361084,5.319791793823242,0.45363807678222656,12.752992630004883,0.0,0.0,6.310886383056641,0.5876483917236328,16.058975219726562,0.0,0.0,5.259984970092773,0.4945869445800781,11.422210693359375,0.0,0.0,5.828663349151611,0.7225475311279297,15.141228199005127,0.0,0.0,5.223025321960449,0.5313987731933594,13.107336282730103,0.0,0.0,4.901243686676025,0.4662132263183594,13.26077389717102,0.0,0.0,6.491700172424316,0.537445068359375,17.227375030517578,0.0,0.0,6.223257064819336,0.5124549865722656,14.91811752319336,0.0,0.0,7.541864395141602,0.6573905944824219,18.590524673461914,0.0,0.0,8.614884614944458,0.6201245784759521,19.822592735290527,0.0,0.0,7.304481506347656,0.543731689453125,17.09185791015625,0.0,0.0,10.024250030517578,0.7356510162353516,24.877389907836914,0.0,0.0,9.252941608428955,0.6544923782348633,21.250627994537354,0.0,0.0,11.116768836975098,0.8103599548339844,24.064420700073242,0.0,0.0,8.48521614074707,0.6362252235412598,16.404447436332703,0.0,0.0,10.458039283752441,0.7836399078369141,23.88502311706543,0.0,0.0,10.350130081176758,0.7648525238037109,20.259869694709778,0.0,0.0,8.911043167114258,0.7107183337211609,17.05215620994568,0.0,0.0,9.407971620559692,0.7237997055053711,18.916192293167114,0.0,0.0,9.016472935676575,0.7073707580566406,18.054895043373108,0.0,0.0,10.26459789276123,0.7311820983886719,22.50902795791626,0.0,0.0,10.0622239112854,0.803654670715332,23.906514048576355,0.0,0.0,6.0468127727508545,0.6659126281738281,14.410733938217163,0.0,0.0,8.153166770935059,0.6728529930114746,18.956525564193726,0.0,0.0,9.69130951166153,0.8173243999481201,22.57845175266266,0.0,0.0,8.810053825378418,0.7386512756347656,21.757254600524902,0.0,0.0,6.345309674739838,0.6993288397789001,16.100633800029755,0.0,0.0,5.876338481903076,0.6933855414390564,16.907099902629852,0.0,0.0,13.362476825714111,0.8145551681518555,31.483836472034454,0.06146049499511719,0.2734255790710449,10.767988681793213,0.6871132850646973,22.43888020515442,0.2878708839416504,1.4924675226211548,10.169540405273438,0.6620330810546875,20.14423179626465,0.2357635498046875,1.6385602951049805,13.307338774204254,0.8529050350189209,33.757871210575104,0.08498436212539673,0.24542731046676636,12.863988280296326,0.8894023895263672,30.46260941028595,0.1302962303161621,0.5506343245506287
26,hallucinated,50,0.6953125,14.116497695446014,0.9436967372894287,39.7425981760025,0.02131444215774536,0.14560753107070923,14.105240762233734,0.9219768047332764,38.37934637069702,0.058061420917510986,0.22769850492477417,14.556406736373901,0.9157958030700684,39.442756831645966,0.026049137115478516,0.04014056921005249,5.663370132446289,0.44319725036621094,13.09657096862793,0.0,0.0,6.525291442871094,0.594207763671875,16.273380279541016,0.0,0.0,5.354142189025879,0.48883628845214844,11.51636791229248,0.0,0.0,5.883105039596558,0.7370204925537109,15.195669889450073,0.0,0.0,5.9597086906433105,0.5411686897277832,13.844019651412964,0.0,0.0,4.856315612792969,0.46580076217651367,13.215845823287964,0.0,0.0,6.497989654541016,0.537445068359375,17.233664512634277,0.0,0.0,6.528434753417969,0.5366477966308594,15.223295211791992,0.0,0.0,8.195365905761719,0.6166610717773438,19.24402618408203,0.0,0.0,8.835338234901428,0.6279072761535645,20.043046355247498,0.0,0.0,6.9811201095581055,0.5303382873535156,16.7684965133667,0.0,0.0,9.440389633178711,0.7155876159667969,24.293529510498047,0.0,0.0,8.785424709320068,0.6544923782348633,20.783111095428467,0.0,0.0,10.066219329833984,0.7404365539550781,23.01387119293213,0.0,0.0,7.682336091995239,0.6248009204864502,15.601567387580872,0.0,0.0,9.959375143051147,0.7727136611938477,23.386358976364136,0.0,0.0,9.681386470794678,0.7359380722045898,19.591126084327698,0.0,0.0,9.202146828174591,0.7020217180252075,17.343259871006012,0.0,0.0,9.42059063911438,0.7316617965698242,18.9288113117218,0.0,0.0,9.220135271549225,0.6866950988769531,18.258557379245758,0.0,0.0,10.019118547439575,0.7442102432250977,22.263548612594604,0.0,0.0,9.911818027496338,0.8244571685791016,23.756108164787292,0.0,0.0,6.399686574935913,0.6659126281738281,14.763607740402222,0.0,0.0,8.333659052848816,0.7047119140625,19.137017846107483,0.0,0.0,9.71740734577179,0.8173243999481201,22.60454958677292,0.0,0.0,8.43328595161438,0.7087011337280273,21.380486726760864,0.0,0.0,6.363949298858643,0.7007288932800293,16.11927342414856,0.0,0.0,6.155129432678223,0.6933855414390564,17.185890853405,0.0,0.0,13.013149976730347,0.8187007904052734,31.13450962305069,0.06146049499511719,0.2734255790710449,10.601100444793701,0.7219843864440918,22.284374475479126,0.2878708839416504,1.413272738456726,9.864501953125,0.6913909912109375,19.8436336517334,0.2357635498046875,1.5361762046813965,12.79723834991455,0.851750373840332,33.25006204843521,0.04827117919921875,0.10920476913452148,12.524265766143799,0.8894023895263672,30.110212326049805,0.13055753707885742,0.28319889307022095
27,grounded,46,0.67822265625,13.05261218547821,0.9460017085075378,36.30045610666275,0.04115039110183716,0.14505428075790405,13.132859945297241,0.9169601202011108,34.894509077072144,0.040967345237731934,0.14918994903564453,13.886296451091766,0.9085874557495117,36.29289275407791,0.026049137115478516,0.0683179497718811,5.481925964355469,0.48856353759765625,12.299699783325195,0.0,0.0,6.029808044433594,0.5880546569824219,14.645454406738281,0.0,0.0,4.002908706665039,0.47451210021972656,9.561380386352539,0.0,0.0,5.803836822509766,0.7276649475097656,14.52962875366211,0.0,0.0,5.150434255599976,0.5628776550292969,12.349570274353027,0.0,0.0,5.20206356048584,0.626060962677002,13.259798288345337,0.0,0.0,6.351423263549805,0.5429344177246094,15.115201950073242,0.0,0.0,6.209846496582031,0.5043907165527344,14.148307800292969,0.0,0.0,8.014129638671875,0.6446762084960938,18.213926315307617,0.0,0.0,7.260313451290131,0.6115150451660156,17.454450249671936,0.0,0.0,7.025552988052368,0.5225296020507812,15.434900522232056,0.0,0.0,8.747933268547058,0.7789649963378906,22.240018725395203,0.0,0.0,8.47911787033081,0.7101726531982422,19.65122652053833,0.0,0.0,8.008480548858643,0.764007568359375,19.58321523666382,0.0,0.0,7.165520191192627,0.5930137634277344,15.41260027885437,0.0,0.0,9.162067651748657,0.7511217594146729,21.22774910926819,0.0,0.0,8.690462112426758,0.6753997802734375,18.270638942718506,0.0,0.0,6.1083667278289795,0.6317834854125977,14.016088247299194,0.0,0.0,8.26629090309143,0.6947364807128906,18.584516763687134,0.0,0.0,6.631563305854797,0.6058197021484375,15.878405690193176,0.0,0.0,9.873389601707458,0.7864170074462891,21.316501021385193,0.0,0.0,9.628674149513245,0.8492506742477417,22.93013620376587,0.03945881128311157,0.05351382493972778,5.865930438041687,0.6686508655548096,13.889668047428131,0.0,0.0,7.828856825828552,0.7218505144119263,18.470273971557617,0.0,0.0,8.478719234466553,0.7982063889503479,21.42986309528351,0.0,0.0,7.411801338195801,0.7521939277648926,20.814072132110596,0.0,0.0,5.739459037780762,0.6624197959899902,15.922292947769165,0.0,0.0,6.54258394241333,0.7257246971130371,17.176938354969025,0.0,0.0,12.103101968765259,0.8639588356018066,29.37964004278183,0.06146049499511719,0.2733325958251953,10.462681293487549,0.7636947631835938,21.973286151885986,0.2878708839416504,1.3915832042694092,9.300811767578125,0.8030929565429688,19.565731048583984,0.2357635498046875,1.6682555675506592,12.447625815868378,0.8855371475219727,30.973299145698547,0.04242515563964844,0.1624685525894165,11.796530961990356,0.8894023895263672,27.52994853258133,0.12932777404785156,0.2724626064300537
27,hallucinated,45,0.6708984375,12.322290539741516,0.9459845423698425,35.570134460926056,0.04115039110183716,0.15378648042678833,12.28411054611206,0.9151278734207153,34.04575967788696,0.040967345237731934,0.14312827587127686,12.971048355102539,0.9032902717590332,35.377644658088684,0.026049137115478516,0.06336915493011475,5.111078262329102,0.487152099609375,11.928852081298828,0.0,0.0,5.599887847900391,0.5858840942382812,14.215534210205078,0.0,0.0,3.8279762268066406,0.484375,9.38644790649414,0.0,0.0,5.529758453369141,0.7251405715942383,14.255550384521484,0.0,0.0,4.868813991546631,0.5568428039550781,12.067950010299683,0.0,0.0,4.830014228820801,0.6211323738098145,12.887748956680298,0.0,0.0,5.827796936035156,0.543548583984375,14.591575622558594,0.0,0.0,5.752397537231445,0.5028152465820312,13.690858840942383,0.0,0.0,7.500492095947266,0.6174736022949219,17.700288772583008,0.0,0.0,6.650525987148285,0.6115150451660156,16.84466278553009,0.0,0.0,6.5390565395355225,0.5226669311523438,14.94840407371521,0.0,0.0,8.004223704338074,0.7586078643798828,21.49630916118622,0.0,0.0,7.997328758239746,0.6969108581542969,19.169437408447266,0.0,0.0,7.365379333496094,0.7702560424804688,18.94011402130127,0.0,0.0,6.8023598194122314,0.5938961505889893,15.049439907073975,0.0,0.0,8.457761287689209,0.7449297904968262,20.52344274520874,0.0,0.0,8.193675994873047,0.6767845153808594,17.773852825164795,0.0,0.0,5.81685209274292,0.6317834854125977,13.724573612213135,0.0,0.0,7.76555609703064,0.6947364807128906,18.083781957626343,0.0,0.0,6.2193523645401,0.609100341796875,15.466194748878479,0.0,0.0,9.222458004951477,0.7864170074462891,20.66556942462921,0.0,0.0,9.014330983161926,0.8076120615005493,22.31579303741455,0.027467787265777588,0.027467787265777588,5.583477020263672,0.6659126281738281,13.607214629650116,0.0,0.0,7.476650655269623,0.7144719362258911,18.118067800998688,0.0,0.0,7.906052768230438,0.7982063889503479,20.857196629047394,0.0,0.0,6.877050876617432,0.7216787338256836,20.279321670532227,0.0,0.0,5.597055375576019,0.6547994017601013,15.779889285564423,0.0,0.0,6.121266663074493,0.7250598073005676,16.755621075630188,0.0,0.0,11.426007747650146,0.8473577499389648,28.702545821666718,0.06146049499511719,0.2733325958251953,9.846570014953613,0.7800559997558594,21.36897087097168,0.2878708839416504,1.3916068077087402,8.712111473083496,0.7901754379272461,18.979945182800293,0.2357635498046875,1.6607162952423096,11.71891725063324,0.8904213905334473,30.240602016448975,0.04242515563964844,0.14995455741882324,11.081621408462524,0.8894023895263672,26.815204918384552,0.12857294082641602,0.256854772567749
28,grounded,51,0.63720703125,12.47010487318039,0.9492051005363464,40.50064778327942,0.030752241611480713,0.16078239679336548,12.42596185207367,0.9182621240615845,38.95275539159775,0.03563082218170166,0.14067399501800537,12.826755940914154,0.9262518882751465,40.28258854150772,0.026049137115478516,0.0885317325592041,5.241273880004883,0.4631385803222656,13.336592197418213,0.0,0.0,5.568134307861328,0.5776100158691406,15.675996780395508,0.0,0.0,3.7460765838623047,0.44721221923828125,10.66984748840332,0.0,0.0,4.769657135009766,0.7229576110839844,14.976709365844727,0.0,0.0,4.781458854675293,0.5884284973144531,13.561942100524902,0.0,0.0,4.829195022583008,0.5660200119018555,13.98038649559021,0.0,0.0,5.72776985168457,0.6119499206542969,16.880876541137695,0.0,0.0,6.213946342468262,0.5255451202392578,16.533625602722168,0.0,0.0,7.5495452880859375,0.6255760192871094,20.042118072509766,0.0,0.0,7.933060050010681,0.6407389640808105,21.474342703819275,0.0,0.0,6.454816818237305,0.5624160766601562,16.531583786010742,0.0,0.0,8.232723236083984,0.7881573438644409,25.048134088516235,0.0,0.0,6.599368572235107,0.6773586273193359,20.146320819854736,0.0,0.0,8.102937698364258,0.8032412528991699,22.689738750457764,0.0,0.0,6.675772666931152,0.7411794662475586,17.78261387348175,0.0,0.0,8.26691722869873,0.768096923828125,24.330431938171387,0.0,0.0,7.434532165527344,0.7615776062011719,20.47770404815674,0.0,0.0,4.897623538970947,0.6580572128295898,14.855849742889404,0.0,0.0,7.051905155181885,0.8163496255874634,19.962960720062256,0.007312774658203125,0.012769222259521484,6.457238674163818,0.6586837768554688,17.829540729522705,0.0,0.0,8.430149793624878,0.7949333190917969,23.01814913749695,0.0,0.0,8.45504093170166,0.7550878524780273,24.93152606487274,0.0,0.0,4.307598054409027,0.6751371622085571,13.938139140605927,0.0,0.0,6.156682014465332,0.6657857894897461,19.641196489334106,0.0,0.0,7.898663640022278,0.7929884195327759,23.99784207344055,0.0,0.0,6.754923343658447,0.7087011337280273,23.295907974243164,0.0,0.0,5.544128775596619,0.7192758321762085,17.857860684394836,0.0,0.0,5.07072913646698,0.7517460584640503,17.990362107753754,0.0,0.0,11.325741589069366,0.8409528732299805,32.83997577428818,0.06146049499511719,0.2758011221885681,9.129525184631348,0.7236804962158203,22.177011013031006,0.2878708839416504,1.6246023178100586,8.611583709716797,0.7583847045898438,19.920753479003906,0.2357635498046875,1.7517321109771729,11.812518775463104,0.8605656623840332,33.94756257534027,0.035497188568115234,0.07094025611877441,11.245330095291138,0.8894023895263672,30.49409008026123,0.1508188247680664,0.4112687110900879
28,hallucinated,50,0.63232421875,11.701797902584076,0.9483365416526794,39.732340812683105,0.030752241611480713,0.17378222942352295,11.595166087150574,0.9185298681259155,38.12195962667465,0.05332183837890625,0.17110013961791992,12.0642808675766,0.9205975532531738,39.520113468170166,0.026049137115478516,0.08290755748748779,4.628599166870117,0.4306144714355469,12.723917484283447,0.0,0.0,4.979450225830078,0.5838546752929688,15.087312698364258,0.0,0.0,3.5577917098999023,0.44721221923828125,10.481562614440918,0.0,0.0,4.490729331970215,0.7253446578979492,14.697781562805176,0.0,0.0,4.558470249176025,0.5884284973144531,13.338953495025635,0.0,0.0,4.411497116088867,0.5429182052612305,13.56268858909607,0.0,0.0,5.173145294189453,0.6119499206542969,16.326251983642578,0.0,0.0,5.818119049072266,0.5874624252319336,16.137798309326172,0.0,0.0,7.125406265258789,0.7439498901367188,19.617979049682617,0.0,0.0,7.590582609176636,0.651484489440918,21.13186526298523,0.0,0.0,5.9944305419921875,0.5573883056640625,16.071197509765625,0.0,0.0,7.7795820236206055,0.7881573438644409,24.594992876052856,0.0,0.0,6.632229804992676,0.6773586273193359,20.179182052612305,0.0,0.0,8.278341293334961,0.8471450805664062,22.865142345428467,0.0,0.0,7.004978179931641,0.7411794662475586,18.11181938648224,0.0,0.0,8.078998327255249,0.7831497192382812,24.142513036727905,0.0,0.0,7.928889751434326,0.7615776062011719,20.97206163406372,0.0,0.0,4.842845559120178,0.6524791717529297,14.801071763038635,0.0,0.0,7.411379337310791,0.8163496255874634,20.322434902191162,0.007312774658203125,0.012769222259521484,6.534646272659302,0.6586837768554688,17.90694832801819,0.0,0.0,7.956844747066498,0.7945270538330078,22.544844090938568,0.0,0.0,8.015624523162842,0.7258586883544922,24.492109656333923,0.0,0.0,4.14687305688858,0.6874884963035583,13.77741414308548,0.0,0.0,6.129031181335449,0.6657857894897461,19.613545656204224,0.0,0.0,7.785635709762573,0.7859554290771484,23.884814143180847,0.0,0.0,6.6985390186309814,0.7087011337280273,23.2395236492157,0.0,0.0,5.515396595001221,0.7050046920776367,17.82912850379944,0.0,0.0,5.470671653747559,0.750219464302063,18.390304625034332,0.0,0.0,10.913608074188232,0.8409528732299805,32.42784225940704,0.06146049499511719,0.2758011221885681,9.075508117675781,0.7236804962158203,22.160812854766846,0.2878708839416504,1.5381065011024475,8.466499328613281,0.7570075988769531,19.810138702392578,0.2357635498046875,1.5710572004318237,11.219467759132385,0.8602256774902344,33.385804533958435,0.035497188568115234,0.04575824737548828,10.62965202331543,0.8894023895263672,29.904667139053345,0.1253185272216797,0.31012892723083496
29,grounded,50,0.66455078125,9.037054181098938,0.9570136666297913,39.764170467853546,0.028086066246032715,0.12687551975250244,9.0243479013443,0.9099026918411255,38.10926675796509,0.041647493839263916,0.1878068447113037,9.269582033157349,0.9359608888626099,39.38879406452179,0.026049137115478516,0.04396164417266846,3.3848495483398438,0.4232292175292969,13.113906860351562,0.0,0.0,4.009105682373047,0.5993766784667969,15.642406463623047,0.0,0.0,2.5423107147216797,0.46105003356933594,10.28788948059082,0.0,0.0,3.7099475860595703,0.7383365631103516,15.73531436920166,0.0,0.0,3.2632479667663574,0.5042839050292969,13.531491756439209,0.0,0.0,3.4989538192749023,0.47955894470214844,13.463213205337524,0.0,0.0,4.217761993408203,0.511383056640625,16.60219383239746,0.0,0.0,4.412029266357422,0.5451393127441406,15.173811912536621,0.0,0.0,5.519863128662109,0.6508560180664062,19.573057651519775,0.0,0.0,5.730964183807373,0.6333446502685547,19.746087789535522,0.0,0.0,5.077692031860352,0.5808334350585938,17.696138381958008,0.0,0.0,5.77977180480957,0.6817226409912109,24.084592819213867,0.0,0.0,5.540341854095459,0.6793384552001953,20.43383550643921,0.0,0.0,6.269157409667969,0.7840127944946289,23.050530433654785,0.0,0.0,4.891389846801758,0.5834903717041016,14.591970682144165,0.0,0.0,6.460935115814209,0.7590179443359375,21.908241033554077,0.0,0.0,6.293031692504883,0.64501953125,18.95457434654236,0.0,0.0,4.386860370635986,0.6449539661407471,14.067039966583252,0.0,0.0,6.419758975505829,0.7302989959716797,18.414128482341766,0.0,0.0,5.835821986198425,0.6458816528320312,17.18152606487274,0.0,0.0,7.588778734207153,0.7980594635009766,23.2380428314209,0.0,0.0,6.8347174525260925,0.7439956665039062,23.92069298028946,0.0,0.0,4.141251087188721,0.6659126281738281,14.98685598373413,0.0,0.0,5.841248989105225,0.6976566314697266,19.63814878463745,0.0,0.0,7.8000898361206055,0.8107216954231262,23.29547655582428,0.002435445785522461,0.002435445785522461,5.981325149536133,0.7173309326171875,22.11282777786255,0.0,0.0,4.542828619480133,0.6650210022926331,17.453552305698395,0.0,0.0,4.17748761177063,0.7262623310089111,18.540478467941284,0.0,0.0,8.280264854431152,0.8083229064941406,30.484396040439606,0.06146049499511719,0.2738633155822754,6.464962005615234,0.6859550476074219,20.974193930625916,0.2878708839416504,1.3306201100349426,5.996833801269531,0.6620330810546875,18.14229393005371,0.2357635498046875,1.481226921081543,8.279291450977325,0.8541097640991211,33.745392978191376,0.04317760467529297,0.05427289009094238,8.143525063991547,0.8894023895263672,30.78922814130783,0.1424252986907959,0.21403074264526367
29,hallucinated,61,0.75390625,18.461885929107666,0.9570136666297913,49.189002215862274,0.028086066246032715,0.17009520530700684,18.128465831279755,0.932745099067688,47.21366810798645,0.04675811529159546,0.22734874486923218,18.971804559230804,0.935881495475769,49.09147518873215,0.025836467742919922,0.055807650089263916,7.783390998840332,0.4866943359375,17.510918617248535,0.0,0.0,8.46115493774414,0.6030502319335938,20.093932151794434,0.0,0.0,7.1617841720581055,0.5068025588989258,14.907111167907715,0.0,0.0,8.335418701171875,0.7367610931396484,20.360506057739258,0.0,0.0,8.442432880401611,0.5773696899414062,18.710543632507324,0.0,0.0,6.565038204193115,0.47379302978515625,16.529635190963745,0.0,0.0,7.684940338134766,0.47957420349121094,20.069255828857422,0.0,0.0,8.466468811035156,0.5810604095458984,19.227968215942383,0.0,0.0,11.20222282409668,0.6354694366455078,25.25555658340454,0.0,0.0,10.634161472320557,0.6031227111816406,24.649457216262817,0.0,0.0,9.22751522064209,0.5586986541748047,21.844796180725098,0.0,0.0,11.97311019897461,0.6973819732666016,30.277912139892578,0.0,0.0,11.007353782653809,0.7741794586181641,25.90233612060547,0.0,0.0,12.445598602294922,0.7837419509887695,29.22621250152588,0.0,0.0,9.358100414276123,0.7469367980957031,19.056668400764465,0.0,0.0,11.518172979354858,0.8320789337158203,26.961995840072632,0.0,0.0,12.017345488071442,0.7958106994628906,24.679048359394073,0.0,0.0,10.89979100227356,0.730368971824646,20.578810453414917,0.0,0.0,10.745055675506592,0.75897216796875,22.73926305770874,0.0,0.0,10.563656389713287,0.6654434204101562,21.904670298099518,0.0,0.0,12.752617418766022,0.7452363967895508,28.401354372501373,0.0,0.0,12.7793447971344,0.7779850959777832,29.866168558597565,0.0,0.0,8.752732872962952,0.6653213500976562,19.597266793251038,0.0,0.0,9.959304571151733,0.7194852828979492,23.759770035743713,0.0,0.0,11.228762447834015,0.8046016693115234,26.72355055809021,0.0,0.0,10.59534752368927,0.7369954586029053,26.73622715473175,0.0,0.0,8.379125893115997,0.7026050686836243,21.28742867708206,0.0,0.0,9.793376624584198,0.7033293843269348,24.15995979309082,0.0,0.0,17.16089779138565,0.8472400307655334,39.35896587371826,0.061496734619140625,0.2748098373413086,14.352749347686768,0.7713384628295898,28.800753712654114,0.2865424156188965,1.3897297978401184,13.63809585571289,0.758270263671875,25.732683181762695,0.23561668395996094,1.5004746913909912,17.106574416160583,0.8606963157653809,42.56107920408249,0.07848167419433594,0.16828370094299316,16.65283852815628,0.8894290924072266,39.246781051158905,0.14150428771972656,0.48467814922332764
30,grounded,52,0.6416015625,16.086338102817535,0.9412570595741272,41.98977816104889,0.028477489948272705,0.14045941829681396,15.68067580461502,0.9286636710166931,39.962670624256134,0.05020564794540405,0.21652954816818237,16.15006023645401,0.904434084892273,41.04664093255997,0.03050464391708374,0.09688353538513184,5.556568145751953,0.4468421936035156,12.814340591430664,0.0,0.0,6.8328704833984375,0.6003265380859375,16.39596176147461,0.0,0.0,5.363715171813965,0.5040102005004883,11.45052433013916,0.0,0.0,6.169011354446411,0.7344207763671875,15.508208513259888,0.0,0.0,6.201956272125244,0.60784912109375,14.254916906356812,0.0,0.0,5.999340534210205,0.4987039566040039,14.721816778182983,0.0,0.0,6.956172943115234,0.48872947692871094,17.296180725097656,0.0,0.0,7.68990421295166,0.5588712692260742,16.899139404296875,0.0,0.0,9.833698272705078,0.6744537353515625,20.908267974853516,0.0,0.0,8.450100660324097,0.6538181304931641,19.592228889465332,0.0,0.0,7.787134170532227,0.5238666534423828,17.058021545410156,0.0,0.0,11.230754852294922,0.7359228134155273,26.207162857055664,0.0,0.0,9.93985652923584,0.6597332954406738,21.858490467071533,0.0,0.0,12.488314867019653,0.7994635105133057,26.047952890396118,0.0,0.0,10.40880537033081,0.6864395141601562,19.04843771457672,0.0,0.0,12.347294807434082,0.8209686279296875,26.085676193237305,0.0,0.0,11.558902740478516,0.7361087799072266,21.893287897109985,0.0,0.0,9.520835399627686,0.627934455871582,17.81165647506714,0.0,0.0,12.480381727218628,0.8222756385803223,22.2329843044281,0.0,0.0,10.436159789562225,0.7615947723388672,19.87780922651291,0.0,0.0,12.402872562408447,0.7906677722930908,24.79595422744751,0.0,0.0,11.514112949371338,0.8509135246276855,25.641817688941956,0.0,0.0,7.360768139362335,0.6659126281738281,15.885167419910431,0.0,0.0,10.128530979156494,0.723052978515625,21.39919352531433,0.0,0.0,11.640314161777496,0.7971469759941101,24.59110188484192,0.03639507293701172,0.05274397134780884,10.328035831451416,0.7161765098571777,23.2816219329834,0.0,0.0,7.143215775489807,0.6741853952407837,16.97782289981842,0.0,0.0,7.010110855102539,0.7138805389404297,17.906342267990112,0.0,0.0,14.552067458629608,0.823981761932373,33.52118194103241,0.06146049499511719,0.3120983839035034,12.256967902183533,0.7329916954040527,25.207528471946716,0.2878708839416504,1.3902376890182495,11.279659748077393,0.70916748046875,22.46306848526001,0.2357635498046875,1.693861722946167,14.42896431684494,0.8610591888427734,34.91361218690872,0.10006904602050781,0.3016841411590576,13.919883608818054,0.8894023895263672,31.51946759223938,0.12496352195739746,0.4413250684738159
30,hallucinated,48,0.63671875,12.628101825714111,0.9412570595741272,38.531541883945465,0.028477489948272705,0.15473181009292603,12.201204895973206,0.9254993796348572,36.48319971561432,0.04923200607299805,0.14837294816970825,12.607520699501038,0.9004561901092529,37.504101395606995,0.026049137115478516,0.04843294620513916,4.381963729858398,0.4480266571044922,11.63973617553711,0.0,0.0,5.364143371582031,0.6003265380859375,14.927234649658203,0.0,0.0,4.397702217102051,0.5081758499145508,10.484511375427246,0.0,0.0,4.900919437408447,0.7271003723144531,14.240116596221924,0.0,0.0,4.370597839355469,0.558929443359375,12.423558473587036,0.0,0.0,4.502216339111328,0.4987039566040039,13.224692583084106,0.0,0.0,4.941104888916016,0.4752616882324219,15.281112670898438,0.0,0.0,5.269245147705078,0.5289573669433594,14.478480339050293,0.0,0.0,6.905126571655273,0.6225948333740234,17.97969627380371,0.0,0.0,6.82737010717392,0.6138839721679688,17.969498336315155,0.0,0.0,5.903545379638672,0.485443115234375,15.174432754516602,0.0,0.0,8.112316131591797,0.7087287902832031,23.08872413635254,0.0,0.0,7.55284309387207,0.6597332954406738,19.471477031707764,0.0,0.0,9.119585514068604,0.7637348175048828,22.67922353744507,0.0,0.0,8.011024475097656,0.701319694519043,16.650656819343567,0.0,0.0,9.175000190734863,0.8141574859619141,22.913381576538086,0.0,0.0,8.491100311279297,0.7382678985595703,18.825485467910767,0.0,0.0,6.875685453414917,0.6417179107666016,15.16650652885437,0.0,0.0,8.369130373001099,0.7991342544555664,18.12173295021057,0.0,0.0,7.247733294963837,0.7598342895507812,16.68938273191452,0.0,0.0,8.910782933235168,0.7822960615158081,21.30386459827423,0.0,0.0,8.553412079811096,0.7882556915283203,22.681116819381714,0.057282447814941406,0.0656505823135376,5.478404402732849,0.6659126281738281,14.002803683280945,0.0,0.0,6.977583646774292,0.7198638916015625,18.24824619293213,0.0,0.0,8.131947219371796,0.7971469759941101,21.08273494243622,0.0,0.0,7.078725814819336,0.7087011337280273,20.03231191635132,0.0,0.0,5.510481595993042,0.6929833889007568,15.345088720321655,0.0,0.0,5.518889129161835,0.6997706294059753,16.415120542049408,0.0,0.0,11.664701700210571,0.8209342956542969,30.633816182613373,0.06146049499511719,0.2733325958251953,9.784620106220245,0.7411524653434753,22.739254772663116,0.2878708839416504,1.3846976161003113,9.04815673828125,0.7035980224609375,20.238340377807617,0.2357635498046875,1.5507898330688477,11.106321275234222,0.851750373840332,31.60552030801773,0.08524954319000244,0.18111670017242432,10.731290340423584,0.8894023895263672,28.321604371070862,0.13439345359802246,0.32471728324890137
31,grounded,49,0.6787109375,13.338190495967865,0.9439188241958618,39.01544278860092,0.027196884155273438,0.10549896955490112,13.175886690616608,0.9245278835296631,37.409799575805664,0.04147905111312866,0.1180296540260315,13.949631989002228,0.9287257194519043,39.1504562497139,0.026049137115478516,0.062393784523010254,5.56446647644043,0.43099212646484375,12.883913040161133,0.0,0.0,6.171607971191406,0.5670890808105469,15.715871810913086,0.0,0.0,5.107720375061035,0.49958324432373047,11.014092445373535,0.0,0.0,5.915460586547852,0.6939735412597656,15.751838684082031,0.0,0.0,6.1034204959869385,0.5873689651489258,14.098968744277954,0.0,0.0,5.5604963302612305,0.521604061126709,14.796709299087524,0.0,0.0,5.496433258056641,0.5104904174804688,16.013809204101562,0.0,0.0,6.485231399536133,0.5498332977294922,15.749361038208008,0.0,0.0,7.790687561035156,0.6676578521728516,19.70668601989746,0.0,0.0,7.989090323448181,0.7766772508621216,19.79073977470398,0.0,0.0,6.574127197265625,0.5684394836425781,16.188932418823242,0.0,0.0,7.696720123291016,0.6124496459960938,22.224279403686523,0.0,0.0,8.880999565124512,0.7616596221923828,21.935776710510254,0.0,0.0,8.184574127197266,0.7795066833496094,21.555655479431152,0.0,0.0,7.983477354049683,0.6421477794647217,17.110440611839294,0.0,0.0,8.741591453552246,0.73468017578125,22.150059700012207,0.0,0.0,8.351536750793457,0.6327934265136719,19.39834761619568,0.0,0.0,7.1813554763793945,0.6204214096069336,15.601673364639282,0.0,0.0,8.740698099136353,0.6920967102050781,20.177215814590454,0.0,0.0,8.304540812969208,0.6573600769042969,18.039900481700897,0.0,0.0,9.742955684661865,0.7065691947937012,22.825730800628662,0.0,0.0,9.7514009475708,0.8471932411193848,24.627768635749817,0.0,0.0,6.029500246047974,0.6659126281738281,14.83195424079895,0.0,0.0,7.73788595199585,0.6308771371841431,19.35078275203705,0.0,0.0,9.669528365135193,0.7904577851295471,23.27525782585144,0.06032240390777588,0.10210847854614258,8.838544845581055,0.7087011337280273,23.579416751861572,0.0,0.0,6.988501787185669,0.6895618438720703,17.45391595363617,0.0,0.0,7.43359762430191,0.6985769867897034,19.18668019771576,0.0,0.0,13.195952475070953,0.8707404732704163,33.133560955524445,0.06146049499511719,0.2733325958251953,11.222970306873322,0.7777881622314453,24.9823597073555,0.2878708839416504,1.3223243355751038,10.034683227539062,0.7864809036254883,22.705954551696777,0.2357635498046875,1.388312578201294,12.526947557926178,0.865123987197876,33.68768113851547,0.10279721021652222,0.5502199530601501,12.122395694255829,0.8894023895263672,31.087041199207306,0.23941683769226074,1.1979127526283264
31,hallucinated,50,0.6953125,14.150219321250916,0.943272054195404,39.82747161388397,0.027087688446044922,0.12216812372207642,14.025387704372406,0.9203190803527832,38.25930058956146,0.04998648166656494,0.1528262495994568,14.882554769515991,0.9298477172851562,40.08337903022766,0.026049137115478516,0.07175135612487793,5.709785461425781,0.42629241943359375,13.029232025146484,0.0,0.0,6.694255828857422,0.5711898803710938,16.2385196685791,0.0,0.0,5.353516578674316,0.5045232772827148,11.259888648986816,0.0,0.0,6.282707929611206,0.6957292556762695,16.119086027145386,0.0,0.0,6.100910663604736,0.5637845993041992,14.096458911895752,0.0,0.0,5.778253555297852,0.521604061126709,15.014466524124146,0.0,0.0,5.8712921142578125,0.5104904174804688,16.388668060302734,0.0,0.0,7.084177017211914,0.5564079284667969,16.34830665588379,0.0,0.0,8.334229230880737,0.6524219512939453,20.250227689743042,0.0,0.0,8.47073358297348,0.7546524405479431,20.27238303422928,0.0,0.0,7.05286979675293,0.5428466796875,16.667675018310547,0.0,0.0,8.310585021972656,0.6305885314941406,22.838144302368164,0.0,0.0,9.77137017250061,0.7143135070800781,22.826147317886353,0.0,0.0,9.350349426269531,0.7729778289794922,22.721430778503418,0.0,0.0,8.531131744384766,0.6343631744384766,17.658095002174377,0.0,0.0,9.439458847045898,0.7389297485351562,22.84792709350586,0.0,0.0,9.461984634399414,0.6779708862304688,20.508795499801636,0.0,0.0,8.242997169494629,0.6204214096069336,16.663315057754517,0.0,0.0,10.002906799316406,0.7471389770507812,21.439424514770508,0.0,0.0,9.36354523897171,0.6821556091308594,19.0989049077034,0.0,0.0,11.468342244625092,0.7941246032714844,24.55111736059189,0.0,0.0,11.304212808609009,0.8857512474060059,26.180580496788025,0.0,0.0,6.9530686140060425,0.6746035814285278,15.755522608757019,0.0,0.0,8.9640753865242,0.7563753128051758,20.5769721865654,0.0,0.0,10.307460188865662,0.8014025688171387,23.91318964958191,0.06558787822723389,0.08720248937606812,9.64201021194458,0.7087011337280273,24.382882118225098,0.0,0.0,8.376358091831207,0.7106409072875977,18.841772258281708,0.0,0.0,8.131955921649933,0.6982722878456116,19.88503849506378,0.0,0.0,14.089247584342957,0.8731961250305176,34.02685606479645,0.06146049499511719,0.3044620752334595,12.016633212566376,0.7835636138916016,25.776022613048553,0.2878708839416504,1.3031817078590393,10.894039154052734,0.7864809036254883,23.56531047821045,0.2357635498046875,1.3670823574066162,13.517130851745605,0.865123987197876,34.6778644323349,0.10279721021652222,0.5196985006332397,12.970504879951477,0.8894023895263672,31.935150384902954,0.23941683769226074,1.240955114364624
32,grounded,37,0.5361328125,9.1525177359581,0.9390284419059753,29.150352895259857,0.032261431217193604,0.14269119501113892,9.059561014175415,0.9030660390853882,27.63313639163971,0.03987771272659302,0.14716804027557373,9.292631089687347,0.9058632850646973,28.126036763191223,0.029206275939941406,0.06750684976577759,3.1377201080322266,0.4199943542480469,8.179513931274414,0.0,0.0,3.7889556884765625,0.5660171508789062,11.102409362792969,0.0,0.0,2.8597288131713867,0.4696016311645508,7.714301109313965,0.0,0.0,3.563282012939453,0.7281417846679688,11.216318130493164,0.0,0.0,3.204334259033203,0.5951347351074219,9.577597856521606,0.0,0.0,3.343841075897217,0.5366725921630859,10.32092547416687,0.0,0.0,3.7138137817382812,0.5895137786865234,11.31144905090332,0.0,0.0,3.9659500122070312,0.5401039123535156,10.630727767944336,0.0,0.0,5.506446838378906,0.60198974609375,13.915939331054688,0.0,0.0,5.4504899978637695,0.5518403053283691,14.003238439559937,0.0,0.0,4.181240081787109,0.45989990234375,11.109123229980469,0.0,0.0,5.99852180480957,0.697509765625,17.119220733642578,0.0,0.0,5.340240478515625,0.6563606262207031,14.435087203979492,0.0,0.0,6.575550556182861,0.7479248046875,16.54762887954712,0.0,0.0,5.314567565917969,0.6377725601196289,12.205075800418854,0.0,0.0,6.717435836791992,0.7480239868164062,16.610647201538086,0.0,0.0,6.5007123947143555,0.6631317138671875,14.390977263450623,0.0,0.0,4.83110237121582,0.6091175079345703,11.869086742401123,0.0,0.0,5.903505325317383,0.6988105773925781,13.964176177978516,0.0,0.0,5.398155212402344,0.6006584167480469,12.597444534301758,0.0,0.0,6.684244155883789,0.72528076171875,15.744569778442383,0.0,0.0,7.255900144577026,0.7663135528564453,18.26915967464447,0.0,0.0,3.6689682006835938,0.6659126281738281,10.70130729675293,0.0,0.0,5.653631687164307,0.6671504974365234,14.572775602340698,0.0,0.0,7.047166883945465,0.7955665588378906,17.909258902072906,0.0,0.0,6.063640594482422,0.7087011337280273,17.213006496429443,0.0,0.0,4.97689688205719,0.6460132598876953,13.670950055122375,0.0,0.0,4.2624645829200745,0.7165308594703674,13.681285798549652,0.0,0.0,8.458709955215454,0.8310933113098145,23.68798828125,0.06146049499511719,0.2733325958251953,6.910358428955078,0.7390480041503906,17.581109046936035,0.2878708839416504,1.35983145236969,6.123283386230469,0.7000961303710938,15.60621452331543,0.2357635498046875,1.6276142597198486,8.024164199829102,0.851750373840332,23.77220368385315,0.06524276733398438,0.16317832469940186,7.628275454044342,0.8894023895263672,20.70201474428177,0.11410331726074219,0.29136645793914795
32,hallucinated,39,0.5556640625,10.659645915031433,0.945092499256134,30.65748107433319,0.015406370162963867,0.09841763973236084,10.619651675224304,0.9112017154693604,29.1932270526886,0.03791069984436035,0.1479436159133911,10.984679043293,0.9133682250976562,29.818084716796875,0.033432841300964355,0.07045924663543701,3.79345703125,0.4291095733642578,8.835250854492188,0.0,0.0,4.608146667480469,0.5660171508789062,11.921600341796875,0.0,0.0,3.460723876953125,0.4808235168457031,8.315296173095703,0.0,0.0,4.107824325561523,0.7281417846679688,11.760860443115234,0.0,0.0,3.9376697540283203,0.5736198425292969,10.310933351516724,0.0,0.0,3.9113006591796875,0.5366725921630859,10.88838505744934,0.0,0.0,4.428705215454102,0.5895137786865234,12.02634048461914,0.0,0.0,4.490825653076172,0.485626220703125,11.155603408813477,0.0,0.0,6.420846462249756,0.6244940757751465,14.830338954925537,0.0,0.0,6.454671859741211,0.6234188079833984,15.007420301437378,0.0,0.0,4.704078674316406,0.4493255615234375,11.631961822509766,0.0,0.0,7.293184280395508,0.7178134918212891,18.413883209228516,0.0,0.0,6.416067123413086,0.6563606262207031,15.510913848876953,0.0,0.0,8.380668640136719,0.7880468368530273,18.35843849182129,0.0,0.0,6.659844398498535,0.6501874923706055,13.55035263299942,0.0,0.0,8.338905811309814,0.7660975456237793,18.232117176055908,0.0,0.0,7.804105758666992,0.6627693176269531,15.69437062740326,0.0,0.0,6.116528511047363,0.6561613082885742,13.154512882232666,0.0,0.0,7.036837577819824,0.6988105773925781,15.097508430480957,0.0,0.0,6.4417455196380615,0.5966644287109375,13.641034841537476,0.0,0.0,8.420159339904785,0.7643928527832031,17.48048496246338,0.0,0.0,8.038445949554443,0.7133126258850098,19.051705479621887,0.0,0.0,4.5818939208984375,0.6659126281738281,11.614233016967773,0.0,0.0,6.890820503234863,0.6698646545410156,15.809964418411255,0.0,0.0,7.694340467453003,0.7661237120628357,18.556432485580444,0.0,0.0,7.504151105880737,0.7512354850769043,18.65351700782776,0.0,0.0,6.06064373254776,0.6674404740333557,14.754696905612946,0.0,0.0,5.703772783279419,0.697503924369812,15.122593998908997,0.0,0.0,10.40900856256485,0.8657007217407227,25.638286888599396,0.06146049499511719,0.2926650047302246,8.81961315870285,0.7955408096313477,19.442054450511932,0.2878708839416504,1.3458628058433533,7.971410751342773,0.7665061950683594,17.388790130615234,0.2357635498046875,1.6508417129516602,9.87194150686264,0.8759223222732544,25.608054757118225,0.08519256114959717,0.17039048671722412,9.38061535358429,0.8894023895263672,22.439937233924866,0.11318469047546387,0.33978939056396484
33,grounded,41,0.60595703125,10.096150517463684,0.9416218400001526,32.3612704873085,0.03209376335144043,0.11649841070175171,9.838777899742126,0.908515214920044,30.784630358219147,0.034803807735443115,0.13582086563110352,10.165375590324402,0.9058957695960999,31.569486439228058,0.026049137115478516,0.05776965618133545,3.537334442138672,0.416595458984375,9.042518615722656,0.0,0.0,4.344226837158203,0.558502197265625,12.571077346801758,0.0,0.0,3.2826738357543945,0.47260475158691406,8.581221580505371,0.0,0.0,3.597227096557617,0.7223033905029297,12.068389892578125,0.0,0.0,3.593940258026123,0.5069828033447266,10.301606893539429,0.0,0.0,3.777467727661133,0.5509567260742188,11.61922287940979,0.0,0.0,3.882244110107422,0.4627227783203125,12.029232025146484,0.0,0.0,4.667718887329102,0.5033836364746094,12.211191177368164,0.0,0.0,5.24485969543457,0.6294708251953125,14.418046951293945,0.0,0.0,5.288797914981842,0.5731449127197266,14.162249863147736,0.0,0.0,4.351036071777344,0.48168182373046875,12.131458282470703,0.0,0.0,5.704195976257324,0.6139755249023438,17.65633487701416,0.0,0.0,5.840108871459961,0.6529312133789062,15.746389389038086,0.0,0.0,5.659770488739014,0.6378555297851562,15.562486171722412,0.0,0.0,5.328709602355957,0.602543830871582,13.029800772666931,0.0,0.0,6.634588241577148,0.70684814453125,17.730194091796875,0.0,0.0,6.164237976074219,0.6346645355224609,15.09476625919342,0.0,0.0,4.848498821258545,0.6080846786499023,12.52958345413208,0.0,0.0,6.918622970581055,0.7057723999023438,15.654820442199707,0.0,0.0,5.668770670890808,0.6141128540039062,13.35027539730072,0.0,0.0,7.291723012924194,0.7784042358398438,17.546102285385132,0.0,0.0,6.901605844497681,0.7748031616210938,18.968789935112,0.0,0.0,3.3182592391967773,0.6659126281738281,10.794417381286621,0.0,0.0,5.535364866256714,0.714282751083374,15.14991319179535,0.0,0.0,7.154541909694672,0.7452477812767029,19.03298807144165,0.04505246877670288,0.06302088499069214,6.5641257762908936,0.744288444519043,18.63632607460022,0.0,0.0,4.536474943161011,0.6385996341705322,13.837734699249268,0.0,0.0,4.532176494598389,0.7377028465270996,14.832842588424683,0.0,0.0,9.426207542419434,0.8426342010498047,26.526495099067688,0.06146049499511719,0.2781878113746643,7.646807372570038,0.7375187873840332,19.418308436870575,0.2878708839416504,1.4556167721748352,6.883701324462891,0.6882495880126953,17.183204650878906,0.2357635498046875,1.6166458129882812,8.954876840114594,0.851750373840332,26.48676836490631,0.06910324096679688,0.18553102016448975,8.787054181098938,0.8894023895263672,24.037524580955505,0.12227797508239746,0.23042678833007812
33,hallucinated,45,0.6142578125,13.03598439693451,0.941016435623169,35.30110436677933,0.03834807872772217,0.1270219087600708,13.150476932525635,0.9145399332046509,34.096329391002655,0.03362226486206055,0.13548922538757324,13.642311155796051,0.9075000286102295,35.04642200469971,0.02972733974456787,0.0792388916015625,4.2174530029296875,0.416595458984375,9.722637176513672,0.0,0.0,5.728900909423828,0.578948974609375,13.955751419067383,0.0,0.0,3.9128646850585938,0.43927860260009766,9.21141242980957,0.0,0.0,4.480428695678711,0.7223033905029297,12.951591491699219,0.0,0.0,4.112494468688965,0.5069828033447266,10.82016110420227,0.0,0.0,4.727206707000732,0.5509567260742188,12.56896185874939,0.0,0.0,5.290287017822266,0.5108108520507812,13.437274932861328,0.0,0.0,5.872230529785156,0.5033836364746094,13.415702819824219,0.0,0.0,6.930178642272949,0.5828266143798828,16.103365898132324,0.0,0.0,6.829620182514191,0.555511474609375,15.703072130680084,0.0,0.0,5.888568878173828,0.5100555419921875,13.668991088867188,0.0,0.0,7.885276794433594,0.6527462005615234,19.83741569519043,0.0,0.0,7.252710342407227,0.6529312133789062,17.15899085998535,0.0,0.0,7.716281890869141,0.6679019927978516,17.61899757385254,0.0,0.0,6.729902267456055,0.5972805023193359,14.430993437767029,0.0,0.0,9.105676174163818,0.7421507835388184,20.201282024383545,0.0,0.0,8.226997375488281,0.6346645355224609,17.157525658607483,0.0,0.0,6.054116725921631,0.6080846786499023,13.735201358795166,0.0,0.0,8.306758642196655,0.7559318542480469,17.042956113815308,0.0,0.0,7.561940312385559,0.6829299926757812,15.243445038795471,0.0,0.0,9.55401599407196,0.7536567449569702,19.808395266532898,0.0,0.0,9.48062014579773,0.7979450225830078,21.54780423641205,0.0,0.0,4.460379600524902,0.6687273979187012,11.936537742614746,0.0,0.0,6.940739631652832,0.7203655242919922,16.555287957191467,0.0,0.0,7.75811892747879,0.7429438829421997,19.63656508922577,0.0,0.0,8.38795781135559,0.7087011337280273,20.460158109664917,0.0,0.0,5.3260886669158936,0.7335708141326904,14.62734842300415,0.0,0.0,5.447085976600647,0.7203308343887329,15.747752070426941,0.0,0.0,12.089059114456177,0.8557474613189697,29.18934667110443,0.06146049499511719,0.2781878113746643,9.698870182037354,0.7375187873840332,21.400516510009766,0.2878708839416504,1.6240899562835693,8.885147094726562,0.6882495880126953,19.106998443603516,0.2357635498046875,1.8356146812438965,11.789302229881287,0.867133617401123,29.316774368286133,0.07543301582336426,0.34189820289611816,11.803346037864685,0.8894023895263672,27.021437764167786,0.12193846702575684,0.3457770347595215
34,grounded,45,0.61376953125,11.540296077728271,0.9463637471199036,35.55866324901581,0.027960896492004395,0.14549314975738525,11.522573232650757,0.9166560173034668,34.09641748666763,0.03999608755111694,0.14810246229171753,12.045152962207794,0.9163599014282227,35.16843432188034,0.026049137115478516,0.07961195707321167,4.399547576904297,0.42055511474609375,10.783740997314453,0.0,0.0,4.910816192626953,0.5649757385253906,13.465534210205078,0.0,0.0,3.738612174987793,0.45704174041748047,9.236960411071777,0.0,0.0,4.258813858032227,0.7158660888671875,13.086494445800781,0.0,0.0,4.589689254760742,0.5165252685546875,12.042539596557617,0.0,0.0,4.3220672607421875,0.49265098571777344,12.702983617782593,0.0,0.0,5.042034149169922,0.5096435546875,14.471931457519531,0.0,0.0,5.4831390380859375,0.5133018493652344,13.686685562133789,0.0,0.0,6.5662946701049805,0.6639842987060547,16.951428413391113,0.0,0.0,6.408905506134033,0.548492431640625,16.26365876197815,0.0,0.0,5.720905303955078,0.5396957397460938,14.508071899414062,0.0,0.0,6.660869598388672,0.6622428894042969,19.842491149902344,0.0,0.0,6.898500442504883,0.6536941528320312,17.742630004882812,0.0,0.0,7.45552921295166,0.7036094665527344,18.87162494659424,0.0,0.0,7.041496276855469,0.6193609237670898,15.164927005767822,0.0,0.0,8.088570594787598,0.7275629043579102,20.45644474029541,0.0,0.0,8.691217422485352,0.7061691284179688,18.651633977890015,0.0,0.0,6.833049774169922,0.6167430877685547,15.024405241012573,0.0,0.0,9.14769697189331,0.8015632629394531,19.04338312149048,0.0,0.0,7.271062433719635,0.6478004455566406,15.95972591638565,0.0,0.0,9.597635209560394,0.7902660369873047,21.3883838057518,0.0,0.0,9.002754032611847,0.7771730422973633,22.803812325000763,0.0,0.0,4.79042375087738,0.6822119951248169,12.739189267158508,0.0,0.0,8.059450447559357,0.7105121612548828,18.71374613046646,0.0,0.0,9.341988384723663,0.7858057022094727,22.24867820739746,0.0,0.0,8.112277269363403,0.7276649475097656,21.426405668258667,0.0,0.0,7.244609355926514,0.7337837219238281,17.688896119594574,0.0,0.0,6.147834062576294,0.7326357364654541,17.383175253868103,0.0,0.0,11.495807886123657,0.8673954010009766,29.96772265434265,0.06146049499511719,0.2733325958251953,9.552626609802246,0.7882041931152344,22.26975393295288,0.2878708839416504,1.3341873288154602,8.472267150878906,0.7280044555664062,19.63729476928711,0.2357635498046875,1.4948235750198364,10.800211310386658,0.8603682518005371,29.945181787014008,0.0589447021484375,0.20071345567703247,10.497645616531372,0.8894023895263672,26.641757905483246,0.11907625198364258,0.26329946517944336
34,hallucinated,47,0.62939453125,13.243653416633606,0.9451093673706055,37.26202058792114,0.022384285926818848,0.1632506251335144,13.08115440607071,0.9161354303359985,35.654998660087585,0.03599381446838379,0.14316582679748535,13.58276230096817,0.9219413995742798,36.70604366064072,0.02808690071105957,0.08045053482055664,5.067142486572266,0.4417858123779297,11.451335906982422,0.0,0.0,5.468912124633789,0.5557632446289062,14.023630142211914,0.0,0.0,4.811697006225586,0.47161293029785156,10.31004524230957,0.0,0.0,5.06626033782959,0.7158660888671875,13.893940925598145,0.0,0.0,5.224074840545654,0.5738601684570312,12.67692518234253,0.0,0.0,4.668795585632324,0.49265098571777344,13.04971194267273,0.0,0.0,5.427761077880859,0.4627227783203125,14.857658386230469,0.0,0.0,6.037807464599609,0.5078048706054688,14.241353988647461,0.0,0.0,7.368268013000488,0.6368370056152344,17.75340175628662,0.0,0.0,7.268934547901154,0.548492431640625,17.12368780374527,0.0,0.0,6.511716842651367,0.5059585571289062,15.298883438110352,0.0,0.0,7.366872787475586,0.6622428894042969,20.548494338989258,0.0,0.0,7.650641441345215,0.658477783203125,18.494771003723145,0.0,0.0,7.963692665100098,0.7027816772460938,19.379788398742676,0.0,0.0,7.949127435684204,0.6299440860748291,16.072558164596558,0.0,0.0,9.072620391845703,0.7175502777099609,21.440494537353516,0.0,0.0,9.525558471679688,0.7127571105957031,19.48597502708435,0.0,0.0,8.244431018829346,0.6291875839233398,16.435786485671997,0.0,0.0,9.956307172775269,0.7810087203979492,19.851993322372437,0.0,0.0,7.980093538761139,0.6552200317382812,16.668757021427155,0.0,0.0,10.261472463607788,0.7657670974731445,22.052221059799194,0.0,0.0,9.947450160980225,0.7841415405273438,23.74850845336914,0.0,0.0,5.478245258331299,0.6659126281738281,13.427010774612427,0.0,0.0,8.683530926704407,0.7305178642272949,19.33782660961151,0.0,0.0,10.087722361087799,0.7858057022094727,22.994412183761597,0.0,0.0,9.136826515197754,0.7087011337280273,22.450954914093018,0.0,0.0,7.6796348094940186,0.7470169067382812,18.12392157316208,0.0,0.0,7.071173846721649,0.7111436724662781,18.30651503801346,0.0,0.0,13.166532456874847,0.8673954010009766,31.63844722509384,0.06146049499511719,0.2733325958251953,11.002667546272278,0.7882041931152344,23.719794869422913,0.2878708839416504,1.3573981523513794,9.811302185058594,0.7266616821289062,20.970943450927734,0.2357635498046875,1.5223724842071533,12.23091870546341,0.8701767921447754,31.386675775051117,0.05771636962890625,0.2768546938896179,12.007322907447815,0.8894023895263672,28.156494796276093,0.1150655746459961,0.3173111081123352
35,grounded,47,0.6591796875,13.066863596439362,0.9431248307228088,36.98679703474045,0.04357653856277466,0.21050477027893066,13.29504519701004,0.9287283420562744,35.91367781162262,0.04832577705383301,0.16226136684417725,13.773596704006195,0.9209321737289429,37.280625998973846,0.026049137115478516,0.05826765298843384,4.869161605834961,0.420989990234375,11.51225471496582,0.0,0.0,5.803075790405273,0.5682487487792969,14.733352661132812,0.0,0.0,3.9642114639282227,0.5067663192749023,9.548575401306152,0.0,0.0,5.355218410491943,0.7061958312988281,14.141799449920654,0.0,0.0,4.818026542663574,0.5318670272827148,12.622454643249512,0.0,0.0,5.026471138000488,0.535914421081543,13.403446912765503,0.0,0.0,5.837654113769531,0.5110511779785156,15.27505874633789,0.0,0.0,6.168708801269531,0.5543193817138672,14.656997680664062,0.0,0.0,7.558166980743408,0.6624889373779297,17.920301914215088,0.0,0.0,7.442397475242615,0.6135745644569397,18.064041793346405,0.0,0.0,5.779346466064453,0.5078125,14.583518981933594,0.0,0.0,7.660907745361328,0.6637001037597656,21.528228759765625,0.0,0.0,7.35642147064209,0.6839389801025391,18.82863140106201,0.0,0.0,8.337599754333496,0.7791433334350586,20.733938217163086,0.0,0.0,7.781644582748413,0.6611373424530029,16.493494033813477,0.0,0.0,9.862210273742676,0.7973241806030273,22.69286823272705,0.0,0.0,8.873143672943115,0.6772079467773438,19.140841722488403,0.0,0.0,6.237866401672363,0.622685432434082,14.515525579452515,0.0,0.0,8.801031589508057,0.8047821521759033,19.597707271575928,0.0,0.0,6.973175525665283,0.6384048461914062,16.33009147644043,0.0,0.0,9.558908224105835,0.7764854431152344,21.818158864974976,0.0,0.0,9.466620326042175,0.8627418279647827,23.09121084213257,0.0,0.0,5.050529479980469,0.6659126281738281,13.280390739440918,0.0,0.0,7.462687969207764,0.7629661560058594,18.426850378513336,0.0,0.0,9.676160633563995,0.8140549659729004,22.95146769285202,0.0,0.0,8.388151168823242,0.7257108688354492,22.34260129928589,0.0,0.0,6.249870419502258,0.6974725723266602,16.39223402738571,0.0,0.0,6.785614371299744,0.7240585088729858,18.22930920124054,0.0,0.0,12.553542613983154,0.8716428279876709,31.02527892589569,0.06146049499511719,0.2733325958251953,10.398873329162598,0.7600517272949219,23.22565460205078,0.2878708839416504,1.2687666416168213,9.59878158569336,0.7090129852294922,21.215564727783203,0.2357635498046875,1.3842709064483643,12.786564528942108,0.878297746181488,32.791091203689575,0.08938390016555786,0.6350303888320923,11.913138449192047,0.8894023895263672,29.31960093975067,0.23112702369689941,1.9564838409423828
35,hallucinated,44,0.619140625,10.675619006156921,0.940248429775238,34.59555244445801,0.03455054759979248,0.17825907468795776,10.76940804719925,0.9272700548171997,33.38804066181183,0.03224289417266846,0.10408806800842285,11.237227141857147,0.9164605140686035,34.7442564368248,0.026049137115478516,0.05362355709075928,4.391180038452148,0.475830078125,11.034273147583008,0.0,0.0,5.025583267211914,0.5721206665039062,13.955860137939453,0.0,0.0,3.5427393913269043,0.511502742767334,9.127103328704834,0.0,0.0,4.485389232635498,0.7061958312988281,13.271970272064209,0.0,0.0,4.01200008392334,0.5117979049682617,11.816428184509277,0.0,0.0,3.9605026245117188,0.535914421081543,12.337478399276733,0.0,0.0,4.675773620605469,0.4856719970703125,14.113178253173828,0.0,0.0,5.332239151000977,0.5240192413330078,13.820528030395508,0.0,0.0,6.104316711425781,0.6425876617431641,16.46645164489746,0.0,0.0,6.669653952121735,0.6777988076210022,17.291298270225525,0.0,0.0,4.892343521118164,0.5369186401367188,13.696516036987305,0.0,0.0,6.962944030761719,0.6784439086914062,20.830265045166016,0.0,0.0,6.453827857971191,0.7089748382568359,17.926037788391113,0.0,0.0,7.6230974197387695,0.7791433334350586,20.01943588256836,0.0,0.0,6.622092008590698,0.6562268733978271,15.333941459655762,0.0,0.0,7.829944610595703,0.7834863662719727,20.660602569580078,0.0,0.0,7.775223255157471,0.6750555038452148,18.04292130470276,0.0,0.0,6.049868583679199,0.627103328704834,14.32752776145935,0.0,0.0,7.801219701766968,0.8306684494018555,18.59789538383484,0.0,0.0,6.710476636886597,0.6384048461914062,16.067392587661743,0.0,0.0,8.297203302383423,0.8045797348022461,20.556453943252563,0.0,0.0,8.321243524551392,0.8119230270385742,21.945834040641785,0.0,0.0,4.887261629104614,0.7288949489593506,13.117122888565063,0.0,0.0,6.2562543749809265,0.6944429278373718,17.2204167842865,0.0,0.0,7.628441691398621,0.8457992672920227,20.903748750686646,0.0,0.0,7.381353855133057,0.7257108688354492,21.335803985595703,0.0,0.0,5.303103566169739,0.6859647035598755,15.445467174053192,0.0,0.0,5.982660889625549,0.7241111993789673,17.426355719566345,0.0,0.0,10.28851306438446,0.8591400384902954,28.760249376296997,0.06146049499511719,0.2733325958251953,8.427585363388062,0.7600517272949219,21.254366636276245,0.2878708839416504,1.260423719882965,7.594970703125,0.7090129852294922,19.211753845214844,0.2357635498046875,1.3923678398132324,10.53586894273758,0.886566162109375,30.540395617485046,0.08938390016555786,0.5219901204109192,9.821222007274628,0.8987797498703003,27.227684497833252,0.23112702369689941,1.5737283825874329
36,grounded,36,0.603515625,6.615146040916443,0.9382807612419128,27.950882017612457,0.023816049098968506,0.09674394130706787,6.607855796813965,0.9027897119522095,26.781888604164124,0.03479743003845215,0.13678669929504395,6.762169182300568,0.8970303535461426,27.450700342655182,0.026049137115478516,0.05543315410614014,2.433675765991211,0.42040252685546875,8.067626953125,0.0,0.0,2.971454620361328,0.5619163513183594,10.959854125976562,0.0,0.0,2.365841865539551,0.4781637191772461,7.588156700134277,0.0,0.0,2.557830810546875,0.7153606414794922,10.713211059570312,0.0,0.0,2.454319477081299,0.47629594802856445,8.842082023620605,0.0,0.0,2.2047715187072754,0.523496150970459,9.738068342208862,0.0,0.0,2.47662353515625,0.4627227783203125,10.618598937988281,0.0,0.0,2.8623695373535156,0.5067291259765625,9.950286865234375,0.0,0.0,3.247966766357422,0.5224037170410156,12.301761627197266,0.0,0.0,3.693023681640625,0.5695877075195312,12.559452772140503,0.0,0.0,2.9827194213867188,0.4729156494140625,10.581546783447266,0.0,0.0,3.8754749298095703,0.5900306701660156,15.983175277709961,0.0,0.0,4.115201950073242,0.6567268371582031,14.113344192504883,0.0,0.0,4.396346569061279,0.6995925903320312,15.21579885482788,0.0,0.0,3.8138887882232666,0.6613390445709229,11.468382358551025,0.0,0.0,4.572296142578125,0.6590957641601562,15.55853271484375,0.0,0.0,4.310338973999023,0.6222877502441406,13.155624389648438,0.0,0.0,3.662558078765869,0.6167964935302734,11.08897352218628,0.0,0.0,5.044176340103149,0.7962007522583008,14.15158200263977,0.0,0.0,4.163201451301575,0.6241531372070312,11.970070481300354,0.0,0.0,4.822349786758423,0.7654342651367188,15.110611200332642,0.0,0.0,4.693302869796753,0.6969630718231201,16.630531907081604,0.0,0.0,2.6513214111328125,0.7074973583221436,10.206846952438354,0.0,0.0,3.934683322906494,0.6419051885604858,13.858182072639465,0.0,0.0,4.986744940280914,0.7944290637969971,16.86174178123474,0.0,0.0,4.078094959259033,0.7086973190307617,16.282748222351074,0.0,0.0,3.2221120595932007,0.6878179311752319,12.387560486793518,0.0,0.0,3.3809090852737427,0.7449923753738403,13.443864226341248,0.0,0.0,6.421330690383911,0.824793815612793,22.967900037765503,0.061183929443359375,0.2740345001220703,5.1200103759765625,0.7335515022277832,16.743820667266846,0.2871575355529785,1.508100986480713,4.585964202880859,0.7166328430175781,14.940330505371094,0.23505783081054688,1.6627004146575928,5.807614505290985,0.851750373840332,22.855533242225647,0.05321311950683594,0.16481494903564453,5.686499834060669,0.8894023895263672,19.795960187911987,0.11267662048339844,0.2782108783721924
36,hallucinated,36,0.58740234375,6.597244501113892,0.9439389705657959,27.932980477809906,0.034470975399017334,0.10687470436096191,6.736412882804871,0.9059388637542725,26.91044569015503,0.036362528800964355,0.12876933813095093,6.758372068405151,0.8970303535461426,27.446903228759766,0.026049137115478516,0.04938364028930664,2.287900924682617,0.42040252685546875,7.921852111816406,0.0,0.0,3.0415592193603516,0.5886554718017578,11.029958724975586,0.0,0.0,2.3503599166870117,0.4623899459838867,7.572674751281738,0.0,0.0,2.4770145416259766,0.7153606414794922,10.632394790649414,0.0,0.0,2.4854917526245117,0.4842557907104492,8.873254299163818,0.0,0.0,2.3090391159057617,0.523496150970459,9.842335939407349,0.0,0.0,2.432647705078125,0.4627227783203125,10.574623107910156,0.0,0.0,2.9200515747070312,0.5067291259765625,10.00796890258789,0.0,0.0,3.3658390045166016,0.5224037170410156,12.419633865356445,0.0,0.0,3.6353259086608887,0.5695877075195312,12.501754999160767,0.0,0.0,3.1701126098632812,0.5353317260742188,10.768939971923828,0.0,0.0,3.9945430755615234,0.5881195068359375,16.102243423461914,0.0,0.0,4.190649032592773,0.6567268371582031,14.188791275024414,0.0,0.0,4.489541053771973,0.6995925903320312,15.308993339538574,0.0,0.0,3.4847488403320312,0.5775833129882812,11.13924241065979,0.0,0.0,4.486335754394531,0.6468582153320312,15.472572326660156,0.0,0.0,4.466073989868164,0.6569862365722656,13.311359405517578,0.0,0.0,3.715081214904785,0.6167964935302734,11.141496658325195,0.0,0.0,5.483020305633545,0.8247137069702148,14.590425968170166,0.0,0.0,4.6059229373931885,0.6627159118652344,12.412791967391968,0.0,0.0,5.101757526397705,0.7625999450683594,15.390018939971924,0.0,0.0,4.945246696472168,0.7466773986816406,16.88247573375702,0.0,0.0,2.6865954399108887,0.7074973583221436,10.24212098121643,0.0,0.0,4.129065752029419,0.6677696704864502,14.05256450176239,0.0,0.0,5.469793975353241,0.8292246460914612,17.344790816307068,0.0,0.0,4.324869155883789,0.7086973190307617,16.52952241897583,0.0,0.0,3.6314536333084106,0.6824667453765869,12.796902060508728,0.0,0.0,3.47135591506958,0.7378888130187988,13.534311056137085,0.0,0.0,6.4197776317596436,0.8255090713500977,22.966346979141235,0.061183929443359375,0.2740345001220703,5.025511741638184,0.7410964965820312,16.649322032928467,0.2871575355529785,1.4805585741996765,4.543613433837891,0.7166328430175781,14.897979736328125,0.23505783081054688,1.6220660209655762,5.837708652019501,0.851750373840332,22.884798288345337,0.05321311950683594,0.1007537841796875,5.682657361030579,0.8894023895263672,19.785532593727112,0.11267662048339844,0.27138471603393555
37,grounded,39,0.6201171875,10.664752900600433,0.9400442242622375,30.738691329956055,0.03300285339355469,0.10244667530059814,10.663950324058533,0.913704514503479,29.257528364658356,0.039075374603271484,0.123252272605896,11.131245851516724,0.9026641845703125,30.061347007751465,0.026049137115478516,0.05407196283340454,4.30998420715332,0.41845703125,9.676856994628906,0.0,0.0,4.650077819824219,0.5659275054931641,12.039041519165039,0.0,0.0,3.6359715461730957,0.47115612030029297,8.569220066070557,0.0,0.0,4.17811393737793,0.7215557098388672,11.866678237915039,0.0,0.0,4.143649578094482,0.54608154296875,10.427017211914062,0.0,0.0,3.509891986846924,0.5096454620361328,10.415409326553345,0.0,0.0,4.0580596923828125,0.47216033935546875,11.414531707763672,0.0,0.0,4.612010955810547,0.502166748046875,11.25216293334961,0.0,0.0,6.310944557189941,0.6615161895751953,14.859942436218262,0.0,0.0,6.068046569824219,0.5865383148193359,14.279824018478394,0.0,0.0,4.822040557861328,0.4751434326171875,11.825244903564453,0.0,0.0,6.420475006103516,0.6633720397949219,17.495027542114258,0.0,0.0,6.276641845703125,0.6487808227539062,15.366317749023438,0.0,0.0,7.107077598571777,0.704498291015625,17.126490592956543,0.0,0.0,5.822726011276245,0.6135604381561279,12.871506989002228,0.0,0.0,7.721899032592773,0.7360496520996094,17.88461685180664,0.0,0.0,6.855783462524414,0.6324300765991211,15.0237717628479,0.0,0.0,4.896259307861328,0.6270942687988281,11.947168350219727,0.0,0.0,7.027868747711182,0.7145099639892578,15.393372058868408,0.0,0.0,5.91417133808136,0.5871907472610474,13.18623697757721,0.0,0.0,7.434434294700623,0.6883316040039062,16.76645028591156,0.0,0.0,7.7873095870018005,0.7281842231750488,18.954430639743805,0.0,0.0,4.331501483917236,0.6659126281738281,11.552565574645996,0.0,0.0,5.969279766082764,0.6420378684997559,15.145303010940552,0.0,0.0,7.28721022605896,0.7857116460800171,18.334965646266937,0.0,0.0,5.920854091644287,0.7087011337280273,17.153380393981934,0.0,0.0,5.116647362709045,0.6467791795730591,13.851660013198853,0.0,0.0,4.975085377693176,0.721171498298645,14.345988750457764,0.0,0.0,9.981101036071777,0.81829833984375,25.056163609027863,0.06146049499511719,0.27503126859664917,7.945701599121094,0.7233848571777344,18.23319149017334,0.2878708839416504,1.3349050283432007,7.1884307861328125,0.6620330810546875,16.223562240600586,0.2357635498046875,1.6569395065307617,9.667235493659973,0.851750373840332,25.34620612859726,0.05253410339355469,0.19187188148498535,9.277106285095215,0.8894023895263672,22.14473581314087,0.10720157623291016,0.37862884998321533
37,hallucinated,38,0.6123046875,9.7198406457901,0.9375918507575989,29.79377907514572,0.03836321830749512,0.10412591695785522,9.875680446624756,0.9098308086395264,28.46925848722458,0.04115372896194458,0.12372320890426636,10.186769962310791,0.8950700759887695,29.116871118545532,0.028601884841918945,0.06424885988235474,3.7208518981933594,0.4216766357421875,9.087724685668945,0.0,0.0,4.400936126708984,0.5755615234375,11.789899826049805,0.0,0.0,3.5754284858703613,0.45157527923583984,8.508677005767822,0.0,0.0,3.7755985260009766,0.7215557098388672,11.464162826538086,0.0,0.0,3.6003284454345703,0.54608154296875,9.88369607925415,0.0,0.0,3.6504716873168945,0.5096454620361328,10.555989027023315,0.0,0.0,3.622028350830078,0.4627227783203125,10.978500366210938,0.0,0.0,4.096332550048828,0.502166748046875,10.73648452758789,0.0,0.0,5.420528411865234,0.6615161895751953,13.969526290893555,0.0,0.0,5.276719093322754,0.5773038864135742,13.488496541976929,0.0,0.0,4.112941741943359,0.5079803466796875,11.116146087646484,0.0,0.0,5.315753936767578,0.5788936614990234,16.39030647277832,0.0,0.0,5.494285583496094,0.6495857238769531,14.583961486816406,0.0,0.0,5.806732177734375,0.704498291015625,15.82614517211914,0.0,0.0,5.3420915603637695,0.6036958694458008,12.390872538089752,0.0,0.0,6.896943092346191,0.7605199813842773,17.05966091156006,0.0,0.0,6.193717002868652,0.6418161392211914,14.361705303192139,0.0,0.0,4.553954839706421,0.6270942687988281,11.60486388206482,0.0,0.0,6.189578533172607,0.7783851623535156,14.555081844329834,0.0,0.0,5.019483685493469,0.6408215761184692,12.291549324989319,0.0,0.0,6.852235436439514,0.7204793691635132,16.18425142765045,0.0,0.0,6.767920136451721,0.7788650989532471,17.935041189193726,0.0,0.0,4.030151844024658,0.6894197463989258,11.251215934753418,0.0,0.0,5.199513912200928,0.6420378684997559,14.375537157058716,0.0,0.0,6.400828838348389,0.7857116460800171,17.448584258556366,0.0063419342041015625,0.0063419342041015625,5.697449684143066,0.7087011337280273,16.929975986480713,0.0,0.0,4.36264955997467,0.6485916376113892,13.097662210464478,0.0,0.0,4.526092529296875,0.7245502471923828,13.896995902061462,0.0,0.0,9.09371280670166,0.8178262710571289,24.168775379657745,0.06146049499511719,0.27503126859664917,7.206414222717285,0.7233848571777344,17.44322967529297,0.2878708839416504,1.3752226829528809,6.533061981201172,0.6620330810546875,15.535966873168945,0.2357635498046875,1.607994556427002,8.606105327606201,0.851750373840332,24.276946365833282,0.05536460876464844,0.22803163528442383,8.401769638061523,0.8894023895263672,21.260801076889038,0.11441183090209961,0.35753095149993896
38,grounded,39,0.68896484375,9.555174350738525,0.9352534413337708,30.499883115291595,0.0278778076171875,0.09852176904678345,9.942508220672607,0.9112004041671753,29.417649924755096,0.043990254402160645,0.15239077806472778,10.251142621040344,0.8929588794708252,29.99622070789337,0.03311103582382202,0.06591814756393433,3.3738861083984375,0.43421173095703125,9.190520286560059,0.0,0.0,4.733001708984375,0.6148338317871094,12.194121360778809,0.0,0.0,3.5308918952941895,0.5005154609680176,8.600983142852783,0.0,0.0,3.9967966079711914,0.730809211730957,11.94282341003418,0.0,0.0,3.617006778717041,0.5468926429748535,10.071892023086548,0.0,0.0,3.7538862228393555,0.5002145767211914,11.056978464126587,0.0,0.0,3.9519119262695312,0.4627227783203125,11.74051284790039,0.0,0.0,4.319188117980957,0.509089469909668,11.372052192687988,0.0,0.0,5.038267135620117,0.6699028015136719,13.567537307739258,0.0,0.0,5.385452210903168,0.5420618653297424,14.053447425365448,0.0,0.0,5.086286544799805,0.5042343139648438,12.526926040649414,0.0,0.0,5.754158020019531,0.6903495788574219,17.3609619140625,0.0,0.0,5.674474716186523,0.6533546447753906,15.455940246582031,0.0,0.0,6.090717315673828,0.6936616897583008,16.290902137756348,0.0,0.0,5.629565238952637,0.6659455299377441,12.917962968349457,0.0,0.0,6.46047306060791,0.6944761276245117,16.976723670959473,0.0,0.0,6.791120529174805,0.7143402099609375,15.56656265258789,0.0,0.0,5.266465187072754,0.6312663555145264,12.798696279525757,0.0,0.0,7.144432187080383,0.7806015014648438,16.19862186908722,0.0,0.0,6.502342402935028,0.8233299255371094,14.116460025310516,0.0,0.0,7.2599427700042725,0.7494330406188965,17.105478048324585,0.0,0.0,7.274739980697632,0.7781543731689453,18.849643349647522,0.0,0.0,4.296635866165161,0.7064099311828613,11.89428973197937,0.0,0.0,5.8729567527771,0.650604248046875,15.677422642707825,0.0,0.0,7.978463053703308,0.7892242670059204,19.662610828876495,0.0,0.0,6.458952903747559,0.7092914581298828,18.136457920074463,0.0,0.0,5.433476269245148,0.7146041989326477,14.68600708246231,0.0,0.0,5.247625768184662,0.7283729910850525,15.082286417484283,0.0,0.0,9.464493334293365,0.8526782393455505,25.190543234348297,0.06146049499511719,0.2733325958251953,7.575978219509125,0.7309331297874451,18.17412179708481,0.2878708839416504,1.3443025350570679,7.115089416503906,0.7119827270507812,16.64476203918457,0.2357635498046875,1.6229987144470215,8.860857486724854,0.8532280921936035,25.4188631772995,0.06300544738769531,0.23466825485229492,8.809889078140259,0.8894023895263672,22.714496970176697,0.12372016906738281,0.395108699798584
38,hallucinated,36,0.6455078125,7.3183072209358215,0.9352534413337708,28.26301598548889,0.02855294942855835,0.09591740369796753,7.409735083580017,0.9043464660644531,26.884876787662506,0.0396648645401001,0.16900265216827393,7.63815301656723,0.9049906730651855,27.383231103420258,0.03311103582382202,0.07096093893051147,2.581470489501953,0.43421173095703125,8.398104667663574,0.0,0.0,3.3889808654785156,0.5578041076660156,10.850111961364746,0.0,0.0,2.912266731262207,0.4746236801147461,7.982508659362793,0.0,0.0,2.9698352813720703,0.7261123657226562,10.91628360748291,0.0,0.0,2.7093582153320312,0.5226554870605469,9.163839101791382,0.0,0.0,2.839008331298828,0.5005121231079102,10.14265751838684,0.0,0.0,2.7178802490234375,0.4627227783203125,10.507030487060547,0.0,0.0,3.3204987049102783,0.509171724319458,10.373347520828247,0.0,0.0,3.5544300079345703,0.6699256896972656,12.083417892456055,0.0,0.0,3.960881769657135,0.5673294067382812,12.628800690174103,0.0,0.0,3.5384292602539062,0.4946098327636719,10.978374481201172,0.0,0.0,3.9548072814941406,0.6261711120605469,15.561811447143555,0.0,0.0,4.160594940185547,0.6531982421875,13.941190719604492,0.0,0.0,4.3240251541137695,0.6936912536621094,14.52424144744873,0.0,0.0,4.212233066558838,0.6503787040710449,11.501592516899109,0.0,0.0,4.629993438720703,0.6760540008544922,15.14525032043457,0.0,0.0,4.619800567626953,0.6534194946289062,13.395547866821289,0.0,0.0,3.804506301879883,0.6314167976379395,11.338094234466553,0.0,0.0,5.157721996307373,0.7817611694335938,14.211020946502686,0.0,0.0,4.414896845817566,0.6789655685424805,12.029634356498718,0.0,0.0,4.997452020645142,0.6551170349121094,14.840675592422485,0.0,0.0,5.420655250549316,0.7106008529663086,16.993706583976746,0.0,0.0,3.684594511985779,0.7061455249786377,11.281663537025452,0.0,0.0,4.556877434253693,0.6501731872558594,14.362943530082703,0.0,0.0,5.855880975723267,0.7887239456176758,17.538463532924652,0.0,0.0,4.648063659667969,0.7086973190307617,16.32772397994995,0.0,0.0,4.0495041608810425,0.6672266721725464,13.30217730998993,0.0,0.0,3.889104127883911,0.7063868045806885,13.726476669311523,0.0,0.0,7.146451413631439,0.8521959781646729,22.877156496047974,0.061183929443359375,0.2740345001220703,5.812250077724457,0.7688350677490234,16.4183492064476,0.2871575355529785,1.3442895412445068,5.2718048095703125,0.748809814453125,14.8111572265625,0.23505783081054688,1.595937967300415,6.64500093460083,0.8535523414611816,23.213497638702393,0.06287193298339844,0.19654953479766846,6.447954297065735,0.8894023895263672,20.351568698883057,0.12086772918701172,0.3920164108276367
39,grounded,45,0.59228515625,14.111368954181671,0.940273642539978,35.78452354669571,0.026262760162353516,0.11771833896636963,13.946423888206482,0.9180951118469238,34.08502596616745,0.038088083267211914,0.14376342296600342,14.588298261165619,0.915794849395752,35.23367357254028,0.03336828947067261,0.08496695756912231,5.450801849365234,0.43335723876953125,11.150074005126953,0.0,0.0,6.1015472412109375,0.5584793090820312,14.002655029296875,0.0,0.0,4.8162922859191895,0.4510364532470703,9.990824222564697,0.0,0.0,5.471705436706543,0.7308139801025391,13.751425743103027,0.0,0.0,5.503000974655151,0.5626869201660156,12.364325284957886,0.0,0.0,5.402219295501709,0.48599720001220703,12.758712530136108,0.0,0.0,5.991644859313965,0.5396804809570312,14.398695945739746,0.0,0.0,6.623485565185547,0.5127029418945312,14.154685974121094,0.0,0.0,8.16120719909668,0.6323299407958984,17.4625301361084,0.0,0.0,8.466882646083832,0.6166259050369263,17.539313971996307,0.0,0.0,6.717628479003906,0.49720001220703125,14.582767486572266,0.0,0.0,8.65803575515747,0.7024345397949219,20.599836826324463,0.0,0.0,8.407211303710938,0.6737937927246094,18.537874221801758,0.0,0.0,10.267338275909424,0.7607078552246094,21.35925054550171,0.0,0.0,8.806553363800049,0.6823306083679199,16.44382071495056,0.0,0.0,10.318340182304382,0.730438232421875,21.894835352897644,0.0,0.0,9.987527847290039,0.7125320434570312,19.279957056045532,0.0,0.0,7.861639738082886,0.7374403476715088,15.504778146743774,0.0,0.0,10.245826721191406,0.76434326171875,19.943095207214355,0.0,0.0,8.824157118797302,0.6501636505126953,16.970069766044617,0.0,0.0,10.466553926467896,0.7971911430358887,21.120579957962036,0.0,0.0,11.19154405593872,0.8587222099304199,23.503183007240295,0.0,0.0,5.5091094970703125,0.6659126281738281,12.867743015289307,0.0,0.0,9.0518217086792,0.7199954986572266,19.07959759235382,0.0,0.0,11.108160018920898,0.7846794128417969,23.141007602214813,0.0,0.0,10.025300025939941,0.7087011337280273,22.12257432937622,0.0,0.0,7.983648777008057,0.6740436553955078,17.4379802942276,0.0,0.0,7.132654428482056,0.737445592880249,17.12821990251541,0.0,0.0,13.6287362575531,0.8642377853393555,29.60080397129059,0.06146049499511719,0.27588921785354614,11.278657913208008,0.75201416015625,22.28167176246643,0.2878708839416504,1.3401559591293335,10.211677551269531,0.7448043823242188,20.18328285217285,0.2357635498046875,1.5530314445495605,13.567726016044617,0.8935999870300293,30.584946393966675,0.06558799743652344,0.0842239260673523,13.096985399723053,0.8894023895263672,27.298162281513214,0.12492251396179199,0.2525784969329834
39,hallucinated,43,0.60009765625,12.379208505153656,0.9436489343643188,34.052363097667694,0.02613091468811035,0.106548011302948,12.301166296005249,0.9128866195678711,32.43976837396622,0.038088083267211914,0.15508413314819336,12.875037014484406,0.915794849395752,33.52041232585907,0.030339956283569336,0.08113181591033936,4.843635559082031,0.43335723876953125,10.54290771484375,0.0,0.0,5.354640960693359,0.5620994567871094,13.255748748779297,0.0,0.0,4.254459857940674,0.4288463592529297,9.428991794586182,0.0,0.0,4.901352882385254,0.7308139801025391,13.181073188781738,0.0,0.0,5.030371427536011,0.5626869201660156,11.891695737838745,0.0,0.0,4.691253662109375,0.48599720001220703,12.047746896743774,0.0,0.0,5.184943199157715,0.5396804809570312,13.591994285583496,0.0,0.0,5.879131317138672,0.5065956115722656,13.410331726074219,0.0,0.0,7.052236557006836,0.6323299407958984,16.353559494018555,0.0,0.0,7.261285245418549,0.6166259050369263,16.333716571331024,0.0,0.0,5.988719940185547,0.49720001220703125,13.853858947753906,0.0,0.0,7.31248140335083,0.7024345397949219,19.254282474517822,0.0,0.0,7.476018905639648,0.6737937927246094,17.60668182373047,0.0,0.0,9.082735538482666,0.7607078552246094,20.17464780807495,0.0,0.0,7.794332504272461,0.6823306083679199,15.431599855422974,0.0,0.0,8.972482562065125,0.730438232421875,20.548977732658386,0.0,0.0,8.746160507202148,0.7125320434570312,18.03858971595764,0.0,0.0,7.277323961257935,0.7374403476715088,14.920462369918823,0.0,0.0,8.890314102172852,0.76434326171875,18.5875825881958,0.0,0.0,7.854212641716003,0.6501636505126953,16.000125288963318,0.0,0.0,9.259971857070923,0.7971911430358887,19.913997888565063,0.0,0.0,9.641290187835693,0.8587222099304199,21.952929139137268,0.0,0.0,5.085694074630737,0.6659126281738281,12.444327592849731,0.0,0.0,8.018467664718628,0.7199954986572266,18.04624354839325,0.0,0.0,9.815299272537231,0.8156911134719849,21.848146855831146,0.0,0.0,8.67703890800476,0.7087011337280273,20.77431321144104,0.0,0.0,7.212829113006592,0.694584846496582,16.667160630226135,0.0,0.0,6.318295359611511,0.747679591178894,16.313860833644867,0.0,0.0,12.08833622932434,0.8642377853393555,28.06040394306183,0.06146049499511719,0.27588921785354614,9.960044384002686,0.75201416015625,20.946558475494385,0.2878708839416504,1.3267189860343933,9.03580093383789,0.7448043823242188,19.0073299407959,0.2357635498046875,1.553940773010254,11.903583645820618,0.8805274963378906,28.91983950138092,0.06558799743652344,0.0736578106880188,11.369542121887207,0.8894023895263672,25.56819438934326,0.12323635816574097,0.2508923411369324
40,grounded,48,0.54931640625,12.426718473434448,0.9466996192932129,38.013328075408936,0.02683734893798828,0.14417290687561035,12.438495576381683,0.9160149097442627,36.73031586408615,0.03539133071899414,0.12346059083938599,12.930611073970795,0.929056704044342,37.98787701129913,0.026049137115478516,0.059863924980163574,5.357151985168457,0.4628143310546875,12.912005424499512,0.0,0.0,5.427398681640625,0.5714378356933594,15.022417068481445,0.0,0.0,4.807292938232422,0.487274169921875,10.740230560302734,0.0,0.0,5.32492733001709,0.7115478515625,15.085896492004395,0.0,0.0,5.5630974769592285,0.5316810607910156,13.546143531799316,0.0,0.0,5.035351753234863,0.49246978759765625,14.480662107467651,0.0,0.0,5.870738983154297,0.5942497253417969,16.790716648101807,0.0,0.0,6.417482376098633,0.5356903076171875,15.478909492492676,0.0,0.0,7.930962800979614,0.7154560089111328,19.571425676345825,0.0,0.0,7.676906526088715,0.6734551787376404,19.49830025434494,0.0,0.0,6.1891326904296875,0.6245651245117188,15.847892761230469,0.0,0.0,7.264957427978516,0.6799392700195312,22.113468170166016,0.0,0.0,7.408576965332031,0.6598281860351562,19.535211086273193,0.0,0.0,8.626050472259521,0.7324719429016113,21.753376483917236,0.0,0.0,7.273455619812012,0.5841512680053711,16.156142711639404,0.0,0.0,9.113797187805176,0.7123966217041016,23.042418479919434,0.0,0.0,9.505187034606934,0.7357749938964844,20.275799036026,0.0,0.0,7.47201681137085,0.6679487228393555,16.446717977523804,0.0,0.0,9.014039516448975,0.7525367736816406,19.130871295928955,0.0,0.0,8.623253345489502,0.7488861083984375,18.48828649520874,0.0,0.0,10.15536642074585,0.767949104309082,23.150702953338623,0.0,0.0,10.039837181568146,0.8132207989692688,24.951705873012543,0.0,0.0,5.6587671637535095,0.6811999082565308,14.214063584804535,0.0,0.0,8.648383021354675,0.7564144134521484,20.628928899765015,0.0,0.0,9.490055799484253,0.7800242900848389,23.514359176158905,0.00014710426330566406,0.00014710426330566406,9.148731708526611,0.7087011337280273,23.93179988861084,0.0,0.0,8.322075426578522,0.8122797012329102,19.59094125032425,0.0,0.0,7.195665776729584,0.7047166228294373,19.053954482078552,0.0,0.0,12.196220576763153,0.8813228607177734,32.058443784713745,0.06146049499511719,0.2733325958251953,10.529152274131775,0.8338413238525391,24.26594865322113,0.2878708839416504,1.2898664474487305,9.243354797363281,0.761016845703125,21.19770050048828,0.2357635498046875,1.5605454444885254,12.009891271591187,0.851750373840332,33.09080117940903,0.009347677230834961,0.009347677230834961,11.573721885681152,0.8894023895263672,29.63582694530487,0.13238561153411865,0.1384122371673584
40,hallucinated,50,0.54248046875,14.17724734544754,0.9467108249664307,39.76385694742203,0.02683734893798828,0.15551376342773438,14.132503509521484,0.9198582172393799,38.42432379722595,0.04374891519546509,0.17268729209899902,14.672614455223083,0.929056704044342,39.72988039255142,0.026049137115478516,0.0685989260673523,5.966780662536621,0.4628143310546875,13.521634101867676,0.0,0.0,6.144123077392578,0.5568199157714844,15.739141464233398,0.0,0.0,5.3189287185668945,0.487274169921875,11.251866340637207,0.0,0.0,5.979613304138184,0.7115478515625,15.740582466125488,0.0,0.0,6.205962181091309,0.5497169494628906,14.189008235931396,0.0,0.0,5.79387092590332,0.49246978759765625,15.239181280136108,0.0,0.0,6.758289337158203,0.5942497253417969,17.678267002105713,0.0,0.0,7.196863174438477,0.5356903076171875,16.25829029083252,0.0,0.0,9.067975282669067,0.7154560089111328,20.70843815803528,0.0,0.0,8.963882625102997,0.6734551787376404,20.785276353359222,0.0,0.0,7.015493392944336,0.6245651245117188,16.674253463745117,0.0,0.0,8.488372802734375,0.6799392700195312,23.336883544921875,0.0,0.0,8.424995422363281,0.6598281860351562,20.551629543304443,0.0,0.0,9.77288007736206,0.7324719429016113,22.900206089019775,0.0,0.0,8.148168087005615,0.5954947471618652,17.030855178833008,0.0,0.0,10.591680526733398,0.7123966217041016,24.520301818847656,0.0,0.0,10.769479751586914,0.7357749938964844,21.54009175300598,0.0,0.0,8.364989280700684,0.6679487228393555,17.339690446853638,0.0,0.0,10.36143445968628,0.7525367736816406,20.47826623916626,0.0,0.0,9.997609794139862,0.7488861083984375,19.8626429438591,0.0,0.0,11.827145099639893,0.7936458587646484,24.822481632232666,0.0,0.0,11.477699339389801,0.8249397277832031,26.389568030834198,0.0,0.0,6.2771013379096985,0.6792826652526855,14.832397758960724,0.0,0.0,10.157960176467896,0.7564144134521484,22.138506054878235,0.0,0.0,11.080511391162872,0.8272452354431152,25.104814767837524,0.0,0.0,10.720239639282227,0.7399873733520508,25.503307819366455,0.0,0.0,9.192740678787231,0.8122797012329102,20.46160650253296,0.0,0.0,8.074838042259216,0.7562540769577026,19.933126747608185,0.0,0.0,13.84753668308258,0.8813228607177734,33.70975989103317,0.06146049499511719,0.2733325958251953,11.847620368003845,0.8338413238525391,25.581650137901306,0.2878708839416504,1.2987934350967407,10.350616455078125,0.761016845703125,22.30860137939453,0.2357635498046875,1.5465965270996094,13.621783196926117,0.8557095527648926,34.69046998023987,0.022891640663146973,0.022891640663146973,13.167162418365479,0.8894023895263672,31.204952836036682,0.14135217666625977,0.1473788022994995
41,grounded,38,0.564453125,9.75393670797348,0.938922107219696,29.778873026371002,0.0326879620552063,0.08891940116882324,9.908272743225098,0.9127886295318604,28.466079711914062,0.04093247652053833,0.1427711844444275,10.231317698955536,0.9053506255149841,29.0588418841362,0.026049137115478516,0.09023594856262207,3.316373825073242,0.4200305938720703,8.608154296875,0.0,0.0,3.9011878967285156,0.5714797973632812,11.151844024658203,0.0,0.0,2.696335792541504,0.4629983901977539,7.641892433166504,0.0,0.0,3.603381633758545,0.7286968231201172,11.23158597946167,0.0,0.0,3.529883861541748,0.5072898864746094,9.929439783096313,0.0,0.0,3.660337448120117,0.48914337158203125,10.617328405380249,0.0,0.0,4.197505950927734,0.4627227783203125,11.460708618164062,0.0,0.0,4.214214324951172,0.4887199401855469,10.78338623046875,0.0,0.0,5.519828796386719,0.5714683532714844,14.141195297241211,0.0,0.0,5.750774919986725,0.6025009155273438,14.134650766849518,0.0,0.0,5.154392242431641,0.52777099609375,12.29189682006836,0.0,0.0,6.305778503417969,0.6378669738769531,17.52480125427246,0.0,0.0,6.139227867126465,0.6494064331054688,15.554436683654785,0.0,0.0,6.729413986206055,0.7188348770141602,16.808356761932373,0.0,0.0,5.304350852966309,0.5903005599975586,12.090389728546143,0.0,0.0,6.982551574707031,0.7386398315429688,17.237592697143555,0.0,0.0,6.834524154663086,0.6627082824707031,14.99834132194519,0.0,0.0,4.5347490310668945,0.6042063236236572,11.529651880264282,0.0,0.0,7.393726825714111,0.7450981140136719,16.110917568206787,0.0,0.0,6.284549713134766,0.6769723892211914,13.688973426818848,0.0,0.0,8.037128925323486,0.7965049743652344,17.296627521514893,0.0,0.0,7.531284987926483,0.810124397277832,18.812653720378876,0.0,0.0,3.241268038749695,0.6659126281738281,10.36164128780365,0.0,0.0,6.129030704498291,0.7266340255737305,15.396549224853516,0.0,0.0,7.50700831413269,0.7831364274024963,18.611802756786346,0.0,0.0,6.9661030769348145,0.7087011337280273,18.137425422668457,0.0,0.0,5.088447749614716,0.7092830538749695,13.943970620632172,0.0,0.0,4.561920940876007,0.7551820874214172,14.046952247619629,0.0,0.0,9.271706342697144,0.8278062343597412,24.23634123802185,0.06146049499511719,0.2733325958251953,7.368325233459473,0.728515625,17.43021583557129,0.2878708839416504,1.2990000247955322,6.846565246582031,0.6755218505859375,15.96412467956543,0.2357635498046875,1.5644402503967285,9.229168713092804,0.8555252552032471,24.939577221870422,0.05200386047363281,0.06847751140594482,8.644682109355927,0.8894023895263672,21.55982267856598,0.11894989013671875,0.23405492305755615
41,hallucinated,38,0.53564453125,9.945497930049896,0.9403625130653381,29.970434248447418,0.030654072761535645,0.09392708539962769,9.93552839756012,0.9112904071807861,28.493335366249084,0.04151183366775513,0.11988979578018188,10.218556761741638,0.9104695320129395,29.046080946922302,0.026049137115478516,0.10598081350326538,3.7869434356689453,0.4163990020751953,9.078723907470703,0.0,0.0,4.070206642150879,0.5978803634643555,11.320862770080566,0.0,0.0,3.045365571975708,0.4515380859375,7.990922212600708,0.0,0.0,3.588367462158203,0.7286968231201172,11.216571807861328,0.0,0.0,3.401508331298828,0.4795379638671875,9.801064252853394,0.0,0.0,3.3732287883758545,0.49346184730529785,10.330219745635986,0.0,0.0,3.5209274291992188,0.4627227783203125,10.784130096435547,0.0,0.0,4.0464019775390625,0.4887199401855469,10.61557388305664,0.0,0.0,5.328702926635742,0.5441017150878906,13.950069427490234,0.0,0.0,5.434326112270355,0.60552978515625,13.818201959133148,0.0,0.0,5.039419174194336,0.5485820770263672,12.176923751831055,0.0,0.0,6.306114196777344,0.6283988952636719,17.525136947631836,0.0,0.0,5.487556457519531,0.6494064331054688,14.902765274047852,0.0,0.0,6.22473406791687,0.7188348770141602,16.30367684364319,0.0,0.0,5.175482749938965,0.5777883529663086,11.961521625518799,0.0,0.0,7.279077529907227,0.7490425109863281,17.53411865234375,0.0,0.0,6.573186874389648,0.6226997375488281,14.737004041671753,0.0,0.0,4.646049499511719,0.6042063236236572,11.640952348709106,0.0,0.0,6.8990478515625,0.7450981140136719,15.616238594055176,0.0,0.0,6.140959978103638,0.7005157470703125,13.54538369178772,0.0,0.0,6.959395408630371,0.7531108856201172,16.218894004821777,0.0,0.0,7.594306945800781,0.7060537338256836,18.875675678253174,0.0,0.0,3.625642776489258,0.6659126281738281,10.746016025543213,0.0,0.0,6.7706897258758545,0.68402099609375,16.03820824623108,0.0,0.0,8.01265299320221,0.7767137289047241,19.117447435855865,0.0136641263961792,0.0136641263961792,7.142393112182617,0.7087011337280273,18.31371545791626,0.0,0.0,5.5562403202056885,0.659404993057251,14.411763191223145,0.040715038776397705,0.040715038776397705,5.278230249881744,0.7630515694618225,14.763261556625366,0.0,0.0,9.270655393600464,0.8361222743988037,24.23529028892517,0.06146049499511719,0.2733325958251953,7.698886871337891,0.728515625,17.792851448059082,0.2878708839416504,1.2799565196037292,6.660057067871094,0.6620330810546875,15.80549430847168,0.2357635498046875,1.5577152967453003,9.451259315013885,0.8722362518310547,25.16678923368454,0.0712738037109375,0.10674548149108887,9.073658227920532,0.8894023895263672,21.988351225852966,0.11759257316589355,0.21363747119903564
42,grounded,39,0.5478515625,9.995076298713684,0.9441259503364563,30.905605733394623,0.03369170427322388,0.14910972118377686,9.87798136472702,0.9126214385032654,29.30617266893387,0.036942243576049805,0.18838942050933838,10.192316353321075,0.9026623368263245,29.918071448802948,0.026049137115478516,0.05439883470535278,4.031833648681641,0.4455223083496094,9.589059829711914,0.0,0.0,4.6358184814453125,0.5730438232421875,12.44302749633789,0.0,0.0,3.658292770385742,0.47329139709472656,8.685737609863281,0.0,0.0,4.178750038146973,0.7168350219726562,12.142218589782715,0.0,0.0,3.888540267944336,0.5265293121337891,10.20820927619934,0.0,0.0,3.6703810691833496,0.4902486801147461,10.876900911331177,0.0,0.0,4.446104049682617,0.5244293212890625,12.58842658996582,0.0,0.0,4.600111961364746,0.5122003555297852,11.626672744750977,0.0,0.0,6.131233215332031,0.653346061706543,15.085127830505371,0.0,0.0,5.384771347045898,0.5231437683105469,13.928147077560425,0.0,0.0,4.985546112060547,0.5334892272949219,12.438098907470703,0.0,0.0,6.019380569458008,0.7103996276855469,17.653379440307617,0.0,0.0,5.744376182556152,0.6413002014160156,15.218873023986816,0.0,0.0,7.674530982971191,0.7727203369140625,18.19615077972412,0.0,0.0,5.205604553222656,0.5418246984481812,12.187134146690369,0.0,0.0,6.79339599609375,0.6994285583496094,17.118328094482422,0.0,0.0,6.840656280517578,0.6455612182617188,15.243012428283691,0.0,0.0,5.28924560546875,0.5997543334960938,12.308182716369629,0.0,0.0,7.810730457305908,0.743927001953125,16.412017345428467,0.0,0.0,7.139328062534332,0.6987266540527344,14.959369242191315,0.0,0.0,7.924915671348572,0.7400563955307007,17.592010855674744,0.0,0.0,7.736396789550781,0.7196311950683594,18.97416126728058,0.0,0.0,4.335878491401672,0.6708431243896484,11.505563855171204,0.0,0.0,6.8561049699783325,0.7055320739746094,16.017926692962646,0.0,0.0,8.021251678466797,0.7776694297790527,19.240735828876495,0.01140660047531128,0.01140660047531128,6.600783348083496,0.7087011337280273,17.928954601287842,0.0,0.0,6.095234274864197,0.6744893789291382,15.185774683952332,0.0,0.0,5.620467662811279,0.759798526763916,15.418886065483093,0.0,0.0,9.569816887378693,0.857349157333374,25.240796387195587,0.06146049499511719,0.2733325958251953,7.972634315490723,0.7287826538085938,18.536222457885742,0.2878708839416504,1.3257096409797668,7.285972595214844,0.696990966796875,16.82277488708496,0.2357635498046875,1.5936750173568726,9.587810099124908,0.8534860610961914,26.22649610042572,0.0,0.0,9.06209111213684,0.8894023895263672,23.074299812316895,0.11894214153289795,0.13250732421875
42,hallucinated,43,0.56640625,13.106488823890686,0.9460124373435974,34.017018258571625,0.03369170427322388,0.15606677532196045,13.269590854644775,0.9132306575775146,32.69778215885162,0.036942243576049805,0.2026541829109192,13.864775121212006,0.9163705110549927,33.59053021669388,0.030556082725524902,0.06159740686416626,5.212141036987305,0.5013427734375,10.769367218017578,0.0,0.0,6.215198516845703,0.5730438232421875,14.022407531738281,0.0,0.0,4.189422607421875,0.46205902099609375,9.216867446899414,0.0,0.0,5.273180961608887,0.7168350219726562,13.236649513244629,0.0,0.0,5.056879997253418,0.5386810302734375,11.376549005508423,0.0,0.0,5.448217868804932,0.5299835205078125,12.654737710952759,0.0,0.0,6.217344284057617,0.5244293212890625,14.35966682434082,0.0,0.0,6.406390190124512,0.5122003555297852,13.432950973510742,0.0,0.0,8.449247360229492,0.653346061706543,17.403141975402832,0.0,0.0,7.8175506591796875,0.5642499923706055,16.360926389694214,0.0,0.0,6.812751770019531,0.54278564453125,14.265304565429688,0.0,0.0,8.533243179321289,0.7103996276855469,20.1672420501709,0.0,0.0,7.629458427429199,0.6413002014160156,17.103955268859863,0.0,0.0,9.901294708251953,0.7727203369140625,20.422914505004883,0.0,0.0,7.02583384513855,0.5731427669525146,14.007363438606262,0.0,0.0,9.348276138305664,0.7095661163330078,19.673208236694336,0.0,0.0,8.825733184814453,0.6537895202636719,17.228089332580566,0.0,0.0,6.29390549659729,0.5997543334960938,13.312842607498169,0.0,0.0,9.457470417022705,0.7659759521484375,18.058757305145264,0.0,0.0,8.857376337051392,0.7275295257568359,16.677417516708374,0.0,0.0,10.261101007461548,0.7485475540161133,19.92819619178772,0.0,0.0,10.488341093063354,0.7732753753662109,21.726105570793152,0.0,0.0,5.05381441116333,0.6659126281738281,12.223499774932861,0.0,0.0,8.714443683624268,0.7029685974121094,17.87626540660858,0.0,0.0,10.055593252182007,0.8270734548568726,21.275077402591705,0.0,0.0,8.934950470924377,0.7087011337280273,20.263121724128723,0.0,0.0,7.5610072016716,0.6854960322380066,16.651547610759735,0.0,0.0,7.065751910209656,0.7448209524154663,16.86417031288147,0.0,0.0,12.472335875034332,0.8392961621284485,28.143315374851227,0.06146049499511719,0.2733325958251953,10.375301361083984,0.7287826538085938,20.911948204040527,0.2878708839416504,1.3300453424453735,9.444419860839844,0.696990966796875,18.96539878845215,0.2357635498046875,1.5915021896362305,13.059373080730438,0.8856701850891113,29.70179843902588,0.0024872422218322754,0.0024872422218322754,12.58624804019928,0.8894023895263672,26.595215439796448,0.12780547142028809,0.14137065410614014
43,grounded,41,0.57080078125,10.815739095211029,0.9450972676277161,32.53071141242981,0.04052966833114624,0.1773911714553833,10.680165350437164,0.91358882188797,30.879716277122498,0.03553903102874756,0.16494524478912354,11.097984492778778,0.8980349898338318,31.72772204875946,0.026233136653900146,0.06870722770690918,4.239557266235352,0.4358539581298828,10.065645217895508,0.0,0.0,4.7847137451171875,0.5779342651367188,12.758068084716797,0.0,0.0,3.822031021118164,0.47000598907470703,8.892860412597656,0.0,0.0,4.515768051147461,0.7157459259033203,12.763406753540039,0.0,0.0,3.912774085998535,0.5207834243774414,10.230290651321411,0.0,0.0,3.933305263519287,0.4807929992675781,11.467352628707886,0.0,0.0,4.6185760498046875,0.5179901123046875,13.08696174621582,0.0,0.0,5.100399017333984,0.5037918090820312,12.392940521240234,0.0,0.0,6.760128021240234,0.6767311096191406,15.902896881103516,0.0,0.0,5.8998541831970215,0.5549659729003906,14.911324739456177,0.0,0.0,5.333507537841797,0.5382461547851562,13.129058837890625,0.0,0.0,6.415578842163086,0.7017250061035156,18.457998275756836,0.0,0.0,6.386150360107422,0.6341705322265625,16.048114776611328,0.0,0.0,8.243857622146606,0.7672808170318604,19.139086961746216,0.0,0.0,5.530378341674805,0.5367096066474915,12.68312531709671,0.0,0.0,7.047121047973633,0.6975975036621094,17.59881019592285,0.0,0.0,6.915966033935547,0.6156318187713623,15.343909978866577,0.0,0.0,5.506989002227783,0.6059069633483887,12.606671333312988,0.0,0.0,7.89069128036499,0.7329206466674805,16.215177059173584,0.0,0.0,7.452771842479706,0.6999092102050781,15.061754882335663,0.0,0.0,8.404164552688599,0.7331633567810059,18.32022213935852,0.0,0.0,8.392131805419922,0.7593231201171875,20.01006293296814,0.0,0.0,4.455118775367737,0.6659126281738281,11.491227746009827,0.0,0.0,7.334224462509155,0.6688289642333984,16.631224036216736,0.0,0.0,8.380146086215973,0.8205589652061462,19.750636219978333,0.007961273193359375,0.007961273193359375,7.347630023956299,0.7087011337280273,19.015633583068848,0.0,0.0,6.1087629199028015,0.6710016131401062,15.255724012851715,0.009494483470916748,0.009494483470916748,5.501786053180695,0.7488811612129211,15.341592490673065,0.0,0.0,10.476302862167358,0.8384606838226318,26.49875235557556,0.06146049499511719,0.2733325958251953,8.713834762573242,0.7302017211914062,19.45625114440918,0.2878708839416504,1.3173765540122986,7.861339569091797,0.7254791259765625,17.48961067199707,0.2357635498046875,1.5721336603164673,10.2222221493721,0.8519306182861328,27.513320446014404,0.0,0.0,9.76213526725769,0.8894023895263672,24.29287624359131,0.11939549446105957,0.12478041648864746
43,hallucinated,42,0.57763671875,11.621887683868408,0.9479713439941406,33.33686000108719,0.04052966833114624,0.18364638090133667,11.640363454818726,0.9092128276824951,31.83991438150406,0.03553903102874756,0.17253899574279785,12.124127388000488,0.9050869941711426,32.75386494398117,0.032793402671813965,0.07887309789657593,4.638566970825195,0.5086536407470703,10.464654922485352,0.0,0.0,5.225498199462891,0.5836219787597656,13.1988525390625,0.0,0.0,3.729201316833496,0.4598102569580078,8.800030708312988,0.0,0.0,4.702183723449707,0.7157459259033203,12.949822425842285,0.0,0.0,4.1614990234375,0.5241432189941406,10.479015588760376,0.0,0.0,4.6091532707214355,0.4862661361694336,12.143200635910034,0.0,0.0,5.032756805419922,0.5179901123046875,13.501142501831055,0.0,0.0,5.8428802490234375,0.5037918090820312,13.135421752929688,0.0,0.0,7.436466217041016,0.6767311096191406,16.579235076904297,0.0,0.0,6.818406581878662,0.5634651184082031,15.829877138137817,0.0,0.0,6.027305603027344,0.5589675903320312,13.822856903076172,0.0,0.0,7.049947738647461,0.7017250061035156,19.09236717224121,0.0,0.0,6.914371490478516,0.6341705322265625,16.576335906982422,0.0,0.0,8.725820779800415,0.7672808170318604,19.621050119400024,0.0,0.0,6.28641152381897,0.5695021152496338,13.439158499240875,0.0,0.0,7.89117431640625,0.6933231353759766,18.44286346435547,0.0,0.0,7.313663482666016,0.6275901794433594,15.741607427597046,0.0,0.0,5.763374328613281,0.6059069633483887,12.863056659698486,0.0,0.0,8.289920806884766,0.6929702758789062,16.61440658569336,0.0,0.0,7.939508020877838,0.6999092102050781,15.548491060733795,0.0,0.0,9.106665849685669,0.8021483421325684,19.02272343635559,0.0,0.0,9.258831977844238,0.7680521011352539,20.876763105392456,0.0,0.0,4.773899555206299,0.6659126281738281,11.810008525848389,0.0,0.0,7.988322615623474,0.6753640174865723,17.285322189331055,0.0,0.0,8.763025343418121,0.8472873568534851,20.13351547718048,0.0,0.0,7.934780836105347,0.7087011337280273,19.602784395217896,0.0,0.0,6.391211926937103,0.709284245967865,15.538173019886017,0.0,0.0,5.825917363166809,0.7497221231460571,15.66572380065918,0.0,0.0,11.370463728904724,0.8535603284835815,27.392913222312927,0.06146049499511719,0.2733325958251953,9.282586574554443,0.7302017211914062,20.00571584701538,0.2878708839416504,1.3169730305671692,8.425323486328125,0.7254791259765625,18.030797958374023,0.2357635498046875,1.5671310424804688,11.30444198846817,0.8705182075500488,28.60170352458954,0.013734817504882812,0.013734817504882812,10.79149341583252,0.8894023895263672,25.31808829307556,0.12548255920410156,0.13086748123168945
44,grounded,45,0.58984375,12.330131590366364,0.9484419226646423,35.54632878303528,0.03369170427322388,0.1412125825881958,12.352611422538757,0.9149991273880005,34.16291397809982,0.03376728296279907,0.13442867994308472,12.85585904121399,0.9095501899719238,35.22334748506546,0.028647780418395996,0.05930924415588379,5.263240814208984,0.4384040832519531,11.630569458007812,0.0,0.0,5.63433837890625,0.58111572265625,14.205623626708984,0.0,0.0,4.619631767272949,0.46868228912353516,10.04360294342041,0.0,0.0,5.085655689239502,0.7101573944091797,13.742409229278564,0.0,0.0,4.784335136413574,0.521092414855957,11.657492876052856,0.0,0.0,4.5372514724731445,0.4799051284790039,12.539489984512329,0.0,0.0,5.568470001220703,0.524658203125,15.126575469970703,0.0,0.0,6.204900741577148,0.5220718383789062,14.428794860839844,0.0,0.0,7.544559478759766,0.6360244750976562,17.62957763671875,0.0,0.0,7.070305645465851,0.5639619827270508,17.150231897830963,0.0,0.0,6.085517406463623,0.5359878540039062,14.373670101165771,0.0,0.0,7.58717155456543,0.6927299499511719,20.860769271850586,0.0,0.0,7.868719100952148,0.6330986022949219,18.495323181152344,0.0,0.0,9.659610748291016,0.7765865325927734,21.42698860168457,0.0,0.0,6.859139919281006,0.534848690032959,14.709148287773132,0.0,0.0,8.307849884033203,0.7000961303710938,20.029512405395508,0.0,0.0,8.470172882080078,0.6613426208496094,17.880228638648987,0.0,0.0,7.263553142547607,0.6214151382446289,15.088882446289062,0.0,0.0,9.265074253082275,0.6957149505615234,18.28237771987915,0.0,0.0,8.763088345527649,0.7045173645019531,17.12307560443878,0.0,0.0,9.644040763378143,0.7445135116577148,20.689262092113495,0.0,0.0,9.69260859489441,0.7480335235595703,22.60596138238907,0.0,0.0,5.373458743095398,0.6659126281738281,12.992866396903992,0.0,0.0,8.788405895233154,0.8196811676025391,19.14616298675537,0.0,0.0,10.079832196235657,0.8240838050842285,22.530276775360107,0.0220566987991333,0.027975082397460938,8.555342197418213,0.7170772552490234,21.444188117980957,0.0,0.0,7.740504086017609,0.6610363125801086,17.686116993427277,0.0,0.0,6.849810361862183,0.74576735496521,17.567936420440674,0.0,0.0,11.983848929405212,0.8394460678100586,29.551991820335388,0.06146049499511719,0.2733325958251953,10.211206436157227,0.7533645629882812,22.054288387298584,0.2878708839416504,1.2733466625213623,9.222007751464844,0.690887451171875,19.7318058013916,0.2357635498046875,1.4950201511383057,12.079207956790924,0.8594436645507812,30.97665411233902,0.0,0.0,11.493406653404236,0.8894023895263672,27.68664801120758,0.11960101127624512,0.12381863594055176
44,hallucinated,46,0.5927734375,13.137115597724915,0.9462422728538513,36.35331279039383,0.03369170427322388,0.14838290214538574,13.304901957511902,0.9123247861862183,35.11520451307297,0.03430980443954468,0.14967763423919678,13.902933776378632,0.9095501899719238,36.2704222202301,0.03667771816253662,0.06733918190002441,5.643922805786133,0.5027217864990234,12.011251449584961,0.0,0.0,6.085258483886719,0.5862045288085938,14.656543731689453,0.0,0.0,4.557494163513184,0.45785999298095703,9.981465339660645,0.0,0.0,5.319651126861572,0.7101573944091797,13.976404666900635,0.0,0.0,5.139078140258789,0.5277099609375,12.012235879898071,0.0,0.0,5.236410617828369,0.4799051284790039,13.238649129867554,0.0,0.0,5.9966583251953125,0.524658203125,15.554763793945312,0.0,0.0,6.943868637084961,0.5220718383789062,15.167762756347656,0.0,0.0,8.0869140625,0.6337356567382812,18.171932220458984,0.0,0.0,8.070735037326813,0.633526086807251,18.150661289691925,0.0,0.0,6.606227397918701,0.53662109375,14.89438009262085,0.0,0.0,8.153107643127441,0.6927299499511719,21.426705360412598,0.0,0.0,8.408143997192383,0.6330986022949219,19.034748077392578,0.0,0.0,10.400896072387695,0.8026809692382812,22.16827392578125,0.0,0.0,7.682814598083496,0.5635175704956055,15.532822966575623,0.0,0.0,9.003936767578125,0.6960601806640625,20.72559928894043,0.0,0.0,9.029476165771484,0.6613426208496094,18.439531922340393,0.0,0.0,7.681306838989258,0.6214151382446289,15.506636142730713,0.0,0.0,9.42853307723999,0.6902427673339844,18.445836544036865,0.0,0.0,9.271089792251587,0.7045173645019531,17.63107705116272,0.0,0.0,10.319323182106018,0.7871026396751404,21.36454451084137,0.0,0.0,10.53936219215393,0.7557029724121094,23.45271497964859,0.0,0.0,5.947062969207764,0.6694059371948242,13.566470623016357,0.0,0.0,9.479348540306091,0.8196811676025391,19.837105631828308,0.0,0.0,10.641668736934662,0.8471213579177856,23.092113316059113,0.0,0.0,9.02671194076538,0.7170772552490234,21.915557861328125,0.0,0.0,8.292477786540985,0.6917068362236023,18.238090693950653,0.0,0.0,7.272319853305817,0.7438755631446838,17.990445911884308,0.0,0.0,12.855019390583038,0.8613837361335754,30.423162281513214,0.06146049499511719,0.2733325958251953,10.802105903625488,0.7533645629882812,22.645187854766846,0.2878708839416504,1.268258273601532,9.754219055175781,0.690887451171875,20.26401710510254,0.2357635498046875,1.4886056184768677,13.02825254201889,0.8614606857299805,31.93051713705063,0.004347801208496094,0.004347801208496094,12.572381854057312,0.8894023895263672,28.765153288841248,0.13334941864013672,0.13756704330444336
45,grounded,42,0.599609375,11.914002418518066,0.9471517205238342,33.73759752511978,0.03369170427322388,0.14574915170669556,11.477559268474579,0.9175350069999695,31.65045839548111,0.041400909423828125,0.17729318141937256,12.001089930534363,0.9210381507873535,32.61620771884918,0.026882410049438477,0.07140272855758667,4.4819746017456055,0.5024871826171875,10.271035194396973,0.0,0.0,5.43572998046875,0.5705451965332031,13.462421417236328,0.0,0.0,3.9228734970092773,0.45845794677734375,9.003397941589355,0.0,0.0,4.486362457275391,0.7123279571533203,12.56005859375,0.0,0.0,4.254638671875,0.52911376953125,10.752957582473755,0.0,0.0,4.520188808441162,0.48970508575439453,12.083920240402222,0.0,0.0,5.220869064331055,0.5120391845703125,13.847906112670898,0.0,0.0,5.529415130615234,0.5110359191894531,12.94580078125,0.0,0.0,7.402981758117676,0.6776580810546875,16.664292335510254,0.0,0.0,7.137599468231201,0.6003303527832031,16.27221703529358,0.0,0.0,5.453266143798828,0.5388298034667969,13.20302963256836,0.0,0.0,7.624885559082031,0.6516342163085938,19.723461151123047,0.0,0.0,6.772436141967773,0.6420516967773438,16.495506286621094,0.0,0.0,8.977609872817993,0.7900285720825195,19.77648377418518,0.0,0.0,6.5600526332855225,0.5856969356536865,13.775696098804474,0.0,0.0,8.020668029785156,0.7078208923339844,18.844398498535156,0.0,0.0,8.418647766113281,0.6881446838378906,17.096304893493652,0.0,0.0,5.982002258300781,0.6062791347503662,13.311310529708862,0.0,0.0,8.622386455535889,0.7553825378417969,17.649457454681396,0.0,0.0,8.593050241470337,0.7594356536865234,16.90848708152771,0.0,0.0,8.994707584381104,0.7150659561157227,19.24391222000122,0.0,0.0,8.97377872467041,0.7638678550720215,20.782948195934296,0.0,0.0,5.1155054569244385,0.6659126281738281,12.473759889602661,0.0,0.0,8.12407398223877,0.7101821899414062,17.66511857509613,0.0,0.0,8.670982956886292,0.7855006456375122,20.266713678836823,0.0,0.0,8.001833438873291,0.7087011337280273,19.636662483215332,0.0,0.0,7.092009782791138,0.6778932809829712,16.454419136047363,0.018817603588104248,0.018817603588104248,6.453600287437439,0.7436479330062866,16.63563185930252,0.0,0.0,10.851049304008484,0.8226222991943359,27.092469334602356,0.06146049499511719,0.2733325958251953,9.00718355178833,0.7201533317565918,20.01107168197632,0.2878708839416504,1.311639666557312,8.151008605957031,0.666229248046875,18.10920524597168,0.2357635498046875,1.5783793926239014,11.140486478805542,0.851750373840332,28.473606646060944,0.00620037317276001,0.011663973331451416,10.793083727359772,0.8894023895263672,25.393089592456818,0.11912786960601807,0.15781152248382568
45,hallucinated,42,0.59716796875,11.703882694244385,0.9473087787628174,33.5274778008461,0.03369170427322388,0.14980089664459229,11.59655648469925,0.9110060334205627,31.76945561170578,0.041400909423828125,0.1753353476524353,12.051823854446411,0.9081912040710449,32.66694164276123,0.03306913375854492,0.07758945226669312,4.6179304122924805,0.5024871826171875,10.406991004943848,0.0,0.0,5.430690765380859,0.5843658447265625,13.457382202148438,0.0,0.0,3.8476343154907227,0.4663867950439453,8.9281587600708,0.0,0.0,4.403127670288086,0.7123279571533203,12.476823806762695,0.0,0.0,4.391622543334961,0.5216598510742188,10.889941453933716,0.0,0.0,4.653123378753662,0.48970508575439453,12.216854810714722,0.0,0.0,5.185962677001953,0.5120391845703125,13.812999725341797,0.0,0.0,5.735996246337891,0.5110359191894531,13.152381896972656,0.0,0.0,7.297438621520996,0.6776580810546875,16.558749198913574,0.0,0.0,7.1775803565979,0.5876312255859375,16.31219792366028,0.0,0.0,5.816780090332031,0.5580596923828125,13.566543579101562,0.0,0.0,7.465892791748047,0.6516342163085938,19.564468383789062,0.0,0.0,6.770444869995117,0.6420516967773438,16.493515014648438,0.0,0.0,8.92696499824524,0.7900285720825195,19.725838899612427,0.0,0.0,6.517955780029297,0.5708065032958984,13.733599245548248,0.0,0.0,8.187946319580078,0.7205142974853516,19.011676788330078,0.0,0.0,8.126457214355469,0.6639976501464844,16.80411434173584,0.0,0.0,6.296420574188232,0.6062791347503662,13.625728845596313,0.0,0.0,9.018077373504639,0.769871711730957,18.045148372650146,0.0,0.0,8.785008311271667,0.7594356536865234,17.10044515132904,0.0,0.0,9.32082986831665,0.7570838928222656,19.570034503936768,0.0,0.0,9.015135288238525,0.7638678550720215,20.82430475950241,0.0,0.0,5.031105995178223,0.6710433959960938,12.389360427856445,0.0,0.0,8.180364608764648,0.7101821899414062,17.72140920162201,0.0,0.0,8.960435628890991,0.8165104985237122,20.556166350841522,0.0,0.0,7.965113401412964,0.7087011337280273,19.599942445755005,0.0,0.0,6.979155898094177,0.6683027744293213,16.341565251350403,0.002445220947265625,0.002445220947265625,6.506629586219788,0.7589937448501587,16.68866115808487,0.0,0.0,11.030460715293884,0.8364806175231934,27.271880745887756,0.06146049499511719,0.2733325958251953,9.132153034210205,0.7201533317565918,20.109395503997803,0.2878708839416504,1.3073248267173767,8.21371078491211,0.666229248046875,18.171907424926758,0.2357635498046875,1.576552391052246,11.29361206293106,0.873112678527832,28.627249777317047,0.007749617099761963,0.01321321725845337,10.891141772270203,0.8894023895263672,25.4896342754364,0.12520623207092285,0.16388988494873047
46,grounded,48,0.611328125,14.167032837867737,0.9482740163803101,38.37506020069122,0.03369170427322388,0.21644538640975952,13.930390357971191,0.9207977056503296,36.53199291229248,0.03795903921127319,0.14611107110977173,14.605031847953796,0.9143805503845215,37.79734432697296,0.02736222743988037,0.06218159198760986,6.081607818603516,0.4434013366699219,13.184537887573242,0.0,0.0,6.566316604614258,0.5820045471191406,15.675695419311523,0.0,0.0,5.348206520080566,0.4629955291748047,11.149077415466309,0.0,0.0,6.093964576721191,0.7047109603881836,15.324538230895996,0.0,0.0,5.621268272399902,0.5140361785888672,12.845847368240356,0.0,0.0,5.577951431274414,0.5103540420532227,14.136189222335815,0.0,0.0,6.770816802978516,0.5624485015869141,16.78652572631836,0.0,0.0,7.035421371459961,0.5089797973632812,15.514514923095703,0.0,0.0,9.207290649414062,0.6560401916503906,20.03140425682068,0.0,0.0,7.330278396606445,0.5246171951293945,17.54416823387146,0.0,0.0,6.864723205566406,0.5241546630859375,15.5496826171875,0.0,0.0,8.7249755859375,0.6765384674072266,22.37681007385254,0.0,0.0,8.867280960083008,0.6330833435058594,20.26479148864746,0.0,0.0,10.886834144592285,0.7807464599609375,23.67947006225586,0.0,0.0,7.687741279602051,0.5720672607421875,15.83453619480133,0.0,0.0,9.497642517089844,0.720672607421875,21.54019546508789,0.0,0.0,10.106233596801758,0.7389793395996094,20.6075701713562,0.0,0.0,8.469692051410675,0.6465210914611816,16.82609349489212,0.0,0.0,11.064403653144836,0.7772823572158813,21.456416249275208,0.0,0.0,10.26487547159195,0.73626708984375,20.107564508914948,0.0,0.0,11.070263028144836,0.718963623046875,23.14599049091339,0.0,0.0,11.483996748924255,0.8286304473876953,25.299100875854492,0.0,0.0,6.718641579151154,0.6737634539604187,15.11979991197586,0.0,0.0,10.176769256591797,0.7412548065185547,21.5828800201416,0.0,0.0,11.094554424285889,0.8012033700942993,24.32123976945877,0.01915156841278076,0.01915156841278076,9.706593036651611,0.7087011337280273,23.457721710205078,0.0,0.0,9.047798037528992,0.6948032379150391,20.318695664405823,0.04119318723678589,0.04119318723678589,8.11619770526886,0.732282280921936,19.82762998342514,0.0,0.0,13.594694375991821,0.8422892093658447,32.31973481178284,0.06146049499511719,0.2733325958251953,11.815335869789124,0.7526035308837891,24.779234528541565,0.2878708839416504,1.3113703727722168,10.814918518066406,0.7145843505859375,22.467084884643555,0.2357635498046875,1.539839744567871,13.781124770641327,0.8795652389526367,33.7874498963356,0.002245187759399414,0.002245187759399414,13.167048215866089,0.8894023895263672,30.35017955303192,0.12682294845581055,0.12682294845581055
46,hallucinated,42,0.57275390625,8.92537647485733,0.9410062432289124,33.13340383768082,0.03369170427322388,0.16252529621124268,9.128438711166382,0.9124435186386108,31.73004126548767,0.040052831172943115,0.14951717853546143,9.338493704795837,0.9033763408660889,32.530806183815,0.026049137115478516,0.05311936140060425,3.691556930541992,0.4391307830810547,10.794486999511719,0.0,0.0,4.136957168579102,0.5858631134033203,13.246335983276367,0.0,0.0,2.4977121353149414,0.45915699005126953,8.298583030700684,0.0,0.0,3.68857479095459,0.7137136459350586,12.919148445129395,0.0,0.0,3.3201169967651367,0.5292892456054688,10.54469609260559,0.0,0.0,4.10390567779541,0.5525093078613281,12.662143468856812,0.0,0.0,4.217029571533203,0.5624485015869141,14.232738494873047,0.0,0.0,4.469730377197266,0.5247688293457031,12.948823928833008,0.0,0.0,5.638763427734375,0.6379356384277344,16.46287703514099,0.0,0.0,5.647878885269165,0.6105527877807617,15.86176872253418,0.0,0.0,4.966701507568359,0.5469436645507812,13.651660919189453,0.0,0.0,6.402854919433594,0.7503013610839844,20.054689407348633,0.0,0.0,5.7882843017578125,0.6665725708007812,17.185794830322266,0.0,0.0,7.540307998657227,0.7900657653808594,20.3329439163208,0.0,0.0,4.87394118309021,0.5891473293304443,13.02073609828949,0.0,0.0,6.824468612670898,0.7147560119628906,18.867021560668945,0.0,0.0,6.416721343994141,0.6778335571289062,16.918057918548584,0.0,0.0,4.282475054264069,0.6187101006507874,12.638876497745514,0.0,0.0,6.652313709259033,0.7311210632324219,17.044326305389404,0.0,0.0,5.938080310821533,0.6939053535461426,15.780769348144531,0.0,0.0,7.325390338897705,0.8175039291381836,19.40111780166626,0.0,0.0,7.599743723869324,0.782562255859375,21.41484785079956,0.0,0.0,3.6507606506347656,0.6933512687683105,12.051918983459473,0.0,0.0,5.82587456703186,0.6967573165893555,17.231985330581665,0.0,0.0,6.859741926193237,0.8603428602218628,20.08642727136612,0.0,0.0,5.819089889526367,0.7087011337280273,19.570218563079834,0.0,0.0,4.727214992046356,0.6870996356010437,15.998112618923187,0.044850707054138184,0.044850707054138184,4.761988461017609,0.7243764996528625,16.47342073917389,0.0,0.0,8.585099875926971,0.8479000926017761,27.310140311717987,0.06146049499511719,0.2733325958251953,7.115292310714722,0.7671165466308594,20.079190969467163,0.2878708839416504,1.3332255482673645,6.385540008544922,0.7587013244628906,18.03770637512207,0.2357635498046875,1.5354599952697754,8.688765525817871,0.8763898611068726,28.688390970230103,0.03798002004623413,0.03798002004623413,8.337272644042969,0.8894023895263672,25.518914341926575,0.141282320022583,0.141282320022583
47,grounded,47,0.568359375,14.568729519844055,0.947245180606842,36.8371616601944,0.02395099401473999,0.15024876594543457,14.927388668060303,0.9221422672271729,36.057884216308594,0.04139351844787598,0.1683642864227295,15.499586999416351,0.909997820854187,36.956459164619446,0.03409922122955322,0.12322449684143066,5.749942302703857,0.4508247375488281,11.645135402679443,0.0,0.0,6.645673751831055,0.5695152282714844,14.912494659423828,0.0,0.0,4.728934288024902,0.44287681579589844,9.913538932800293,0.0,0.0,5.387491226196289,0.7316875457763672,14.073385238647461,0.0,0.0,5.449835300445557,0.5341300964355469,12.436651706695557,0.0,0.0,4.86924934387207,0.49827098846435547,12.428906202316284,0.0,0.0,6.388147354125977,0.510711669921875,14.883172988891602,0.0,0.0,6.732885360717773,0.5358428955078125,14.340764999389648,0.0,0.0,8.685903549194336,0.6228828430175781,18.101917266845703,0.0,0.0,9.655995845794678,0.665290117263794,18.928077459335327,0.0,0.0,7.537044525146484,0.504669189453125,15.483684539794922,0.0,0.0,9.407718658447266,0.7235813140869141,21.85127067565918,0.0,0.0,8.661657333374023,0.6401939392089844,18.786821365356445,0.0,0.0,10.518259048461914,0.7259769439697266,21.261938095092773,0.0,0.0,8.121672630310059,0.5848264694213867,15.84588360786438,0.0,0.0,10.496065139770508,0.726837158203125,21.828338623046875,0.0,0.0,9.95334243774414,0.6258773803710938,19.004863739013672,0.0,0.0,7.96437668800354,0.6544103622436523,15.6871919631958,0.0,0.0,9.695528507232666,0.7429771423339844,18.654381275177002,0.0,0.0,9.522944867610931,0.6639480590820312,17.93831580877304,0.0,0.0,11.689400553703308,0.7761759757995605,22.406790614128113,0.0,0.0,11.437827408313751,0.7189036011695862,24.00793159008026,0.0,0.0,5.9422430992126465,0.6689128875732422,13.516672134399414,0.0,0.0,10.101037621498108,0.6897659301757812,20.01354146003723,0.0,0.0,11.085334658622742,0.7938137054443359,23.262986481189728,0.0,0.0,10.388210535049438,0.7087011337280273,22.834062337875366,0.0,0.0,8.05151641368866,0.6684693098068237,17.699449062347412,0.0,0.0,7.34634006023407,0.708633303642273,17.785925269126892,0.0,0.0,14.458743214607239,0.8607702255249023,31.801388442516327,0.06146049499511719,0.2733325958251953,12.421652793884277,0.8012170791625977,24.426241874694824,0.2878708839416504,1.4442253112792969,11.122734069824219,0.7364578247070312,21.545438766479492,0.2357635498046875,1.7190954685211182,14.015674710273743,0.851750373840332,31.859397411346436,0.07907676696777344,0.12653273344039917,13.815965473651886,0.8894023895263672,29.01887756586075,0.12869048118591309,0.2601189613342285
47,hallucinated,43,0.5693359375,11.381321728229523,0.9482196569442749,33.649753868579865,0.025656580924987793,0.14926952123641968,11.63902235031128,0.9103121757507324,32.76951789855957,0.03599667549133301,0.1679648756980896,11.878023564815521,0.9092268943786621,33.334895730018616,0.036542654037475586,0.08728116750717163,4.379756450653076,0.4265899658203125,10.274949550628662,0.0,0.0,4.997220993041992,0.5819587707519531,13.264041900634766,0.0,0.0,3.6548080444335938,0.4332237243652344,8.839412689208984,0.0,0.0,4.326879501342773,0.7316875457763672,13.012773513793945,0.0,0.0,4.4558515548706055,0.5341300964355469,11.442667961120605,0.0,0.0,3.9647393226623535,0.49827098846435547,11.524396181106567,0.0,0.0,4.956428527832031,0.4627227783203125,13.451454162597656,0.0,0.0,5.341974258422852,0.5358428955078125,12.949853897094727,0.0,0.0,6.6998291015625,0.6228828430175781,16.115842819213867,0.0,0.0,7.2244873046875,0.665290117263794,16.49656891822815,0.0,0.0,6.098051071166992,0.49903106689453125,14.04469108581543,0.0,0.0,6.963960647583008,0.6878395080566406,19.407512664794922,0.0,0.0,6.735807418823242,0.6401939392089844,16.860971450805664,0.0,0.0,7.876609802246094,0.7005701065063477,18.620288848876953,0.0,0.0,6.314831256866455,0.5767941474914551,14.039042234420776,0.0,0.0,7.718358993530273,0.681976318359375,19.05063247680664,0.0,0.0,7.704166412353516,0.6258773803710938,16.755687713623047,0.0,0.0,6.2638163566589355,0.6544103622436523,13.986631631851196,0.0,0.0,7.748045921325684,0.7429771423339844,16.70689868927002,0.0,0.0,7.176702857017517,0.6639480590820312,15.592073798179626,0.0,0.0,8.938786506652832,0.7761759757995605,19.656176567077637,0.0,0.0,8.668380737304688,0.7543849945068359,21.238484919071198,0.0,0.0,5.0440285205841064,0.6758499145507812,12.618457555770874,0.0,0.0,7.590226352214813,0.6899471282958984,17.502730190753937,0.0,0.0,8.942588448524475,0.8048729300498962,21.12024027109146,0.04042857885360718,0.04691207408905029,7.987765312194824,0.7087011337280273,20.433617115020752,0.0,0.0,6.4664753675460815,0.7152584791183472,16.114408016204834,0.0,0.0,6.132957339286804,0.715666651725769,16.572542548179626,0.0,0.0,11.359246850013733,0.8607702255249023,28.70189207792282,0.06146049499511719,0.2733325958251953,9.707218170166016,0.8012170791625977,21.740148544311523,0.2878708839416504,1.4434649348258972,8.590953826904297,0.7364578247070312,19.014894485473633,0.2357635498046875,1.6919143199920654,11.049533665180206,0.8744935989379883,28.88575130701065,0.03531384468078613,0.0627400279045105,10.79037058353424,0.8894023895263672,25.98362672328949,0.1336197853088379,0.16214227676391602
48,grounded,51,0.60107421875,12.940953433513641,0.9483522772789001,40.04757612943649,0.02116858959197998,0.15280920267105103,13.220997333526611,0.9208407402038574,39.00665867328644,0.041689395904541016,0.1858682632446289,13.81599223613739,0.9211790561676025,40.45404809713364,0.026049137115478516,0.10367697477340698,5.713634490966797,0.46067047119140625,13.790088653564453,0.0,0.0,6.363643646240234,0.5658226013183594,16.67108726501465,0.0,0.0,5.104191780090332,0.4621286392211914,11.67143726348877,0.0,0.0,5.7158002853393555,0.7232723236083984,16.258374214172363,0.0,0.0,5.853912830352783,0.5382823944091797,14.846665382385254,0.0,0.0,5.226052284240723,0.4914093017578125,15.069715738296509,0.0,0.0,5.818878173828125,0.5805511474609375,17.705427169799805,0.0,0.0,6.956474304199219,0.5418281555175781,16.787732124328613,0.0,0.0,8.213739395141602,0.6661319732666016,20.788583755493164,0.0,0.0,8.529499173164368,0.6519908905029297,20.817802786827087,0.0,0.0,7.274694442749023,0.60107421875,17.799375534057617,0.0,0.0,8.574633598327637,0.691258430480957,24.647287368774414,0.0,0.0,8.644659042358398,0.6804962158203125,21.93732452392578,0.0,0.0,9.406988143920898,0.7006759643554688,23.56287956237793,0.0,0.0,7.65129280090332,0.5852298736572266,17.121849417686462,0.0,0.0,9.110174179077148,0.73834228515625,24.047863006591797,0.0,0.0,9.579242706298828,0.7151546478271484,21.207566738128662,0.0,0.0,8.624253273010254,0.6411418914794922,18.120057106018066,0.0,0.0,9.321774959564209,0.7547712326049805,20.424779415130615,0.0,0.0,9.563769459724426,0.7705936431884766,20.02232277393341,0.0,0.0,10.723315715789795,0.7886841297149658,24.875579357147217,0.0,0.0,10.148015260696411,0.825340747833252,26.314977169036865,0.0,0.0,6.178073585033417,0.6659126281738281,15.35498970746994,0.0,0.0,9.159999072551727,0.7737703323364258,21.99401944875717,0.0,0.0,10.897186398506165,0.8034263849258423,25.76955270767212,0.05450451374053955,0.05450451374053955,9.52190113067627,0.7281875610351562,25.38645315170288,0.0,0.0,8.480387449264526,0.6992566585540771,20.84955644607544,0.0,0.0,7.622597932815552,0.7310054302215576,20.551392912864685,0.0,0.0,13.311378538608551,0.8812751770019531,34.66958886384964,0.06146049499511719,0.29067182540893555,11.525620460510254,0.7859916687011719,26.373852729797363,0.2878708839416504,1.2961288690567017,10.320053100585938,0.7332916259765625,23.414518356323242,0.2357635498046875,1.499162197113037,12.98559820652008,0.8853664398193359,35.862298250198364,0.01706695556640625,0.022551298141479492,12.534695506095886,0.8894023895263672,32.204191625118256,0.14174258708953857,0.1731623411178589
48,hallucinated,52,0.58642578125,13.771690428256989,0.9494083523750305,40.87831312417984,0.02128976583480835,0.1553107500076294,14.107471108436584,0.9228659868240356,39.89313244819641,0.04265916347503662,0.16629505157470703,14.759560406208038,0.9185440540313721,41.397616267204285,0.028037071228027344,0.10778290033340454,6.045572280883789,0.46067047119140625,14.122026443481445,0.0,0.0,6.554359436035156,0.5634574890136719,16.86180305480957,0.0,0.0,5.312661170959473,0.4569520950317383,11.87990665435791,0.0,0.0,6.006791114807129,0.7232723236083984,16.549365043640137,0.0,0.0,5.990995407104492,0.5382823944091797,14.983747959136963,0.0,0.0,5.698652744293213,0.4914093017578125,15.542316198348999,0.0,0.0,6.311079025268555,0.5805511474609375,18.197628021240234,0.0,0.0,7.363407135009766,0.5418281555175781,17.19466495513916,0.0,0.0,8.715476036071777,0.6551513671875,21.29032039642334,0.0,0.0,9.109803557395935,0.6519908905029297,21.398107171058655,0.0,0.0,7.546194076538086,0.5933380126953125,18.07087516784668,0.0,0.0,9.126631736755371,0.691258430480957,25.19928550720215,0.0,0.0,9.098186492919922,0.6968040466308594,22.390851974487305,0.0,0.0,9.775274276733398,0.6870384216308594,23.93116569519043,0.0,0.0,8.0782151222229,0.5890278816223145,17.548771739006042,0.0,0.0,9.914112091064453,0.7388992309570312,24.8518009185791,0.0,0.0,10.174610137939453,0.7151546478271484,21.802934169769287,0.0,0.0,8.891054630279541,0.6214885711669922,18.386858463287354,0.0,0.0,9.976705551147461,0.7547712326049805,21.079710006713867,0.0,0.0,9.912880778312683,0.7024917602539062,20.371434092521667,0.0,0.0,11.658555269241333,0.7963268756866455,25.810818910598755,0.0,0.0,11.142407894134521,0.825340747833252,27.309369802474976,0.0,0.0,6.305102467536926,0.6969417333602905,15.48201858997345,0.0,0.0,9.895138323307037,0.7737703323364258,22.72915869951248,0.0,0.0,11.612687051296234,0.7682590484619141,26.48505336046219,0.08067607879638672,0.13158148527145386,10.126570224761963,0.7405991554260254,25.991122245788574,0.0,0.0,8.725740671157837,0.7111685276031494,21.09490966796875,0.0,0.0,7.74992835521698,0.7113145589828491,20.678723335266113,0.0,0.0,14.229170858860016,0.8723616600036621,35.587381184101105,0.06146049499511719,0.2733325958251953,12.11398458480835,0.7737274169921875,26.96221685409546,0.2878708839416504,1.2880365252494812,10.975799560546875,0.7332916259765625,24.07026481628418,0.2357635498046875,1.5030038356781006,13.892195045948029,0.8805828094482422,36.774066388607025,0.01706695556640625,0.02847069501876831,13.392084300518036,0.8894023895263672,33.05477625131607,0.14347481727600098,0.1748945713043213
49,grounded,50,0.55859375,14.142966568470001,0.9484946131706238,39.75186389684677,0.019701838493347168,0.1356487274169922,13.954542756080627,0.9217580556869507,38.319809794425964,0.05244243144989014,0.18954479694366455,14.586808919906616,0.9115056991577148,39.5978627204895,0.026049137115478516,0.07998073101043701,5.616870880126953,0.477264404296875,13.271608829498291,0.0,0.0,6.3520355224609375,0.6061458587646484,16.296354293823242,0.0,0.0,3.8230834007263184,0.44553518295288086,10.011193752288818,0.0,0.0,5.579954147338867,0.7261161804199219,15.638510704040527,0.0,0.0,5.349465847015381,0.5743675231933594,13.882801294326782,0.0,0.0,5.8238115310668945,0.5756378173828125,15.04611086845398,0.0,0.0,6.959484100341797,0.5815811157226562,17.134761810302734,0.0,0.0,7.376021862030029,0.5472121238708496,17.395095348358154,0.0,0.0,8.747842788696289,0.6939754486083984,20.70189094543457,0.0,0.0,8.432132303714752,0.6009902954101562,20.047837555408478,0.0,0.0,7.848501205444336,0.5463638305664062,18.205623626708984,0.0,0.0,9.62038803100586,0.6741294860839844,24.839876174926758,0.0,0.0,9.071495056152344,0.6736202239990234,21.99634838104248,0.0,0.0,10.245173454284668,0.7614879608154297,24.310202598571777,0.0,0.0,7.350455284118652,0.6082067489624023,16.77321946620941,0.0,0.0,10.351054191589355,0.7628211975097656,24.589726448059082,0.0,0.0,10.114567756652832,0.6647872924804688,21.79714322090149,0.0,0.0,7.346243619918823,0.6191737651824951,16.62855339050293,0.0,0.0,10.913541913032532,0.7723579406738281,22.326258778572083,0.0,0.0,10.632209300994873,0.7559957504272461,21.40730381011963,0.0,0.0,11.967914640903473,0.7611832618713379,25.767569601535797,0.0,0.0,10.264480113983154,0.8021683692932129,25.595988273620605,0.0,0.0,5.046679735183716,0.6659126281738281,13.986001253128052,0.0,0.0,8.766766548156738,0.6611310243606567,21.586596846580505,0.0,0.0,10.680496871471405,0.8105937838554382,25.12458509206772,0.011454343795776367,0.011454343795776367,9.39963960647583,0.7095451354980469,24.48002529144287,0.0,0.0,7.900497257709503,0.6648635864257812,19.601098120212555,0.0,0.0,7.149502217769623,0.7571038603782654,19.681844830513,0.0,0.0,13.842835128307343,0.8730831146240234,34.50728851556778,0.06146049499511719,0.2733325958251953,11.608728408813477,0.772125244140625,25.78170108795166,0.2878708839416504,1.2931572198867798,10.653388977050781,0.756195068359375,23.02962303161621,0.2357635498046875,1.5148868560791016,13.931257486343384,0.8803582191467285,35.401124119758606,0.024416208267211914,0.05105513334274292,13.483234763145447,0.8894023895263672,31.98294299840927,0.13229459524154663,0.18388044834136963
49,hallucinated,55,0.544921875,18.221005499362946,0.9482901096343994,43.829902827739716,0.018883585929870605,0.17078644037246704,18.41401469707489,0.9279286861419678,42.77978903055191,0.05076473951339722,0.1808801293373108,19.188846051692963,0.9169347286224365,44.20015507936478,0.03336167335510254,0.09180742502212524,7.985991477966309,0.5371322631835938,15.639194011688232,0.0,0.0,8.951684951782227,0.5712623596191406,18.89576530456543,0.0,0.0,6.1523284912109375,0.4454936981201172,12.34105110168457,0.0,0.0,7.821952819824219,0.7159271240234375,17.87832546234131,0.0,0.0,7.4863739013671875,0.5349388122558594,16.01922917366028,0.0,0.0,7.246463775634766,0.5063786506652832,16.468726873397827,0.0,0.0,7.444825172424316,0.5816268920898438,17.622307777404785,0.0,0.0,9.628028869628906,0.5329780578613281,19.648133277893066,0.0,0.0,11.15200138092041,0.6358795166015625,23.10463047027588,0.0,0.0,11.282164514064789,0.6134929656982422,22.900276362895966,0.0,0.0,10.059574127197266,0.5562782287597656,20.4178466796875,0.0,0.0,12.052209854125977,0.7015647888183594,27.270902633666992,0.0,0.0,11.161798477172852,0.6653566360473633,24.086531162261963,0.0,0.0,13.075180053710938,0.7766304016113281,27.136531829833984,0.0,0.0,10.081526756286621,0.581390380859375,19.50372153520584,0.0,0.0,13.619447708129883,0.7414417266845703,27.856350898742676,0.0,0.0,12.71545696258545,0.6574974060058594,24.402978897094727,0.0,0.0,9.874302864074707,0.6339006423950195,19.1541850566864,0.0,0.0,13.208430290222168,0.7748575210571289,24.621599197387695,0.0,0.0,12.364207029342651,0.7011947631835938,23.137868642807007,0.0,0.0,13.77649199962616,0.7328033447265625,27.571346163749695,0.0,0.0,14.164573192596436,0.7494878768920898,29.49526757001877,0.0,0.0,6.97004508972168,0.6702470779418945,15.904577255249023,0.0,0.0,12.771986246109009,0.7070369720458984,25.59488594532013,0.0,0.0,14.96679276227951,0.8340320587158203,29.411453783512115,0.0,0.0,13.435370445251465,0.7567329406738281,28.522039890289307,0.0,0.0,10.926597833633423,0.7383148670196533,22.627176761627197,0.0,0.0,9.948568403720856,0.7460046410560608,22.484648048877716,0.0,0.0,17.888982355594635,0.8559379577636719,38.549871027469635,0.061496734619140625,0.2744598388671875,15.202357292175293,0.7519769668579102,29.370515823364258,0.2865424156188965,1.285316288471222,13.52484130859375,0.7120437622070312,25.893640518188477,0.23561668395996094,1.5274766683578491,17.832841634750366,0.8880420923233032,39.28857237100601,0.025659799575805664,0.07186126708984375,17.410517394542694,0.8894290924072266,35.84251284599304,0.14704465866088867,0.18862193822860718
50,grounded,44,0.63232421875,11.485518753528595,0.9489259123802185,34.75372225046158,0.03005504608154297,0.16357064247131348,11.547548830509186,0.9150224328041077,33.50132328271866,0.03627878427505493,0.1416400671005249,11.9029261469841,0.9049806594848633,34.359665393829346,0.026049137115478516,0.06036937236785889,4.987042427062988,0.455841064453125,11.667841911315918,0.0,0.0,5.517498016357422,0.5719413757324219,14.241035461425781,0.0,0.0,4.608878135681152,0.4720916748046875,10.194409370422363,0.0,0.0,4.930485010147095,0.7060718536376953,13.676380395889282,0.0,0.0,4.882015228271484,0.5219669342041016,11.940734624862671,0.0,0.0,4.320545196533203,0.4766845703125,12.434619188308716,0.0,0.0,5.274349212646484,0.4772777557373047,14.548500061035156,0.0,0.0,5.405851364135742,0.4963569641113281,13.369178771972656,0.0,0.0,7.387434244155884,0.6527585983276367,17.765806436538696,0.0,0.0,6.919024467468262,0.6141948699951172,17.041242361068726,0.0,0.0,6.155881881713867,0.5931434631347656,14.587839126586914,0.0,0.0,7.774541854858398,0.6653785705566406,21.405380249023438,0.0,0.0,7.976932525634766,0.6597061157226562,19.168895721435547,0.0,0.0,9.909281730651855,0.797694206237793,22.502432823181152,0.0,0.0,6.700224161148071,0.571707010269165,14.949440002441406,0.0,0.0,8.586629390716553,0.7434425354003906,20.934680461883545,0.0,0.0,8.983835220336914,0.722935676574707,19.054696917533875,0.0,0.0,7.30424165725708,0.6328926086425781,15.412419080734253,0.0,0.0,8.246693134307861,0.7815513610839844,17.81475019454956,0.0,0.0,7.84294331073761,0.7164459228515625,17.27957594394684,0.0,0.0,9.268307089805603,0.7772815227508545,20.864269614219666,0.0,0.0,8.825851678848267,0.7762022018432617,21.8324077129364,0.0,0.0,6.035838007926941,0.6789877414703369,14.022430777549744,0.0,0.0,8.577425956726074,0.8002514839172363,19.204015970230103,0.0,0.0,10.023152351379395,0.8121914863586426,23.039335191249847,0.0,0.0,8.208059787750244,0.7100238800048828,21.11878204345703,0.0,0.0,7.838229656219482,0.6801056861877441,18.225847005844116,0.0,0.0,7.066239058971405,0.7480364441871643,17.84982281923294,0.0,0.0,11.277515351772308,0.8604602813720703,29.03992784023285,0.06146049499511719,0.2733325958251953,9.959239482879639,0.7961702346801758,22.21589708328247,0.2878708839416504,1.3439155220985413,8.866386413574219,0.7616424560546875,19.890302658081055,0.2357635498046875,1.5418124198913574,11.242621421813965,0.8912215232849121,30.394619345664978,0.01912236213684082,0.02915167808532715,10.759500324726105,0.8894023895263672,26.98640650510788,0.12064290046691895,0.12064290046691895
50,hallucinated,37,0.5537109375,6.015961110591888,0.9399998784065247,29.284164607524872,0.03678828477859497,0.1590285301208496,5.710741639137268,0.9081661701202393,27.66451609134674,0.03550511598587036,0.15806466341018677,5.848283290863037,0.9016680717468262,28.305022537708282,0.02925395965576172,0.08954441547393799,2.1707401275634766,0.4265251159667969,8.851539611816406,0.0,0.0,2.7203598022460938,0.6196937561035156,11.443897247314453,0.0,0.0,2.017305374145508,0.43949317932128906,7.602836608886719,0.0,0.0,2.299844741821289,0.7060718536376953,11.045740127563477,0.0,0.0,2.2797088623046875,0.5273208618164062,9.338428258895874,0.0,0.0,2.3972368240356445,0.4766845703125,10.511310815811157,0.0,0.0,2.3905715942382812,0.4772777557373047,11.664722442626953,0.0,0.0,2.6125946044921875,0.49662017822265625,10.575922012329102,0.0,0.0,3.3269309997558594,0.6296310424804688,13.705303192138672,0.0,0.0,3.673015594482422,0.6377410888671875,13.795233488082886,0.0,0.0,2.7928504943847656,0.543365478515625,11.224807739257812,0.0,0.0,3.399782180786133,0.6559371948242188,17.030620574951172,0.0,0.0,3.8023719787597656,0.6713485717773438,14.994335174560547,0.0,0.0,4.350055694580078,0.7920818328857422,16.943206787109375,0.0,0.0,3.520756721496582,0.5992059707641602,11.769972562789917,0.0,0.0,4.079176902770996,0.7076101303100586,16.42722797393799,0.0,0.0,4.438328981399536,0.7106831073760986,14.509190678596497,0.0,0.0,3.2186498641967773,0.6180241107940674,11.32682728767395,0.0,0.0,4.022772789001465,0.7815513610839844,13.590829849243164,0.0,0.0,4.071437060832977,0.6501502990722656,13.508069694042206,0.0,0.0,4.5457683801651,0.7448692321777344,16.141730904579163,0.0,0.0,4.696749210357666,0.7874507904052734,17.7033052444458,0.0,0.0,3.0470913648605347,0.6667451858520508,11.033684134483337,0.0,0.0,4.127231597900391,0.7195472717285156,14.753821611404419,0.0,0.0,4.699022591114044,0.7468070983886719,17.715205430984497,0.0,0.0,3.9138940572738647,0.7087011337280273,16.824616312980652,0.0,0.0,3.6736648082733154,0.6639633178710938,14.06128215789795,0.0,0.0,3.214121460914612,0.746967077255249,13.997705221176147,0.0,0.0,5.565879046916962,0.8594728708267212,23.328291535377502,0.06146049499511719,0.2733325958251953,4.459453582763672,0.7307472229003906,16.716111183166504,0.2878708839416504,1.3279649019241333,3.8932418823242188,0.7163543701171875,14.917158126831055,0.2357635498046875,1.5442609786987305,5.494127094745636,0.851750373840332,24.657335460186005,0.024043798446655273,0.024043798446655273,5.135531663894653,0.8894023895263672,21.352611780166626,0.13345932960510254,0.13536977767944336
51,grounded,55,0.54736328125,12.535123407840729,0.9563934206962585,43.92299300432205,0.027445971965789795,0.1476495862007141,12.45051908493042,0.9178197383880615,42.538477182388306,0.044071972370147705,0.17896616458892822,12.841171026229858,0.9122123718261719,43.97789800167084,0.027225971221923828,0.07535797357559204,4.77265739440918,0.4031028747558594,13.864084243774414,0.0,0.0,5.757198333740234,0.5855731964111328,17.606035232543945,0.0,0.0,3.6992321014404297,0.45223045349121094,11.112560272216797,0.0,0.0,4.810818195343018,0.7176837921142578,16.60429811477661,0.0,0.0,4.901876449584961,0.5572624206542969,14.521966695785522,0.0,0.0,5.011211395263672,0.5634555816650391,15.676985502243042,0.0,0.0,5.291526794433594,0.5181655883789062,18.306930541992188,0.0,0.0,6.34686279296875,0.532012939453125,18.031024932861328,0.0,0.0,8.016777992248535,0.7418918609619141,22.879992961883545,0.0,0.0,7.90022212266922,0.746476948261261,23.109053671360016,0.0,0.0,6.630069732666016,0.5584869384765625,18.89708709716797,0.0,0.0,8.398146629333496,0.7410202026367188,27.718972206115723,0.0,0.0,7.577546119689941,0.6577987670898438,22.778148651123047,0.0,0.0,9.816385269165039,0.8087306022644043,27.423543691635132,0.0,0.0,7.081856727600098,0.614863395690918,18.34688937664032,0.0,0.0,9.571842193603516,0.7882785797119141,27.747591018676758,0.0,0.0,9.453004837036133,0.7063064575195312,23.36497211456299,0.0,0.0,6.93017578125,0.6149730682373047,17.865737915039062,0.0,0.0,10.62322998046875,0.814605712890625,23.83928394317627,0.0,0.0,10.034185409545898,0.8120598793029785,22.656332969665527,0.0,0.0,10.442897319793701,0.8401167392730713,27.036704540252686,0.0,0.0,9.474284648895264,0.7881879806518555,28.48104554414749,0.0,0.0,4.880057692527771,0.6653213500976562,15.019882559776306,0.0,0.0,7.971138000488281,0.6803703308105469,22.600467920303345,0.0,0.0,9.765178501605988,0.7856602668762207,26.856505036354065,0.0,0.0,7.946331977844238,0.7628202438354492,25.901723861694336,0.0,0.0,6.7897762060165405,0.6955723762512207,20.57517445087433,0.0,0.0,5.988985896110535,0.7381683588027954,20.142986178398132,0.0,0.0,12.196446478366852,0.8692560195922852,36.45803385972977,0.061496734619140625,0.2744598388671875,9.983382225036621,0.7275466918945312,25.65978479385376,0.2865424156188965,1.3796693086624146,9.228569030761719,0.747039794921875,22.78822898864746,0.23561668395996094,1.4632725715637207,11.923438310623169,0.8516912460327148,38.529357850551605,0.018348097801208496,0.028948187828063965,11.305645942687988,0.8894290924072266,34.171863317489624,0.14598608016967773,0.1911953091621399
51,hallucinated,49,0.5205078125,7.709328293800354,0.9563934206962585,39.09719789028168,0.027445971965789795,0.12480604648590088,7.364497423171997,0.9105974435806274,37.45246195793152,0.044071972370147705,0.18512791395187378,7.739367246627808,0.9115175008773804,38.875325083732605,0.026049137115478516,0.06781411170959473,2.717794418334961,0.4032135009765625,11.810091018676758,0.0,0.0,3.6043014526367188,0.5633087158203125,15.453838348388672,0.0,0.0,2.015627861022949,0.45638561248779297,9.42797565460205,0.0,0.0,3.038266181945801,0.7199792861938477,14.832011222839355,0.0,0.0,2.861443519592285,0.5697441101074219,12.48160171508789,0.0,0.0,3.1354141235351562,0.5522918701171875,13.80106806755066,0.0,0.0,3.4372024536132812,0.5181427001953125,16.452136993408203,0.0,0.0,3.3464202880859375,0.5081634521484375,15.030048370361328,0.0,0.0,4.91265869140625,0.6599235534667969,19.77595567703247,0.0,0.0,4.756599843502045,0.6196212768554688,19.96393460035324,0.0,0.0,3.904897689819336,0.5490951538085938,16.170713424682617,0.0,0.0,4.718782901763916,0.7408866882324219,24.03996706008911,0.0,0.0,4.168107986450195,0.6592941284179688,19.368038177490234,0.0,0.0,5.153398513793945,0.8114719390869141,22.75735855102539,0.0,0.0,4.119116306304932,0.6261391639709473,15.381904482841492,0.0,0.0,5.272104263305664,0.7381076812744141,23.44965362548828,0.0,0.0,5.303887367248535,0.6804008483886719,19.21491050720215,0.0,0.0,3.5052037239074707,0.6140885353088379,14.44345760345459,0.0,0.0,5.263138294219971,0.8154253959655762,18.475304126739502,0.0,0.0,4.678132057189941,0.6232089996337891,17.301708221435547,0.0,0.0,5.666804194450378,0.7448009252548218,22.263744235038757,0.0,0.0,5.38560676574707,0.7538681030273438,24.393800973892212,0.0,0.0,3.3761825561523438,0.6659126281738281,13.520778179168701,0.0,0.0,4.143428802490234,0.625,18.772318124771118,0.0,0.0,5.152473747730255,0.736696720123291,22.242762506008148,0.0,0.0,4.3635032176971436,0.7087011337280273,22.31288170814514,0.0,0.0,3.96803081035614,0.6788920164108276,17.75670325756073,0.0,0.0,3.66511470079422,0.680556058883667,17.815974295139313,0.0,0.0,7.01092529296875,0.8429460525512695,31.273866415023804,0.06146049499511719,0.2733325958251953,5.630948066711426,0.7222061157226562,21.31247091293335,0.2878708839416504,1.3708253502845764,5.263401031494141,0.7776756286621094,18.8282413482666,0.2357635498046875,1.5016169548034668,6.9800485372543335,0.8610520362854004,33.592751026153564,0.031525611877441406,0.03479814529418945,6.558339357376099,0.8894023895263672,29.43459188938141,0.15512394905090332,0.24676108360290527
52,grounded,41,0.57568359375,10.272428393363953,0.9440651535987854,32.535422921180725,0.03213536739349365,0.1490250825881958,9.898702025413513,0.9141412973403931,30.955070793628693,0.04142051935195923,0.15566283464431763,10.260003685951233,0.9000147581100464,31.70952796936035,0.026049137115478516,0.0637933611869812,3.8734970092773438,0.433685302734375,9.824562072753906,0.0,0.0,4.1700592041015625,0.5563621520996094,12.458019256591797,0.0,0.0,2.9848594665527344,0.4320487976074219,8.147384643554688,0.0,0.0,3.6453628540039062,0.7305564880371094,12.200834274291992,0.0,0.0,3.37270450592041,0.56787109375,10.113597631454468,0.0,0.0,3.420630931854248,0.49832916259765625,11.141684770584106,0.0,0.0,4.202949523925781,0.4627227783203125,13.027801513671875,0.0,0.0,4.648576736450195,0.4892311096191406,12.397405624389648,0.0,0.0,5.332337379455566,0.6249732971191406,14.403923988342285,0.0,0.0,6.05215859413147,0.6296958923339844,15.190643310546875,0.0,0.0,4.627986907958984,0.48819732666015625,12.472721099853516,0.0,0.0,5.979735851287842,0.6650962829589844,18.35215139389038,0.0,0.0,5.815364837646484,0.6480598449707031,15.745140075683594,0.0,0.0,6.733651638031006,0.7558994293212891,17.2962965965271,0.0,0.0,5.8211188316345215,0.6146197319030762,13.545907378196716,0.0,0.0,7.114688873291016,0.7474002838134766,18.242807388305664,0.0,0.0,6.836747169494629,0.6553564071655273,15.915979623794556,0.0,0.0,5.743336737155914,0.6180319786071777,13.527140200138092,0.0,0.0,6.899435520172119,0.7619972229003906,15.871767520904541,0.0,0.0,7.0455304980278015,0.8018045425415039,15.50820654630661,0.0,0.0,7.744845449924469,0.7543588280677795,18.51002985239029,0.0,0.0,7.507303237915039,0.721064567565918,19.976548194885254,0.0,0.0,4.60209596157074,0.6829891204833984,12.08954656124115,0.0,0.0,6.576410293579102,0.6995868682861328,16.49242925643921,0.0,0.0,7.635518729686737,0.7885957956314087,19.7191059589386,0.0,0.0,7.231777906417847,0.7087011337280273,19.694713830947876,0.0,0.0,5.353941559791565,0.6433935165405273,14.933657765388489,0.0,0.0,5.174259185791016,0.7492685317993164,15.56191372871399,0.0,0.0,9.613050818443298,0.8454384803771973,26.85040110349655,0.06146049499511719,0.30013608932495117,8.0148446559906,0.7542304992675781,19.85482096672058,0.2878708839416504,1.312605857849121,7.265987396240234,0.7053985595703125,17.49674415588379,0.2357635498046875,1.5140585899353027,9.63722687959671,0.8543791770935059,27.511975824832916,0.018607616424560547,0.023279666900634766,9.208850502967834,0.8894023895263672,24.343103766441345,0.13123703002929688,0.19432353973388672
52,hallucinated,41,0.5712890625,9.991954445838928,0.9434927105903625,32.2549489736557,0.03221946954727173,0.14540404081344604,9.882014870643616,0.9154249429702759,30.938383638858795,0.040457963943481445,0.15448373556137085,10.266843378543854,0.9146924018859863,31.716367661952972,0.026049137115478516,0.05053377151489258,3.8022232055664062,0.4365806579589844,9.753288269042969,0.0,0.0,4.129619598388672,0.5457229614257812,12.417579650878906,0.0,0.0,2.957368850708008,0.4320487976074219,8.119894027709961,0.0,0.0,3.6257028579711914,0.7305564880371094,12.181174278259277,0.0,0.0,3.8437976837158203,0.5518417358398438,10.584690809249878,0.0,0.0,3.492685317993164,0.49832916259765625,11.213739156723022,0.0,0.0,4.158050537109375,0.4627227783203125,12.982902526855469,0.0,0.0,4.679803848266602,0.4966087341308594,12.428632736206055,0.0,0.0,5.591998100280762,0.6400966644287109,14.66358470916748,0.0,0.0,5.928658366203308,0.6468335390090942,15.067143082618713,0.0,0.0,5.133007049560547,0.5249099731445312,12.977741241455078,0.0,0.0,6.100562214851379,0.6650962829589844,18.47297775745392,0.0,0.0,5.886997222900391,0.6480598449707031,15.8167724609375,0.0,0.0,6.977259159088135,0.7393760681152344,17.53990411758423,0.0,0.0,5.847807884216309,0.5994358062744141,13.572596430778503,0.0,0.0,6.818741798400879,0.7161130905151367,17.946860313415527,0.0,0.0,6.847580909729004,0.6760025024414062,15.92681336402893,0.0,0.0,5.260039806365967,0.6180319786071777,13.043843269348145,0.0,0.0,7.403611660003662,0.7823104858398438,16.375943660736084,0.0,0.0,6.858101308345795,0.7013092041015625,15.320777356624603,0.0,0.0,7.983657598495483,0.8146839141845703,18.748842000961304,0.0,0.0,7.697338342666626,0.7285499572753906,20.16658329963684,0.0,0.0,4.38164222240448,0.67388916015625,11.86909282207489,0.0,0.0,6.761306643486023,0.7458232641220093,16.67732560634613,0.0,0.0,8.319005906581879,0.8538585305213928,20.40259313583374,0.017441749572753906,0.01905161142349243,7.321931898593903,0.7809846997261047,19.784867823123932,0.0,0.0,5.648856103420258,0.6891016364097595,15.228572309017181,0.0,0.0,4.933506727218628,0.7396550178527832,15.321161270141602,0.0,0.0,9.613464593887329,0.8584569096565247,26.850814878940582,0.06146049499511719,0.29757535457611084,7.9005537033081055,0.7542304992675781,19.724522352218628,0.2878708839416504,1.310604751110077,7.098453521728516,0.7053985595703125,17.32921028137207,0.2357635498046875,1.4763779640197754,9.618483364582062,0.876338005065918,27.498301804065704,0.021105647087097168,0.05829215049743652,9.147016286849976,0.8894023895263672,24.29695749282837,0.13026118278503418,0.19334769248962402
53,grounded,34,0.515625,5.687850296497345,0.9351380467414856,26.534793436527252,0.03365981578826904,0.0939217209815979,5.756536781787872,0.8979752659797668,25.195856630802155,0.041758179664611816,0.13414984941482544,5.920186638832092,0.8944807052612305,25.753533244132996,0.026049137115478516,0.03740721940994263,1.9863386154174805,0.41214561462402344,7.886368751525879,0.0,0.0,2.7120590209960938,0.6348342895507812,10.77703857421875,0.0,0.0,1.960139274597168,0.4519224166870117,7.021012306213379,0.0,0.0,2.2248382568359375,0.7227344512939453,10.387287139892578,0.0,0.0,2.155085563659668,0.4679412841796875,8.693118572235107,0.0,0.0,2.119809150695801,0.5264682769775391,9.416701555252075,0.0,0.0,2.0463714599609375,0.5415802001953125,10.024711608886719,0.0,0.0,2.7574100494384766,0.5383548736572266,9.733868598937988,0.0,0.0,3.134624481201172,0.6340236663818359,11.775542736053467,0.0,0.0,3.3173528909683228,0.6023131608963013,11.942891955375671,0.0,0.0,2.7671051025390625,0.48819732666015625,10.109180450439453,0.0,0.0,3.3415908813476562,0.6237335205078125,14.905864715576172,0.0,0.0,3.4255237579345703,0.6479339599609375,12.929401397705078,0.0,0.0,3.812244415283203,0.6989002227783203,14.548233032226562,0.0,0.0,3.1565046310424805,0.5871610641479492,10.226788938045502,0.0,0.0,3.9591732025146484,0.7113761901855469,14.350757598876953,0.0,0.0,4.116142272949219,0.6655807495117188,12.66398561000824,0.0,0.0,2.935683250427246,0.608539342880249,10.105088949203491,0.0,0.0,4.010111331939697,0.6833992004394531,12.216171741485596,0.0,0.0,4.13183718919754,0.6919155120849609,11.85393363237381,0.0,0.0,3.987828254699707,0.6662673950195312,13.777876853942871,0.0,0.0,4.002269148826599,0.7359470129013062,15.317428827285767,0.0,0.0,2.1858553886413574,0.6657028198242188,9.378064632415771,0.0,0.0,3.32080340385437,0.6339828968048096,12.586676597595215,0.0,0.0,4.18816864490509,0.8297728300094604,15.532236218452454,0.01569950580596924,0.01569950580596924,3.461414337158203,0.7086973190307617,15.050004482269287,0.0,0.0,2.700316905975342,0.6875410079956055,11.657010078430176,0.0,0.0,2.9430060386657715,0.7453513145446777,12.710594356060028,0.0,0.0,5.325911283493042,0.8076038360595703,21.072912573814392,0.061183929443359375,0.2740345001220703,4.102988243103027,0.7046718597412109,15.08823299407959,0.2871575355529785,1.3675736784934998,3.4864425659179688,0.6824188232421875,13.220039367675781,0.23505783081054688,1.5660980939865112,5.037001430988312,0.851750373840332,21.86483657360077,0.08199149370193481,0.08199149370193481,4.964779496192932,0.8894023895263672,18.847601294517517,0.12200069427490234,0.21127104759216309
53,hallucinated,39,0.5439453125,9.957420408725739,0.9418966174125671,30.804363548755646,0.03365981578826904,0.12824487686157227,9.830735206604004,0.9088177680969238,29.270055055618286,0.03897637128829956,0.13132309913635254,10.236012935638428,0.9000818729400635,30.06935954093933,0.03779029846191406,0.08740264177322388,4.385171890258789,0.43404388427734375,10.28515625,0.0,0.0,4.929290771484375,0.591461181640625,12.994033813476562,0.0,0.0,3.5558509826660156,0.4488182067871094,8.616796493530273,0.0,0.0,4.088454246520996,0.7226276397705078,12.2511625289917,0.0,0.0,3.742203712463379,0.5497093200683594,10.280939102172852,0.0,0.0,3.6550517082214355,0.5173935890197754,10.951956033706665,0.0,0.0,3.8064651489257812,0.5413436889648438,11.785579681396484,0.0,0.0,4.524696350097656,0.4869117736816406,11.501286506652832,0.0,0.0,5.789337873458862,0.6633975505828857,14.430350542068481,0.0,0.0,5.125646352767944,0.5159797668457031,13.751453876495361,0.0,0.0,4.209144592285156,0.45654296875,11.551729202270508,0.0,0.0,5.937507629394531,0.6231727600097656,17.499143600463867,0.0,0.0,5.69316291809082,0.6476821899414062,15.19766616821289,0.0,0.0,6.904989242553711,0.7201404571533203,17.64134407043457,0.0,0.0,5.915414333343506,0.6206927299499512,12.984833717346191,0.0,0.0,6.9412384033203125,0.6782550811767578,17.334075927734375,0.0,0.0,7.256635665893555,0.6709098815917969,15.809537410736084,0.0,0.0,5.2522149085998535,0.6081321239471436,12.422034502029419,0.0,0.0,6.297762870788574,0.7081012725830078,14.504889488220215,0.0,0.0,5.767024219036102,0.6365119814872742,13.49025171995163,0.0,0.0,7.3724148869514465,0.7112159729003906,17.165580093860626,0.0,0.0,7.624585390090942,0.7814497947692871,18.937217354774475,0.0,0.0,4.20142936706543,0.6659126281738281,11.397212982177734,0.0,0.0,6.443421483039856,0.6931625604629517,15.707712769508362,0.0,0.0,7.63941365480423,0.7790496349334717,18.9836448431015,0.029358863830566406,0.029358863830566406,6.498758792877197,0.7087011337280273,18.08169174194336,0.0,0.0,5.491129219532013,0.652088463306427,14.445329248905182,0.0,0.0,5.024953842163086,0.7607870101928711,14.78922426700592,0.0,0.0,9.34306389093399,0.8439490795135498,25.084781229496002,0.06146049499511719,0.2733325958251953,7.6770219802856445,0.7382545471191406,18.666828155517578,0.2878708839416504,1.3684715032577515,6.725822448730469,0.6830902099609375,16.46476936340332,0.2357635498046875,1.5686354637145996,9.43544715642929,0.851750373840332,26.264233946800232,0.02514827251434326,0.043314337730407715,9.032445192337036,0.8894023895263672,22.920941591262817,0.12737584114074707,0.1312093734741211
54,grounded,47,0.59912109375,11.338482320308685,0.9444666504859924,36.66071403026581,0.02024132013320923,0.11625516414642334,11.62165105342865,0.911596417427063,35.92007601261139,0.03852039575576782,0.14691215753555298,12.154388427734375,0.9122457504272461,37.19383752346039,0.026889920234680176,0.07628214359283447,4.557323455810547,0.4477958679199219,11.345874786376953,0.0,0.0,4.716541290283203,0.5639076232910156,14.081806182861328,0.0,0.0,3.4098565578460693,0.46975231170654297,9.49780821800232,0.0,0.0,4.224796772003174,0.71435546875,13.582287311553955,0.0,0.0,4.308940529823303,0.5715675354003906,12.164794325828552,0.0,0.0,4.204543113708496,0.5151634216308594,12.777120351791382,0.0,0.0,4.58612060546875,0.5012741088867188,14.682544708251953,0.0,0.0,5.281777381896973,0.5425033569335938,14.310891151428223,0.0,0.0,6.581750869750977,0.6093330383300781,18.263200759887695,0.0,0.0,6.368487894535065,0.6456766128540039,17.70905500650406,0.0,0.0,5.495880126953125,0.583099365234375,15.111473083496094,0.0,0.0,6.459981918334961,0.65496826171875,20.697128295898438,0.0,0.0,6.719397068023682,0.6765823364257812,18.722946643829346,0.0,0.0,7.961935997009277,0.7497920989990234,21.014954090118408,0.0,0.0,6.904469966888428,0.6802663803100586,16.242068767547607,0.0,0.0,7.764687538146973,0.7338962554931641,21.720498085021973,0.0,0.0,8.111221313476562,0.6798248291015625,19.540128469467163,0.0,0.0,5.6829913854599,0.6292576789855957,14.991484761238098,0.0,0.0,8.275359153747559,0.7653036117553711,19.995927810668945,0.0,0.0,7.365310430526733,0.62908935546875,17.640926122665405,0.0,0.0,8.874527335166931,0.7847576141357422,22.3265563249588,0.0,0.0,8.35976791381836,0.745203971862793,23.328445076942444,0.0,0.0,4.6731016635894775,0.7110497951507568,13.326489686965942,0.0,0.0,7.06257700920105,0.6491973400115967,18.942898511886597,0.0,0.0,8.52837872505188,0.8191004395484924,22.51597511768341,0.053890109062194824,0.06298816204071045,7.810890197753906,0.7217464447021484,22.592355251312256,0.0,0.0,6.045881628990173,0.6643556356430054,17.024991631507874,0.0,0.0,5.609099745750427,0.7042186260223389,17.488067746162415,0.0,0.0,11.014618337154388,0.8678178787231445,30.663076877593994,0.06146049499511719,0.2733325958251953,9.2080659866333,0.7711944580078125,23.259011268615723,0.2878708839416504,1.359259009361267,8.377975463867188,0.7620010375976562,20.981809616088867,0.2357635498046875,1.6041388511657715,10.347857415676117,0.851750373840332,31.14530748128891,0.08307647705078125,0.2730071544647217,10.237066388130188,0.8894023895263672,27.856722712516785,0.13534235954284668,0.38200950622558594
54,hallucinated,43,0.56982421875,8.098065316677094,0.9389115571975708,33.420297026634216,0.02271437644958496,0.11869668960571289,8.30277693271637,0.9124264717102051,32.60120189189911,0.04361224174499512,0.18269312381744385,8.554311633110046,0.9122457504272461,33.59376072883606,0.026049137115478516,0.053597450256347656,3.4763355255126953,0.4477958679199219,10.264886856079102,0.0,0.0,3.588735580444336,0.5932750701904297,12.954000473022461,0.0,0.0,3.0824763774871826,0.4572620391845703,9.170428037643433,0.0,0.0,3.465416431427002,0.71435546875,12.822906970977783,0.0,0.0,3.4585853815078735,0.53729248046875,11.314439177513123,0.0,0.0,3.4941487312316895,0.5151634216308594,12.066725969314575,0.0,0.0,3.3358154296875,0.5012741088867188,13.432239532470703,0.0,0.0,4.286528587341309,0.5284042358398438,13.315642356872559,0.0,0.0,4.961809158325195,0.6093330383300781,16.643259048461914,0.0,0.0,4.785711228847504,0.6456766128540039,16.126278340816498,0.0,0.0,4.200889587402344,0.565399169921875,13.816482543945312,0.0,0.0,4.727897644042969,0.65496826171875,18.965044021606445,0.0,0.0,5.190859317779541,0.6478347778320312,17.194408893585205,0.0,0.0,6.2940826416015625,0.7775497436523438,19.347100734710693,0.0,0.0,5.3859639167785645,0.6802663803100586,14.723562717437744,0.0,0.0,5.747198104858398,0.7603988647460938,19.7030086517334,0.0,0.0,5.999462127685547,0.7118911743164062,17.428369283676147,0.0,0.0,5.107190012931824,0.6292576789855957,14.415683388710022,0.0,0.0,6.678979396820068,0.7653036117553711,18.399548053741455,0.0,0.0,5.964239120483398,0.7261753082275391,16.23985481262207,0.0,0.0,6.66662859916687,0.8303060531616211,20.11865758895874,0.0,0.0,6.682735919952393,0.7665777206420898,21.651413083076477,0.0,0.0,4.2283830642700195,0.7250347137451172,12.881771087646484,0.0,0.0,5.530494689941406,0.6607379913330078,17.410816192626953,0.0,0.0,6.7162089347839355,0.8364732265472412,20.703805327415466,0.019095778465270996,0.03068411350250244,5.869281768798828,0.7217464447021484,20.650746822357178,0.0,0.0,5.378495931625366,0.6864259243011475,16.357605934143066,0.0,0.0,4.68645852804184,0.7182549834251404,16.565426528453827,0.0,0.0,8.373928248882294,0.8678178787231445,28.0223867893219,0.06146049499511719,0.2733325958251953,6.94288444519043,0.7711944580078125,21.027429580688477,0.2878708839416504,1.3413907289505005,6.372112274169922,0.7620010375976562,19.026803970336914,0.2357635498046875,1.50457763671875,7.62126100063324,0.8729729652404785,28.413183748722076,0.08307647705078125,0.1309880018234253,7.458974599838257,0.8894023895263672,25.08650779724121,0.13030433654785156,0.28368473052978516
55,grounded,43,0.56787109375,11.555099785327911,0.948489785194397,33.95879125595093,0.03510671854019165,0.18628132343292236,11.546355962753296,0.9104983806610107,32.548066318035126,0.03261280059814453,0.13538652658462524,12.00110399723053,0.9168548583984375,33.44856733083725,0.026049137115478516,0.06003308296203613,4.569690704345703,0.4071197509765625,10.695404052734375,0.0,0.0,5.157997131347656,0.5624160766601562,13.451091766357422,0.0,0.0,4.186884880065918,0.45055675506591797,9.52472972869873,0.0,0.0,5.284257531166077,0.7337551116943359,14.030877709388733,0.0,0.0,4.945193767547607,0.5384840965270996,12.197216987609863,0.0,0.0,5.010782241821289,0.5126223564147949,13.03580927848816,0.0,0.0,5.448234558105469,0.5250244140625,14.52023696899414,0.0,0.0,6.169242858886719,0.5384979248046875,14.039833068847656,0.0,0.0,7.35883903503418,0.6429386138916016,17.227197647094727,0.0,0.0,7.242680549621582,0.6558411121368408,17.19686245918274,0.0,0.0,6.303356409072876,0.5221900939941406,14.601272821426392,0.0,0.0,7.319740295410156,0.6645698547363281,20.042844772338867,0.0,0.0,7.258213043212891,0.6386222839355469,17.87598991394043,0.0,0.0,8.395822525024414,0.7420940399169922,19.97254180908203,0.0,0.0,6.323060989379883,0.5611095428466797,13.749689817428589,0.0,0.0,7.728914260864258,0.7114486694335938,19.545085906982422,0.0,0.0,8.082771301269531,0.6351432800292969,17.29839551448822,0.0,0.0,6.430364608764648,0.6213641166687012,13.999160289764404,0.0,0.0,8.277115821838379,0.7492523193359375,17.233298301696777,0.0,0.0,8.202652931213379,0.708404541015625,16.631488800048828,0.0,0.0,8.968466520309448,0.7645337581634521,19.6756751537323,0.0,0.0,8.731155633926392,0.7633113861083984,21.227242827415466,0.0,0.0,5.158724784851074,0.6659126281738281,12.758637428283691,0.0,0.0,7.112954616546631,0.6714334487915039,17.221290946006775,0.0,0.0,9.363532602787018,0.8071498274803162,21.471844375133514,0.033925533294677734,0.054001569747924805,8.577175617218018,0.7193126678466797,21.15271759033203,0.0,0.0,7.065313935279846,0.660211443901062,17.130250096321106,0.0,0.0,6.152378559112549,0.7630748748779297,16.573925971984863,0.0,0.0,11.279685854911804,0.861083984375,28.187610983848572,0.06146049499511719,0.2733325958251953,9.376524925231934,0.7504997253417969,21.017141342163086,0.2878708839416504,1.334027886390686,8.685882568359375,0.748992919921875,19.2551212310791,0.2357635498046875,1.5600630044937134,11.119947075843811,0.8730142116546631,29.41993945837021,0.04025745391845703,0.06194913387298584,10.688571751117706,0.8894023895263672,25.908288538455963,0.13616085052490234,0.1448230743408203
55,hallucinated,40,0.5576171875,9.128910601139069,0.9416756629943848,31.532602071762085,0.03510671854019165,0.18607169389724731,9.103656888008118,0.907943606376648,30.105367243289948,0.03361713886260986,0.1408119797706604,9.393968164920807,0.9029474258422852,30.841431498527527,0.026049137115478516,0.05298727750778198,3.2878856658935547,0.4071197509765625,9.413599014282227,0.0,0.0,4.077913284301758,0.5624160766601562,12.371007919311523,0.0,0.0,3.310368537902832,0.46660709381103516,8.648213386535645,0.0,0.0,3.726372718811035,0.7337551116943359,12.472992897033691,0.0,0.0,3.672553539276123,0.542609691619873,10.924576759338379,0.0,0.0,3.551574230194092,0.5126223564147949,11.576601266860962,0.0,0.0,3.77789306640625,0.48885345458984375,12.849895477294922,0.0,0.0,4.601137161254883,0.5082435607910156,12.47172737121582,0.0,0.0,5.349493026733398,0.6053314208984375,15.217851638793945,0.0,0.0,5.726710081100464,0.6181959509849548,15.680891990661621,0.0,0.0,4.646111488342285,0.521575927734375,12.9440279006958,0.0,0.0,5.477245330810547,0.6630706787109375,18.200349807739258,0.0,0.0,5.24472713470459,0.6386222839355469,15.862504005432129,0.0,0.0,6.3067626953125,0.7396202087402344,17.883481979370117,0.0,0.0,5.1711273193359375,0.6023120880126953,12.597756147384644,0.0,0.0,6.148167610168457,0.7178983688354492,17.96433925628662,0.0,0.0,6.465095520019531,0.6888694763183594,15.68071973323822,0.0,0.0,4.9909138679504395,0.6125850677490234,12.559709548950195,0.0,0.0,6.133432388305664,0.7114200592041016,15.089614868164062,0.0,0.0,5.76947295665741,0.6619243621826172,14.198308825492859,0.0,0.0,7.062654078006744,0.7866374254226685,17.769862711429596,0.0,0.0,6.7984161376953125,0.8022804260253906,19.294503331184387,0.0,0.0,4.123743057250977,0.6659126281738281,11.723655700683594,0.0,0.0,5.810027360916138,0.7529726028442383,15.918363690376282,0.0,0.0,6.441230058670044,0.7379478812217712,18.54954183101654,0.058919668197631836,0.08669006824493408,6.080574989318848,0.7087011337280273,18.65611696243286,0.0,0.0,5.365630865097046,0.6998882293701172,15.430567026138306,0.0,0.0,5.032952070236206,0.7494151592254639,15.45449948310852,0.0,0.0,8.55248749256134,0.8493634462356567,25.460412621498108,0.06146049499511719,0.2733325958251953,7.019669532775879,0.7542362213134766,18.621788024902344,0.2878708839416504,1.332537293434143,6.190944671630859,0.6777572631835938,16.704397201538086,0.2357635498046875,1.5561060905456543,8.32630479335785,0.851750373840332,26.629350125789642,0.09765434265136719,0.14943456649780273,8.011447429656982,0.8894023895263672,23.224764108657837,0.13559508323669434,0.20877337455749512
56,grounded,41,0.53515625,10.680426478385925,0.9410611987113953,32.30430334806442,0.03644782304763794,0.17074894905090332,10.681123614311218,0.9067473411560059,30.98528778553009,0.03978484869003296,0.13580834865570068,11.321089625358582,0.9090309143066406,32.06097990274429,0.026049137115478516,0.04468059539794922,4.399045944213867,0.40859413146972656,10.588655471801758,0.0,0.0,4.951068878173828,0.5599594116210938,13.306350708007812,0.0,0.0,3.5600290298461914,0.4623575210571289,8.790619850158691,0.0,0.0,4.705775260925293,0.7100143432617188,12.959290504455566,0.0,0.0,4.313958168029785,0.5243997573852539,11.007610559463501,0.0,0.0,4.2785258293151855,0.5036282539367676,11.74237322807312,0.0,0.0,4.93658447265625,0.4627227783203125,13.193016052246094,0.0,0.0,5.148072242736816,0.5511064529418945,12.439932823181152,0.0,0.0,6.483658790588379,0.6400032043457031,15.484943389892578,0.0,0.0,6.206249237060547,0.5858221054077148,15.109927892684937,0.0,0.0,5.821846008300781,0.5444469451904297,13.573101043701172,0.0,0.0,7.289115905761719,0.7041854858398438,19.53668785095215,0.0,0.0,6.972599983215332,0.6467208862304688,17.056628227233887,0.0,0.0,8.192798614501953,0.7775249481201172,19.44924306869507,0.0,0.0,6.123500347137451,0.5678420066833496,13.586539924144745,0.0,0.0,7.024785995483398,0.675445556640625,17.721311569213867,0.0,0.0,7.897880554199219,0.6869468688964844,16.681832313537598,0.0,0.0,6.2049291133880615,0.6134417057037354,13.608430862426758,0.0,0.0,8.154094696044922,0.7139334678649902,16.61602020263672,0.0,0.0,7.766266763210297,0.7520980834960938,15.583188951015472,0.0,0.0,8.677531480789185,0.8012199401855469,18.880831956863403,0.0,0.0,8.321183204650879,0.7391519546508789,20.1229065656662,0.0,0.0,4.316203594207764,0.6659126281738281,11.65480089187622,0.0,0.0,6.772217750549316,0.6747322082519531,16.489997148513794,0.0,0.0,8.693586945533752,0.8195257782936096,20.261866986751556,0.0,0.0,7.524013996124268,0.7087011337280273,19.60295295715332,0.0,0.0,6.278107404708862,0.7014942169189453,15.493908762931824,0.0,0.0,5.72003573179245,0.7573956251144409,15.84082692861557,0.0,0.0,10.184994101524353,0.8346738815307617,26.341201663017273,0.06146049499511719,0.2733325958251953,8.63613224029541,0.7369308471679688,19.560564041137695,0.2878708839416504,1.3981682658195496,7.692493438720703,0.670989990234375,17.360544204711914,0.2357635498046875,1.506441354751587,10.475136876106262,0.86741042137146,28.203419864177704,0.043263912200927734,0.06453508138656616,10.067778289318085,0.8894023895263672,24.603243052959442,0.08415359258651733,0.10050290822982788
56,hallucinated,41,0.488525390625,10.683388710021973,0.9418403506278992,32.30726557970047,0.03365981578826904,0.18046295642852783,10.733101606369019,0.9092739820480347,31.03726577758789,0.03903043270111084,0.13223648071289062,11.228175640106201,0.9064030647277832,31.968065917491913,0.026049137115478516,0.0628730058670044,4.305789947509766,0.4197731018066406,10.495399475097656,0.0,0.0,5.052600860595703,0.5599594116210938,13.407882690429688,0.0,0.0,3.883458137512207,0.468231201171875,9.114048957824707,0.0,0.0,4.57261848449707,0.7100143432617188,12.826133728027344,0.0,0.0,4.229544639587402,0.5431175231933594,10.923197031021118,0.0,0.0,3.828853130340576,0.5036282539367676,11.29270052909851,0.0,0.0,4.525016784667969,0.4671783447265625,12.781448364257812,0.0,0.0,4.8931732177734375,0.4978599548339844,12.185033798217773,0.0,0.0,6.352018356323242,0.6580581665039062,15.353302955627441,0.0,0.0,5.937653183937073,0.5354251861572266,14.841331839561462,0.0,0.0,5.344135284423828,0.519561767578125,13.095390319824219,0.0,0.0,6.762845993041992,0.6274566650390625,19.010417938232422,0.0,0.0,6.5123443603515625,0.6667518615722656,16.596372604370117,0.0,0.0,8.126140594482422,0.7639713287353516,19.382585048675537,0.0,0.0,6.870383977890015,0.5948121547698975,14.333423554897308,0.0,0.0,7.4151458740234375,0.730865478515625,18.111671447753906,0.0,0.0,8.177186012268066,0.7784652709960938,16.961137771606445,0.0,0.0,6.352848052978516,0.6134417057037354,13.756349802017212,0.0,0.0,7.754063606262207,0.7634787559509277,16.215989112854004,0.0,0.0,6.9377840757369995,0.7097225189208984,14.754706263542175,0.0,0.0,8.374918103218079,0.7602667808532715,18.578218579292297,0.0,0.0,8.656456351280212,0.8172296285629272,20.458179712295532,0.0,0.0,4.6469807624816895,0.6742398738861084,11.985578060150146,0.0,0.0,7.341132998466492,0.7582998275756836,17.05891239643097,0.0,0.0,8.296775341033936,0.8256622552871704,19.86505538225174,0.024145305156707764,0.037587106227874756,7.283784866333008,0.7087011337280273,19.36272382736206,0.0,0.0,5.719597637653351,0.6890762448310852,14.935398995876312,0.0,0.0,5.772400856018066,0.7280092239379883,15.893192052841187,0.0,0.0,10.242283940315247,0.8555384874343872,26.398491501808167,0.06146049499511719,0.2733325958251953,8.389410972595215,0.7081317901611328,19.310554265975952,0.2878708839416504,1.4074340462684631,7.239185333251953,0.6620330810546875,16.907236099243164,0.2357635498046875,1.501594066619873,10.347767889499664,0.8773465156555176,28.053985595703125,0.02014237642288208,0.05108994245529175,9.799305379390717,0.8894023895263672,24.30711930990219,0.13234424591064453,0.14870929718017578
57,grounded,36,0.5224609375,7.612454533576965,0.9356911182403564,28.391826450824738,0.020854651927947998,0.0632210373878479,7.347161173820496,0.9017754793167114,26.833390414714813,0.03510284423828125,0.1537986397743225,7.6128599643707275,0.8894789218902588,27.33736252784729,0.026049137115478516,0.05149996280670166,2.8037357330322266,0.4226341247558594,8.308359146118164,0.0,0.0,3.320253372192383,0.6319522857666016,10.791242599487305,0.0,0.0,2.120882987976074,0.42617321014404297,7.139748573303223,0.0,0.0,2.9899024963378906,0.7365894317626953,11.086790084838867,0.0,0.0,2.9632253646850586,0.5085334777832031,9.345558404922485,0.0,0.0,2.915040969848633,0.5251498222351074,10.08142876625061,0.0,0.0,2.8982315063476562,0.4627227783203125,10.759540557861328,0.0,0.0,3.579204559326172,0.5459823608398438,10.395017623901367,0.0,0.0,4.273126602172852,0.6579074859619141,13.173572540283203,0.0,0.0,4.517484426498413,0.6130268573760986,13.571037769317627,0.0,0.0,3.850984573364258,0.5450363159179688,11.542814254760742,0.0,0.0,4.218116760253906,0.6123237609863281,16.23270034790039,0.0,0.0,4.645942687988281,0.6488761901855469,14.459548950195312,0.0,0.0,4.817712783813477,0.6558990478515625,15.654987335205078,0.0,0.0,4.266910791397095,0.5950663089752197,11.183125913143158,0.0,0.0,5.512224197387695,0.7462387084960938,16.144119262695312,0.0,0.0,5.0868377685546875,0.6398353576660156,13.637653708457947,0.0,0.0,3.9556984901428223,0.6112251281738281,11.245503187179565,0.0,0.0,5.3399717807769775,0.7148952484130859,14.144447565078735,0.0,0.0,4.958543419837952,0.6691551208496094,12.746198773384094,0.0,0.0,5.823448181152344,0.75775146484375,15.668174743652344,0.0,0.0,5.688239574432373,0.7732172012329102,17.178166031837463,0.0,0.0,3.040968418121338,0.6657028198242188,10.445995807647705,0.0,0.0,4.393068313598633,0.6312044858932495,13.835283875465393,0.0,0.0,5.553159177303314,0.7779849767684937,16.967726945877075,0.025568664073944092,0.03782165050506592,4.573431015014648,0.7086973190307617,16.273963451385498,0.0,0.0,3.8814953565597534,0.6692875623703003,13.038237452507019,0.0,0.0,3.903688609600067,0.7072965502738953,13.621184766292572,0.0,0.0,7.087190628051758,0.8423690795898438,22.732409179210663,0.061183929443359375,0.2740345001220703,5.830482482910156,0.7173194885253906,16.581424713134766,0.2871575355529785,1.435176134109497,5.160453796386719,0.6627960205078125,14.60141372680664,0.23505783081054688,1.5559542179107666,6.862244963645935,0.851750373840332,23.556945025920868,0.007557034492492676,0.007557034492492676,6.5163878202438354,0.8894023895263672,20.401629090309143,0.11337602138519287,0.11337602138519287
57,hallucinated,38,0.537109375,9.05441027879715,0.9398618340492249,29.833782196044922,0.030495524406433105,0.08531045913696289,9.040588617324829,0.9038811922073364,28.526817858219147,0.0407983660697937,0.1404416561126709,9.292381405830383,0.903515100479126,29.016883969306946,0.026049137115478516,0.04981803894042969,3.8212242126464844,0.4371490478515625,9.325847625732422,0.0,0.0,4.102733612060547,0.5467529296875,11.573722839355469,0.0,0.0,3.2959656715393066,0.4429168701171875,8.314831256866455,0.0,0.0,3.7609024047851562,0.7365894317626953,11.857789993286133,0.0,0.0,3.9907150268554688,0.5261383056640625,10.373093843460083,0.0,0.0,3.398021936416626,0.4815068244934082,10.564292430877686,0.0,0.0,3.537242889404297,0.4627227783203125,11.398933410644531,0.0,0.0,4.271686553955078,0.5039520263671875,11.087425231933594,0.0,0.0,4.98187255859375,0.5743980407714844,13.88194465637207,0.0,0.0,5.635226011276245,0.6210188865661621,14.689075946807861,0.0,0.0,4.657188415527344,0.5369014739990234,12.349449157714844,0.0,0.0,5.63482666015625,0.6151962280273438,17.650365829467773,0.0,0.0,5.636149883270264,0.6371688842773438,15.449729442596436,0.0,0.0,6.769958972930908,0.7863216400146484,17.607618808746338,0.0,0.0,5.383974313735962,0.6133081912994385,12.297435224056244,0.0,0.0,6.383201599121094,0.7214126586914062,17.016801834106445,0.0,0.0,5.825305938720703,0.622650146484375,14.377800703048706,0.0,0.0,5.697226524353027,0.611720085144043,12.986664056777954,0.0,0.0,6.419020891189575,0.7298431396484375,15.222800493240356,0.0,0.0,5.997742772102356,0.6644306182861328,13.786836743354797,0.0,0.0,7.111541509628296,0.7727367877960205,16.95848250389099,0.0,0.0,7.189235687255859,0.7963447570800781,18.684781670570374,0.0,0.0,4.236511468887329,0.6659126281738281,11.641825914382935,0.0,0.0,5.778493046760559,0.6503697633743286,15.220641374588013,0.0,0.0,7.15168297290802,0.7786998748779297,18.564033329486847,0.04942166805267334,0.0943671464920044,6.121306419372559,0.7403545379638672,17.820860385894775,0.0,0.0,4.912967145442963,0.709187924861908,14.070745885372162,0.0,0.0,5.091082155704498,0.7052980065345764,14.806779503822327,0.0,0.0,8.727040767669678,0.8544783592224121,24.370677292346954,0.06146049499511719,0.2733325958251953,7.245946884155273,0.719024658203125,17.987622261047363,0.2878708839416504,1.4460710287094116,6.367530822753906,0.736572265625,15.808420181274414,0.2357635498046875,1.5398645401000977,8.692601203918457,0.8527953624725342,25.37866473197937,0.006375312805175781,0.006375312805175781,8.159131467342377,0.8894023895263672,22.044850289821625,0.1201930046081543,0.1201930046081543
58,grounded,38,0.6171875,8.114317119121552,0.938654363155365,29.52366679906845,0.06579780578613281,0.21090376377105713,8.313901901245117,0.908963680267334,28.52925604581833,0.044445812702178955,0.183194100856781,8.48342889547348,0.9097897410392761,29.199604034423828,0.026049137115478516,0.07801002264022827,2.9752769470214844,0.40909385681152344,8.781341552734375,0.0,0.0,3.7131271362304688,0.5464096069335938,11.583625793457031,0.0,0.0,2.9920225143432617,0.43253040313720703,8.33773136138916,0.0,0.0,3.237476348876953,0.7248878479003906,11.273078918457031,0.0,0.0,3.234774589538574,0.460205078125,10.066835165023804,0.0,0.0,2.843569755554199,0.48676490783691406,10.119384050369263,0.0,0.0,3.302631378173828,0.4697151184082031,11.530143737792969,0.0,0.0,4.080456733703613,0.5319728851318359,11.374802589416504,0.0,0.0,4.646313667297363,0.6981201171875,13.877985954284668,0.0,0.0,5.025159597396851,0.6384999752044678,14.079564571380615,0.0,0.0,4.098659515380859,0.5191192626953125,11.789005279541016,0.0,0.0,4.789278030395508,0.5863456726074219,16.960174560546875,0.0,0.0,4.657190322875977,0.6445121765136719,14.594289779663086,0.0,0.0,5.802509307861328,0.7792682647705078,17.004889488220215,0.0,0.0,4.926239490509033,0.6056008338928223,12.361729204654694,0.0,0.0,5.451879501342773,0.7072353363037109,16.666715621948242,0.0,0.0,5.784629821777344,0.6895942687988281,14.587360620498657,0.0,0.0,4.8346922397613525,0.6073153018951416,12.371021747589111,0.0,0.0,5.832716703414917,0.7360191345214844,15.210345029830933,0.0,0.0,5.456387877464294,0.6268545389175415,13.721289992332458,0.0,0.0,6.7007763385772705,0.7504327297210693,17.499680757522583,0.0,0.0,6.396243333816528,0.7634658813476562,18.786099076271057,0.0,0.0,3.597806930541992,0.6667346954345703,11.227733612060547,0.0,0.0,4.917688369750977,0.6253013610839844,14.584822475910187,0.0,0.0,6.453562021255493,0.8284525871276855,18.407672226428986,0.0,0.0,5.7612199783325195,0.7087011337280273,18.059257984161377,0.0,0.0,4.433587908744812,0.6517003774642944,14.10798466205597,0.0,0.0,4.799144923686981,0.7625977396965027,15.173054158687592,0.0,0.0,7.95385867357254,0.8481187224388123,24.154889583587646,0.06146049499511719,0.2733325958251953,6.283088684082031,0.7123584747314453,17.044501781463623,0.2878708839416504,1.3643229603767395,5.4913787841796875,0.6620330810546875,15.106958389282227,0.2357635498046875,1.5104339122772217,7.76033627986908,0.8624844551086426,25.03370064496994,0.03356170654296875,0.05530279874801636,7.225215196609497,0.8894023895263672,21.6448175907135,0.1226968765258789,0.30712366104125977
58,hallucinated,38,0.6103515625,8.076974749565125,0.9387108683586121,29.486324429512024,0.06579780578613281,0.21055841445922852,8.301878571510315,0.9068595170974731,28.517232716083527,0.044445812702178955,0.19155192375183105,8.497107565402985,0.9086027145385742,29.213282704353333,0.026049137115478516,0.07670432329177856,2.9582157135009766,0.40909385681152344,8.764280319213867,0.0,0.0,3.721038818359375,0.5576400756835938,11.591537475585938,0.0,0.0,2.94085693359375,0.41838836669921875,8.286565780639648,0.0,0.0,3.2269287109375,0.7248878479003906,11.262531280517578,0.0,0.0,3.252971649169922,0.46665191650390625,10.085032224655151,0.0,0.0,2.8903791904449463,0.48966217041015625,10.16619348526001,0.0,0.0,3.3866310119628906,0.4697151184082031,11.614143371582031,0.0,0.0,4.0220184326171875,0.5319728851318359,11.316364288330078,0.0,0.0,4.677948951721191,0.6981201171875,13.909621238708496,0.0,0.0,5.030854940414429,0.6384999752044678,14.085259914398193,0.0,0.0,4.044471740722656,0.5173187255859375,11.734817504882812,0.0,0.0,4.872636795043945,0.5863456726074219,17.043533325195312,0.0,0.0,4.723016738891602,0.6445121765136719,14.660116195678711,0.0,0.0,5.860515594482422,0.7792682647705078,17.06289577484131,0.0,0.0,4.991474151611328,0.5989036560058594,12.426963865756989,0.0,0.0,5.468501091003418,0.7025136947631836,16.683337211608887,0.0,0.0,5.791175842285156,0.6895942687988281,14.59390664100647,0.0,0.0,4.690964221954346,0.6073153018951416,12.227293729782104,0.0,0.0,5.715673446655273,0.7360191345214844,15.093301773071289,0.0,0.0,5.467244505882263,0.6404119729995728,13.732146620750427,0.0,0.0,6.62495493888855,0.7504327297210693,17.423859357833862,0.0,0.0,6.355163931846619,0.7561542987823486,18.745019674301147,0.0,0.0,3.5845017433166504,0.6700663566589355,11.214428424835205,0.0,0.0,4.89947509765625,0.6181536316871643,14.56660920381546,0.0,0.0,6.380230486392975,0.7799810171127319,18.334340691566467,0.011027634143829346,0.011027634143829346,5.746364593505859,0.7087011337280273,18.044402599334717,0.0,0.0,4.5184712409973145,0.6758098602294922,14.192867994308472,0.0,0.0,4.727862000465393,0.7012426853179932,15.101771235466003,0.0,0.0,7.8887879848480225,0.8446464538574219,24.08981889486313,0.06146049499511719,0.2733325958251953,6.310001373291016,0.7123584747314453,17.071414470672607,0.2878708839416504,1.3743650913238525,5.532066345214844,0.6620330810546875,15.13047981262207,0.2357635498046875,1.531773567199707,7.73771208524704,0.8624844551086426,25.014169216156006,0.03356170654296875,0.0701252818107605,7.199655771255493,0.8894023895263672,21.617635011672974,0.11758232116699219,0.2923400402069092
59,grounded,53,0.583984375,18.86281454563141,0.9437763094902039,41.623036444187164,0.019903123378753662,0.1404450535774231,19.256938934326172,0.9247218370437622,41.12439280748367,0.03994095325469971,0.15828090906143188,20.003362596035004,0.9353210926055908,42.478971898555756,0.029064834117889404,0.07104790210723877,7.311573028564453,0.4283294677734375,13.27436637878418,0.0,0.0,7.899421691894531,0.5489425659179688,16.42497444152832,0.0,0.0,5.117145538330078,0.43442726135253906,10.456478118896484,0.0,0.0,7.071281433105469,0.7205905914306641,15.832916259765625,0.0,0.0,6.299362659454346,0.5406608581542969,13.38584041595459,0.0,0.0,6.456459999084473,0.5006875991821289,14.35129189491272,0.0,0.0,8.376815795898438,0.5104141235351562,17.66872215270996,0.0,0.0,8.320838928222656,0.5048332214355469,16.156530380249023,0.0,0.0,11.772811889648438,0.6316719055175781,21.614547729492188,0.0,0.0,11.898723840713501,0.6019303798675537,21.799131393432617,0.0,0.0,9.822864532470703,0.5560684204101562,18.16836929321289,0.0,0.0,13.13699209690094,0.6718835830688477,26.460814118385315,0.0,0.0,11.483270645141602,0.6424741744995117,22.032169342041016,0.0,0.0,13.821338653564453,0.8141188621520996,25.484413146972656,0.0,0.0,9.782607555389404,0.5732026100158691,17.670338571071625,0.0,0.0,13.81617021560669,0.7353591918945312,25.802622318267822,0.0,0.0,13.36400818824768,0.6796169281005859,22.809126496315002,0.0,0.0,7.908294200897217,0.6139192581176758,15.908907890319824,0.0,0.0,13.523369550704956,0.771876335144043,22.766195058822632,0.0,0.0,11.850722551345825,0.6611270904541016,20.426905393600464,0.0,0.0,14.247868299484253,0.7847785949707031,25.352076292037964,0.0,0.0,15.248581409454346,0.8087973594665527,28.082775235176086,0.0,0.0,6.37592625617981,0.6659126281738281,14.029707193374634,0.0,0.0,11.964433670043945,0.7404499053955078,22.10324716567993,0.0,0.0,13.562799334526062,0.7675487995147705,26.032574117183685,0.03358280658721924,0.03358280658721924,13.543184757232666,0.7327537536621094,26.475942611694336,0.0,0.0,9.487102508544922,0.6505460739135742,19.24199390411377,0.0,0.0,9.113346636295319,0.7574239373207092,20.018594443798065,0.0,0.0,17.29537320137024,0.8205215930938721,34.989917039871216,0.06146049499511719,0.2733325958251953,14.244813919067383,0.7125129699707031,26.240784645080566,0.2878708839416504,1.3467335104942322,12.699176788330078,0.6620330810546875,23.11736488342285,0.2357635498046875,1.5474433898925781,18.1842143535614,0.8699231147766113,36.6885039806366,0.07117271423339844,0.20394158363342285,17.87565541267395,0.8894023895263672,33.69823431968689,0.13070917129516602,0.3077731132507324
59,hallucinated,45,0.54833984375,11.889557898044586,0.9439712762832642,34.64977979660034,0.028501689434051514,0.13286107778549194,12.466992735862732,0.9094025492668152,34.33444660902023,0.034066081047058105,0.14141875505447388,12.933795094490051,0.9104517698287964,35.4094043970108,0.026049137115478516,0.07298821210861206,4.845842361450195,0.4283294677734375,10.808635711669922,0.0,0.0,5.452484130859375,0.573333740234375,13.978036880493164,0.0,0.0,4.149947166442871,0.43209075927734375,9.489279747009277,0.0,0.0,4.8086442947387695,0.7205905914306641,13.570279121398926,0.0,0.0,4.938107013702393,0.5691776275634766,12.024584770202637,0.0,0.0,4.215244770050049,0.5006875991821289,12.110076665878296,0.0,0.0,4.930988311767578,0.488433837890625,14.222894668579102,0.0,0.0,5.581939697265625,0.4987297058105469,13.417631149291992,0.0,0.0,7.578656196594238,0.7069320678710938,17.42039203643799,0.0,0.0,7.358685255050659,0.6074960231781006,17.259092807769775,0.0,0.0,5.768459320068359,0.5054473876953125,14.113964080810547,0.0,0.0,8.010365962982178,0.7014446258544922,21.334187984466553,0.0,0.0,7.486166000366211,0.6514892578125,18.035064697265625,0.0,0.0,8.958147048950195,0.7805976867675781,20.6212215423584,0.0,0.0,7.367908477783203,0.6177024841308594,15.255639493465424,0.0,0.0,8.74393081665039,0.7217922210693359,20.730382919311523,0.0,0.0,8.157089233398438,0.6843528747558594,17.60220754146576,0.0,0.0,6.918081998825073,0.6606180667877197,14.91869568824768,0.0,0.0,8.571757316589355,0.8068304061889648,17.81458282470703,0.0,0.0,7.472307443618774,0.6326065063476562,16.048490285873413,0.0,0.0,8.967950105667114,0.7814044952392578,20.072158098220825,0.0,0.0,9.285693168640137,0.7562637329101562,22.119886994361877,0.0,0.0,4.928495407104492,0.6659126281738281,12.582276344299316,0.0,0.0,7.59896582365036,0.7259845733642578,17.737779319286346,0.0,0.0,9.121575951576233,0.7675487995147705,21.591350734233856,0.036927223205566406,0.036927223205566406,8.433571338653564,0.7087011337280273,21.366329193115234,0.0,0.0,6.743903040885925,0.6582783460617065,16.498794436454773,0.0,0.0,6.556731700897217,0.7474822998046875,17.461979508399963,0.0,0.0,12.09642469882965,0.8661890029907227,29.790968537330627,0.06146049499511719,0.2733325958251953,9.994507312774658,0.761077880859375,21.98270082473755,0.2878708839416504,1.3479069471359253,8.8250732421875,0.70098876953125,19.23213768005371,0.2357635498046875,1.5321449041366577,11.568864047527313,0.851750373840332,30.07839208841324,0.05436897277832031,0.15279620885849,11.337533950805664,0.8894023895263672,27.161293506622314,0.12769412994384766,0.22086524963378906
60,grounded,40,0.55322265625,9.839980065822601,0.9439114332199097,31.475517690181732,0.03369170427322388,0.14106011390686035,9.757466077804565,0.9097929000854492,29.985028624534607,0.04248696565628052,0.13673824071884155,10.146294474601746,0.9109921455383301,30.729171693325043,0.026049137115478516,0.04183381795883179,3.9838638305664062,0.4313945770263672,9.69476318359375,0.0,0.0,4.594036102294922,0.57122802734375,12.636051177978516,0.0,0.0,3.8043155670166016,0.4600644111633301,8.85955810546875,0.0,0.0,4.215759754180908,0.7167034149169922,12.22098970413208,0.0,0.0,4.014597415924072,0.5418548583984375,10.312475204467773,0.0,0.0,3.7416090965270996,0.5203046798706055,11.20004153251648,0.0,0.0,4.649654388427734,0.5829544067382812,13.329896926879883,0.0,0.0,4.723045349121094,0.4998359680175781,11.98179817199707,0.0,0.0,5.860912322998047,0.6256942749023438,14.846879959106445,0.0,0.0,5.632884979248047,0.589055061340332,14.880296468734741,0.0,0.0,4.664289474487305,0.5315399169921875,12.215105056762695,0.0,0.0,6.264963150024414,0.6496181488037109,18.22225570678711,0.0,0.0,6.085436820983887,0.6488571166992188,15.777079582214355,0.0,0.0,7.529355049133301,0.74822998046875,18.099980354309082,0.0,0.0,5.4717957973480225,0.6100327968597412,12.737866401672363,0.0,0.0,7.028066635131836,0.7168064117431641,17.819093704223633,0.0,0.0,6.882392883300781,0.6559829711914062,15.647243618965149,0.0,0.0,6.357045650482178,0.6465072631835938,13.643310546875,0.0,0.0,7.362420082092285,0.7294960021972656,16.02190399169922,0.0,0.0,6.164966106414795,0.6305999755859375,14.080385684967041,0.0,0.0,7.333553612232208,0.7144930958747864,17.233433067798615,0.0,0.0,7.698911428451538,0.8053045272827148,19.192020297050476,0.0,0.0,4.567450940608978,0.6767295002937317,11.675530850887299,0.0,0.0,6.266106426715851,0.7206368446350098,15.426824271678925,0.0,0.0,7.878827214241028,0.7407646775245667,19.22174245119095,0.0,0.0,6.9481823444366455,0.7463564872741699,18.643738508224487,0.0,0.0,5.8843607902526855,0.6853780746459961,15.067749977111816,0.0,0.0,5.418225646018982,0.7434600591659546,15.444148540496826,0.0,0.0,9.503123700618744,0.8573397397994995,25.739581406116486,0.06146049499511719,0.2733325958251953,7.938385009765625,0.7204089164733887,18.782061100006104,0.2878708839416504,1.361939251422882,7.069938659667969,0.6857833862304688,16.76368522644043,0.2357635498046875,1.549764633178711,9.222383737564087,0.851750373840332,26.377316296100616,0.045772552490234375,0.04886460304260254,8.7983757853508,0.8894023895263672,23.104784667491913,0.11170172691345215,0.25147557258605957
60,hallucinated,34,0.493408203125,5.1218114495277405,0.933783233165741,26.75734907388687,0.03369170427322388,0.12128323316574097,4.8789026737213135,0.9069794416427612,25.106465220451355,0.04007160663604736,0.12909185886383057,5.034236431121826,0.8937597870826721,25.617075502872467,0.026049137115478516,0.049024999141693115,2.032377243041992,0.4308319091796875,7.74310302734375,0.0,0.0,2.5072174072265625,0.5733108520507812,10.548484802246094,0.0,0.0,1.5961856842041016,0.42305946350097656,6.6515655517578125,0.0,0.0,2.1383237838745117,0.7165851593017578,10.144042015075684,0.0,0.0,2.0989418029785156,0.5660972595214844,8.396731615066528,0.0,0.0,2.0977487564086914,0.5363922119140625,9.556009531021118,0.0,0.0,2.3148117065429688,0.5829963684082031,10.995962142944336,0.0,0.0,2.3582229614257812,0.5062332153320312,9.616270065307617,0.0,0.0,2.8020553588867188,0.5769729614257812,11.78908920288086,0.0,0.0,3.2956771850585938,0.6089954376220703,12.542146444320679,0.0,0.0,2.6884918212890625,0.5741844177246094,10.239028930664062,0.0,0.0,3.127450942993164,0.7304248809814453,15.085065841674805,0.0,0.0,3.1405868530273438,0.7183418273925781,12.830684661865234,0.0,0.0,3.8295516967773438,0.8419189453125,14.399412155151367,0.0,0.0,3.1152822971343994,0.6139833927154541,10.383334636688232,0.0,0.0,3.5396108627319336,0.726374626159668,14.330124855041504,0.0,0.0,3.6680469512939453,0.666623592376709,12.429733157157898,0.0,0.0,2.635580539703369,0.6081333160400391,9.92290735244751,0.0,0.0,3.2426280975341797,0.7680768966674805,11.901749610900879,0.0,0.0,3.2956626415252686,0.6617240905761719,11.213914632797241,0.0,0.0,3.78657066822052,0.7099227905273438,13.68803322315216,0.0,0.0,3.791311740875244,0.72021484375,15.283199667930603,0.0,0.0,2.5289454460144043,0.6657028198242188,9.635951519012451,0.0,0.0,3.1183738708496094,0.6254110336303711,12.281019449234009,0.0,0.0,3.686208128929138,0.7260478734970093,15.030452966690063,0.0,0.0,3.1811864376068115,0.7086973190307617,14.878511667251587,0.0,0.0,2.656796932220459,0.6737923622131348,11.839468002319336,0.0,0.0,2.763500213623047,0.750330924987793,12.789629518985748,0.0,0.0,4.757760167121887,0.8595544099807739,20.997954845428467,0.061183929443359375,0.2740345001220703,3.641683578491211,0.7204527854919434,14.46880578994751,0.2871575355529785,1.354892909526825,3.0747833251953125,0.6627960205078125,12.774394989013672,0.23505783081054688,1.5485625267028809,4.551337778568268,0.851750373840332,21.71543425321579,0.006402015686035156,0.006402015686035156,4.221163511276245,0.8894023895263672,18.51243758201599,0.13827776908874512,0.1886388063430786
61,grounded,37,0.56689453125,4.938142418861389,0.9359734654426575,28.970946967601776,0.02770930528640747,0.08934873342514038,4.928406715393066,0.904672384262085,27.60227757692337,0.039115190505981445,0.1788380742073059,4.98319149017334,0.9064774513244629,28.22571349143982,0.026049137115478516,0.054572105407714844,2.0371856689453125,0.4385528564453125,8.934736251831055,0.0,0.0,2.236541748046875,0.6180877685546875,11.069076538085938,0.0,0.0,1.524949073791504,0.46962833404541016,7.258927345275879,0.0,0.0,2.209644317626953,0.7159919738769531,11.588436126708984,0.0,0.0,1.8873882293701172,0.5049095153808594,9.980924606323242,0.0,0.0,2.0117530822753906,0.6016206741333008,9.935213804244995,0.0,0.0,2.309427261352539,0.4627227783203125,11.438024520874023,0.0,0.0,2.4231643676757812,0.53173828125,10.719356536865234,0.0,0.0,2.852264404296875,0.6045646667480469,13.821834564208984,0.0,0.0,2.8197097778320312,0.5904769897460938,13.50603461265564,0.0,0.0,2.3751602172851562,0.5009231567382812,11.569942474365234,0.0,0.0,3.0221118927001953,0.6607112884521484,17.4404296875,0.0,0.0,2.6924057006835938,0.7007217407226562,14.665189743041992,0.0,0.0,3.062541961669922,0.7295989990234375,16.15546226501465,0.0,0.0,2.230715274810791,0.5699429512023926,11.456194519996643,0.0,0.0,3.085137367248535,0.6732215881347656,16.708110809326172,0.0,0.0,3.3505401611328125,0.6442413330078125,14.431461572647095,0.0,0.0,2.4567089080810547,0.6150550842285156,11.353393793106079,0.0,0.0,3.779517412185669,0.7135448455810547,15.214195489883423,0.0,0.0,2.7207120656967163,0.6333173513412476,12.450757384300232,0.0,0.0,3.5460166931152344,0.768463134765625,16.794487953186035,0.0,0.0,3.4942678809165955,0.7647361755371094,18.44587641954422,0.0,0.0,2.2694121599197388,0.6659126281738281,10.91910207271576,0.0,0.0,3.139614760875702,0.7156674265861511,14.987268507480621,0.0,0.0,4.084233582019806,0.7996631264686584,17.459757089614868,0.0,0.0,3.0702743530273438,0.7087011337280273,17.54451322555542,0.0,0.0,2.5679593086242676,0.6995081901550293,13.777861714363098,0.0,0.0,2.4351587295532227,0.7040948867797852,14.08119511604309,0.0,0.0,4.717706501483917,0.8381326794624329,23.246146738529205,0.06146049499511719,0.28322553634643555,3.7993059158325195,0.7160263061523438,15.879637718200684,0.2878708839416504,1.4409683346748352,3.4040756225585938,0.727294921875,14.116769790649414,0.2357635498046875,1.529937505722046,4.669144451618195,0.851750373840332,24.220098733901978,0.013004541397094727,0.013004541397094727,4.325735449790955,0.8894023895263672,21.218469858169556,0.12659406661987305,0.16231441497802734
61,hallucinated,49,0.6474609375,14.98231691122055,0.9405750036239624,39.01512145996094,0.02461850643157959,0.13384711742401123,14.947439789772034,0.9211136102676392,37.62131065130234,0.03950917720794678,0.2101762294769287,15.461240768432617,0.9064774513244629,38.7037627696991,0.026049137115478516,0.09596812725067139,6.171878814697266,0.4466876983642578,13.069429397583008,0.0,0.0,6.82396125793457,0.5732460021972656,15.656496047973633,0.0,0.0,5.146445274353027,0.47248172760009766,10.880423545837402,0.0,0.0,6.601227760314941,0.7131423950195312,15.980019569396973,0.0,0.0,6.081944227218628,0.602931022644043,14.175480604171753,0.0,0.0,4.920048713684082,0.5049772262573242,12.843509435653687,0.0,0.0,5.8074951171875,0.4627227783203125,14.936092376708984,0.0,0.0,7.112836837768555,0.5299911499023438,15.409029006958008,0.0,0.0,8.374099254608154,0.6386680603027344,19.343669414520264,0.0,0.0,8.95438003540039,0.6575419902801514,19.640704870224,0.0,0.0,7.679871559143066,0.5193023681640625,16.874653816223145,0.0,0.0,9.980985641479492,0.6655311584472656,24.399303436279297,0.0,0.0,9.17996883392334,0.6687488555908203,21.15275287628174,0.0,0.0,10.535744667053223,0.7529783248901367,23.62866497039795,0.0,0.0,10.074384450912476,0.6432273387908936,19.299863696098328,0.0,0.0,11.259961605072021,0.7412681579589844,24.882935047149658,0.0,0.0,11.81109619140625,0.7588224411010742,22.892017602920532,0.0,0.0,9.322627067565918,0.6947898864746094,18.219311952590942,0.0,0.0,11.39089560508728,0.7837390899658203,22.825573682785034,0.0,0.0,10.078744649887085,0.7278356552124023,19.8087899684906,0.0,0.0,12.831102669239044,0.8493950963020325,26.079573929309845,0.00024330615997314453,0.00024330615997314453,11.827350974082947,0.8196468353271484,26.77895951271057,0.0,0.0,6.781084179878235,0.6659126281738281,15.430774092674255,0.0,0.0,9.807929992675781,0.7176175117492676,21.6555837392807,0.0,0.0,11.628529489040375,0.8210353851318359,25.004052996635437,0.009552001953125,0.009552001953125,10.395015716552734,0.7402133941650391,24.86925458908081,0.0,0.0,8.756353497505188,0.7365226745605469,19.96625590324402,0.0,0.0,7.7810176610946655,0.7202938795089722,19.427054047584534,0.0,0.0,14.687781751155853,0.8560295104980469,33.21622198820114,0.06146049499511719,0.28322553634643555,11.743367910385132,0.7175483703613281,23.83146834373474,0.2878708839416504,1.4536700248718262,10.698806762695312,0.7294845581054688,21.389970779418945,0.2357635498046875,1.568678617477417,13.838164687156677,0.8844881057739258,33.37319952249527,0.06260108947753906,0.19717907905578613,13.128293871879578,0.8894023895263672,30.01449966430664,0.1321239471435547,0.5849387049674988
62,grounded,53,0.59130859375,15.016617715358734,0.948530375957489,42.368446707725525,0.020613372325897217,0.1039130687713623,14.990984320640564,0.917343020439148,40.98636472225189,0.0453609824180603,0.12572169303894043,15.58971619606018,0.9336510896682739,42.470151364803314,0.032906174659729004,0.08475446701049805,6.380340576171875,0.44378662109375,14.764234066009521,0.0,0.0,6.8975982666015625,0.5742721557617188,17.20661735534668,0.0,0.0,4.550847053527832,0.4460582733154297,11.044905662536621,0.0,0.0,6.237422943115234,0.7259368896484375,16.4360408782959,0.0,0.0,6.448337554931641,0.5615091323852539,15.895246028900146,0.0,0.0,5.897557735443115,0.5031595230102539,15.85341477394104,0.0,0.0,6.875087738037109,0.5573768615722656,18.18470573425293,0.0,0.0,7.973086357116699,0.5540838241577148,18.096818923950195,0.0,0.0,9.536079287528992,0.6571325063705444,22.424343943595886,0.0,0.0,9.691772818565369,0.6698589324951172,22.61044466495514,0.0,0.0,8.262197494506836,0.5448627471923828,19.265949249267578,0.0,0.0,10.378448486328125,0.7230339050292969,27.01191234588623,0.0,0.0,10.128617763519287,0.6745986938476562,23.80991792678833,0.0,0.0,12.561851501464844,0.8763313293457031,27.829894065856934,0.0,0.0,9.21458625793457,0.6766376495361328,19.50722861289978,0.0,0.0,11.23073673248291,0.8034887313842773,26.976004600524902,0.0,0.0,12.203969240188599,0.7691249847412109,24.680328369140625,0.0,0.0,8.22714900970459,0.6079797744750977,17.692121028900146,0.0,0.0,12.385183334350586,0.872187614440918,24.57359027862549,0.0,0.0,12.246283292770386,0.8196215629577637,23.968294382095337,0.0,0.0,13.439387679100037,0.8366876840591431,28.388561606407166,0.0,0.0,11.682712852954865,0.8053679466247559,28.23344451189041,0.0,0.0,5.969857931137085,0.6659126281738281,15.065791368484497,0.0,0.0,10.516894817352295,0.6956825256347656,23.347859144210815,0.0,0.0,12.447473764419556,0.8273811340332031,27.396679520606995,0.0,0.0,11.042228937149048,0.7731094360351562,27.37907385826111,0.0,0.0,9.681284964084625,0.7720975875854492,21.884133040905,0.0,0.0,7.878612756729126,0.7393667697906494,20.511685132980347,0.0,0.0,14.697213053703308,0.8942899703979492,36.06940042972565,0.06146049499511719,0.2733325958251953,12.166022300720215,0.7471714019775391,26.368353843688965,0.2878708839416504,1.3142545223236084,11.324310302734375,0.7245330810546875,23.97587776184082,0.2357635498046875,1.469639539718628,14.42639946937561,0.8834909796714783,37.3292960524559,0.07464790344238281,0.09462326765060425,13.840232253074646,0.8894023895263672,33.46092760562897,0.13049030303955078,0.31497764587402344
62,hallucinated,41,0.533203125,5.007386267185211,0.9456122517585754,32.359215259552,0.03464996814727783,0.0794331431388855,4.857446253299713,0.8846839070320129,30.85282665491104,0.0486682653427124,0.1327107548713684,4.967156410217285,0.9336510896682739,31.84759157896042,0.026049137115478516,0.06765848398208618,1.8141365051269531,0.4348907470703125,10.1980299949646,0.0,0.0,2.2476654052734375,0.5742721557617188,12.556684494018555,0.0,0.0,1.7067279815673828,0.5149631500244141,8.200786590576172,0.0,0.0,2.08785343170166,0.717254638671875,12.286471366882324,0.0,0.0,1.6931447982788086,0.518463134765625,11.140053272247314,0.0,0.0,2.2908334732055664,0.562255859375,12.246690511703491,0.0,0.0,2.14544677734375,0.5416278839111328,13.45506477355957,0.0,0.0,2.4555721282958984,0.5202827453613281,12.579304695129395,0.0,0.0,2.6203384399414062,0.6154270172119141,15.5086030960083,0.0,0.0,2.981595814228058,0.5760250091552734,15.900267660617828,0.0,0.0,2.1967849731445312,0.5002212524414062,13.200536727905273,0.0,0.0,2.969724655151367,0.7162628173828125,19.603188514709473,0.0,0.0,3.329397201538086,0.6849689483642578,17.01069736480713,0.0,0.0,3.5092053413391113,0.8120994567871094,18.7772479057312,0.0,0.0,3.5853899717330933,0.7286777496337891,13.878032326698303,0.0,0.0,3.533885955810547,0.720703125,19.27915382385254,0.0,0.0,4.049355506896973,0.7545766830444336,16.525714635849,0.0,0.0,2.647799253463745,0.6079797744750977,12.112771272659302,0.0,0.0,4.057565212249756,0.8180890083312988,16.245972156524658,0.0,0.0,3.2336660027503967,0.6481513977050781,14.955677092075348,0.0,0.0,3.916720151901245,0.7905082702636719,18.865894079208374,0.0,0.0,3.7376745343208313,0.7879251837730408,20.288406193256378,0.0,0.0,2.197495937347412,0.6659126281738281,11.293429374694824,0.0,0.0,2.887251853942871,0.6468429565429688,15.718216180801392,0.0,0.0,3.7383901476860046,0.773105263710022,18.687595903873444,0.0,0.0,3.0698790550231934,0.7087011337280273,19.406723976135254,0.0,0.0,2.3390705585479736,0.6336789131164551,14.541918635368347,0.0,0.0,2.4809335470199585,0.6799463033676147,15.11400592327118,0.0,0.0,4.7331132888793945,0.8307924270629883,26.105300664901733,0.06146049499511719,0.2733325958251953,3.6403121948242188,0.7084951400756836,17.83222198486328,0.2878708839416504,1.3171412944793701,3.249889373779297,0.690185546875,15.937894821166992,0.2357635498046875,1.4887917041778564,4.2957857847213745,0.851750373840332,27.196924686431885,0.06115150451660156,0.19126170873641968,4.069222152233124,0.8894023895263672,23.69367641210556,0.12099003791809082,0.3166511058807373
63,grounded,38,0.53515625,5.002601742744446,0.9426752328872681,29.790995359420776,0.012920916080474854,0.04013437032699585,4.982638895511627,0.9082130789756775,28.51324099302292,0.03735792636871338,0.113331139087677,4.982050895690918,0.9080724716186523,29.160832405090332,0.026049137115478516,0.05185753107070923,2.0469589233398438,0.4176788330078125,8.80443787574768,0.0,0.0,2.2427310943603516,0.6125125885009766,11.550771713256836,0.0,0.0,1.5682334899902344,0.4673652648925781,7.169759750366211,0.0,0.0,2.2891616821289062,0.7159099578857422,11.459606170654297,0.0,0.0,2.257856845855713,0.5148887634277344,10.335094451904297,0.0,0.0,2.1441431045532227,0.5252819061279297,10.784945249557495,0.0,0.0,2.0103111267089844,0.5037155151367188,12.082454681396484,0.0,0.0,2.3849716186523438,0.5421524047851562,11.120025634765625,0.0,0.0,2.8212642669677734,0.5585136413574219,13.590295791625977,0.0,0.0,2.8931922912597656,0.6444778442382812,13.830619931221008,0.0,0.0,2.433135986328125,0.5386123657226562,11.79014778137207,0.0,0.0,2.9787445068359375,0.7119464874267578,17.556273460388184,0.0,0.0,2.86212158203125,0.6378402709960938,14.452009201049805,0.0,0.0,3.13323974609375,0.7669057846069336,15.524750709533691,0.0,0.0,2.393712043762207,0.5640268325805664,11.06593930721283,0.0,0.0,3.4127025604248047,0.785517692565918,17.140599250793457,0.0,0.0,3.3546009063720703,0.6483516693115234,13.827318906784058,0.0,0.0,2.464320182800293,0.618694543838501,10.996947526931763,0.0,0.0,4.231944799423218,0.7854390144348145,14.477885961532593,0.0,0.0,3.1685121655464172,0.5968225598335266,12.363435566425323,0.0,0.0,3.901578903198242,0.7395896911621094,16.143041610717773,0.0,0.0,3.7284905910491943,0.717254638671875,17.34761679172516,0.0,0.0,2.3682678937911987,0.6667639017105103,10.445253729820251,0.0,0.0,3.6328821182250977,0.7055950164794922,14.528617143630981,0.0,0.0,4.203540861606598,0.7943422198295593,17.10348790884018,0.0,0.0,3.1520614624023438,0.7087011337280273,16.873599529266357,0.0,0.0,3.0525726079940796,0.6651524305343628,13.194520711898804,0.0,0.0,2.6831623315811157,0.7088066339492798,13.87658154964447,0.0,0.0,4.852005839347839,0.8426303863525391,23.689963817596436,0.06146049499511719,0.2733325958251953,3.9193124771118164,0.7418460845947266,16.795427322387695,0.2878708839416504,1.3402538895606995,3.4832229614257812,0.7346229553222656,15.169546127319336,0.2357635498046875,1.5776691436767578,4.517492830753326,0.8531938791275024,24.38454955816269,0.004900813102722168,0.006643414497375488,4.138303875923157,0.8894023895263672,21.539120078086853,0.12459492683410645,0.13709568977355957
63,hallucinated,49,0.65771484375,13.901223242282867,0.9426752328872681,38.6896168589592,0.032463788986206055,0.09430313110351562,14.046591639518738,0.9148484468460083,37.57719373703003,0.035865724086761475,0.14300453662872314,14.681872367858887,0.9165236949920654,38.8606538772583,0.033899903297424316,0.1278541088104248,5.399209022521973,0.4195556640625,12.15668797492981,0.0,0.0,6.420722961425781,0.5797233581542969,15.728763580322266,0.0,0.0,5.2635698318481445,0.4935464859008789,10.865096092224121,0.0,0.0,5.7755937576293945,0.7159099578857422,14.946038246154785,0.0,0.0,6.1523637771606445,0.5580101013183594,14.229601383209229,0.0,0.0,5.191720962524414,0.5252819061279297,13.832523107528687,0.0,0.0,5.896032333374023,0.5037155151367188,15.968175888061523,0.0,0.0,6.840461730957031,0.5061264038085938,15.575515747070312,0.0,0.0,7.811912775039673,0.6231052875518799,18.580944299697876,0.0,0.0,8.071272611618042,0.6373739242553711,19.008700251579285,0.0,0.0,6.971052169799805,0.5064849853515625,16.32806396484375,0.0,0.0,9.379668235778809,0.7319412231445312,23.957197189331055,0.0,0.0,8.293241500854492,0.6378402709960938,19.883129119873047,0.0,0.0,9.26878547668457,0.7676258087158203,21.66029644012451,0.0,0.0,9.102271795272827,0.6204624176025391,17.77449905872345,0.0,0.0,10.361335754394531,0.785517692565918,24.089232444763184,0.0,0.0,11.004572451114655,0.7712274193763733,21.477290451526642,0.0,0.0,8.797942757606506,0.6850301027297974,17.330570101737976,0.0,0.0,10.722608804702759,0.7722606658935547,20.968549966812134,0.0,0.0,9.419825255870819,0.6754302978515625,18.614748656749725,0.0,0.0,11.26918876171112,0.7979953289031982,23.510651469230652,0.0,0.0,10.7941974401474,0.8666765689849854,24.413323640823364,0.0,0.0,6.586915969848633,0.6659126281738281,14.663901805877686,0.0,0.0,9.611745357513428,0.8100214004516602,20.50748038291931,0.0,0.0,11.347458600997925,0.8398647308349609,24.247405648231506,0.0238187313079834,0.0238187313079834,9.795172691345215,0.7946686744689941,23.51671075820923,0.0,0.0,7.698794722557068,0.6632063388824463,17.840742826461792,0.0,0.0,7.347828984260559,0.6953083276748657,18.541248202323914,0.0,0.0,13.91608840227127,0.8600578308105469,32.75404638051987,0.06146049499511719,0.2906479835510254,11.27053165435791,0.747650146484375,24.121667861938477,0.2878708839416504,1.3563402891159058,10.161148071289062,0.7346229553222656,21.795957565307617,0.2357635498046875,1.5403928756713867,12.867002606391907,0.8531938791275024,32.72531592845917,0.08450198173522949,0.2301824688911438,12.549792885780334,0.8894023895263672,29.95280110836029,0.12051963806152344,0.4413278102874756
64,grounded,44,0.6435546875,13.104657888412476,0.9437046051025391,34.60856181383133,0.021654963493347168,0.10601961612701416,13.216230154037476,0.9083236455917358,33.4827675819397,0.04024863243103027,0.1347237229347229,13.606018364429474,0.9205749034881592,34.18159180879593,0.026049137115478516,0.08419555425643921,5.236919403076172,0.44947052001953125,10.957502365112305,0.0,0.0,5.826519012451172,0.583709716796875,13.6407470703125,0.0,0.0,4.534896373748779,0.4776792526245117,9.568297863006592,0.0,0.0,5.199427127838135,0.7207489013671875,13.337509632110596,0.0,0.0,5.457824230194092,0.5442709922790527,12.153216123580933,0.0,0.0,4.8945631980896,0.5157499313354492,12.326827764511108,0.0,0.0,5.335773468017578,0.5030059814453125,13.662300109863281,0.0,0.0,6.75190544128418,0.5598964691162109,13.932781219482422,0.0,0.0,8.44538402557373,0.6317195892333984,17.94284152984619,0.0,0.0,8.516695857048035,0.7133086919784546,17.845388054847717,0.0,0.0,7.158100128173828,0.5464973449707031,15.138908386230469,0.0,0.0,8.74038028717041,0.7088050842285156,21.257277488708496,0.0,0.0,9.39820384979248,0.700958251953125,19.58084774017334,0.0,0.0,10.474580764770508,0.7737941741943359,21.301807403564453,0.0,0.0,7.825983285903931,0.6521599292755127,15.48955625295639,0.0,0.0,9.877337455749512,0.712681770324707,21.735251426696777,0.0,0.0,10.029468536376953,0.7181644439697266,19.033053755760193,0.0,0.0,8.433997869491577,0.6752095222473145,16.197669744491577,0.0,0.0,10.796468257904053,0.7930278778076172,20.07126760482788,0.0,0.0,10.054308295249939,0.8243999481201172,18.21652352809906,0.0,0.0,10.899638891220093,0.7973976135253906,21.725105047225952,0.0,0.0,10.49631643295288,0.7866420745849609,23.077810645103455,0.0,0.0,5.768880844116211,0.6659126281738281,13.48354721069336,0.0,0.0,8.716015338897705,0.7318811416625977,18.654597401618958,0.0,0.0,10.443801641464233,0.7957992553710938,22.178236722946167,0.0,0.0,9.274264812469482,0.7159976959228516,21.99276638031006,0.0,0.0,8.0781569480896,0.7098829746246338,17.80061149597168,0.0,0.0,7.284494638442993,0.7479593753814697,17.605386972427368,0.0,0.0,12.8610879778862,0.8569020628929138,29.638084590435028,0.06146049499511719,0.2733325958251953,10.994828939437866,0.7856712341308594,22.64384913444519,0.2878708839416504,1.3581255674362183,10.129318237304688,0.7478561401367188,20.468149185180664,0.2357635498046875,1.4928548336029053,12.707866251468658,0.8667056560516357,30.201853156089783,0.01103973388671875,0.018613815307617188,12.080072820186615,0.8894023895263672,26.876599967479706,0.10610997676849365,0.19004666805267334
64,hallucinated,40,0.61474609375,9.866199135780334,0.9419158101081848,31.37010306119919,0.02669811248779297,0.08445608615875244,9.778240323066711,0.9041775465011597,30.044777750968933,0.041641831398010254,0.12535035610198975,10.171639561653137,0.9061062335968018,30.747213006019592,0.026049137115478516,0.06241869926452637,4.266534805297852,0.43190765380859375,9.987117767333984,0.0,0.0,4.4695281982421875,0.56695556640625,12.283756256103516,0.0,0.0,3.4431142807006836,0.4699974060058594,8.476515769958496,0.0,0.0,4.124170541763306,0.7207489013671875,12.262253046035767,0.0,0.0,4.51464319229126,0.5225310325622559,11.2100350856781,0.0,0.0,3.8650403022766113,0.5157499313354492,11.29730486869812,0.0,0.0,3.9437789916992188,0.5030059814453125,12.270305633544922,0.0,0.0,4.900960922241211,0.6163692474365234,12.081836700439453,0.0,0.0,6.0407915115356445,0.7079973220825195,15.538249015808105,0.0,0.0,6.1109782457351685,0.6593661308288574,15.439670443534851,0.0,0.0,5.056640625,0.5572547912597656,13.03744888305664,0.0,0.0,6.197216033935547,0.6798439025878906,18.714113235473633,0.0,0.0,6.638315677642822,0.6434288024902344,16.82095956802368,0.0,0.0,7.766765594482422,0.7966823577880859,18.593992233276367,0.0,0.0,6.10378360748291,0.6325130462646484,13.76735657453537,0.0,0.0,7.396092891693115,0.706024169921875,19.25400686264038,0.0,0.0,6.985506057739258,0.6478252410888672,15.989091277122498,0.0,0.0,6.549232661724091,0.6928207278251648,14.31290453672409,0.0,0.0,7.200143337249756,0.7108097076416016,16.474942684173584,0.0,0.0,6.123804867267609,0.6422805786132812,14.28602010011673,0.0,0.0,8.096938371658325,0.7920732498168945,18.922404527664185,0.0,0.0,8.20472526550293,0.8458929061889648,20.786219477653503,0.0,0.0,4.924495458602905,0.6659126281738281,12.639161825180054,0.0,0.0,6.59102189540863,0.6994218826293945,16.529603958129883,0.0,0.0,8.17618465423584,0.8288841247558594,19.910619735717773,0.016688227653503418,0.018873870372772217,7.051795482635498,0.7272024154663086,19.770297050476074,0.0,0.0,6.113496422767639,0.6571260690689087,15.83595097064972,0.0,0.0,5.964468717575073,0.7402589321136475,16.28536105155945,0.0,0.0,9.775359988212585,0.8532543182373047,26.552356600761414,0.06146049499511719,0.2733325958251953,8.235763549804688,0.7432861328125,19.88478374481201,0.2878708839416504,1.3403785824775696,7.399791717529297,0.7151718139648438,17.738622665405273,0.2357635498046875,1.4974331855773926,9.477802276611328,0.8639678955078125,26.966507256031036,0.003287196159362793,0.005596041679382324,9.023284435272217,0.8894023895263672,23.786678075790405,0.1170198917388916,0.1281740665435791
65,grounded,42,0.626953125,10.317969977855682,0.9399640560150146,32.67654401063919,0.03365981578826904,0.1357666254043579,10.820857644081116,0.9086422920227051,31.86498475074768,0.040821850299835205,0.13432985544204712,11.263267934322357,0.9056525230407715,32.71453243494034,0.026049137115478516,0.06239748001098633,4.121088027954102,0.45001220703125,10.497787475585938,0.0,0.0,5.3006744384765625,0.6346321105957031,14.043937683105469,0.0,0.0,3.810454845428467,0.5003228187561035,9.250125408172607,0.0,0.0,4.447951316833496,0.7273159027099609,13.049193382263184,0.0,0.0,4.219489097595215,0.5483427047729492,11.333715200424194,0.0,0.0,3.8977789878845215,0.5487918853759766,11.898370027542114,0.0,0.0,4.325031280517578,0.5433788299560547,13.044698715209961,0.0,0.0,5.465503692626953,0.4955253601074219,13.341558456420898,0.0,0.0,6.36223030090332,0.6163101196289062,16.1228084564209,0.0,0.0,6.9034276604652405,0.7110791802406311,17.11638242006302,0.0,0.0,5.424648284912109,0.51446533203125,13.621732711791992,0.0,0.0,6.503074645996094,0.6112556457519531,19.421018600463867,0.0,0.0,6.37028694152832,0.6537418365478516,16.99800968170166,0.0,0.0,7.54893684387207,0.7706050872802734,19.63329315185547,0.0,0.0,6.00571346282959,0.6209630966186523,13.933107852935791,0.0,0.0,7.521479606628418,0.7202987670898438,19.332100868225098,0.0,0.0,7.8103179931640625,0.6860809326171875,17.71717381477356,0.0,0.0,6.009202003479004,0.6267282962799072,14.209378480911255,0.0,0.0,7.7524573802948,0.7192478179931641,16.99344801902771,0.0,0.0,6.600118160247803,0.63006591796875,15.093392848968506,0.0,0.0,8.427977561950684,0.7783946990966797,19.56651210784912,0.0,0.0,7.984502792358398,0.8186759948730469,20.806793570518494,0.0,0.0,4.046419262886047,0.6659126281738281,11.795425534248352,0.0,0.0,6.17464542388916,0.6384925842285156,16.59340763092041,0.0,0.0,8.074224829673767,0.791730523109436,20.611845552921295,0.0,0.0,6.690728187561035,0.7087011337280273,19.74845552444458,0.0,0.0,5.283108711242676,0.6902608871459961,15.110713183879852,0.0,0.0,5.167536675930023,0.7186164259910583,15.851442515850067,0.0,0.0,10.219607472419739,0.8609066009521484,27.395100831985474,0.06146049499511719,0.28256863355636597,8.676740169525146,0.8112807273864746,20.691428661346436,0.2878708839416504,1.3935182690620422,7.959739685058594,0.7913589477539062,18.365896224975586,0.2357635498046875,1.5755066871643066,9.835094630718231,0.8543143272399902,28.188844919204712,0.08250236511230469,0.19491666555404663,9.519828975200653,0.8894023895263672,24.861402451992035,0.12185239791870117,0.32230210304260254
65,hallucinated,40,0.55224609375,9.331309258937836,0.9419413208961487,31.689883291721344,0.03365981578826904,0.14526772499084473,9.077536940574646,0.9105582237243652,30.12166404724121,0.03156989812850952,0.1140555739402771,9.399024069309235,0.9032836556434631,30.850288569927216,0.026049137115478516,0.07184445858001709,3.6547508239746094,0.4456748962402344,10.031450271606445,0.0,0.0,4.4422149658203125,0.6128501892089844,13.185478210449219,0.0,0.0,3.2110471725463867,0.4895200729370117,8.650717735290527,0.0,0.0,3.889495849609375,0.7273159027099609,12.490737915039062,0.0,0.0,3.5341129302978516,0.5364265441894531,10.648339033126831,0.0,0.0,3.4539995193481445,0.5487918853759766,11.454590559005737,0.0,0.0,3.756328582763672,0.5433788299560547,12.475996017456055,0.0,0.0,4.427333831787109,0.5307998657226562,12.303388595581055,0.0,0.0,4.955327987670898,0.5697441101074219,14.715906143188477,0.0,0.0,5.547262907028198,0.597412109375,15.760217666625977,0.0,0.0,4.43480110168457,0.5174026489257812,12.631885528564453,0.0,0.0,5.516693115234375,0.651336669921875,18.43463706970215,0.0,0.0,5.856686592102051,0.6483268737792969,16.48440933227539,0.0,0.0,6.766578674316406,0.7610950469970703,18.850934982299805,0.0,0.0,5.488866567611694,0.6270501613616943,13.416260957717896,0.0,0.0,6.75745964050293,0.7340412139892578,18.56808090209961,0.0,0.0,6.939426422119141,0.6847438812255859,16.846282243728638,0.0,0.0,5.660125732421875,0.6770076751708984,13.860302209854126,0.0,0.0,6.678954124450684,0.7725534439086914,15.919944763183594,0.0,0.0,5.804170370101929,0.6311492919921875,14.297445058822632,0.0,0.0,7.229542136192322,0.7295026779174805,18.36807668209076,0.0,0.0,7.5973586440086365,0.8047056198120117,20.41964942216873,0.0,0.0,3.9820408821105957,0.6659126281738281,11.7310471534729,0.0,0.0,6.17220664024353,0.6616916656494141,16.59096884727478,0.0,0.0,7.435087084770203,0.7969406247138977,19.97270780801773,0.0,0.0,6.019416809082031,0.7087011337280273,19.077144145965576,0.0,0.0,4.965478897094727,0.6690406799316406,14.793083369731903,0.0,0.0,5.127261996269226,0.7334774732589722,15.81116783618927,0.0,0.0,8.89228367805481,0.8659343719482422,26.067777037620544,0.06146049499511719,0.2733325958251953,7.268926620483398,0.7467231750488281,19.283615112304688,0.2878708839416504,1.3702459931373596,6.427707672119141,0.7089767456054688,16.84276008605957,0.2357635498046875,1.4977240562438965,8.553227305412292,0.8588159084320068,26.909307897090912,0.08149528503417969,0.1108248233795166,8.086271464824677,0.8894023895263672,23.423308551311493,0.12590491771697998,0.20480048656463623
66,grounded,42,0.5869140625,12.425516128540039,0.9473182559013367,33.17898577451706,0.025080084800720215,0.1538909673690796,12.422040522098541,0.9144644141197205,31.831206798553467,0.04581642150878906,0.1632227897644043,12.812178254127502,0.9071717262268066,32.532542526721954,0.027707576751708984,0.07096314430236816,4.5295610427856445,0.4073295593261719,9.932822227478027,0.0,0.0,5.742622375488281,0.621063232421875,13.384307861328125,0.0,0.0,4.083186626434326,0.41495513916015625,9.128530025482178,0.0,0.0,4.715007781982422,0.7160263061523438,12.70976448059082,0.0,0.0,4.8292083740234375,0.5202903747558594,11.247491836547852,0.0,0.0,4.288724422454834,0.4973764419555664,11.48827338218689,0.0,0.0,4.935035705566406,0.46900177001953125,12.805641174316406,0.0,0.0,5.730623245239258,0.5435419082641602,12.71762466430664,0.0,0.0,7.526970863342285,0.6416244506835938,16.20744800567627,0.0,0.0,7.233381271362305,0.6428775787353516,15.663267850875854,0.0,0.0,6.335262298583984,0.5395622253417969,13.941761016845703,0.0,0.0,8.151230812072754,0.7310028076171875,20.126654624938965,0.0,0.0,7.808769226074219,0.6505355834960938,17.419578552246094,0.0,0.0,9.606290817260742,0.802520751953125,20.535310745239258,0.0,0.0,7.622718572616577,0.640526533126831,14.744216442108154,0.0,0.0,8.878983497619629,0.7315568923950195,19.685185432434082,0.0,0.0,9.65434467792511,0.7661857604980469,18.166221618652344,0.0,0.0,7.6003371477127075,0.6369075775146484,14.821491122245789,0.0,0.0,9.722142219543457,0.785731315612793,18.156882286071777,0.0,0.0,9.180335760116577,0.7296924591064453,16.98029923439026,0.0,0.0,9.322442770004272,0.7398881912231445,19.106923818588257,0.0,0.0,9.658435583114624,0.8260576725006104,20.94773155450821,0.0,0.0,4.993353605270386,0.6659126281738281,12.256670236587524,0.0,0.0,8.177695155143738,0.6823539733886719,17.50974190235138,0.0,0.0,9.314703226089478,0.8019785284996033,20.7344251871109,0.0,0.0,7.8410186767578125,0.7087011337280273,19.44717836380005,0.0,0.0,6.609483242034912,0.6909856796264648,15.753411769866943,0.0,0.0,6.986226201057434,0.749893844127655,16.903932750225067,0.0,0.0,11.981376230716705,0.8420393466949463,27.475393652915955,0.06146049499511719,0.3094017505645752,10.24406611919403,0.7812813520431519,20.801541686058044,0.2878708839416504,1.3507975339889526,9.442890167236328,0.7755107879638672,18.908451080322266,0.2357635498046875,1.4666144847869873,12.271200180053711,0.8548628091812134,29.163062572479248,0.010281920433044434,0.010281920433044434,11.879440546035767,0.8894023895263672,25.898704528808594,0.0593029260635376,0.07027637958526611
66,hallucinated,37,0.55517578125,8.21820604801178,0.9390945434570312,28.9716756939888,0.02528601884841919,0.1222606897354126,8.137880563735962,0.9079718589782715,27.547046840190887,0.04581642150878906,0.16998618841171265,8.43686854839325,0.9050226211547852,28.1572328209877,0.026049137115478516,0.05171358585357666,3.09716796875,0.41753196716308594,8.500429153442383,0.0,0.0,4.008659362792969,0.557647705078125,11.650344848632812,0.0,0.0,3.049140453338623,0.4167490005493164,8.094483852386475,0.0,0.0,3.393970489501953,0.7160263061523438,11.388727188110352,0.0,0.0,3.2254762649536133,0.5369644165039062,9.643759727478027,0.0,0.0,3.077808380126953,0.47686767578125,10.277357339859009,0.0,0.0,3.321704864501953,0.46900177001953125,11.192310333251953,0.0,0.0,3.7637062072753906,0.4909782409667969,10.750707626342773,0.0,0.0,4.996823787689209,0.5930328369140625,13.677300930023193,0.0,0.0,4.530157566070557,0.5027790069580078,12.960044145584106,0.0,0.0,4.138721466064453,0.5024871826171875,11.745220184326172,0.0,0.0,5.49543571472168,0.7310028076171875,17.47085952758789,0.0,0.0,5.085700035095215,0.6505355834960938,14.69650936126709,0.0,0.0,6.64006233215332,0.7686195373535156,17.569082260131836,0.0,0.0,5.3570146560668945,0.6317806243896484,12.478512525558472,0.0,0.0,5.807712078094482,0.716794490814209,16.613914012908936,0.0,0.0,6.274863004684448,0.7123653888702393,14.786739945411682,0.0,0.0,5.451699078083038,0.6808567047119141,12.67285305261612,0.0,0.0,6.079406261444092,0.7590975761413574,14.514146327972412,0.0,0.0,5.632053554058075,0.7030849456787109,13.432017028331757,0.0,0.0,6.057109594345093,0.7262954711914062,15.841590642929077,0.0,0.0,6.40412700176239,0.7681026458740234,17.693422973155975,0.0,0.0,3.609346628189087,0.6771297454833984,10.872663259506226,0.0,0.0,5.728759288787842,0.66595458984375,15.060806035995483,0.0,0.0,6.358364582061768,0.7634680867195129,17.77808654308319,0.040564894676208496,0.040564894676208496,5.307889938354492,0.7087011337280273,16.91404962539673,0.0,0.0,5.019003868103027,0.6563706398010254,14.162932395935059,0.0,0.0,4.62446254491806,0.7787060141563416,14.542169094085693,0.0,0.0,7.910393476486206,0.8321850299835205,23.404410898685455,0.06146049499511719,0.2733325958251953,6.467252731323242,0.7436089515686035,17.024728298187256,0.2878708839416504,1.3709136843681335,5.6085205078125,0.7755107879638672,15.074081420898438,0.2357635498046875,1.4698970317840576,8.039123952388763,0.8548628091812134,24.88696140050888,0.00014293193817138672,0.00014293193817138672,7.587889492511749,0.8894023895263672,21.537327110767365,0.12439680099487305,0.13537025451660156
67,grounded,31,0.58203125,6.736706495285034,0.9399538636207581,24.500211000442505,0.023734450340270996,0.0687217116355896,6.483947277069092,0.894650936126709,22.60879647731781,0.034838318824768066,0.08574247360229492,6.67240846157074,0.8921207189559937,23.041075706481934,0.026049137115478516,0.05094301700592041,2.44622802734375,0.4103431701660156,7.0113677978515625,0.0,0.0,2.9104671478271484,0.5970363616943359,9.388620376586914,0.0,0.0,2.3155646324157715,0.4576849937438965,6.751641750335693,0.0,0.0,2.7192611694335938,0.7092170715332031,9.568500518798828,0.0,0.0,2.6448020935058594,0.482330322265625,8.240984201431274,0.0,0.0,2.413094997406006,0.48740577697753906,8.41257119178772,0.0,0.0,2.4894676208496094,0.4627227783203125,8.849742889404297,0.0,0.0,2.945880889892578,0.48268890380859375,8.780319213867188,0.0,0.0,3.5454816818237305,0.5596647262573242,11.049300193786621,0.0,0.0,3.462137460708618,0.4924736022949219,10.48518180847168,0.0,0.0,3.418172836303711,0.52996826171875,9.760324478149414,0.0,0.0,3.717132568359375,0.6010665893554688,13.38726806640625,0.0,0.0,4.266583442687988,0.6383247375488281,12.628414154052734,0.0,0.0,4.618965148925781,0.7332572937011719,13.480108261108398,0.0,0.0,3.6468207836151123,0.5781104564666748,9.639493703842163,0.0,0.0,4.495128631591797,0.7050628662109375,13.245218276977539,0.0,0.0,4.5502471923828125,0.6255416870117188,11.751070499420166,0.0,0.0,3.713627338409424,0.599825382232666,10.04731559753418,0.0,0.0,4.204247713088989,0.6852970123291016,11.704326868057251,0.0,0.0,4.069662809371948,0.6313235759735107,10.647490739822388,0.0,0.0,5.016139507293701,0.6965422630310059,13.091769695281982,0.0,0.0,5.546187043190002,0.7626090049743652,15.243770241737366,0.0,0.0,3.5706653594970703,0.6657028198242188,10.339971542358398,0.0,0.0,4.357922554016113,0.6706953048706055,12.416059255599976,0.0,0.0,4.99281120300293,0.8092318177223206,14.747638761997223,0.0,0.0,3.9765172004699707,0.7086973190307617,14.022817611694336,0.0,0.0,3.606949210166931,0.7148317098617554,11.743465542793274,0.0,0.0,3.9796983003616333,0.732284665107727,12.52152395248413,0.0,0.0,6.34909200668335,0.8197593688964844,19.631775856018066,0.061183929443359375,0.2740345001220703,5.138065338134766,0.7197704315185547,14.561519622802734,0.2871575355529785,1.452254056930542,4.465423583984375,0.6632766723632812,13.004188537597656,0.23505783081054688,1.53340744972229,5.970572054386139,0.851750373840332,19.823631584644318,0.0022706985473632812,0.0022706985473632812,5.661102533340454,0.8894023895263672,16.937190532684326,0.12150228023529053,0.18661129474639893
67,hallucinated,30,0.53759765625,5.992670893669128,0.9399538636207581,23.7561753988266,0.020417451858520508,0.06829625368118286,5.639747738838196,0.8992961645126343,21.764596939086914,0.040293335914611816,0.08951044082641602,5.7748048305511475,0.8939816951751709,22.14347207546234,0.026049137115478516,0.05746102333068848,2.2034683227539062,0.4103431701660156,6.768608093261719,0.0,0.0,2.5287723541259766,0.5972995758056641,9.006925582885742,0.0,0.0,2.0346298217773438,0.4634552001953125,6.470706939697266,0.0,0.0,2.410490036010742,0.7092170715332031,9.259729385375977,0.0,0.0,2.4252424240112305,0.4985237121582031,8.021424531936646,0.0,0.0,2.126920223236084,0.48740577697753906,8.126396417617798,0.0,0.0,2.0273971557617188,0.4627227783203125,8.387672424316406,0.0,0.0,2.4807472229003906,0.48268890380859375,8.315185546875,0.0,0.0,2.9962425231933594,0.5530624389648438,10.50006103515625,0.0,0.0,2.9887516498565674,0.48474884033203125,10.011795997619629,0.0,0.0,2.9399213790893555,0.5185575485229492,9.282073020935059,0.0,0.0,3.2677459716796875,0.5914573669433594,12.937881469726562,0.0,0.0,3.7465577125549316,0.6662216186523438,12.108388423919678,0.0,0.0,3.9302539825439453,0.7198562622070312,12.791397094726562,0.0,0.0,3.3783957958221436,0.5822131633758545,9.371068716049194,0.0,0.0,3.8732566833496094,0.7038803100585938,12.623346328735352,0.0,0.0,3.7882843017578125,0.6069598197937012,10.989107608795166,0.0,0.0,3.1918880939483643,0.599825382232666,9.52557635307312,0.0,0.0,3.5407299995422363,0.6852970123291016,11.040809154510498,0.0,0.0,3.241776466369629,0.6389093399047852,9.819604396820068,0.0,0.0,4.1299145221710205,0.6958980560302734,12.205544710159302,0.0,0.0,4.606443881988525,0.7480010986328125,14.304027080535889,0.0,0.0,2.6909788846969604,0.6687099933624268,9.460285067558289,0.0,0.0,3.5476245284080505,0.6524085402488708,11.605761229991913,0.0,0.0,4.44397234916687,0.808002769947052,14.198799908161163,0.015429556369781494,0.030189990997314453,3.4986977577209473,0.7086973190307617,13.544998168945312,0.0,0.0,3.097712993621826,0.6989507675170898,11.234229326248169,0.0,0.0,3.2363475561141968,0.7226814031600952,11.778173208236694,0.0,0.0,5.464403450489044,0.8273851871490479,18.74708729982376,0.061183929443359375,0.2740345001220703,4.442206859588623,0.7197704315185547,13.859652996063232,0.2871575355529785,1.4504011869430542,3.8299560546875,0.6799697875976562,12.368721008300781,0.23505783081054688,1.5384571552276611,5.255001783370972,0.851750373840332,19.118640303611755,0.018462657928466797,0.020733356475830078,4.937787473201752,0.8894023895263672,16.19874769449234,0.13658714294433594,0.16588401794433594
68,grounded,43,0.54541015625,11.804670989513397,0.9467050433158875,34.11738193035126,0.03065699338912964,0.16831916570663452,11.696816563606262,0.9145690202713013,32.917136788368225,0.03928095102310181,0.13411962985992432,12.032164692878723,0.9169216156005859,33.620175898075104,0.02619147300720215,0.06961697340011597,4.453978538513184,0.4211921691894531,10.418383598327637,0.0,0.0,5.523170471191406,0.5659141540527344,13.82601547241211,0.0,0.0,4.186064720153809,0.42822837829589844,9.373705863952637,0.0,0.0,4.468705177307129,0.7155742645263672,12.938088417053223,0.0,0.0,4.386196136474609,0.5176620483398438,11.15710186958313,0.0,0.0,4.209961891174316,0.4913339614868164,11.995593786239624,0.0,0.0,4.688411712646484,0.49486541748046875,13.379341125488281,0.0,0.0,5.268836975097656,0.4935417175292969,12.825206756591797,0.0,0.0,6.776606559753418,0.5733833312988281,16.106785774230957,0.0,0.0,6.470082879066467,0.5487198829650879,15.748122096061707,0.0,0.0,5.578773498535156,0.5409011840820312,13.587108612060547,0.0,0.0,6.996055603027344,0.609710693359375,19.825227737426758,0.0,0.0,6.982344627380371,0.630126953125,17.061729431152344,0.0,0.0,8.174032211303711,0.7083930969238281,19.245976448059082,0.0,0.0,6.485569477081299,0.5896191596984863,14.09019273519516,0.0,0.0,7.919931411743164,0.7273635864257812,19.147289276123047,0.0,0.0,8.286932945251465,0.6562347412109375,17.502873182296753,0.0,0.0,6.473992347717285,0.6023082733154297,14.046038627624512,0.0,0.0,8.359703540802002,0.7744503021240234,16.962931156158447,0.0,0.0,8.505794525146484,0.8057417869567871,16.721008777618408,0.0068912506103515625,0.0068912506103515625,9.200852513313293,0.7975959777832031,19.76094162464142,0.0,0.0,8.787365436553955,0.7819581031799316,20.78320002555847,0.0,0.0,4.739906311035156,0.6659126281738281,12.28411865234375,0.0,0.0,7.197545647621155,0.7390174865722656,16.904108107089996,0.0,0.0,9.003567397594452,0.7649710774421692,20.6380175948143,0.0,0.0,7.333132743835449,0.7087011337280273,19.672253131866455,0.0,0.0,6.011995255947113,0.6831578016281128,15.379379093647003,0.0,0.0,5.968883395195007,0.7414077520370483,16.409019827842712,0.0,0.0,11.113862574100494,0.8406352996826172,28.11742454767227,0.06146049499511719,0.2733325958251953,9.220891952514648,0.7392730712890625,21.067513465881348,0.2878708839416504,1.4669572114944458,8.404731750488281,0.710205078125,18.88601303100586,0.2357635498046875,1.4895665645599365,11.086605429649353,0.8582901954650879,29.45092248916626,0.0174407958984375,0.025719404220581055,10.596922397613525,0.8894023895263672,25.83720636367798,0.11552274227142334,0.14310681819915771
68,hallucinated,42,0.576171875,10.672162413597107,0.9449520707130432,32.98487335443497,0.03065699338912964,0.16868466138839722,10.735901355743408,0.912229061126709,31.95622158050537,0.04087018966674805,0.13889527320861816,11.140060186386108,0.9131342172622681,32.72807139158249,0.026049137115478516,0.040618062019348145,4.60546875,0.4212760925292969,10.569873809814453,0.0,0.0,5.143150329589844,0.5631103515625,13.445995330810547,0.0,0.0,3.9201107025146484,0.4573173522949219,9.107751846313477,0.0,0.0,4.5284929275512695,0.7155742645263672,12.997876167297363,0.0,0.0,5.198192596435547,0.5452103614807129,11.969098329544067,0.0,0.0,4.379263401031494,0.4913339614868164,12.164895296096802,0.0,0.0,4.465354919433594,0.49486541748046875,13.15628433227539,0.0,0.0,5.055614471435547,0.5448112487792969,12.611984252929688,0.0,0.0,6.343385696411133,0.6828365325927734,15.673564910888672,0.0,0.0,6.0303874015808105,0.6149740815162659,15.30842661857605,0.0,0.0,5.185783386230469,0.5810604095458984,13.19411849975586,0.0,0.0,6.579700469970703,0.6139450073242188,19.408872604370117,0.0,0.0,6.714366436004639,0.630126953125,16.79375123977661,0.0,0.0,7.285488605499268,0.7596840858459473,18.35743284225464,0.0,0.0,6.161281585693359,0.5873565673828125,13.76590484380722,0.0,0.0,7.346042633056641,0.6864089965820312,18.573400497436523,0.0,0.0,7.083681106567383,0.6373367309570312,16.29962134361267,0.0,0.0,6.6903533935546875,0.610321044921875,14.262399673461914,0.0,0.0,7.375817775726318,0.6985397338867188,15.979045391082764,0.0,0.0,7.497216463088989,0.7455902099609375,15.712430715560913,0.0,0.0,8.064706087112427,0.742767333984375,18.62479519844055,0.0,0.0,8.551157355308533,0.7390632629394531,20.54699194431305,0.0,0.0,5.070802092552185,0.6659126281738281,12.615014433860779,0.0,0.0,6.893993020057678,0.6732660531997681,16.60055547952652,0.0,0.0,8.623167932033539,0.7649710774421692,20.257618129253387,0.06852161884307861,0.09042489528656006,6.965946197509766,0.7087011337280273,19.30506658554077,0.0,0.0,5.816027283668518,0.6814037561416626,15.183411121368408,0.0,0.0,6.1846237778663635,0.7241163849830627,16.62476021051407,0.0,0.0,10.519282698631287,0.8444635272026062,27.522844672203064,0.06146049499511719,0.2733325958251953,8.994402885437012,0.7539138793945312,20.817663192749023,0.2878708839416504,1.4778288006782532,7.956230163574219,0.73052978515625,18.445270538330078,0.2357635498046875,1.4798734188079834,10.56157910823822,0.8811633586883545,28.92771339416504,0.012581944465637207,0.021452784538269043,9.777259886264801,0.8894023895263672,25.014587938785553,0.12330317497253418,0.16222810745239258
69,grounded,38,0.57177734375,8.305962562561035,0.9420209527015686,29.83763039112091,0.029056787490844727,0.13511228561401367,8.23000693321228,0.8997819423675537,28.605469286441803,0.038577377796173096,0.15520179271697998,8.54530793428421,0.9028558731079102,29.25018274784088,0.026049137115478516,0.05906957387924194,3.060861587524414,0.4138832092285156,8.737045288085938,0.0,0.0,3.7854208946228027,0.5582466125488281,11.620534420013428,0.0,0.0,2.657369613647461,0.47890281677246094,7.807683944702148,0.0,0.0,3.4265451431274414,0.7283248901367188,11.827746391296387,0.0,0.0,3.010328769683838,0.5233573913574219,9.747480154037476,0.0,0.0,3.391838550567627,0.5172824859619141,10.923534154891968,0.0,0.0,3.6899566650390625,0.4627227783203125,11.958488464355469,0.0,0.0,3.788036346435547,0.4969444274902344,11.275445938110352,0.0,0.0,4.285326957702637,0.5204353332519531,13.650373458862305,0.0,0.0,5.000695705413818,0.6155576705932617,14.472954511642456,0.0,0.0,4.332599639892578,0.516571044921875,12.23360824584961,0.0,0.0,5.491003036499023,0.6592140197753906,17.871623992919922,0.0,0.0,5.0055694580078125,0.6612834930419922,15.036474227905273,0.0,0.0,5.410717010498047,0.6611328125,15.940227508544922,0.0,0.0,4.379188060760498,0.6217684745788574,11.554318606853485,0.0,0.0,5.586309432983398,0.7195568084716797,16.798133850097656,0.0,0.0,5.591882705688477,0.6453666687011719,14.172905325889587,0.0,0.0,4.2416672706604,0.6175594329833984,11.577644348144531,0.0,0.0,6.0239481925964355,0.7180509567260742,14.74719762802124,0.0,0.0,5.269340515136719,0.6243667602539062,12.993374347686768,0.0,0.0,6.836315631866455,0.7657299041748047,17.350197315216064,0.0,0.0,6.385642051696777,0.7484722137451172,18.640010356903076,0.0,0.0,3.1751649379730225,0.6659126281738281,10.531322240829468,0.0,0.0,4.577983140945435,0.6274370551109314,14.349312245845795,0.0,0.0,6.240230321884155,0.7546176314353943,18.117027819156647,0.0,0.0,5.457036018371582,0.7087011337280273,17.698059558868408,0.0,0.0,4.931562066078186,0.6620270013809204,14.656087517738342,0.0,0.0,3.9130831360816956,0.74283367395401,14.16216105222702,0.0,0.0,7.8568474650383,0.8311294913291931,24.475457966327667,0.06146049499511719,0.2733325958251953,6.545566558837891,0.7638511657714844,18.022491455078125,0.2878708839416504,1.422190010547638,5.795539855957031,0.7216033935546875,15.958959579467773,0.2357635498046875,1.5135172605514526,7.657597541809082,0.851750373840332,24.93454772233963,0.029456794261932373,0.05759495496749878,7.251817464828491,0.8894023895263672,22.084875345230103,0.12679600715637207,0.163021981716156
69,hallucinated,38,0.56689453125,8.250921487808228,0.9419190287590027,29.782589316368103,0.029056787490844727,0.14159232378005981,8.154414176940918,0.8994107246398926,28.52987653017044,0.03808248043060303,0.15709072351455688,8.535241663455963,0.8984127044677734,29.240116477012634,0.026049137115478516,0.07225143909454346,3.315031051635742,0.41822242736816406,8.991214752197266,0.0,0.0,3.89208984375,0.5582466125488281,11.727203369140625,0.0,0.0,3.0657882690429688,0.4792747497558594,8.216102600097656,0.0,0.0,3.7151403427124023,0.7283248901367188,12.116341590881348,0.0,0.0,3.3482751846313477,0.5267982482910156,10.085426568984985,0.0,0.0,3.4755055904388428,0.4946575164794922,11.007201194763184,0.0,0.0,3.5987777709960938,0.4627227783203125,11.8673095703125,0.0,0.0,3.9013938903808594,0.4969444274902344,11.388803482055664,0.0,0.0,4.637533187866211,0.56622314453125,14.002579689025879,0.0,0.0,5.086637914180756,0.6155576705932617,14.558896720409393,0.0,0.0,4.0968017578125,0.47600555419921875,11.997810363769531,0.0,0.0,5.328155517578125,0.6647262573242188,17.708776473999023,0.0,0.0,4.99995231628418,0.6573848724365234,15.03085708618164,0.0,0.0,5.435451507568359,0.666595458984375,15.964962005615234,0.0,0.0,4.479807615280151,0.6097590923309326,11.654938161373138,0.0,0.0,5.880805969238281,0.7214202880859375,17.09263038635254,0.0,0.0,5.882501602172852,0.643310546875,14.463524222373962,0.0,0.0,4.849181652069092,0.6175594329833984,12.185158729553223,0.0,0.0,5.853039741516113,0.7024269104003906,14.576289176940918,0.0,0.0,5.3061683177948,0.615593671798706,13.030202150344849,0.0,0.0,6.714278399944305,0.762433648109436,17.228160083293915,0.0,0.0,6.277157306671143,0.7491779327392578,18.53152561187744,0.0,0.0,3.6238458156585693,0.6659126281738281,10.980003118515015,0.0,0.0,5.293517470359802,0.6372064352035522,15.064846575260162,0.0,0.0,6.694227039813995,0.7731690406799316,18.571024537086487,0.019363045692443848,0.034417569637298584,5.540105819702148,0.7087011337280273,17.781129360198975,0.0,0.0,4.832380831241608,0.69656902551651,14.556906282901764,0.0,0.0,4.4700533747673035,0.7091500163078308,14.719131290912628,0.0,0.0,7.943278968334198,0.8679741621017456,24.561889469623566,0.06146049499511719,0.28940820693969727,6.578070640563965,0.7915029525756836,18.041022300720215,0.2878708839416504,1.4381686449050903,5.75494384765625,0.7151870727539062,15.911787033081055,0.2357635498046875,1.5138001441955566,7.760663986206055,0.8760449886322021,25.042822062969208,0.03255152702331543,0.10111892223358154,7.5112340450286865,0.8894023895263672,22.34087371826172,0.12629413604736328,0.17907583713531494
70,grounded,35,0.548828125,4.973078489303589,0.9354460835456848,27.1693297624588,0.027703464031219482,0.07931941747665405,4.911278486251831,0.8951120376586914,25.921897888183594,0.04099494218826294,0.11358642578125,4.972883224487305,0.9118804931640625,26.3115456700325,0.026049137115478516,0.035643577575683594,1.9185810089111328,0.42812538146972656,7.842607498168945,0.0,0.0,2.2127647399902344,0.6084175109863281,10.238773345947266,0.0,0.0,1.5017280578613281,0.4620018005371094,6.797163009643555,0.0,0.0,2.2186450958251953,0.7174167633056641,10.77943229675293,0.0,0.0,1.9367046356201172,0.5350990295410156,8.8367338180542,0.0,0.0,2.0460729598999023,0.6139307022094727,9.542857885360718,0.0,0.0,2.2731094360351562,0.4627227783203125,10.745780944824219,0.0,0.0,2.3814125061035156,0.5247383117675781,9.945045471191406,0.0,0.0,2.7065963745117188,0.5530929565429688,12.052927017211914,0.0,0.0,2.816455841064453,0.593658447265625,12.178332090377808,0.0,0.0,2.399852752685547,0.5178680419921875,10.279281616210938,0.0,0.0,3.117145538330078,0.6796951293945312,15.546449661254883,0.0,0.0,2.677837371826172,0.6727027893066406,13.031604766845703,0.0,0.0,2.976573944091797,0.6992092132568359,14.001060485839844,0.0,0.0,2.1244029998779297,0.5703144073486328,9.96781599521637,0.0,0.0,3.0004234313964844,0.6305274963378906,14.71174430847168,0.0,0.0,2.9876785278320312,0.5955244302749634,12.170631051063538,0.0,0.0,2.2997140884399414,0.6149530410766602,9.957565784454346,0.0,0.0,3.636536121368408,0.7089781761169434,12.785383701324463,0.0,0.0,2.650722026824951,0.6157717704772949,10.671288967132568,0.0,0.0,3.2776546478271484,0.6412620544433594,14.049745559692383,0.0,0.0,3.3102296590805054,0.7135906219482422,16.028992891311646,0.0,0.0,1.995079517364502,0.6657028198242188,9.69925832748413,0.0,0.0,2.867983818054199,0.6947011947631836,12.8732008934021,0.0,0.0,3.5486305952072144,0.8023865222930908,15.54566341638565,0.0,0.0,2.8185482025146484,0.7086973190307617,15.317628383636475,0.0,0.0,2.451691746711731,0.6838761568069458,11.873933553695679,0.0,0.0,2.42288076877594,0.7199784517288208,12.651305973529816,0.0,0.0,4.681082248687744,0.830284595489502,21.64388906955719,0.061183929443359375,0.2740345001220703,3.820821762084961,0.7217960357666016,15.152661323547363,0.2871575355529785,1.3779334425926208,3.487407684326172,0.7460594177246094,13.337779998779297,0.23505783081054688,1.5294482707977295,4.624490737915039,0.851750373840332,22.05169141292572,0.00981450080871582,0.013737916946411133,4.244697213172913,0.8894023895263672,18.815577387809753,0.12920135259628296,0.14632552862167358
70,hallucinated,43,0.61083984375,11.200615406036377,0.9444416165351868,33.39686667919159,0.025891363620758057,0.09147369861602783,11.569122672080994,0.9086551666259766,32.579742074012756,0.04099494218826294,0.19343113899230957,11.87373161315918,0.9145910739898682,33.212394058704376,0.026049137115478516,0.051165103912353516,3.9872379302978516,0.42803955078125,9.911355972290039,0.0,0.0,4.823293685913086,0.5588912963867188,12.849172592163086,0.0,0.0,3.9738588333129883,0.4641122817993164,9.269288063049316,0.0,0.0,4.630281448364258,0.7174167633056641,13.191144943237305,0.0,0.0,4.163326263427734,0.5451622009277344,11.063224792480469,0.0,0.0,3.9022903442382812,0.5032892227172852,11.399357557296753,0.0,0.0,4.7112579345703125,0.4627227783203125,13.183971405029297,0.0,0.0,5.500383377075195,0.5683994293212891,13.064558029174805,0.0,0.0,6.43708610534668,0.6422576904296875,15.783971786499023,0.0,0.0,6.886745929718018,0.5990471839904785,16.248739004135132,0.0,0.0,5.538246154785156,0.5046005249023438,13.417091369628906,0.0,0.0,7.083585739135742,0.6685867309570312,19.51194953918457,0.0,0.0,6.855083465576172,0.6592063903808594,17.206079483032227,0.0,0.0,7.795591354370117,0.7352428436279297,18.820293426513672,0.0,0.0,7.032077312469482,0.6375555992126465,14.874645352363586,0.0,0.0,8.19748592376709,0.7715568542480469,19.907504081726074,0.0,0.0,7.921048641204834,0.7106723785400391,17.107672810554504,0.0,0.0,6.746393322944641,0.6355770826339722,14.404808640480042,0.0,0.0,7.598058462142944,0.7043380737304688,16.747055768966675,0.0,0.0,7.0694915652275085,0.7158517837524414,15.090455710887909,0.0,0.0,8.921893775463104,0.7796667218208313,19.6927792429924,0.0,0.0,8.383841037750244,0.7764897346496582,21.10375726222992,0.0,0.0,5.130796909332275,0.6659126281738281,12.83475637435913,0.0,0.0,6.817723274230957,0.6792564392089844,16.82234823703766,0.0,0.0,8.392726302146912,0.8044073581695557,20.3883935213089,0.0,0.0,7.338434219360352,0.7103195190429688,19.838557720184326,0.0,0.0,5.683483839035034,0.6750032901763916,15.104638576507568,0.0,0.0,5.668335795402527,0.7321299314498901,15.896819114685059,0.0,0.0,10.878440737724304,0.86053466796875,27.838773488998413,0.06146049499511719,0.2733325958251953,8.718167066574097,0.726043701171875,19.994514226913452,0.2878708839416504,1.451006829738617,8.036388397216797,0.6890716552734375,17.835176467895508,0.2357635498046875,1.574629783630371,10.113725364208221,0.851750373840332,27.522611796855927,0.07794570922851562,0.3491514325141907,9.950685977935791,0.8894023895263672,24.520439624786377,0.12660503387451172,0.5860202312469482
71,grounded,42,0.51806640625,4.987941086292267,0.9479475617408752,32.89120656251907,0.024411261081695557,0.1110764741897583,4.9896761775016785,0.9072779417037964,31.70540750026703,0.04193472862243652,0.1363125443458557,4.964697360992432,0.9316332340240479,32.810578405857086,0.026049137115478516,0.03066098690032959,2.0199527740478516,0.45557403564453125,9.753765106201172,0.0,0.0,2.2308502197265625,0.6005783081054688,13.278290748596191,0.0,0.0,1.6141643524169922,0.46584129333496094,8.764427185058594,0.0,0.0,2.264542579650879,0.7037754058837891,13.032788276672363,0.0,0.0,2.2153615951538086,0.5257720947265625,11.126143455505371,0.0,0.0,2.144275188446045,0.5430231094360352,12.534318089485168,0.0,0.0,2.069293975830078,0.5704154968261719,14.331901550292969,0.0,0.0,2.5302581787109375,0.56903076171875,12.787567138671875,0.0,0.0,3.0022411346435547,0.640599250793457,16.18005657196045,0.0,0.0,3.0905628204345703,0.7170295715332031,15.934249639511108,0.0,0.0,2.4162750244140625,0.5028457641601562,13.549732208251953,0.0,0.0,2.890087127685547,0.7278556823730469,20.78065586090088,0.0,0.0,2.9105377197265625,0.6695547103881836,17.350712776184082,0.0,0.0,3.2850494384765625,0.8389921188354492,20.001083612442017,0.0,0.0,2.4315690994262695,0.5508317947387695,12.557033061981201,0.0,0.0,3.4911632537841797,0.7408866882324219,20.378568649291992,0.0,0.0,3.291254997253418,0.6600866317749023,15.752477169036865,0.0,0.0,2.5077061653137207,0.6229343414306641,12.358814477920532,0.0,0.0,4.048989772796631,0.7876300811767578,16.365647792816162,0.0,0.0,3.4561251401901245,0.6297397613525391,15.360986113548279,0.0,0.0,3.796306610107422,0.7013664245605469,18.003305435180664,0.0,0.0,3.699725866317749,0.7105484008789062,20.38488531112671,0.0,0.0,2.2690411806106567,0.6659126281738281,11.397438645362854,0.0,0.0,3.2874374389648438,0.6639900207519531,16.431862354278564,0.0,0.0,3.87261426448822,0.7993990182876587,19.025536060333252,0.0,0.0,3.1905431747436523,0.7087011337280273,19.508124113082886,0.0,0.0,3.053958296775818,0.6713069677352905,14.595345854759216,0.0,0.0,2.770319879055023,0.7359089255332947,15.682108700275421,0.0,0.0,4.806894540786743,0.8424239158630371,25.656322956085205,0.06146049499511719,0.2748910188674927,3.8735666275024414,0.7377853393554688,17.001319408416748,0.2878708839416504,1.4819729924201965,3.3448410034179688,0.6726226806640625,14.943159103393555,0.2357635498046875,1.562434434890747,4.606350362300873,0.851750373840332,27.282012701034546,0.0,0.0,4.138801336288452,0.8894023895263672,24.091880798339844,0.1405179500579834,0.26326966285705566
71,hallucinated,45,0.5439453125,7.297000169754028,0.9479475617408752,35.200265645980835,0.024411261081695557,0.15415281057357788,7.394077777862549,0.9076700210571289,34.1098091006279,0.04193472862243652,0.14250653982162476,7.678867340087891,0.9316332340240479,35.524748384952545,0.02728891372680664,0.06560015678405762,2.80450439453125,0.45557403564453125,10.53831672668457,0.0,0.0,3.582782745361328,0.6103782653808594,14.630223274230957,0.0,0.0,2.594388008117676,0.4878664016723633,9.744650840759277,0.0,0.0,3.0170059204101562,0.7037754058837891,13.78525161743164,0.0,0.0,3.069112777709961,0.5714759826660156,11.979894638061523,0.0,0.0,3.128016471862793,0.5430231094360352,13.518059372901917,0.0,0.0,3.4464569091796875,0.5704154968261719,15.709064483642578,0.0,0.0,4.117551803588867,0.593414306640625,14.374860763549805,0.0,0.0,4.599698543548584,0.686488151550293,17.77751398086548,0.0,0.0,5.0421289801597595,0.7318133115768433,17.885815799236298,0.0,0.0,3.8794784545898438,0.493927001953125,15.012935638427734,0.0,0.0,4.800562858581543,0.7278556823730469,22.691131591796875,0.0,0.0,4.779393196105957,0.6704788208007812,19.219568252563477,0.0,0.0,6.168248891830444,0.8593099117279053,22.859338760375977,0.02121448516845703,0.02121448516845703,4.532002925872803,0.6255888938903809,14.657466888427734,0.0,0.0,5.543373107910156,0.7571887969970703,22.43077850341797,0.0,0.0,5.949226140975952,0.7264783382415771,18.4104483127594,0.0,0.0,3.970276355743408,0.6229343414306641,13.82138466835022,0.0,0.0,6.354930639266968,0.8539466857910156,18.6715886592865,0.0,0.0,5.674620509147644,0.8076295852661133,17.5794814825058,0.0,0.0,5.969970226287842,0.8091583251953125,20.176969051361084,0.0,0.0,5.382401704788208,0.7569618225097656,22.067561149597168,0.0,0.0,3.2149789333343506,0.6954631805419922,12.343376398086548,0.0,0.0,5.016280174255371,0.7231483459472656,18.160705089569092,0.0,0.0,5.9735267162323,0.8104400634765625,21.12644851207733,0.0,0.0,4.883999824523926,0.7087011337280273,21.20158076286316,0.0,0.0,3.8829405307769775,0.6557295322418213,15.424328088760376,0.0,0.0,3.7533199787139893,0.7551281452178955,16.665108799934387,0.0,0.0,7.087457299232483,0.8213052749633789,27.936885714530945,0.06146049499511719,0.2748910188674927,5.593559265136719,0.7064476013183594,18.698118686676025,0.2878708839416504,1.5099884867668152,4.801780700683594,0.6620330810546875,16.351240158081055,0.2357635498046875,1.5671768188476562,6.928245782852173,0.851750373840332,29.61914074420929,0.06245994567871094,0.06324195861816406,6.364383697509766,0.8894023895263672,26.302597522735596,0.14008545875549316,0.44346046447753906
72,grounded,37,0.59375,7.464574098587036,0.9430986046791077,29.02417939901352,0.015996277332305908,0.07768958806991577,7.42742645740509,0.9002737998962402,27.742292940616608,0.03846395015716553,0.1468731164932251,7.630980372428894,0.9010200500488281,28.268152952194214,0.026049137115478516,0.05465114116668701,3.248018264770508,0.4180927276611328,9.240620613098145,0.0,0.0,3.4851455688476562,0.5876541137695312,11.391010284423828,0.0,0.0,2.5513010025024414,0.4659538269042969,8.089961051940918,0.0,0.0,3.0777482986450195,0.7179880142211914,11.222399711608887,0.0,0.0,3.137059211730957,0.4958229064941406,9.845002174377441,0.0,0.0,3.0351719856262207,0.5315704345703125,10.511977434158325,0.0,0.0,2.935516357421875,0.49791717529296875,11.20816421508789,0.0,0.0,3.4543442726135254,0.5760407447814941,10.600208759307861,0.0,0.0,4.154844284057617,0.6655149459838867,13.526782989501953,0.0,0.0,4.513132393360138,0.7049176096916199,13.938972532749176,0.0,0.0,3.869915008544922,0.569000244140625,11.993009567260742,0.0,0.0,3.886220932006836,0.6212005615234375,16.12769317626953,0.0,0.0,4.329377889633179,0.6551692485809326,14.83822512626648,0.0,0.0,5.148085594177246,0.7590293884277344,16.69291591644287,0.0,0.0,4.2704854011535645,0.5931706428527832,12.007976293563843,0.0,0.0,4.997303009033203,0.7229690551757812,16.619035720825195,0.0,0.0,4.8126068115234375,0.624237060546875,13.763695359230042,0.0,0.0,3.8320446014404297,0.619870662689209,11.500352382659912,0.0,0.0,5.431196212768555,0.7153129577636719,15.572534561157227,0.0,0.0,4.679850697517395,0.6686058044433594,13.191484570503235,0.0,0.0,5.547358512878418,0.762397289276123,16.45688533782959,0.0,0.0,5.174712657928467,0.7344455718994141,17.75908851623535,0.0,0.0,3.175753593444824,0.6659126281738281,11.086299896240234,0.0,0.0,4.470956444740295,0.6407241821289062,14.723734498023987,0.0,0.0,5.686728656291962,0.8144998550415039,17.737733244895935,0.0,0.0,4.565489292144775,0.7087011337280273,17.330928802490234,0.0,0.0,4.177932322025299,0.6803835034370422,13.823791325092316,0.0,0.0,4.280749499797821,0.7116557955741882,14.399733245372772,0.0,0.0,7.313257932662964,0.8559408187866211,23.744861602783203,0.06146049499511719,0.273622989654541,5.967775344848633,0.7238578796386719,16.878390312194824,0.2878708839416504,1.3623589873313904,5.136695861816406,0.6804656982421875,14.902814865112305,0.2357635498046875,1.5019032955169678,6.810006141662598,0.851750373840332,24.05404907464981,0.048095703125,0.06339633464813232,6.465257942676544,0.8894023895263672,20.905955135822296,0.10547119379043579,0.18992477655410767
72,hallucinated,42,0.5341796875,11.715881645679474,0.9460564851760864,33.27548694610596,0.030262887477874756,0.11355990171432495,11.429516553878784,0.912651777267456,31.7443830370903,0.03846395015716553,0.1394476294517517,11.975543320178986,0.9208321571350098,32.612715899944305,0.026049137115478516,0.059590697288513184,4.565900802612305,0.44132423400878906,10.558503150939941,0.0,0.0,5.168403625488281,0.5468864440917969,13.074268341064453,0.0,0.0,3.5099143981933594,0.44919586181640625,9.048574447631836,0.0,0.0,4.680889129638672,0.7106552124023438,12.825540542602539,0.0,0.0,4.41398811340332,0.580047607421875,11.121931076049805,0.0,0.0,4.511526823043823,0.504828929901123,11.988332271575928,0.0,0.0,4.770801544189453,0.5194816589355469,13.043449401855469,0.0,0.0,4.83380126953125,0.4891319274902344,11.979665756225586,0.0,0.0,6.883642196655273,0.6231842041015625,16.25558090209961,0.0,0.0,7.389840602874756,0.6279296875,16.815680742263794,0.0,0.0,5.72154426574707,0.5558013916015625,13.84463882446289,0.0,0.0,7.623682498931885,0.7167301177978516,19.86515474319458,0.0,0.0,6.964771270751953,0.6625709533691406,17.473618507385254,0.0,0.0,8.995758295059204,0.8433346748352051,20.54058861732483,0.0,0.0,6.598456382751465,0.6235442161560059,14.335947275161743,0.0,0.0,8.622979164123535,0.7573890686035156,20.244711875915527,0.0,0.0,7.698787689208984,0.6299018859863281,16.64987623691559,0.0,0.0,5.089537858963013,0.619870662689209,12.757845640182495,0.0,0.0,8.181423664093018,0.7153129577636719,18.32276201248169,0.0,0.0,7.477454841136932,0.7294635772705078,15.989088714122772,0.0,0.0,8.350643873214722,0.7794504165649414,19.260170698165894,0.0,0.0,8.85425591468811,0.8208112716674805,21.438631772994995,0.0,0.0,4.787863731384277,0.6659126281738281,12.698410034179688,0.0,0.0,7.708968639373779,0.7508258819580078,17.96174669265747,0.0,0.0,9.195894837379456,0.8264751434326172,21.24689942598343,0.0,0.0,8.050270080566406,0.7087011337280273,20.815709590911865,0.0,0.0,6.811797142028809,0.6942348480224609,16.457656145095825,0.0,0.0,6.239629745483398,0.719573974609375,16.35861349105835,0.0,0.0,11.188673615455627,0.8606637120246887,27.620277285575867,0.06146049499511719,0.2733325958251953,9.310095310211182,0.7248573303222656,20.21616792678833,0.2878708839416504,1.3958790302276611,8.637584686279297,0.7267379760742188,18.403703689575195,0.2357635498046875,1.6138689517974854,11.026988744735718,0.8624024391174316,28.259392619132996,0.0047359466552734375,0.00733184814453125,10.562563121318817,0.8894023895263672,24.996884286403656,0.1113961935043335,0.12756669521331787
73,grounded,42,0.62939453125,7.448585093021393,0.9418977499008179,33.14652073383331,0.027697980403900146,0.11491996049880981,7.387404441833496,0.9020435810089111,31.832369029521942,0.035870492458343506,0.13217514753341675,7.638664603233337,0.9140515327453613,32.80905640125275,0.026049137115478516,0.07034873962402344,2.964071273803711,0.4190521240234375,10.842765808105469,0.0,0.0,3.1516990661621094,0.5776329040527344,12.819583892822266,0.0,0.0,2.892393112182617,0.4817008972167969,9.615921020507812,0.0,0.0,3.38155460357666,0.7187976837158203,13.486069679260254,0.0,0.0,3.433027744293213,0.5083236694335938,12.315607786178589,0.0,0.0,2.667119026184082,0.49978065490722656,11.821039915084839,0.0,0.0,2.9620742797851562,0.5444869995117188,13.334232330322266,0.0,0.0,3.613941192626953,0.5736684799194336,13.545248031616211,0.0,0.0,4.408206939697266,0.6487903594970703,16.48505401611328,0.0,0.0,4.123958587646484,0.5280003547668457,14.598174333572388,0.0,0.0,3.6836585998535156,0.5038032531738281,13.685089111328125,0.0,0.0,4.718679428100586,0.7006473541259766,19.49993896484375,0.0,0.0,4.818950653076172,0.733245849609375,17.58895444869995,0.0,0.0,5.20875358581543,0.7624311447143555,19.36166250705719,0.0,0.0,4.765430212020874,0.6235044002532959,13.93864381313324,0.0,0.0,5.489397048950195,0.7354183197021484,19.74592876434326,0.0,0.0,5.964354515075684,0.7353763580322266,17.860535860061646,0.0,0.0,4.864744663238525,0.6372313499450684,14.097257614135742,0.0,0.0,6.372697830200195,0.8412570953369141,18.26174020767212,0.0,0.0,5.594718039035797,0.7239036560058594,16.46477895975113,0.0,0.0,5.75932502746582,0.7336797714233398,19.22781467437744,0.0,0.0,5.476288795471191,0.7272844314575195,20.81920874118805,0.0,0.0,3.576841115951538,0.6704943180084229,12.809998273849487,0.0,0.0,4.932191967964172,0.7203760147094727,18.000753164291382,0.0,0.0,6.407262623310089,0.8176541328430176,20.41308307647705,0.029100894927978516,0.04037070274353027,5.3137617111206055,0.7087011337280273,20.40815782546997,0.0,0.0,4.794224321842194,0.7391424179077148,15.863123536109924,0.0,0.0,4.562276363372803,0.7393460273742676,16.513987183570862,0.0,0.0,7.343058228492737,0.8575342297554016,26.967348098754883,0.06146049499511719,0.2733325958251953,6.092194080352783,0.7434425354003906,19.209554195404053,0.2878708839416504,1.3442067503929138,5.201744079589844,0.7048168182373047,16.456512451171875,0.2357635498046875,1.4964444637298584,7.132226586341858,0.8557459115982056,28.326346933841705,0.02645587921142578,0.03609812259674072,6.815083265304565,0.8894023895263672,24.864486753940582,0.14082634449005127,0.14082634449005127
73,hallucinated,43,0.626953125,8.179906368255615,0.9418977499008179,33.877842009067535,0.029042422771453857,0.1219625473022461,8.275485038757324,0.9026972055435181,32.72044962644577,0.03561115264892578,0.13855749368667603,8.605923652648926,0.9140515327453613,33.776315450668335,0.026049137115478516,0.08011811971664429,3.191272735595703,0.4190521240234375,11.069967269897461,0.0,0.0,3.5609817504882812,0.5776329040527344,13.228866577148438,0.0,0.0,3.1851210594177246,0.47730398178100586,9.90864896774292,0.0,0.0,3.696413040161133,0.7187976837158203,13.800928115844727,0.0,0.0,3.5465869903564453,0.5083236694335938,12.429167032241821,0.0,0.0,2.852911949157715,0.49978065490722656,12.006832838058472,0.0,0.0,3.0482864379882812,0.5444869995117188,13.42044448852539,0.0,0.0,3.733522415161133,0.5736684799194336,13.66482925415039,0.0,0.0,4.639430999755859,0.6615352630615234,16.716278076171875,0.0,0.0,4.452929854393005,0.5238838195800781,14.927145600318909,0.0,0.0,4.080360412597656,0.5255126953125,14.081790924072266,0.0,0.0,5.073816299438477,0.6986465454101562,19.85507583618164,0.0,0.0,5.154382705688477,0.7071266174316406,17.924386501312256,0.0,0.0,5.785031318664551,0.7696771621704102,19.93794023990631,0.0,0.0,5.2992424964904785,0.622520923614502,14.472456097602844,0.0,0.0,5.90081787109375,0.7267341613769531,20.157349586486816,0.0,0.0,6.56088924407959,0.7677240371704102,18.45707058906555,0.0,0.0,5.667181730270386,0.6652395725250244,14.899694681167603,0.0,0.0,6.796068429946899,0.8106348514556885,18.685110807418823,0.0,0.0,6.122170925140381,0.6926484107971191,16.992231845855713,0.0,0.0,6.345013856887817,0.7396478652954102,19.81350350379944,0.0,0.0,6.068342924118042,0.7417788505554199,21.4112628698349,0.0,0.0,4.091012895107269,0.7183679938316345,13.324170053005219,0.0,0.0,5.341345429420471,0.7203760147094727,18.40990662574768,0.0,0.0,6.870534181594849,0.8168572187423706,20.87635463476181,0.061015963554382324,0.08346444368362427,5.820246696472168,0.7168312072753906,20.914642810821533,0.0,0.0,5.361364960670471,0.7012710571289062,16.430264174938202,0.0,0.0,5.088779866695404,0.7309336066246033,17.040490686893463,0.0,0.0,8.142284154891968,0.8757715225219727,27.766574025154114,0.06146049499511719,0.2733325958251953,6.750921964645386,0.7632484436035156,19.868282079696655,0.2878708839416504,1.3428886532783508,5.844919204711914,0.7154083251953125,17.099687576293945,0.2357635498046875,1.4932148456573486,7.879822909832001,0.8557459115982056,29.07332444190979,0.06365013122558594,0.09008467197418213,7.478291988372803,0.8894023895263672,25.526258528232574,0.1407783031463623,0.25781702995300293
74,grounded,53,0.60693359375,15.463161945343018,0.9474747776985168,41.848540008068085,0.022236943244934082,0.12069284915924072,15.623288035392761,0.9191975593566895,40.69476753473282,0.03960108757019043,0.12520980834960938,16.405746698379517,0.9258216023445129,42.23547035455704,0.026049137115478516,0.04842805862426758,6.140789031982422,0.4247455596923828,13.089614868164062,0.0,0.0,7.147102355957031,0.5586090087890625,16.9041690826416,0.0,0.0,6.416242599487305,0.4596853256225586,12.649055480957031,0.0,0.0,6.868149042129517,0.7066612243652344,16.585195779800415,0.0,0.0,7.491664171218872,0.6319384574890137,15.625938177108765,0.0,0.0,6.3200249671936035,0.49567413330078125,15.643312692642212,0.0,0.0,7.531806945800781,0.5431671142578125,18.689437866210938,0.0,0.0,8.12483024597168,0.5653266906738281,17.252079010009766,0.0,0.0,10.932761192321777,0.7352867126464844,23.193307876586914,0.0,0.0,9.873524069786072,0.6899383068084717,22.442269206047058,0.0,0.0,7.879055023193359,0.5566864013671875,17.43185043334961,0.0,0.0,10.237133026123047,0.75836181640625,25.444488525390625,0.0,0.0,10.709156036376953,0.7603087425231934,23.927017211914062,0.0,0.0,12.642816662788391,0.8333230018615723,26.532408356666565,0.0,0.0,9.664133310317993,0.6235458850860596,19.13426983356476,0.0,0.0,11.840456008911133,0.8278465270996094,26.69402313232422,0.0,0.0,11.130184173583984,0.6817340850830078,22.60543179512024,0.0,0.0,11.23463249206543,0.747185230255127,20.66921615600586,0.0,0.0,13.552070617675781,0.8311557769775391,25.47224521636963,0.012068986892700195,0.012068986892700195,11.721266865730286,0.745600700378418,22.631271481513977,0.0,0.0,13.367986977100372,0.8124704360961914,27.16435843706131,0.0,0.0,12.700382947921753,0.8436498641967773,28.344489812850952,0.0,0.0,7.8759685754776,0.6659126281738281,16.644470810890198,0.0,0.0,11.513992726802826,0.7458131313323975,23.77440494298935,0.0,0.0,13.514716923236847,0.8177157640457153,28.422813534736633,0.0,0.0,12.427038431167603,0.8110706806182861,27.616647481918335,0.0,0.0,11.105616867542267,0.7441682815551758,22.425616562366486,0.0,0.0,9.595553934574127,0.7431097626686096,21.749078929424286,0.0,0.0,15.487967610359192,0.8581806421279907,35.77604651451111,0.06146049499511719,0.2807697653770447,13.604281783103943,0.7789127826690674,27.10275113582611,0.2878708839416504,1.3353484272956848,12.219074249267578,0.752655029296875,23.94639015197754,0.2357635498046875,1.512743592262268,15.404872417449951,0.8716847896575928,36.907086074352264,0.0059223175048828125,0.0059223175048828125,14.763258337974548,0.8894023895263672,33.17532730102539,0.12249350547790527,0.1268000602722168
74,hallucinated,52,0.56982421875,14.984785795211792,0.946290135383606,41.37016385793686,0.025398194789886475,0.12291878461837769,14.97232437133789,0.9216018915176392,40.04380387067795,0.041738033294677734,0.14396685361862183,15.689413964748383,0.9308404922485352,41.5191376209259,0.026049137115478516,0.054373979568481445,5.732025146484375,0.417999267578125,12.680850982666016,0.0,0.0,6.772439956665039,0.5679359436035156,16.52950668334961,0.0,0.0,5.515622138977051,0.461151123046875,11.748435020446777,0.0,0.0,6.40214729309082,0.7066612243652344,16.11919403076172,0.0,0.0,6.790480852127075,0.5931720733642578,14.924754858016968,0.0,0.0,5.621829032897949,0.49567413330078125,14.945116758346558,0.0,0.0,6.873961448669434,0.5423202514648438,18.03159236907959,0.0,0.0,7.588052749633789,0.5347785949707031,16.715301513671875,0.0,0.0,10.296567916870117,0.706298828125,22.557114601135254,0.0,0.0,10.492874681949615,0.7227476835250854,23.061619818210602,0.0,0.0,7.260520935058594,0.5178985595703125,16.813316345214844,0.0,0.0,9.258659362792969,0.7047691345214844,24.466014862060547,0.0,0.0,9.567954540252686,0.7212920188903809,22.785815715789795,0.0,0.0,11.121196150779724,0.8332633972167969,25.000375151634216,0.0,0.0,9.436010360717773,0.6301364898681641,18.90614688396454,0.0,0.0,11.020432472229004,0.8156166076660156,25.87399959564209,0.0,0.0,11.373626708984375,0.7322807312011719,22.84887433052063,0.0,0.0,10.151838541030884,0.7489635944366455,19.586422204971313,0.0,0.0,12.25859785079956,0.8254661560058594,24.178772449493408,0.0,0.0,11.031963288784027,0.7390518188476562,21.94196790456772,0.0,0.0,12.378423988819122,0.8064420223236084,26.17479544878006,0.0,0.0,11.594287633895874,0.8252582550048828,27.238394498825073,0.0,0.0,7.107380628585815,0.6659126281738281,15.875882863998413,0.0,0.0,10.58531904220581,0.7317667007446289,22.845731258392334,0.0,0.0,12.101110935211182,0.7927948832511902,27.009207546710968,0.0,0.0,11.350032567977905,0.8168172836303711,26.539641618728638,0.0,0.0,8.891982972621918,0.6628417372703552,20.211982667446136,0.0,0.0,8.087124943733215,0.7630044221878052,20.240649938583374,0.0,0.0,14.44953203201294,0.8566156625747681,34.737610936164856,0.06146049499511719,0.2807697653770447,12.263229131698608,0.7632014751434326,25.761698484420776,0.2878708839416504,1.3333062529563904,10.944341659545898,0.7498569488525391,22.652111053466797,0.2357635498046875,1.520439863204956,14.368037223815918,0.8678989410400391,35.85955488681793,0.015189290046691895,0.025597691535949707,13.922211170196533,0.8894023895263672,32.31770992279053,0.13945388793945312,0.23459994792938232
75,grounded,46,0.58544921875,11.515462756156921,0.9455919861793518,36.34763789176941,0.034943997859954834,0.15652257204055786,11.702319264411926,0.915138840675354,35.285627007484436,0.039017438888549805,0.1575745940208435,11.926527917385101,0.9079909324645996,36.12471920251846,0.026049137115478516,0.04113972187042236,4.682254791259766,0.4442310333251953,11.769254684448242,0.0,0.0,4.728614807128906,0.5786895751953125,13.996419906616211,0.0,0.0,3.1085519790649414,0.44202518463134766,8.91071605682373,0.0,0.0,4.27557373046875,0.698974609375,13.604190826416016,0.0,0.0,4.050475597381592,0.5292091369628906,11.287432193756104,0.0,0.0,4.018485069274902,0.5009059906005859,12.426888227462769,0.0,0.0,4.687263488769531,0.4627227783203125,14.222509384155273,0.0,0.0,5.417018890380859,0.5292778015136719,13.770346641540527,0.0,0.0,7.280630111694336,0.6295547485351562,17.585777282714844,0.0,0.0,8.337801218032837,0.6795296669006348,19.041991233825684,0.0,0.0,5.988254547119141,0.5462265014648438,15.00436782836914,0.0,0.0,7.735783576965332,0.7491416931152344,22.135138511657715,0.0,0.0,7.227312088012695,0.6414794921875,18.328285217285156,0.0,0.0,7.6488752365112305,0.742192268371582,20.235422134399414,0.0,0.0,6.424929141998291,0.6286377906799316,14.61797022819519,0.0,0.0,8.085500717163086,0.8029842376708984,21.017654418945312,0.0,0.0,8.47280502319336,0.6831378936767578,18.413166642189026,0.0,0.0,5.362800359725952,0.6168212890625,13.62520146369934,0.0,0.0,8.975517272949219,0.7733840942382812,18.88680076599121,0.0,0.0,7.919781446456909,0.7015533447265625,17.120909929275513,0.0,0.0,9.386722564697266,0.8276042938232422,21.514689445495605,0.0,0.0,9.211364269256592,0.7518520355224609,23.21643829345703,0.0,0.0,4.515521049499512,0.6659126281738281,12.93435287475586,0.0,0.0,7.523216366767883,0.6588526964187622,18.491575002670288,0.0,0.0,8.867157697677612,0.7695342302322388,22.311819076538086,0.0,0.0,7.860077381134033,0.7122421264648438,21.50676202774048,0.0,0.0,6.426766991615295,0.6689643859863281,16.93519628047943,0.0,0.0,5.632036089897156,0.7354172468185425,17.018006205558777,0.0,0.0,10.857140183448792,0.8321380615234375,30.040797650814056,0.06146049499511719,0.2733325958251953,9.11446475982666,0.7835464477539062,22.30265522003174,0.2878708839416504,1.3424135446548462,8.242362976074219,0.6804962158203125,19.936304092407227,0.2357635498046875,1.4949700832366943,11.037147104740143,0.851750373840332,31.58241605758667,0.02638983726501465,0.06321072578430176,10.897395849227905,0.8894023895263672,28.299256563186646,0.12577247619628906,0.14628803730010986
75,hallucinated,55,0.62841796875,18.731684625148773,0.9491750001907349,43.56385976076126,0.034943997859954834,0.13849949836730957,19.155932903289795,0.9281021356582642,42.73937785625458,0.05208331346511841,0.1885407567024231,20.202792167663574,0.9247269630432129,44.40097939968109,0.03418368101119995,0.0778963565826416,8.043620109558105,0.5051727294921875,15.129673957824707,0.0,0.0,8.492603302001953,0.5737419128417969,17.760461807250977,0.0,0.0,5.890933036804199,0.4246530532836914,11.693047523498535,0.0,0.0,7.45159912109375,0.6989269256591797,16.779882431030273,0.0,0.0,7.296410083770752,0.5131263732910156,14.533840894699097,0.0,0.0,6.671882152557373,0.5009803771972656,15.081573724746704,0.0,0.0,8.065299034118652,0.5252256393432617,17.601487159729004,0.0,0.0,9.604494094848633,0.5223064422607422,17.959317207336426,0.0,0.0,12.033566236495972,0.6584053039550781,22.33846163749695,0.0,0.0,13.13026636838913,0.6768748760223389,23.83669275045395,0.0,0.0,10.15493392944336,0.588897705078125,19.169754028320312,0.0,0.0,12.986194610595703,0.7490501403808594,27.38355255126953,0.0,0.0,11.67110538482666,0.6612281799316406,22.770936012268066,0.0,0.0,14.77101993560791,0.7826786041259766,27.36023235321045,0.0,0.0,11.199828147888184,0.6649107933044434,19.390761971473694,0.0,0.0,14.247614860534668,0.7129592895507812,27.175771713256836,0.0,0.0,14.633371591567993,0.7506530284881592,24.576084971427917,0.0,0.0,10.895368337631226,0.6154975891113281,19.15432095527649,0.0,0.0,15.396145820617676,0.7900724411010742,25.307058334350586,0.0,0.0,13.500261783599854,0.6936569213867188,22.700927734375,0.0,0.0,15.404653310775757,0.76708984375,27.534416913986206,0.0,0.0,15.748573303222656,0.8107814788818359,29.752217948436737,0.0,0.0,8.555424451828003,0.6653213500976562,16.975015878677368,0.0,0.0,13.419075965881348,0.7395715713500977,24.385330319404602,0.0,0.0,15.433096587657928,0.8252977132797241,28.87659901380539,0.0,0.0,13.626101613044739,0.7533837556838989,27.27437698841095,0.0,0.0,11.891861736774445,0.721710205078125,22.40066760778427,0.0,0.0,10.506230115890503,0.7596204280853271,21.89607137441635,0.0,0.0,18.5608429312706,0.8838901519775391,37.74494534730911,0.061496734619140625,0.3298640847206116,16.253920674324036,0.7947120666503906,29.432509541511536,0.2865424156188965,1.3132258653640747,14.838703155517578,0.75665283203125,26.534509658813477,0.23561668395996094,1.4998517036437988,18.78191101551056,0.8689393997192383,39.31962043046951,0.01660066843032837,0.023907601833343506,18.165717005729675,0.8894290924072266,35.535770773887634,0.1324772834777832,0.1448502540588379
76,grounded,36,0.61962890625,8.943187057971954,0.9387686848640442,28.168290436267853,0.028607070446014404,0.09628510475158691,8.986013770103455,0.8995355367660522,26.704089879989624,0.04147922992706299,0.14011037349700928,9.327231764793396,0.9101123809814453,27.416884541511536,0.026049137115478516,0.059670329093933105,3.407083511352539,0.4444408416748047,8.528791427612305,0.0,0.0,3.8516883850097656,0.5736160278320312,10.805164337158203,0.0,0.0,2.8192081451416016,0.43663787841796875,7.433675765991211,0.0,0.0,3.550689697265625,0.7226371765136719,10.798040390014648,0.0,0.0,3.382626533508301,0.4959278106689453,9.365935325622559,0.0,0.0,3.1788573265075684,0.49497175216674805,9.761166334152222,0.0,0.0,3.6595611572265625,0.4627227783203125,10.852638244628906,0.0,0.0,3.9527511596679688,0.48529815673828125,10.410900115966797,0.0,0.0,5.182787895202637,0.5769386291503906,13.546006202697754,0.0,0.0,5.491051077842712,0.6269464492797852,13.665123105049133,0.0,0.0,4.566930770874023,0.5057907104492188,11.418249130249023,0.0,0.0,5.350933074951172,0.6158370971679688,16.04315185546875,0.0,0.0,5.801854848861694,0.6502647399902344,14.686793088912964,0.0,0.0,6.567779541015625,0.7471809387207031,16.077448844909668,0.0,0.0,4.946466684341431,0.6131021976470947,11.543222188949585,0.0,0.0,6.320727348327637,0.7352409362792969,16.117682456970215,0.0,0.0,6.486238479614258,0.6689949035644531,14.344877481460571,0.0,0.0,4.925362586975098,0.6043424606323242,11.690836906433105,0.0,0.0,6.53565788269043,0.6991958618164062,14.89111328125,0.0,0.0,6.347152233123779,0.6859340667724609,13.780954837799072,0.0,0.0,7.499588251113892,0.7633638381958008,16.696794748306274,0.0,0.0,7.503680229187012,0.7405810356140137,18.30054795742035,0.0,0.0,4.477291107177734,0.6657028198242188,11.69597339630127,0.0,0.0,6.63283634185791,0.7157974243164062,15.507771790027618,0.0,0.0,7.5603179931640625,0.7745361328125,18.23252308368683,0.0,0.0,6.428745746612549,0.7388477325439453,17.357778549194336,0.0,0.0,5.638831973075867,0.6762760877609253,14.168101906776428,0.0,0.0,5.223566353321075,0.7359336018562317,14.26058441400528,0.0,0.0,8.75449913740158,0.8489627838134766,23.146091103553772,0.061183929443359375,0.2740345001220703,7.437993049621582,0.77288818359375,17.247370719909668,0.2871575355529785,1.3621249198913574,6.763042449951172,0.7795372009277344,15.593429565429688,0.23505783081054688,1.5222290754318237,8.654873669147491,0.851750373840332,23.825551748275757,0.022045135498046875,0.0366978645324707,8.257730722427368,0.8894023895263672,20.75838315486908,0.11128449440002441,0.13088536262512207
76,hallucinated,34,0.55126953125,7.486434578895569,0.9387686848640442,26.711537957191467,0.028607070446014404,0.0917862057685852,7.261621117591858,0.9046235084533691,24.979697227478027,0.04147922992706299,0.13578224182128906,7.557716012001038,0.8935666084289551,25.647368788719177,0.026049137115478516,0.06544339656829834,2.8439741134643555,0.41642189025878906,7.965682029724121,0.0,0.0,3.0701560974121094,0.563507080078125,10.023632049560547,0.0,0.0,2.67264461517334,0.46113014221191406,7.287112236022949,0.0,0.0,3.056032180786133,0.7226371765136719,10.303382873535156,0.0,0.0,3.189188003540039,0.5048179626464844,9.172496795654297,0.0,0.0,2.8063676357269287,0.49497175216674805,9.388676643371582,0.0,0.0,2.707141876220703,0.4627227783203125,9.900218963623047,0.0,0.0,3.2162094116210938,0.48529815673828125,9.674358367919922,0.0,0.0,4.121909141540527,0.5769386291503906,12.485127449035645,0.0,0.0,4.437032580375671,0.5756573677062988,12.611104607582092,0.0,0.0,3.801746368408203,0.5288352966308594,10.653064727783203,0.0,0.0,4.406040191650391,0.6158370971679688,15.098258972167969,0.0,0.0,4.914497375488281,0.6502647399902344,13.79943561553955,0.0,0.0,5.418347120285034,0.7292919158935547,14.928016424179077,0.0,0.0,4.4294140338897705,0.6309425830841064,11.026169538497925,0.0,0.0,5.241689682006836,0.7132110595703125,15.038644790649414,0.0,0.0,4.933464050292969,0.6156196594238281,12.792103052139282,0.0,0.0,4.331806182861328,0.6043424606323242,11.097280502319336,0.0,0.0,5.096509695053101,0.6918048858642578,13.451965093612671,0.0,0.0,4.647718906402588,0.640902042388916,12.08152151107788,0.0,0.0,5.8388707637786865,0.7581796646118164,15.03607726097107,0.0,0.0,5.9128875732421875,0.7337760925292969,16.709755301475525,0.0,0.0,3.7130463123321533,0.6657028198242188,10.931728601455688,0.0,0.0,4.921481609344482,0.6497592926025391,13.79641705751419,0.0,0.0,6.209233343601227,0.7952485680580139,16.881438434123993,0.0,0.0,5.295609951019287,0.7141261100769043,16.224642753601074,0.0,0.0,4.271170139312744,0.6528077125549316,12.800440073013306,0.0,0.0,4.336688578128815,0.7201033234596252,13.373706638813019,0.0,0.0,7.295555591583252,0.854855477809906,21.687147557735443,0.061183929443359375,0.2803983688354492,5.8788042068481445,0.7266073226928711,15.68818187713623,0.2871575355529785,1.3679048418998718,5.244686126708984,0.6969757080078125,14.0750732421875,0.23505783081054688,1.5245506763458252,6.996371686458588,0.851750373840332,22.171494245529175,0.022045135498046875,0.04060959815979004,6.705411612987518,0.8894023895263672,19.186993420124054,0.11829233169555664,0.1378931999206543
77,grounded,42,0.5751953125,10.585542500019073,0.944175660610199,33.0021448135376,0.031576573848724365,0.13632434606552124,10.660572528839111,0.9083549976348877,31.773785412311554,0.03574264049530029,0.14790606498718262,11.09268605709076,0.8967986106872559,32.66305834054947,0.026049137115478516,0.06586235761642456,4.303624629974365,0.4353790283203125,10.271556377410889,0.0,0.0,4.9072265625,0.5457305908203125,13.130378723144531,0.0,0.0,4.169856309890747,0.4388399124145508,9.295691728591919,0.0,0.0,4.494003772735596,0.7219638824462891,12.733112812042236,0.0,0.0,4.34168541431427,0.5156631469726562,10.95793354511261,0.0,0.0,4.389524459838867,0.5038061141967773,12.19005274772644,0.0,0.0,5.128578186035156,0.5143356323242188,14.147682189941406,0.0,0.0,5.115200042724609,0.5353736877441406,12.789763450622559,0.0,0.0,6.475048065185547,0.6147079467773438,16.23385238647461,0.0,0.0,5.772012948989868,0.5566307306289673,15.418517589569092,0.0,0.0,5.25202751159668,0.5456466674804688,13.215250015258789,0.0,0.0,6.704780578613281,0.7049407958984375,19.245695114135742,0.0,0.0,6.852789878845215,0.6339912414550781,16.938801765441895,0.0,0.0,8.711654663085938,0.7815837860107422,19.99098777770996,0.0,0.0,6.089893579483032,0.6006138324737549,13.504157662391663,0.0,0.0,7.4544525146484375,0.7371864318847656,18.922382354736328,0.0,0.0,7.394574165344238,0.6779394149780273,16.269869804382324,0.0,0.0,6.558480262756348,0.6083738803863525,14.15743374824524,0.0,0.0,8.278264045715332,0.7158851623535156,17.231704711914062,0.0,0.0,7.930290102958679,0.7957382202148438,16.376496195793152,0.0,0.0,8.577389121055603,0.7245659828186035,19.17247235774994,0.0,0.0,8.16235089302063,0.7977087497711182,20.452266335487366,0.0,0.0,5.2442755699157715,0.6958967447280884,12.807761192321777,0.0,0.0,7.609203219413757,0.7765278816223145,17.61600160598755,0.0,0.0,8.90945851802826,0.7969996333122253,21.0274218916893,0.004139125347137451,0.004139125347137451,7.652329444885254,0.7087011337280273,19.844483852386475,0.0,0.0,7.176942825317383,0.6806402206420898,16.864481449127197,0.0,0.0,6.445006012916565,0.7428041696548462,16.954147517681122,0.0,0.0,10.435034573078156,0.8505860567092896,27.551604092121124,0.06146049499511719,0.28654956817626953,9.05356240272522,0.7887496948242188,20.897170305252075,0.2878708839416504,1.2777671813964844,8.038204193115234,0.7262802124023438,18.678152084350586,0.2357635498046875,1.5855517387390137,10.25851708650589,0.851750373840332,28.63508152961731,0.032182514667510986,0.032182514667510986,9.703877806663513,0.8894023895263672,25.017751336097717,0.11621630191802979,0.12720423936843872
77,hallucinated,45,0.59423828125,13.245670795440674,0.9475042819976807,35.6622731089592,0.02312183380126953,0.13438177108764648,13.345629751682281,0.9164229035377502,34.458842635154724,0.035395026206970215,0.14547991752624512,13.954168498516083,0.9234280586242676,35.52454078197479,0.026049137115478516,0.08248043060302734,5.435205936431885,0.5022010803222656,11.403137683868408,0.0,0.0,6.048635482788086,0.5853233337402344,14.271787643432617,0.0,0.0,4.343734264373779,0.45842742919921875,9.469569683074951,0.0,0.0,5.224531650543213,0.7219638824462891,13.463640689849854,0.0,0.0,4.8878583908081055,0.5293197631835938,11.504106521606445,0.0,0.0,5.505993843078613,0.5038061141967773,13.306522130966187,0.0,0.0,6.1463117599487305,0.5143356323242188,15.16541576385498,0.0,0.0,6.539878845214844,0.539337158203125,14.214442253112793,0.0,0.0,8.655648708343506,0.647918701171875,18.41445302963257,0.0,0.0,8.110634326934814,0.6469631195068359,17.757138967514038,0.0,0.0,6.573856353759766,0.5584869384765625,14.537078857421875,0.0,0.0,8.29159927368164,0.7049407958984375,20.8325138092041,0.0,0.0,8.13039493560791,0.6339912414550781,18.21640682220459,0.0,0.0,10.19771671295166,0.7962608337402344,21.477049827575684,0.0,0.0,7.544468402862549,0.5749783515930176,14.95873248577118,0.0,0.0,9.341705322265625,0.7486400604248047,20.809635162353516,0.0,0.0,9.259076118469238,0.6889724731445312,18.134371757507324,0.0,0.0,7.4876251220703125,0.6083738803863525,15.086578607559204,0.0,0.0,9.346575736999512,0.7399673461914062,18.300016403198242,0.0,0.0,9.484009027481079,0.7795939445495605,17.93021512031555,0.0,0.0,10.197027444839478,0.7180318832397461,20.792110681533813,0.0,0.0,10.562387466430664,0.7655525207519531,22.8523029088974,0.0,0.0,5.96031641960144,0.6659126281738281,13.523802042007446,0.0,0.0,9.33408236503601,0.7398395538330078,19.340880751609802,0.0,0.0,10.355495989322662,0.8142614364624023,22.473459362983704,0.0,0.0,8.822680473327637,0.7087011337280273,21.014834880828857,0.0,0.0,7.978692293167114,0.6587181091308594,17.66623091697693,0.0,0.0,7.522925794124603,0.7430900931358337,18.03206729888916,0.024347424507141113,0.024347424507141113,12.89045512676239,0.8736233711242676,30.00702464580536,0.06146049499511719,0.2777094841003418,10.980257987976074,0.7926826477050781,22.82386589050293,0.2878708839416504,1.25796777009964,9.838401794433594,0.7171554565429688,20.478349685668945,0.2357635498046875,1.584073543548584,12.80263465642929,0.8531599044799805,31.19002014398575,0.028927326202392578,0.028927326202392578,12.212902069091797,0.8894023895263672,27.515068531036377,0.13654327392578125,0.14200377464294434
78,grounded,51,0.496337890625,12.496257781982422,0.9487293362617493,40.70290696620941,0.021139681339263916,0.1491326093673706,12.523184776306152,0.9198994636535645,39.34999668598175,0.04062843322753906,0.1640147566795349,12.92971259355545,0.9281328916549683,40.52241736650467,0.02667689323425293,0.05573982000350952,4.732980728149414,0.4117774963378906,12.893413543701172,0.0,0.0,5.9132080078125,0.6199798583984375,16.567296981811523,0.0,0.0,3.7019433975219727,0.43585681915283203,10.220429420471191,0.0,0.0,4.656543731689453,0.7194061279296875,15.162885665893555,0.0,0.0,4.705086708068848,0.5492019653320312,13.445464134216309,0.0,0.0,4.723569393157959,0.5657262802124023,14.539210557937622,0.0,0.0,5.28291130065918,0.5602340698242188,16.826223373413086,0.0,0.0,6.280555725097656,0.5292625427246094,16.682857513427734,0.0,0.0,7.985584259033203,0.6783332824707031,21.253963470458984,0.0,0.0,7.525580883026123,0.6056404113769531,20.95611310005188,0.0,0.0,6.682895660400391,0.5869522094726562,17.41155242919922,0.0,0.0,8.455575942993164,0.7531890869140625,25.706993103027344,0.0,0.0,7.827999114990234,0.6468563079833984,21.625051498413086,0.0,0.0,10.110578536987305,0.8344130516052246,25.92539930343628,0.0,0.0,7.27240514755249,0.5887389183044434,17.44283366203308,0.0,0.0,9.650121688842773,0.7726154327392578,25.680649757385254,0.0,0.0,9.862764358520508,0.7284164428710938,22.526812314987183,0.0,0.0,7.02353048324585,0.6202707290649414,16.926282048225403,0.0,0.0,10.49420952796936,0.8403663635253906,22.555097818374634,0.0,0.0,10.511723041534424,0.841188907623291,22.081536769866943,0.0,0.0,10.622049331665039,0.8229990005493164,25.266582489013672,0.0,0.0,9.996039867401123,0.7612967491149902,26.814846694469452,0.0,0.0,5.018734574317932,0.6659126281738281,14.272139191627502,0.0,0.0,8.477055549621582,0.6919116973876953,21.371848702430725,0.0,0.0,9.961223721504211,0.7839469909667969,24.99546068906784,0.0,0.0,8.39400601387024,0.7444460391998291,24.456421613693237,0.0,0.0,7.0124592781066895,0.7136759757995605,19.614741563796997,0.0,0.0,6.6188576221466064,0.7562682628631592,19.565758526325226,0.0,0.0,12.211613059043884,0.8802890777587891,33.87496793270111,0.06146049499511719,0.2733325958251953,9.905350685119629,0.7507171630859375,23.935768127441406,0.2878708839416504,1.355478286743164,9.3387451171875,0.7751541137695312,21.5870418548584,0.2357635498046875,1.4501609802246094,11.920436203479767,0.8529378175735474,35.474070847034454,0.02884817123413086,0.04231780767440796,11.233471751213074,0.8894023895263672,31.36090123653412,0.16022539138793945,0.3067361116409302
78,hallucinated,48,0.5048828125,10.145998001098633,0.9482783079147339,38.35264718532562,0.022550463676452637,0.15388476848602295,9.880619704723358,0.9198994636535645,36.707431614398956,0.043933868408203125,0.13882803916931152,10.249457657337189,0.9281328916549683,37.84216243028641,0.027406692504882812,0.06400561332702637,3.728483200073242,0.4117774963378906,11.888916015625,0.0,0.0,4.678302764892578,0.5600547790527344,15.332391738891602,0.0,0.0,2.7799196243286133,0.4475374221801758,9.298405647277832,0.0,0.0,3.8785362243652344,0.7218685150146484,14.384878158569336,0.0,0.0,3.4132299423217773,0.5811653137207031,12.153607368469238,0.0,0.0,4.037781238555908,0.5333194732666016,13.853422403335571,0.0,0.0,4.632369041442871,0.5602340698242188,16.175681114196777,0.0,0.0,4.598506927490234,0.5448150634765625,15.000808715820312,0.0,0.0,6.390632629394531,0.6140708923339844,19.659011840820312,0.0,0.0,6.514140069484711,0.6080093383789062,19.944672286510468,0.0,0.0,5.153664588928223,0.57061767578125,15.88232135772705,0.0,0.0,6.568004608154297,0.7531890869140625,23.819421768188477,0.0,0.0,6.07222843170166,0.6515121459960938,19.86928081512451,0.0,0.0,7.932533264160156,0.8344130516052246,23.74735403060913,0.0,0.0,5.952834606170654,0.6315493583679199,16.123263120651245,0.0,0.0,7.607956886291504,0.76849365234375,23.638484954833984,0.0,0.0,7.439265727996826,0.7219657897949219,20.1033136844635,0.0,0.0,4.913173675537109,0.6202707290649414,14.815925240516663,0.0,0.0,7.486480236053467,0.8055834770202637,19.54736852645874,0.0,0.0,6.708674192428589,0.7435951232910156,18.27848792076111,0.0,0.0,7.338578701019287,0.7424221038818359,21.98311185836792,0.0,0.0,7.500803351402283,0.7694401741027832,24.31961017847061,0.0,0.0,4.0684638023376465,0.6659126281738281,13.321868419647217,0.0,0.0,6.408912539482117,0.6933932304382324,19.30370569229126,0.0,0.0,7.3659762144088745,0.7830972075462341,22.400213181972504,0.0,0.0,6.347938537597656,0.7087011337280273,22.410354137420654,0.0,0.0,5.693204700946808,0.6765573620796204,18.295486986637115,0.0,0.0,4.998684585094452,0.7263845801353455,17.94558548927307,0.0,0.0,9.372646450996399,0.852630615234375,31.036001324653625,0.06146049499511719,0.2733325958251953,7.892329216003418,0.7433128356933594,21.904449462890625,0.2878708839416504,1.3632595539093018,7.2045440673828125,0.7134933471679688,19.44722557067871,0.2357635498046875,1.4737317562103271,9.355769872665405,0.851750373840332,32.916443824768066,0.030579686164855957,0.07107031345367432,8.977541863918304,0.8894023895263672,29.085316479206085,0.16689610481262207,0.2780890464782715
79,grounded,40,0.595703125,10.536216974258423,0.9381678700447083,31.348337709903717,0.053835391998291016,0.2565765976905823,10.66720175743103,0.9092147350311279,30.054214477539062,0.03664284944534302,0.1359676718711853,11.193109214305878,0.8963384628295898,30.956203639507294,0.027561187744140625,0.06907951831817627,3.7637739181518555,0.4116020202636719,9.190155982971191,0.0,0.0,4.4259490966796875,0.5584449768066406,11.999702453613281,0.0,0.0,3.297764778137207,0.4235343933105469,8.23121166229248,0.0,0.0,3.8596553802490234,0.7232532501220703,11.61966323852539,0.0,0.0,3.3891143798828125,0.47313690185546875,9.693462371826172,0.0,0.0,3.273409843444824,0.4721250534057617,10.044889211654663,0.0,0.0,3.9791793823242188,0.4627227783203125,11.584724426269531,0.0,0.0,4.844028472900391,0.5069122314453125,11.895767211914062,0.0,0.0,6.891286849975586,0.6654434204101562,15.951187133789062,0.0,0.0,6.962327718734741,0.6519193649291992,15.923541784286499,0.0,0.0,5.226982116699219,0.5523147583007812,12.447479248046875,0.0,0.0,6.559368133544922,0.7350082397460938,18.351972579956055,0.0,0.0,6.242452621459961,0.6515960693359375,15.706018447875977,0.0,0.0,7.291794300079346,0.7627754211425781,17.73586082458496,0.0,0.0,6.04058051109314,0.654083251953125,13.027490079402924,0.0,0.0,7.5962324142456055,0.8090620040893555,18.38036060333252,0.0,0.0,7.812146425247192,0.6831512451171875,16.017065167427063,0.0,0.0,5.3537163734436035,0.6190528869628906,12.592100143432617,0.0,0.0,8.27813720703125,0.7813587188720703,17.21147918701172,0.0,0.0,6.9757474064826965,0.7582778930664062,14.734408676624298,0.0,0.0,8.054627299308777,0.7603530883789062,17.986529231071472,0.0,0.0,8.068659782409668,0.8096103668212891,20.02107745409012,0.0,0.0,3.9768948554992676,0.6721086502075195,11.616754055023193,0.0,0.0,6.73842716217041,0.7179660797119141,16.270802974700928,0.0,0.0,7.84754753112793,0.7843891978263855,19.441515386104584,0.0,0.0,6.933482646942139,0.7087011337280273,18.526869773864746,0.0,0.0,5.440262854099274,0.6607246994972229,14.50611525774002,0.0,0.0,4.943367123603821,0.7276450395584106,14.728397727012634,0.0,0.0,10.14138650894165,0.8188571929931641,25.874835729599,0.06146049499511719,0.2733325958251953,8.240156173706055,0.7132091522216797,18.72189235687256,0.2878708839416504,1.3684393763542175,7.4403533935546875,0.690765380859375,16.89204216003418,0.2357635498046875,1.511232614517212,10.254339694976807,0.851750373840332,26.988315224647522,0.0493621826171875,0.06080329418182373,10.046981811523438,0.8894023895263672,24.110886096954346,0.09792232513427734,0.2001323699951172
79,hallucinated,40,0.5654296875,10.775876879692078,0.9396949410438538,31.587997615337372,0.053835391998291016,0.21211808919906616,10.7323899269104,0.9124433994293213,30.119402647018433,0.04294145107269287,0.1452951431274414,11.125804007053375,0.8983917236328125,30.88889843225479,0.030482888221740723,0.070953369140625,3.9748992919921875,0.4628181457519531,9.401281356811523,0.0,0.0,4.659635543823242,0.5731258392333984,12.233388900756836,0.0,0.0,3.5891809463500977,0.4235343933105469,8.522627830505371,0.0,0.0,3.770768165588379,0.7232532501220703,11.530776023864746,0.0,0.0,3.957307815551758,0.4774646759033203,10.261655807495117,0.0,0.0,3.105654716491699,0.4721250534057617,9.877134084701538,0.0,0.0,3.823995590209961,0.4627227783203125,11.429540634155273,0.0,0.0,4.896762847900391,0.5069122314453125,11.948501586914062,0.0,0.0,6.6453142166137695,0.6576099395751953,15.705214500427246,0.0,0.0,6.900071144104004,0.6107954978942871,15.861285209655762,0.0,0.0,4.969226837158203,0.5153579711914062,12.18972396850586,0.0,0.0,6.349187850952148,0.7350082397460938,18.14179229736328,0.0,0.0,6.1436767578125,0.6515960693359375,15.607242584228516,0.0,0.0,7.9091291427612305,0.7651786804199219,18.353195667266846,0.0,0.0,5.942227363586426,0.5765237808227539,12.92913693189621,0.0,0.0,7.761773109436035,0.7486639022827148,18.54590129852295,0.0,0.0,7.752468109130859,0.7005443572998047,15.95738685131073,0.0,0.0,6.215158939361572,0.6190528869628906,13.453542709350586,0.0,0.0,8.471921920776367,0.7943553924560547,17.405263900756836,0.0,0.0,7.423950254917145,0.6822929382324219,15.182611525058746,0.0,0.0,8.513636350631714,0.7431697845458984,18.44553828239441,0.0,0.0,8.765593528747559,0.7578957080841064,20.71801120042801,0.0,0.0,4.786723375320435,0.6659126281738281,12.42658257484436,0.0,0.0,8.023823022842407,0.7553777694702148,17.556198835372925,0.0,0.0,8.180985748767853,0.8041161894798279,19.774953603744507,0.0,0.0,7.290350914001465,0.7087011337280273,18.883738040924072,0.0,0.0,6.276885151863098,0.6632028818130493,15.342737555503845,0.0,0.0,5.695813417434692,0.7429707050323486,15.480844020843506,0.0,0.0,10.107108891010284,0.8500692844390869,25.840558111667633,0.06146049499511719,0.2733325958251953,8.392667531967163,0.7294230461120605,18.873271703720093,0.2878708839416504,1.347842514514923,7.332275390625,0.66424560546875,16.78839683532715,0.2357635498046875,1.5087735652923584,10.505480229854584,0.8530566692352295,27.235870480537415,0.0,0.0,9.9176624417305,0.8894023895263672,23.98660808801651,0.09852910041809082,0.09852910041809082
80,grounded,39,0.478515625,5.006808578968048,0.9405416250228882,30.957225263118744,0.036612629890441895,0.19913440942764282,5.003783941268921,0.9133830070495605,29.278457403182983,0.04136550426483154,0.13820630311965942,5.083228588104248,0.8988609313964844,30.069661498069763,0.026049137115478516,0.04287242889404297,2.1192007064819336,0.43759918212890625,9.557623863220215,0.0,0.0,2.6011734008789062,0.6016006469726562,12.253791809082031,0.0,0.0,1.582716941833496,0.4410238265991211,7.632962226867676,0.0,0.0,2.2412166595458984,0.7060413360595703,12.02232551574707,0.0,0.0,2.2379817962646484,0.5031013488769531,10.168108701705933,0.0,0.0,2.4155030250549316,0.5259532928466797,11.498155355453491,0.0,0.0,2.3275375366210938,0.6576271057128906,13.351947784423828,0.0,0.0,2.5880699157714844,0.5282783508300781,11.630144119262695,0.0,0.0,3.012866973876953,0.6681652069091797,14.76981258392334,0.0,0.0,3.5015909671783447,0.6432781219482422,15.412139415740967,0.0,0.0,2.7152137756347656,0.5855140686035156,12.30613899230957,0.0,0.0,3.4293441772460938,0.7653846740722656,18.996883392333984,0.0,0.0,3.333751678466797,0.6574440002441406,15.792041778564453,0.0,0.0,4.524289131164551,0.8685951232910156,19.061070442199707,0.0,0.0,3.2439324855804443,0.6165540218353271,12.433947324752808,0.0,0.0,3.6309776306152344,0.7456874847412109,18.052892684936523,0.0,0.0,3.9587578773498535,0.7013282775878906,15.037496089935303,0.0,0.0,2.8691134452819824,0.6245472431182861,11.99843955039978,0.0,0.0,4.278463125228882,0.7792015075683594,15.62489104270935,0.0,0.0,3.8824456334114075,0.7252335548400879,14.45109111070633,0.0,0.0,4.114934206008911,0.7713022232055664,17.28973698616028,0.0,0.0,3.8218584060668945,0.7473907470703125,18.84925401210785,0.0,0.0,2.5441091060638428,0.6945769786834717,11.263628244400024,0.0,0.0,3.5083446502685547,0.6873245239257812,15.443045616149902,0.0,0.0,4.100629687309265,0.7638988494873047,17.905277252197266,0.0,0.0,3.355869770050049,0.7087011337280273,17.899433135986328,0.0,0.0,3.0115444660186768,0.7183144092559814,14.427680253982544,0.0,0.0,2.8231431245803833,0.7496663331985474,14.907391428947449,0.0,0.0,4.71399450302124,0.8115043640136719,24.28707355260849,0.06146049499511719,0.2733325958251953,3.62277889251709,0.7032623291015625,16.62299156188965,0.2878708839416504,1.3385682702064514,3.3019790649414062,0.7092971801757812,14.845415115356445,0.2357635498046875,1.5570282936096191,4.640537619590759,0.851750373840332,25.550905466079712,0.0,0.0,4.2454692125320435,0.8894023895263672,22.26469123363495,0.12127256393432617,0.14049291610717773
80,hallucinated,42,0.5029296875,7.419547140598297,0.9405416250228882,33.36996382474899,0.036612629890441895,0.1970524787902832,7.466510772705078,0.9133830070495605,31.74118423461914,0.04173487424850464,0.15610146522521973,7.7885478138923645,0.8988609313964844,32.77498072385788,0.026049137115478516,0.036792099475860596,3.0260066986083984,0.43759918212890625,10.46442985534668,0.0,0.0,3.738208770751953,0.5691261291503906,13.390827178955078,0.0,0.0,2.370265007019043,0.477874755859375,8.420510292053223,0.0,0.0,3.3229780197143555,0.7060413360595703,13.104086875915527,0.0,0.0,3.2188501358032227,0.5481605529785156,11.148977041244507,0.0,0.0,3.5391483306884766,0.5213909149169922,12.621800661087036,0.0,0.0,3.813018798828125,0.6576271057128906,14.83742904663086,0.0,0.0,4.240795135498047,0.57647705078125,13.282869338989258,0.0,0.0,4.7393035888671875,0.6681652069091797,16.496249198913574,0.0,0.0,5.138982772827148,0.6432781219482422,17.04953122138977,0.0,0.0,4.374595642089844,0.5738716125488281,13.965520858764648,0.0,0.0,5.3788957595825195,0.7653846740722656,20.94643497467041,0.0,0.0,4.973865509033203,0.6574440002441406,17.43215560913086,0.0,0.0,6.705641746520996,0.8685951232910156,21.242423057556152,0.0,0.0,4.994186758995056,0.6420282125473022,14.18420159816742,0.0,0.0,5.689212799072266,0.7456874847412109,20.111127853393555,0.0,0.0,6.055228233337402,0.7451953887939453,17.13396644592285,0.0,0.0,4.62729287147522,0.6245472431182861,13.756618976593018,0.0,0.0,5.854476451873779,0.7792015075683594,17.200904369354248,0.0,0.0,6.001545250415802,0.7252335548400879,16.570190727710724,0.0,0.0,6.31347131729126,0.7713022232055664,19.488274097442627,0.0,0.0,6.011988639831543,0.8235321044921875,21.039384245872498,0.0,0.0,3.542487382888794,0.6659126281738281,12.262006521224976,0.0,0.0,5.34470796585083,0.7063174247741699,17.279408931732178,0.0,0.0,6.142771661281586,0.8087139129638672,19.947419226169586,0.0,0.0,5.235482215881348,0.7087011337280273,19.779045581817627,0.0,0.0,4.327901721000671,0.7092818021774292,15.744037508964539,0.0,0.0,3.9750924110412598,0.7495102882385254,16.059340715408325,0.0,0.0,7.343094348907471,0.8506174087524414,26.91617339849472,0.06146049499511719,0.2733325958251953,5.857725620269775,0.7215499877929688,18.851269245147705,0.2878708839416504,1.324736773967743,5.306362152099609,0.7163848876953125,16.84979820251465,0.2357635498046875,1.538376808166504,7.12174266576767,0.8554363250732422,28.031440675258636,0.00792837142944336,0.00792837142944336,6.680028438568115,0.8894023895263672,24.68044638633728,0.12431502342224121,0.14353537559509277
81,grounded,43,0.5625,9.860438883304596,0.9438063502311707,33.83394581079483,0.03292512893676758,0.1889011263847351,9.85798954963684,0.9106405973434448,32.56698900461197,0.04042506217956543,0.17959529161453247,10.203158140182495,0.9121761322021484,33.48284238576889,0.026049137115478516,0.04457312822341919,4.004770278930664,0.4315357208251953,10.72382926940918,0.0,0.0,4.583950042724609,0.5661277770996094,13.505977630615234,0.0,0.0,3.747124195098877,0.4692502021789551,9.364420413970947,0.0,0.0,4.344244956970215,0.7016487121582031,13.374157905578613,0.0,0.0,3.9213714599609375,0.5314903259277344,11.105025291442871,0.0,0.0,4.206674098968506,0.48502349853515625,12.776559591293335,0.0,0.0,4.8981781005859375,0.5403671264648438,14.71229362487793,0.0,0.0,5.009986877441406,0.502166748046875,13.257720947265625,0.0,0.0,6.211772918701172,0.6739530563354492,16.463749885559082,0.0,0.0,5.562870025634766,0.58837890625,15.854237794876099,0.0,0.0,5.020275115966797,0.5318489074707031,13.747161865234375,0.0,0.0,6.701148986816406,0.7518749237060547,20.58409881591797,0.0,0.0,6.686873435974121,0.648228645324707,17.85240650177002,0.0,0.0,8.254189491271973,0.7766075134277344,20.556023597717285,0.0,0.0,5.796684265136719,0.5972785949707031,13.692843556404114,0.0,0.0,7.118335723876953,0.7225570678710938,19.492267608642578,0.0,0.0,7.255581855773926,0.7135515213012695,16.969149351119995,0.0,0.0,6.044768810272217,0.638831615447998,13.819499492645264,0.0,0.0,8.268637657165527,0.7891693115234375,17.760324478149414,0.0,0.0,7.666275382041931,0.7448997497558594,16.719489455223083,0.0,0.0,8.18494063615799,0.7649755477905273,19.728130638599396,0.0,0.0,8.256941318511963,0.8058419227600098,21.884100556373596,0.0,0.0,5.217109680175781,0.6943470239639282,13.107325553894043,0.0,0.0,7.624382317066193,0.8352057933807373,18.31431657075882,0.0,0.0,8.64488023519516,0.8060836791992188,21.216930329799652,0.0,0.0,7.686445713043213,0.7374324798583984,21.012017250061035,0.0,0.0,6.9967116713523865,0.7830905914306641,17.399435698986053,0.0,0.0,6.541016578674316,0.7401838302612305,17.810531973838806,0.0,0.0,9.888523757457733,0.8729162216186523,28.011304438114166,0.06146049499511719,0.2733325958251953,8.187625885009766,0.751739501953125,20.323699951171875,0.2878708839416504,1.3064714670181274,7.265846252441406,0.7163314819335938,18.099000930786133,0.2357635498046875,1.5200622081756592,9.539003133773804,0.8649497032165527,29.292967557907104,0.008795976638793945,0.011299610137939453,9.101336896419525,0.8894023895263672,25.843349754810333,0.10245519876480103,0.13517504930496216
81,hallucinated,39,0.517578125,6.475982427597046,0.9377692937850952,30.44948935508728,0.03292512893676758,0.1844654083251953,6.528268218040466,0.902783989906311,29.237267673015594,0.04042506217956543,0.1574990153312683,6.812376081943512,0.9121761322021484,30.092060327529907,0.026049137115478516,0.057023584842681885,2.3827762603759766,0.44309425354003906,9.101835250854492,0.0,0.0,3.0000381469726562,0.591888427734375,11.922065734863281,0.0,0.0,1.9413337707519531,0.4824028015136719,7.558629989624023,0.0,0.0,2.630563735961914,0.7149639129638672,11.660476684570312,0.0,0.0,2.5357751846313477,0.6022262573242188,9.719429016113281,0.0,0.0,2.9000039100646973,0.5556182861328125,11.469889402389526,0.0,0.0,3.0853729248046875,0.5403671264648438,12.89948844909668,0.0,0.0,3.380950927734375,0.5627975463867188,11.628684997558594,0.0,0.0,3.818683624267578,0.6216440200805664,14.070660591125488,0.0,0.0,4.275529861450195,0.6635398864746094,14.566897630691528,0.0,0.0,3.23828125,0.57196044921875,11.965167999267578,0.0,0.0,4.209140777587891,0.7518749237060547,18.092090606689453,0.0,0.0,4.136438369750977,0.7204513549804688,15.301971435546875,0.0,0.0,5.027054786682129,0.8023300170898438,17.32888889312744,0.0,0.0,4.058696031570435,0.638648271560669,11.95485532283783,0.0,0.0,4.69666862487793,0.7567367553710938,17.070600509643555,0.0,0.0,4.918820261955261,0.7032551765441895,14.63238775730133,0.0,0.0,3.2712161540985107,0.6109428405761719,11.045946836471558,0.0,0.0,4.822472095489502,0.7885398864746094,14.314158916473389,0.0,0.0,4.464369177818298,0.6991138458251953,13.51758325099945,0.0,0.0,5.1709758043289185,0.7834796905517578,16.714165806770325,0.0,0.0,4.830733776092529,0.7576489448547363,18.457893013954163,0.0,0.0,2.852634906768799,0.6659126281738281,10.74285078048706,0.0,0.0,4.211034774780273,0.6758594512939453,14.9009690284729,0.0,0.0,4.798037111759186,0.7879443764686584,17.370087206363678,0.0,0.0,4.40601110458374,0.7087011337280273,17.731582641601562,0.0,0.0,3.1673418283462524,0.7235742807388306,13.57006585597992,0.0,0.0,3.5304605960845947,0.7558462619781494,14.799975991249084,0.0,0.0,6.32012403011322,0.8421653509140015,24.442904710769653,0.06146049499511719,0.2733325958251953,4.785802483558655,0.7146139144897461,16.910356163978577,0.2878708839416504,1.3160903453826904,4.371662139892578,0.6829833984375,15.16786003112793,0.2357635498046875,1.541900873184204,6.002090334892273,0.851750373840332,25.765222549438477,0.06139087677001953,0.1396065354347229,5.72510838508606,0.8894023895263672,22.460301995277405,0.1249246597290039,0.2579610347747803
82,grounded,42,0.51708984375,5.823689043521881,0.9426431059837341,33.35121667385101,0.03369170427322388,0.1383611559867859,5.838692367076874,0.916199803352356,31.795339584350586,0.04507613182067871,0.13164114952087402,5.988467693328857,0.9028358459472656,32.715434432029724,0.026049137115478516,0.045554161071777344,2.2839508056640625,0.4231986999511719,10.328422546386719,0.0,0.0,3.035900115966797,0.5603599548339844,13.207895278930664,0.0,0.0,1.9822521209716797,0.47582054138183594,8.52009391784668,0.0,0.0,2.4859676361083984,0.7022476196289062,13.006450653076172,0.0,0.0,2.4396276473999023,0.5323295593261719,10.942290782928467,0.0,0.0,2.617121696472168,0.5149135589599609,12.627053499221802,0.0,0.0,2.742532730102539,0.5704574584960938,14.158546447753906,0.0,0.0,2.968891143798828,0.5266342163085938,12.980276107788086,0.0,0.0,3.5497093200683594,0.6197052001953125,16.420501708984375,0.0,0.0,3.9568138122558594,0.6508474349975586,17.055192232131958,0.0,0.0,3.1514129638671875,0.56866455078125,13.718866348266602,0.0,0.0,3.9268741607666016,0.6929435729980469,20.832128524780273,0.0,0.0,3.9842286109924316,0.6649131774902344,17.4540753364563,0.0,0.0,5.073188781738281,0.8322544097900391,20.856608629226685,0.0,0.0,3.553926944732666,0.5900559425354004,13.649438261985779,0.0,0.0,4.472561359405518,0.729405403137207,19.754374980926514,0.0,0.0,4.488322734832764,0.7257957458496094,16.92983341217041,0.0,0.0,3.213611364364624,0.6221134662628174,12.796165466308594,0.0,0.0,5.122014045715332,0.7733688354492188,17.432363510131836,0.0,0.0,4.702645897865295,0.7496089935302734,15.659310460090637,0.0,0.0,4.577057123184204,0.7153093814849854,18.516184091567993,0.0,0.0,4.649123668670654,0.8039493560791016,21.024982810020447,0.0,0.0,2.940230369567871,0.6822433471679688,12.317314624786377,0.0,0.0,4.269876003265381,0.6880207061767578,17.538681507110596,0.0,0.0,4.727726697921753,0.7938013076782227,19.92704576253891,0.0,0.0,4.081301212310791,0.7087011337280273,20.060742378234863,0.0,0.0,3.4990371465682983,0.7024654150009155,16.210333704948425,0.0,0.0,3.302535593509674,0.7479892373085022,16.539379119873047,0.0,0.0,5.672659277915955,0.8542426824569702,27.175476133823395,0.06146049499511719,0.2733325958251953,4.449439525604248,0.737213134765625,19.375771045684814,0.2878708839416504,1.2677123546600342,3.959136962890625,0.7545089721679688,17.349422454833984,0.2357635498046875,1.5319271087646484,5.455139994621277,0.8556370735168457,28.46679776906967,0.0012178421020507812,0.0012178421020507812,5.210937261581421,0.8894023895263672,25.102365970611572,0.14963889122009277,0.16165900230407715
82,hallucinated,41,0.4921875,5.075588047504425,0.9426431059837341,32.60311567783356,0.03369170427322388,0.12230592966079712,4.930180847644806,0.916199803352356,30.886828064918518,0.044438719749450684,0.11819952726364136,5.00251030921936,0.9028358459472656,31.729477047920227,0.026049137115478516,0.032177090644836426,2.0889320373535156,0.4231986999511719,10.133403778076172,0.0,0.0,2.532154083251953,0.5955009460449219,12.70414924621582,0.0,0.0,1.6026029586791992,0.4644193649291992,8.1404447555542,0.0,0.0,2.0819787979125977,0.7034082412719727,12.602461814880371,0.0,0.0,2.1649603843688965,0.5285377502441406,10.667623519897461,0.0,0.0,2.3669581413269043,0.5810356140136719,12.376889944076538,0.0,0.0,2.3106002807617188,0.5704574584960938,13.726613998413086,0.0,0.0,2.4642868041992188,0.5345001220703125,12.475671768188477,0.0,0.0,3.0141334533691406,0.6197052001953125,15.884925842285156,0.0,0.0,3.387454032897949,0.6508474349975586,16.485832452774048,0.0,0.0,2.733428955078125,0.5835685729980469,13.300882339477539,0.0,0.0,3.3980159759521484,0.7186431884765625,20.30327033996582,0.0,0.0,3.4139976501464844,0.7356681823730469,16.88384437561035,0.0,0.0,4.327445983886719,0.8403224945068359,20.110865831375122,0.0,0.0,3.123530626296997,0.6071159839630127,13.21904194355011,0.0,0.0,3.8198060989379883,0.7237386703491211,19.101619720458984,0.0,0.0,3.739793300628662,0.7309188842773438,16.18130397796631,0.0,0.0,2.69767963886261,0.6221134662628174,12.28023374080658,0.0,0.0,3.8413643836975098,0.7701168060302734,16.151713848114014,0.0,0.0,3.234510362148285,0.6970996856689453,14.191174924373627,0.0,0.0,3.688658595085144,0.7153093814849854,17.627785563468933,0.0,0.0,3.7238540649414062,0.8039493560791016,20.0997132062912,0.0,0.0,2.5108230113983154,0.6659126281738281,11.887907266616821,0.0,0.0,3.4108753204345703,0.6638755798339844,16.679680824279785,0.0,0.0,3.8206077814102173,0.7889180183410645,19.019926846027374,0.0,0.0,3.272989273071289,0.7087011337280273,19.25243043899536,0.0,0.0,2.883391499519348,0.7090922594070435,15.594688057899475,0.0,0.0,2.8894920349121094,0.7629146575927734,16.126335561275482,0.013519644737243652,0.013519644737243652,4.814407110214233,0.8593480587005615,26.317223966121674,0.06146049499511719,0.2733325958251953,3.6950933933258057,0.7108707427978516,18.621424913406372,0.2878708839416504,1.2857321500778198,3.388519287109375,0.6894912719726562,16.778804779052734,0.2357635498046875,1.5960559844970703,4.69012838602066,0.851750373840332,27.693906545639038,0.0,0.0,4.410048842430115,0.8894023895263672,24.293492436408997,0.15767407417297363,0.169694185256958
83,grounded,37,0.497802734375,4.962435364723206,0.940024733543396,29.304963171482086,0.03369170427322388,0.1357693076133728,4.921558737754822,0.9140045642852783,27.390271723270416,0.03318750858306885,0.13654327392578125,4.995743691921234,0.897022008895874,28.05088073015213,0.026049137115478516,0.0551224946975708,1.9337100982666016,0.42437171936035156,8.527791976928711,0.0,0.0,2.2401905059814453,0.6135425567626953,11.219526290893555,0.0,0.0,1.5516891479492188,0.47320556640625,7.312719345092773,0.0,0.0,2.1392860412597656,0.7081718444824219,10.883367538452148,0.0,0.0,1.8993415832519531,0.5217056274414062,9.018959045410156,0.0,0.0,2.1119775772094727,0.6117105484008789,10.271654844284058,0.0,0.0,2.3221797943115234,0.527130126953125,12.065146446228027,0.0,0.0,2.5235748291015625,0.5473098754882812,10.81408977508545,0.0,0.0,2.8825340270996094,0.6573934555053711,13.316020011901855,0.0,0.0,2.9047698974609375,0.5748062133789062,13.50485634803772,0.0,0.0,2.5409469604492188,0.5000457763671875,11.486156463623047,0.0,0.0,3.1043453216552734,0.7878704071044922,17.100838661193848,0.0,0.0,2.7983779907226562,0.7022819519042969,13.665246963500977,0.0,0.0,3.1346511840820312,0.7363681793212891,15.421173095703125,0.0,0.0,2.2194671630859375,0.5616378784179688,10.397849559783936,0.0,0.0,3.1173839569091797,0.6687135696411133,15.583477973937988,0.0,0.0,3.3784255981445312,0.61552894115448,13.352556109428406,0.0,0.0,2.364656448364258,0.6138515472412109,10.499332904815674,0.0,0.0,3.6531147956848145,0.7051200866699219,13.279895305633545,0.0,0.0,2.987348437309265,0.633966326713562,12.288620352745056,0.0,0.0,3.453001022338867,0.6224098205566406,14.929191589355469,0.0,0.0,3.4482195377349854,0.7089090347290039,16.956264436244965,0.0,0.0,2.150865077972412,0.6724271774291992,10.16372537612915,0.0,0.0,2.944382667541504,0.6389074325561523,13.676872491836548,0.0,0.0,3.9091206789016724,0.7829813957214355,16.802289068698883,0.0,0.0,2.8446950912475586,0.7087011337280273,15.961803913116455,0.0,0.0,2.5138258934020996,0.6720805168151855,12.539629936218262,0.0,0.0,2.3674097657203674,0.7239751815795898,13.44531112909317,0.0,0.0,4.7048115730285645,0.8394932746887207,22.695413827896118,0.06146049499511719,0.2733325958251953,3.740839719772339,0.7271595001220703,15.698346853256226,0.2878708839416504,1.332156479358673,3.475374221801758,0.7882213592529297,13.920223236083984,0.2357635498046875,1.5317034721374512,4.667512774467468,0.8704328536987305,24.43091470003128,0.03375720977783203,0.04427182674407959,4.310354709625244,0.8894023895263672,20.745911836624146,0.13107037544250488,0.1430978775024414
83,hallucinated,36,0.457763671875,4.3061729073524475,0.940024733543396,28.648700714111328,0.03369170427322388,0.1067536473274231,4.151211380958557,0.9140045642852783,26.61992436647415,0.03745555877685547,0.13973790407180786,4.213567018508911,0.897022008895874,27.268704056739807,0.026049137115478516,0.040216922760009766,1.7735614776611328,0.4199066162109375,8.367612838745117,0.0,0.0,2.264892578125,0.5963668823242188,11.244152069091797,0.0,0.0,1.540938377380371,0.46849727630615234,7.301728248596191,0.0,0.0,1.8896598815917969,0.6999664306640625,10.633386611938477,0.0,0.0,1.955183982849121,0.5289344787597656,9.074051856994629,0.0,0.0,1.990788459777832,0.5586385726928711,10.15078330039978,0.0,0.0,1.9477920532226562,0.5268936157226562,11.690688133239746,0.0,0.0,2.1072959899902344,0.5491828918457031,10.397337913513184,0.0,0.0,2.4285202026367188,0.6570644378662109,12.862974166870117,0.0,0.0,2.809225082397461,0.6130294799804688,13.407102346420288,0.0,0.0,2.2572689056396484,0.5912761688232422,11.203084945678711,0.0,0.0,2.664029359817505,0.787933349609375,16.66149067878723,0.0,0.0,2.483724594116211,0.634735107421875,13.351181030273438,0.0,0.0,3.1654434204101562,0.7701797485351562,15.452362060546875,0.0,0.0,2.4921655654907227,0.5702028274536133,10.670744895935059,0.0,0.0,2.9434947967529297,0.7015323638916016,15.409158706665039,0.0,0.0,3.0985918045043945,0.7157497406005859,13.071778893470764,0.0,0.0,2.266529083251953,0.6135644912719727,10.400601863861084,0.0,0.0,3.0805296897888184,0.7417335510253906,12.707623958587646,0.0,0.0,2.872116208076477,0.6608734130859375,12.174136281013489,0.0,0.0,3.067543864250183,0.7155036926269531,14.544119715690613,0.0,0.0,3.0352001190185547,0.6765766143798828,16.544604003429413,0.0,0.0,2.0851550102233887,0.6657028198242188,10.099376678466797,0.0,0.0,2.776440143585205,0.6719093322753906,13.51007068157196,0.0,0.0,3.2678385376930237,0.7919638752937317,16.16161447763443,0.0,0.0,2.6976394653320312,0.7086973190307617,15.817225933074951,0.0,0.0,2.1584720611572266,0.664947509765625,12.183139562606812,0.0,0.0,2.344977855682373,0.7470927238464355,13.42290186882019,0.0,0.0,3.9255141019821167,0.8200997114181519,21.92092192173004,0.061183929443359375,0.2740345001220703,3.04061222076416,0.7279729843139648,15.000789642333984,0.2871575355529785,1.3124013543128967,2.614654541015625,0.7090988159179688,13.067630767822266,0.23505783081054688,1.4774301052093506,3.7291846871376038,0.851750373840332,23.48942059278488,0.022504448890686035,0.026749610900878906,3.4841015338897705,0.8894023895263672,19.921896934509277,0.11285805702209473,0.11969542503356934
84,grounded,42,0.5615234375,10.681347012519836,0.9391055703163147,33.10303008556366,0.02880030870437622,0.13849550485610962,10.740968227386475,0.9112087488174438,31.757657408714294,0.041867971420288086,0.1663515567779541,11.097189128398895,0.9003689885139465,32.478347182273865,0.030311882495880127,0.07988685369491577,4.16282844543457,0.41318321228027344,10.213003158569336,0.0,0.0,4.734619140625,0.5599937438964844,12.716426849365234,0.0,0.0,3.7550783157348633,0.4626889228820801,9.204895973205566,0.0,0.0,4.569047451019287,0.729583740234375,13.064603328704834,0.0,0.0,4.258970499038696,0.5407125949859619,11.194768190383911,0.0,0.0,4.139501571655273,0.4801626205444336,11.881497144699097,0.0,0.0,4.492382049560547,0.4949188232421875,13.273677825927734,0.0,0.0,4.869606018066406,0.49951934814453125,12.424457550048828,0.0,0.0,6.184648275375366,0.5860824584960938,15.936767339706421,0.0,0.0,6.474363923072815,0.7368732690811157,16.14210069179535,0.0,0.0,5.560746192932129,0.5256690979003906,13.720806121826172,0.0,0.0,7.297714710235596,0.6996726989746094,20.276888370513916,0.0,0.0,6.532175064086914,0.6377105712890625,17.173081398010254,0.0,0.0,7.621154308319092,0.7828788757324219,19.27578115463257,0.0,0.0,6.146337032318115,0.5579886436462402,13.878478109836578,0.0,0.0,7.430370330810547,0.713165283203125,19.35563087463379,0.0,0.0,7.920750617980957,0.7417068481445312,17.10245716571808,0.0,0.0,6.335795879364014,0.644413948059082,13.958963871002197,0.0,0.0,7.533743381500244,0.7607278823852539,16.78471040725708,0.0,0.0,7.405005097389221,0.7327079772949219,15.851029515266418,0.0,0.0,8.36069369316101,0.7724418640136719,19.09808039665222,0.0,0.0,8.249212980270386,0.7772922515869141,20.8958398103714,0.0,0.0,5.237707257270813,0.6659126281738281,12.998293042182922,0.0,0.0,7.383366107940674,0.7178831100463867,17.61880451440811,0.0,0.0,9.277038216590881,0.8186363577842712,21.62954068183899,0.006404876708984375,0.009557723999023438,7.893819808959961,0.7320456504821777,20.54101324081421,0.0,0.0,6.886993765830994,0.736262321472168,16.91106688976288,0.0,0.0,6.300292372703552,0.7267597913742065,16.820260643959045,0.0,0.0,10.409291923046112,0.8547132015228271,27.189933478832245,0.06146049499511719,0.2785643935203552,8.644714891910553,0.7757415771484375,19.847158014774323,0.2878708839416504,1.362385630607605,7.547649383544922,0.6940994262695312,17.490110397338867,0.2357635498046875,1.4902496337890625,10.054071545600891,0.863335132598877,27.863569259643555,0.07757759094238281,0.12456285953521729,9.674798786640167,0.8894023895263672,24.56157737970352,0.11306405067443848,0.18825393915176392
84,hallucinated,45,0.59521484375,12.936092853546143,0.9428161382675171,35.357775926589966,0.02782762050628662,0.12544208765029907,12.977332711219788,0.9188297986984253,33.99402189254761,0.04233592748641968,0.14585977792739868,13.746047854423523,0.9080414772033691,35.12720590829849,0.026049137115478516,0.06359291076660156,4.5425872802734375,0.44392967224121094,10.592761993408203,0.0,0.0,5.658840179443359,0.5757064819335938,13.640647888183594,0.0,0.0,4.08073616027832,0.47108936309814453,9.530553817749023,0.0,0.0,4.764345169067383,0.729583740234375,13.25990104675293,0.0,0.0,3.944570541381836,0.5443344116210938,10.88036823272705,0.0,0.0,4.512019157409668,0.4801626205444336,12.254014730453491,0.0,0.0,5.424552917480469,0.5111618041992188,14.205848693847656,0.0,0.0,5.323184967041016,0.5025634765625,12.878036499023438,0.0,0.0,6.519989013671875,0.5624332427978516,16.27210807800293,0.0,0.0,6.817572355270386,0.5354194641113281,16.48530912399292,0.0,0.0,5.9332122802734375,0.5300674438476562,14.09327220916748,0.0,0.0,8.32603645324707,0.6773834228515625,21.30521011352539,0.0,0.0,7.706162452697754,0.712183952331543,18.347068786621094,0.0,0.0,8.204819202423096,0.7427349090576172,19.859446048736572,0.0,0.0,7.439000129699707,0.6211013793945312,15.17114120721817,0.0,0.0,9.062812805175781,0.7235794067382812,20.988073348999023,0.0,0.0,9.37913179397583,0.6968364715576172,18.56083834171295,0.0,0.0,6.193853378295898,0.6115446090698242,13.817021369934082,0.0,0.0,8.214465141296387,0.758918285369873,17.465432167053223,0.0,0.0,7.459742546081543,0.675689697265625,15.90576696395874,0.0,0.0,10.00633329153061,0.7927265167236328,20.74371999502182,0.0,0.0,9.563034057617188,0.8138799667358398,22.2096608877182,0.0,0.0,4.754694938659668,0.6675004959106445,12.515280723571777,0.0,0.0,7.20596182346344,0.6961784362792969,17.441400229930878,0.0,0.0,9.295876562595367,0.766693115234375,21.648379027843475,0.01262509822845459,0.01262509822845459,8.543203353881836,0.7322711944580078,21.190396785736084,0.0,0.0,5.825158059597015,0.7007813453674316,15.8492311835289,0.0,0.0,6.0296507477760315,0.7241588234901428,16.549619019031525,0.0,0.0,12.046931087970734,0.8224830627441406,28.827572643756866,0.06146049499511719,0.2745758295059204,9.812628746032715,0.7073116302490234,20.972576141357422,0.2878708839416504,1.4282552599906921,8.844409942626953,0.66998291015625,18.749441146850586,0.2357635498046875,1.5478086471557617,11.58685153722763,0.866767406463623,29.405231952667236,0.07588386535644531,0.3689841032028198,11.42504894733429,0.8894023895263672,26.297309041023254,0.11806106567382812,0.5000238418579102
85,grounded,39,0.60693359375,9.964489877223969,0.9438077807426453,30.781180202960968,0.027399778366088867,0.10922670364379883,9.746930360794067,0.902448296546936,29.14117294549942,0.0420757532119751,0.13359057903289795,10.150799036026001,0.9036858081817627,29.92289662361145,0.026049137115478516,0.04574906826019287,3.760374069213867,0.42574310302734375,9.364496231079102,0.0,0.0,4.604866027832031,0.5565567016601562,12.328994750976562,0.0,0.0,3.686221122741699,0.46841907501220703,8.77021312713623,0.0,0.0,4.1963396072387695,0.7222194671630859,12.31181812286377,0.0,0.0,4.133319854736328,0.5390472412109375,10.657662630081177,0.0,0.0,3.9839820861816406,0.511986255645752,11.594063520431519,0.0,0.0,4.461402893066406,0.5460319519042969,12.825214385986328,0.0,0.0,5.015749931335449,0.5098686218261719,12.307303428649902,0.0,0.0,5.660623073577881,0.5844841003417969,14.685195446014404,0.0,0.0,5.603885352611542,0.6061892509460449,14.224845349788666,0.0,0.0,4.578256607055664,0.5180587768554688,12.295289993286133,0.0,0.0,6.072601318359375,0.6517276763916016,17.693857192993164,0.0,0.0,6.43618106842041,0.65313720703125,16.08513355255127,0.0,0.0,7.425527572631836,0.7150650024414062,17.633337020874023,0.0,0.0,6.034944534301758,0.6113681793212891,12.840890288352966,0.0,0.0,6.928321838378906,0.7415199279785156,17.645191192626953,0.0,0.0,6.5537567138671875,0.6264533996582031,14.640353202819824,0.0,0.0,5.964911222457886,0.6640284061431885,12.935041666030884,0.0,0.0,6.6611738204956055,0.6956291198730469,15.091288566589355,0.0,0.0,6.787817537784576,0.7057037353515625,14.37867122888565,0.0,0.0,7.705593824386597,0.8127826452255249,17.3949077129364,0.0,0.0,8.062704682350159,0.7824749946594238,19.538157403469086,0.0,0.0,5.009003639221191,0.7219607830047607,12.54165244102478,0.0,0.0,6.767771005630493,0.7086830139160156,16.147949934005737,0.0,0.0,7.698071002960205,0.8212230205535889,18.622370898723602,0.021053969860076904,0.021053969860076904,6.784811973571777,0.7087011337280273,18.62522840499878,0.0,0.0,5.922975957393646,0.7162644267082214,14.996793448925018,0.0,0.0,5.680369794368744,0.7240929007530212,15.291188657283783,0.0,0.0,9.52899158000946,0.8268544673919678,24.922597348690033,0.06146049499511719,0.2733325958251953,8.125173568725586,0.7728424072265625,18.846996307373047,0.2878708839416504,1.350334882736206,7.0299835205078125,0.7298965454101562,16.529237747192383,0.2357635498046875,1.522022008895874,9.441753447055817,0.851750373840332,26.045914947986603,0.02941608428955078,0.02941608428955078,9.099602341651917,0.8894023895263672,22.84022307395935,0.10831880569458008,0.11169672012329102
85,hallucinated,38,0.59765625,9.116882741451263,0.943014919757843,29.933573067188263,0.027399778366088867,0.11674284934997559,8.88632732629776,0.903397798538208,28.280569911003113,0.041312992572784424,0.13978135585784912,9.218058943748474,0.8959097862243652,28.990156531333923,0.026049137115478516,0.03959709405899048,3.4586448669433594,0.42574310302734375,9.062767028808594,0.0,0.0,4.1589202880859375,0.5565567016601562,11.883049011230469,0.0,0.0,3.4460954666137695,0.47182178497314453,8.5300874710083,0.0,0.0,3.8717355728149414,0.7222194671630859,11.987214088439941,0.0,0.0,3.9712958335876465,0.5411872863769531,10.495638608932495,0.0,0.0,3.672602653503418,0.511986255645752,11.282684087753296,0.0,0.0,3.8753318786621094,0.5460319519042969,12.239143371582031,0.0,0.0,4.66424560546875,0.5105209350585938,11.955799102783203,0.0,0.0,5.197597622871399,0.6165218353271484,14.222169995307922,0.0,0.0,5.233153939247131,0.6304492950439453,13.854113936424255,0.0,0.0,4.155599594116211,0.5701580047607422,11.87263298034668,0.0,0.0,5.519077301025391,0.6561660766601562,17.14033317565918,0.0,0.0,5.861474990844727,0.6511878967285156,15.510427474975586,0.0,0.0,6.826120376586914,0.7756099700927734,17.0339298248291,0.0,0.0,5.6896538734436035,0.626833438873291,12.495599627494812,0.0,0.0,6.2783002853393555,0.7126388549804688,16.995169639587402,0.0,0.0,5.694318771362305,0.6287193298339844,13.780915260314941,0.0,0.0,5.387466907501221,0.6344623565673828,12.357597351074219,0.0,0.0,5.63299298286438,0.6937255859375,14.06310772895813,0.0,0.0,5.723165512084961,0.6522407531738281,13.314019203186035,0.0,0.0,6.788496017456055,0.7370948791503906,16.47780990600586,0.0,0.0,7.180778503417969,0.7837028503417969,18.656231224536896,0.0,0.0,4.368075788021088,0.6807865500450134,11.900724589824677,0.0,0.0,6.105210721492767,0.6993980407714844,15.485389649868011,0.0,0.0,7.3294766545295715,0.802391529083252,18.25377655029297,0.07408058643341064,0.1398290991783142,5.972491264343262,0.7087011337280273,17.812907695770264,0.0,0.0,5.112219214439392,0.6965869665145874,14.186036705970764,0.0,0.0,5.27300101518631,0.7269160151481628,14.883819878101349,0.0,0.0,8.716424942016602,0.8628978729248047,24.110030710697174,0.06146049499511719,0.2733325958251953,7.468231201171875,0.782257080078125,18.190053939819336,0.2878708839416504,1.348125159740448,6.371940612792969,0.7365646362304688,15.871194839477539,0.2357635498046875,1.5208735466003418,8.5969740152359,0.851750373840332,25.207655489444733,0.02941608428955078,0.02941608428955078,8.307096421718597,0.8894023895263672,22.048222839832306,0.10295295715332031,0.1044621467590332
86,grounded,36,0.5771484375,8.156850039958954,0.9396957159042358,28.160162806510925,0.028344571590423584,0.10335355997085571,8.062784314155579,0.9085437059402466,26.616419672966003,0.040689170360565186,0.15985339879989624,8.310246884822845,0.9055485725402832,27.1572442650795,0.026049137115478516,0.07158499956130981,3.3854880332946777,0.4284687042236328,8.753766536712646,0.0,0.0,3.6833114624023438,0.5623550415039062,10.919261932373047,0.0,0.0,3.152054786682129,0.46869754791259766,8.010193824768066,0.0,0.0,3.4498062133789062,0.7152423858642578,10.971446990966797,0.0,0.0,3.339385986328125,0.5611248016357422,9.543793439865112,0.0,0.0,3.2037816047668457,0.4890003204345703,10.178261995315552,0.0,0.0,3.6701583862304688,0.48081207275390625,11.328245162963867,0.0,0.0,3.9972610473632812,0.4898834228515625,10.658302307128906,0.0,0.0,4.784685134887695,0.6375446319580078,13.12086820602417,0.0,0.0,4.705595016479492,0.5391006469726562,13.121963262557983,0.0,0.0,3.9978199005126953,0.49617767333984375,11.057233810424805,0.0,0.0,5.662527084350586,0.7124176025390625,16.906620025634766,0.0,0.0,5.634984970092773,0.6475906372070312,15.039292335510254,0.0,0.0,6.663512229919434,0.7409305572509766,16.6970157623291,0.0,0.0,4.789241909980774,0.621832013130188,11.598851203918457,0.0,0.0,6.082098007202148,0.7392787933349609,16.084571838378906,0.0,0.0,5.769842147827148,0.6220359802246094,13.60969603061676,0.0,0.0,5.096137523651123,0.6966419219970703,12.059172630310059,0.0,0.0,6.297712564468384,0.7922039031982422,14.168133020401001,0.0,0.0,5.8224036693573,0.6976852416992188,13.197937250137329,0.0,0.0,6.783278703689575,0.7813448905944824,16.186455965042114,0.0,0.0,6.463817596435547,0.7650041580200195,17.302126049995422,0.0,0.0,4.256611347198486,0.6683552265167236,11.341999053955078,0.0,0.0,6.196039199829102,0.7698297500610352,15.234477043151855,0.0,0.0,7.035936951637268,0.7953136563301086,17.99137455224991,0.0,0.0,5.816385269165039,0.7086973190307617,16.888234615325928,0.0,0.0,5.7576868534088135,0.688607931137085,14.53743577003479,0.0,0.0,5.106145620346069,0.7479870319366455,14.524006068706512,0.0,0.0,8.005795240402222,0.8329508304595947,22.915832996368408,0.061183929443359375,0.2740345001220703,6.871352195739746,0.7904682159423828,17.25989818572998,0.2871575355529785,1.33021879196167,6.0782012939453125,0.7840423583984375,15.357467651367188,0.23505783081054688,1.5025761127471924,7.7265737652778625,0.851750373840332,23.62659126520157,0.008564949035644531,0.015395164489746094,7.326026678085327,0.8894023895263672,20.63957405090332,0.12260282039642334,0.1259779930114746
86,hallucinated,36,0.51806640625,8.203300476074219,0.9396957159042358,28.20661324262619,0.030756115913391113,0.09162992238998413,8.242039203643799,0.9060642719268799,26.795674562454224,0.038516879081726074,0.15839821100234985,8.437431275844574,0.8959136605262756,27.284428656101227,0.026049137115478516,0.061363160610198975,2.866090774536133,0.4284687042236328,8.234369277954102,0.0,0.0,3.670238494873047,0.5623550415039062,10.90618896484375,0.0,0.0,2.9011735916137695,0.47450733184814453,7.759312629699707,0.0,0.0,3.306094169616699,0.7152423858642578,10.82773494720459,0.0,0.0,3.184955596923828,0.5217323303222656,9.389363050460815,0.0,0.0,3.072606086730957,0.4890003204345703,10.047086477279663,0.0,0.0,3.3943023681640625,0.475555419921875,11.052389144897461,0.0,0.0,3.9870386123657227,0.5374155044555664,10.648079872131348,0.0,0.0,4.472206115722656,0.6166887283325195,12.80838918685913,0.0,0.0,5.227736473083496,0.5970096588134766,13.644104719161987,0.0,0.0,3.9136505126953125,0.5389938354492188,10.973064422607422,0.0,0.0,5.436788558959961,0.7419681549072266,16.68088150024414,0.0,0.0,5.271884918212891,0.6859130859375,14.676192283630371,0.0,0.0,6.176230430603027,0.7369632720947266,16.209733963012695,0.0,0.0,5.062950968742371,0.652180552482605,11.872560262680054,0.0,0.0,6.107981204986572,0.7684249877929688,16.11045503616333,0.0,0.0,5.844497084617615,0.7469080686569214,13.684350967407227,0.0,0.0,4.692458629608154,0.6149382591247559,11.65549373626709,0.0,0.0,5.5663228034973145,0.7334327697753906,13.436743259429932,0.0,0.0,5.516182780265808,0.7447929382324219,12.891716361045837,0.0,0.0,6.662094712257385,0.7915962934494019,16.065271973609924,0.0,0.0,6.581873416900635,0.7786078453063965,17.42018187046051,0.0,0.0,3.767704963684082,0.6657028198242188,10.853092670440674,0.0,0.0,5.5232014656066895,0.6899776458740234,14.561639308929443,0.0,0.0,6.2438254952430725,0.7536163330078125,17.199263095855713,0.0,0.0,5.478085517883301,0.7086973190307617,16.54993486404419,0.0,0.0,4.790313482284546,0.675835371017456,13.570062398910522,0.0,0.0,4.683931589126587,0.7380602359771729,14.10179203748703,0.0,0.0,7.842112421989441,0.8537797927856445,22.752150177955627,0.061183929443359375,0.2740345001220703,6.560661792755127,0.7892732620239258,16.94920778274536,0.2871575355529785,1.333681046962738,5.9179534912109375,0.8127670288085938,15.18060302734375,0.23505783081054688,1.5416176319122314,7.57903927564621,0.851750373840332,23.476416647434235,0.044673919677734375,0.07095760107040405,7.416756987571716,0.8894023895263672,20.731562614440918,0.1186363697052002,0.17856526374816895
87,grounded,36,0.5146484375,4.965319335460663,0.9352372288703918,28.18161004781723,0.030052363872528076,0.11773759126663208,4.922262191772461,0.9080145359039307,26.854410231113434,0.03965926170349121,0.15471738576889038,4.984640121459961,0.9044256210327148,27.33574366569519,0.026049137115478516,0.03547191619873047,1.9855880737304688,0.41780853271484375,8.314250946044922,0.0,0.0,2.217569351196289,0.6073017120361328,10.82621955871582,0.0,0.0,1.4833297729492188,0.46703338623046875,7.027168273925781,0.0,0.0,2.178529739379883,0.7165355682373047,10.975669860839844,0.0,0.0,1.8240852355957031,0.5039825439453125,8.958730697631836,0.0,0.0,2.0410022735595703,0.6060943603515625,10.350506067276001,0.0,0.0,2.2596969604492188,0.5334243774414062,11.554841995239258,0.0,0.0,2.4658584594726562,0.5553512573242188,10.677742004394531,0.0,0.0,2.7731094360351562,0.54473876953125,12.81583833694458,0.0,0.0,2.8944473266601562,0.5902900695800781,12.72273850440979,0.0,0.0,2.3933258056640625,0.4864959716796875,10.721813201904297,0.0,0.0,3.0218143463134766,0.6847457885742188,16.636144638061523,0.0,0.0,2.7720909118652344,0.7190704345703125,13.840618133544922,0.0,0.0,3.0566635131835938,0.7443447113037109,14.74273133277893,0.0,0.0,2.2012362480163574,0.5626826286315918,10.160926818847656,0.0,0.0,3.112884521484375,0.7157745361328125,15.781412124633789,0.0,0.0,3.1986351013183594,0.6049668788909912,12.598863363265991,0.0,0.0,2.3119635581970215,0.6204347610473633,10.499431371688843,0.0,0.0,3.6394901275634766,0.7207279205322266,13.358429908752441,0.0,0.0,2.645216226577759,0.6085188388824463,11.526867628097534,0.0,0.0,3.3981122970581055,0.6814203262329102,14.996284484863281,0.0,0.0,3.56265127658844,0.7265176773071289,17.278036236763,0.0,0.0,2.2177939414978027,0.6657028198242188,10.288438320159912,0.0,0.0,2.8903470039367676,0.6245942115783691,13.716544389724731,0.0,0.0,3.636250078678131,0.7026113271713257,15.963193893432617,0.0,0.0,2.7914648056030273,0.7086973190307617,15.691973209381104,0.0,0.0,2.550198554992676,0.6712203025817871,12.816139221191406,0.0,0.0,2.3608787059783936,0.7017365097999573,13.288047134876251,0.0,0.0,4.678781151771545,0.8378053903579712,22.395970106124878,0.061183929443359375,0.2740345001220703,3.77553653717041,0.7061519622802734,16.231690406799316,0.2871575355529785,1.2942706942558289,3.3938217163085938,0.7833786010742188,14.596927642822266,0.23505783081054688,1.54060697555542,4.5916653871536255,0.851750373840332,23.707435131072998,0.0191192626953125,0.03172111511230469,4.2204777002334595,0.8894023895263672,20.35630691051483,0.12956750392913818,0.1342710256576538
87,hallucinated,44,0.546875,11.650908827781677,0.9488746523857117,34.867199540138245,0.030052363872528076,0.14538025856018066,11.685094475746155,0.915558934211731,33.61724251508713,0.03965926170349121,0.15780115127563477,12.027694523334503,0.9164144992828369,34.37879806756973,0.026049137115478516,0.063385009765625,4.957484245300293,0.4735984802246094,11.286189079284668,0.0,0.0,5.324859619140625,0.5782127380371094,13.933639526367188,0.0,0.0,4.316375255584717,0.4520454406738281,9.860547542572021,0.0,0.0,4.785107612609863,0.7139320373535156,13.582415580749512,0.0,0.0,4.772109031677246,0.5140113830566406,11.906229972839355,0.0,0.0,4.707991600036621,0.5032415390014648,13.016149282455444,0.0,0.0,5.171836853027344,0.5333518981933594,14.465723037719727,0.0,0.0,5.761709213256836,0.5088958740234375,13.974002838134766,0.0,0.0,6.741491317749023,0.5666313171386719,16.784192085266113,0.0,0.0,6.700034499168396,0.65673828125,16.529648423194885,0.0,0.0,5.603885650634766,0.5307083129882812,13.932971954345703,0.0,0.0,7.384572982788086,0.6973304748535156,20.99759292602539,0.0,0.0,6.92491340637207,0.6795921325683594,17.9932918548584,0.0,0.0,8.247574806213379,0.744140625,19.934062242507935,0.0,0.0,6.497158050537109,0.5873432159423828,14.455263018608093,0.0,0.0,8.443243980407715,0.7618112564086914,21.114684104919434,0.0,0.0,7.933065414428711,0.6759605407714844,17.332889795303345,0.0,0.0,6.903657674789429,0.6208887100219727,15.093812227249146,0.0,0.0,7.88538122177124,0.7210330963134766,17.612488269805908,0.0,0.0,7.542754292488098,0.7410297393798828,16.424891591072083,0.0,0.0,9.222895979881287,0.81711745262146,20.823007941246033,0.0,0.0,9.36170768737793,0.8246417045593262,23.078008890151978,0.0,0.0,5.2337658405303955,0.6894762516021729,13.306711435317993,0.0,0.0,8.462156772613525,0.7402420043945312,19.283212661743164,0.0,0.0,9.051522433757782,0.8332399725914001,21.372061133384705,0.0,0.0,7.7449164390563965,0.7170076370239258,20.64169979095459,0.0,0.0,6.3763532638549805,0.686187744140625,16.63999843597412,0.0,0.0,6.269836664199829,0.7589185237884521,17.193567752838135,0.0,0.0,11.313009679317474,0.8788638114929199,29.025233447551727,0.06146049499511719,0.2733325958251953,9.476261615753174,0.7799310684204102,21.920899868011475,0.2878708839416504,1.2855324745178223,8.051868438720703,0.7208023071289062,19.220380783081055,0.2357635498046875,1.5360791087150574,11.187369287014008,0.851750373840332,30.278466761112213,0.030920028686523438,0.06967997550964355,10.656224727630615,0.8894023895263672,26.783743500709534,0.13373231887817383,0.15569639205932617
88,grounded,37,0.6318359375,9.348657846450806,0.9397832751274109,29.482988953590393,0.029983460903167725,0.13160890340805054,9.004770398139954,0.9062293767929077,27.676691114902496,0.04258090257644653,0.15254992246627808,9.390336334705353,0.9038119316101074,28.27502018213272,0.026049137115478516,0.06286132335662842,3.675905227661133,0.435760498046875,8.861563682556152,0.0,0.0,4.244026184082031,0.5652084350585938,11.442882537841797,0.0,0.0,3.1051855087280273,0.4486818313598633,7.881989479064941,0.0,0.0,4.049155235290527,0.7182121276855469,11.730069160461426,0.0,0.0,4.231692314147949,0.5353755950927734,10.505300045013428,0.0,0.0,3.4095067977905273,0.4995908737182617,10.192808866500854,0.0,0.0,3.9879837036132812,0.4627227783203125,11.528030395507812,0.0,0.0,4.204030990600586,0.5347023010253906,10.748567581176758,0.0,0.0,5.44904899597168,0.7167243957519531,14.157533645629883,0.0,0.0,5.238170623779297,0.6094832420349121,13.434870481491089,0.0,0.0,4.63209342956543,0.5342006683349609,11.866415023803711,0.0,0.0,5.291461944580078,0.6463508605957031,16.679452896118164,0.0,0.0,6.120468616485596,0.6571750640869141,15.509859561920166,0.0,0.0,7.0537004470825195,0.7414131164550781,17.285727500915527,0.0,0.0,5.247331857681274,0.5963118076324463,11.936547100543976,0.0,0.0,6.255332946777344,0.694000244140625,16.469709396362305,0.0,0.0,6.466453552246094,0.6919174194335938,14.480547904968262,0.0,0.0,5.599069118499756,0.6029133796691895,12.534350395202637,0.0,0.0,6.507431507110596,0.711700439453125,14.748707294464111,0.0,0.0,6.982376396656036,0.7595367431640625,14.851051151752472,0.0,0.0,7.22203004360199,0.8018561601638794,16.75455605983734,0.0,0.0,7.557283163070679,0.8027992248535156,18.603795886039734,0.0,0.0,4.8794485330581665,0.6659126281738281,12.12057363986969,0.0,0.0,6.309800624847412,0.6625480651855469,15.406301856040955,0.0,0.0,7.729879379272461,0.7747478485107422,18.61097627878189,0.0,0.0,6.3412556648254395,0.7087011337280273,17.7034854888916,0.0,0.0,5.69425356388092,0.7211085557937622,14.779552340507507,0.0,0.0,5.661982417106628,0.7383373975753784,15.189691066741943,0.0,0.0,9.052996098995209,0.8584499359130859,24.201511561870575,0.06146049499511719,0.2733325958251953,7.475633144378662,0.7743797302246094,17.7865252494812,0.2878708839416504,1.3305910229682922,6.620632171630859,0.7012481689453125,15.800161361694336,0.2357635498046875,1.5098354816436768,8.710170984268188,0.8695005178451538,24.73946338891983,0.030061721801757812,0.04640090465545654,8.424206137657166,0.8894023895263672,21.673959374427795,0.11741340160369873,0.12000691890716553
88,hallucinated,36,0.5693359375,8.488312840461731,0.9395482540130615,28.62264394760132,0.02714616060256958,0.13283300399780273,8.215116500854492,0.9070411920547485,26.887037217617035,0.04130828380584717,0.14928662776947021,8.463642239570618,0.9010276794433594,27.348326086997986,0.026049137115478516,0.06774437427520752,3.3211307525634766,0.42453765869140625,8.506789207458496,0.0,0.0,3.815601348876953,0.5630531311035156,11.014457702636719,0.0,0.0,2.7827653884887695,0.45349597930908203,7.559569358825684,0.0,0.0,3.522343158721924,0.7182121276855469,11.203257083892822,0.0,0.0,3.9599952697753906,0.5298194885253906,10.233526706695557,0.0,0.0,3.1582436561584473,0.48925256729125977,9.941182851791382,0.0,0.0,3.373077392578125,0.4627227783203125,10.912830352783203,0.0,0.0,3.7873153686523438,0.5393600463867188,10.33181381225586,0.0,0.0,5.012454986572266,0.717803955078125,13.72195816040039,0.0,0.0,4.945643186569214,0.6392388343811035,13.14243459701538,0.0,0.0,4.095775604248047,0.5470714569091797,11.329025268554688,0.0,0.0,4.876014709472656,0.6466102600097656,16.265331268310547,0.0,0.0,5.267612457275391,0.6493711471557617,14.658317565917969,0.0,0.0,6.167672157287598,0.7542314529418945,16.401216506958008,0.0,0.0,4.76639986038208,0.6078877449035645,11.45848798751831,0.0,0.0,5.694278717041016,0.6869163513183594,15.90812873840332,0.0,0.0,5.541597366333008,0.625457763671875,13.557162404060364,0.0,0.0,4.9657206535339355,0.6033706665039062,11.900512218475342,0.0,0.0,5.382657051086426,0.7118759155273438,13.623751640319824,0.0,0.0,5.484857559204102,0.6671638488769531,13.355660438537598,0.0,0.0,6.252518653869629,0.7144775390625,15.785429954528809,0.0,0.0,6.787358283996582,0.7850780487060547,17.832058787345886,0.0,0.0,3.7835397720336914,0.6657028198242188,11.02406120300293,0.0,0.0,5.694353461265564,0.6988433599472046,14.791149735450745,0.0,0.0,6.810585856437683,0.7650933265686035,17.692682206630707,0.044169485569000244,0.08234238624572754,5.241351127624512,0.7086973190307617,16.60297441482544,0.0,0.0,4.054424345493317,0.6511097550392151,13.140092670917511,0.0,0.0,4.470155954360962,0.7348988056182861,13.99838536977768,0.0,0.0,7.9370787143707275,0.8520853519439697,23.087575674057007,0.061183929443359375,0.2740345001220703,6.463046073913574,0.716827392578125,16.77728271484375,0.2871575355529785,1.3228736519813538,5.688076019287109,0.6707229614257812,14.87222671508789,0.23505783081054688,1.5075433254241943,7.951120972633362,0.873619556427002,23.989407122135162,0.029740333557128906,0.032091498374938965,7.479072570800781,0.8894023895263672,20.720853567123413,0.12202572822570801,0.12413668632507324
89,grounded,35,0.57958984375,7.625545084476471,0.9362919330596924,27.77603268623352,0.02198106050491333,0.07579916715621948,7.261870265007019,0.9001823663711548,25.83219540119171,0.04672163724899292,0.14868158102035522,7.487263202667236,0.8994377851486206,26.35974955558777,0.026049137115478516,0.045501887798309326,3.0091285705566406,0.4239673614501953,8.430173873901367,0.0,0.0,3.18804931640625,0.5586776733398438,10.360008239746094,0.0,0.0,2.538924217224121,0.48267650604248047,7.478693962097168,0.0,0.0,3.097797393798828,0.7261772155761719,10.665458679199219,0.0,0.0,3.0879993438720703,0.510467529296875,9.246717929840088,0.0,0.0,2.8134236335754395,0.4851069450378418,9.474120378494263,0.0,0.0,2.9706344604492188,0.4627227783203125,10.5867919921875,0.0,0.0,3.329273223876953,0.4894981384277344,10.007980346679688,0.0,0.0,4.06845760345459,0.5667171478271484,12.710787773132324,0.0,0.0,4.28522789478302,0.5513755083084106,12.947468876838684,0.0,0.0,3.7184371948242188,0.5356292724609375,10.803192138671875,0.0,0.0,4.349250793457031,0.5939445495605469,15.479930877685547,0.0,0.0,4.880458831787109,0.7004528045654297,14.143150329589844,0.0,0.0,5.683043956756592,0.7412276268005371,15.896630764007568,0.0,0.0,4.536592483520508,0.6221504211425781,11.501630783081055,0.0,0.0,5.251604080200195,0.7171783447265625,15.652307510375977,0.0,0.0,5.259077072143555,0.662811279296875,13.509604096412659,0.0,0.0,4.4199724197387695,0.6102051734924316,11.56187105178833,0.0,0.0,5.941196918487549,0.75701904296875,14.963236331939697,0.0,0.0,5.2225106954574585,0.6616668701171875,13.089706301689148,0.0,0.0,6.235062956809998,0.790135383605957,16.096234679222107,0.0,0.0,6.20368218421936,0.7899928092956543,17.564613223075867,0.0,0.0,4.216012954711914,0.6657028198242188,11.870047330856323,0.0,0.0,5.477478981018066,0.7117424011230469,14.817750573158264,0.0,0.0,6.570329785346985,0.8008699417114258,17.748235881328583,0.0,0.0,4.888985633850098,0.7086973190307617,16.318562030792236,0.0,0.0,4.442383527755737,0.70481276512146,13.2383553981781,0.0,0.0,4.2139328718185425,0.7256649732589722,13.64510828256607,0.0,0.0,7.097703516483307,0.8224258422851562,22.2986878156662,0.061183929443359375,0.2740345001220703,6.1743059158325195,0.7634201049804688,16.635912895202637,0.2871575355529785,1.4533823132514954,5.415153503417969,0.72894287109375,14.89406967163086,0.23505783081054688,1.5767170190811157,6.871755838394165,0.851750373840332,22.695912659168243,0.031148910522460938,0.03734457492828369,6.465739727020264,0.8894023895263672,19.37927484512329,0.08915680646896362,0.11952763795852661
89,hallucinated,35,0.54443359375,7.642887115478516,0.9362919330596924,27.793374717235565,0.02318638563156128,0.07369214296340942,7.23708701133728,0.9076783657073975,25.807412147521973,0.04672163724899292,0.1513197422027588,7.501929998397827,0.9016232490539551,26.37441635131836,0.026049137115478516,0.04953688383102417,3.1273727416992188,0.4239673614501953,8.548418045043945,0.0,0.0,3.1236839294433594,0.5586776733398438,10.295642852783203,0.0,0.0,2.8728628158569336,0.4806394577026367,7.8126325607299805,0.0,0.0,3.0657119750976562,0.7261772155761719,10.633373260498047,0.0,0.0,3.237542152404785,0.5029478073120117,9.396260738372803,0.0,0.0,2.6197307109832764,0.47481346130371094,9.2804274559021,0.0,0.0,2.8883514404296875,0.4627227783203125,10.504508972167969,0.0,0.0,3.4115562438964844,0.4894981384277344,10.090263366699219,0.0,0.0,4.24669075012207,0.6174488067626953,12.889020919799805,0.0,0.0,4.577924132347107,0.6109878420829773,13.240165114402771,0.0,0.0,3.540668487548828,0.5116119384765625,10.625423431396484,0.0,0.0,4.2952423095703125,0.5939445495605469,15.425922393798828,0.0,0.0,4.633882999420166,0.6394500732421875,13.8965744972229,0.0,0.0,5.443127155303955,0.7931995391845703,15.656713962554932,0.0,0.0,4.752030730247498,0.6443599462509155,11.717069029808044,0.0,0.0,5.328225135803223,0.697235107421875,15.728928565979004,0.0,0.0,5.120536804199219,0.6667327880859375,13.371063828468323,0.0,0.0,4.419485569000244,0.6102051734924316,11.561384201049805,0.0,0.0,5.8178870677948,0.75701904296875,14.839926481246948,0.0,0.0,4.665946006774902,0.6616935729980469,12.533141613006592,0.0,0.0,5.7860496044158936,0.716425895690918,15.647221326828003,0.0,0.0,6.168895721435547,0.800257682800293,17.529826760292053,0.0,0.0,4.09640109539032,0.6657028198242188,11.750435471534729,0.0,0.0,5.364945590496063,0.7343969345092773,14.705217182636261,0.0,0.0,6.494491219520569,0.7934370040893555,17.672397315502167,0.010123968124389648,0.010123968124389648,5.159935474395752,0.7367668151855469,16.58951187133789,0.0,0.0,4.369564175605774,0.6663838624954224,13.165536046028137,0.0,0.0,4.488557934761047,0.7091418504714966,13.919733345508575,0.0,0.0,7.249166905879974,0.8530552983283997,22.450151205062866,0.061183929443359375,0.2740345001220703,6.194771766662598,0.7754325866699219,16.656378746032715,0.2871575355529785,1.4568675756454468,5.592681884765625,0.7524337768554688,15.071598052978516,0.23505783081054688,1.581800937652588,6.978500187397003,0.8671581745147705,22.803109526634216,0.031148910522460938,0.032854557037353516,6.533759951591492,0.8894023895263672,19.438926100730896,0.10813570022583008,0.14447307586669922
90,grounded,45,0.53857421875,11.62445205450058,0.9459000825881958,35.758590281009674,0.022373974323272705,0.09619969129562378,11.569729328155518,0.9116499423980713,34.34043473005295,0.04259520769119263,0.1466590166091919,12.033963084220886,0.922584056854248,35.34636229276657,0.026049137115478516,0.07794898748397827,4.9301300048828125,0.48665428161621094,11.750885009765625,0.0,0.0,5.563133239746094,0.6064910888671875,14.518953323364258,0.0,0.0,4.417100191116333,0.4310722351074219,10.206128358840942,0.0,0.0,4.863820552825928,0.7103614807128906,14.126943111419678,0.0,0.0,5.347879409790039,0.5650825500488281,12.904582262039185,0.0,0.0,4.363982677459717,0.4896078109741211,12.534354448318481,0.0,0.0,4.811180114746094,0.5269279479980469,14.63528823852539,0.0,0.0,5.983173370361328,0.516815185546875,14.228769302368164,0.0,0.0,7.084222793579102,0.6577835083007812,17.552736282348633,0.0,0.0,7.385037064552307,0.6160192489624023,18.091336131095886,0.0,0.0,5.805580139160156,0.53369140625,14.611854553222656,0.0,0.0,7.186868667602539,0.636871337890625,21.271324157714844,0.0,0.0,7.180611610412598,0.6818809509277344,18.634451866149902,0.0,0.0,10.05633008480072,0.8695850372314453,22.95116412639618,0.0,0.0,6.826521158218384,0.5859358310699463,15.060107111930847,0.0,0.0,8.837790489196777,0.7304553985595703,21.830880165100098,0.0,0.0,8.34393310546875,0.6700286865234375,18.38546586036682,0.0,0.0,7.579657793045044,0.6907169818878174,15.951797485351562,0.0,0.0,9.503852844238281,0.8060379028320312,19.718127250671387,0.0,0.0,8.401102721691132,0.7754499912261963,17.711419761180878,0.0,0.0,9.066169261932373,0.7261533737182617,21.035829067230225,0.0,0.0,9.423591911792755,0.8375317454338074,23.23164814710617,0.0,0.0,6.085757195949554,0.6659126281738281,14.320931375026703,0.0,0.0,8.648479461669922,0.7677650451660156,19.820672869682312,0.0,0.0,9.277762472629547,0.7816289663314819,22.051795601844788,0.0,0.0,8.208197116851807,0.7465062141418457,21.766616821289062,0.0,0.0,7.28564840555191,0.7341861724853516,17.592361986637115,0.0,0.0,7.041779398918152,0.7333296537399292,18.16972517967224,0.0,0.0,11.09047019481659,0.8383045196533203,29.310971677303314,0.06146049499511719,0.2733325958251953,9.68293571472168,0.7848854064941406,21.747319221496582,0.2878708839416504,1.3258086442947388,8.735954284667969,0.7555465698242188,19.552621841430664,0.2357635498046875,1.5565409660339355,11.252901315689087,0.8663129210472107,30.85274600982666,0.015050947666168213,0.026289045810699463,10.853898048400879,0.8894023895263672,27.391305565834045,0.10544800758361816,0.10649895668029785
90,hallucinated,50,0.54736328125,15.809646010398865,0.9459320306777954,39.94378423690796,0.02019888162612915,0.10404866933822632,15.755631804466248,0.9240686893463135,38.52633720636368,0.059372007846832275,0.21171480417251587,16.488971412181854,0.9257686734199524,39.80137062072754,0.027686238288879395,0.09387457370758057,6.796586990356445,0.46109771728515625,13.617341995239258,0.0,0.0,7.309146881103516,0.5690193176269531,16.26496696472168,0.0,0.0,5.605381011962891,0.4197092056274414,11.3944091796875,0.0,0.0,6.3373918533325195,0.7103614807128906,15.60051441192627,0.0,0.0,7.164495468139648,0.5811367034912109,14.721198320388794,0.0,0.0,5.782991886138916,0.4896078109741211,13.95336365699768,0.0,0.0,6.607215881347656,0.5269279479980469,16.431324005126953,0.0,0.0,8.31771469116211,0.5131454467773438,16.563310623168945,0.0,0.0,9.884056091308594,0.673518180847168,20.352569580078125,0.0,0.0,10.115192949771881,0.6209285855293274,20.82149201631546,0.0,0.0,7.838922500610352,0.5610446929931641,16.64519691467285,0.0,0.0,9.899499893188477,0.636871337890625,23.98395538330078,0.0,0.0,9.762352228164673,0.6988067626953125,21.216192483901978,0.0,0.0,13.2186798453331,0.864384651184082,26.11351388692856,0.0,0.0,8.959147930145264,0.5942282676696777,17.192733883857727,0.0,0.0,12.064112186431885,0.7486305236816406,25.057201862335205,0.0,0.0,11.013702392578125,0.6814861297607422,21.055235147476196,0.0,0.0,9.485263347625732,0.6978988647460938,17.85740303993225,0.0,0.0,12.050432920455933,0.8287105560302734,22.264707326889038,0.0,0.0,10.376419484615326,0.68994140625,19.686736524105072,0.0,0.0,12.588834643363953,0.8114986419677734,24.558494448661804,0.0,0.0,12.96529746055603,0.8203945159912109,26.773353695869446,0.0,0.0,7.600836992263794,0.6659126281738281,15.836011171340942,0.0,0.0,11.767488718032837,0.7574281692504883,22.939682126045227,0.0,0.0,12.537736296653748,0.7825031280517578,25.311769425868988,0.032957375049591064,0.032957375049591064,11.141379833221436,0.7401647567749023,24.69979953765869,0.0,0.0,9.607821106910706,0.7066669464111328,19.91453468799591,0.0,0.0,9.394210875034332,0.734230101108551,20.52215665578842,0.0,0.0,14.839825451374054,0.8397018909454346,33.06032693386078,0.06146049499511719,0.2733325958251953,13.018061637878418,0.7828750610351562,25.08244514465332,0.2878708839416504,1.31705242395401,11.796676635742188,0.7562179565429688,22.608156204223633,0.2357635498046875,1.542222023010254,15.358663260936737,0.8675501942634583,34.957770228385925,0.0124359130859375,0.02367401123046875,14.667871296405792,0.8894023895263672,31.19887286424637,0.12643098831176758,0.12748193740844727
91,grounded,46,0.57666015625,13.428798139095306,0.9464191794395447,36.810594260692596,0.04855316877365112,0.2273734211921692,13.466619729995728,0.9188730716705322,35.38055455684662,0.03685784339904785,0.15063118934631348,13.907306253910065,0.9178856611251831,36.305244624614716,0.02891993522644043,0.060849666595458984,5.5704345703125,0.5179443359375,11.975797653198242,0.0,0.0,6.272880554199219,0.5876998901367188,14.946502685546875,0.0,0.0,4.623744964599609,0.4552497863769531,10.148775100708008,0.0,0.0,5.774632453918457,0.7113151550292969,14.764826774597168,0.0,0.0,5.270205974578857,0.5290260314941406,12.127096891403198,0.0,0.0,5.168839454650879,0.4958066940307617,13.131143808364868,0.0,0.0,5.641761779785156,0.5049591064453125,14.857158660888672,0.0,0.0,6.440587997436523,0.5042686462402344,14.444782257080078,0.0,0.0,8.785051822662354,0.709381103515625,19.086385250091553,0.0,0.0,7.8332802057266235,0.6264228820800781,17.395943999290466,0.0,0.0,6.934886932373047,0.5773086547851562,15.281925201416016,0.0,0.0,8.782218933105469,0.6881427764892578,22.122753143310547,0.0,0.0,8.573125839233398,0.6351375579833984,19.34250831604004,0.0,0.0,10.190973281860352,0.7410964965820312,22.13682746887207,0.0,0.0,8.073757648468018,0.6106376647949219,16.14453673362732,0.0,0.0,9.368253707885742,0.6641349792480469,21.623497009277344,0.0,0.0,9.545036315917969,0.7132530212402344,19.339749932289124,0.0,0.0,7.708255767822266,0.6178379058837891,15.741345405578613,0.0,0.0,10.819774150848389,0.8001689910888672,20.68217420578003,0.0,0.0,9.386642694473267,0.7244491577148438,18.333667039871216,0.0,0.0,10.579576969146729,0.7278561592102051,22.161394596099854,0.0,0.0,10.49518871307373,0.7648296356201172,23.360989451408386,0.0,0.0,6.139763712882996,0.6678304672241211,13.970961451530457,0.0,0.0,8.865139484405518,0.6561527252197266,19.27673625946045,0.0,0.0,10.767557978630066,0.8277703523635864,23.526635706424713,0.0,0.0,8.831313133239746,0.7087011337280273,21.806580066680908,0.0,0.0,7.988057792186737,0.7027246356010437,18.034474670886993,0.0,0.0,7.08746874332428,0.7140365839004517,17.805537462234497,0.0,0.0,12.630708694458008,0.8346807956695557,30.366666316986084,0.06146049499511719,0.2733325958251953,10.687594413757324,0.7477579116821289,22.687711715698242,0.2878708839416504,1.405584692955017,9.861137390136719,0.7256240844726562,20.774641036987305,0.2357635498046875,1.5120460987091064,12.903703033924103,0.851750373840332,31.830555021762848,0.0024442672729492188,0.0035295486450195312,12.483200907707214,0.8894023895263672,28.7385413646698,0.11490178108215332,0.14220547676086426
91,hallucinated,44,0.58203125,11.783448040485382,0.949206531047821,35.16524416208267,0.04855316877365112,0.22414690256118774,11.736260890960693,0.91487717628479,33.650195717811584,0.03685784339904785,0.15412777662277222,12.117325365543365,0.9130135774612427,34.515263736248016,0.02675485610961914,0.058684587478637695,4.932558059692383,0.5179443359375,11.337921142578125,0.0,0.0,5.585838317871094,0.5947113037109375,14.25946044921875,0.0,0.0,4.322076797485352,0.44895362854003906,9.84710693359375,0.0,0.0,5.176077842712402,0.714533805847168,14.166272163391113,0.0,0.0,4.75664758682251,0.517364501953125,11.61353850364685,0.0,0.0,4.384842872619629,0.4958066940307617,12.347147226333618,0.0,0.0,4.95855712890625,0.5049591064453125,14.173954010009766,0.0,0.0,5.807405471801758,0.5042686462402344,13.811599731445312,0.0,0.0,7.678141117095947,0.709381103515625,17.979474544525146,0.0,0.0,6.686323761940002,0.5569725036621094,16.248987555503845,0.0,0.0,5.977016448974609,0.5726814270019531,14.324054718017578,0.0,0.0,7.65809440612793,0.6881427764892578,20.998628616333008,0.0,0.0,7.549337387084961,0.6351375579833984,18.3187198638916,0.0,0.0,9.027864456176758,0.7410964965820312,20.973718643188477,0.0,0.0,7.193709373474121,0.6106376647949219,15.264488458633423,0.0,0.0,8.115371704101562,0.6997928619384766,20.370615005493164,0.0,0.0,8.215997695922852,0.6421985626220703,18.010711312294006,0.0,0.0,7.014221668243408,0.6178379058837891,15.047311305999756,0.0,0.0,9.46355676651001,0.8001689910888672,19.32595682144165,0.0,0.0,8.13967251777649,0.7244491577148438,17.08669686317444,0.0,0.0,9.080593585968018,0.7278561592102051,20.662411212921143,0.0,0.0,9.230734586715698,0.7648296356201172,22.096535325050354,0.0,0.0,5.754420220851898,0.6659126281738281,13.58561795949936,0.0,0.0,7.727017343044281,0.6561527252197266,18.138614118099213,0.0,0.0,9.285546004772186,0.8088601231575012,22.044623732566833,0.0,0.0,7.507735729217529,0.7087011337280273,20.48300266265869,0.0,0.0,7.104586541652679,0.7060279250144958,17.151003420352936,0.0,0.0,6.49164092540741,0.729216456413269,17.209709644317627,0.0,0.0,11.12792819738388,0.8599383234977722,28.863885819911957,0.06146049499511719,0.2733325958251953,9.41240406036377,0.7477579116821289,21.41028070449829,0.2878708839416504,1.408130168914795,8.598396301269531,0.7256240844726562,19.511899948120117,0.2357635498046875,1.507981777191162,11.230148553848267,0.851750373840332,30.148092210292816,0.0231168270111084,0.02420210838317871,10.858837127685547,0.8894023895263672,27.084830403327942,0.13117480278015137,0.1584784984588623
92,grounded,44,0.5419921875,13.537698924541473,0.943771243095398,35.2292742729187,0.029774188995361328,0.18503570556640625,13.14591097831726,0.9161231517791748,33.3344669342041,0.03889799118041992,0.15346336364746094,13.744645297527313,0.9167558550834656,34.351405680179596,0.026049137115478516,0.050479233264923096,5.1234130859375,0.4496593475341797,10.676689147949219,0.0,0.0,5.456790924072266,0.5628776550292969,13.3494873046875,0.0,0.0,3.9894514083862305,0.45601940155029297,9.018769264221191,0.0,0.0,4.903514862060547,0.7178421020507812,12.998510360717773,0.0,0.0,4.678341865539551,0.5524749755859375,11.143608570098877,0.0,0.0,5.4882612228393555,0.5326805114746094,12.880489587783813,0.0,0.0,6.176660537719727,0.5108280181884766,14.514081001281738,0.0,0.0,6.330530166625977,0.50567626953125,13.64716911315918,0.0,0.0,8.726411819458008,0.650848388671875,17.910274505615234,0.0,0.0,8.825288534164429,0.6780996322631836,18.014286518096924,0.0,0.0,6.6921844482421875,0.5663604736328125,14.370925903320312,0.0,0.0,9.049881935119629,0.7066307067871094,21.179984092712402,0.0,0.0,7.96476936340332,0.6617870330810547,17.87352752685547,0.0,0.0,9.661051750183105,0.7422313690185547,20.53958797454834,0.0,0.0,7.2202606201171875,0.6629390716552734,14.502422034740448,0.0,0.0,10.338825225830078,0.78228759765625,21.41153335571289,0.0,0.0,9.578992366790771,0.6990013122558594,18.38866364955902,0.0,0.0,6.199310302734375,0.6118044853210449,13.517858028411865,0.0,0.0,10.026384830474854,0.7404289245605469,18.693565845489502,0.0,0.0,9.18423593044281,0.6861248016357422,17.410294890403748,0.0,0.0,10.601514995098114,0.808833658695221,20.80524653196335,0.0,0.0,9.940610527992249,0.743950366973877,21.99965089559555,0.0,0.0,4.934843063354492,0.6659126281738281,12.490280151367188,0.0,0.0,8.004547119140625,0.6444129943847656,17.71998357772827,0.0,0.0,9.879906415939331,0.7896625995635986,21.727651953697205,0.0,0.0,8.907054007053375,0.7087011337280273,20.725942194461823,0.0,0.0,7.572369039058685,0.6976985931396484,17.21075290441513,0.0,0.0,6.565517067909241,0.759128212928772,16.969971656799316,0.0,0.0,12.256431519985199,0.8325920104980469,28.773578345775604,0.06146049499511719,0.2733325958251953,10.319759368896484,0.7510986328125,22.004826545715332,0.2878708839416504,1.364571750164032,9.414039611816406,0.735260009765625,19.856464385986328,0.2357635498046875,1.4957633018493652,12.154686510562897,0.851750373840332,29.782923102378845,0.0576171875,0.08648526668548584,12.453232049942017,0.8894023895263672,27.358608722686768,0.10466516017913818,0.10466516017913818
92,hallucinated,36,0.49755859375,6.710466086864471,0.9353084564208984,28.4020414352417,0.02320539951324463,0.10712957382202148,6.619038701057434,0.9015164375305176,26.807594656944275,0.03889799118041992,0.16484493017196655,6.7826948165893555,0.9044308662414551,27.389455199241638,0.026049137115478516,0.05726712942123413,2.691934585571289,0.4262886047363281,8.245180130004883,0.0,0.0,3.006938934326172,0.5834846496582031,10.899559020996094,0.0,0.0,2.103271484375,0.4749755859375,7.132684707641602,0.0,0.0,2.730637550354004,0.7210149765014648,10.825718879699707,0.0,0.0,2.6532235145568848,0.5317192077636719,9.118232727050781,0.0,0.0,2.7181196212768555,0.5038948059082031,10.111203908920288,0.0,0.0,2.911113739013672,0.4781637191772461,11.249773979187012,0.0,0.0,3.2700462341308594,0.4960784912109375,10.586433410644531,0.0,0.0,3.9106483459472656,0.6060466766357422,13.094842910766602,0.0,0.0,4.502740383148193,0.6521272659301758,13.691160440444946,0.0,0.0,3.328460693359375,0.5548019409179688,11.007648468017578,0.0,0.0,4.072939872741699,0.6959190368652344,16.20243740081787,0.0,0.0,4.2603302001953125,0.6662635803222656,14.169267654418945,0.0,0.0,5.182706832885742,0.784912109375,16.059572219848633,0.0,0.0,3.939951181411743,0.6279144287109375,11.222793877124786,0.0,0.0,4.905412673950195,0.6992549896240234,15.980375289916992,0.0,0.0,5.154160499572754,0.6992225646972656,13.962272047996521,0.0,0.0,3.389240026473999,0.6126437187194824,10.710261583328247,0.0,0.0,5.010876178741455,0.7153167724609375,13.676947116851807,0.0,0.0,4.899612665176392,0.6828174591064453,13.132496118545532,0.0,0.0,5.286836504936218,0.72853684425354,15.49095332622528,0.0,0.0,5.271444201469421,0.7605972290039062,17.328206717967987,0.0,0.0,3.0092344284057617,0.6657028198242188,10.564260959625244,0.0,0.0,4.457345962524414,0.6844253540039062,14.174782991409302,0.0,0.0,5.191827476024628,0.7644062042236328,17.043238282203674,0.0,0.0,4.241180777549744,0.7086973190307617,16.062363505363464,0.0,0.0,3.7410064935684204,0.6900736093521118,13.382104277610779,0.0,0.0,3.518474280834198,0.756513774394989,13.923921763896942,0.0,0.0,6.554020285606384,0.8506962060928345,23.07610309123993,0.061183929443359375,0.2740345001220703,5.203597068786621,0.7349853515625,16.892685890197754,0.2871575355529785,1.360453188419342,4.659015655517578,0.7133102416992188,15.102428436279297,0.23505783081054688,1.5328030586242676,6.325139164924622,0.851750373840332,23.969669938087463,0.0,0.0,5.881188154220581,0.8894023895263672,20.789870977401733,0.12670516967773438,0.12670516967773438
93,grounded,44,0.6181640625,11.497803509235382,0.948988676071167,34.77621430158615,0.03004634380340576,0.16662096977233887,11.568978190422058,0.9140385389328003,33.55291801691055,0.03644716739654541,0.14166945219039917,11.88825386762619,0.9057984352111816,34.34288436174393,0.026049137115478516,0.0636591911315918,5.091292381286621,0.4760284423828125,11.866154670715332,0.0,0.0,5.474822998046875,0.5694808959960938,14.193183898925781,0.0,0.0,4.585012435913086,0.4745168685913086,10.202604293823242,0.0,0.0,5.042167901992798,0.7049694061279297,13.797985315322876,0.0,0.0,4.805670261383057,0.5245633125305176,11.85975980758667,0.0,0.0,4.360039234161377,0.4804840087890625,12.476910829544067,0.0,0.0,5.234676361083984,0.480743408203125,14.407620429992676,0.0,0.0,5.342306137084961,0.49558258056640625,13.293073654174805,0.0,0.0,7.322868168354034,0.6597518920898438,17.569591343402863,0.0,0.0,6.802938461303711,0.6146392822265625,17.075084447860718,0.0,0.0,6.087787628173828,0.5742034912109375,14.478389739990234,0.0,0.0,7.864492416381836,0.6787452697753906,21.43548583984375,0.0,0.0,7.895403861999512,0.6570024490356445,19.139811515808105,0.0,0.0,9.563562393188477,0.8183565139770508,21.965266227722168,0.0,0.0,6.492129564285278,0.57161545753479,14.527641654014587,0.0,0.0,8.41476058959961,0.7411537170410156,20.56623649597168,0.0,0.0,8.440903663635254,0.6776466369628906,18.328404903411865,0.0,0.0,7.284463882446289,0.6685209274291992,15.255603313446045,0.0,0.0,8.18765926361084,0.7900147438049316,17.396114349365234,0.0,0.0,8.19057810306549,0.7390270233154297,17.36791431903839,0.0,0.0,9.455421924591064,0.7699174880981445,20.924910068511963,0.0,0.0,8.61621606349945,0.7446789741516113,21.358208894729614,0.0,0.0,5.934345185756683,0.6881960034370422,13.70835965871811,0.0,0.0,8.162997364997864,0.7592489719390869,18.57454216480255,0.0,0.0,9.903249323368073,0.7996540069580078,22.566518008708954,0.0008952021598815918,0.0008952021598815918,8.149170398712158,0.7181849479675293,21.04062843322754,0.0,0.0,7.833250045776367,0.7057676315307617,18.173564434051514,0.0,0.0,6.896352529525757,0.7526628971099854,17.639092564582825,0.0,0.0,11.29709017276764,0.8525097370147705,28.946844935417175,0.06146049499511719,0.2750357389450073,9.836369037628174,0.7826933860778809,21.77294683456421,0.2878708839416504,1.337253987789154,8.715568542480469,0.7632827758789062,19.48933219909668,0.2357635498046875,1.5956225395202637,11.09523332118988,0.8766701221466064,30.191062808036804,0.020944595336914062,0.026792585849761963,10.65963214635849,0.8894023895263672,26.81979364156723,0.12202256917953491,0.1328691840171814
93,hallucinated,42,0.568359375,10.084777772426605,0.944882333278656,33.363188564777374,0.03004634380340576,0.14482253789901733,9.989386916160583,0.9113175868988037,31.97332674264908,0.039237380027770996,0.15978330373764038,10.284965872764587,0.9016081094741821,32.739596366882324,0.032302021980285645,0.0745466947555542,4.100484848022461,0.4915924072265625,10.875347137451172,0.0,0.0,4.610206604003906,0.5913887023925781,13.328567504882812,0.0,0.0,3.4036550521850586,0.4301948547363281,9.021246910095215,0.0,0.0,4.007206916809082,0.7049694061279297,12.76302433013916,0.0,0.0,3.5620784759521484,0.5208549499511719,10.616168022155762,0.0,0.0,3.6383156776428223,0.4804840087890625,11.755187273025513,0.0,0.0,3.9923248291015625,0.4695892333984375,13.165268898010254,0.0,0.0,4.416528701782227,0.5121307373046875,12.36729621887207,0.0,0.0,6.154726266860962,0.6571769714355469,16.40144944190979,0.0,0.0,5.979302883148193,0.6230287551879883,16.2514488697052,0.0,0.0,4.697410583496094,0.5480575561523438,13.0880126953125,0.0,0.0,6.263402938842773,0.6495323181152344,19.834396362304688,0.0,0.0,6.241179466247559,0.6417961120605469,17.485587120056152,0.0,0.0,7.298824310302734,0.8183565139770508,19.700528144836426,0.0,0.0,5.863446474075317,0.6020195484161377,13.898958563804626,0.0,0.0,7.1619720458984375,0.7405548095703125,19.313447952270508,0.0,0.0,7.259015083312988,0.7416515350341797,17.1465163230896,0.0,0.0,5.625646114349365,0.6097168922424316,13.596785545349121,0.0,0.0,6.382045745849609,0.7575340270996094,15.590500831604004,0.0,0.0,6.803098618984222,0.7966194152832031,15.980434834957123,0.0,0.0,7.953941345214844,0.7969198226928711,19.423429489135742,0.0,0.0,7.582971096038818,0.7105474472045898,20.324963927268982,0.0,0.0,4.749041795730591,0.6659126281738281,12.523056268692017,0.0,0.0,7.064119815826416,0.7111129760742188,17.475664615631104,0.0,0.0,8.052871644496918,0.8259754180908203,20.7161403298378,0.0,0.0,6.844729006290436,0.7094075083732605,19.736187040805817,0.0,0.0,6.333461284637451,0.6894850730895996,16.673775672912598,0.0,0.0,5.884307086467743,0.7716304659843445,16.62704712152481,0.0,0.0,9.846722424030304,0.8754253387451172,27.49647718667984,0.06146049499511719,0.2733325958251953,8.533465385437012,0.77154541015625,20.45030403137207,0.2878708839416504,1.3216497302055359,7.65440559387207,0.7410202026367188,18.42816925048828,0.2357635498046875,1.5960793495178223,9.733222246170044,0.8686656951904297,28.82905924320221,0.0296744704246521,0.057080209255218506,9.282053470611572,0.8894023895263672,25.431954860687256,0.13073492050170898,0.14146804809570312
94,grounded,37,0.54345703125,8.336473405361176,0.9366913437843323,28.96334618330002,0.03851735591888428,0.12458324432373047,8.317181468009949,0.9035600423812866,27.81692922115326,0.03684812784194946,0.1644984483718872,8.519165515899658,0.9055100083351135,28.309442162513733,0.026049137115478516,0.04817676544189453,3.0081539154052734,0.425567626953125,8.334527969360352,0.0,0.0,3.6119308471679688,0.5910873413085938,11.220621109008789,0.0,0.0,2.6172218322753906,0.4386100769042969,7.40550422668457,0.0,0.0,3.0179996490478516,0.7279148101806641,10.764829635620117,0.0,0.0,3.0546436309814453,0.4791107177734375,9.47629714012146,0.0,0.0,2.5700559616088867,0.4865999221801758,9.554097890853882,0.0,0.0,3.1273193359375,0.4627227783203125,10.928489685058594,0.0,0.0,3.558399200439453,0.489288330078125,10.53145980834961,0.0,0.0,4.848674774169922,0.6193656921386719,13.390926361083984,0.0,0.0,4.663387298583984,0.560577392578125,13.233325719833374,0.0,0.0,4.5167236328125,0.55810546875,11.861572265625,0.0,0.0,4.928516387939453,0.6321258544921875,16.34096336364746,0.0,0.0,4.6431884765625,0.6575164794921875,13.823698043823242,0.0,0.0,5.6545209884643555,0.6872110366821289,15.642317771911621,0.0,0.0,4.31494140625,0.5470619201660156,11.244498252868652,0.0,0.0,5.446962356567383,0.6880950927734375,15.796846389770508,0.0,0.0,5.445362091064453,0.6076996326446533,13.491163492202759,0.0,0.0,4.287014007568359,0.5978357791900635,11.339160203933716,0.0,0.0,5.741760730743408,0.7244949340820312,13.727254390716553,0.0,0.0,5.590077757835388,0.7168827056884766,12.988230586051941,0.0,0.0,6.69711709022522,0.7635984420776367,16.413938760757446,0.0,0.0,6.41472864151001,0.7548127174377441,17.876914143562317,0.0,0.0,3.415205955505371,0.6659126281738281,10.61334228515625,0.0,0.0,5.528708457946777,0.7045650482177734,14.577434122562408,0.0,0.0,6.546976327896118,0.7699276208877563,17.725467026233673,0.0,0.0,5.904095649719238,0.7087011337280273,17.249474048614502,0.0,0.0,4.851473569869995,0.6672639846801758,13.732337236404419,0.0,0.0,4.47015917301178,0.7376495599746704,14.222700834274292,0.0,0.0,8.079627871513367,0.8432826995849609,23.833595752716064,0.06146049499511719,0.2733325958251953,6.774664878845215,0.7415733337402344,17.767800331115723,0.2878708839416504,1.2628321051597595,5.982383728027344,0.7305755615234375,15.679891586303711,0.2357635498046875,1.5068154335021973,7.850499451160431,0.8536559343338013,24.424046635627747,0.005531132221221924,0.005531132221221924,7.366361200809479,0.8894023895263672,21.297309458255768,0.12818574905395508,0.14675569534301758
94,hallucinated,39,0.52734375,10.037103950977325,0.9385914206504822,30.663976728916168,0.03119748830795288,0.1366860270500183,9.805757641792297,0.9115577936172485,29.305505394935608,0.04286307096481323,0.14909052848815918,10.122302412986755,0.9001445770263672,29.91257905960083,0.027317166328430176,0.06322014331817627,3.5908870697021484,0.4323596954345703,8.917261123657227,0.0,0.0,4.0424041748046875,0.5629539489746094,11.651094436645508,0.0,0.0,2.7226858139038086,0.41982173919677734,7.510968208312988,0.0,0.0,3.610361099243164,0.7279148101806641,11.35719108581543,0.0,0.0,3.0770206451416016,0.5180511474609375,9.498674154281616,0.0,0.0,3.065871477127075,0.4865999221801758,10.04991340637207,0.0,0.0,3.7408447265625,0.4627227783203125,11.542015075683594,0.0,0.0,4.238227844238281,0.489288330078125,11.211288452148438,0.0,0.0,6.108288764953613,0.7290887832641602,14.650540351867676,0.0,0.0,6.088733196258545,0.7207121849060059,14.658671617507935,0.0,0.0,5.044933319091797,0.5286483764648438,12.389781951904297,0.0,0.0,5.870167970657349,0.6321258544921875,17.282614946365356,0.0,0.0,5.530267715454102,0.6575164794921875,14.710777282714844,0.0,0.0,7.284406661987305,0.7718791961669922,17.27220344543457,0.0,0.0,5.176961660385132,0.6128971576690674,12.106518507003784,0.0,0.0,6.870554447174072,0.7671933174133301,17.220438480377197,0.0,0.0,6.513032913208008,0.6076996326446533,14.558834314346313,0.0,0.0,4.947850704193115,0.5978357791900635,11.999996900558472,0.0,0.0,5.8436279296875,0.7024078369140625,13.829121589660645,0.0,0.0,5.932822167873383,0.6321392059326172,13.330974996089935,0.0,0.0,7.56006383895874,0.7339572906494141,17.276885509490967,0.0,0.0,7.726241707801819,0.7875604629516602,19.188427209854126,0.0,0.0,3.726700782775879,0.6659126281738281,10.924837112426758,0.0,0.0,6.325146675109863,0.7655696868896484,15.373872339725494,0.0,0.0,6.672674119472504,0.7978519797325134,17.85116481781006,0.0,0.0,6.428502082824707,0.7087011337280273,17.77388048171997,0.0,0.0,5.5010018944740295,0.6672639846801758,14.381865561008453,0.02029263973236084,0.02029263973236084,5.162531077861786,0.7787858843803406,14.915072739124298,0.0,0.0,9.391541540622711,0.8664819598197937,25.14550942182541,0.06146049499511719,0.2733325958251953,7.718349456787109,0.7221622467041016,18.672819137573242,0.2878708839416504,1.2959749698638916,7.0774078369140625,0.687225341796875,16.726865768432617,0.2357635498046875,1.5270462036132812,9.322948455810547,0.8541011810302734,25.887751042842865,0.06863594055175781,0.09396630525588989,8.885912001132965,0.8894023895263672,22.821127951145172,0.12146377563476562,0.18797683715820312
95,grounded,42,0.640625,9.822743654251099,0.9358673691749573,32.91934013366699,0.04263812303543091,0.15201032161712646,10.000625252723694,0.9108045101165771,31.894050419330597,0.04426431655883789,0.16698861122131348,10.283508121967316,0.9004619121551514,32.60081857442856,0.029435276985168457,0.06239205598831177,4.3501434326171875,0.4366416931152344,10.909492492675781,0.0,0.0,4.517423629760742,0.5594730377197266,13.002851486206055,0.0,0.0,4.006962776184082,0.4728250503540039,9.695769309997559,0.0,0.0,4.306853294372559,0.715606689453125,13.187962532043457,0.0,0.0,4.043347358703613,0.5323629379272461,11.298687934875488,0.0,0.0,3.6213631629943848,0.49542999267578125,11.585227251052856,0.0,0.0,4.283618927001953,0.4905433654785156,13.611896514892578,0.0,0.0,4.271034240722656,0.5012245178222656,12.37725830078125,0.0,0.0,5.622766494750977,0.7007484436035156,15.890716552734375,0.0,0.0,5.537194311618805,0.6129810810089111,15.803349792957306,0.0,0.0,4.926456451416016,0.5349388122558594,13.71630859375,0.0,0.0,6.000518798828125,0.6579456329345703,19.336458206176758,0.0,0.0,6.125788688659668,0.6733932495117188,17.348942756652832,0.0,0.0,7.076794624328613,0.8048572540283203,19.359204292297363,0.0,0.0,6.178460359573364,0.6446933746337891,14.173281788825989,0.0,0.0,6.738374710083008,0.7060813903808594,19.001916885375977,0.0,0.0,7.450064182281494,0.7351174354553223,17.846847772598267,0.0,0.0,6.3070361614227295,0.6264755725860596,14.541307210922241,0.0,0.0,7.767530918121338,0.8001022338867188,18.940346240997314,0.0,0.0,7.1505133509635925,0.7194845676422119,16.59098595380783,0.0,0.0,7.747058749198914,0.7602002024650574,19.685991168022156,0.0,0.0,7.457314968109131,0.7910194396972656,21.38101351261139,0.0,0.0,5.139311671257019,0.6723314523696899,13.330740809440613,0.0,0.0,6.554336309432983,0.7077369689941406,17.82314360141754,0.0,0.0,8.081546902656555,0.7948746085166931,21.119147956371307,0.0,0.0,6.763155460357666,0.7087011337280273,20.41638946533203,0.0,0.0,5.768073201179504,0.7338935136795044,16.11891782283783,0.0,0.0,5.683749794960022,0.7060810327529907,16.74571990966797,0.0,0.0,9.7272207736969,0.8361996412277222,27.524124085903168,0.06146049499511719,0.2733325958251953,7.869444370269775,0.7315788269042969,19.318856716156006,0.2878708839416504,1.3505378365516663,6.767547607421875,0.6620330810546875,16.910356521606445,0.2357635498046875,1.5350847244262695,9.485918521881104,0.8766397833824158,28.767178416252136,0.04323005676269531,0.09758222103118896,8.927068710327148,0.8894023895263672,25.246424674987793,0.1261765956878662,0.2741219997406006
95,hallucinated,43,0.66162109375,10.552641093730927,0.9358673691749573,33.64923757314682,0.042575716972351074,0.16069120168685913,10.84136688709259,0.9108657836914062,32.73479205369949,0.04129129648208618,0.17568451166152954,11.162993907928467,0.9004619121551514,33.48030436038971,0.033513545989990234,0.061070919036865234,4.493906021118164,0.4380836486816406,11.053255081176758,0.0,0.0,4.648122787475586,0.5697994232177734,13.133550643920898,0.0,0.0,4.070284843444824,0.46966075897216797,9.7590913772583,0.0,0.0,4.667325973510742,0.715606689453125,13.54843521118164,0.0,0.0,4.296496391296387,0.5441656112670898,11.551836967468262,0.0,0.0,3.8214311599731445,0.49542999267578125,11.785295248031616,0.0,0.0,4.662342071533203,0.4905433654785156,13.990619659423828,0.0,0.0,4.501415252685547,0.5012245178222656,12.60763931274414,0.0,0.0,6.053991317749023,0.7007484436035156,16.321941375732422,0.0,0.0,6.083769679069519,0.6129810810089111,16.34992516040802,0.0,0.0,5.396886825561523,0.5349388122558594,14.186738967895508,0.0,0.0,6.431722640991211,0.6551861763000488,19.767662048339844,0.0,0.0,6.606115341186523,0.6788978576660156,17.829269409179688,0.0,0.0,7.405569076538086,0.8048572540283203,19.687978744506836,0.0,0.0,6.64187228679657,0.6446933746337891,14.636693716049194,0.0,0.0,7.206544876098633,0.7064781188964844,19.4700870513916,0.0,0.0,7.985323905944824,0.7546167373657227,18.382107496261597,0.0,0.0,6.682724714279175,0.6264755725860596,14.916995763778687,0.0,0.0,8.279491424560547,0.8001022338867188,19.452306747436523,0.0,0.0,7.619957149028778,0.7261314392089844,17.060429751873016,0.0,0.0,8.33650803565979,0.7559560537338257,20.275440454483032,0.0,0.0,8.141391277313232,0.820368766784668,22.06508982181549,0.0,0.0,5.253962159156799,0.6659126281738281,13.445391297340393,0.0,0.0,6.8211469650268555,0.7146701812744141,18.089954257011414,0.0,0.0,8.586373388767242,0.8276281356811523,21.623974442481995,0.0,0.0,7.402685165405273,0.7087011337280273,21.05591917037964,0.0,0.0,5.7301748394966125,0.7111223340034485,16.081019461154938,0.0,0.0,6.050411939620972,0.719740629196167,17.11238205432892,0.0,0.0,10.538816809654236,0.8421916961669922,28.335720121860504,0.06146049499511719,0.2733325958251953,8.366642475128174,0.7210273742675781,19.813445568084717,0.2878708839416504,1.3555005192756653,7.291942596435547,0.6620330810546875,17.434751510620117,0.2357635498046875,1.5375909805297852,10.092301905155182,0.8765373826026917,29.373581171035767,0.08361244201660156,0.188360333442688,9.512486815452576,0.8894023895263672,25.83523118495941,0.12532567977905273,0.3292536735534668
96,grounded,44,0.60205078125,11.233473658561707,0.9416736364364624,34.27355468273163,0.03512728214263916,0.1613892912864685,11.52439284324646,0.9121239185333252,33.405379354953766,0.03597843647003174,0.12163752317428589,11.966616034507751,0.9038736820220947,34.36861300468445,0.03200221061706543,0.08113843202590942,4.368494033813477,0.44928550720214844,10.409528732299805,0.0,0.0,5.113517761230469,0.5687789916992188,13.608505249023438,0.0,0.0,4.1313629150390625,0.45995044708251953,9.516132354736328,0.0,0.0,4.722955942153931,0.7108421325683594,13.210083246231079,0.0,0.0,4.20850133895874,0.5162582397460938,10.805984735488892,0.0,0.0,4.176043510437012,0.489715576171875,12.035342931747437,0.0,0.0,5.067394256591797,0.5016708374023438,13.990798950195312,0.0,0.0,5.210590362548828,0.4950675964355469,12.949661254882812,0.0,0.0,6.843313217163086,0.7266349792480469,16.688101768493652,0.0,0.0,6.4155967235565186,0.5767993927001953,16.20823335647583,0.0,0.0,6.171684265136719,0.5446090698242188,14.525409698486328,0.0,0.0,6.983747482299805,0.61590576171875,19.9034481048584,0.0,0.0,7.407655715942383,0.6492691040039062,17.93622875213623,0.0,0.0,8.54787302017212,0.7352180480957031,20.04134225845337,0.0,0.0,6.07850980758667,0.581855297088623,13.819332599639893,0.0,0.0,8.058279037475586,0.7317047119140625,19.948841094970703,0.0,0.0,7.120321273803711,0.6097937822341919,16.579242825508118,0.0,0.0,6.396755695343018,0.5937070846557617,14.061831951141357,0.0,0.0,8.358291625976562,0.7617983818054199,17.5772647857666,0.0,0.0,7.63350522518158,0.7333526611328125,15.877127051353455,0.0,0.0,8.623588800430298,0.7176899909973145,19.447113275527954,0.0,0.0,8.221463322639465,0.858700156211853,20.671008586883545,0.0,0.0,4.86741977930069,0.6867262721061707,12.458714067935944,0.0,0.0,7.334344565868378,0.8121585845947266,17.422735154628754,0.0,0.0,8.989535450935364,0.7855570316314697,21.196730613708496,0.021243929862976074,0.021243929862976074,7.909014701843262,0.7087011337280273,20.653325080871582,0.0,0.0,6.993032157421112,0.6798146367073059,16.648674190044403,0.0,0.0,6.318990767002106,0.7478031516075134,17.01433265209198,0.0,0.0,11.239532232284546,0.8581585884094238,28.65313071012497,0.06146049499511719,0.2733325958251953,9.437662780284882,0.7541847229003906,20.82120579481125,0.2878708839416504,1.3710183501243591,8.485244750976562,0.708465576171875,18.66581916809082,0.2357635498046875,1.5442099571228027,10.634016990661621,0.851750373840332,28.908523201942444,0.06178092956542969,0.2175593376159668,10.146015107631683,0.8894023895263672,25.48402327299118,0.11173295974731445,0.31345462799072266
96,hallucinated,41,0.5146484375,8.939968407154083,0.9426973462104797,31.980049431324005,0.03369170427322388,0.12402313947677612,9.037774801254272,0.9116599559783936,30.91876131296158,0.04042309522628784,0.12399303913116455,9.424720108509064,0.9034932255744934,31.82671707868576,0.026049137115478516,0.06347388029098511,3.287799835205078,0.43109893798828125,9.328834533691406,0.0,0.0,4.395870208740234,0.5670967102050781,12.890857696533203,0.0,0.0,2.4840755462646484,0.42116355895996094,7.868844985961914,0.0,0.0,3.5261707305908203,0.7180767059326172,12.013298034667969,0.0,0.0,3.414783477783203,0.5960884094238281,10.012266874313354,0.0,0.0,3.9079012870788574,0.5780401229858398,11.767200708389282,0.0,0.0,4.307621002197266,0.5121078491210938,13.231025695800781,0.0,0.0,4.316322326660156,0.5355339050292969,12.05539321899414,0.0,0.0,5.745765686035156,0.6444559097290039,15.590554237365723,0.0,0.0,6.233538866043091,0.6601951122283936,16.026175498962402,0.0,0.0,4.880016326904297,0.560089111328125,13.233741760253906,0.0,0.0,6.118476867675781,0.7032184600830078,19.038177490234375,0.0,0.0,5.852878570556641,0.7430229187011719,16.38145160675049,0.0,0.0,7.11276912689209,0.8283309936523438,18.60623836517334,0.0,0.0,4.895279884338379,0.6570653915405273,12.636102676391602,0.0,0.0,6.705381393432617,0.7198009490966797,18.595943450927734,0.0,0.0,6.20578145980835,0.6690711975097656,15.664703011512756,0.0,0.0,4.5501768589019775,0.6284544467926025,12.215253114700317,0.0,0.0,6.966822624206543,0.7939796447753906,16.185795783996582,0.0,0.0,5.97527551651001,0.6734619140625,14.218897342681885,0.0,0.0,7.103163719177246,0.7394123077392578,17.926688194274902,0.0,0.0,6.705373167991638,0.6997337341308594,19.154918432235718,0.0,0.0,3.7023561000823975,0.6659126281738281,11.293650388717651,0.0,0.0,5.85518741607666,0.6448526382446289,15.943578004837036,0.0,0.0,6.476604104042053,0.7339023947715759,18.683799266815186,0.0,0.0,5.998337745666504,0.7087011337280273,18.742648124694824,0.0,0.0,4.994271755218506,0.7018742561340332,14.649913787841797,0.0,0.0,4.845751166343689,0.7646826505661011,15.541093051433563,0.0,0.0,8.715237379074097,0.859566330909729,26.12883585691452,0.06146049499511719,0.2733325958251953,7.034292221069336,0.7487516403198242,18.417835235595703,0.2878708839416504,1.376867651939392,6.435546875,0.7598114013671875,16.616121292114258,0.2357635498046875,1.5356006622314453,8.673614859580994,0.8977742195129395,26.952838480472565,0.037807464599609375,0.05941343307495117,8.369984984397888,0.8894023895263672,23.68599760532379,0.12517023086547852,0.15722990036010742
97,grounded,39,0.5166015625,9.873920917510986,0.9407362341880798,30.71026647090912,0.03632587194442749,0.13966017961502075,9.76350885629654,0.9114871025085449,29.156014919281006,0.041947901248931885,0.19335627555847168,10.163820266723633,0.8936350345611572,29.9448379278183,0.026049137115478516,0.05660879611968994,3.061534881591797,0.4138298034667969,8.875240325927734,0.0,0.0,3.8177108764648438,0.5606422424316406,11.501781463623047,0.0,0.0,3.175328254699707,0.48351001739501953,8.233233451843262,0.0,0.0,3.812345027923584,0.7317447662353516,11.883214473724365,0.0,0.0,3.2561168670654297,0.5330047607421875,9.818475008010864,0.0,0.0,3.7706379890441895,0.4981212615966797,11.097922086715698,0.0,0.0,4.085231781005859,0.4627227783203125,11.932655334472656,0.0,0.0,4.259025573730469,0.5131149291992188,11.117259979248047,0.0,0.0,5.498701572418213,0.60968017578125,14.320438861846924,0.0,0.0,5.970843315124512,0.6285266876220703,14.624544382095337,0.0,0.0,4.819978713989258,0.5107803344726562,12.326196670532227,0.0,0.0,7.068164348602295,0.8114309310913086,18.90904951095581,0.0,0.0,5.893295526504517,0.6475460529327393,15.532384157180786,0.0,0.0,6.783547401428223,0.7314281463623047,17.845090866088867,0.0,0.0,5.745264291763306,0.626882791519165,12.711120426654816,0.0,0.0,7.2772932052612305,0.7309551239013672,18.015759468078613,0.0,0.0,6.396122932434082,0.6718626022338867,14.546161890029907,0.0,0.0,4.820168733596802,0.6223554611206055,11.923184394836426,0.0,0.0,5.492170333862305,0.7019596099853516,14.03231954574585,0.0,0.0,5.1655638217926025,0.5998632907867432,12.732701539993286,0.0,0.0,6.39082270860672,0.6673355102539062,15.942710220813751,0.0,0.0,6.978999137878418,0.7717456817626953,18.51654088497162,0.0,0.0,3.7498035430908203,0.7085781097412109,11.159485816955566,0.0,0.0,5.679241836071014,0.6837987899780273,15.057179152965546,0.0,0.0,7.037039041519165,0.8003718852996826,18.364181518554688,0.024259209632873535,0.043190598487854004,5.730541229248047,0.7087011337280273,17.219613552093506,0.0,0.0,4.851244509220123,0.6600404381752014,13.887342274188995,0.0,0.0,4.264345347881317,0.6985551714897156,14.35727459192276,0.0,0.0,9.048058986663818,0.845573902130127,24.823131501674652,0.06146049499511719,0.27459436655044556,7.268144607543945,0.7300376892089844,17.923447608947754,0.2878708839416504,1.4125250577926636,6.5994720458984375,0.6712493896484375,15.96156120300293,0.2357635498046875,1.6699018478393555,8.80248498916626,0.8656072616577148,25.372539460659027,0.08325570821762085,0.19062894582748413,8.56213653087616,0.8894023895263672,22.21285092830658,0.12240195274353027,0.37091588973999023
97,hallucinated,38,0.5615234375,9.222219824790955,0.9399732351303101,30.058565378189087,0.03632587194442749,0.12867498397827148,8.979726612567902,0.9083163738250732,28.372232675552368,0.04647105932235718,0.16891396045684814,9.418146133422852,0.8957505226135254,29.199163794517517,0.026049137115478516,0.05638265609741211,3.622913360595703,0.41683197021484375,9.43661880493164,0.0,0.0,3.7838478088378906,0.5606422424316406,11.467918395996094,0.0,0.0,3.110647201538086,0.47842979431152344,8.16855239868164,0.0,0.0,3.771603584289551,0.7317447662353516,11.842473030090332,0.0,0.0,3.4023361206054688,0.5077247619628906,9.964694261550903,0.0,0.0,3.4235148429870605,0.4981212615966797,10.75079894065857,0.0,0.0,3.6459083557128906,0.4627227783203125,11.493331909179688,0.0,0.0,4.076835632324219,0.526031494140625,10.935070037841797,0.0,0.0,4.92357873916626,0.6053647994995117,13.74531602859497,0.0,0.0,5.445496320724487,0.6471290588378906,14.099197387695312,0.0,0.0,4.348930358886719,0.5452499389648438,11.855148315429688,0.0,0.0,5.51175194978714,0.6786403656005859,17.352637112140656,0.0,0.0,5.298074722290039,0.6515998840332031,14.937163352966309,0.0,0.0,5.818276643753052,0.7400858402252197,16.879820108413696,0.0,0.0,5.114053249359131,0.6537909507751465,12.07990938425064,0.0,0.0,6.191388130187988,0.7153396606445312,16.92985439300537,0.0,0.0,5.962416648864746,0.6143531799316406,14.112455606460571,0.0,0.0,4.469327926635742,0.6223554611206055,11.572343587875366,0.0,0.0,5.552734375,0.7198028564453125,14.092883586883545,0.0,0.0,5.340280652046204,0.6527252197265625,12.907418370246887,0.0,0.0,6.378228187561035,0.6952857971191406,15.930115699768066,0.0,0.0,7.062205076217651,0.7850332260131836,18.599746823310852,0.0,0.0,3.6380417346954346,0.6823008060455322,11.04772400856018,0.0,0.0,5.355438947677612,0.7362632751464844,14.733376264572144,0.0,0.0,6.38249397277832,0.8193885087966919,17.709636449813843,0.007680356502532959,0.007680356502532959,5.723928451538086,0.7178306579589844,17.213000774383545,0.0,0.0,4.523113965988159,0.681365966796875,13.559211730957031,0.0,0.0,4.350518107414246,0.6971820592880249,14.443447351455688,0.0,0.0,8.419799089431763,0.8296546936035156,24.194871604442596,0.06146049499511719,0.27459436655044556,6.837758779525757,0.7300376892089844,17.504765272140503,0.2878708839416504,1.3745367527008057,6.137641906738281,0.713958740234375,15.509222030639648,0.2357635498046875,1.653491497039795,8.00319641828537,0.851750373840332,24.565022587776184,0.08892631530761719,0.29641175270080566,7.722005128860474,0.8894023895263672,21.369171857833862,0.12445259094238281,0.42559540271759033
98,grounded,35,0.62890625,8.338071942329407,0.9365017414093018,27.72945761680603,0.029260694980621338,0.12659531831741333,8.209287285804749,0.9031080007553101,26.035952270030975,0.03770864009857178,0.13873231410980225,8.473969101905823,0.9075729250907898,26.546615719795227,0.026049137115478516,0.054106175899505615,3.1351089477539062,0.40328025817871094,8.057060241699219,0.0,0.0,3.676921844482422,0.5523567199707031,10.59310531616211,0.0,0.0,2.784123420715332,0.43910694122314453,7.553696632385254,0.0,0.0,3.324800491333008,0.719207763671875,10.82234001159668,0.0,0.0,3.405402183532715,0.5174055099487305,9.558289527893066,0.0,0.0,2.7285258769989014,0.4749724864959717,9.150978565216064,0.0,0.0,3.142993927001953,0.4737091064453125,10.25106430053711,0.0,0.0,3.4206466674804688,0.5030441284179688,9.713111877441406,0.0,0.0,4.402396202087402,0.5896186828613281,12.599093437194824,0.0,0.0,4.436308145523071,0.5356972217559814,12.207191526889801,0.0,0.0,3.8020286560058594,0.51800537109375,10.436283111572266,0.0,0.0,4.4646148681640625,0.587310791015625,15.201583862304688,0.0,0.0,5.095890998840332,0.6467704772949219,14.124836921691895,0.0,0.0,5.349088668823242,0.6777133941650391,14.918598175048828,0.0,0.0,4.704200983047485,0.6015169620513916,11.230807304382324,0.0,0.0,5.654209136962891,0.7197837829589844,15.205160140991211,0.0,0.0,5.809328079223633,0.6381492614746094,13.691675901412964,0.0,0.0,4.581782817840576,0.6058359146118164,11.261966466903687,0.0,0.0,6.0510547161102295,0.7327060699462891,14.518076658248901,0.0,0.0,5.703181445598602,0.6788597106933594,13.217749297618866,0.0,0.0,6.515431880950928,0.7766895294189453,15.544078350067139,0.0,0.0,6.489618539810181,0.7562265396118164,17.268667936325073,0.0,0.0,3.9893606901168823,0.6657028198242188,11.102999567985535,0.0,0.0,5.34997034072876,0.652977705001831,14.055222034454346,0.0,0.0,6.4074667096138,0.8069583773612976,17.030725121498108,0.013893306255340576,0.02345830202102661,5.473674774169922,0.7086973190307617,16.411315441131592,0.0,0.0,4.441802501678467,0.692786693572998,12.84242594242096,0.0,0.0,4.553969323635101,0.6933717131614685,13.495495080947876,0.0,0.0,8.053929507732391,0.8238670825958252,22.37227511405945,0.061183929443359375,0.2740345001220703,6.601469993591309,0.7216033935546875,16.261637687683105,0.2871575355529785,1.3647813200950623,5.7808380126953125,0.69171142578125,14.34658432006836,0.23505783081054688,1.5397751331329346,7.55962860584259,0.851750373840332,22.529511094093323,0.06300163269042969,0.07416725158691406,7.175684452056885,0.8894023895263672,19.450449228286743,0.09153330326080322,0.16981327533721924
98,hallucinated,34,0.61083984375,7.569003462791443,0.9365017414093018,26.960389137268066,0.024919986724853516,0.1060674786567688,7.366066813468933,0.9020638465881348,25.19273179769516,0.033799827098846436,0.12992656230926514,7.581728935241699,0.9007935523986816,25.654375553131104,0.026049137115478516,0.06910192966461182,2.805826187133789,0.40328025817871094,7.727777481079102,0.0,0.0,3.1961631774902344,0.548919677734375,10.112346649169922,0.0,0.0,2.503819465637207,0.4474039077758789,7.273392677307129,0.0,0.0,2.99862003326416,0.719207763671875,10.496159553527832,0.0,0.0,3.1171178817749023,0.5324287414550781,9.270005226135254,0.0,0.0,2.421383857727051,0.4739341735839844,8.843836545944214,0.0,0.0,2.6666259765625,0.4737091064453125,9.774696350097656,0.0,0.0,2.9393157958984375,0.5030441284179688,9.231781005859375,0.0,0.0,3.8519840240478516,0.5896186828613281,12.048681259155273,0.0,0.0,3.990766167640686,0.5462566614151001,11.761649549007416,0.0,0.0,3.3233165740966797,0.5319042205810547,9.957571029663086,0.0,0.0,4.090980529785156,0.587310791015625,14.827949523925781,0.0,0.0,4.530489444732666,0.6467704772949219,13.559435367584229,0.0,0.0,4.602958679199219,0.687408447265625,14.172468185424805,0.0,0.0,4.214755296707153,0.6124184131622314,10.741361618041992,0.0,0.0,5.007883071899414,0.7056922912597656,14.558834075927734,0.0,0.0,5.091712951660156,0.6715202331542969,12.974060773849487,0.0,0.0,4.0547895431518555,0.6058359146118164,10.734973192214966,0.0,0.0,5.1621482372283936,0.7020549774169922,13.629170179367065,0.0,0.0,4.892094850540161,0.6715049743652344,12.406662702560425,0.0,0.0,5.478334903717041,0.7159414291381836,14.506981372833252,0.0,0.0,5.6939404010772705,0.7628574371337891,16.472989797592163,0.0,0.0,3.4160776138305664,0.6673712730407715,10.529716491699219,0.0,0.0,4.7120935916900635,0.671438455581665,13.41734528541565,0.0,0.0,5.74560821056366,0.8060539960861206,16.368866622447968,0.05192065238952637,0.09602141380310059,4.754031658172607,0.7086973190307617,15.691672325134277,0.0,0.0,3.8214958906173706,0.7157143354415894,12.222119331359863,0.0,0.0,4.099789619445801,0.6921976208686829,13.041315376758575,0.0,0.0,7.135271608829498,0.8537397384643555,21.453617215156555,0.061183929443359375,0.2740345001220703,5.693301200866699,0.7216033935546875,15.353468894958496,0.2871575355529785,1.3658947944641113,4.9542694091796875,0.6627960205078125,13.520015716552734,0.23505783081054688,1.5515966415405273,6.819943785667419,0.851750373840332,21.793831884860992,0.05403327941894531,0.07304108142852783,6.2778884172439575,0.8894023895263672,18.54372751712799,0.11822009086608887,0.18276143074035645
99,grounded,47,0.583984375,15.000150501728058,0.944657027721405,37.56205415725708,0.024991929531097412,0.11886078119277954,14.985522270202637,0.9236960411071777,36.00133204460144,0.03991341590881348,0.14675372838974,15.471077620983124,0.9083250761032104,36.98734349012375,0.026049137115478516,0.06392580270767212,6.067169189453125,0.43180084228515625,12.401021957397461,0.0,0.0,6.7882843017578125,0.5650711059570312,15.0069580078125,0.0,0.0,5.072135925292969,0.4621315002441406,10.496280670166016,0.0,0.0,6.307412147521973,0.7098312377929688,15.05689525604248,0.0,0.0,5.504032611846924,0.5233268737792969,12.444960832595825,0.0,0.0,5.377483367919922,0.5280122756958008,13.285897970199585,0.0,0.0,6.519004821777344,0.526641845703125,15.457673072814941,0.0,0.0,7.004261016845703,0.5125083923339844,14.764369010925293,0.0,0.0,10.167675018310547,0.6666107177734375,20.329564094543457,0.0,0.0,9.337505996227264,0.6145987510681152,19.208621442317963,0.0,0.0,7.124086380004883,0.5302448272705078,15.341672897338867,0.0,0.0,9.576078295707703,0.6995658874511719,22.643192172050476,0.0,0.0,8.499946594238281,0.6274795532226562,19.10513973236084,0.0,0.0,10.497346878051758,0.7719087600708008,22.342711448669434,0.0,0.0,8.748335361480713,0.6298561096191406,16.443631887435913,0.0,0.0,10.81690502166748,0.7270736694335938,22.930527687072754,0.0,0.0,11.374192714691162,0.7700085639953613,20.804883003234863,0.0,0.0,8.492071151733398,0.6578483581542969,16.36656880378723,0.0,0.0,11.0943021774292,0.7889108657836914,20.94868564605713,0.0,0.0,10.50009822845459,0.7543411254882812,19.169440269470215,0.0,0.0,11.98849642276764,0.7944347858428955,23.138444542884827,0.0,0.0,12.347137451171875,0.8777329921722412,25.414430141448975,0.0,0.0,6.439953804016113,0.6749210357666016,14.51526165008545,0.0,0.0,10.848042905330658,0.7753643989562988,21.057561337947845,0.0,0.0,11.751684844493866,0.8270809650421143,24.153233408927917,0.0,0.0,10.441545248031616,0.7087011337280273,23.087186098098755,0.0,0.0,8.559332966804504,0.661162257194519,18.386939644813538,0.0,0.0,7.738712906837463,0.7514506578445435,18.20003765821457,0.0,0.0,14.470700144767761,0.8474655151367188,31.011189937591553,0.06146049499511719,0.2733325958251953,11.887508392333984,0.7437534332275391,22.71384334564209,0.2878708839416504,1.3301246166229248,10.412544250488281,0.6839675903320312,19.926626205444336,0.2357635498046875,1.4892330169677734,14.691055178642273,0.9037294387817383,32.700971245765686,0.01161283254623413,0.01161283254623413,14.033254027366638,0.8894023895263672,29.140126705169678,0.12113380432128906,0.12495064735412598
99,hallucinated,41,0.5576171875,10.02427488565445,0.9402642250061035,32.58617854118347,0.02359873056411743,0.11698257923126221,9.890173435211182,0.9146158695220947,30.905983209609985,0.04180347919464111,0.1539350152015686,10.179143190383911,0.9028878211975098,31.695409059524536,0.026049137115478516,0.05357176065444946,4.113681793212891,0.42783355712890625,10.447534561157227,0.0,0.0,4.484134674072266,0.5650711059570312,12.702808380126953,0.0,0.0,3.753087043762207,0.46521759033203125,9.177231788635254,0.0,0.0,4.681772708892822,0.7098312377929688,13.43125581741333,0.0,0.0,3.79329776763916,0.5435256958007812,10.734225988388062,0.0,0.0,3.7560739517211914,0.5280122756958008,11.664488554000854,0.0,0.0,4.218601226806641,0.4838294982910156,13.157269477844238,0.0,0.0,4.713924407958984,0.5125083923339844,12.474032402038574,0.0,0.0,6.25468635559082,0.6315345764160156,16.41657543182373,0.0,0.0,5.974598169326782,0.6534919738769531,15.84571361541748,0.0,0.0,4.792446136474609,0.5030021667480469,13.010032653808594,0.0,0.0,5.824529230594635,0.6995658874511719,18.89164310693741,0.0,0.0,5.798653602600098,0.6274795532226562,16.403846740722656,0.0,0.0,6.537646293640137,0.8106107711791992,18.383010864257812,0.0,0.0,5.938385248184204,0.6223526000976562,13.633681774139404,0.0,0.0,6.969500541687012,0.7826290130615234,19.083123207092285,0.0,0.0,7.237094879150391,0.6642799377441406,16.667785167694092,0.0,0.0,5.9872448444366455,0.6308531761169434,13.861742496490479,0.0,0.0,6.875553131103516,0.7173981666564941,16.729936599731445,0.0,0.0,6.617653548717499,0.6723423004150391,15.286995589733124,0.0,0.0,7.2404597997665405,0.7459301948547363,18.390407919883728,0.0,0.0,7.810020923614502,0.7889871597290039,20.8773136138916,0.0,0.0,5.032407343387604,0.6932402849197388,13.10771518945694,0.0,0.0,6.729869782924652,0.7554600834846497,16.93938821554184,0.0,0.0,8.522526025772095,0.8270809650421143,20.924074590206146,0.012293398380279541,0.012293398380279541,6.993493556976318,0.7383732795715332,19.639134407043457,0.0,0.0,6.451545357704163,0.6717058420181274,16.279152035713196,0.0,0.0,5.933931291103363,0.7205280661582947,16.39525604248047,0.0,0.0,9.855197072029114,0.8431253433227539,26.395686864852905,0.06146049499511719,0.2733325958251953,8.231945037841797,0.7588062286376953,19.058279991149902,0.2878708839416504,1.3349091410636902,7.248004913330078,0.7260055541992188,16.762086868286133,0.2357635498046875,1.4814066886901855,9.594463288784027,0.851750373840332,27.59915977716446,0.02110588550567627,0.030068516731262207,9.30778169631958,0.8894023895263672,24.432828426361084,0.10347974300384521,0.12641805410385132
100,grounded,34,0.646484375,7.389788091182709,0.9384892582893372,26.5118026137352,0.030582964420318604,0.10207486152648926,7.3529545068740845,0.8992282152175903,25.26326036453247,0.02832573652267456,0.11034524440765381,7.5553483963012695,0.8989129066467285,25.62750232219696,0.026049137115478516,0.06996160745620728,3.3030529022216797,0.4417095184326172,8.52658462524414,0.0,0.0,3.515605926513672,0.582672119140625,10.760841369628906,0.0,0.0,2.5181703567504883,0.4799652099609375,7.375197410583496,0.0,0.0,3.3939881324768066,0.7206840515136719,11.044565677642822,0.0,0.0,3.404050827026367,0.5433387756347656,9.385597229003906,0.0,0.0,2.9932422637939453,0.5343780517578125,9.502022981643677,0.0,0.0,3.374462127685547,0.5591468811035156,10.949687957763672,0.0,0.0,3.602235794067383,0.5288314819335938,10.101781845092773,0.0,0.0,3.941375732421875,0.5422897338867188,11.977424621582031,0.0,0.0,3.7850959300994873,0.5251216888427734,11.82868766784668,0.0,0.0,3.9960670471191406,0.5668697357177734,11.201251983642578,0.0,0.0,4.267448425292969,0.6430206298828125,15.371513366699219,0.0,0.0,4.587745904922485,0.6675224304199219,13.585927248001099,0.0,0.0,4.684144973754883,0.6798572540283203,14.293855667114258,0.0,0.0,3.9749505519866943,0.5947549343109131,10.674858212471008,0.0,0.0,4.952445983886719,0.6925468444824219,14.525347709655762,0.0,0.0,4.887157440185547,0.6377296447753906,12.805658102035522,0.0,0.0,4.454357624053955,0.6229152679443359,11.49142861366272,0.0,0.0,5.575271129608154,0.7536592483520508,14.49915075302124,0.0,0.0,5.283476829528809,0.7014503479003906,13.368862390518188,0.0,0.0,5.730924725532532,0.7654404640197754,14.871502041816711,0.0,0.0,5.095892429351807,0.7118639945983887,15.551332831382751,0.0,0.0,3.608209490776062,0.6845768690109253,11.019445300102234,0.0,0.0,4.7209250926971436,0.6953098773956299,13.84322190284729,0.0,0.0,5.741360425949097,0.8254263401031494,16.59946572780609,0.0,0.0,4.613295555114746,0.7086973190307617,15.453304767608643,0.0,0.0,4.029786705970764,0.7025319337844849,12.657342076301575,0.0,0.0,4.360823154449463,0.7323694229125977,13.721732676029205,0.0,0.0,7.171119689941406,0.8322205543518066,21.950183868408203,0.061183929443359375,0.2740345001220703,6.099560737609863,0.7652664184570312,16.4489483833313,0.2871575355529785,1.5041072964668274,5.4380035400390625,0.722564697265625,14.720645904541016,0.23505783081054688,1.5664246082305908,7.102072536945343,0.851750373840332,22.153149366378784,0.02871251106262207,0.07592296600341797,6.820059597492218,0.8894023895263672,19.46347862482071,0.11861515045166016,0.11861515045166016
100,hallucinated,35,0.6708984375,8.192490816116333,0.9384892582893372,27.314505338668823,0.030582964420318604,0.10766750574111938,8.189514517784119,0.8971627950668335,26.099820375442505,0.03432154655456543,0.11763215065002441,8.456697821617126,0.9005564451217651,26.528851747512817,0.026049137115478516,0.06496644020080566,3.6191883087158203,0.43723106384277344,8.842720031738281,0.0,0.0,3.84759521484375,0.582672119140625,11.092830657958984,0.0,0.0,2.8847227096557617,0.474212646484375,7.7417497634887695,0.0,0.0,3.8122010231018066,0.7206840515136719,11.462778568267822,0.0,0.0,3.615126609802246,0.5214500427246094,9.596673011779785,0.0,0.0,3.151646137237549,0.5343780517578125,9.66042685508728,0.0,0.0,3.697315216064453,0.5591468811035156,11.272541046142578,0.0,0.0,4.007650375366211,0.5251998901367188,10.507196426391602,0.0,0.0,4.357021331787109,0.5376052856445312,12.393070220947266,0.0,0.0,4.123129844665527,0.5321979522705078,12.16672158241272,0.0,0.0,4.342329025268555,0.5307865142822266,11.547513961791992,0.0,0.0,4.858253479003906,0.6430206298828125,15.962318420410156,0.0,0.0,5.283332109451294,0.6489067077636719,14.281513452529907,0.0,0.0,5.5629119873046875,0.6403579711914062,15.172622680664062,0.0,0.0,4.439061880111694,0.5861279964447021,11.138969540596008,0.0,0.0,5.45240592956543,0.6860504150390625,15.025307655334473,0.0,0.0,5.694828033447266,0.6662750244140625,13.613328695297241,0.0,0.0,5.257717132568359,0.6606864929199219,12.294788122177124,0.0,0.0,6.600134611129761,0.7536592483520508,15.524014234542847,0.0,0.0,6.043393850326538,0.7622146606445312,14.128779411315918,0.0,0.0,6.466486632823944,0.7902716994285583,15.607063949108124,0.0,0.0,5.989858150482178,0.7342948913574219,16.445298552513123,0.0,0.0,4.391614556312561,0.6932893991470337,11.802850365638733,0.0,0.0,5.379785418510437,0.6953098773956299,14.502082228660583,0.0,0.0,6.390246272087097,0.8254263401031494,17.248351573944092,0.0,0.0,5.550937652587891,0.7086973190307617,16.390946865081787,0.0,0.0,4.990530550479889,0.659379780292511,13.6180859208107,0.0,0.0,5.130674123764038,0.73294997215271,14.49158364534378,0.0,0.0,8.16590940952301,0.8400278091430664,22.944973587989807,0.061183929443359375,0.27445292472839355,6.699468612670898,0.7698554992675781,17.048856258392334,0.2871575355529785,1.499418556690216,5.956092834472656,0.791839599609375,15.23873519897461,0.23505783081054688,1.5650014877319336,7.911767661571503,0.8833656311035156,22.961843967437744,0.02871251106262207,0.04918313026428223,7.728463768959045,0.8894023895263672,20.371119379997253,0.0994725227355957,0.0994725227355957
101,grounded,33,0.64013671875,7.44469678401947,0.9341007471084595,25.861223697662354,0.030582964420318604,0.11468207836151123,7.298847079277039,0.8957303762435913,24.371203005313873,0.02698153257369995,0.06930971145629883,7.551380157470703,0.8990335464477539,24.756669282913208,0.026049137115478516,0.05242389440536499,2.9758081436157227,0.43768787384033203,7.966813087463379,0.0,0.0,3.219799041748047,0.5860786437988281,10.205192565917969,0.0,0.0,2.200254440307617,0.4405345916748047,6.857398986816406,0.0,0.0,3.188108444213867,0.7154026031494141,10.543020248413086,0.0,0.0,3.05479097366333,0.5623550415039062,8.822933912277222,0.0,0.0,3.052448272705078,0.5391182899475098,9.414274454116821,0.0,0.0,3.4813575744628906,0.5064163208007812,10.507572174072266,0.0,0.0,3.6011962890625,0.5077400207519531,9.927661895751953,0.0,0.0,4.2000203132629395,0.5499114990234375,11.82819414138794,0.0,0.0,3.8700742721557617,0.5328788757324219,11.495107412338257,0.0,0.0,4.130528450012207,0.5552482604980469,11.243592262268066,0.0,0.0,4.444416046142578,0.607666015625,14.982673645019531,0.0,0.0,4.632147908210754,0.7182235717773438,13.251291394233704,0.0,0.0,4.673544883728027,0.687957763671875,13.963057518005371,0.0,0.0,3.5614728927612305,0.593806266784668,10.036334991455078,0.0,0.0,4.779499053955078,0.6472206115722656,14.251350402832031,0.0,0.0,5.302359580993652,0.6711502075195312,12.910571575164795,0.0,0.0,4.237969636917114,0.6949367523193359,11.03408694267273,0.0,0.0,5.866275310516357,0.7829723358154297,14.227363109588623,0.0,0.0,5.135428726673126,0.7133827209472656,12.720000565052032,0.0,0.0,5.129901885986328,0.7078056335449219,13.850615501403809,0.0,0.0,4.982954502105713,0.6528763771057129,15.024002850055695,0.0,0.0,3.4458701610565186,0.7012012004852295,10.826484680175781,0.0,0.0,4.46974515914917,0.6746118068695068,13.180450558662415,0.0,0.0,5.684744596481323,0.8260500431060791,16.349512457847595,0.0,0.0,4.1440534591674805,0.7086973190307617,14.72200059890747,0.0,0.0,4.027111828327179,0.6973825097084045,12.614481747150421,0.0,0.0,4.1265727281570435,0.7548257112503052,13.316531717777252,0.0,0.0,7.36891508102417,0.8553562164306641,21.60355019569397,0.061183929443359375,0.2740345001220703,6.111328125,0.8019561767578125,16.36352014541626,0.2871575355529785,1.5578213930130005,5.69842529296875,0.7955169677734375,14.903119087219238,0.23505783081054688,1.6265276670455933,6.9760648012161255,0.851750373840332,21.596809804439545,0.021672725677490234,0.04743802547454834,6.62702214717865,0.8894023895263672,18.667015254497528,0.1278667449951172,0.15064191818237305
101,hallucinated,32,0.619140625,6.610618710517883,0.9328173398971558,25.027145624160767,0.030582964420318604,0.10785043239593506,6.5193809270858765,0.8910297155380249,23.59173685312271,0.032106637954711914,0.055291593074798584,6.672529697418213,0.8807992935180664,23.877818822860718,0.026049137115478516,0.04653292894363403,2.8587589263916016,0.44188880920410156,7.849763870239258,0.0,0.0,3.1027469635009766,0.5877780914306641,10.088140487670898,0.0,0.0,2.133108139038086,0.48505592346191406,6.790252685546875,0.0,0.0,3.004619598388672,0.7154026031494141,10.35953140258789,0.0,0.0,2.8800559043884277,0.5196418762207031,8.64819884300232,0.0,0.0,2.7986721992492676,0.5452365875244141,9.16049838066101,0.0,0.0,2.8549156188964844,0.5064163208007812,9.88113021850586,0.0,0.0,3.2911739349365234,0.4810676574707031,9.617639541625977,0.0,0.0,3.5252771377563477,0.5550899505615234,11.153450965881348,0.0,0.0,3.493722915649414,0.5417003631591797,11.11875605583191,0.0,0.0,3.9382104873657227,0.5665693283081055,11.051274299621582,0.0,0.0,4.055065155029297,0.607666015625,14.59332275390625,0.0,0.0,4.246560573577881,0.7011528015136719,12.86570405960083,0.0,0.0,4.245697975158691,0.687957763671875,13.535210609436035,0.0,0.0,3.240774631500244,0.6117711067199707,9.715636730194092,0.0,0.0,4.542839050292969,0.6842460632324219,14.014690399169922,0.0,0.0,4.547597885131836,0.6573944091796875,12.155809879302979,0.0,0.0,4.154721021652222,0.659984827041626,10.950838327407837,0.0,0.0,5.330904722213745,0.7526283264160156,13.69199252128601,0.0,0.0,4.883920252323151,0.700230598449707,12.468492090702057,0.0,0.0,4.751078724861145,0.6572146415710449,13.471792340278625,0.0,0.0,4.787555932998657,0.6988954544067383,14.828604280948639,0.0,0.0,3.189704120159149,0.7012012004852295,10.570318639278412,0.0,0.0,4.312711477279663,0.6746118068695068,13.023416876792908,0.0,0.0,5.299543857574463,0.8260500431060791,15.964311718940735,0.0,0.0,3.914694309234619,0.7086973190307617,14.49264144897461,0.0,0.0,3.414108693599701,0.7147735953330994,12.001478612422943,0.027730941772460938,0.027730941772460938,3.698159337043762,0.7144061326980591,12.888118326663971,0.0,0.0,6.286365270614624,0.823455810546875,20.521000385284424,0.061183929443359375,0.2740345001220703,5.414443016052246,0.76751708984375,15.666635036468506,0.2871575355529785,1.5763543248176575,4.922119140625,0.7367401123046875,14.126812934875488,0.23505783081054688,1.6085604429244995,6.33552622795105,0.851750373840332,20.95182293653488,0.03227430582046509,0.041099607944488525,5.977409720420837,0.8894023895263672,18.03211921453476,0.13295364379882812,0.13295364379882812
102,grounded,38,0.63134765625,10.006300449371338,0.9446689486503601,29.832897186279297,0.026415109634399414,0.13158386945724487,9.999162077903748,0.9142988920211792,28.65134906768799,0.04015946388244629,0.1389654278755188,10.328988254070282,0.9062848091125488,29.244090139865875,0.02749788761138916,0.07255011796951294,4.527799606323242,0.5139884948730469,10.060883522033691,0.0,0.0,4.7598876953125,0.5952224731445312,12.221385955810547,0.0,0.0,3.193422794342041,0.4649834632873535,8.168787479400635,0.0,0.0,4.4357194900512695,0.754246711730957,12.389021873474121,0.0,0.0,3.9722366333007812,0.5452613830566406,10.222002029418945,0.0,0.0,3.819009780883789,0.5987539291381836,10.782479524612427,0.0,0.0,4.926460266113281,0.57537841796875,12.567718505859375,0.0,0.0,5.295780181884766,0.5367050170898438,11.834850311279297,0.0,0.0,5.576749801635742,0.5905227661132812,13.89543342590332,0.0,0.0,5.269205093383789,0.5399818420410156,13.554856061935425,0.0,0.0,5.085407257080078,0.5480308532714844,12.51644515991211,0.0,0.0,6.411169052124023,0.6682853698730469,17.53939437866211,0.0,0.0,6.027346849441528,0.7122211456298828,15.356509447097778,0.0,0.0,6.084075927734375,0.6952896118164062,15.834810256958008,0.0,0.0,5.077288389205933,0.5870120525360107,11.755077958106995,0.0,0.0,6.545291900634766,0.6519927978515625,16.455039978027344,0.0,0.0,7.3115692138671875,0.712066650390625,15.290057063102722,0.0,0.0,5.714775085449219,0.6492042541503906,12.794340133666992,0.0,0.0,8.36291217803955,0.8157267570495605,17.036785125732422,0.0,0.0,7.81030410528183,0.7380943298339844,15.61120742559433,0.0,0.0,7.227917194366455,0.7433223724365234,16.935497760772705,0.0,0.0,6.580644607543945,0.6813697814941406,17.60368525981903,0.0,0.0,3.8621941804885864,0.7006088495254517,11.116238355636597,0.0,0.0,6.115196228027344,0.6574211120605469,15.3253675699234,0.0,0.0,8.136133193969727,0.8188669681549072,19.460093080997467,0.0,0.0,6.013355255126953,0.7087011337280273,17.16323232650757,0.0,0.0,5.935777068138123,0.6835912466049194,14.820631384849548,0.0,0.0,5.859812498092651,0.7743632793426514,15.579417824745178,0.0,0.0,9.449981927871704,0.8138656616210938,24.520541667938232,0.06146049499511719,0.2733325958251953,7.7438201904296875,0.7287983894348145,18.300093173980713,0.2878708839416504,1.3644511103630066,7.341941833496094,0.7078704833984375,16.661455154418945,0.2357635498046875,1.7907321453094482,9.87808883190155,0.8688064813613892,25.881472170352936,0.023456335067749023,0.03509116172790527,9.318259358406067,0.8894023895263672,22.619629979133606,0.11380696296691895,0.11380696296691895
102,hallucinated,32,0.58203125,4.951260268688202,0.938456654548645,24.77785700559616,0.026415109634399414,0.14652299880981445,4.899455666542053,0.8910940885543823,23.551642656326294,0.043358445167541504,0.1336301565170288,4.991945743560791,0.8750628232955933,23.907047629356384,0.026049137115478516,0.039536118507385254,2.0413379669189453,0.4421863555908203,7.5743913650512695,0.0,0.0,2.2405033111572266,0.5888843536376953,9.701925277709961,0.0,0.0,1.6606950759887695,0.4799165725708008,6.636353492736816,0.0,0.0,2.3365726470947266,0.7311496734619141,10.289815902709961,0.0,0.0,1.947721004486084,0.5278205871582031,8.196831226348877,0.0,0.0,2.2035269737243652,0.5847301483154297,9.166941404342651,0.0,0.0,2.2966270446777344,0.5755462646484375,9.938289642333984,0.0,0.0,2.565105438232422,0.5073738098144531,9.102760314941406,0.0,0.0,2.6102657318115234,0.5340423583984375,10.928686141967773,0.0,0.0,2.972784996032715,0.5675621032714844,11.259483098983765,0.0,0.0,2.758485794067383,0.5890159606933594,10.188467025756836,0.0,0.0,2.9844741821289062,0.6158218383789062,14.114871978759766,0.0,0.0,3.006697654724121,0.7429227828979492,12.336295127868652,0.0,0.0,3.0635108947753906,0.6666908264160156,12.813648223876953,0.0,0.0,2.5646047592163086,0.605677604675293,9.24405837059021,0.0,0.0,3.2602691650390625,0.6206092834472656,13.170001983642578,0.0,0.0,3.817098617553711,0.6955814361572266,11.794715642929077,0.0,0.0,3.1777873039245605,0.6652259826660156,10.258476614952087,0.0,0.0,4.3860108852386475,0.8196120262145996,13.055800199508667,0.0,0.0,4.342389464378357,0.8275933265686035,12.140384554862976,0.0,0.0,3.6613030433654785,0.7780063152313232,13.367418766021729,0.0,0.0,3.3422681093215942,0.7198983430862427,14.366341590881348,0.0,0.0,2.2810096740722656,0.7434589862823486,9.532009601593018,0.0,0.0,3.007611870765686,0.6571731567382812,12.220335900783539,0.0,0.0,4.164548873901367,0.8189910054206848,15.490642547607422,0.0,0.0,3.3133792877197266,0.7086973190307617,14.469054698944092,0.0,0.0,2.6746108531951904,0.6993662118911743,11.558371782302856,0.0,0.0,2.732353985309601,0.7572858929634094,12.456995666027069,0.0,0.0,4.743884086608887,0.8283767700195312,19.818180084228516,0.061183929443359375,0.2740345001220703,3.7645912170410156,0.7285170555114746,14.324821949005127,0.2871575355529785,1.3482117056846619,3.4489059448242188,0.697540283203125,12.775474548339844,0.23505783081054688,1.6859357357025146,4.778478384017944,0.851750373840332,20.793985962867737,0.0,0.0,4.41963803768158,0.8894023895263672,17.71845853328705,0.11459219455718994,0.11459219455718994
103,grounded,34,0.57373046875,7.385295867919922,0.9413423538208008,26.526671946048737,0.027701735496520996,0.11461222171783447,7.3265931606292725,0.9021438360214233,25.16904515028,0.03653985261917114,0.13220125436782837,7.542215883731842,0.8988104462623596,25.585856914520264,0.026049137115478516,0.04570436477661133,2.788090705871582,0.43555164337158203,7.93350887298584,0.0,0.0,3.3476409912109375,0.5677986145019531,10.433948516845703,0.0,0.0,2.313290596008301,0.48995494842529297,7.035008430480957,0.0,0.0,2.9987993240356445,0.7080078125,10.597315788269043,0.0,0.0,2.290513038635254,0.4975090026855469,8.209200382232666,0.0,0.0,2.5092201232910156,0.5005931854248047,9.102707386016846,0.0,0.0,3.270038604736328,0.4627227783203125,10.438587188720703,0.0,0.0,3.6764774322509766,0.49305152893066406,10.198480606079102,0.0,0.0,3.947450637817383,0.5573348999023438,11.879518508911133,0.0,0.0,3.863698959350586,0.5218467712402344,11.822014570236206,0.0,0.0,3.475099563598633,0.46649169921875,10.367815017700195,0.0,0.0,4.183571815490723,0.5789871215820312,14.650952339172363,0.0,0.0,4.233827590942383,0.6924934387207031,13.162643432617188,0.0,0.0,4.563390731811523,0.6577606201171875,13.797203063964844,0.0,0.0,3.6373510360717773,0.5770263671875,10.273928582668304,0.0,0.0,4.645711898803711,0.6214179992675781,13.944889068603516,0.0,0.0,4.891606330871582,0.6477012634277344,12.884999990463257,0.0,0.0,3.9408249855041504,0.6271381378173828,10.786842823028564,0.0,0.0,6.13859224319458,0.7882041931152344,14.717607498168945,0.0,0.0,5.537534534931183,0.7193222045898438,13.13769656419754,0.0,0.0,5.536842107772827,0.7245292663574219,14.677535772323608,0.0,0.0,5.123162746429443,0.7913684844970703,15.569176077842712,0.0,0.0,3.3790464401245117,0.6657028198242188,10.442434787750244,0.0,0.0,4.526163578033447,0.6814174652099609,13.302589654922485,0.0,0.0,5.737125754356384,0.7684288024902344,16.62029391527176,0.0,0.0,4.766773223876953,0.7086973190307617,15.336827754974365,0.0,0.0,4.169578909873962,0.6628421545028687,12.561158061027527,0.0,0.0,3.7242311239242554,0.7306760549545288,12.887813806533813,0.0,0.0,7.207790017127991,0.8278331756591797,21.843384504318237,0.061183929443359375,0.2740345001220703,5.816178321838379,0.7383089065551758,16.221632957458496,0.2871575355529785,1.3681635856628418,5.484668731689453,0.702789306640625,14.825225830078125,0.23505783081054688,1.7121903896331787,7.089379131793976,0.851750373840332,22.235670566558838,0.011661767959594727,0.011661767959594727,6.6293028593063354,0.8894023895263672,19.182151913642883,0.13352751731872559,0.1983669400215149
103,hallucinated,32,0.52978515625,5.906846761703491,0.9413423538208008,25.048222839832306,0.023998737335205078,0.10428023338317871,5.7654131054878235,0.8985400795936584,23.60786509513855,0.03983527421951294,0.11990582942962646,5.842128753662109,0.8919124603271484,23.88576978445053,0.026049137115478516,0.033315420150756836,2.4504966735839844,0.41858577728271484,7.595914840698242,0.0,0.0,2.6480255126953125,0.5828781127929688,9.734333038330078,0.0,0.0,2.18485164642334,0.43785953521728516,6.906569480895996,0.0,0.0,2.488483428955078,0.7080078125,10.086999893188477,0.0,0.0,2.338134765625,0.5088233947753906,8.256822109222412,0.0,0.0,2.3244171142578125,0.5082855224609375,8.917904376983643,0.0,0.0,2.319305419921875,0.4627227783203125,9.48785400390625,0.0,0.0,2.7170753479003906,0.47708892822265625,9.239078521728516,0.0,0.0,2.892765998840332,0.5573348999023438,10.824833869934082,0.0,0.0,3.089977264404297,0.5609016418457031,11.048292875289917,0.0,0.0,2.7129173278808594,0.49622344970703125,9.605632781982422,0.0,0.0,3.263568878173828,0.5789871215820312,13.730949401855469,0.0,0.0,3.524923324584961,0.6570930480957031,12.453739166259766,0.0,0.0,3.3435020446777344,0.6369781494140625,12.577314376831055,0.0,0.0,3.401212215423584,0.6097559928894043,10.037789762020111,0.0,0.0,3.7465438842773438,0.6851463317871094,13.045721054077148,0.0,0.0,3.665985107421875,0.6593284606933594,11.65937876701355,0.0,0.0,3.116326332092285,0.6271381378173828,9.9623441696167,0.0,0.0,3.996192455291748,0.7553424835205078,12.575207710266113,0.0,0.0,3.7155693769454956,0.7241573333740234,11.315731406211853,0.0,0.0,4.221780300140381,0.7244472503662109,13.362473964691162,0.0,0.0,4.299966812133789,0.7470130920410156,14.745980143547058,0.0,0.0,2.57950496673584,0.6657028198242188,9.642893314361572,0.0,0.0,3.6307497024536133,0.6266412734985352,12.407175779342651,0.0,0.0,4.365788459777832,0.7883187532424927,15.248956620693207,0.0,0.0,3.708132743835449,0.7086973190307617,14.278187274932861,0.0,0.0,3.3411720395088196,0.6896312832832336,11.732751190662384,0.0,0.0,3.251534163951874,0.7215811610221863,12.415116846561432,0.0,0.0,5.564082384109497,0.8351516723632812,20.199676871299744,0.061183929443359375,0.2740345001220703,4.551708221435547,0.7383089065551758,14.957162857055664,0.2871575355529785,1.3907485008239746,4.13433837890625,0.7166213989257812,13.474895477294922,0.23505783081054688,1.6936099529266357,5.614785015583038,0.8726720809936523,20.742158591747284,0.03552436828613281,0.03552436828613281,5.253828525543213,0.8894023895263672,17.786307096481323,0.147597074508667,0.147597074508667
104,grounded,36,0.587890625,10.735494196414948,0.940579354763031,28.381764471530914,0.030582964420318604,0.12427836656570435,10.664442300796509,0.9133408069610596,26.92792534828186,0.048297107219696045,0.08781188726425171,11.069567263126373,0.9047227501869202,27.47775250673294,0.026049137115478516,0.04272037744522095,4.716552734375,0.5483741760253906,9.40050983428955,0.0,0.0,4.60137939453125,0.5838546752929688,11.180728912353516,0.0,0.0,2.8035030364990234,0.47519493103027344,7.311967849731445,0.0,0.0,4.520791053771973,0.7349462509155273,11.560154914855957,0.0,0.0,4.1642746925354,0.511415958404541,9.703801155090332,0.0,0.0,4.392275810241699,0.5790081024169922,10.432004690170288,0.0,0.0,5.357765197753906,0.4970855712890625,11.902778625488281,0.0,0.0,5.524209976196289,0.5122165679931641,11.318662643432617,0.0,0.0,6.575870513916016,0.6751785278320312,13.875724792480469,0.0,0.0,5.971285343170166,0.5826554298400879,13.154696702957153,0.0,0.0,5.822230339050293,0.5919075012207031,12.25856876373291,0.0,0.0,6.905174255371094,0.6213188171386719,16.69678497314453,0.0,0.0,6.38773250579834,0.7592649459838867,14.597370147705078,0.0,0.0,7.355066299438477,0.7728805541992188,16.010025024414062,0.0,0.0,4.644859313964844,0.5669612884521484,10.575681328773499,0.0,0.0,7.001096725463867,0.651580810546875,15.77018928527832,0.0,0.0,6.781673431396484,0.619662880897522,13.892157196998596,0.0,0.0,5.013058662414551,0.6057500839233398,11.412049770355225,0.0,0.0,8.121577501296997,0.7810354232788086,15.752572298049927,0.0,0.0,7.651699066162109,0.7222557067871094,14.719215393066406,0.0,0.0,7.816933870315552,0.7975254058837891,16.119792222976685,0.0,0.0,7.373975396156311,0.7427949905395508,16.981627821922302,0.0,0.0,3.9700400829315186,0.6657028198242188,10.814471244812012,0.0,0.0,6.089070796966553,0.669776201248169,14.232835292816162,0.0,0.0,7.832883954048157,0.8012468814849854,17.911871016025543,0.0,0.0,6.36158561706543,0.7086973190307617,16.241393566131592,0.0,0.0,5.171426296234131,0.6699156761169434,13.254708051681519,0.0,0.0,4.731606483459473,0.6933146119117737,13.359482228755951,0.0,0.0,10.200742721557617,0.8326387405395508,23.66213083267212,0.061183929443359375,0.2740345001220703,8.182784080505371,0.7193679809570312,17.896047592163086,0.2871575355529785,1.4618577361106873,7.686042785644531,0.7222061157226562,16.379600524902344,0.23505783081054688,1.5892350673675537,10.313089907169342,0.851750373840332,24.16927921772003,0.032743215560913086,0.032743215560913086,9.95287823677063,0.8894023895263672,21.218624591827393,0.11284518241882324,0.1156623363494873
104,hallucinated,31,0.55859375,6.770678341388702,0.940579354763031,24.41694861650467,0.030582964420318604,0.07768762111663818,6.484162211418152,0.895006537437439,22.747645258903503,0.00706714391708374,0.026453256607055664,6.661863327026367,0.8780956268310547,23.070048570632935,0.026927947998046875,0.054485321044921875,2.766010284423828,0.44161224365234375,7.449967384338379,0.0,0.0,3.119874954223633,0.6041049957275391,9.699224472045898,0.0,0.0,2.285428524017334,0.5064501762390137,6.793893337249756,0.0,0.0,2.9604368209838867,0.7314453125,9.999800682067871,0.0,0.0,3.016537666320801,0.506561279296875,8.556064128875732,0.0,0.0,2.733429431915283,0.5185928344726562,8.773158311843872,0.0,0.0,2.812122344970703,0.4970855712890625,9.357135772705078,0.0,0.0,3.1478347778320312,0.4672355651855469,8.94228744506836,0.0,0.0,3.5614752769470215,0.5540351867675781,10.861329555511475,0.0,0.0,3.672456741333008,0.5555400848388672,10.855868101119995,0.0,0.0,3.6689071655273438,0.5745735168457031,10.105245590209961,0.0,0.0,3.783527374267578,0.5993614196777344,13.575138092041016,0.0,0.0,4.295855522155762,0.6323089599609375,12.5054931640625,0.0,0.0,4.660735130310059,0.7035942077636719,13.315693855285645,0.0,0.0,3.5353487730026245,0.6116350889205933,9.46617078781128,0.0,0.0,4.569095611572266,0.7073554992675781,13.338188171386719,0.0,0.0,4.40785026550293,0.6333236694335938,11.518334031105042,0.0,0.0,3.9134016036987305,0.6291303634643555,10.312392711639404,0.0,0.0,5.162840843200684,0.711639404296875,12.793835639953613,0.0,0.0,4.907342970371246,0.6693496704101562,11.974859297275543,0.0,0.0,5.1007062792778015,0.7450610995292664,13.403564631938934,0.0,0.0,5.039458870887756,0.7185713052749634,14.647111296653748,0.0,0.0,3.13998681306839,0.698620617389679,9.984417974948883,0.0,0.0,4.318830609321594,0.669776201248169,12.462595105171204,0.0,0.0,5.568064033985138,0.8122906684875488,15.647051095962524,0.0,0.0,4.434940814971924,0.7086973190307617,14.314748764038086,0.0,0.0,3.732033848762512,0.7100011110305786,11.8153156042099,0.0,0.0,3.8928171396255493,0.6933146119117737,12.520692884922028,0.0,0.0,6.384482145309448,0.8378677368164062,19.84587025642395,0.061183929443359375,0.2740345001220703,5.342571258544922,0.7849655151367188,15.055834770202637,0.2871575355529785,1.5018126964569092,4.851734161376953,0.7291374206542969,13.545291900634766,0.23505783081054688,1.6129114627838135,6.4271984696388245,0.8994852304458618,20.296658396720886,0.02897334098815918,0.02897334098815918,6.0689661502838135,0.8894023895263672,17.31642198562622,0.13767623901367188,0.13767623901367188
105,grounded,39,0.5478515625,8.24135148525238,0.9469596743583679,30.55704754590988,0.029352307319641113,0.1541731357574463,8.28918206691742,0.9089087247848511,29.422143518924713,0.03734558820724487,0.13129013776779175,8.519152998924255,0.904194712638855,30.04849201440811,0.026049137115478516,0.062090933322906494,2.787412643432617,0.4258251190185547,9.365163803100586,0.0,0.0,3.391338348388672,0.5900459289550781,11.991058349609375,0.0,0.0,2.013467788696289,0.44684791564941406,7.7281951904296875,0.0,0.0,3.0487117767333984,0.7268218994140625,11.8787841796875,0.0,0.0,2.5198612213134766,0.5529556274414062,9.790297985076904,0.0,0.0,3.5087194442749023,0.5972309112548828,11.500759840011597,0.0,0.0,3.9066896438598633,0.5233802795410156,13.042059421539307,0.0,0.0,3.7282676696777344,0.5041389465332031,11.758733749389648,0.0,0.0,4.992382049560547,0.6525359153747559,14.903256893157959,0.0,0.0,5.135089874267578,0.6036605834960938,14.870640516281128,0.0,0.0,4.151378631591797,0.5863990783691406,12.352180480957031,0.0,0.0,5.313549041748047,0.6857967376708984,18.528900146484375,0.0,0.0,4.639198303222656,0.7622718811035156,15.163778305053711,0.0,0.0,5.148871421813965,0.7999439239501953,16.916399002075195,0.0,0.0,4.068868637084961,0.6192207336425781,11.765651762485504,0.0,0.0,5.186187744140625,0.675445556640625,16.679232597351074,0.0,0.0,5.564919471740723,0.6534423828125,15.154592990875244,0.0,0.0,3.5054256916046143,0.6252555847167969,11.12676739692688,0.0,0.0,6.531315565109253,0.8234872817993164,16.259392499923706,0.04008913040161133,0.04008913040161133,5.742157936096191,0.6807918548583984,14.734509468078613,0.0,0.0,5.719471037387848,0.7443923950195312,16.616239607334137,0.0,0.0,5.686998605728149,0.7845227718353271,18.376251935958862,0.0,0.0,3.1553447246551514,0.6823127269744873,10.958555102348328,0.0,0.0,4.403171539306641,0.6719522476196289,14.798340082168579,0.0,0.0,5.894473135471344,0.7849631309509277,18.57450556755066,0.0,0.0,5.251408576965332,0.7087011337280273,18.291578769683838,0.0,0.0,4.213517665863037,0.6881966590881348,14.568669080734253,0.0,0.0,3.9320372939109802,0.7200559973716736,14.60840356349945,0.0,0.0,7.786621570587158,0.8228182792663574,25.189048528671265,0.06146049499511719,0.2733325958251953,6.3128662109375,0.731842041015625,18.490863800048828,0.2878708839416504,1.3983235359191895,5.934318542480469,0.73931884765625,16.967554092407227,0.2357635498046875,1.554093837738037,7.842643082141876,0.8753855228424072,26.07632553577423,0.04021930694580078,0.05507528781890869,7.554293155670166,0.8894023895263672,22.925293147563934,0.12660455703735352,0.1380448341369629
105,hallucinated,37,0.513671875,6.499057412147522,0.9403250813484192,28.814753472805023,0.029352307319641113,0.15227574110031128,6.515135884284973,0.9012409448623657,27.648097336292267,0.037431955337524414,0.14571315050125122,6.749518632888794,0.9017016291618347,28.27885764837265,0.026049137115478516,0.04328608512878418,2.690511703491211,0.4103431701660156,9.26826286315918,0.0,0.0,2.942920684814453,0.5773887634277344,11.542640686035156,0.0,0.0,1.754380226135254,0.4327850341796875,7.469107627868652,0.0,0.0,2.6941089630126953,0.7268218994140625,11.524181365966797,0.0,0.0,2.384794235229492,0.5172195434570312,9.65523099899292,0.0,0.0,2.8762454986572266,0.5931925773620605,10.868285894393921,0.0,0.0,3.1524219512939453,0.5642490386962891,12.287791728973389,0.0,0.0,3.2222328186035156,0.5038871765136719,11.25269889831543,0.0,0.0,4.138004302978516,0.6525359153747559,14.048879146575928,0.0,0.0,3.9985923767089844,0.6036605834960938,13.734143018722534,0.0,0.0,3.7686538696289062,0.60791015625,11.96945571899414,0.0,0.0,4.318365097045898,0.6795158386230469,17.533716201782227,0.0,0.0,3.9918432235717773,0.7486791610717773,14.516423225402832,0.0,0.0,4.944735527038574,0.8506097793579102,16.712263107299805,0.0,0.0,3.4786229133605957,0.6233615875244141,11.175406038761139,0.0,0.0,4.633230209350586,0.7181797027587891,16.126275062561035,0.0,0.0,4.780496597290039,0.6616992950439453,14.37017011642456,0.0,0.0,3.2392280101776123,0.6252555847167969,10.860569715499878,0.0,0.0,5.523885726928711,0.8234872817993164,15.251962661743164,0.0,0.0,4.952882885932922,0.6680450439453125,13.945234417915344,0.0,0.0,5.070449590682983,0.8052730560302734,15.967218160629272,0.0,0.0,4.7158002853393555,0.6673736572265625,17.40505361557007,0.0,0.0,2.835634231567383,0.7333478927612305,10.638844609260559,0.0,0.0,3.6396442651748657,0.6815978288650513,14.034812808036804,0.0,0.0,4.74305260181427,0.7954405546188354,17.423085033893585,0.0,0.0,4.103004455566406,0.7087011337280273,17.143174648284912,0.0,0.0,3.6246414184570312,0.6827211380004883,13.979792833328247,0.0,0.0,3.32984322309494,0.7254063487052917,14.00620949268341,0.0,0.0,6.325535893440247,0.8221778869628906,23.727962851524353,0.06146049499511719,0.2733325958251953,5.156794548034668,0.731842041015625,17.334792137145996,0.2878708839416504,1.408283770084381,4.7884979248046875,0.73931884765625,15.821733474731445,0.2357635498046875,1.5917530059814453,6.36331444978714,0.851750373840332,24.60115772485733,0.0082625150680542,0.0082625150680542,6.117156982421875,0.8894023895263672,21.498799741268158,0.13299798965454102,0.13299798965454102
106,grounded,40,0.59716796875,10.764195919036865,0.9451830983161926,31.531282365322113,0.026504456996917725,0.11802732944488525,10.740345299243927,0.9164248108863831,30.284353494644165,0.03931009769439697,0.15011245012283325,11.047864079475403,0.9014335870742798,30.848307967185974,0.03051626682281494,0.07609736919403076,4.283714294433594,0.42983245849609375,9.924726486206055,0.0,0.0,4.383827209472656,0.6190719604492188,12.083038330078125,0.0,0.0,2.6536951065063477,0.46022510528564453,7.672337532043457,0.0,0.0,4.395353317260742,0.733642578125,12.704978942871094,0.0,0.0,4.336718320846558,0.531862735748291,10.826810121536255,0.0,0.0,4.305300712585449,0.5474319458007812,11.55191683769226,0.0,0.0,5.229787826538086,0.469207763671875,13.163801193237305,0.0,0.0,5.500521659851074,0.6164846420288086,12.579401969909668,0.0,0.0,6.7024078369140625,0.6883831024169922,15.555431365966797,0.0,0.0,6.345338821411133,0.605499267578125,14.922652959823608,0.0,0.0,5.327592849731445,0.5285263061523438,12.94685173034668,0.0,0.0,7.061426162719727,0.6526527404785156,18.672542572021484,0.0,0.0,6.057579040527344,0.6878623962402344,15.716398239135742,0.0,0.0,7.020902633666992,0.7706203460693359,16.927335739135742,0.0,0.0,4.978323459625244,0.5891251564025879,11.98880022764206,0.0,0.0,7.3829193115234375,0.7074050903320312,17.690553665161133,0.0,0.0,7.308343887329102,0.6909275054931641,15.689401865005493,0.0,0.0,4.935829162597656,0.6231930255889893,11.900330781936646,0.0,0.0,9.456021785736084,0.8242950439453125,17.898396253585815,0.0,0.0,8.21973180770874,0.746424674987793,16.050345420837402,0.0,0.0,8.395410537719727,0.8042778968811035,18.29745864868164,0.0,0.0,7.4129719734191895,0.7582998275756836,18.848220586776733,0.0,0.0,3.622349739074707,0.6659126281738281,10.6748948097229,0.0,0.0,6.075019359588623,0.6238834857940674,15.568665504455566,0.0,0.0,8.049938023090363,0.7643418312072754,19.503730535507202,0.0,0.0,6.355644226074219,0.7087011337280273,18.09176778793335,0.0,0.0,6.238499760627747,0.679456353187561,15.43050992488861,0.0,0.0,5.580960333347321,0.7411998510360718,15.548738658428192,0.0,0.0,10.317397594451904,0.8262577056884766,26.25866335630417,0.06146049499511719,0.2733325958251953,8.729991912841797,0.7477455139160156,20.010088205337524,0.2878708839416504,1.4886390566825867,8.245922088623047,0.7362823486328125,18.40501594543457,0.2357635498046875,1.8532142639160156,10.472713887691498,0.8697090148925781,27.150663137435913,0.010578155517578125,0.018487930297851562,9.958112716674805,0.8894023895263672,23.848763942718506,0.053301334381103516,0.05697190761566162
106,hallucinated,36,0.5556640625,7.347154498100281,0.9413827061653137,28.11424094438553,0.025510549545288086,0.12721598148345947,7.359178900718689,0.9004714488983154,26.903187096118927,0.040323615074157715,0.17983293533325195,7.632588148117065,0.8940026760101318,27.433032035827637,0.026784539222717285,0.058474063873291016,2.863070487976074,0.41587257385253906,8.503968238830566,0.0,0.0,3.4312210083007812,0.57171630859375,11.130516052246094,0.0,0.0,2.520787239074707,0.4668865203857422,7.539629936218262,0.0,0.0,3.5294246673583984,0.7335910797119141,11.838663101196289,0.0,0.0,2.9412269592285156,0.5581512451171875,9.431861400604248,0.0,0.0,2.964644432067871,0.5065402984619141,10.210677862167358,0.0,0.0,3.4244537353515625,0.5177154541015625,11.358421325683594,0.0,0.0,4.024658203125,0.5097579956054688,11.103164672851562,0.0,0.0,4.199404239654541,0.5738410949707031,13.051626682281494,0.0,0.0,4.46982479095459,0.6241188049316406,13.046896696090698,0.0,0.0,3.9064979553222656,0.4888458251953125,11.525703430175781,0.0,0.0,4.536102294921875,0.6583023071289062,16.14733123779297,0.0,0.0,4.532358169555664,0.6471900939941406,14.191205978393555,0.0,0.0,5.173213958740234,0.7079582214355469,15.079647064208984,0.0,0.0,4.3077216148376465,0.6202597618103027,11.320097804069519,0.0,0.0,5.224302291870117,0.7453823089599609,15.527950286865234,0.0,0.0,5.35062313079834,0.6552619934082031,13.732415437698364,0.0,0.0,4.5306549072265625,0.6393604278564453,11.494824886322021,0.0,0.0,5.732067584991455,0.7689828872680664,14.173264026641846,0.0,0.0,5.758378386497498,0.7417764663696289,13.589628100395203,0.0,0.0,6.3260732889175415,0.8447799682617188,16.23047697544098,0.0,0.0,5.532441854476929,0.7555103302001953,16.965930461883545,0.0,0.0,2.7041664123535156,0.6657028198242188,9.754975318908691,0.0,0.0,4.1513893604278564,0.6236931085586548,13.646624684333801,0.0,0.0,5.805338025093079,0.765023410320282,17.26241499185562,0.0,0.0,4.991432428359985,0.7086973190307617,16.729778051376343,0.0,0.0,4.516913652420044,0.6554110050201416,13.708979606628418,0.0,0.0,4.162883102893829,0.7627964615821838,14.131862461566925,0.0,0.0,7.275216639041901,0.8693447113037109,23.219986379146576,0.061183929443359375,0.2740345001220703,5.958074569702148,0.7440948486328125,17.240199089050293,0.2871575355529785,1.4758794903755188,5.3864288330078125,0.74072265625,15.55447006225586,0.23505783081054688,1.7507274150848389,7.132252216339111,0.851750373840332,23.782758116722107,0.017475605010986328,0.03439760208129883,6.775546073913574,0.8894023895263672,20.597851991653442,0.11529791355133057,0.13113653659820557
107,grounded,30,0.5556640625,5.723874032497406,0.9362870454788208,23.259265661239624,0.03310149908065796,0.11957800388336182,5.694515228271484,0.8938298225402832,21.89088898897171,0.02759265899658203,0.06774508953094482,5.841320514678955,0.8866877555847168,22.206334948539734,0.026049137115478516,0.050663113594055176,2.1618881225585938,0.4352264404296875,7.049350738525391,0.0,0.0,2.488056182861328,0.5816802978515625,9.136665344238281,0.0,0.0,1.7924690246582031,0.4423866271972656,6.435083389282227,0.0,0.0,2.4360599517822266,0.7084617614746094,9.595333099365234,0.0,0.0,2.03538179397583,0.5318489074707031,7.693537473678589,0.0,0.0,2.306398391723633,0.5794162750244141,8.451503038406372,0.0,0.0,2.7341346740722656,0.47747802734375,9.248329162597656,0.0,0.0,2.7093067169189453,0.48636627197265625,8.670076370239258,0.0,0.0,3.138347625732422,0.5970230102539062,10.385059356689453,0.0,0.0,3.1667098999023438,0.5264053344726562,10.164474725723267,0.0,0.0,2.9208126068115234,0.5505218505859375,9.412063598632812,0.0,0.0,3.5904674530029297,0.625640869140625,13.56590461730957,0.0,0.0,3.0848388671875,0.7149124145507812,11.329130172729492,0.0,0.0,3.1563262939453125,0.63494873046875,12.048659324645996,0.0,0.0,2.800340414047241,0.5686585903167725,8.794189393520355,0.0,0.0,3.2713489532470703,0.6049785614013672,11.726490020751953,0.0,0.0,3.4986000061035156,0.6240097284317017,10.60233747959137,0.0,0.0,3.0232417583465576,0.6412456035614014,9.380370855331421,0.0,0.0,4.386917591094971,0.7803459167480469,12.108684062957764,0.0,0.0,4.001706957817078,0.7401566505432129,10.766231894493103,0.0,0.0,3.4778754711151123,0.6932106018066406,11.44831919670105,0.0,0.0,3.719266653060913,0.7070567607879639,13.02440893650055,0.0,0.0,2.165472388267517,0.6897120475769043,8.883621573448181,0.0,0.0,2.9515888690948486,0.7235809564590454,11.13602602481842,0.0,0.0,4.3391284346580505,0.779019832611084,14.466282963752747,0.0,0.0,3.680501937866211,0.7086973190307617,13.56441068649292,0.0,0.0,2.8280029892921448,0.6548654437065125,10.92552763223648,0.0,0.0,2.7728285789489746,0.7365422248840332,11.319341361522675,0.0,0.0,5.35415518283844,0.8258329629898071,18.659177899360657,0.061183929443359375,0.2972831726074219,4.270417213439941,0.7163629531860352,13.565680980682373,0.2871575355529785,1.4677979350090027,3.7789268493652344,0.6499729156494141,12.306943893432617,0.24399948120117188,1.7774657011032104,5.373909950256348,0.851750373840332,19.197233021259308,0.014255523681640625,0.020264863967895508,5.053748846054077,0.8894023895263672,16.291481256484985,0.141143798828125,0.14271116256713867
107,hallucinated,29,0.52783203125,4.940055549144745,0.9362870454788208,22.475447177886963,0.02507603168487549,0.10695689916610718,4.879734039306641,0.8871357440948486,21.076107800006866,0.03401464223861694,0.07353484630584717,4.974123477935791,0.8700733184814453,21.33913791179657,0.026049137115478516,0.03375732898712158,1.937896728515625,0.4344024658203125,6.825359344482422,0.0,0.0,2.2794036865234375,0.5944900512695312,8.92801284790039,0.0,0.0,1.6726903915405273,0.46521663665771484,6.315304756164551,0.0,0.0,2.3368911743164062,0.7252960205078125,9.496164321899414,0.0,0.0,1.9680280685424805,0.5209846496582031,7.626183748245239,0.0,0.0,2.223055839538574,0.6070528030395508,8.368160486221313,0.0,0.0,2.1823654174804688,0.47747802734375,8.69655990600586,0.0,0.0,2.3784408569335938,0.48636627197265625,8.339210510253906,0.0,0.0,2.6421775817871094,0.5640640258789062,9.88888931274414,0.0,0.0,2.774928092956543,0.5269460678100586,9.772692918777466,0.0,0.0,2.71142578125,0.5859851837158203,9.202676773071289,0.0,0.0,3.1153202056884766,0.625640869140625,13.090757369995117,0.0,0.0,2.8557472229003906,0.7692985534667969,11.100038528442383,0.0,0.0,2.8869171142578125,0.638092041015625,11.779250144958496,0.0,0.0,2.4841561317443848,0.583528995513916,8.478005111217499,0.0,0.0,3.0127906799316406,0.6244697570800781,11.467931747436523,0.0,0.0,3.0599632263183594,0.6240097284317017,10.163700699806213,0.0,0.0,2.765296697616577,0.6482961177825928,9.12242579460144,0.0,0.0,4.113006591796875,0.7734551429748535,11.834773063659668,0.0,0.0,3.890541732311249,0.715484619140625,10.655066668987274,0.0,0.0,3.2021809816360474,0.7596417665481567,11.172624707221985,0.0,0.0,3.3525590896606445,0.7280845642089844,12.65770137310028,0.0,0.0,2.094699203968048,0.7942762970924377,8.812848389148712,0.0,0.0,2.8166159987449646,0.736909806728363,11.001053154468536,0.0,0.0,3.945844292640686,0.8560148477554321,14.072998821735382,0.0,0.0,3.282398223876953,0.7086973190307617,13.166306972503662,0.0,0.0,2.4213645458221436,0.6720025539398193,10.51888918876648,0.0,0.0,2.432680666446686,0.748871386051178,10.979193449020386,0.0,0.0,4.575265645980835,0.8452489376068115,17.88028836250305,0.061183929443359375,0.2972831726074219,3.7334651947021484,0.7163629531860352,13.02872896194458,0.2871575355529785,1.505776822566986,3.253978729248047,0.6499729156494141,11.78199577331543,0.24399948120117188,1.8145397901535034,4.591573417186737,0.851750373840332,18.433074176311493,0.0,0.0,4.295469522476196,0.8894023895263672,15.56059181690216,0.12661290168762207,0.15110373497009277
108,grounded,38,0.60595703125,11.486219465732574,0.9482648968696594,29.80928486585617,0.036824047565460205,0.11907923221588135,11.393243312835693,0.9110629558563232,28.408646404743195,0.02267676591873169,0.0611308217048645,11.753105163574219,0.9132339954376221,28.957341492176056,0.026049137115478516,0.05964118242263794,4.153684616088867,0.4488945007324219,9.044387817382812,0.0,0.0,4.644571304321289,0.5919151306152344,11.486257553100586,0.0,0.0,2.931734085083008,0.4512042999267578,7.6248626708984375,0.0,0.0,4.2621002197265625,0.7164974212646484,11.427343368530273,0.0,0.0,4.52555513381958,0.656646728515625,10.292686223983765,0.0,0.0,4.896900653839111,0.6566672325134277,11.412113904953003,0.0,0.0,5.663616180419922,0.50933837890625,12.541824340820312,0.0,0.0,5.75495719909668,0.5780849456787109,11.97990608215332,0.0,0.0,6.782447814941406,0.6586017608642578,14.400230407714844,0.0,0.0,6.535219192504883,0.5909461975097656,13.92760682106018,0.0,0.0,5.631900787353516,0.5631103515625,12.303354263305664,0.0,0.0,7.615146636962891,0.6377639770507812,17.9012393951416,0.0,0.0,6.8248724937438965,0.7330069541931152,15.394612789154053,0.0,0.0,7.754632949829102,0.8320865631103516,16.86282730102539,0.0,0.0,5.479645490646362,0.6709153652191162,11.638003051280975,0.0,0.0,7.623136520385742,0.668304443359375,16.473958015441895,0.0,0.0,7.609506607055664,0.6542606353759766,15.097192764282227,0.0,0.0,4.899561882019043,0.633173942565918,11.315075635910034,0.0,0.0,8.760015964508057,0.7779273986816406,16.762338161468506,0.0,0.0,8.044692754745483,0.7093658447265625,15.271484613418579,0.0,0.0,8.724640130996704,0.7091140747070312,17.34639000892639,0.0,0.0,8.145140886306763,0.7271347045898438,18.09706699848175,0.0,0.0,4.3675079345703125,0.6906354427337646,11.408092021942139,0.0,0.0,6.965174674987793,0.6646234393119812,15.381910741329193,0.0,0.0,8.035290002822876,0.8036770820617676,18.446874916553497,0.0,0.0,6.787876129150391,0.7087011337280273,16.898425579071045,0.0,0.0,6.307830333709717,0.6921937465667725,14.419774770736694,0.0,0.0,5.606550216674805,0.7652668952941895,14.537637650966644,0.0,0.0,10.932539463043213,0.8222141265869141,24.814050436019897,0.06146049499511719,0.2733325958251953,8.91727352142334,0.7375621795654297,18.858176231384277,0.2859973907470703,1.3642510771751404,8.580013275146484,0.7118148803710938,17.643428802490234,0.2357635498046875,1.6697273254394531,10.93994027376175,0.8801009058952332,25.500406742095947,0.04541420936584473,0.07659220695495605,10.67603874206543,0.8894023895263672,22.58276653289795,0.12728643417358398,0.1855025291442871
108,hallucinated,30,0.52490234375,4.982559621334076,0.9402874708175659,23.305625021457672,0.036824047565460205,0.10102838277816772,4.864516615867615,0.8962849378585815,21.879919707775116,0.03525590896606445,0.06692135334014893,4.960895538330078,0.8691878914833069,22.165131866931915,0.026049137115478516,0.03010106086730957,1.9391250610351562,0.42386627197265625,6.829828262329102,0.0,0.0,2.1211395263671875,0.5864028930664062,8.96285629272461,0.0,0.0,1.4682197570800781,0.4544410705566406,6.160821914672852,0.0,0.0,2.1623973846435547,0.7110500335693359,9.328384399414062,0.0,0.0,1.8365478515625,0.48352813720703125,7.603234767913818,0.0,0.0,2.238119125366211,0.601099967956543,8.753616094589233,0.0,0.0,2.380401611328125,0.4627227783203125,9.257848739624023,0.0,0.0,2.5445079803466797,0.5119209289550781,8.768659591674805,0.0,0.0,2.83172607421875,0.6218795776367188,10.4495849609375,0.0,0.0,2.917064666748047,0.55413818359375,10.30946946144104,0.0,0.0,2.6759567260742188,0.5636062622070312,9.346458435058594,0.0,0.0,2.9699783325195312,0.6260871887207031,13.25607681274414,0.0,0.0,2.891481399536133,0.6952075958251953,11.462610244750977,0.0,0.0,3.1088104248046875,0.6630325317382812,12.218293190002441,0.0,0.0,2.455237865447998,0.5527834892272949,8.615577161312103,0.0,0.0,3.245767593383789,0.6472911834716797,12.094653129577637,0.0,0.0,3.2020530700683594,0.6353772878646851,10.68991506099701,0.0,0.0,2.74932861328125,0.6243820190429688,9.162286520004272,0.0,0.0,4.0883283615112305,0.8246655464172363,12.089644432067871,0.0,0.0,4.066181719303131,0.7942633628845215,11.294886648654938,0.0,0.0,3.5768284797668457,0.7398290634155273,12.195356845855713,0.0,0.0,3.344529151916504,0.7601490020751953,13.29446017742157,0.0,0.0,2.3150328397750854,0.7228689193725586,9.353012919425964,0.0,0.0,3.1040945053100586,0.7038383483886719,11.521979749202728,0.0,0.0,4.102200388908386,0.8378612995147705,14.515274941921234,0.0,0.0,3.6065101623535156,0.7086973190307617,13.720313549041748,0.0,0.0,2.8781849145889282,0.7062307596206665,10.988638520240784,0.0,0.0,2.884810447692871,0.731165885925293,11.817364037036896,0.0,0.0,4.704404830932617,0.8509807586669922,18.589821934700012,0.061183929443359375,0.2740345001220703,3.976757049560547,0.7375307083129883,13.907501459121704,0.28650355339050293,1.377797782421112,3.5895652770996094,0.7723388671875,12.65981674194336,0.23505783081054688,1.741666316986084,4.77451878786087,0.851750373840332,19.37890088558197,0.009456276893615723,0.009456276893615723,4.304837703704834,0.8894023895263672,16.206607580184937,0.14414215087890625,0.1525592803955078
109,grounded,32,0.491943359375,4.990245461463928,0.9381064772605896,25.118731260299683,0.02253037691116333,0.03780937194824219,4.954315900802612,0.9034262895584106,23.591262698173523,0.03888678550720215,0.10857886075973511,4.9726622104644775,0.8947038650512695,23.92930233478546,0.026049137115478516,0.03121739625930786,2.0499134063720703,0.4105510711669922,7.600849151611328,0.0,0.0,2.1729202270507812,0.602386474609375,9.552928924560547,0.0,0.0,1.6056976318359375,0.4690093994140625,6.471988677978516,0.0,0.0,2.229053497314453,0.7227687835693359,10.072866439819336,0.0,0.0,2.099616050720215,0.4947671890258789,8.445242166519165,0.0,0.0,2.0287933349609375,0.47176456451416016,9.066641092300415,0.0,0.0,2.0533790588378906,0.4955902099609375,9.665657043457031,0.0,0.0,2.5497703552246094,0.5455474853515625,9.278947830200195,0.0,0.0,3.0524444580078125,0.6051483154296875,11.677865982055664,0.0,0.0,3.1722030639648438,0.61566162109375,11.898388385772705,0.0,0.0,2.6189842224121094,0.5737457275390625,9.93950080871582,0.0,0.0,3.159627914428711,0.6580810546875,14.626428604125977,0.0,0.0,2.991525650024414,0.6512718200683594,12.628064155578613,0.0,0.0,3.5141029357910156,0.7239418029785156,13.721314430236816,0.0,0.0,2.4045138359069824,0.5586581230163574,9.378945708274841,0.0,0.0,3.465791702270508,0.7349777221679688,13.93846607208252,0.0,0.0,3.3482322692871094,0.6280592679977417,11.56653106212616,0.0,0.0,2.7668004035949707,0.640347957611084,9.97716999053955,0.0,0.0,4.298170566558838,0.8172421455383301,13.379419326782227,0.0,0.0,3.996440291404724,0.7894172668457031,11.884606719017029,0.0,0.0,3.9829797744750977,0.7451095581054688,13.469767570495605,0.0,0.0,3.937913179397583,0.742952823638916,14.874354422092438,0.0,0.0,2.4438948035240173,0.6722041964530945,9.8303764462471,0.0,0.0,3.5286348462104797,0.7059839367866516,13.080558121204376,0.0,0.0,3.7960078716278076,0.7727731466293335,15.04371041059494,0.0,0.0,2.9943389892578125,0.7086973190307617,14.228114604949951,0.0,0.0,2.9813435673713684,0.6537654399871826,12.002337992191315,0.0,0.0,2.5262973308563232,0.7106750011444092,12.003069162368774,0.0,0.0,4.799289703369141,0.8132209777832031,20.066262423992157,0.061183929443359375,0.2740345001220703,3.780527114868164,0.7146158218383789,14.397903442382812,0.2871575355529785,1.4062983989715576,3.4947586059570312,0.7185211181640625,13.088249206542969,0.23505783081054688,1.477211594581604,4.556778430938721,0.851750373840332,20.275235772132874,0.03374481201171875,0.03459024429321289,4.236488103866577,0.8894023895263672,17.454554557800293,0.12775945663452148,0.1414933204650879
109,hallucinated,36,0.58642578125,8.376044690608978,0.9384865760803223,28.504530489444733,0.026559114456176758,0.07700395584106445,8.177452683448792,0.9037508964538574,26.814399480819702,0.0303037166595459,0.12615305185317993,8.449703812599182,0.9005299806594849,27.406343936920166,0.026049137115478516,0.04672485589981079,3.4839115142822266,0.4314117431640625,9.034847259521484,0.0,0.0,3.9652137756347656,0.5691757202148438,11.345222473144531,0.0,0.0,2.890115737915039,0.4768657684326172,7.756406784057617,0.0,0.0,3.63877010345459,0.7227687835693359,11.482583045959473,0.0,0.0,4.008365631103516,0.5222396850585938,10.353991746902466,0.0,0.0,3.5059776306152344,0.4838438034057617,10.543825387954712,0.0,0.0,3.567058563232422,0.4955902099609375,11.179336547851562,0.0,0.0,4.096342086791992,0.5089912414550781,10.825519561767578,0.0,0.0,5.04967474937439,0.6051483154296875,13.675096273422241,0.0,0.0,4.900180816650391,0.5938034057617188,13.626366138458252,0.0,0.0,4.458683013916016,0.5536460876464844,11.779199600219727,0.0,0.0,5.3739166259765625,0.69671630859375,16.840717315673828,0.0,0.0,5.44366317987442,0.6783302426338196,15.08020168542862,0.0,0.0,6.136087417602539,0.8142623901367188,16.34329891204834,0.0,0.0,4.7342071533203125,0.6196098327636719,11.708639025688171,0.0,0.0,6.095092296600342,0.7220535278320312,16.567766666412354,0.0,0.0,5.755805969238281,0.679779052734375,13.974104762077332,0.0,0.0,5.627512454986572,0.6648063659667969,12.837882041931152,0.0,0.0,6.776317596435547,0.8172421455383301,15.857566356658936,0.0,0.0,6.240887999534607,0.7993316650390625,14.129054427146912,0.0,0.0,6.304563999176025,0.7604246139526367,15.791351795196533,0.0,0.0,6.827369213104248,0.7606039047241211,17.763810455799103,0.0,0.0,3.663683831691742,0.6730419993400574,11.050165474414825,0.0,0.0,5.880017578601837,0.6895618438720703,15.431940853595734,0.0,0.0,6.360790491104126,0.7820396423339844,17.60849303007126,0.005980372428894043,0.005980372428894043,5.16031289100647,0.7086973190307617,16.39408850669861,0.0,0.0,5.196710824966431,0.72389817237854,14.217705249786377,0.0,0.0,4.312661528587341,0.7161916494369507,13.789433360099792,0.0,0.0,7.758135080337524,0.8129215240478516,23.02510780096054,0.061183929443359375,0.2740345001220703,6.467833518981934,0.7314529418945312,17.085209846496582,0.2871575355529785,1.4307035207748413,5.996158599853516,0.6777877807617188,15.589649200439453,0.23505783081054688,1.4738255739212036,7.793285131454468,0.851750373840332,23.511127412319183,0.04755401611328125,0.08430862426757812,7.398975729942322,0.8894023895263672,20.592320322990417,0.12442922592163086,0.1384437084197998
110,grounded,35,0.501953125,4.999903738498688,0.9380819201469421,27.321578443050385,0.021490752696990967,0.08152985572814941,4.983503520488739,0.9068788886070251,25.961790144443512,0.04451489448547363,0.1391756534576416,4.999362945556641,0.8980851173400879,26.582129657268524,0.026049137115478516,0.03302478790283203,2.0366077423095703,0.39981842041015625,8.190200805664062,0.0,0.0,2.2011680603027344,0.6027717590332031,10.31307601928711,0.0,0.0,1.6739091873168945,0.46213245391845703,7.028214454650879,0.0,0.0,2.230926513671875,0.7257804870605469,10.852884292602539,0.0,0.0,2.115886688232422,0.493377685546875,8.99471640586853,0.0,0.0,2.1488733291625977,0.49335479736328125,10.04519009590149,0.0,0.0,2.1333045959472656,0.5111846923828125,11.284603118896484,0.0,0.0,2.602476119995117,0.5488643646240234,10.383752822875977,0.0,0.0,2.8932571411132812,0.5849800109863281,12.297953605651855,0.0,0.0,3.0873756408691406,0.5873489379882812,12.615864515304565,0.0,0.0,2.67559814453125,0.592498779296875,10.693031311035156,0.0,0.0,3.0601320266723633,0.6168041229248047,15.593245506286621,0.0,0.0,2.98126220703125,0.6566181182861328,13.362693786621094,0.0,0.0,3.1556472778320312,0.7251167297363281,14.291465759277344,0.0,0.0,2.636234760284424,0.5822110176086426,10.181703090667725,0.0,0.0,3.4219303131103516,0.7238044738769531,14.955055236816406,0.0,0.0,3.315633773803711,0.6103696823120117,12.18604850769043,0.0,0.0,2.8298392295837402,0.6172971725463867,10.27610158920288,0.0,0.0,4.115115642547607,0.7660317420959473,12.810579776763916,0.0,0.0,4.181629419326782,0.813544750213623,12.615627527236938,0.0,0.0,4.00393009185791,0.759211540222168,14.55114459991455,0.0,0.0,3.775533676147461,0.7019472122192383,16.088334143161774,0.0,0.0,2.4093728065490723,0.6657028198242188,9.957061290740967,0.0,0.0,3.4375600814819336,0.7068624496459961,13.713069796562195,0.0,0.0,4.207239806652069,0.7718151211738586,16.248151242733,0.0,0.0,2.9822254180908203,0.7086973190307617,15.123185634613037,0.0,0.0,3.054101526737213,0.6844192147254944,12.288927614688873,0.0,0.0,2.671277105808258,0.710780918598175,13.056262135505676,0.0,0.0,4.836405992507935,0.8274624347686768,21.70653921365738,0.061183929443359375,0.2740345001220703,3.878739356994629,0.6995201110839844,15.26964282989502,0.2871575355529785,1.3112574219703674,3.3947792053222656,0.687255859375,13.450450897216797,0.23505783081054688,1.4873883724212646,4.684611916542053,0.851750373840332,22.85929298400879,0.01937580108642578,0.040662169456481934,4.335210800170898,0.8894023895263672,19.6360867023468,0.14003396034240723,0.14003396034240723
110,hallucinated,39,0.5625,8.152005016803741,0.9405469298362732,30.47367972135544,0.02556312084197998,0.11902457475662231,8.128055691719055,0.9074956178665161,29.106342315673828,0.04451489448547363,0.1521003246307373,8.59617805480957,0.904261589050293,30.17898005247116,0.026049137115478516,0.03816366195678711,3.355714797973633,0.43228721618652344,9.509422302246094,0.0,0.0,3.7130966186523438,0.5709419250488281,11.824310302734375,0.0,0.0,2.793389320373535,0.48380184173583984,8.147578239440918,0.0,0.0,3.5081710815429688,0.72589111328125,12.129915237426758,0.0,0.0,3.223245620727539,0.4869213104248047,10.101843357086182,0.0,0.0,3.366604804992676,0.5140209197998047,11.262834787368774,0.0,0.0,3.82147216796875,0.5114212036132812,12.97309684753418,0.0,0.0,4.375378608703613,0.5197219848632812,12.156891822814941,0.0,0.0,4.906158447265625,0.566680908203125,14.310873031616211,0.0,0.0,4.9306640625,0.6028900146484375,14.458494901657104,0.0,0.0,4.325042724609375,0.5386199951171875,12.342025756835938,0.0,0.0,5.533367156982422,0.6628494262695312,18.06698989868164,0.0,0.0,5.383703231811523,0.6751136779785156,15.765030860900879,0.0,0.0,6.082795143127441,0.7597713470458984,17.221195220947266,0.0,0.0,4.5558812618255615,0.6348912715911865,12.100644767284393,0.0,0.0,6.206830024719238,0.7343988418579102,17.745715141296387,0.0,0.0,5.470249176025391,0.6333274841308594,14.343807220458984,0.0,0.0,5.052095413208008,0.6452484130859375,12.498443603515625,0.0,0.0,5.86636209487915,0.7816457748413086,14.561369895935059,0.0,0.0,6.012946128845215,0.7046413421630859,14.445513725280762,0.0,0.0,6.6341001987457275,0.7480442523956299,17.180721521377563,0.0,0.0,6.245698928833008,0.7409095764160156,18.56173038482666,0.0,0.0,3.469245672225952,0.6809718608856201,11.017893552780151,0.0,0.0,5.516701698303223,0.670318067073822,15.789300620555878,0.0,0.0,6.81183934211731,0.8060270547866821,18.8497377038002,0.0,0.0,5.706104278564453,0.7087011337280273,17.845590114593506,0.0,0.0,4.986320614814758,0.703166127204895,14.22140896320343,0.0,0.0,4.284032702445984,0.744867205619812,14.667225122451782,0.0,0.0,7.703995108604431,0.8170307874679565,24.569789946079254,0.06146049499511719,0.2733325958251953,6.183337211608887,0.69464111328125,17.5667667388916,0.2878708839416504,1.3183621764183044,5.53765869140625,0.6620330810546875,15.584207534790039,0.2357635498046875,1.4787886142730713,7.876943945884705,0.851750373840332,26.036997079849243,0.08466839790344238,0.13909035921096802,7.605471849441528,0.8894023895263672,22.931410312652588,0.12323582172393799,0.17930328845977783
111,grounded,35,0.5712890625,4.990296244621277,0.9407380223274231,27.082925975322723,0.027295947074890137,0.0679890513420105,4.921536087989807,0.9069066047668457,26.095084488391876,0.03559255599975586,0.10611188411712646,4.9693498611450195,0.8996522426605225,26.49028992652893,0.026049137115478516,0.032771408557891846,2.0289344787597656,0.4461212158203125,8.470657348632812,0.0,0.0,2.224763870239258,0.6100254058837891,10.716562271118164,0.0,0.0,1.505401611328125,0.46755218505859375,6.867147445678711,0.0,0.0,2.257068634033203,0.7205638885498047,11.067062377929688,0.0,0.0,1.9577150344848633,0.5225601196289062,8.978994131088257,0.0,0.0,2.052218437194824,0.6164054870605469,10.136560678482056,0.0,0.0,2.2392139434814453,0.4868297576904297,11.19040298461914,0.0,0.0,2.430206298828125,0.517303466796875,10.253602981567383,0.0,0.0,2.681499481201172,0.5414314270019531,11.98843765258789,0.0,0.0,2.691600799560547,0.576904296875,11.95120120048523,0.0,0.0,2.416534423828125,0.52630615234375,10.817344665527344,0.0,0.0,3.0922813415527344,0.6538658142089844,15.784236907958984,0.0,0.0,2.6799392700195312,0.6672821044921875,13.069778442382812,0.0,0.0,2.9401702880859375,0.6699447631835938,14.099611282348633,0.0,0.0,2.0677857398986816,0.5599579811096191,9.908047199249268,0.0,0.0,3.005014419555664,0.5908699035644531,14.273502349853516,0.0,0.0,3.240478515625,0.6118087768554688,12.500001311302185,0.0,0.0,2.245494842529297,0.6233015060424805,10.02718448638916,0.0,0.0,3.3184027671813965,0.7207927703857422,12.139574527740479,0.0,0.0,2.4932048320770264,0.6073710918426514,10.422481775283813,0.0,0.0,3.3386306762695312,0.6543140411376953,13.965324401855469,0.0,0.0,3.276201009750366,0.6659660339355469,15.740625500679016,0.0,0.0,2.1502031087875366,0.6657028198242188,10.114198088645935,0.0,0.0,2.900104343891144,0.7149427533149719,13.301690518856049,0.0,0.0,3.34070485830307,0.7645480036735535,15.359065115451813,0.0,0.0,2.740506172180176,0.7086973190307617,15.418432712554932,0.0,0.0,2.574064254760742,0.7061681747436523,12.108424067497253,0.0,0.0,2.5620992183685303,0.687697172164917,13.121883988380432,0.0,0.0,4.6380428075790405,0.8241962194442749,21.816382110118866,0.061183929443359375,0.2740345001220703,3.7258615493774414,0.7181110382080078,15.710275650024414,0.2871575355529785,1.3235817551612854,3.4688987731933594,0.7302436828613281,13.826234817504883,0.23505783081054688,1.526292085647583,4.519886910915375,0.851750373840332,22.508166193962097,0.018355369567871094,0.027503609657287598,4.260004758834839,0.8894023895263672,19.57201987504959,0.12758314609527588,0.16431760787963867
111,hallucinated,41,0.65673828125,9.795433461666107,0.9448501467704773,31.888063192367554,0.02357661724090576,0.0735519528388977,10.014748811721802,0.9119138717651367,31.188320100307465,0.035588741302490234,0.14381003379821777,10.221961081027985,0.9085192084312439,31.74256330728531,0.026049137115478516,0.0536576509475708,4.082212448120117,0.44635009765625,10.524391174316406,0.0,0.0,4.7618560791015625,0.5592498779296875,13.253662109375,0.0,0.0,3.725496292114258,0.4839344024658203,9.087390899658203,0.0,0.0,4.354489803314209,0.7203807830810547,13.16471242904663,0.0,0.0,3.891139507293701,0.5401763916015625,10.912678003311157,0.0,0.0,3.740968704223633,0.47652244567871094,11.8260338306427,0.0,0.0,4.284141540527344,0.48677635192871094,13.23478889465332,0.0,0.0,4.5807037353515625,0.498779296875,12.403748512268066,0.0,0.0,4.933948516845703,0.49474334716796875,14.239295959472656,0.0,0.0,4.987895965576172,0.6031475067138672,14.247864484786987,0.0,0.0,4.417793273925781,0.47857666015625,12.818656921386719,0.0,0.0,5.6136016845703125,0.5894699096679688,18.30599594116211,0.0,0.0,5.550996780395508,0.6512947082519531,15.940531730651855,0.0,0.0,6.1435747146606445,0.64813232421875,17.30334186553955,0.0,0.0,5.753784656524658,0.6405558586120605,13.592339992523193,0.0,0.0,6.19815731048584,0.6606178283691406,17.467602729797363,0.0,0.0,6.353822708129883,0.62237548828125,15.617795705795288,0.0,0.0,5.348654270172119,0.6231727600097656,13.130740880966187,0.0,0.0,5.530375957489014,0.7205362319946289,14.350831985473633,0.0,0.0,4.778325200080872,0.5993319749832153,12.70500099658966,0.0,0.0,6.795746207237244,0.7478154897689819,17.424517035484314,0.0,0.0,6.807072162628174,0.7560939788818359,19.273247122764587,0.0,0.0,4.737999737262726,0.6659126281738281,12.701896488666534,0.0,0.0,6.061834633350372,0.6697168350219727,16.46172684431076,0.0,0.0,7.289015173912048,0.8194413185119629,19.303640246391296,0.0,0.0,5.993468284606934,0.7087011337280273,18.670291423797607,0.0,0.0,4.860831797122955,0.6756320595741272,14.393212378025055,0.0,0.0,4.756106853485107,0.6781601905822754,15.312524318695068,0.0,0.0,9.652204871177673,0.8478212356567383,26.82615965604782,0.06146049499511719,0.2733325958251953,8.049166679382324,0.7459945678710938,20.02677059173584,0.2878708839416504,1.3374819159507751,7.014019012451172,0.7035980224609375,17.345020294189453,0.2357635498046875,1.5460388660430908,9.362634599208832,0.8566226959228516,27.321312189102173,0.029062867164611816,0.05429995059967041,8.993893384933472,0.8894023895263672,24.287333965301514,0.12566900253295898,0.23970210552215576
112,grounded,32,0.53857421875,4.956222772598267,0.9342062473297119,24.79205471277237,0.027543306350708008,0.07547825574874878,4.89095151424408,0.8947814702987671,23.523802995681763,0.027436017990112305,0.09341228008270264,4.968877792358398,0.8918848037719727,23.774290919303894,0.026049137115478516,0.04217243194580078,1.9065876007080078,0.4324054718017578,7.45014762878418,0.0,0.0,2.1862220764160156,0.6080436706542969,9.505725860595703,0.0,0.0,1.514944076538086,0.4645977020263672,6.645160675048828,0.0,0.0,2.17376708984375,0.7192745208740234,10.196231842041016,0.0,0.0,1.837799072265625,0.5093307495117188,8.04104733467102,0.0,0.0,2.0986461639404297,0.6020050048828125,9.384153127670288,0.0,0.0,2.2756004333496094,0.4637298583984375,9.79806137084961,0.0,0.0,2.3728179931640625,0.5015640258789062,8.98214340209961,0.0,0.0,2.8005828857421875,0.5611190795898438,11.139898300170898,0.0,0.0,2.669097900390625,0.549835205078125,10.353902101516724,0.0,0.0,2.5235366821289062,0.5132560729980469,9.81546401977539,0.0,0.0,2.9756736755371094,0.6148452758789062,13.899612426757812,0.0,0.0,2.8216476440429688,0.6831016540527344,12.436236381530762,0.0,0.0,3.1163158416748047,0.7124519348144531,12.431211471557617,0.0,0.0,2.1301002502441406,0.5476703643798828,8.910561442375183,0.0,0.0,3.0127220153808594,0.6142997741699219,12.516643524169922,0.0,0.0,3.1173934936523438,0.6170388460159302,11.218867421150208,0.0,0.0,2.3356680870056152,0.6044776439666748,9.24084210395813,0.0,0.0,3.6901004314422607,0.7261791229248047,11.851650476455688,0.0,0.0,3.1426104307174683,0.6359080076217651,10.586026072502136,0.0,0.0,3.367097854614258,0.6395587921142578,12.732582092285156,0.0,0.0,3.310844898223877,0.6944389343261719,14.185433268547058,0.0,0.0,2.0852832794189453,0.6663765907287598,9.133545875549316,0.0,0.0,2.7214205265045166,0.7295877933502197,11.73391604423523,0.0,0.0,3.4329930543899536,0.7495076656341553,14.212704062461853,0.0,0.0,2.8767752647399902,0.7086973190307617,14.178765296936035,0.0,0.0,2.537677764892578,0.6337380409240723,11.38273811340332,0.0,0.0,2.37179434299469,0.6845211982727051,11.932300686836243,0.0,0.0,4.64627480506897,0.8134498596191406,19.732025504112244,0.061183929443359375,0.2740345001220703,3.581233024597168,0.7175579071044922,14.101085186004639,0.2871575355529785,1.511018455028534,3.2583847045898438,0.7213592529296875,12.708477020263672,0.23505783081054688,1.5822582244873047,4.32010293006897,0.851750373840332,20.163366317749023,0.03218650817871094,0.054656028747558594,4.17656135559082,0.8894023895263672,17.503612995147705,0.12017822265625,0.1478714942932129
112,hallucinated,36,0.57861328125,8.211788773536682,0.9342062473297119,28.047620713710785,0.021643757820129395,0.06332063674926758,8.177758574485779,0.9040764570236206,26.810610055923462,0.03443801403045654,0.12217909097671509,8.533917784690857,0.8974519968032837,27.339330911636353,0.026049137115478516,0.042257606983184814,3.004301071166992,0.4083518981933594,8.547861099243164,0.0,0.0,3.743882179260254,0.6214103698730469,11.063385963439941,0.0,0.0,2.29481840133667,0.4837527275085449,7.425034999847412,0.0,0.0,3.5166683197021484,0.7226657867431641,11.539133071899414,0.0,0.0,3.2760400772094727,0.5267572402954102,9.479288339614868,0.0,0.0,3.960780143737793,0.5391302108764648,11.246287107467651,0.0,0.0,3.9859514236450195,0.4861726760864258,11.50841236114502,0.0,0.0,4.456968307495117,0.5449295043945312,11.066293716430664,0.0,0.0,4.614175796508789,0.5468044281005859,12.9534912109375,0.0,0.0,4.100284576416016,0.5075912475585938,11.785088777542114,0.0,0.0,4.5025835037231445,0.5385017395019531,11.794510841369629,0.0,0.0,4.861749649047852,0.6234455108642578,15.785688400268555,0.0,0.0,5.096433639526367,0.6534767150878906,14.71102237701416,0.0,0.0,4.890628814697266,0.6966590881347656,14.205524444580078,0.0,0.0,4.483582675457001,0.6645404696464539,11.264043867588043,0.0,0.0,5.426227569580078,0.7433452606201172,14.93014907836914,0.0,0.0,5.614377975463867,0.6544742584228516,13.715851902961731,0.0,0.0,4.061446189880371,0.6456060409545898,10.966620206832886,0.0,0.0,5.413349628448486,0.7261791229248047,13.574899673461914,0.0,0.0,5.365694165229797,0.6300258636474609,12.809109807014465,0.0,0.0,6.098121523857117,0.7224416732788086,15.463605761528015,0.0,0.0,6.034171104431152,0.7859349250793457,16.908759474754333,0.0,0.0,2.97172212600708,0.6663765907287598,10.019984722137451,0.0,0.0,4.41649055480957,0.6313173770904541,13.428986072540283,0.0,0.0,5.859947502613068,0.7848320007324219,16.639658510684967,0.0,0.0,5.839797735214233,0.725731372833252,17.14178776741028,0.0,0.0,4.26435649394989,0.7113455533981323,13.109416842460632,0.0,0.0,4.359839618206024,0.7250234484672546,13.920345962047577,0.0,0.0,8.011471629142761,0.8244402408599854,23.097222328186035,0.061183929443359375,0.2740345001220703,6.462635040283203,0.7206878662109375,16.982487201690674,0.2871575355529785,1.6503716707229614,6.005348205566406,0.7020988464355469,15.455440521240234,0.23505783081054688,1.7735545635223389,7.529548645019531,0.851750373840332,23.36728745698929,0.0181884765625,0.02738022804260254,7.215826511383057,0.8894023895263672,20.50860571861267,0.11620140075683594,0.1493794322013855
113,grounded,50,0.63671875,13.23423022031784,0.9442728161811829,39.7720342874527,0.03317999839782715,0.13273519277572632,13.164016246795654,0.916231632232666,38.3801531791687,0.04876917600631714,0.1822548508644104,13.867688357830048,0.9191879034042358,39.762710988521576,0.026049137115478516,0.06494396924972534,5.737321853637695,0.438934326171875,13.568669319152832,0.0,0.0,6.208251953125,0.5728530883789062,16.102325439453125,0.0,0.0,4.866642951965332,0.47583484649658203,11.108307838439941,0.0,0.0,5.860185623168945,0.7114524841308594,15.626981735229492,0.0,0.0,6.42765474319458,0.5544281005859375,14.409961462020874,0.0,0.0,5.819331884384155,0.5158748626708984,15.36714220046997,0.0,0.0,6.06744384765625,0.5670661926269531,17.18910789489746,0.0,0.0,7.393003463745117,0.5860347747802734,16.667046546936035,0.0,0.0,8.566511154174805,0.7093219757080078,20.168703079223633,0.0,0.0,9.249750554561615,0.748075544834137,21.645902812480927,0.0,0.0,7.125025749206543,0.5482406616210938,17.099909782409668,0.0,0.0,8.819131851196289,0.7094192504882812,24.337693214416504,0.0,0.0,8.422568321228027,0.6840591430664062,21.362584114074707,0.0,0.0,9.972744941711426,0.7520303726196289,23.983948707580566,0.0,0.0,9.157787561416626,0.6596739292144775,18.455068230628967,0.0,0.0,9.983707904815674,0.7498111724853516,24.63585901260376,0.0,0.0,10.152268409729004,0.7519283294677734,21.5645854473114,0.0,0.0,8.103550434112549,0.6634407043457031,16.97400403022766,0.0,0.0,10.630249500274658,0.7906365394592285,21.7739839553833,0.0,0.0,8.579934358596802,0.6850461959838867,18.44042992591858,0.0,0.0,9.938997089862823,0.7434943318367004,22.975880444049835,0.0,0.0,10.083723306655884,0.8383431434631348,25.664678812026978,0.0,0.0,5.64423131942749,0.6659126281738281,14.427286267280579,0.0,0.0,8.620824337005615,0.7583255767822266,21.116704761981964,0.0,0.0,10.515073537826538,0.8619499206542969,25.328655302524567,0.0,0.0,9.34684681892395,0.7602195739746094,24.65477156639099,0.0,0.0,7.132655024528503,0.729644775390625,18.59660542011261,0.0,0.0,7.351578772068024,0.7042351365089417,19.62053483724594,0.0,0.0,12.677887201309204,0.8647251129150391,32.650354862213135,0.06146049499511719,0.2733325958251953,10.241262912750244,0.7750945091247559,22.994372844696045,0.2878708839416504,1.387501835823059,9.05728530883789,0.6874465942382812,19.891298294067383,0.2357635498046875,1.5199756622314453,12.289635062217712,0.8723182678222656,33.979315400123596,0.08323097229003906,0.18523705005645752,11.802411317825317,0.8894023895263672,30.657408118247986,0.13180238008499146,0.2365923523902893
113,hallucinated,47,0.61181640625,10.834139049053192,0.9427258372306824,37.37194311618805,0.03324997425079346,0.12381213903427124,10.760627746582031,0.9163417816162109,35.97676467895508,0.037923336029052734,0.13232409954071045,11.011280238628387,0.9100155830383301,36.906302869319916,0.03270077705383301,0.08231872320175171,4.831418991088867,0.4351787567138672,12.662766456604004,0.0,0.0,5.231101989746094,0.5728530883789062,15.125175476074219,0.0,0.0,4.6692962646484375,0.4973907470703125,10.910961151123047,0.0,0.0,4.952410697937012,0.7114524841308594,14.719206809997559,0.0,0.0,5.339086055755615,0.5424985885620117,13.32139277458191,0.0,0.0,4.696640729904175,0.5158748626708984,14.24445104598999,0.0,0.0,4.61041259765625,0.5670661926269531,15.732076644897461,0.0,0.0,5.770694732666016,0.5735549926757812,15.044737815856934,0.0,0.0,6.706471920013428,0.5995731353759766,18.308663845062256,0.0,0.0,7.242383658885956,0.6353130340576172,19.638535916805267,0.0,0.0,5.88348388671875,0.5242156982421875,15.858367919921875,0.0,0.0,7.214378356933594,0.7094192504882812,22.73293972015381,0.0,0.0,7.251626968383789,0.6840591430664062,20.19164276123047,0.0,0.0,8.060954093933105,0.7426910400390625,22.072157859802246,0.0,0.0,7.680596590042114,0.6491460800170898,16.977877259254456,0.0,0.0,7.96336555480957,0.7343788146972656,22.615516662597656,0.0,0.0,8.43563175201416,0.7519283294677734,19.847948789596558,0.0,0.0,7.140893936157227,0.6634407043457031,16.01134753227234,0.0,0.0,8.536044120788574,0.7906365394592285,19.679778575897217,0.0,0.0,7.4825615882873535,0.6850461959838867,17.34305715560913,0.0,0.0,8.181166768074036,0.719444751739502,21.218050122261047,0.0,0.0,8.378906607627869,0.7993506193161011,23.959862112998962,0.0,0.0,5.08222359418869,0.6659126281738281,13.865278542041779,0.0,0.0,7.4092090129852295,0.7583255767822266,19.90508943796158,0.0,0.0,8.806113421916962,0.8090029954910278,23.61969518661499,0.0555037260055542,0.0928996205329895,7.714555263519287,0.7149734497070312,23.022480010986328,0.0,0.0,6.68107396364212,0.6978969573974609,18.145024359226227,0.0,0.0,6.647160053253174,0.7212929725646973,18.91611611843109,0.0,0.0,10.554949045181274,0.8604501485824585,30.527416706085205,0.06146049499511719,0.2733325958251953,8.88701868057251,0.7750945091247559,21.682162761688232,0.2878708839416504,1.3496188521385193,7.529754638671875,0.6874465942382812,18.413434982299805,0.2357635498046875,1.5013232231140137,10.384381175041199,0.8723182678222656,32.081699550151825,0.017905592918395996,0.03039419651031494,10.207407593727112,0.8894023895263672,29.061281442642212,0.12668853998184204,0.15578466653823853
114,grounded,38,0.62548828125,10.498737633228302,0.938592255115509,29.69626009464264,0.03182852268218994,0.11113482713699341,10.63864254951477,0.9244933128356934,28.469900012016296,0.030305862426757812,0.12095373868942261,11.23699402809143,0.9180361032485962,29.231260061264038,0.026049137115478516,0.027557373046875,3.5157384872436523,0.42351341247558594,8.553446769714355,0.0,0.0,4.3963422775268555,0.5620536804199219,11.323832511901855,0.0,0.0,3.1294775009155273,0.49892139434814453,7.9752302169799805,0.0,0.0,3.9261178970336914,0.7215099334716797,11.330840110778809,0.0,0.0,3.523937225341797,0.4831275939941406,9.504510641098022,0.0,0.0,4.035367012023926,0.5200381278991699,10.750485181808472,0.0,0.0,4.133501052856445,0.5134811401367188,11.310417175292969,0.0,0.0,4.429161548614502,0.4892921447753906,10.824406147003174,0.0,0.0,5.519779205322266,0.6258029937744141,13.380298614501953,0.0,0.0,5.978020250797272,0.6477334499359131,13.843202412128448,0.0,0.0,4.992305755615234,0.5094223022460938,11.761371612548828,0.0,0.0,6.145648956298828,0.6640205383300781,16.54070472717285,0.0,0.0,5.655278205871582,0.6633529663085938,14.45683765411377,0.0,0.0,6.257818937301636,0.6348514556884766,15.324846982955933,0.0,0.0,5.69959020614624,0.6313090324401855,12.246223866939545,0.0,0.0,6.503543853759766,0.6847286224365234,15.561124801635742,0.0,0.0,6.526281356811523,0.6245269775390625,13.885572671890259,0.0,0.0,4.57567024230957,0.6053800582885742,11.21502685546875,0.0,0.0,8.152616262435913,0.7458839416503906,16.263725996017456,0.0,0.0,6.237677574157715,0.6259431838989258,13.151836395263672,0.0,0.0,7.515116453170776,0.7637529373168945,16.25297999382019,0.0,0.0,6.948635756969452,0.7543570399284363,17.38154035806656,0.0,0.0,3.836172103881836,0.6935802698135376,10.87022078037262,0.0,0.0,5.903610944747925,0.7704811096191406,14.541079878807068,0.0,0.0,7.453318238258362,0.8116703033447266,18.094559848308563,0.0,0.0,6.556583881378174,0.7274227142333984,17.402769088745117,0.0,0.0,4.107293486595154,0.6947206258773804,12.704769730567932,0.0,0.0,4.157459259033203,0.7163829803466797,13.197354257106781,0.0,0.0,9.906998455524445,0.8172774314880371,24.41229498386383,0.06146049499511719,0.2733325958251953,7.799196243286133,0.7264423370361328,17.800609588623047,0.2878708839416504,1.4738781452178955,7.147159576416016,0.6773223876953125,16.146467208862305,0.2357635498046875,1.565953254699707,9.150432050228119,0.851750373840332,24.232187926769257,0.07978671789169312,0.2796533703804016,9.01876413822174,0.8894023895263672,21.55368435382843,0.1201636791229248,0.32846856117248535
114,hallucinated,36,0.583984375,9.047954320907593,0.938592255115509,28.24547678232193,0.03870052099227905,0.13449865579605103,8.984343647956848,0.9051213264465332,26.815601110458374,0.030305862426757812,0.14697414636611938,9.28631055355072,0.8917417526245117,27.280576586723328,0.026049137115478516,0.038783490657806396,3.249155044555664,0.4390277862548828,8.286863327026367,0.0,0.0,3.971668243408203,0.5620536804199219,10.899158477783203,0.0,0.0,3.0218935012817383,0.4972410202026367,7.867615699768066,0.0,0.0,3.3643407821655273,0.7215099334716797,10.768845558166504,0.0,0.0,3.2941370010375977,0.49945545196533203,9.2744300365448,0.0,0.0,3.3378119468688965,0.5200457572937012,10.05285382270813,0.0,0.0,3.588176727294922,0.5133895874023438,10.764604568481445,0.0,0.0,3.884178638458252,0.4893455505371094,10.279404163360596,0.0,0.0,4.473228454589844,0.6259517669677734,12.332584381103516,0.0,0.0,4.755131244659424,0.5404775142669678,12.621441125869751,0.0,0.0,4.2244415283203125,0.4815826416015625,10.993850708007812,0.0,0.0,5.106578826904297,0.5789871215820312,15.500286102294922,0.0,0.0,4.871122360229492,0.6631965637207031,13.672656059265137,0.0,0.0,5.114841938018799,0.6349391937255859,14.184013843536377,0.0,0.0,5.063976168632507,0.6317667961120605,11.611944675445557,0.0,0.0,5.719629287719727,0.6999530792236328,14.779767990112305,0.0,0.0,5.557535171508789,0.6348075866699219,12.914259195327759,0.0,0.0,4.12770938873291,0.6117639541625977,10.768777847290039,0.0,0.0,6.690101385116577,0.757235050201416,14.799754858016968,0.0,0.0,4.960418283939362,0.6199145913124084,11.879245340824127,0.0,0.0,6.0348310470581055,0.6913256645202637,14.770186424255371,0.0,0.0,6.247681140899658,0.7006587982177734,16.682077765464783,0.0,0.0,3.784439265727997,0.6937234401702881,10.818251550197601,0.0,0.0,4.654114723205566,0.6315857172012329,13.29748284816742,0.0,0.0,6.453140556812286,0.8113691806793213,17.09727644920349,0.0,0.0,5.551003456115723,0.7086973190307617,16.40012788772583,0.0,0.0,4.0535354018211365,0.7323989272117615,12.650340378284454,0.0,0.0,3.866622269153595,0.7137024998664856,12.90813821554184,0.0,0.0,8.436281263828278,0.8272552490234375,22.94513648748398,0.061183929443359375,0.2740345001220703,6.6671247482299805,0.7094688415527344,16.667600631713867,0.2871575355529785,1.4876204133033752,6.136501312255859,0.6627960205078125,15.125923156738281,0.23505783081054688,1.5749040842056274,8.003429293632507,0.851750373840332,23.107597827911377,0.060115814208984375,0.18712961673736572,7.813938677310944,0.8894023895263672,20.342346727848053,0.11683392524719238,0.33378052711486816
115,grounded,39,0.61572265625,4.966377258300781,0.9408219456672668,30.58836841583252,0.027645409107208252,0.10881936550140381,4.925394535064697,0.9151468276977539,29.261535167694092,0.03618723154067993,0.10135012865066528,4.959262132644653,0.9094173908233643,30.148595571517944,0.026049137115478516,0.03711402416229248,1.9202842712402344,0.427703857421875,8.842086791992188,0.0,0.0,2.1961898803710938,0.6154861450195312,11.904812335968018,0.0,0.0,1.4734888076782227,0.4660196304321289,7.316811561584473,0.0,0.0,2.159961700439453,0.7114143371582031,11.658953666687012,0.0,0.0,1.8382987976074219,0.5316619873046875,9.738461971282959,0.0,0.0,2.0291385650634766,0.6223278045654297,10.887588739395142,0.0,0.0,2.249835968017578,0.5099639892578125,12.662750244140625,0.0,0.0,2.456401824951172,0.5320472717285156,11.271306991577148,0.0,0.0,2.739543914794922,0.5536384582519531,14.003253936767578,0.0,0.0,2.768230438232422,0.5871505737304688,14.344269514083862,0.0,0.0,2.3912925720214844,0.5135955810546875,11.976158142089844,0.0,0.0,2.9926414489746094,0.6679840087890625,17.7974796295166,0.0,0.0,2.6177520751953125,0.6732940673828125,14.642000198364258,0.0,0.0,2.829326629638672,0.7137689590454102,15.961020469665527,0.0,0.0,2.053905487060547,0.565582275390625,11.25637435913086,0.0,0.0,2.9408063888549805,0.71295166015625,17.564841270446777,0.0,0.0,3.2086524963378906,0.6118717193603516,14.719467520713806,0.0,0.0,2.2145376205444336,0.6254653930664062,11.136690378189087,0.0,0.0,3.4451122283935547,0.719813346862793,13.958524703979492,0.0,0.0,2.5201547741889954,0.6229875683784485,11.93809586763382,0.0,0.0,3.4618682861328125,0.7303543090820312,16.76185941696167,0.0,0.0,3.426042675971985,0.7519569396972656,18.559535682201385,0.0,0.0,2.0596489906311035,0.6659126281738281,10.754868507385254,0.0,0.0,2.960685670375824,0.6836957931518555,14.914216816425323,0.0,0.0,3.6282330751419067,0.7678905129432678,17.572750091552734,0.0,0.0,2.8841633796691895,0.7087011337280273,18.07323145866394,0.0,0.0,2.698080539703369,0.6789100170135498,13.837792158126831,0.0,0.0,2.354907989501953,0.7034735679626465,14.6167933344841,0.0,0.0,4.777067422866821,0.8261947631835938,25.101126492023468,0.06146049499511719,0.2733325958251953,3.8623218536376953,0.7372913360595703,19.18730354309082,0.2878708839416504,1.2898107171058655,3.4365882873535156,0.7337112426757812,17.70496940612793,0.2357635498046875,1.3290612697601318,4.791277527809143,0.8581390380859375,26.53013300895691,0.10421037673950195,0.5995917916297913,4.485676467418671,0.8894023895263672,23.74085623025894,0.26579123735427856,2.1645074486732483
115,hallucinated,49,0.69140625,13.235433459281921,0.9409167170524597,38.85742461681366,0.028689920902252197,0.21604949235916138,13.306687951087952,0.9172905683517456,37.642828583717346,0.03618723154067993,0.12180125713348389,13.915014564990997,0.9196329116821289,39.10434800386429,0.026049137115478516,0.07763755321502686,4.927532196044922,0.43634033203125,11.849334716796875,0.0,0.0,6.229029655456543,0.5583038330078125,15.937652111053467,0.0,0.0,4.8157958984375,0.4883565902709961,10.65911865234375,0.0,0.0,5.813462495803833,0.7078742980957031,15.312454462051392,0.0,0.0,4.939826011657715,0.5400829315185547,12.839989185333252,0.0,0.0,4.805046081542969,0.5050873756408691,13.663496255874634,0.0,0.0,5.790290832519531,0.5099639892578125,16.203205108642578,0.0,0.0,6.095100402832031,0.5075569152832031,14.910005569458008,0.0,0.0,7.233617782592773,0.542694091796875,18.49732780456543,0.0,0.0,8.051560819149017,0.7576735019683838,19.627599895000458,0.0,0.0,6.201099395751953,0.49964141845703125,15.785964965820312,0.0,0.0,8.639153480529785,0.6433906555175781,23.443991661071777,0.0,0.0,8.529590606689453,0.645233154296875,20.5538387298584,0.0,0.0,9.253732681274414,0.7137689590454102,22.38542652130127,0.0,0.0,8.30309545993805,0.647504448890686,17.505564332008362,0.0,0.0,10.00883960723877,0.7690696716308594,24.632874488830566,0.0,0.0,10.401559829711914,0.7292442321777344,21.91237485408783,0.0,0.0,8.53637957572937,0.7122683525085449,17.458532333374023,0.0,0.0,9.560254335403442,0.8014068603515625,20.07366681098938,0.0,0.0,7.978704810142517,0.7014389038085938,17.39664590358734,0.0,0.0,10.753005385398865,0.808032751083374,24.052996516227722,0.0,0.0,10.054424047470093,0.7893705368041992,25.187917053699493,0.0,0.0,6.7378440499305725,0.6659126281738281,15.433063566684723,0.0,0.0,8.925196886062622,0.7893285751342773,20.87872803211212,0.0,0.0,10.44447648525238,0.8063375353813171,24.388993501663208,0.0,0.0,9.401265382766724,0.75872802734375,24.590333461761475,0.0,0.0,7.139209270477295,0.6860308647155762,18.278920888900757,0.0,0.0,7.179396450519562,0.7034735679626465,19.44128179550171,0.0,0.0,13.00306385755539,0.888804018497467,33.327122926712036,0.06146049499511719,0.2842057943344116,10.718470811843872,0.7728347778320312,26.043452501296997,0.2878708839416504,1.3042024970054626,9.598548889160156,0.70135498046875,23.86693000793457,0.2357635498046875,1.33030366897583,12.914497196674347,0.8624124526977539,34.65335267782211,0.10421037673950195,0.6485574841499329,12.0037260055542,0.8894023895263672,31.25890576839447,0.26579123735427856,2.5255436301231384
116,grounded,41,0.6650390625,8.161807596683502,0.9435774683952332,31.933349668979645,0.028667747974395752,0.14962774515151978,8.164367735385895,0.9107795357704163,30.887003302574158,0.038419246673583984,0.15035051107406616,8.472947597503662,0.9244966506958008,31.79787904024124,0.026049137115478516,0.055300116539001465,3.2194504737854004,0.42259979248046875,10.228003025054932,0.0,0.0,3.7823715209960938,0.5720176696777344,12.727267265319824,0.0,0.0,2.495265007019043,0.4784269332885742,8.58072566986084,0.0,0.0,3.7367777824401855,0.733884334564209,13.419702053070068,0.0,0.0,3.099978446960449,0.5444116592407227,10.697569847106934,0.0,0.0,3.6112446784973145,0.4904046058654785,12.761567831039429,0.0,0.0,4.021669387817383,0.5210456848144531,13.352675914764404,0.0,0.0,4.162988662719727,0.5020103454589844,12.600902557373047,0.0,0.0,4.677829742431641,0.593719482421875,15.026527404785156,0.0,0.0,4.55912971496582,0.5830039978027344,14.644012212753296,0.0,0.0,4.3286895751953125,0.51568603515625,13.440038681030273,0.0,0.0,5.047159194946289,0.6329078674316406,18.816097259521484,0.0,0.0,5.198459625244141,0.6343917846679688,16.70342254638672,0.0,0.0,5.565454483032227,0.6661663055419922,17.835391998291016,0.0,0.0,4.206685304641724,0.6083290576934814,12.887854099273682,0.0,0.0,5.879115104675293,0.7086467742919922,18.249375343322754,0.0,0.0,5.374453544616699,0.6210079193115234,15.345830082893372,0.0,0.0,3.460029363632202,0.6142418384552002,11.867352485656738,0.0,0.0,5.279962658882141,0.737518310546875,15.150227665901184,0.0,0.0,5.1552101373672485,0.6176153421401978,14.70918095111847,0.0,0.0,6.085634708404541,0.7510807514190674,18.40578317642212,0.0,0.0,5.437433242797852,0.7300662994384766,19.56575047969818,0.0,0.0,2.960709571838379,0.6659126281738281,10.994606494903564,0.0,0.0,4.324871063232422,0.6198728084564209,15.314995288848877,0.0,0.0,5.945777773857117,0.7838242053985596,19.32663184404373,0.0,0.0,4.9165260791778564,0.7087011337280273,18.538439512252808,0.0,0.0,3.8528154492378235,0.6961868405342102,14.59155923128128,0.0,0.0,4.342685401439667,0.7517754435539246,15.681496500968933,0.0,0.0,7.851751089096069,0.830780029296875,25.85462898015976,0.06146049499511719,0.2733325958251953,6.229145050048828,0.7562141418457031,18.233391761779785,0.2878708839416504,1.402137279510498,5.628986358642578,0.7260112762451172,16.275081634521484,0.2357635498046875,1.473374366760254,7.879539668560028,0.8713574409484863,27.408510863780975,0.045728087425231934,0.08752357959747314,7.730259299278259,0.8894023895263672,24.556899547576904,0.116241455078125,0.1455402374267578
116,hallucinated,44,0.6923828125,10.29993587732315,0.9487318396568298,34.07147794961929,0.02541816234588623,0.13854444026947021,10.797641813755035,0.9098536968231201,33.5202773809433,0.03674483299255371,0.14804786443710327,11.321500778198242,0.9244966506958008,34.64643222093582,0.026049137115478516,0.044233739376068115,4.436229705810547,0.43888282775878906,11.444782257080078,0.0,0.0,5.220233917236328,0.5778121948242188,14.165129661560059,0.0,0.0,4.162701606750488,0.4537343978881836,10.248162269592285,0.0,0.0,5.002772331237793,0.7017841339111328,14.685696601867676,0.0,0.0,4.295758247375488,0.5192832946777344,11.893349647521973,0.0,0.0,4.462274551391602,0.479736328125,13.612597703933716,0.0,0.0,5.002006530761719,0.5210456848144531,14.33301305770874,0.0,0.0,5.463153839111328,0.4965858459472656,13.901067733764648,0.0,0.0,5.790853500366211,0.593719482421875,16.139551162719727,0.0,0.0,6.096579968929291,0.5598664283752441,16.181462466716766,0.0,0.0,5.503813743591309,0.5858449935913086,14.61516284942627,0.0,0.0,6.389371871948242,0.6329078674316406,20.158309936523438,0.0,0.0,6.060192108154297,0.6279563903808594,17.565155029296875,0.0,0.0,6.252683639526367,0.740936279296875,18.522621154785156,0.0,0.0,6.087106704711914,0.6222171783447266,14.768275499343872,0.0,0.0,7.016979217529297,0.6939296722412109,19.387239456176758,0.0,0.0,7.164951324462891,0.7186775207519531,17.136327862739563,0.0,0.0,6.254054069519043,0.6142418384552002,14.661377191543579,0.0,0.0,6.82963228225708,0.737518310546875,16.699897289276123,0.0,0.0,7.021628797054291,0.7284723520278931,16.57559961080551,0.0,0.0,8.155400574207306,0.7743978500366211,20.475549042224884,0.0,0.0,8.149450778961182,0.7776904106140137,22.27776801586151,0.0,0.0,4.708745956420898,0.6659126281738281,12.742642879486084,0.0,0.0,6.476360321044922,0.6585164070129395,17.466484546661377,0.0,0.0,8.57638305425644,0.7838242053985596,21.957237124443054,0.016110718250274658,0.016110718250274658,7.368215560913086,0.7387685775756836,20.990128993988037,0.0,0.0,6.188658714294434,0.7174081802368164,16.92740249633789,0.0,0.0,6.04042112827301,0.7591768503189087,17.379232227802277,0.0,0.0,10.475728273391724,0.8456218242645264,28.478606164455414,0.06146049499511719,0.2733325958251953,8.732608795166016,0.7562141418457031,20.736855506896973,0.2878708839416504,1.4299182295799255,7.8206024169921875,0.7383041381835938,18.466697692871094,0.2357635498046875,1.4723539352416992,10.353981614112854,0.8767991065979004,29.89655464887619,0.03841674327850342,0.07495123147964478,10.1196648478508,0.8894023895263672,26.93101876974106,0.11967873573303223,0.181918203830719
117,grounded,40,0.6474609375,8.13560140132904,0.9420340061187744,31.133578062057495,0.02984023094177246,0.1878145933151245,8.145617544651031,0.910490095615387,30.10355520248413,0.0361056923866272,0.15945619344711304,8.471632659435272,0.8939332962036133,30.799505829811096,0.026049137115478516,0.055473923683166504,3.206784248352051,0.4282493591308594,9.975569725036621,0.0,0.0,3.755504608154297,0.5676002502441406,12.401264190673828,0.0,0.0,2.3621959686279297,0.4668254852294922,8.286615371704102,0.0,0.0,3.6371512413024902,0.7350363731384277,12.862607479095459,0.0,0.0,3.037353515625,0.5412769317626953,10.250091075897217,0.0,0.0,3.4475221633911133,0.5007839202880859,12.195636510848999,0.0,0.0,3.86468505859375,0.5086135864257812,13.249147415161133,0.0,0.0,4.059991836547852,0.5153312683105469,12.315227508544922,0.0,0.0,4.543323516845703,0.5905437469482422,14.161447525024414,0.0,0.0,4.4907097816467285,0.5771255493164062,14.4008047580719,0.0,0.0,4.394153594970703,0.5087356567382812,12.907424926757812,0.0,0.0,5.408229827880859,0.636016845703125,18.744667053222656,0.0,0.0,5.008889198303223,0.6592140197753906,15.981743812561035,0.0,0.0,5.738197326660156,0.72320556640625,17.5654239654541,0.0,0.0,4.308331251144409,0.6122138500213623,12.315257549285889,0.0,0.0,5.7255024909973145,0.6777267456054688,17.670198917388916,0.0,0.0,5.588120460510254,0.6587181091308594,15.048539638519287,0.0,0.0,3.6376047134399414,0.6194705963134766,11.683916568756104,0.0,0.0,5.7609429359436035,0.7160758972167969,15.610914707183838,0.0,0.0,5.023265182971954,0.5930836796760559,13.511486828327179,0.0,0.0,6.4035398960113525,0.7635080814361572,17.326738595962524,0.0,0.0,5.599443435668945,0.6547970771789551,18.667459845542908,0.0,0.0,3.000380516052246,0.6659126281738281,10.66970443725586,0.0,0.0,4.455567359924316,0.6194599866867065,14.898615002632141,0.0,0.0,5.673802435398102,0.7716149091720581,18.37949788570404,0.0,0.0,4.831446647644043,0.7087011337280273,18.046125888824463,0.0,0.0,3.9467379450798035,0.6727229952812195,14.59138947725296,0.0,0.0,4.303191721439362,0.7606921792030334,15.309991717338562,0.0,0.0,7.789464712142944,0.846308708190918,25.574098348617554,0.06146049499511719,0.2739333510398865,6.068877220153809,0.7101311683654785,18.050434589385986,0.2878708839416504,1.385444700717926,5.491962432861328,0.7138195037841797,16.371929168701172,0.2357635498046875,1.5043063163757324,7.868019998073578,0.8860607147216797,26.886794209480286,0.04610133171081543,0.06952357292175293,7.662561893463135,0.8894023895263672,23.586764097213745,0.11462044715881348,0.1337282657623291
117,hallucinated,44,0.7080078125,11.396352529525757,0.9453641772270203,34.39432919025421,0.02984023094177246,0.20645231008529663,11.542107582092285,0.9134315252304077,33.500045239925385,0.034474849700927734,0.14871525764465332,12.190936505794525,0.9069962501525879,34.51880967617035,0.026049137115478516,0.049898743629455566,4.787588119506836,0.4282493591308594,11.556373596191406,0.0,0.0,5.6372528076171875,0.5832939147949219,14.283012390136719,0.0,0.0,4.006414413452148,0.4722633361816406,9.93083381652832,0.0,0.0,4.8237833976745605,0.7140636444091797,14.04923963546753,0.0,0.0,4.542632102966309,0.5095148086547852,11.755369663238525,0.0,0.0,4.7297587394714355,0.5007839202880859,13.477873086929321,0.0,0.0,5.571323394775391,0.5532989501953125,14.955785751342773,0.0,0.0,6.034909248352051,0.5222034454345703,14.290144920349121,0.0,0.0,6.338979721069336,0.6055755615234375,15.957103729248047,0.0,0.0,6.1868507862091064,0.5481376647949219,16.096945762634277,0.0,0.0,6.074481010437012,0.520111083984375,14.587752342224121,0.0,0.0,6.844875335693359,0.6644706726074219,20.181312561035156,0.0,0.0,6.319952011108398,0.6480178833007812,17.29280662536621,0.0,0.0,7.043521881103516,0.7029037475585938,18.87074851989746,0.0,0.0,6.703516960144043,0.6241359710693359,14.710443258285522,0.0,0.0,7.987957000732422,0.7084846496582031,19.932653427124023,0.0,0.0,8.383461475372314,0.6884431838989258,17.843880653381348,0.0,0.0,6.656846284866333,0.6453056335449219,14.703158140182495,0.0,0.0,8.582362651824951,0.7921352386474609,18.432334423065186,0.0,0.0,7.068049073219299,0.7087059020996094,15.556270718574524,0.0,0.0,8.5765141248703,0.7756069898605347,19.499712824821472,0.0,0.0,8.838799238204956,0.7945547103881836,21.90681564807892,0.0,0.0,4.639909625053406,0.6659126281738281,12.309233546257019,0.0,0.0,7.252831697463989,0.7136993408203125,17.695879340171814,0.0,0.0,8.334947943687439,0.7907366752624512,21.040643393993378,0.01812058687210083,0.01812058687210083,7.221708536148071,0.7163105010986328,20.43638777732849,0.0,0.0,5.7654314041137695,0.7134428024291992,16.410082936286926,0.0,0.0,6.252814829349518,0.7432599663734436,17.25961482524872,0.0,0.0,11.05742597579956,0.8598747253417969,28.84205961227417,0.06146049499511719,0.2739333510398865,9.251052856445312,0.7533931732177734,21.215383052825928,0.2878708839416504,1.4151622653007507,8.380142211914062,0.7669830322265625,19.242164611816406,0.2357635498046875,1.4967596530914307,10.77892416715622,0.851750373840332,29.808577179908752,0.06879854202270508,0.1553281545639038,10.564514696598053,0.8894023895263672,26.502963483333588,0.11613798141479492,0.1688227653503418
118,grounded,36,0.58642578125,8.10802710056305,0.9402183890342712,28.262413442134857,0.02819991111755371,0.12015074491500854,8.12693178653717,0.9141961336135864,26.73801761865616,0.040771663188934326,0.14286231994628906,8.446762144565582,0.8881876468658447,27.412890017032623,0.026049137115478516,0.06912600994110107,3.34356427192688,0.41179656982421875,8.75143837928772,0.0,0.0,3.734142303466797,0.5580902099609375,10.992755889892578,0.0,0.0,2.3867454528808594,0.4542350769042969,7.032617568969727,0.0,0.0,3.647303581237793,0.7368974685668945,11.298083305358887,0.0,0.0,2.9654464721679688,0.5451526641845703,9.050812721252441,0.0,0.0,3.263093948364258,0.4837799072265625,10.154055833816528,0.0,0.0,3.8162288665771484,0.5399398803710938,11.562448501586914,0.0,0.0,3.669483184814453,0.52154541015625,10.246829986572266,0.0,0.0,4.674476623535156,0.5653114318847656,12.931217193603516,0.0,0.0,4.421889781951904,0.5291810035705566,12.657368898391724,0.0,0.0,4.211372375488281,0.5269775390625,11.40488052368164,0.0,0.0,5.184429168701172,0.6328887939453125,16.261337280273438,0.0,0.0,4.92320442199707,0.6397132873535156,14.0813570022583,0.0,0.0,5.6001434326171875,0.6895217895507812,15.29361343383789,0.0,0.0,4.00885272026062,0.6147944927215576,10.82104629278183,0.0,0.0,5.568328857421875,0.6884145736694336,15.71519947052002,0.0,0.0,5.595918655395508,0.6523799896240234,13.911376118659973,0.0,0.0,3.671494483947754,0.6002626419067383,10.617760419845581,0.0,0.0,5.87679123878479,0.6986236572265625,14.202032327651978,0.0,0.0,4.849069714546204,0.6182519197463989,12.314711213111877,0.0,0.0,6.43854022026062,0.7528078556060791,15.591164350509644,0.0,0.0,5.7025288343429565,0.6829710006713867,16.65884232521057,0.0,0.0,2.962399959564209,0.6657028198242188,10.148499011993408,0.0,0.0,4.438838481903076,0.6133894920349121,13.3997163772583,0.0,0.0,5.759234070777893,0.7800052762031555,16.616053700447083,0.0,0.0,4.9499101638793945,0.7086973190307617,16.129141330718994,0.0,0.0,4.383313894271851,0.6851962804794312,13.008359432220459,0.0,0.0,4.144493758678436,0.7580439448356628,13.623217284679413,0.0,0.0,7.763797163963318,0.8393678665161133,22.731494307518005,0.061183929443359375,0.2740345001220703,5.99233341217041,0.7261924743652344,16.264796257019043,0.2871575355529785,1.3747225999832153,5.399288177490234,0.66534423828125,14.571002960205078,0.23505783081054688,1.4817124009132385,7.8210625648498535,0.8609528541564941,23.7754487991333,0.034696102142333984,0.06593179702758789,7.586014926433563,0.8894023895263672,20.540872871875763,0.11283540725708008,0.14439654350280762
118,hallucinated,36,0.60595703125,8.393512070178986,0.9374950528144836,28.547898411750793,0.027839183807373047,0.1318683624267578,8.096429824829102,0.9076825380325317,26.70751565694809,0.03128492832183838,0.13103199005126953,8.489706873893738,0.8981484174728394,27.45583474636078,0.026049137115478516,0.06774300336837769,3.743986129760742,0.4270668029785156,9.151860237121582,0.0,0.0,3.8615188598632812,0.5627288818359375,11.120132446289062,0.0,0.0,2.8270320892333984,0.4675769805908203,7.472904205322266,0.0,0.0,3.543745994567871,0.7165966033935547,11.194525718688965,0.0,0.0,3.583463668823242,0.5046958923339844,9.668829917907715,0.0,0.0,3.0092711448669434,0.48271942138671875,9.900233030319214,0.0,0.0,3.289653778076172,0.5399398803710938,11.035873413085938,0.0,0.0,3.8272018432617188,0.5313148498535156,10.404548645019531,0.0,0.0,4.438253402709961,0.57574462890625,12.69499397277832,0.0,0.0,4.344085156917572,0.5364720225334167,12.579564273357391,0.0,0.0,4.330896377563477,0.5676994323730469,11.524404525756836,0.0,0.0,5.051189422607422,0.6239166259765625,16.128097534179688,0.0,0.0,5.092234134674072,0.643895149230957,14.250386714935303,0.0,0.0,5.09541130065918,0.7153224945068359,14.788881301879883,0.0,0.0,4.762919187545776,0.5952880382537842,11.575112760066986,0.0,0.0,5.744124412536621,0.6890182495117188,15.890995025634766,0.0,0.0,5.757228851318359,0.6490516662597656,14.072686314582825,0.0,0.0,4.844742298126221,0.6237964630126953,11.791008234024048,0.0,0.0,5.853920221328735,0.7183189392089844,14.179161310195923,0.0,0.0,5.169392466545105,0.6840019226074219,12.635033965110779,0.0,0.0,5.993177175521851,0.7131729125976562,15.145801305770874,0.0,0.0,6.733139276504517,0.8467764854431152,17.68945276737213,0.0,0.0,3.5733442306518555,0.6657028198242188,10.759443283081055,0.0,0.0,5.535454154014587,0.6419038772583008,14.496332049369812,0.0,0.0,6.989579498767853,0.8240048885345459,17.846399128437042,0.004316985607147217,0.004316985607147217,5.591344356536865,0.7086973190307617,16.770575523376465,0.0,0.0,5.294624388217926,0.6832714676856995,13.919669926166534,0.0,0.0,5.107423305511475,0.6863598823547363,14.586146831512451,0.0,0.0,7.964222967624664,0.8355898857116699,22.931920111179352,0.061183929443359375,0.2740345001220703,6.673192203044891,0.7277299761772156,16.945655047893524,0.2871575355529785,1.3847695589065552,6.041772842407227,0.7611923217773438,15.21348762512207,0.23505783081054688,1.493410348892212,7.884220540523529,0.851750373840332,23.846038281917572,0.023483991622924805,0.029555559158325195,7.458102226257324,0.8894023895263672,20.410712838172913,0.11589241027832031,0.1277906894683838
119,grounded,38,0.61962890625,8.105379462242126,0.9403555989265442,29.813270390033722,0.03691178560256958,0.12154495716094971,8.128237068653107,0.913694441318512,28.296538710594177,0.042973995208740234,0.1575644612312317,8.447478353977203,0.9023122787475586,29.061351358890533,0.026049137115478516,0.053038835525512695,3.326063632965088,0.41278076171875,9.12870168685913,0.0,0.0,3.7671985626220703,0.5604972839355469,11.781999588012695,0.0,0.0,2.4056835174560547,0.45628929138183594,7.361492156982422,0.0,0.0,3.6784234046936035,0.7396378517150879,11.739193439483643,0.0,0.0,3.0087461471557617,0.5544843673706055,9.335627555847168,0.0,0.0,3.241243839263916,0.48963403701782227,10.567932367324829,0.0,0.0,3.8288707733154297,0.503387451171875,12.325117111206055,0.0,0.0,3.6632347106933594,0.5019645690917969,10.866537094116211,0.0,0.0,4.7262725830078125,0.5699882507324219,13.704307556152344,0.0,0.0,4.527762174606323,0.5675437450408936,13.579837322235107,0.0,0.0,4.272953033447266,0.5463333129882812,11.9747314453125,0.0,0.0,5.32501220703125,0.6515884399414062,17.452781677246094,0.0,0.0,4.901180267333984,0.6323966979980469,14.72524642944336,0.0,0.0,5.824604034423828,0.7195281982421875,16.18284797668457,0.0,0.0,4.105535507202148,0.6062259674072266,11.530849039554596,0.0,0.0,5.574687480926514,0.6880569458007812,16.751851558685303,0.0,0.0,5.796836853027344,0.6601047515869141,14.81606113910675,0.0,0.0,3.583477020263672,0.6123809814453125,10.865485906600952,0.0,0.0,6.027987360954285,0.6934108734130859,14.8638676404953,0.0,0.0,5.061895847320557,0.6157727241516113,13.01198959350586,0.0,0.0,6.24728536605835,0.7443008422851562,16.289809703826904,0.0,0.0,5.76435649394989,0.7078628540039062,17.81893765926361,0.0,0.0,3.06259822845459,0.6659126281738281,10.541770935058594,0.0,0.0,4.631410121917725,0.6146426200866699,14.306645154953003,0.0,0.0,5.887806951999664,0.7727891802787781,17.52258449792862,0.0,0.0,4.917701482772827,0.7087011337280273,17.0926353931427,0.0,0.0,4.3444313406944275,0.6704757809638977,13.540737092494965,0.0,0.0,4.124094843864441,0.7627371549606323,14.186602056026459,0.0,0.0,7.861748099327087,0.8584632873535156,24.02134072780609,0.06146049499511719,0.2733325958251953,6.105971336364746,0.7223377227783203,17.0108060836792,0.2878708839416504,1.3817570805549622,5.5657806396484375,0.6620330810546875,15.291898727416992,0.2357635498046875,1.5141186714172363,7.7877349853515625,0.8645768165588379,25.248911798000336,0.035030364990234375,0.06542348861694336,7.549497604370117,0.8894023895263672,21.813992381095886,0.12255358695983887,0.17218708992004395
119,hallucinated,40,0.64501953125,9.98282504081726,0.9378576874732971,31.690715968608856,0.03691178560256958,0.15208357572555542,9.66702675819397,0.909493088722229,29.83532840013504,0.042973995208740234,0.13018882274627686,10.176219046115875,0.9146338701248169,30.790092051029205,0.026049137115478516,0.06248331069946289,4.3521881103515625,0.4567451477050781,10.154826164245605,0.0,0.0,4.701255798339844,0.56396484375,12.716056823730469,0.0,0.0,3.540268898010254,0.4534883499145508,8.496077537536621,0.0,0.0,4.225215911865234,0.7136917114257812,12.285985946655273,0.0,0.0,4.31031608581543,0.5067300796508789,10.637197494506836,0.0,0.0,3.561828136444092,0.48262786865234375,10.888516664505005,0.0,0.0,4.091835021972656,0.503387451171875,12.588081359863281,0.0,0.0,4.667659759521484,0.5464210510253906,11.870962142944336,0.0,0.0,5.628909111022949,0.609227180480957,14.60694408416748,0.0,0.0,5.393567085266113,0.5852481126785278,14.445642232894897,0.0,0.0,4.898514747619629,0.5761957168579102,12.600293159484863,0.0,0.0,6.252834320068359,0.6614532470703125,18.380603790283203,0.0,0.0,6.2060418128967285,0.6289243698120117,16.030107975006104,0.0,0.0,6.054628372192383,0.7476596832275391,16.412872314453125,0.0,0.0,5.864496469497681,0.6092321872711182,13.289810001850128,0.0,0.0,6.786433219909668,0.6915130615234375,17.963597297668457,0.0,0.0,6.91044807434082,0.6891860961914062,15.929672360420227,0.0,0.0,5.76902437210083,0.6123809814453125,13.05103325843811,0.0,0.0,6.754686594009399,0.6987152099609375,15.590566873550415,0.0,0.0,5.747841894626617,0.6516886353492737,13.69793564081192,0.0,0.0,7.235040187835693,0.6872730255126953,17.277564525604248,0.0,0.0,8.0311758518219,0.8534858226776123,20.08575701713562,0.0,0.0,4.302757978439331,0.6659126281738281,11.781930685043335,0.0,0.0,6.363445997238159,0.6287415027618408,16.038681030273438,0.0,0.0,8.396570026874542,0.7949287295341492,20.031347572803497,0.030813515186309814,0.030813515186309814,6.784323692321777,0.7087011337280273,18.95925760269165,0.0,0.0,6.077542185783386,0.6867321729660034,15.273847937583923,0.0,0.0,5.692082524299622,0.690165102481842,15.75458973646164,0.0,0.0,9.675567746162415,0.8502950668334961,25.83516037464142,0.06146049499511719,0.2733325958251953,8.154295444488525,0.740715503692627,19.05913019180298,0.2878708839416504,1.39466792345047,7.258090972900391,0.7151565551757812,16.984209060668945,0.2357635498046875,1.5441603660583496,9.507517099380493,0.851750373840332,26.973774254322052,0.023479461669921875,0.03035670518875122,9.100160419940948,0.8894023895263672,23.386166989803314,0.11559593677520752,0.12659132480621338
120,grounded,36,0.60693359375,8.123218059539795,0.9413108229637146,28.125903487205505,0.02818077802658081,0.10981392860412598,8.146954476833344,0.9141661524772644,26.78169411420822,0.04146122932434082,0.14073657989501953,8.457662343978882,0.8870899677276611,27.32049870491028,0.03478825092315674,0.09292691946029663,3.12113094329834,0.4214000701904297,8.586158752441406,0.0,0.0,3.789682388305664,0.5756683349609375,11.234621047973633,0.0,0.0,2.4773330688476562,0.460052490234375,7.417734146118164,0.0,0.0,3.719536542892456,0.743178129196167,11.525980710983276,0.0,0.0,3.0203733444213867,0.5535993576049805,9.398340225219727,0.0,0.0,3.394287109375,0.486053466796875,10.351469278335571,0.0,0.0,3.841510772705078,0.49556732177734375,11.575019836425781,0.0,0.0,3.939279556274414,0.5011520385742188,10.834789276123047,0.0,0.0,4.4624481201171875,0.5269126892089844,12.806598663330078,0.0,0.0,4.5358567237854,0.5385990142822266,12.994234323501587,0.0,0.0,4.396305084228516,0.512298583984375,11.717178344726562,0.0,0.0,5.214902877807617,0.6364784240722656,16.014793395996094,0.0,0.0,4.985833168029785,0.6407623291015625,14.247208595275879,0.0,0.0,5.688140869140625,0.7012557983398438,15.246938705444336,0.0,0.0,4.2144856452941895,0.6251740455627441,10.980419337749481,0.0,0.0,5.671124458312988,0.6847686767578125,15.511420249938965,0.0,0.0,5.453386306762695,0.6163392066955566,13.383092403411865,0.0,0.0,3.410003662109375,0.6095097064971924,10.306906938552856,0.0,0.0,5.632115185260773,0.7081661224365234,14.137121975421906,0.0,0.0,4.846149504184723,0.6022382378578186,12.19441419839859,0.0,0.0,6.072686672210693,0.7333550453186035,15.253283977508545,0.0,0.0,5.3474977016448975,0.6293144226074219,16.027759790420532,0.0,0.0,2.991776466369629,0.6657028198242188,10.021236419677734,0.0,0.0,4.232547760009766,0.6561165452003479,13.201012909412384,0.0,0.0,5.7104122042655945,0.7558520436286926,16.642883718013763,0.0,0.0,4.899234771728516,0.7086973190307617,15.71056318283081,0.0,0.0,3.8535733819007874,0.6839470267295837,12.459872782230377,0.0,0.0,4.290362477302551,0.7670232057571411,13.809691786766052,0.0,0.0,7.787845611572266,0.8420333862304688,22.733693599700928,0.061183929443359375,0.2740345001220703,5.917243957519531,0.7270565032958984,16.008098602294922,0.2871575355529785,1.356615424156189,5.324462890625,0.6627960205078125,14.350944519042969,0.23505783081054688,1.5282704830169678,7.798660337924957,0.8719054460525513,23.614423036575317,0.041765689849853516,0.07610714435577393,7.553982496261597,0.8894023895263672,20.721518993377686,0.11233878135681152,0.13977503776550293
120,hallucinated,37,0.6337890625,9.221100628376007,0.9401234984397888,29.223786056041718,0.02792370319366455,0.12195426225662231,8.95855963230133,0.9089511632919312,27.59329926967621,0.03552180528640747,0.1413312554359436,9.496939539909363,0.9103190898895264,28.35977590084076,0.03478825092315674,0.0989949107170105,3.7166385650634766,0.4214000701904297,9.181666374206543,0.0,0.0,4.437828063964844,0.5887527465820312,11.882766723632812,0.0,0.0,2.8313779830932617,0.44468021392822266,7.7717790603637695,0.0,0.0,3.5219621658325195,0.7210578918457031,11.32840633392334,0.0,0.0,3.068671226501465,0.5594978332519531,9.446653366088867,0.0,0.0,3.2093582153320312,0.5200977325439453,10.166574716567993,0.0,0.0,3.9322891235351562,0.4848785400390625,11.665019989013672,0.0,0.0,4.70741081237793,0.5186576843261719,11.603168487548828,0.0,0.0,4.487821578979492,0.5248508453369141,12.833301544189453,0.0,0.0,5.1014639139175415,0.5452537536621094,13.558939337730408,0.0,0.0,4.502582550048828,0.53265380859375,11.823368072509766,0.0,0.0,5.403804779052734,0.5819091796875,16.20228385925293,0.0,0.0,4.983637809753418,0.6840553283691406,14.243979454040527,0.0,0.0,5.613563537597656,0.6406784057617188,15.172922134399414,0.0,0.0,5.113437294960022,0.6459556818008423,11.87742394208908,0.0,0.0,6.159488677978516,0.6751785278320312,16.000890731811523,0.0,0.0,6.383700370788574,0.6651229858398438,14.31093454360962,0.0,0.0,4.231539726257324,0.6092731952667236,11.12978482246399,0.0,0.0,6.192610502243042,0.7347660064697266,14.695577383041382,0.0,0.0,4.9788623452186584,0.6422420144081116,12.326064646244049,0.0,0.0,6.588775396347046,0.69891357421875,15.77039122581482,0.0,0.0,6.612043380737305,0.6768913269042969,17.29370927810669,0.0,0.0,3.294809341430664,0.6659126281738281,10.325693130493164,0.0,0.0,5.37080717086792,0.6564796566963196,14.339060366153717,0.0,0.0,6.184727847576141,0.7955079078674316,17.11863923072815,0.0,0.0,5.405888319015503,0.7087011337280273,16.214134454727173,0.0,0.0,4.489380717277527,0.7143172025680542,13.094629049301147,0.0,0.0,4.845601201057434,0.723734974861145,14.361012518405914,0.0,0.0,8.382711410522461,0.8067111968994141,23.325969219207764,0.06146049499511719,0.2733325958251953,6.745516777038574,0.7257938385009766,16.80500888824463,0.2878708839416504,1.3902862071990967,6.218681335449219,0.6934127807617188,15.212900161743164,0.2357635498046875,1.5600008964538574,8.4632009267807,0.8622255325317383,24.274250149726868,0.08073991537094116,0.1431226134300232,8.124510407447815,0.8894023895263672,21.3090957403183,0.10970067977905273,0.14554357528686523
121,grounded,38,0.60888671875,8.17158991098404,0.9448432922363281,29.80473631620407,0.026732444763183594,0.10375624895095825,8.156227111816406,0.9113378524780273,28.439336597919464,0.0376775860786438,0.15410912036895752,8.460942149162292,0.892035722732544,29.121455192565918,0.026049137115478516,0.05272477865219116,3.228705883026123,0.4231414794921875,9.232041835784912,0.0,0.0,3.806509017944336,0.5663185119628906,11.811822891235352,0.0,0.0,2.5569868087768555,0.47931957244873047,7.610777854919434,0.0,0.0,3.745633602142334,0.7401118278503418,11.963624477386475,0.0,0.0,3.072965621948242,0.5571441650390625,9.927897691726685,0.0,0.0,3.3677215576171875,0.5086450576782227,10.918205499649048,0.0,0.0,3.7470359802246094,0.4920845031738281,11.997505187988281,0.0,0.0,3.9195289611816406,0.4923419952392578,11.352428436279297,0.0,0.0,4.645210266113281,0.5575370788574219,13.687042236328125,0.0,0.0,4.721203804016113,0.63311767578125,13.824063062667847,0.0,0.0,4.377479553222656,0.5289039611816406,12.081790924072266,0.0,0.0,5.235820770263672,0.6387176513671875,17.611352920532227,0.0,0.0,5.381768703460693,0.6481857299804688,15.387322902679443,0.0,0.0,6.0907182693481445,0.7096633911132812,16.72858715057373,0.0,0.0,4.308995008468628,0.6200969219207764,11.759704947471619,0.0,0.0,5.719398498535156,0.6708488464355469,16.688894271850586,0.0,0.0,5.452824592590332,0.6059261560440063,14.168854355812073,0.0,0.0,3.7175955772399902,0.600682258605957,11.277193546295166,0.0,0.0,5.881999731063843,0.7052726745605469,14.836315155029297,0.0,0.0,5.213603734970093,0.6070513725280762,12.901007890701294,0.0,0.0,6.500123500823975,0.7414321899414062,16.81496572494507,0.0,0.0,5.6066575050354,0.6855869293212891,17.950658440589905,0.0,0.0,3.0852508544921875,0.6659126281738281,10.63701057434082,0.0,0.0,4.6078948974609375,0.6220207214355469,14.507313549518585,0.0,0.0,5.9608877301216125,0.7453528642654419,17.98556923866272,0.0,0.0,4.569732189178467,0.7087011337280273,16.567502975463867,0.0,0.0,4.378924250602722,0.6496361494064331,13.819712519645691,0.0,0.0,4.052645802497864,0.7638388872146606,14.440192103385925,0.0,0.0,7.8014538288116455,0.8405342102050781,24.51629763841629,0.06146049499511719,0.2733325958251953,6.199384689331055,0.7254276275634766,17.867342948913574,0.2878708839416504,1.2783478498458862,5.5133819580078125,0.6690330505371094,15.700201034545898,0.2357635498046875,1.5167092680931091,7.765386700630188,0.8844308853149414,25.069442868232727,0.03530073165893555,0.047475337982177734,7.451236248016357,0.8894023895263672,22.021276235580444,0.1130361557006836,0.14648151397705078
121,hallucinated,41,0.5869140625,10.703193604946136,0.9485306143760681,32.33634001016617,0.026732444763183594,0.10929208993911743,10.766856670379639,0.9142270088195801,31.049966156482697,0.04114985466003418,0.15021294355392456,11.106896758079529,0.9056105613708496,31.767409801483154,0.026049137115478516,0.05620217323303223,4.445438385009766,0.4231414794921875,10.448774337768555,0.0,0.0,4.770877838134766,0.5663185119628906,12.776191711425781,0.0,0.0,3.679999351501465,0.4604148864746094,8.733790397644043,0.0,0.0,4.025664329528809,0.7257137298583984,12.24365520477295,0.0,0.0,3.993412494659424,0.48961639404296875,10.848344564437866,0.0,0.0,3.7947330474853516,0.5086450576782227,11.345216989517212,0.0,0.0,4.4196624755859375,0.4627227783203125,12.67013168334961,0.0,0.0,5.116710662841797,0.5093574523925781,12.549610137939453,0.0,0.0,5.516084671020508,0.525909423828125,14.557916641235352,0.0,0.0,6.362187385559082,0.6606540679931641,15.465046644210815,0.0,0.0,5.320793151855469,0.5036087036132812,13.025104522705078,0.0,0.0,6.571250915527344,0.6666603088378906,18.9467830657959,0.0,0.0,6.272981643676758,0.6481857299804688,16.278535842895508,0.0,0.0,7.084596157073975,0.6577210426330566,17.72246503829956,0.0,0.0,6.325954914093018,0.6322684288024902,13.776664853096008,0.0,0.0,7.743707656860352,0.7051467895507812,18.71320343017578,0.0,0.0,7.151988983154297,0.6947250366210938,15.868018746376038,0.0,0.0,6.03450870513916,0.6606259346008301,13.594106674194336,0.0,0.0,7.557518005371094,0.7052726745605469,16.511833429336548,0.0,0.0,6.248057663440704,0.6058114171028137,13.935461819171906,0.0,0.0,8.38364052772522,0.7615232467651367,18.698482751846313,0.0,0.0,8.577025175094604,0.7659461498260498,20.92102611064911,0.0,0.0,4.3534698486328125,0.6659126281738281,11.905229568481445,0.0,0.0,6.581126868724823,0.6668831706047058,16.48054552078247,0.0,0.0,8.017008423805237,0.7488594055175781,20.041689932346344,0.0021420717239379883,0.0021420717239379883,7.014457941055298,0.7087011337280273,19.0122287273407,0.0,0.0,5.217629134654999,0.6463343501091003,14.658417403697968,0.0,0.0,5.317454814910889,0.7323441505432129,15.70500111579895,0.0,0.0,10.458641648292542,0.868341326713562,27.173485457897186,0.06146049499511719,0.2733325958251953,8.788212776184082,0.7529239654541016,20.4543297290802,0.2878708839416504,1.3036459684371948,7.557281494140625,0.6884002685546875,17.734548568725586,0.2357635498046875,1.510711431503296,9.93567180633545,0.851750373840332,27.23701798915863,0.015306472778320312,0.043509840965270996,9.668088912963867,0.8894023895263672,24.260244607925415,0.12073040008544922,0.16822171211242676
122,grounded,33,0.5859375,6.527130424976349,0.9411078691482544,25.809617936611176,0.032343924045562744,0.10244202613830566,6.555966377258301,0.8945837020874023,24.380087196826935,0.035529375076293945,0.11621594429016113,6.753384709358215,0.8940519094467163,24.838998794555664,0.026049137115478516,0.060205936431884766,2.5398025512695312,0.420166015625,7.737209320068359,0.0,0.0,2.9888687133789062,0.5737991333007812,10.142311096191406,0.0,0.0,1.8941984176635742,0.43915843963623047,6.658690452575684,0.0,0.0,2.641613006591797,0.7086124420166016,10.27386474609375,0.0,0.0,2.332362174987793,0.4883918762207031,8.362263441085815,0.0,0.0,2.5143637657165527,0.4907855987548828,9.345279455184937,0.0,0.0,2.667999267578125,0.4627227783203125,9.946975708007812,0.0,0.0,3.1202621459960938,0.47713470458984375,9.57206916809082,0.0,0.0,3.6737403869628906,0.5687294006347656,11.527137756347656,0.0,0.0,3.726551055908203,0.5725250244140625,11.600339651107788,0.0,0.0,3.4303550720214844,0.5323028564453125,10.40744400024414,0.0,0.0,3.999622344970703,0.594451904296875,14.511333465576172,0.0,0.0,3.964235305786133,0.6543769836425781,12.748541831970215,0.0,0.0,4.7006683349609375,0.7453269958496094,13.88189697265625,0.0,0.0,3.2265515327453613,0.5951504707336426,9.764788568019867,0.0,0.0,4.420936584472656,0.6785316467285156,13.637470245361328,0.0,0.0,4.479785919189453,0.6083873510360718,12.162742972373962,0.0,0.0,3.083970069885254,0.6134755611419678,9.868956327438354,0.0,0.0,5.379149675369263,0.7336980104446411,13.306442022323608,0.0,0.0,4.482008337974548,0.6147804260253906,11.566465735435486,0.0,0.0,4.729212760925293,0.6957168579101562,13.417319297790527,0.0,0.0,4.641946792602539,0.69244384765625,15.208442568778992,0.0,0.0,2.508181095123291,0.6657028198242188,9.491838932037354,0.0,0.0,3.629706859588623,0.6383398771286011,12.385090947151184,0.0,0.0,4.514846861362457,0.7682322263717651,15.04732620716095,0.0,0.0,3.734391689300537,0.7086973190307617,14.261788368225098,0.0,0.0,3.315710186958313,0.694046139717102,11.725467801094055,0.0,0.0,3.3780071139335632,0.72565096616745,12.470311641693115,0.0,0.0,6.309723496437073,0.8288313150405884,20.949069142341614,0.061183929443359375,0.2740345001220703,5.060864448547363,0.71209716796875,15.577905654907227,0.2871575355529785,1.3656654357910156,4.537109375,0.6929473876953125,13.8912353515625,0.23505783081054688,1.515293836593628,6.139474809169769,0.851750373840332,21.383501887321472,0.034259796142578125,0.08591759204864502,5.868420362472534,0.8894023895263672,18.377845525741577,0.12431764602661133,0.18153047561645508
122,hallucinated,36,0.56396484375,9.285417556762695,0.9411078691482544,28.567905068397522,0.03314775228500366,0.09222382307052612,9.042841792106628,0.9084694385528564,26.866962611675262,0.035529375076293945,0.17311763763427734,9.44072026014328,0.8974948525428772,27.52633434534073,0.026049137115478516,0.052227675914764404,3.4741859436035156,0.41385459899902344,8.671592712402344,0.0,0.0,4.014434814453125,0.5752029418945312,11.167877197265625,0.0,0.0,2.8751044273376465,0.44852209091186523,7.639596462249756,0.0,0.0,3.5847434997558594,0.7086124420166016,11.216995239257812,0.0,0.0,3.7308197021484375,0.494293212890625,9.76072096824646,0.0,0.0,3.2733349800109863,0.4907855987548828,10.10425066947937,0.0,0.0,4.083827972412109,0.4666290283203125,11.362804412841797,0.0,0.0,4.136150360107422,0.49688720703125,10.587957382202148,0.0,0.0,4.766111373901367,0.5250225067138672,12.619508743286133,0.0,0.0,5.409895896911621,0.6251449584960938,13.283684492111206,0.0,0.0,4.390506744384766,0.5161590576171875,11.367595672607422,0.0,0.0,5.798309326171875,0.6742286682128906,16.310020446777344,0.0,0.0,5.108667373657227,0.6543769836425781,13.892973899841309,0.0,0.0,6.152691841125488,0.6956138610839844,15.3339204788208,0.0,0.0,4.993986368179321,0.6213514804840088,11.532223403453827,0.0,0.0,6.289249420166016,0.6707115173339844,15.505783081054688,0.0,0.0,6.595105171203613,0.6858510971069336,14.278062224388123,0.0,0.0,4.9510650634765625,0.6134755611419678,11.736051321029663,0.0,0.0,6.9049530029296875,0.7053565979003906,14.832245349884033,0.0,0.0,5.719573259353638,0.6434402465820312,12.804030656814575,0.0,0.0,6.745522499084473,0.7656857967376709,15.433629035949707,0.0,0.0,7.08629846572876,0.7626552581787109,17.652794241905212,0.0,0.0,3.896230936050415,0.6657028198242188,10.879888772964478,0.0,0.0,5.872397422790527,0.6575603485107422,14.627781510353088,0.0,0.0,6.643975853919983,0.7556928396224976,17.176455199718475,0.0,0.0,6.177916526794434,0.7086973190307617,16.705313205718994,0.0,0.0,5.160746812820435,0.6880371570587158,13.570504426956177,0.0,0.0,5.069974303245544,0.7457436323165894,14.162278831005096,0.0,0.0,8.614912867546082,0.8592922687530518,23.254258513450623,0.061183929443359375,0.2740345001220703,7.452693939208984,0.764373779296875,17.952430725097656,0.2871575355529785,1.3800511360168457,6.718257904052734,0.7369842529296875,16.074764251708984,0.23505783081054688,1.5117818117141724,8.698566019535065,0.8819141387939453,23.940089344978333,0.034218788146972656,0.05112200975418091,7.976824760437012,0.8894023895263672,20.480406045913696,0.11596369743347168,0.13647818565368652
123,grounded,38,0.57861328125,6.529152095317841,0.940788745880127,29.63264226913452,0.03960120677947998,0.14734554290771484,6.575184226036072,0.9019858837127686,28.48104602098465,0.04559946060180664,0.13918912410736084,6.7604265213012695,0.9036483764648438,29.18375986814499,0.026049137115478516,0.052301883697509766,2.579524040222168,0.4170074462890625,8.700366020202637,0.0,0.0,2.9831600189208984,0.5749435424804688,11.438310623168945,0.0,0.0,1.9597892761230469,0.4597969055175781,7.4623565673828125,0.0,0.0,2.67043399810791,0.7146759033203125,11.595227241516113,0.0,0.0,2.366023063659668,0.4752798080444336,9.356583595275879,0.0,0.0,2.618410110473633,0.47483062744140625,10.862187147140503,0.0,0.0,2.7718353271484375,0.4831209182739258,11.917571067810059,0.0,0.0,3.2258682250976562,0.500518798828125,11.217538833618164,0.0,0.0,3.5990524291992188,0.5537843704223633,13.344571113586426,0.0,0.0,3.8626270294189453,0.5646591186523438,13.718783140182495,0.0,0.0,3.422473907470703,0.53033447265625,11.738723754882812,0.0,0.0,4.155582427978516,0.6383857727050781,17.003881454467773,0.0,0.0,3.8803911209106445,0.641510009765625,14.414855003356934,0.0,0.0,4.48681640625,0.7405509948730469,15.597410202026367,0.0,0.0,3.3561859130859375,0.5944404602050781,10.857053756713867,0.0,0.0,4.461040496826172,0.6747932434082031,15.51310920715332,0.0,0.0,4.48347282409668,0.6096203327178955,13.346966981887817,0.0,0.0,2.698648452758789,0.6144599914550781,9.978081703186035,0.0,0.0,4.926736831665039,0.7179012298583984,13.61830759048462,0.0,0.0,4.09963321685791,0.5897483825683594,12.022621154785156,0.0,0.0,4.853267669677734,0.7309722900390625,15.551437377929688,0.0,0.0,4.781972408294678,0.6854543685913086,17.118417739868164,0.0,0.0,2.4676361083984375,0.6659126281738281,9.969990730285645,0.0,0.0,3.9865509271621704,0.6830064058303833,13.949268817901611,0.0,0.0,5.084110498428345,0.7508723139762878,16.926398158073425,0.0,0.0,4.363524436950684,0.7087011337280273,16.90983247756958,0.0,0.0,3.536778450012207,0.6800346374511719,13.058605432510376,0.0,0.0,3.434369206428528,0.7682744264602661,13.98822796344757,0.0,0.0,6.14829283952713,0.8383391499519348,23.548164427280426,0.06146049499511719,0.2733325958251953,4.708292007446289,0.7029476165771484,16.11898899078369,0.2878708839416504,1.2895277738571167,4.001213073730469,0.662078857421875,13.99018669128418,0.2357635498046875,1.5160911083221436,6.202967584133148,0.851750373840332,25.293244659900665,0.013534307479858398,0.013534307479858398,5.802112102508545,0.8894023895263672,21.767940759658813,0.1323249340057373,0.17688250541687012
123,hallucinated,43,0.58984375,10.668974459171295,0.9447725415229797,33.772464632987976,0.03960120677947998,0.1928759217262268,10.65746259689331,0.9059045314788818,32.56332439184189,0.04559946060180664,0.16694122552871704,11.288930058479309,0.9082951545715332,33.71226340532303,0.026049137115478516,0.04981696605682373,4.165362358093262,0.4170074462890625,10.28620433807373,0.0,0.0,5.04656982421875,0.5716133117675781,13.501720428466797,0.0,0.0,3.6851959228515625,0.4552040100097656,9.187763214111328,0.0,0.0,4.529393196105957,0.7146759033203125,13.45418643951416,0.0,0.0,4.380971431732178,0.49983930587768555,11.371531963348389,0.0,0.0,4.350513458251953,0.47483062744140625,12.594290494918823,0.0,0.0,4.903423309326172,0.4831209182739258,14.049159049987793,0.0,0.0,5.5042877197265625,0.5170440673828125,13.49595832824707,0.0,0.0,6.714468002319336,0.63092041015625,16.459986686706543,0.0,0.0,6.486645221710205,0.5863690376281738,16.342801332473755,0.0,0.0,5.535991668701172,0.5360946655273438,13.852241516113281,0.0,0.0,6.584072113037109,0.5996932983398438,19.432371139526367,0.0,0.0,6.118503570556641,0.641510009765625,16.65296745300293,0.0,0.0,7.150730133056641,0.6938648223876953,18.261323928833008,0.0,0.0,5.964135408401489,0.6102993488311768,13.465003252029419,0.0,0.0,7.392127990722656,0.7174797058105469,18.444196701049805,0.0,0.0,7.498344421386719,0.61102294921875,16.361838579177856,0.0,0.0,5.439824104309082,0.6144599914550781,12.719257354736328,0.0,0.0,7.770999431610107,0.7372417449951172,16.462570190429688,0.0,0.0,6.676051676273346,0.6287002563476562,14.599039614200592,0.0,0.0,7.956769227981567,0.70281982421875,18.65493893623352,0.0,0.0,8.137535572052002,0.7738323211669922,20.47398090362549,0.0,0.0,4.108777761459351,0.6659126281738281,11.611132383346558,0.0,0.0,7.043582916259766,0.6863136291503906,17.006300806999207,0.0,0.0,8.864590585231781,0.7732659578323364,20.70687824487686,0.0,0.0,7.371199131011963,0.7087011337280273,19.91750717163086,0.0,0.0,5.742412805557251,0.652721643447876,15.26423978805542,0.0,0.0,5.5496885776519775,0.7352335453033447,16.10354733467102,0.0,0.0,10.297716796398163,0.8525511622428894,27.69758838415146,0.06146049499511719,0.2733325958251953,8.368078231811523,0.720916748046875,19.778775215148926,0.2878708839416504,1.3101412653923035,7.3763885498046875,0.6622848510742188,17.360586166381836,0.2357635498046875,1.4931528568267822,10.268255770206451,0.852949857711792,29.36027729511261,0.03393363952636719,0.03393363952636719,9.763006925582886,0.8894023895263672,25.715386390686035,0.12818598747253418,0.15627264976501465
124,grounded,34,0.58544921875,6.498761475086212,0.9353640675544739,26.46360456943512,0.03346806764602661,0.14111769199371338,6.55787193775177,0.8930908441543579,25.132254540920258,0.03933531045913696,0.1225271224975586,6.747287750244141,0.8950748443603516,25.637107014656067,0.026049137115478516,0.0514073371887207,2.5071258544921875,0.4134788513183594,8.058305740356445,0.0,0.0,2.9314441680908203,0.5740470886230469,10.215608596801758,0.0,0.0,1.839461326599121,0.44127559661865234,6.7424116134643555,0.0,0.0,2.6055288314819336,0.7162609100341797,10.170758247375488,0.0,0.0,2.2275781631469727,0.48824310302734375,8.661826848983765,0.0,0.0,2.39878511428833,0.4842958450317383,9.060396432876587,0.0,0.0,2.7507095336914062,0.473785400390625,10.226825714111328,0.0,0.0,3.0579986572265625,0.4938163757324219,9.90761947631836,0.0,0.0,3.6349258422851562,0.5741958618164062,12.227764129638672,0.0,0.0,3.820119857788086,0.5793075561523438,12.336741209030151,0.0,0.0,3.3071975708007812,0.5683403015136719,10.771110534667969,0.0,0.0,3.9806013107299805,0.62640380859375,14.989768028259277,0.0,0.0,3.751127243041992,0.6506729125976562,13.1322660446167,0.0,0.0,4.578060150146484,0.7219696044921875,14.505823135375977,0.0,0.0,3.324913740158081,0.602104902267456,10.184374511241913,0.0,0.0,4.574373245239258,0.6650238037109375,14.704364776611328,0.0,0.0,4.42548942565918,0.6116162538528442,12.844609379768372,0.0,0.0,2.669671058654785,0.6089444160461426,9.684629917144775,0.0,0.0,4.451952934265137,0.6972255706787109,13.334391593933105,0.0,0.0,4.005000948905945,0.5987685918807983,11.604586958885193,0.0,0.0,4.992702960968018,0.7457947731018066,14.41151475906372,0.0,0.0,4.674295425415039,0.6668673753738403,15.870341300964355,0.0,0.0,2.468597888946533,0.6657028198242188,9.942824363708496,0.0,0.0,3.6288037300109863,0.612749457359314,12.880833745002747,0.0,0.0,4.749123573303223,0.7896302938461304,15.979550182819366,0.0,0.0,3.7049617767333984,0.7086973190307617,15.076619625091553,0.0,0.0,3.140914559364319,0.6736265420913696,12.01794958114624,0.0,0.0,3.2826268672943115,0.7530276775360107,12.82670533657074,0.0,0.0,6.171743869781494,0.8137302398681641,21.072127878665924,0.061183929443359375,0.2740345001220703,4.701254844665527,0.7240848541259766,14.844990730285645,0.2871575355529785,1.4113982319831848,4.023994445800781,0.6694469451904297,13.099760055541992,0.23505783081054688,1.497528314590454,6.190640091896057,0.851750373840332,21.961338102817535,0.023537874221801758,0.043056488037109375,5.961673378944397,0.8894023895263672,18.956584811210632,0.10817670822143555,0.10904836654663086
124,hallucinated,36,0.62109375,8.26912796497345,0.9372262954711914,28.233971059322357,0.02828007936477661,0.14325952529907227,8.091320395469666,0.9073148965835571,26.665702998638153,0.03933531045913696,0.14917773008346558,8.47025728225708,0.90240478515625,27.360076546669006,0.026049137115478516,0.04545027017593384,3.4412841796875,0.4371147155761719,8.992464065551758,0.0,0.0,3.473377227783203,0.564056396484375,10.75754165649414,0.0,0.0,2.8149261474609375,0.4627532958984375,7.717876434326172,0.0,0.0,3.4149045944213867,0.7162609100341797,10.980134010314941,0.0,0.0,3.216886520385742,0.5249309539794922,9.651135206222534,0.0,0.0,2.7275571823120117,0.4842958450317383,9.389168500900269,0.0,0.0,2.9581222534179688,0.4627227783203125,10.43423843383789,0.0,0.0,3.741455078125,0.4938163757324219,10.591075897216797,0.0,0.0,4.43663215637207,0.5599117279052734,13.029470443725586,0.0,0.0,4.539292812347412,0.5221405029296875,13.055914163589478,0.0,0.0,4.476078033447266,0.6152725219726562,11.939990997314453,0.0,0.0,4.752906799316406,0.5943527221679688,15.762073516845703,0.0,0.0,4.842662811279297,0.6506729125976562,14.223801612854004,0.0,0.0,5.187686920166016,0.7212142944335938,15.115449905395508,0.0,0.0,4.785966634750366,0.6020104885101318,11.645427405834198,0.0,0.0,5.501838684082031,0.6730995178222656,15.631830215454102,0.0,0.0,5.428552627563477,0.6691551208496094,13.847672581672668,0.0,0.0,4.428731203079224,0.6089444160461426,11.443690061569214,0.0,0.0,5.393181324005127,0.6972255706787109,14.275619983673096,0.0,0.0,4.783810555934906,0.6541680693626404,12.383396565914154,0.0,0.0,5.7561376094818115,0.677574634552002,15.174949407577515,0.0,0.0,6.0729875564575195,0.7168025970458984,17.269033432006836,0.0,0.0,4.13661390542984,0.6657028198242188,11.610840380191803,0.0,0.0,5.226555585861206,0.6176660060882568,14.478585600852966,0.0,0.0,6.2971802949905396,0.7896302938461304,17.527606904506683,0.06508195400238037,0.0677950382232666,5.159015655517578,0.7086973190307617,16.530673503875732,0.0,0.0,4.521193087100983,0.712320864200592,13.398228108882904,0.0,0.0,4.577174782752991,0.6942101716995239,14.121253252029419,0.0,0.0,7.964958369731903,0.8366251587867737,22.865342378616333,0.061183929443359375,0.2740345001220703,6.553200006484985,0.759124755859375,16.696935892105103,0.2871575355529785,1.4309524893760681,5.787225723266602,0.7052536010742188,14.862991333007812,0.23505783081054688,1.518474817276001,7.752854883670807,0.851750373840332,23.522616863250732,0.016117334365844727,0.02486252784729004,7.479254364967346,0.8894023895263672,20.48616659641266,0.1042325496673584,0.1183464527130127
125,grounded,36,0.54345703125,6.524204313755035,0.9407631754875183,28.057295560836792,0.03409761190414429,0.1418439745903015,6.589764595031738,0.8960627317428589,26.88412255048752,0.039720237255096436,0.15662020444869995,6.761125147342682,0.8931456208229065,27.43352609872818,0.026049137115478516,0.05178046226501465,2.538876533508301,0.4276275634765625,8.594563484191895,0.0,0.0,2.9811973571777344,0.5810775756835938,10.972854614257812,0.0,0.0,1.8804006576538086,0.4441366195678711,7.052018165588379,0.0,0.0,2.701573371887207,0.7305660247802734,11.047051429748535,0.0,0.0,2.3295059204101562,0.4829216003417969,9.22700810432434,0.0,0.0,2.5524516105651855,0.491943359375,10.026449918746948,0.0,0.0,2.8026199340820312,0.46831512451171875,11.236080169677734,0.0,0.0,3.111053466796875,0.495330810546875,10.57305908203125,0.0,0.0,3.7949752807617188,0.5772857666015625,13.64389419555664,0.0,0.0,3.962787628173828,0.6079483032226562,13.240441083908081,0.0,0.0,3.5167884826660156,0.5528411865234375,11.474578857421875,0.0,0.0,4.0669755935668945,0.6427640914916992,16.13066577911377,0.0,0.0,3.9440746307373047,0.6514739990234375,14.071601867675781,0.0,0.0,4.807607650756836,0.7604103088378906,15.605283737182617,0.0,0.0,3.573498249053955,0.595003604888916,11.01734858751297,0.0,0.0,4.577304840087891,0.6648750305175781,15.944095611572266,0.0,0.0,4.6268310546875,0.625,13.286683440208435,0.0,0.0,3.0443553924560547,0.616154670715332,10.587348937988281,0.0,0.0,5.169427394866943,0.7454156875610352,14.142911911010742,0.0,0.0,4.72782039642334,0.69000244140625,12.787175178527832,0.0,0.0,5.0087571144104,0.739288330078125,15.030031681060791,0.0,0.0,4.496557235717773,0.6525802612304688,16.692564368247986,0.0,0.0,2.505423069000244,0.6657028198242188,9.91550588607788,0.0,0.0,3.816099166870117,0.6339073181152344,13.50988245010376,0.0,0.0,4.620309948921204,0.7682004570960999,16.360139966011047,0.0,0.0,3.726138114929199,0.7086973190307617,15.66376543045044,0.0,0.0,3.588717520236969,0.6535797715187073,12.916253626346588,0.0,0.0,3.512404203414917,0.7262589931488037,13.656631052494049,0.0,0.0,6.332589030265808,0.8329685926437378,22.947625756263733,0.061183929443359375,0.2740345001220703,4.920417785644531,0.7114849090576172,16.44124984741211,0.2871575355529785,1.3866756558418274,4.295116424560547,0.6627960205078125,14.53256607055664,0.23505783081054688,1.499096393585205,6.091842412948608,0.851750373840332,23.522666215896606,0.05095624923706055,0.09344255924224854,5.940824270248413,0.8894023895263672,20.580547094345093,0.12556147575378418,0.19158625602722168
125,hallucinated,38,0.51513671875,8.324429094791412,0.9407631754875183,29.85752034187317,0.03409761190414429,0.16820305585861206,8.258482813835144,0.9061723947525024,28.552840769290924,0.03813821077346802,0.14234483242034912,8.532135605812073,0.8993891477584839,29.204537510871887,0.026049137115478516,0.05874115228652954,3.4801578521728516,0.4276275634765625,9.53587532043457,0.0,0.0,3.773609161376953,0.5992660522460938,11.76571273803711,0.0,0.0,3.220590591430664,0.45673561096191406,8.392007827758789,0.0,0.0,3.4892702102661133,0.7305202484130859,11.834858894348145,0.0,0.0,3.6073107719421387,0.5354232788085938,10.505218267440796,0.0,0.0,3.08718204498291,0.4914703369140625,10.560579538345337,0.0,0.0,3.4198074340820312,0.46836090087890625,11.853569030761719,0.0,0.0,3.8325462341308594,0.4954643249511719,11.295158386230469,0.0,0.0,4.846918106079102,0.6111545562744141,14.696222305297852,0.0,0.0,4.474639892578125,0.5908432006835938,13.752313375473022,0.0,0.0,4.392116546630859,0.5365676879882812,12.350830078125,0.0,0.0,4.716117858886719,0.5913505554199219,16.77921485900879,0.0,0.0,4.919342041015625,0.65142822265625,15.045326232910156,0.0,0.0,5.5197834968566895,0.7574353218078613,16.318356037139893,0.0,0.0,5.057688236236572,0.624267578125,12.500761926174164,0.0,0.0,5.947455406188965,0.7168436050415039,17.315104484558105,0.0,0.0,5.585384368896484,0.7062110900878906,14.245779752731323,0.0,0.0,4.961328506469727,0.656585693359375,12.505228519439697,0.0,0.0,6.293909072875977,0.7564678192138672,15.262808322906494,0.0,0.0,5.647517800331116,0.6651226282119751,13.704883217811584,0.0,0.0,6.239296197891235,0.7367467880249023,16.26030945777893,0.0,0.0,6.793763875961304,0.8183732032775879,18.988340854644775,0.0,0.0,3.920062243938446,0.6659126281738281,11.330846965312958,0.0,0.0,5.436645984649658,0.6540188789367676,15.126404523849487,0.0,0.0,6.64546138048172,0.7872611284255981,18.38493835926056,0.0,0.0,5.810364246368408,0.7087011337280273,17.744300842285156,0.0,0.0,5.2549968957901,0.6885768175125122,14.581872582435608,0.03426980972290039,0.03426980972290039,4.616825342178345,0.7638070583343506,14.76142132282257,0.0,0.0,8.095620155334473,0.8526848554611206,24.708468079566956,0.06146049499511719,0.2733325958251953,6.546060562133789,0.7334747314453125,18.06456184387207,0.2878708839416504,1.3911374807357788,5.705253601074219,0.69940185546875,15.938154220581055,0.2357635498046875,1.4907033443450928,7.967813193798065,0.8520193099975586,25.383055210113525,0.016750335693359375,0.016750335693359375,7.723887383937836,0.8894023895263672,22.360049426555634,0.13812518119812012,0.1519467830657959
126,grounded,58,0.68115234375,16.412152111530304,0.9495313167572021,45.81291210651398,0.03064286708831787,0.20577532052993774,16.852901220321655,0.9264367818832397,45.47989910840988,0.03828781843185425,0.16803932189941406,17.50003695487976,0.9239871501922607,47.09336680173874,0.025836467742919922,0.08348041772842407,7.164943695068359,0.4349784851074219,16.17801284790039,0.0,0.0,7.600917816162109,0.5641517639160156,18.504112243652344,0.0,0.0,6.964410305023193,0.4845123291015625,13.992518901824951,0.0,0.0,7.666220664978027,0.7276039123535156,19.081242561340332,0.0,0.0,7.504801034927368,0.6135234832763672,16.79915142059326,0.0,0.0,6.212247848510742,0.4988899230957031,16.269644021987915,0.0,0.0,6.783500671386719,0.48154449462890625,18.74856948852539,0.0,0.0,8.175065994262695,0.5410232543945312,18.696638107299805,0.0,0.0,9.519206523895264,0.6390495300292969,22.691738605499268,0.0,0.0,10.07706880569458,0.6867828369140625,23.16114592552185,0.0,0.0,8.881645202636719,0.5790481567382812,20.086198806762695,0.0,0.0,11.186506271362305,0.7311325073242188,28.92723274230957,0.0,0.0,11.159936428070068,0.7427120208740234,25.381761074066162,0.0,0.0,12.386445999145508,0.7552280426025391,28.24472713470459,0.0,0.0,10.34153962135315,0.647913932800293,20.578698873519897,0.0,0.0,12.190065383911133,0.7423324584960938,28.58164644241333,0.0,0.0,12.768856048583984,0.7917594909667969,25.83863878250122,0.0,0.0,11.8667733669281,0.7205785512924194,21.821918487548828,0.0,0.0,13.398714542388916,0.8583354949951172,25.856834411621094,0.02660202980041504,0.02660202980041504,11.128714919090271,0.6785297393798828,22.463892340660095,0.0,0.0,13.872757196426392,0.7888355255126953,29.705311059951782,0.0,0.0,13.422648906707764,0.8236570358276367,31.353693544864655,0.0,0.0,7.953975081443787,0.6653213500976562,17.681159377098083,0.0,0.0,12.280918836593628,0.7540817260742188,26.26357865333557,0.0,0.0,14.255724787712097,0.8362693786621094,30.921568870544434,0.0,0.0,12.234491109848022,0.7367544174194336,29.36144232749939,0.0,0.0,10.28799432516098,0.7422351837158203,23.159972012043,0.0,0.0,10.033227443695068,0.7175426483154297,23.812899887561798,0.0,0.0,16.50634640455246,0.8858833312988281,39.720850229263306,0.061496734619140625,0.30303651094436646,13.89042043685913,0.7856063842773438,29.307016849517822,0.2865424156188965,1.3644090294837952,11.928657531738281,0.6934967041015625,24.809961318969727,0.23561668395996094,1.5344252586364746,16.124499797821045,0.8742036819458008,40.77937215566635,0.051074981689453125,0.07959043979644775,15.613667070865631,0.8894290924072266,36.905981838703156,0.15201544761657715,0.3428070545196533
126,hallucinated,59,0.68408203125,17.119599878787994,0.9474829435348511,46.52035987377167,0.03064286708831787,0.21084648370742798,17.727545201778412,0.928981363773346,46.35454308986664,0.03828781843185425,0.1694422960281372,18.376302540302277,0.9239871501922607,47.969632387161255,0.025836467742919922,0.08804655075073242,7.409832000732422,0.4349784851074219,16.422901153564453,0.0,0.0,7.827018737792969,0.5641517639160156,18.730213165283203,0.0,0.0,7.141557216644287,0.4845123291015625,14.169665813446045,0.0,0.0,7.934659957885742,0.7276039123535156,19.349681854248047,0.0,0.0,7.69414496421814,0.6135234832763672,16.988495349884033,0.0,0.0,6.478347301483154,0.4988899230957031,16.535743474960327,0.0,0.0,7.122928619384766,0.48154449462890625,19.087997436523438,0.0,0.0,8.530881881713867,0.5410232543945312,19.052453994750977,0.0,0.0,9.906489849090576,0.6390495300292969,23.07902193069458,0.0,0.0,10.619289875030518,0.6867828369140625,23.703366994857788,0.0,0.0,9.215850830078125,0.5790481567382812,20.4204044342041,0.0,0.0,11.646635055541992,0.7311325073242188,29.387361526489258,0.0,0.0,11.715903759002686,0.7427120208740234,25.93772840499878,0.0,0.0,12.959543228149414,0.7552280426025391,28.817824363708496,0.0,0.0,10.735238790512085,0.647913932800293,20.972398042678833,0.0,0.0,12.849090576171875,0.7423324584960938,29.240671634674072,0.0,0.0,13.416797637939453,0.7917594909667969,26.48658037185669,0.0,0.0,12.203593730926514,0.7205785512924194,22.15873885154724,0.0,0.0,13.980814933776855,0.8583354949951172,26.438934803009033,0.02660202980041504,0.02660202980041504,11.628640592098236,0.6785297393798828,22.96381801366806,0.0,0.0,14.586251020431519,0.7888355255126953,30.41880488395691,0.0,0.0,13.95618200302124,0.8236570358276367,31.88722664117813,0.0,0.0,8.146003007888794,0.6653213500976562,17.87318730354309,0.0,0.0,12.82004427909851,0.7540817260742188,26.802704095840454,0.0,0.0,14.800130665302277,0.8362693786621094,31.465974748134613,0.0,0.0,12.671396970748901,0.7367544174194336,29.79834818840027,0.0,0.0,10.472539484500885,0.7422351837158203,23.344517171382904,0.0,0.0,10.330470860004425,0.7102721333503723,24.110143303871155,0.0,0.0,17.26569241285324,0.8858833312988281,40.48019623756409,0.061496734619140625,0.30303651094436646,14.529942035675049,0.7856063842773438,29.94653844833374,0.2865424156188965,1.363746464252472,12.50689697265625,0.6934967041015625,25.388200759887695,0.23561668395996094,1.5704195499420166,16.720113813877106,0.8742036819458008,41.37454915046692,0.08277130126953125,0.172652006149292,16.287254869937897,0.8894290924072266,37.58328765630722,0.15423107147216797,0.42931413650512695
127,grounded,40,0.5546875,4.9766925573349,0.9418756365776062,31.31038796901703,0.02820134162902832,0.10882198810577393,4.920820951461792,0.9044767618179321,30.18808674812317,0.044328510761260986,0.12429070472717285,4.973141670227051,0.9089951515197754,30.897162318229675,0.026049137115478516,0.05844283103942871,1.9640369415283203,0.4790782928466797,10.343807220458984,0.0,0.0,2.223623275756836,0.6132411956787109,12.174409866333008,0.0,0.0,1.531839370727539,0.46999549865722656,7.959747314453125,0.0,0.0,2.201456069946289,0.7117443084716797,12.528076171875,0.0,0.0,1.900609016418457,0.5127601623535156,10.553237915039062,0.0,0.0,2.0511417388916016,0.6183557510375977,11.577346563339233,0.0,0.0,2.266378402709961,0.5292949676513672,12.93574333190918,0.0,0.0,2.4426803588867188,0.5341262817382812,11.793327331542969,0.0,0.0,2.781757354736328,0.549072265625,14.634578704833984,0.0,0.0,2.722087860107422,0.6192073822021484,14.369838953018188,0.0,0.0,2.4141464233398438,0.49022674560546875,12.960688591003418,0.0,0.0,3.007650375366211,0.7001152038574219,18.810983657836914,0.0,0.0,2.7431297302246094,0.7086029052734375,15.576746940612793,0.0,0.0,2.960010528564453,0.7095870971679688,16.53577423095703,0.0,0.0,2.217777729034424,0.5656781196594238,11.654326915740967,0.0,0.0,3.167229652404785,0.6908760070800781,17.82771921157837,0.0,0.0,3.1769065856933594,0.6401901245117188,15.012117385864258,0.0,0.0,2.2732276916503906,0.6217050552368164,11.506972312927246,0.0,0.0,3.426668643951416,0.7022032737731934,14.854551792144775,0.0,0.0,2.4627026319503784,0.6147297620773315,12.1935533285141,0.0,0.0,3.219799041748047,0.6065406799316406,16.607375144958496,0.0,0.0,3.536191999912262,0.6798343658447266,19.079984605312347,0.0,0.0,2.3094595670700073,0.6707407236099243,11.133387923240662,0.0,0.0,2.8333215713500977,0.6226291656494141,15.067000389099121,0.0,0.0,3.674505591392517,0.7968816757202148,17.580757558345795,0.0,0.0,2.8727855682373047,0.7087011337280273,17.826923847198486,0.0,0.0,2.512009859085083,0.7209303379058838,14.071086287498474,0.0,0.0,2.4804369807243347,0.7102105021476746,15.155767619609833,0.0,0.0,4.765555262565613,0.8393124341964722,25.501856982707977,0.06146049499511719,0.2733325958251953,3.942840576171875,0.7499847412109375,19.090210914611816,0.2878708839416504,1.2137106657028198,3.587289810180664,0.8150959014892578,17.224571228027344,0.2357635498046875,1.4388799667358398,4.85524708032608,0.8797140121459961,27.546916127204895,0.053134799003601074,0.1333264708518982,4.5816521644592285,0.8894023895263672,24.401760816574097,0.1367053985595703,0.33430320024490356
127,hallucinated,51,0.6748046875,13.883508145809174,0.9447448253631592,40.2172035574913,0.028894543647766113,0.15980404615402222,14.125193119049072,0.9141683578491211,39.39245891571045,0.044328510761260986,0.15890049934387207,14.545521438121796,0.9089951515197754,40.46954208612442,0.028844356536865234,0.10204470157623291,6.127191543579102,0.5594654083251953,14.506961822509766,0.0,0.0,6.213361740112305,0.5773468017578125,16.164148330688477,0.0,0.0,5.481866359710693,0.4762420654296875,11.90977430343628,0.0,0.0,6.262444019317627,0.7001609802246094,16.589064121246338,0.0,0.0,6.499732971191406,0.6381869316101074,15.152361869812012,0.0,0.0,5.249236106872559,0.4967794418334961,14.77544093132019,0.0,0.0,5.914255142211914,0.5292949676513672,16.583620071411133,0.0,0.0,6.671863555908203,0.5267066955566406,16.022510528564453,0.0,0.0,8.4573392868042,0.6856718063354492,20.310160636901855,0.0,0.0,8.50426059961319,0.6682824492454529,20.152011692523956,0.0,0.0,7.3704071044921875,0.5254287719726562,17.91694927215576,0.0,0.0,9.35731315612793,0.7119846343994141,25.160646438598633,0.0,0.0,9.108546257019043,0.6934738159179688,21.942163467407227,0.0,0.0,10.058165550231934,0.7726678848266602,23.63392925262451,0.0,0.0,9.364206552505493,0.6545696258544922,18.800755739212036,0.0,0.0,10.832337379455566,0.7520065307617188,25.49282693862915,0.0,0.0,11.457742691040039,0.8120489120483398,23.292953491210938,0.0,0.0,9.307680308818817,0.7182388305664062,18.541424930095673,0.0,0.0,11.464197874069214,0.8691720962524414,22.892081022262573,0.07271623611450195,0.07271623611450195,9.724791407585144,0.7018651962280273,19.455642104148865,0.0,0.0,11.207689106464386,0.8097124099731445,24.595265209674835,0.0,0.0,10.738610744476318,0.7970099449157715,26.282403349876404,0.0,0.0,6.0781567096710205,0.6659126281738281,14.902085065841675,0.0,0.0,9.045771181583405,0.7330589294433594,21.279449999332428,0.0,0.0,11.183538019657135,0.8232994079589844,25.089789986610413,0.0,0.0,10.019373178482056,0.7833867073059082,24.973511457443237,0.0,0.0,8.420752763748169,0.6911070346832275,19.97982919216156,0.0,0.0,8.175508856773376,0.7360483407974243,20.850839495658875,0.0,0.0,14.007158041000366,0.8814878463745117,34.74345976114273,0.06146049499511719,0.28676295280456543,12.305070102214813,0.8123379349708557,27.452440440654755,0.2878708839416504,1.2163206338882446,10.999504089355469,0.79058837890625,24.63678550720215,0.2357635498046875,1.3945636749267578,14.05724447965622,0.9046541452407837,36.748913526535034,0.053134799003601074,0.1645941138267517,13.58584177494049,0.8894023895263672,33.40595042705536,0.1367053985595703,0.3601008653640747
128,grounded,64,0.7158203125,20.617733418941498,0.9487013220787048,51.143685936927795,0.027268588542938232,0.2059556245803833,21.049487709999084,0.9310307502746582,50.57283294200897,0.04946821928024292,0.22235256433486938,21.905558109283447,0.928124189376831,52.42072910070419,0.025836467742919922,0.18849754333496094,9.593039989471436,0.469024658203125,19.199262142181396,0.0,0.0,10.077617645263672,0.5802726745605469,21.990995407104492,0.0,0.0,8.516213655471802,0.4688596725463867,15.749823808670044,0.0,0.0,8.871629238128662,0.7216987609863281,20.53629446029663,0.0,0.0,9.895222067832947,0.6051874160766602,20.497334361076355,0.0,0.0,8.021692276000977,0.4846820831298828,18.85075068473816,0.0,0.0,8.515087127685547,0.4693603515625,21.01134490966797,0.0,0.0,10.410931587219238,0.5462608337402344,21.84498119354248,0.0,0.0,12.800299644470215,0.652435302734375,26.80248761177063,0.0,0.0,13.242302656173706,0.7921420931816101,28.224682569503784,0.0,0.0,10.744140625,0.56427001953125,22.366310119628906,0.0,0.0,14.15931749343872,0.7647533416748047,32.92011499404907,0.0,0.0,13.282154560089111,0.7050094604492188,28.49869966506958,0.0,0.0,16.03076946735382,0.8673330545425415,33.28192055225372,0.0,0.0,14.13058853149414,0.6595644950866699,25.625057101249695,0.0,0.0,15.410410404205322,0.7586584091186523,32.72266912460327,0.0,0.0,16.663804531097412,0.7875022888183594,31.146474599838257,0.0,0.0,13.231593132019043,0.7062854766845703,23.88631534576416,0.0,0.0,17.40320909023285,0.877410888671875,31.65859878063202,0.0,0.0,13.309949040412903,0.6789226531982422,25.49229061603546,0.0,0.0,16.935771644115448,0.8240137100219727,33.51831787824631,0.0,0.0,16.69523286819458,0.8674206733703613,35.50212508440018,0.0,0.0,10.058612763881683,0.6653213500976562,20.08454030752182,0.0,0.0,14.705315828323364,0.7718181610107422,29.17953062057495,0.0,0.0,16.906399726867676,0.81343674659729,34.01608568429947,0.0,0.0,15.189137518405914,0.7603276968002319,33.412478029727936,0.0,0.0,11.905746340751648,0.7057113647460938,25.435177326202393,0.0,0.0,11.7595095038414,0.7215914130210876,25.774964332580566,0.0,0.0,20.09686040878296,0.8825607299804688,43.740227937698364,0.061496734619140625,0.2840914726257324,17.716151118278503,0.8200700283050537,33.94941556453705,0.2865424156188965,1.4454842805862427,15.641454696655273,0.7541904449462891,29.042423248291016,0.23561668395996094,1.5789618492126465,19.89203417301178,0.8855667114257812,45.68361657857895,0.09307861328125,0.3090769648551941,19.540674448013306,0.8894290924072266,42.21222448348999,0.16776084899902344,0.6115355491638184
128,hallucinated,57,0.67626953125,15.02544641494751,0.9481108784675598,45.55139893293381,0.024221599102020264,0.18358927965164185,15.067542493343353,0.9305651187896729,44.59088772535324,0.04946821928024292,0.18343758583068848,15.558093428611755,0.9259586334228516,46.0732644200325,0.025836467742919922,0.12863880395889282,6.7169413566589355,0.4657859802246094,16.323163509368896,0.0,0.0,7.5067901611328125,0.6198768615722656,19.420167922973633,0.0,0.0,6.328616619110107,0.4819965362548828,13.56222677230835,0.0,0.0,6.405187129974365,0.7216987609863281,18.069852352142334,0.0,0.0,7.239072322845459,0.6158161163330078,17.841184616088867,0.0,0.0,5.8074517250061035,0.4846820831298828,16.636510133743286,0.0,0.0,6.015449523925781,0.4693603515625,18.511676788330078,0.0,0.0,7.451135635375977,0.5463409423828125,18.885257720947266,0.0,0.0,8.935553550720215,0.6413030624389648,22.937604188919067,0.0,0.0,9.217318773269653,0.6634464263916016,24.199626207351685,0.0,0.0,7.432559967041016,0.5495758056640625,19.054771423339844,0.0,0.0,9.799964904785156,0.7647533416748047,28.560815811157227,0.0,0.0,9.394664287567139,0.6959095001220703,24.611518383026123,0.0,0.0,11.172826766967773,0.8103256225585938,28.423283576965332,0.0,0.0,10.211355447769165,0.6599857807159424,21.70545780658722,0.0,0.0,10.826499938964844,0.7454595565795898,28.138991355895996,0.0,0.0,11.76226282119751,0.7787418365478516,26.244921922683716,0.0,0.0,9.764620065689087,0.6561992168426514,20.419124841690063,0.0,0.0,12.103143215179443,0.8284187316894531,26.359007835388184,0.0,0.0,10.376100361347198,0.7398958206176758,22.55862122774124,0.0,0.0,12.468864798545837,0.7801094055175781,29.050886511802673,0.0,0.0,12.439026355743408,0.8742637634277344,31.245727837085724,0.0,0.0,7.642366468906403,0.6653213500976562,17.668220102787018,0.0,0.0,10.59293007850647,0.7557373046875,25.067190647125244,0.0,0.0,12.616585731506348,0.8130490779876709,29.726158499717712,0.0,0.0,10.9901784658432,0.7367343902587891,29.212467074394226,0.0,0.0,9.091100215911865,0.7949028015136719,22.620890259742737,0.0,0.0,8.736735463142395,0.7098745107650757,22.7527893781662,0.0,0.0,14.428756296634674,0.8784664869308472,38.07258242368698,0.061496734619140625,0.2969598174095154,12.92746877670288,0.8026084899902344,29.18242633342743,0.2865424156188965,1.3530147671699524,11.323787689208984,0.7539405822753906,24.716386795043945,0.23561668395996094,1.495096206665039,14.414099276065826,0.8746943473815918,40.21883410215378,0.061878204345703125,0.17176133394241333,14.120004296302795,0.8894290924072266,36.79096245765686,0.16118192672729492,0.3134838342666626
129,grounded,56,0.68017578125,15.599238872528076,0.950532853603363,44.30794548988342,0.0313420295715332,0.17730462551116943,15.972741961479187,0.9215285778045654,43.69950753450394,0.04033315181732178,0.14691048860549927,16.580076575279236,0.9239003658294678,45.24164742231369,0.025836467742919922,0.07098972797393799,7.155987739562988,0.4682769775390625,16.13444232940674,0.0,0.0,7.61912989616394,0.5663833618164062,18.63735795021057,0.0,0.0,7.042465925216675,0.4743022918701172,14.065245389938354,0.0,0.0,7.54904842376709,0.7228260040283203,18.822089195251465,0.0,0.0,7.9864654541015625,0.6131801605224609,17.632230520248413,0.0,0.0,6.560492515563965,0.514897346496582,16.920904397964478,0.0,0.0,6.842807769775391,0.5129356384277344,18.81878662109375,0.0,0.0,8.248388290405273,0.5413551330566406,18.9415225982666,0.0,0.0,9.698632836341858,0.6434274911880493,23.010342240333557,0.0,0.0,9.942907571792603,0.7020139694213867,23.066594123840332,0.0,0.0,8.190574645996094,0.54595947265625,19.1328763961792,0.0,0.0,10.868905067443848,0.7331724166870117,28.14760684967041,0.0,0.0,10.823838233947754,0.7058219909667969,25.094881057739258,0.0,0.0,12.75976037979126,0.7787914276123047,28.70163583755493,0.0,0.0,10.149249076843262,0.6644430160522461,20.567256808280945,0.0,0.0,11.655305862426758,0.7583122253417969,27.93190860748291,0.0,0.0,11.656813442707062,0.7917423248291016,24.490143835544586,0.0,0.0,11.291418492794037,0.7176415920257568,21.592300355434418,0.0,0.0,13.358675599098206,0.8625221252441406,26.489879250526428,0.0,0.0,11.454498291015625,0.705810546875,22.943188667297363,0.0,0.0,12.989077091217041,0.78265380859375,28.932036876678467,0.0,0.0,12.69075632095337,0.7904644012451172,30.5383682847023,0.0,0.0,8.620575785636902,0.6653213500976562,18.371845602989197,0.0,0.0,11.811177134513855,0.7750382423400879,25.78776639699936,0.0,0.0,13.439346969127655,0.82688307762146,29.97144103050232,0.0,0.0,11.586545944213867,0.7206850051879883,28.726392030715942,0.0,0.0,10.560376524925232,0.7318487167358398,23.834043562412262,0.0,0.0,10.03517770767212,0.7342462539672852,23.703240275382996,0.0,0.0,15.94366329908371,0.8850841522216797,38.98977190256119,0.061496734619140625,0.3069881200790405,13.843268752098083,0.820439338684082,29.716431975364685,0.2865424156188965,1.3515861630439758,11.634233474731445,0.7488784790039062,25.069252014160156,0.23561668395996094,1.4820172786712646,15.827519118785858,0.9209251403808594,40.32737386226654,0.04331696033477783,0.09804737567901611,15.213937520980835,0.8894290924072266,36.24365049600601,0.1630396842956543,0.3400508165359497
129,hallucinated,57,0.6865234375,16.338881134986877,0.9486224055290222,45.047587752342224,0.0313420295715332,0.1833391785621643,16.841987371444702,0.9275966882705688,44.56875294446945,0.04033315181732178,0.14555710554122925,17.468280732631683,0.9242594838142395,46.12985157966614,0.025836467742919922,0.08116281032562256,7.431013107299805,0.4682769775390625,16.409467697143555,0.0,0.0,7.850424528121948,0.5663833618164062,18.86865258216858,0.0,0.0,7.174126386642456,0.45197105407714844,14.196905851364136,0.0,0.0,7.780490875244141,0.7228260040283203,19.053531646728516,0.0,0.0,8.10978889465332,0.6131801605224609,17.75555396080017,0.0,0.0,6.790524482727051,0.514897346496582,17.150936365127563,0.0,0.0,7.1269378662109375,0.5129356384277344,19.102916717529297,0.0,0.0,8.520421981811523,0.5413551330566406,19.21355628967285,0.0,0.0,10.06649935245514,0.6434274911880493,23.37820875644684,0.0,0.0,10.394811868667603,0.7020139694213867,23.518498420715332,0.0,0.0,8.445503234863281,0.54595947265625,19.387804985046387,0.0,0.0,11.297181129455566,0.7331724166870117,28.57588291168213,0.0,0.0,11.3073091506958,0.7058219909667969,25.578351974487305,0.0,0.0,13.359194278717041,0.7787914276123047,29.301069736480713,0.0,0.0,10.527152299880981,0.6644430160522461,20.945160031318665,0.0,0.0,12.143747329711914,0.7583122253417969,28.420350074768066,0.0,0.0,12.210409939289093,0.7917423248291016,25.043740332126617,0.0,0.0,11.550281465053558,0.7176415920257568,21.85116332769394,0.0,0.0,13.787516951560974,0.8625221252441406,26.918720602989197,0.0,0.0,11.862837195396423,0.705810546875,23.35152757167816,0.0,0.0,13.60503602027893,0.78265380859375,29.547995805740356,0.0,0.0,13.315223217010498,0.7904644012451172,31.16283518075943,0.0,0.0,8.868071794509888,0.6653213500976562,18.619341611862183,0.0,0.0,12.380487322807312,0.7750382423400879,26.357076585292816,0.0,0.0,14.10540521144867,0.82688307762146,30.637499272823334,0.0,0.0,12.113343238830566,0.7206850051879883,29.25318932533264,0.0,0.0,10.794750988483429,0.7318487167358398,24.06841802597046,0.0,0.0,10.318905889987946,0.731441080570221,23.986968457698822,0.0,0.0,16.716708600521088,0.8850841522216797,39.762817203998566,0.061496734619140625,0.3069881200790405,14.48196256160736,0.820439338684082,30.355125784873962,0.2865424156188965,1.352241575717926,12.218133926391602,0.7488784790039062,25.648773193359375,0.23561668395996094,1.4823031425476074,16.523003339767456,0.9209251403808594,41.02263122797012,0.04399830102920532,0.13904911279678345,15.882410407066345,0.8894290924072266,36.906564712524414,0.16241884231567383,0.4203249216079712
130,grounded,58,0.67626953125,16.970375776290894,0.9448579549789429,45.608637273311615,0.015187203884124756,0.09599149227142334,17.59700620174408,0.9281553030014038,45.32746481895447,0.04466104507446289,0.14243924617767334,18.38767671585083,0.9227430820465088,47.02957075834274,0.025836467742919922,0.1323535442352295,7.658123016357422,0.4755973815917969,16.684986114501953,0.0,0.0,8.024147033691406,0.5809860229492188,18.872684478759766,0.0,0.0,7.145627498626709,0.4919428825378418,14.21592664718628,0.0,0.0,7.960847616195679,0.7168178558349609,19.316653966903687,0.0,0.0,8.310423851013184,0.5811361074447632,17.690570831298828,0.0,0.0,7.085350036621094,0.47478485107421875,17.82938027381897,0.0,0.0,7.4567718505859375,0.4940338134765625,19.113555908203125,0.0,0.0,8.550273895263672,0.5306797027587891,18.916747093200684,0.0,0.0,10.45718789100647,0.6239113807678223,23.822598695755005,0.0,0.0,9.828648686408997,0.6192950010299683,22.184874892234802,0.0,0.0,8.979583740234375,0.58154296875,19.646896362304688,0.0,0.0,11.360586166381836,0.7000312805175781,28.415590286254883,0.0,0.0,11.431277751922607,0.7134532928466797,25.227182865142822,0.0,0.0,13.009163975715637,0.7971286773681641,28.062173008918762,0.0,0.0,10.642192125320435,0.6535391807556152,20.509891271591187,0.0,0.0,12.761856079101562,0.7535743713378906,28.500649452209473,0.0,0.0,13.007430076599121,0.8008899688720703,25.445252895355225,0.0,0.0,12.423319816589355,0.7860641479492188,22.609137773513794,0.0,0.0,14.394144773483276,0.8374643325805664,26.77569842338562,0.0,0.0,12.57265019416809,0.7712783813476562,23.728254556655884,0.0,0.0,14.891108632087708,0.843167781829834,30.23033058643341,0.0,0.0,13.64094352722168,0.8499231338500977,31.71825248003006,0.0,0.0,8.266689717769623,0.6726057529449463,17.94270008802414,0.0,0.0,12.22203278541565,0.7889502048492432,26.350682258605957,0.0,0.0,14.588663399219513,0.7996456623077393,31.546046674251556,0.0,0.0,12.495951652526855,0.7190866470336914,29.479445457458496,0.0,0.0,10.539206147193909,0.6900196075439453,23.34632444381714,0.0,0.0,9.595447063446045,0.7022621035575867,22.887592434883118,0.0,0.0,17.447129249572754,0.8803977966308594,40.09297168254852,0.061496734619140625,0.3023850917816162,14.322661399841309,0.7693414688110352,29.267698287963867,0.2865424156188965,1.3590730428695679,12.66064453125,0.7269668579101562,25.254831314086914,0.23561668395996094,1.528932809829712,16.723961293697357,0.8858020305633545,41.161480367183685,0.06969070434570312,0.1825927495956421,16.358044803142548,0.8894290924072266,37.7901514172554,0.16294240951538086,0.37587589025497437
130,hallucinated,57,0.67724609375,16.184849560260773,0.9459065198898315,44.823111057281494,0.01857316493988037,0.09985089302062988,16.681511878967285,0.9234025478363037,44.41197049617767,0.04466104507446289,0.13825130462646484,17.43452799320221,0.923740565776825,46.07642203569412,0.025836467742919922,0.12556087970733643,7.599515914916992,0.4508018493652344,16.626379013061523,0.0,0.0,7.781078338623047,0.5571174621582031,18.629615783691406,0.0,0.0,7.150058746337891,0.47353649139404297,14.220357894897461,0.0,0.0,7.597429513931274,0.7111740112304688,18.953235864639282,0.0,0.0,7.592138648033142,0.6057920455932617,16.972285628318787,0.0,0.0,6.827912330627441,0.45970916748046875,17.571942567825317,0.0,0.0,6.571262359619141,0.4940338134765625,18.228046417236328,0.0,0.0,8.15216064453125,0.5337867736816406,18.51863384246826,0.0,0.0,9.727605819702148,0.6034426689147949,23.093016624450684,0.0,0.0,9.631604671478271,0.6462945938110352,21.987830877304077,0.0,0.0,8.444580078125,0.5848541259765625,19.111892700195312,0.0,0.0,10.936002731323242,0.7106704711914062,27.99100685119629,0.0,0.0,10.965173721313477,0.72247314453125,24.76107883453369,0.0,0.0,11.221098184585571,0.7568950653076172,26.274107217788696,0.0,0.0,9.84383249282837,0.6714296340942383,19.71153163909912,0.0,0.0,11.86550521850586,0.7288360595703125,27.60429859161377,0.0,0.0,11.544539451599121,0.7380104064941406,23.982362270355225,0.0,0.0,11.322811245918274,0.7234921455383301,21.508629202842712,0.0,0.0,13.458673238754272,0.858123779296875,25.840226888656616,0.0,0.0,11.360940337181091,0.7006301879882812,22.516544699668884,0.0,0.0,13.704684972763062,0.7981119155883789,29.043906927108765,0.0,0.0,12.982066750526428,0.8410784006118774,31.05937570333481,0.0,0.0,8.037539005279541,0.6726057529449463,17.713549375534058,0.0,0.0,11.60974931716919,0.8001303672790527,25.738398790359497,0.0,0.0,13.822202026844025,0.8008823394775391,30.779585301876068,0.0,0.0,11.476028203964233,0.7699217796325684,28.459522008895874,0.0,0.0,9.78341257572174,0.733306884765625,22.59053087234497,0.0,0.0,9.29168975353241,0.7237964868545532,22.583835124969482,0.0,0.0,16.577055752277374,0.8818840980529785,39.22289818525314,0.061496734619140625,0.3006986379623413,13.829739570617676,0.7779479026794434,28.774776458740234,0.2865424156188965,1.3557416200637817,11.928077697753906,0.7470703125,24.52226448059082,0.23561668395996094,1.5235645771026611,16.061859130859375,0.8825597763061523,40.508397698402405,0.04453146457672119,0.06395971775054932,15.645014882087708,0.8894290924072266,37.090654611587524,0.15839242935180664,0.2526155114173889
131,grounded,51,0.65478515625,14.151515543460846,0.9474839568138123,40.68887519836426,0.024846315383911133,0.12058007717132568,14.252837657928467,0.9179086685180664,39.502904415130615,0.04178476333618164,0.16666293144226074,14.743265688419342,0.9173647165298462,40.73947638273239,0.028136610984802246,0.0919230580329895,6.162479400634766,0.44329071044921875,13.886632919311523,0.0,0.0,6.401050567626953,0.5680351257324219,16.087135314941406,0.0,0.0,5.4830474853515625,0.4801158905029297,11.746294021606445,0.0,0.0,6.154270172119141,0.7203769683837891,16.187664031982422,0.0,0.0,6.363988399505615,0.5858447551727295,14.82019329071045,0.0,0.0,5.453887939453125,0.4981803894042969,15.070101022720337,0.0,0.0,6.013635635375977,0.47611236572265625,16.664701461791992,0.0,0.0,7.05811882019043,0.5294647216796875,16.621549606323242,0.0,0.0,8.438019633293152,0.5959787368774414,20.30927312374115,0.0,0.0,8.577565670013428,0.5997219085693359,20.359678506851196,0.0,0.0,7.509895324707031,0.57293701171875,17.19435691833496,0.0,0.0,9.256612777709961,0.74578857421875,24.838932037353516,0.0,0.0,9.14251708984375,0.7022018432617188,21.982404708862305,0.0,0.0,10.809527277946472,0.7976779937744141,25.173259615898132,0.0,0.0,9.006663799285889,0.6423306465148926,18.39343225955963,0.0,0.0,11.053062438964844,0.7639312744140625,25.663947105407715,0.0,0.0,11.271193504333496,0.7806663513183594,23.01675534248352,0.0,0.0,9.722940385341644,0.7044777870178223,18.833331048488617,0.0,0.0,12.101343989372253,0.8856258392333984,23.501274943351746,0.008081674575805664,0.008081674575805664,9.968113422393799,0.7082710266113281,20.414917469024658,0.0,0.0,11.885124385356903,0.8274309635162354,25.479169070720673,0.0,0.0,11.980391263961792,0.8320369720458984,27.64150869846344,0.0,0.0,6.757526159286499,0.6659126281738281,15.534572839736938,0.0,0.0,11.178353309631348,0.8471126556396484,23.66238260269165,0.0,0.0,12.506581544876099,0.8502840995788574,27.23849231004715,0.0,0.0,11.064476370811462,0.8027704954147339,25.996185183525085,0.0,0.0,9.6543550491333,0.7274112701416016,21.033374905586243,0.0,0.0,8.542586326599121,0.7130924463272095,21.163874208927155,0.0,0.0,13.949270844459534,0.8793677687644958,35.096665143966675,0.06146049499511719,0.27489137649536133,11.932027578353882,0.7709693908691406,27.264477491378784,0.2878708839416504,1.2888623476028442,10.451644897460938,0.7331256866455078,24.24209213256836,0.2357635498046875,1.432349443435669,13.983326733112335,0.8757857084274292,36.470019459724426,0.06618106365203857,0.23250842094421387,13.253334045410156,0.8894023895263672,33.041998863220215,0.1567516326904297,0.4426233768463135
131,hallucinated,50,0.63916015625,13.416663646697998,0.9456517696380615,39.95402330160141,0.023062705993652344,0.14803951978683472,13.393843293190002,0.9179086685180664,38.64391005039215,0.04631304740905762,0.188839852809906,13.88498866558075,0.9240250587463379,39.8811993598938,0.026049137115478516,0.07485663890838623,5.790134429931641,0.45223236083984375,13.514287948608398,0.0,0.0,6.147178649902344,0.5680351257324219,15.833263397216797,0.0,0.0,5.483147621154785,0.4575042724609375,11.746394157409668,0.0,0.0,5.873135089874268,0.7203769683837891,15.906528949737549,0.0,0.0,6.262361168861389,0.6513919830322266,14.718566060066223,0.0,0.0,5.572505950927734,0.4981803894042969,15.188719034194946,0.0,0.0,5.424110412597656,0.48165130615234375,16.075176239013672,0.0,0.0,6.557003974914551,0.5382270812988281,16.120434761047363,0.0,0.0,7.667969346046448,0.599029541015625,19.539222836494446,0.0,0.0,8.085715770721436,0.6297721862792969,19.867828607559204,0.0,0.0,7.004337310791016,0.5601005554199219,16.688798904418945,0.0,0.0,8.816911697387695,0.74578857421875,24.39923095703125,0.0,0.0,8.911238551139832,0.6976833343505859,21.751126170158386,0.0,0.0,10.459686756134033,0.7693595886230469,24.823419094085693,0.0,0.0,8.324149131774902,0.6452984809875488,17.710917592048645,0.0,0.0,10.012688636779785,0.7439708709716797,24.623573303222656,0.0,0.0,10.399210929870605,0.7752590179443359,22.14477276802063,0.0,0.0,9.096653044223785,0.6938520073890686,18.207043707370758,0.0,0.0,11.123919010162354,0.8449840545654297,22.523849964141846,0.018561124801635742,0.028595924377441406,9.705285787582397,0.6977729797363281,20.152089834213257,0.0,0.0,11.013810873031616,0.8111629486083984,24.607855558395386,0.0,0.0,11.10905122756958,0.8209877014160156,26.770168662071228,0.0,0.0,6.604990243911743,0.6659126281738281,15.382036924362183,0.0,0.0,10.622646808624268,0.77801513671875,23.10667610168457,0.0,0.0,11.695816099643707,0.8332347869873047,26.42772686481476,0.0,0.0,10.159072399139404,0.7631263732910156,25.090781211853027,0.0,0.0,9.06750202178955,0.789700984954834,20.446521878242493,0.0,0.0,7.953335285186768,0.7029910087585449,20.5746231675148,0.0,0.0,13.068488359451294,0.8810367584228516,34.215882658958435,0.06146049499511719,0.2733325958251953,11.29185563325882,0.7813968062400818,26.624305546283722,0.2878708839416504,1.2907027006149292,9.723594665527344,0.7331256866455078,23.514041900634766,0.2357635498046875,1.4276039600372314,13.06958556175232,0.8651529550552368,35.55627828836441,0.06669628620147705,0.19524359703063965,12.327688992023468,0.8894023895263672,32.11635380983353,0.1567516326904297,0.43914109468460083
132,grounded,65,0.6494140625,21.176879405975342,0.9528802633285522,51.47666531801224,0.021368682384490967,0.12335681915283203,21.776342630386353,0.9244457483291626,51.25421875715256,0.052470386028289795,0.21081995964050293,22.87072116136551,0.930745542049408,53.421379923820496,0.032241761684417725,0.11865264177322388,9.383289337158203,0.4425048828125,18.62349510192871,0.0,0.0,10.182186126708984,0.5593070983886719,21.879703521728516,0.0,0.0,8.672742366790771,0.476531982421875,16.254165172576904,0.0,0.0,9.041643619537354,0.7317657470703125,20.861734867095947,0.0,0.0,10.182373523712158,0.5918641090393066,20.5113468170166,0.0,0.0,9.238876342773438,0.4918251037597656,20.33258843421936,0.0,0.0,10.291051864624023,0.5395584106445312,23.59878444671631,0.0,0.0,11.263679504394531,0.5555000305175781,22.882482528686523,0.0,0.0,13.775181293487549,0.6482696533203125,28.242552280426025,0.0,0.0,14.265097260475159,0.7435311675071716,29.31604564189911,0.0,0.0,12.514850616455078,0.6779708862304688,25.100393295288086,0.0,0.0,14.565755844116211,0.7498092651367188,33.6088924407959,0.0,0.0,14.210140347480774,0.7298222780227661,29.576815724372864,0.0,0.0,17.21074879169464,0.8321388959884644,35.075209736824036,0.0,0.0,13.693748712539673,0.6861879825592041,24.93689262866974,0.0,0.0,16.187053203582764,0.7477512359619141,34.06085157394409,0.0,0.0,16.88701629638672,0.8405866622924805,31.69982385635376,0.0,0.0,14.374700546264648,0.7236218452453613,25.676743030548096,0.0,0.0,17.954128742218018,0.843043327331543,31.84853506088257,0.0,0.0,15.19166487455368,0.8006868362426758,27.692537486553192,0.0,0.0,18.454665660858154,0.8591780662536621,36.0730357170105,0.0,0.0,17.45866107940674,0.8985376358032227,36.76671725511551,0.0,0.0,10.043764770030975,0.6653213500976562,20.239246547222137,0.0,0.0,15.839393973350525,0.8141298294067383,31.0435608625412,0.0,0.0,17.357214093208313,0.8159666061401367,34.946960508823395,0.0,0.0,15.435965299606323,0.7431020736694336,33.827555418014526,0.0,0.0,12.651458024978638,0.7576208114624023,26.053660690784454,0.0,0.0,12.46616417169571,0.6973043084144592,26.89758574962616,0.0,0.0,21.132044792175293,0.8804059028625488,45.05348527431488,0.061496734619140625,0.29684579372406006,18.48103564977646,0.7853145599365234,35.02461379766464,0.2865424156188965,1.336732566356659,16.375652313232422,0.7113113403320312,30.335107803344727,0.23561668395996094,1.5255098342895508,20.685626089572906,0.8844165802001953,46.28257930278778,0.07737541198730469,0.17107218503952026,20.276177287101746,0.8894290924072266,42.072577595710754,0.14744997024536133,0.3141826391220093
132,hallucinated,62,0.65087890625,18.703675985336304,0.9528802633285522,49.0034618973732,0.021368682384490967,0.13536453247070312,19.28675365447998,0.9243451356887817,48.764629781246185,0.052470386028289795,0.2243008017539978,20.224129617214203,0.9361057281494141,50.77478837966919,0.0288236141204834,0.10075467824935913,8.56527328491211,0.44256591796875,17.805574417114258,0.0,0.0,9.259979248046875,0.56329345703125,20.95758056640625,0.0,0.0,8.317220211029053,0.48035430908203125,15.898353099822998,0.0,0.0,8.580583333969116,0.7317657470703125,20.400731801986694,0.0,0.0,9.283488988876343,0.6239376068115234,19.61323571205139,0.0,0.0,8.276418209075928,0.4916343688964844,19.370409727096558,0.0,0.0,8.992950439453125,0.5395584106445312,22.30033588409424,0.0,0.0,10.174144744873047,0.55548095703125,21.791730880737305,0.0,0.0,12.12957239151001,0.6482791900634766,26.59563112258911,0.0,0.0,12.87113243341446,0.7435979843139648,27.922142803668976,0.0,0.0,11.071024894714355,0.6776771545410156,23.656716346740723,0.0,0.0,13.03164291381836,0.7497978210449219,32.0743293762207,0.0,0.0,12.79927909374237,0.7296055555343628,28.1659277677536,0.0,0.0,15.297359943389893,0.8317556381225586,33.162084102630615,0.0,0.0,12.485500812530518,0.6860408782958984,23.728987455368042,0.0,0.0,13.951233863830566,0.7385663986206055,31.825450897216797,0.0,0.0,15.178019046783447,0.8407111167907715,29.9919216632843,0.0,0.0,13.208329200744629,0.7239890098571777,24.508301734924316,0.0,0.0,16.3332257270813,0.8428449630737305,30.2306170463562,0.0,0.0,13.658963441848755,0.8006114959716797,26.158144235610962,0.0,0.0,16.469862461090088,0.8589954376220703,34.08851671218872,0.0,0.0,15.798768520355225,0.8980435132980347,35.10499721765518,0.0,0.0,9.27147376537323,0.6653213500976562,19.468172907829285,0.0,0.0,14.514301061630249,0.8138256072998047,29.719061851501465,0.0,0.0,15.711013555526733,0.8155560493469238,33.29994851350784,0.0,0.0,14.04218339920044,0.7435932159423828,32.43453931808472,0.0,0.0,11.548577308654785,0.7561721801757812,24.950437009334564,0.0,0.0,11.520861268043518,0.7028471231460571,25.953396141529083,0.0,0.0,19.010930955410004,0.8803386688232422,42.932651817798615,0.061496734619140625,0.2962415814399719,16.595289528369904,0.7850685119628906,33.155257284641266,0.2865424156188965,1.3395567536354065,14.668861389160156,0.7110977172851562,28.655622482299805,0.23561668395996094,1.5344152450561523,18.55825364589691,0.8841230869293213,44.14658623933792,0.030567169189453125,0.08669281005859375,18.23676711320877,0.8894290924072266,40.029561936855316,0.1498558521270752,0.17338252067565918
133,grounded,47,0.5986328125,13.191953361034393,0.9425963759422302,37.21033960580826,0.04410463571548462,0.2087411880493164,13.225454926490784,0.9174491167068481,35.80546981096268,0.04778921604156494,0.16419005393981934,13.674449443817139,0.9074728488922119,36.87353700399399,0.043247222900390625,0.1123204231262207,5.277584075927734,0.411529541015625,11.801502227783203,0.0,0.0,5.652539253234863,0.5556068420410156,14.184406280517578,0.0,0.0,4.840660095214844,0.44799041748046875,10.442291259765625,0.0,0.0,5.265986442565918,0.7110233306884766,14.273219108581543,0.0,0.0,5.135483741760254,0.5630607604980469,12.47534728050232,0.0,0.0,4.967893123626709,0.48207664489746094,13.458971738815308,0.0,0.0,5.26678466796875,0.46422576904296875,14.647908210754395,0.0,0.0,5.9740142822265625,0.5007057189941406,14.263712882995605,0.0,0.0,7.49071204662323,0.605746865272522,17.934567153453827,0.0,0.0,7.762179136276245,0.5997982025146484,18.09268617630005,0.0,0.0,6.368682861328125,0.5148773193359375,15.031543731689453,0.0,0.0,7.760143280029297,0.6476860046386719,21.21864891052246,0.0,0.0,7.958849906921387,0.6942787170410156,18.978886604309082,0.0,0.0,8.907341003417969,0.7350559234619141,20.65225601196289,0.0,0.0,8.476744413375854,0.6629199981689453,16.529964804649353,0.0,0.0,9.026473045349121,0.6967391967773438,21.373290061950684,0.0,0.0,9.18798828125,0.7238655090332031,19.063446760177612,0.0,0.0,8.027945518493652,0.6942567825317383,16.371967792510986,0.0,0.0,9.887021541595459,0.7814235687255859,19.804243564605713,0.0,0.0,8.529112577438354,0.6395721435546875,17.67294478416443,0.0,0.0,10.368889331817627,0.7758865356445312,22.3274827003479,0.0,0.0,10.521682739257812,0.8302459716796875,24.552339911460876,0.0,0.0,5.8983314037323,0.6659126281738281,14.120269536972046,0.0,0.0,9.42212176322937,0.7351894378662109,20.512290716171265,0.0,0.0,10.988109409809113,0.7949142456054688,24.12170958518982,0.0,0.0,9.4596848487854,0.7087011337280273,23.071860313415527,0.0,0.0,7.062083721160889,0.6948995590209961,17.93314641714096,0.0,0.0,7.0907498598098755,0.7353802919387817,18.315522611141205,0.0,0.0,12.70036256313324,0.8400182723999023,30.775517284870148,0.06146049499511719,0.2733325958251953,10.794979572296143,0.7586936950683594,23.287688732147217,0.2878708839416504,1.312732219696045,9.10302734375,0.6996536254882812,19.94297218322754,0.2357635498046875,1.6187474727630615,12.33002233505249,0.851750373840332,31.758875489234924,0.07412528991699219,0.16801029443740845,11.916079342365265,0.8894023895263672,28.41363787651062,0.1190042495727539,0.3264402747154236
133,hallucinated,45,0.57763671875,11.494462192058563,0.945370614528656,35.51284843683243,0.04410463571548462,0.1905306577682495,11.57617563009262,0.9124014377593994,34.156190514564514,0.04778921604156494,0.15784305334091187,11.989185512065887,0.9041461944580078,35.18827307224274,0.03384077548980713,0.10604315996170044,4.791999816894531,0.4297351837158203,11.31591796875,0.0,0.0,4.894213676452637,0.5602836608886719,13.426080703735352,0.0,0.0,4.176338195800781,0.4332294464111328,9.777969360351562,0.0,0.0,4.58583927154541,0.7110233306884766,13.593071937561035,0.0,0.0,4.587045669555664,0.5526466369628906,11.92690920829773,0.0,0.0,4.430306434631348,0.48207664489746094,12.921385049819946,0.0,0.0,4.7652740478515625,0.4627227783203125,14.146397590637207,0.0,0.0,5.397876739501953,0.4984626770019531,13.687575340270996,0.0,0.0,6.706211805343628,0.596698522567749,17.150066912174225,0.0,0.0,6.863131880760193,0.599279522895813,17.193638920783997,0.0,0.0,5.555793762207031,0.5135345458984375,14.21865463256836,0.0,0.0,6.612937927246094,0.6476860046386719,20.071443557739258,0.0,0.0,7.099404335021973,0.6966323852539062,18.119441032409668,0.0,0.0,7.858009338378906,0.7136478424072266,19.602924346923828,0.0,0.0,7.414267301559448,0.6622304916381836,15.467487692832947,0.0,0.0,7.85054874420166,0.7059488296508789,20.197365760803223,0.0,0.0,8.138895034790039,0.7140846252441406,18.01435351371765,0.0,0.0,7.052749156951904,0.6581277847290039,15.396771430969238,0.0,0.0,8.526155471801758,0.7526969909667969,18.44337749481201,0.0,0.0,7.539447247982025,0.6473846435546875,16.6832794547081,0.0,0.0,9.050677418708801,0.7783031463623047,21.009270787239075,0.0,0.0,9.120367527008057,0.7767486572265625,23.15102469921112,0.0,0.0,5.186706304550171,0.6659126281738281,13.408644437789917,0.0,0.0,8.376561045646667,0.7578010559082031,19.466729998588562,0.0,0.0,9.660295307636261,0.7949142456054688,22.793895483016968,0.0,0.0,8.221826076507568,0.7087011337280273,21.834001541137695,0.0,0.0,6.169261336326599,0.7130756378173828,17.04032403230667,0.0,0.0,6.3742746114730835,0.7537902593612671,17.599047362804413,0.0,0.0,11.112459659576416,0.8668363094329834,29.187614381313324,0.06146049499511719,0.2733325958251953,9.469125986099243,0.7621726989746094,21.960721254348755,0.2878708839416504,1.3167104721069336,7.9409027099609375,0.6986846923828125,18.7618350982666,0.2357635498046875,1.6280362606048584,10.747352421283722,0.851750373840332,30.167369306087494,0.09984493255615234,0.14980006217956543,10.296823978424072,0.8894023895263672,26.78895741701126,0.1290215253829956,0.317341685295105
134,grounded,55,0.6904296875,14.675305187702179,0.9477115869522095,43.27997297048569,0.01965087652206421,0.1357218623161316,15.138218939304352,0.9215590357780457,42.92421090602875,0.03677487373352051,0.16963249444961548,15.650283098220825,0.9185068607330322,44.212911665439606,0.025836467742919922,0.09162735939025879,6.462200164794922,0.4166107177734375,14.780168533325195,0.0,0.0,6.978252410888672,0.5669593811035156,17.66425323486328,0.0,0.0,5.900792121887207,0.46363353729248047,12.581414222717285,0.0,0.0,6.654160022735596,0.7256622314453125,17.62123727798462,0.0,0.0,6.382995843887329,0.6153564453125,15.562809705734253,0.0,0.0,5.789419174194336,0.47908973693847656,15.797015905380249,0.0,0.0,6.50201416015625,0.4808998107910156,18.455612182617188,0.0,0.0,7.105043411254883,0.5199737548828125,17.63686752319336,0.0,0.0,8.386512756347656,0.5644187927246094,21.522731065750122,0.0,0.0,8.912479996681213,0.6509421467781067,22.000925302505493,0.0,0.0,7.717098236083984,0.614013671875,18.648265838623047,0.0,0.0,9.078683853149414,0.7012100219726562,25.568429946899414,0.0,0.0,9.505346298217773,0.7120780944824219,23.180130004882812,0.0,0.0,10.204638957977295,0.7396941184997559,25.04238271713257,0.0,0.0,9.689078330993652,0.6614322662353516,20.121679663658142,0.0,0.0,10.414743423461914,0.752197265625,25.91795253753662,0.0,0.0,11.162918090820312,0.7542819976806641,24.039869785308838,0.0,0.0,10.244420230388641,0.6862888336181641,20.627017199993134,0.0,0.0,12.236892938613892,0.8212385177612305,24.324856996536255,0.0,0.0,11.03287422657013,0.7220001220703125,22.65404522418976,0.0,0.0,12.584473490715027,0.8001337051391602,28.175923228263855,0.0,0.0,12.091290473937988,0.8771300315856934,29.410888969898224,0.0,0.0,7.642296314239502,0.6653213500976562,17.235371589660645,0.0,0.0,10.778154850006104,0.7906856536865234,24.33310294151306,0.0,0.0,12.578105926513672,0.7991151809692383,28.233185291290283,0.0,0.0,11.092548608779907,0.7314891815185547,28.076347589492798,0.0,0.0,9.601366221904755,0.7882699966430664,22.221631586551666,0.0,0.0,8.608545303344727,0.7489461898803711,21.5837824344635,0.0,0.0,14.934287786483765,0.8833026885986328,37.153167605400085,0.061496734619140625,0.2788071632385254,12.888290107250214,0.8025989532470703,27.423695266246796,0.2865424156188965,1.3543649315834045,11.459936141967773,0.750518798828125,23.756580352783203,0.23561668395996094,1.5424177646636963,14.506340026855469,0.8516912460327148,38.31330406665802,0.015400707721710205,0.03441125154495239,14.271768987178802,0.8894290924072266,35.49470192193985,0.15861570835113525,0.29240715503692627
134,hallucinated,55,0.68115234375,14.662273705005646,0.9470354318618774,43.266941487789154,0.01965087652206421,0.13833004236221313,15.136880934238434,0.9211348295211792,42.92287290096283,0.036693572998046875,0.16778570413589478,15.655816614627838,0.9185068607330322,44.21844518184662,0.029078960418701172,0.10165351629257202,6.484066009521484,0.42240333557128906,14.802034378051758,0.0,0.0,7.026508331298828,0.5684700012207031,17.712509155273438,0.0,0.0,5.87620735168457,0.4656982421875,12.556829452514648,0.0,0.0,6.669815540313721,0.7256622314453125,17.636892795562744,0.0,0.0,6.405369520187378,0.6153564453125,15.585183382034302,0.0,0.0,5.861327648162842,0.47908973693847656,15.868924379348755,0.0,0.0,6.483665466308594,0.4808998107910156,18.43726348876953,0.0,0.0,7.146215438842773,0.5199737548828125,17.67803955078125,0.0,0.0,8.357379913330078,0.5644187927246094,21.493598222732544,0.0,0.0,9.020201981067657,0.6509421467781067,22.108647286891937,0.0,0.0,7.779338836669922,0.614013671875,18.710506439208984,0.0,0.0,9.131410598754883,0.7012100219726562,25.621156692504883,0.0,0.0,9.587953567504883,0.7120780944824219,23.262737274169922,0.0,0.0,10.212863445281982,0.7396941184997559,25.050607204437256,0.0,0.0,9.762803077697754,0.6537303924560547,20.195404410362244,0.0,0.0,10.442388534545898,0.752197265625,25.945597648620605,0.0,0.0,11.19686508178711,0.7542819976806641,24.073816776275635,0.0,0.0,10.23925131559372,0.6862888336181641,20.62184828519821,0.0,0.0,12.28314995765686,0.8212385177612305,24.371114015579224,0.0,0.0,11.099339067935944,0.7220001220703125,22.720510065555573,0.0,0.0,12.629890084266663,0.8001337051391602,28.22133982181549,0.0,0.0,12.140311479568481,0.8771300315856934,29.459909975528717,0.0,0.0,7.685938596725464,0.6653213500976562,17.279013872146606,0.0,0.0,10.897520780563354,0.7906856536865234,24.452468872070312,0.0,0.0,12.539910972118378,0.7908191680908203,28.19499033689499,0.0,0.0,11.129717111587524,0.7314891815185547,28.113516092300415,0.0,0.0,9.654472470283508,0.7882699966430664,22.27473783493042,0.0,0.0,8.61942571401596,0.7380885481834412,21.594662845134735,0.0,0.0,14.952753186225891,0.8833026885986328,37.17163300514221,0.061496734619140625,0.2788071632385254,12.93990296125412,0.8025989532470703,27.475308120250702,0.2865424156188965,1.3569835424423218,11.50212287902832,0.750518798828125,23.79876708984375,0.23561668395996094,1.5438296794891357,14.519873857498169,0.8516912460327148,38.32827627658844,0.011101722717285156,0.02439737319946289,14.265922784805298,0.8894290924072266,35.49020159244537,0.1657273769378662,0.2995188236236572
135,grounded,71,0.75146484375,21.844265282154083,0.9538862109184265,55.90022301673889,0.020864367485046387,0.17826908826828003,22.746737897396088,0.9243279099464417,56.39057117700577,0.03782963752746582,0.11213767528533936,23.925098955631256,0.9267477989196777,58.93069118261337,0.03024202585220337,0.1485072374343872,11.0267333984375,0.5330362319946289,22.674796104431152,0.0,0.0,11.907337188720703,0.5815620422363281,26.035127639770508,0.0,0.0,10.515337944030762,0.5043220520019531,19.18407154083252,0.0,0.0,11.045447587966919,0.7270698547363281,24.838255167007446,0.0,0.0,12.72540956735611,0.6339292526245117,25.128890812397003,0.0,0.0,10.27505874633789,0.5299758911132812,24.19702696800232,0.0,0.0,10.24522089958191,0.5759658813476562,25.987366437911987,0.0,0.0,11.605513453483582,0.6304531097412109,25.079219698905945,0.0,0.0,14.224195957183838,0.7449865341186523,30.762754559516907,0.0,0.0,14.391943335533142,0.6910238265991211,31.718080639839172,0.0,0.0,13.401065826416016,0.6668281555175781,28.012401580810547,0.0,0.0,15.574934959411621,0.7330780029296875,36.879740715026855,0.0,0.0,15.704612731933594,0.767096996307373,33.578535079956055,0.0,0.0,18.924265027046204,0.8819441795349121,39.73171579837799,0.0,0.0,14.921702861785889,0.6463155746459961,28.432610034942627,0.0,0.0,17.376884937286377,0.7627964019775391,38.45095157623291,0.0,0.0,18.43208360671997,0.8108978271484375,35.880537271499634,0.0,0.0,16.40180194377899,0.7612671256065369,28.872172236442566,0.0,0.0,20.679759621620178,0.9057884216308594,37.273897767066956,0.021043062210083008,0.021043062210083008,16.968721568584442,0.7801494598388672,31.837487399578094,0.0,0.0,20.06677007675171,0.8304996490478516,40.76337480545044,0.0,0.0,18.632815420627594,0.8271675109863281,40.86187946796417,0.0,0.0,11.8797847032547,0.6653213500976562,23.186858773231506,0.0,0.0,17.3966304063797,0.789710521697998,35.19148242473602,0.0,0.0,19.035145461559296,0.8050332069396973,38.78233051300049,0.0,0.0,17.567379474639893,0.7812943458557129,38.70108127593994,0.0,0.0,15.542861759662628,0.8197267055511475,30.41609615087509,0.0,0.0,14.261288940906525,0.7396593689918518,30.428973019123077,0.0,0.0,22.190182983875275,0.8896899223327637,49.244836151599884,0.061496734619140625,0.2744598388671875,20.259059846401215,0.8400645852088928,38.6519860625267,0.2865424156188965,1.3578636646270752,18.375798225402832,0.7984304428100586,34.082072257995605,0.23561668395996094,1.532257318496704,22.166658639907837,0.9035501480102539,51.94935363531113,0.04480093717575073,0.06302028894424438,21.63872081041336,0.8894290924072266,47.72690016031265,0.1305091381072998,0.13790249824523926
135,hallucinated,72,0.75439453125,22.674360513687134,0.9529037475585938,56.73031824827194,0.020864367485046387,0.18631517887115479,23.530836820602417,0.9245609045028687,57.1746701002121,0.03782963752746582,0.12012165784835815,24.773834705352783,0.9267477989196777,59.7794269323349,0.03220975399017334,0.1516215205192566,11.354357719421387,0.4569244384765625,23.00242042541504,0.0,0.0,12.183544158935547,0.5815620422363281,26.31133460998535,0.0,0.0,10.651500701904297,0.5043220520019531,19.320234298706055,0.0,0.0,11.280816316604614,0.7270698547363281,25.07362389564514,0.0,0.0,12.823898375034332,0.6339292526245117,25.227379620075226,0.0,0.0,10.407194137573242,0.5299758911132812,24.32916235923767,0.0,0.0,10.56377100944519,0.5759658813476562,26.30591654777527,0.0,0.0,11.982420802116394,0.6304531097412109,25.456127047538757,0.0,0.0,14.50417184829712,0.7449865341186523,31.042730450630188,0.0,0.0,14.92437493801117,0.6910238265991211,32.2505122423172,0.0,0.0,13.737468719482422,0.6668281555175781,28.348804473876953,0.0,0.0,16.082758903503418,0.7330780029296875,37.38756465911865,0.0,0.0,16.07573413848877,0.767096996307373,33.94965648651123,0.0,0.0,19.438425183296204,0.8819441795349121,40.24587595462799,0.0,0.0,15.38259744644165,0.6463155746459961,28.89350461959839,0.0,0.0,17.999523639678955,0.7627964019775391,39.07359027862549,0.0,0.0,19.040531635284424,0.8108978271484375,36.48898530006409,0.0,0.0,16.690427660942078,0.7612671256065369,29.160797953605652,0.0,0.0,21.066025376319885,0.9057884216308594,37.66016352176666,0.021043062210083008,0.021043062210083008,17.3571720123291,0.7801494598388672,32.225937843322754,0.0,0.0,20.724557280540466,0.8304996490478516,41.4211620092392,0.0,0.0,19.279742777347565,0.8271675109863281,41.50880682468414,0.016258060932159424,0.016258060932159424,12.086059927940369,0.6653213500976562,23.393133997917175,0.0,0.0,17.902177453041077,0.789710521697998,35.6970294713974,0.0,0.0,19.786850094795227,0.8050332069396973,39.53403514623642,0.0,0.0,17.97965097427368,0.7812943458557129,39.11335277557373,0.0,0.0,15.921432614326477,0.8197267055511475,30.79466700553894,0.0,0.0,14.619300246238708,0.7601405382156372,30.78698432445526,0.0,0.0,23.00970059633255,0.8896899223327637,50.06435376405716,0.061496734619140625,0.2744598388671875,20.827416360378265,0.8400645852088928,39.220342576503754,0.2865424156188965,1.3566554188728333,19.01183032989502,0.7984304428100586,34.71810436248779,0.23561668395996094,1.5369408130645752,22.966516852378845,0.9035501480102539,52.75522196292877,0.049082159996032715,0.06730151176452637,22.391824543476105,0.8894290924072266,48.489788353443146,0.1279621124267578,0.14300870895385742
136,grounded,40,0.5283203125,9.786820888519287,0.9453068375587463,31.333309769630432,0.023440241813659668,0.1163756251335144,9.949343919754028,0.9105063676834106,30.332289814949036,0.04261159896850586,0.13012611865997314,10.373939156532288,0.9079146385192871,31.07127320766449,0.026049137115478516,0.03972184658050537,3.7000198364257812,0.4316215515136719,10.061039924621582,0.0,0.0,4.446918487548828,0.5541763305664062,12.63235855102539,0.0,0.0,3.041073799133301,0.4551553726196289,8.441636085510254,0.0,0.0,4.14870548248291,0.7185049057006836,12.649243354797363,0.0,0.0,3.7187905311584473,0.5423583984375,10.870086431503296,0.0,0.0,3.8784878253936768,0.5687713623046875,11.492496490478516,0.0,0.0,4.449737548828125,0.5151252746582031,12.8238525390625,0.0,0.0,4.466014862060547,0.4949073791503906,11.90618896484375,0.0,0.0,5.629706382751465,0.5415878295898438,14.812098503112793,0.0,0.0,5.751499593257904,0.6020259857177734,14.699104487895966,0.0,0.0,4.984676361083984,0.5464744567871094,13.201950073242188,0.0,0.0,6.505439758300781,0.6559257507324219,19.132192611694336,0.0,0.0,6.505008697509766,0.660369873046875,16.738173961639404,0.0,0.0,7.706477165222168,0.7227993011474609,19.09623408317566,0.0,0.0,5.241176605224609,0.5860443115234375,12.368463039398193,0.0,0.0,6.668455123901367,0.7221183776855469,18.14154052734375,0.0,0.0,7.2347307205200195,0.6609735488891602,16.122321486473083,0.0,0.0,5.13957953453064,0.6290585994720459,12.634426593780518,0.0,0.0,7.432351112365723,0.7290248870849609,16.56307578086853,0.0,0.0,7.2582390904426575,0.6815652847290039,15.655141651630402,0.0,0.0,7.498437881469727,0.7379798889160156,17.82761001586914,0.0,0.0,7.615465879440308,0.7278242111206055,19.71012794971466,0.0,0.0,4.166152000427246,0.6659126281738281,11.819196701049805,0.0,0.0,6.340009570121765,0.7358407974243164,16.147295594215393,0.0,0.0,8.669909238815308,0.804530143737793,20.330116510391235,0.0,0.0,7.313794016838074,0.7709465026855469,19.638185381889343,0.0,0.0,6.213998913764954,0.6505671739578247,15.674029111862183,0.0,0.0,5.305295050144196,0.748413622379303,15.564045369625092,0.0,0.0,9.648369908332825,0.8446264266967773,26.1583531498909,0.06146049499511719,0.2733325958251953,8.257857322692871,0.7945308685302734,19.965013027191162,0.2878708839416504,1.3813350796699524,7.480369567871094,0.7306900024414062,17.860286712646484,0.2357635498046875,1.6008734703063965,9.347350776195526,0.851750373840332,26.800128281116486,0.042222023010253906,0.08169877529144287,9.046745479106903,0.8894023895263672,23.564217746257782,0.09404104948043823,0.10532253980636597
136,hallucinated,39,0.5703125,9.1348916888237,0.9424386620521545,30.681380569934845,0.023440241813659668,0.10485541820526123,9.157427430152893,0.9106837511062622,29.5403733253479,0.03826338052749634,0.129072368144989,9.392732203006744,0.896812915802002,30.090066254138947,0.026049137115478516,0.03891730308532715,3.504812240600586,0.44004058837890625,9.865832328796387,0.0,0.0,4.021587371826172,0.5541763305664062,12.207027435302734,0.0,0.0,3.3779592514038086,0.4644460678100586,8.778521537780762,0.0,0.0,3.910675048828125,0.7182216644287109,12.411212921142578,0.0,0.0,3.921957015991211,0.5519008636474609,11.07325291633606,0.0,0.0,3.4104974269866943,0.5278940200805664,11.024506092071533,0.0,0.0,3.7179832458496094,0.4684944152832031,12.092098236083984,0.0,0.0,4.093441009521484,0.4949073791503906,11.533615112304688,0.0,0.0,4.831199645996094,0.5094070434570312,14.013591766357422,0.0,0.0,4.929143190383911,0.5660133361816406,13.876748085021973,0.0,0.0,4.60186767578125,0.5222930908203125,12.819141387939453,0.0,0.0,5.970039367675781,0.7214088439941406,18.596792221069336,0.0,0.0,5.659923553466797,0.6395950317382812,15.893088817596436,0.0,0.0,6.5606608390808105,0.7198045253753662,17.9504177570343,0.0,0.0,5.683334112167358,0.6264512538909912,12.810620546340942,0.0,0.0,6.762182235717773,0.7269554138183594,18.235267639160156,0.0,0.0,6.875204086303711,0.7181053161621094,15.762794852256775,0.0,0.0,5.950986325740814,0.6855906844139099,13.445833384990692,0.0,0.0,7.468916416168213,0.8428306579589844,16.59964108467102,0.0,0.0,6.428111553192139,0.7193360328674316,14.825014114379883,0.0,0.0,6.9084696769714355,0.7469005584716797,17.23764181137085,0.0,0.0,7.146148204803467,0.757634162902832,19.24081027507782,0.0,0.0,4.07425594329834,0.6659126281738281,11.727300643920898,0.0,0.0,6.1763715744018555,0.7055721282958984,15.983657598495483,0.0,0.0,7.851414620876312,0.8494253158569336,19.51162189245224,0.007768094539642334,0.007768094539642334,6.580563068389893,0.7445197105407715,18.904954433441162,0.0,0.0,5.520349025726318,0.6785507202148438,14.980379223823547,0.0,0.0,5.287581741809845,0.707607090473175,15.546332061290741,0.0,0.0,8.80243694782257,0.8513755798339844,25.312420189380646,0.06146049499511719,0.2733325958251953,7.8381125926971436,0.8187899589538574,19.527629137039185,0.2878708839416504,1.3958733081817627,6.951881408691406,0.7725601196289062,17.297771453857422,0.2357635498046875,1.593524694442749,8.588158965110779,0.8525166511535645,26.041588008403778,0.05179595947265625,0.11403787136077881,8.26011598110199,0.8894023895263672,22.765345692634583,0.12604618072509766,0.24541568756103516
137,grounded,37,0.51171875,4.963276505470276,0.9402125477790833,28.863246202468872,0.028330326080322266,0.06525379419326782,4.92412269115448,0.9101905822753906,27.64998632669449,0.04272866249084473,0.14737290143966675,4.957477569580078,0.9042339324951172,28.215840339660645,0.026049137115478516,0.03237581253051758,1.9536705017089844,0.4426422119140625,8.675971984863281,0.0,0.0,2.1895370483398438,0.6081771850585938,11.128707885742188,0.0,0.0,1.506089210510254,0.4633798599243164,7.411349296569824,0.0,0.0,2.2544784545898438,0.7154617309570312,11.393455505371094,0.0,0.0,1.9190349578857422,0.5236129760742188,9.655913591384888,0.0,0.0,2.093144416809082,0.6422767639160156,10.392290353775024,0.0,0.0,2.2536849975585938,0.4684944152832031,11.633638381958008,0.0,0.0,2.3714599609375,0.5195388793945312,10.750312805175781,0.0,0.0,2.6697006225585938,0.5389022827148438,12.65576171875,0.0,0.0,2.8358688354492188,0.585784912109375,13.256292581558228,0.0,0.0,2.4354515075683594,0.5186500549316406,11.651138305664062,0.0,0.0,3.0433883666992188,0.6753721237182617,17.11049175262451,0.0,0.0,2.6894607543945312,0.6797714233398438,14.07603645324707,0.0,0.0,2.9372940063476562,0.7016716003417969,15.53303050994873,0.0,0.0,2.13496732711792,0.5654139518737793,10.4941326379776,0.0,0.0,3.0781078338623047,0.7206583023071289,16.07302188873291,0.0,0.0,3.225666046142578,0.6208095550537109,13.645435094833374,0.0,0.0,2.3438620567321777,0.6214532852172852,10.451842308044434,0.0,0.0,3.7052977085113525,0.723576545715332,14.04171633720398,0.0,0.0,2.781139612197876,0.620434045791626,12.058840990066528,0.0,0.0,3.3213729858398438,0.6485176086425781,15.146141052246094,0.0,0.0,3.329249083995819,0.6957321166992188,16.798071444034576,0.0,0.0,2.246594548225403,0.6659126281738281,10.498472809791565,0.0,0.0,3.102877140045166,0.7072548866271973,14.084392070770264,0.0,0.0,3.9647082686424255,0.7834128737449646,16.886554718017578,0.0,0.0,2.9741554260253906,0.7087011337280273,16.7863187789917,0.0,0.0,2.540609121322632,0.7017638683319092,12.741793632507324,0.0,0.0,2.4956542253494263,0.7239505052566528,13.581221282482147,0.0,0.0,4.757014155387878,0.8253525495529175,23.356406927108765,0.06146049499511719,0.2781181335449219,3.7757797241210938,0.7204265594482422,16.605955600738525,0.2878708839416504,1.3721603155136108,3.452434539794922,0.74053955078125,14.780311584472656,0.2357635498046875,1.522212028503418,4.654249966144562,0.851750373840332,23.997311413288116,0.010656118392944336,0.02032923698425293,4.294578313827515,0.8894023895263672,20.49691331386566,0.12512004375457764,0.12803542613983154
137,hallucinated,45,0.61474609375,11.514957070350647,0.9430685043334961,35.41492676734924,0.03219383955001831,0.10000139474868774,11.644409894943237,0.9102737903594971,34.370273530483246,0.04272866249084473,0.13250917196273804,11.978958785533905,0.9113578796386719,35.23732155561447,0.03778660297393799,0.06766247749328613,4.220760345458984,0.4426422119140625,10.943061828613281,0.0,0.0,5.034458160400391,0.5490646362304688,13.973628997802734,0.0,0.0,4.209682464599609,0.4840564727783203,10.11494255065918,0.0,0.0,4.989161968231201,0.7127590179443359,14.128139019012451,0.0,0.0,4.978349685668945,0.5434274673461914,12.71522831916809,0.0,0.0,4.465309143066406,0.5281696319580078,12.764455080032349,0.0,0.0,4.8425445556640625,0.4684944152832031,14.222497940063477,0.0,0.0,5.527259826660156,0.49568939208984375,13.906112670898438,0.0,0.0,5.983634948730469,0.5410385131835938,15.969696044921875,0.0,0.0,6.823531687259674,0.6110877990722656,17.243955433368683,0.0,0.0,6.203941345214844,0.5419769287109375,15.419628143310547,0.0,0.0,7.53564453125,0.7310409545898438,21.602747917175293,0.0,0.0,7.038944244384766,0.6488533020019531,18.425519943237305,0.0,0.0,8.004934310913086,0.690007209777832,20.60067081451416,0.0,0.0,7.4150800704956055,0.6337647438049316,15.774245381355286,0.0,0.0,8.67875051498413,0.7528362274169922,21.673664569854736,0.0,0.0,8.84358549118042,0.7493839263916016,19.263354539871216,0.0,0.0,7.336798191070557,0.64105224609375,15.444778442382812,0.0,0.0,9.075544357299805,0.8585481643676758,19.41196298599243,0.028513431549072266,0.028513431549072266,8.078352808952332,0.7587413787841797,17.356054186820984,0.0,0.0,9.028205156326294,0.7607946395874023,20.852973222732544,0.0,0.0,8.91527372598648,0.8479552865028381,22.384096086025238,0.0,0.0,5.266449213027954,0.6659126281738281,13.518327474594116,0.0,0.0,7.6180078983306885,0.7725534439086914,18.599522829055786,0.0,0.0,9.581422328948975,0.8533782958984375,22.503268778324127,0.01813143491744995,0.03257441520690918,8.114752173423767,0.8153079748153687,21.926915526390076,0.0,0.0,6.994702935218811,0.6921101808547974,17.195887446403503,0.0,0.0,6.632883429527283,0.6784301400184631,17.718450486660004,0.0,0.0,11.303518891334534,0.8591098189353943,29.90291166305542,0.06146049499511719,0.30317866802215576,9.716045379638672,0.8124723434448242,22.546221256256104,0.2878708839416504,1.3763366341590881,8.813880920410156,0.77435302734375,20.105472564697266,0.2357635498046875,1.5496931076049805,10.938519656658173,0.87746262550354,30.278258681297302,0.07455062866210938,0.1989525556564331,10.475726246833801,0.8894023895263672,26.689650416374207,0.12016630172729492,0.3561978340148926
138,grounded,45,0.56494140625,9.957440793514252,0.9416536688804626,35.68122923374176,0.026223063468933105,0.1120864748954773,9.831878185272217,0.9126925468444824,34.133076548576355,0.046552062034606934,0.15904289484024048,10.181671559810638,0.9087586402893066,35.20890873670578,0.026049137115478516,0.08000022172927856,4.343803405761719,0.46628570556640625,12.190103530883789,0.0,0.0,4.636909484863281,0.5628852844238281,14.386346817016602,0.0,0.0,4.1506757736206055,0.4937171936035156,10.640257835388184,0.0,0.0,4.488489151000977,0.7105827331542969,14.16485595703125,0.0,0.0,4.296306610107422,0.5467929840087891,12.440124750137329,0.0,0.0,3.6172943115234375,0.5135717391967773,12.855887651443481,0.0,0.0,4.071842193603516,0.4627227783203125,14.503791809082031,0.0,0.0,4.987699508666992,0.5385894775390625,14.058483123779297,0.0,0.0,6.110248565673828,0.6401901245117188,17.280397415161133,0.0,0.0,6.204416394233704,0.6298427581787109,17.8535236120224,0.0,0.0,5.4154205322265625,0.5543785095214844,15.236961364746094,0.0,0.0,6.845556259155273,0.7041206359863281,22.23171615600586,0.0,0.0,6.524936676025391,0.6851310729980469,19.065750122070312,0.0,0.0,7.830926895141602,0.78314208984375,22.039071083068848,0.0,0.0,6.5863659381866455,0.611724853515625,15.453464984893799,0.0,0.0,7.262353897094727,0.7481555938720703,21.54315185546875,0.0,0.0,8.08100551366806,0.7856311798095703,18.874292075634003,0.0,0.0,6.564377665519714,0.6640468835830688,15.377421975135803,0.0,0.0,8.206424713134766,0.8288378715515137,18.77467679977417,0.0,0.0,7.5015565156936646,0.7856826782226562,17.314315915107727,0.0,0.0,8.32301664352417,0.7998485565185547,21.282220363616943,0.0,0.0,8.338541269302368,0.8247697353363037,23.60068118572235,0.0,0.0,5.043665766716003,0.6659126281738281,13.911117434501648,0.0,0.0,7.598098874092102,0.7598792314529419,19.982200741767883,0.0,0.0,7.969229102134705,0.7565956115722656,21.496644973754883,0.0,0.0,7.018805027008057,0.7896676063537598,21.772724151611328,0.0,0.0,6.904568552970886,0.6816177368164062,18.47022545337677,0.0,0.0,6.116068422794342,0.7395148873329163,18.325979113578796,0.0,0.0,9.672917187213898,0.8523712158203125,29.008015036582947,0.06146049499511719,0.2849295139312744,8.457608342170715,0.8046503067016602,21.497676968574524,0.2878708839416504,1.3033673167228699,7.8385162353515625,0.770599365234375,19.29145622253418,0.2357635498046875,1.5055217742919922,9.631839156150818,0.8843774795532227,30.887500286102295,0.0012648701667785645,0.0012648701667785645,9.296157240867615,0.8894023895263672,27.49955403804779,0.11238718032836914,0.11238718032836914
138,hallucinated,49,0.58251953125,13.325045704841614,0.9412693381309509,39.04883414506912,0.03222334384918213,0.13405072689056396,13.18292772769928,0.9216700792312622,37.48412609100342,0.046552062034606934,0.1881389021873474,13.683061599731445,0.9108245372772217,38.71029877662659,0.026049137115478516,0.10336554050445557,5.571985244750977,0.45207977294921875,13.418285369873047,0.0,0.0,5.865818023681641,0.5628852844238281,15.615255355834961,0.0,0.0,5.092580795288086,0.4969978332519531,11.582162857055664,0.0,0.0,5.620099067687988,0.7105827331542969,15.296465873718262,0.0,0.0,5.517876625061035,0.5574378967285156,13.661694765090942,0.0,0.0,4.925936698913574,0.5135717391967773,14.164530038833618,0.0,0.0,5.120082855224609,0.4627227783203125,15.552032470703125,0.0,0.0,6.413906097412109,0.5233840942382812,15.484689712524414,0.0,0.0,8.050512313842773,0.6146774291992188,19.220661163330078,0.0,0.0,8.429489374160767,0.6309394836425781,20.078596591949463,0.0,0.0,6.9810028076171875,0.5488128662109375,16.80254364013672,0.0,0.0,8.950389862060547,0.6820220947265625,24.336549758911133,0.0,0.0,8.621479034423828,0.6806602478027344,21.16229248046875,0.0,0.0,10.346883296966553,0.7822017669677734,24.5550274848938,0.0,0.0,8.784538745880127,0.6551446914672852,17.65163779258728,0.0,0.0,9.654579162597656,0.7463760375976562,23.93537712097168,0.0,0.0,10.772295951843262,0.8268270492553711,21.565582513809204,0.0,0.0,8.658072531223297,0.7134993672370911,17.471116840839386,0.0,0.0,10.644878268241882,0.857459545135498,21.213130354881287,0.0,0.0,8.974846601486206,0.6777191162109375,18.78760600090027,0.0,0.0,10.731445550918579,0.7515192031860352,23.690649271011353,0.0,0.0,11.323400497436523,0.8540301322937012,26.585540413856506,0.0,0.0,6.101261615753174,0.6659126281738281,14.968713283538818,0.0,0.0,9.754629015922546,0.6876707077026367,22.138730883598328,0.0,0.0,10.108412742614746,0.7825127840042114,23.635828614234924,0.0,0.0,9.383585453033447,0.807591438293457,24.13750457763672,0.0,0.0,8.813431978225708,0.685577392578125,20.379088878631592,0.0,0.0,7.774332642555237,0.7498599290847778,19.98424333333969,0.0,0.0,12.789511561393738,0.8592746257781982,32.12460941076279,0.06146049499511719,0.2734065055847168,11.066556751728058,0.7889328002929688,24.10291749238968,0.2878708839416504,1.3250808715820312,10.167869567871094,0.76025390625,21.62080955505371,0.2357635498046875,1.5013303756713867,13.027321875095367,0.8766211271286011,34.27510130405426,0.01891922950744629,0.04856610298156738,12.559579491615295,0.8894023895263672,30.737024664878845,0.1397254467010498,0.1397254467010498
139,grounded,40,0.58984375,8.084938168525696,0.9404614567756653,31.09429359436035,0.04312843084335327,0.1720815896987915,8.21785569190979,0.9018058776855469,30.111203372478485,0.04270064830780029,0.17647016048431396,8.371275186538696,0.9020285606384277,30.714023113250732,0.026049137115478516,0.04271817207336426,3.3268747329711914,0.4393157958984375,9.837430000305176,0.0,0.0,3.8044137954711914,0.5778579711914062,12.475712776184082,0.0,0.0,2.8038454055786133,0.4807596206665039,8.520787239074707,0.0,0.0,3.2461376190185547,0.7203521728515625,12.101081848144531,0.0,0.0,2.8199315071105957,0.51104736328125,10.293864011764526,0.0,0.0,2.927663803100586,0.5213546752929688,10.7664053440094,0.0,0.0,3.5916175842285156,0.4813575744628906,12.81936264038086,0.0,0.0,3.774017333984375,0.5115737915039062,11.737943649291992,0.0,0.0,4.703441619873047,0.5817794799804688,14.142950057983398,0.0,0.0,4.907981872558594,0.6207141876220703,14.49127459526062,0.0,0.0,4.024261474609375,0.4741363525390625,12.449938774108887,0.0,0.0,5.124118804931641,0.6431674957275391,18.428585052490234,0.0,0.0,4.996259689331055,0.6329059600830078,15.86622428894043,0.0,0.0,5.728340148925781,0.6876945495605469,17.568403244018555,0.0,0.0,4.5399816036224365,0.6127316951751709,12.481265664100647,0.0,0.0,5.734628677368164,0.7489280700683594,17.780380249023438,0.0,0.0,5.437994003295898,0.6355113983154297,14.615935921669006,0.0,0.0,4.079168796539307,0.6149702072143555,12.077916145324707,0.0,0.0,5.251486301422119,0.6693363189697266,13.890400409698486,0.0,0.0,5.193804025650024,0.6225852966308594,13.519367933273315,0.0,0.0,6.555336117744446,0.7304682731628418,17.68981945514679,0.0,0.0,6.1374053955078125,0.7903900146484375,18.88955783843994,0.0,0.0,3.4384925365448,0.6659126281738281,11.233808279037476,0.0,0.0,5.302535653114319,0.6890342235565186,15.459953665733337,0.0,0.0,6.497981905937195,0.7361431121826172,18.482181131839752,0.0,0.0,5.417326927185059,0.7087011337280273,18.271003246307373,0.0,0.0,5.490982234477997,0.6949290633201599,15.302022635936737,0.0,0.0,4.755531013011932,0.7546746134757996,15.636788010597229,0.0,0.0,8.045523405075073,0.8542194366455078,25.169330894947052,0.06146049499511719,0.2733325958251953,6.615201950073242,0.738494873046875,18.034608840942383,0.2878708839416504,1.2842679619789124,6.00634765625,0.7453689575195312,16.026884078979492,0.2357635498046875,1.5290906429290771,7.8504868149757385,0.8529872894287109,26.28465360403061,0.02102947235107422,0.06272709369659424,7.594742298126221,0.8894023895263672,23.17072343826294,0.09811234474182129,0.10065627098083496
139,hallucinated,40,0.5810546875,8.070260107517242,0.9414145350456238,31.079615533351898,0.04312843084335327,0.16258561611175537,8.350958466529846,0.9057352542877197,30.24430614709854,0.04270064830780029,0.20301800966262817,8.491047143936157,0.9006273746490479,30.833795070648193,0.026049137115478516,0.05854439735412598,3.6230125427246094,0.4393157958984375,10.133567810058594,0.0,0.0,3.942333221435547,0.5803489685058594,12.613632202148438,0.0,0.0,3.0931901931762695,0.4709148406982422,8.810132026672363,0.0,0.0,3.4203052520751953,0.7203521728515625,12.275249481201172,0.0,0.0,3.536590099334717,0.4956378936767578,11.010522603988647,0.0,0.0,2.9473581314086914,0.5213546752929688,10.786099672317505,0.0,0.0,3.3599090576171875,0.4813575744628906,12.587654113769531,0.0,0.0,3.8216781616210938,0.48503875732421875,11.785604476928711,0.0,0.0,4.268740177154541,0.5093441009521484,13.708248615264893,0.0,0.0,4.854722023010254,0.6606559753417969,14.43801474571228,0.0,0.0,3.963836669921875,0.48444366455078125,12.389513969421387,0.0,0.0,4.768817901611328,0.6431674957275391,18.073284149169922,0.0,0.0,5.062129974365234,0.6329059600830078,15.93209457397461,0.0,0.0,5.054744720458984,0.6558265686035156,16.894807815551758,0.0,0.0,4.8919477462768555,0.6023893356323242,12.833231806755066,0.0,0.0,5.550135612487793,0.6865301132202148,17.595887184143066,0.0,0.0,5.344083786010742,0.7157058715820312,14.52202570438385,0.0,0.0,4.512946128845215,0.6149702072143555,12.511693477630615,0.0,0.0,5.247653007507324,0.6782741546630859,13.886567115783691,0.0,0.0,4.649172127246857,0.6150000691413879,12.974736034870148,0.0,0.0,6.4583659172058105,0.75238037109375,17.592849254608154,0.0,0.0,6.348543465137482,0.7562454342842102,19.10069590806961,0.0,0.0,3.5457067489624023,0.6659126281738281,11.341022491455078,0.0,0.0,5.395555377006531,0.6265907287597656,15.55297338962555,0.0,0.0,6.459188222885132,0.737781286239624,18.44338744878769,0.0018234848976135254,0.0018234848976135254,5.670500993728638,0.7087011337280273,18.524177312850952,0.0,0.0,5.259985625743866,0.6759578585624695,15.071026027202606,0.0,0.0,4.848903775215149,0.7493411302566528,15.730160772800446,0.0,0.0,7.998692750930786,0.8292198181152344,25.122500240802765,0.06146049499511719,0.2733325958251953,6.747756004333496,0.7397937774658203,18.167162895202637,0.2878708839416504,1.2910780310630798,6.0240020751953125,0.7035903930664062,16.044538497924805,0.2357635498046875,1.5247056484222412,8.011810004711151,0.851750373840332,26.45333731174469,0.02994924783706665,0.040504515171051025,7.563281416893005,0.8894023895263672,23.121448397636414,0.12804198265075684,0.1305859088897705
140,grounded,39,0.580078125,9.049718379974365,0.9411157965660095,30.828314900398254,0.02557539939880371,0.13541609048843384,8.955756425857544,0.9039126634597778,29.15327686071396,0.04624581336975098,0.12314051389694214,9.144249618053436,0.8979465961456299,29.74884819984436,0.026049137115478516,0.04929304122924805,3.4190616607666016,0.42173004150390625,9.586725234985352,0.0,0.0,4.358829498291016,0.5755195617675781,12.537124633789062,0.0,0.0,3.360947608947754,0.47311878204345703,8.87369441986084,0.0,0.0,3.912374496459961,0.7157630920410156,12.273731231689453,0.0,0.0,3.794682025909424,0.5171661376953125,10.783772945404053,0.0,0.0,3.567154884338379,0.5440301895141602,11.152347803115845,0.0,0.0,4.154895782470703,0.4942779541015625,12.624755859375,0.0,0.0,4.509037017822266,0.49835968017578125,11.738690376281738,0.0,0.0,5.425490379333496,0.5728721618652344,14.645776748657227,0.0,0.0,5.178267478942871,0.5746116638183594,14.188948392868042,0.0,0.0,4.6177978515625,0.559600830078125,12.665536880493164,0.0,0.0,5.794290542602539,0.6471576690673828,18.751876831054688,0.0,0.0,5.986290454864502,0.6361579895019531,16.721413612365723,0.0,0.0,7.434031963348389,0.7524166107177734,19.36967182159424,0.0,0.0,5.609673023223877,0.6116347312927246,13.019126653671265,0.0,0.0,6.142114639282227,0.7047462463378906,17.454383850097656,0.0,0.0,6.782758712768555,0.7038612365722656,15.520841240882874,0.0,0.0,5.2593114376068115,0.6097445487976074,12.655394792556763,0.0,0.0,6.652605056762695,0.7706832885742188,15.218056201934814,0.0,0.0,6.30173122882843,0.6835842132568359,14.239520192146301,0.0,0.0,7.107552528381348,0.7306671142578125,17.395344734191895,0.0,0.0,7.1936564445495605,0.8011655807495117,19.239927887916565,0.0,0.0,4.471299946308136,0.6659126281738281,12.03016310930252,0.0,0.0,6.366870403289795,0.8224406242370605,16.555875062942505,0.0,0.0,7.540186405181885,0.7546958923339844,19.318979740142822,0.0,0.0,6.077054262161255,0.7351360321044922,17.95601725578308,0.0,0.0,5.9187615513801575,0.7047290802001953,15.605058491230011,0.0,0.0,5.357164621353149,0.7458765506744385,15.648262619972229,0.0,0.0,8.689145803451538,0.8318881988525391,24.449230670928955,0.06146049499511719,0.2733325958251953,7.284317970275879,0.7489109039306641,17.919373512268066,0.2878708839416504,1.464075744152069,6.606239318847656,0.7111663818359375,16.05540657043457,0.2357635498046875,1.5487446784973145,8.686412155628204,0.8631575107574463,26.071201264858246,0.01639854907989502,0.01639854907989502,8.1627396941185,0.8894023895263672,22.467959344387054,0.1276252269744873,0.14214003086090088
140,hallucinated,39,0.5419921875,9.27788931131363,0.9406902194023132,31.05648583173752,0.02391839027404785,0.15095967054367065,8.976895332336426,0.9040307998657227,29.17441576719284,0.043267011642456055,0.11884212493896484,9.16428941488266,0.9037151336669922,29.768887996673584,0.026049137115478516,0.06858766078948975,3.361907958984375,0.4087371826171875,9.529571533203125,0.0,0.0,4.238914489746094,0.5755195617675781,12.41720962524414,0.0,0.0,3.4817466735839844,0.4728279113769531,8.99449348449707,0.0,0.0,3.678781509399414,0.7157630920410156,12.040138244628906,0.0,0.0,3.8965935707092285,0.5306968688964844,10.885684490203857,0.0,0.0,3.4436869621276855,0.5440301895141602,11.028879880905151,0.0,0.0,3.8291358947753906,0.4942779541015625,12.298995971679688,0.0,0.0,4.222740173339844,0.4953193664550781,11.452393531799316,0.0,0.0,5.5028181076049805,0.60943603515625,14.723104476928711,0.0,0.0,5.173831462860107,0.5746116638183594,14.184512376785278,0.0,0.0,4.473049163818359,0.4999275207519531,12.520788192749023,0.0,0.0,5.784446716308594,0.6471576690673828,18.742033004760742,0.0,0.0,5.978427410125732,0.6361579895019531,16.713550567626953,0.0,0.0,7.471844673156738,0.810948371887207,19.407484531402588,0.0,0.0,6.024679183959961,0.6357536315917969,13.434132814407349,0.0,0.0,6.308671951293945,0.6935691833496094,17.620941162109375,0.0,0.0,7.072281837463379,0.7191123962402344,15.810364365577698,0.0,0.0,5.496313571929932,0.6097445487976074,12.892396926879883,0.0,0.0,6.762012481689453,0.7526426315307617,15.327463626861572,0.0,0.0,5.736631512641907,0.6449794769287109,13.674420475959778,0.0,0.0,7.096873044967651,0.7811498641967773,17.3846652507782,0.0,0.0,7.32656192779541,0.7649955749511719,19.372833371162415,0.0,0.0,4.661782503128052,0.6659126281738281,12.220645666122437,0.0,0.0,6.933719038963318,0.8040075302124023,17.122723698616028,0.0,0.0,7.779395878314972,0.8056017160415649,19.55818921327591,0.0,0.0,6.305856704711914,0.7181987762451172,18.18481969833374,0.0,0.0,6.0610164403915405,0.7464511394500732,15.747313380241394,0.0,0.0,5.800693929195404,0.7648829817771912,16.091791927814484,0.0,0.0,8.916726768016815,0.8447869420051575,24.676811635494232,0.06146049499511719,0.2733325958251953,7.515088379383087,0.7437648773193359,18.14948970079422,0.2878708839416504,1.4714052081108093,6.625732421875,0.7042160034179688,16.074899673461914,0.2357635498046875,1.5507292747497559,8.698641657829285,0.8552923202514648,26.08406126499176,0.026838302612304688,0.029268264770507812,8.280859351158142,0.8894023895263672,22.5593284368515,0.12259173393249512,0.1347668170928955
141,grounded,43,0.57421875,10.683267295360565,0.9445738196372986,33.69899743795395,0.0532686710357666,0.2433435320854187,10.81392526626587,0.9105566740036011,32.78915935754776,0.04143911600112915,0.18353229761123657,10.9561448097229,0.9033486843109131,33.3664528131485,0.02938896417617798,0.060894787311553955,4.315023422241211,0.48171234130859375,10.971208572387695,0.0,0.0,5.231773376464844,0.57745361328125,13.840705871582031,0.0,0.0,3.5640602111816406,0.4594688415527344,9.1400146484375,0.0,0.0,4.385263442993164,0.7014312744140625,13.11688232421875,0.0,0.0,4.236397743225098,0.5053129196166992,11.52198338508606,0.0,0.0,4.201323986053467,0.5058975219726562,12.168886423110962,0.0,0.0,4.967254638671875,0.4788055419921875,13.907039642333984,0.0,0.0,5.256919860839844,0.5207023620605469,13.216169357299805,0.0,0.0,6.4083356857299805,0.62896728515625,16.751933097839355,0.0,0.0,6.2499717473983765,0.5500278472900391,16.407068371772766,0.0,0.0,5.8480987548828125,0.5466575622558594,14.70344352722168,0.0,0.0,7.228899002075195,0.6764678955078125,21.169994354248047,0.0,0.0,6.615743637084961,0.6469917297363281,17.88435173034668,0.0,0.0,8.322248458862305,0.7715015411376953,20.61106300354004,0.0,0.0,6.3910627365112305,0.6222677230834961,14.78994357585907,0.0,0.0,7.696389198303223,0.7367267608642578,20.13937473297119,0.0,0.0,8.235589981079102,0.7106094360351562,18.164361834526062,0.0,0.0,5.9579997062683105,0.618647575378418,13.96367335319519,0.0,0.0,8.27055549621582,0.7123517990112305,18.70696997642517,0.0,0.0,7.37697696685791,0.6521263122558594,16.353901386260986,0.0,0.0,8.305157661437988,0.7593212127685547,19.80817985534668,0.0,0.0,8.153285503387451,0.8117785453796387,21.72122609615326,0.0,0.0,4.764360666275024,0.6659126281738281,12.751604318618774,0.0,0.0,7.509100437164307,0.764885425567627,18.565894842147827,0.0,0.0,8.72121012210846,0.7923926115036011,21.4953932762146,0.0,0.0,7.5626044273376465,0.7539310455322266,20.86458110809326,0.0,0.0,6.7207000851631165,0.6909292340278625,16.862177908420563,0.0,0.0,6.130472123622894,0.7591113448143005,16.76031643152237,0.0,0.0,10.316891968250275,0.8342454433441162,27.476471722126007,0.06146049499511719,0.2733325958251953,8.561909675598145,0.739013671875,19.83503532409668,0.2878708839416504,1.3294590711593628,7.7584381103515625,0.7434768676757812,17.75413703918457,0.2357635498046875,1.509951114654541,10.378922939300537,0.8778111934661865,28.74039363861084,0.020756959915161133,0.07370871305465698,9.783614039421082,0.8894023895263672,25.1207355260849,0.11045444011688232,0.12162578105926514
141,hallucinated,41,0.560546875,8.88164609670639,0.939290463924408,31.897376239299774,0.0532686710357666,0.20002615451812744,9.108740448951721,0.910346269607544,31.083974540233612,0.0422629714012146,0.15886551141738892,9.212325096130371,0.9033486843109131,31.62263309955597,0.026049137115478516,0.060801148414611816,3.3900985717773438,0.4470481872558594,10.046283721923828,0.0,0.0,4.241485595703125,0.5709228515625,12.850418090820312,0.0,0.0,3.5089759826660156,0.46399688720703125,9.084930419921875,0.0,0.0,3.9432477951049805,0.7014312744140625,12.674866676330566,0.0,0.0,3.7816762924194336,0.5252304077148438,11.067261934280396,0.0,0.0,3.1945085525512695,0.5058975219726562,11.162070989608765,0.0,0.0,3.6999435424804688,0.4788055419921875,12.639728546142578,0.0,0.0,4.244625091552734,0.49160003662109375,12.203874588012695,0.0,0.0,4.943603515625,0.5938100814819336,15.287200927734375,0.0,0.0,5.269343733787537,0.5917816162109375,15.426440358161926,0.0,0.0,5.044506072998047,0.5599708557128906,13.899850845336914,0.0,0.0,5.968809127807617,0.6727485656738281,19.90990447998047,0.0,0.0,5.79179573059082,0.645355224609375,17.06040382385254,0.0,0.0,7.035984039306641,0.797673225402832,19.324798583984375,0.0,0.0,6.262584209442139,0.6438045501708984,14.661465048789978,0.0,0.0,6.733310699462891,0.7058372497558594,19.17629623413086,0.0,0.0,7.034294128417969,0.7075214385986328,16.96306598186493,0.0,0.0,5.950523138046265,0.7458837032318115,13.956196784973145,0.0,0.0,7.147571563720703,0.7163543701171875,17.583986043930054,0.0,0.0,6.079222738742828,0.7102012634277344,15.056147158145905,0.0,0.0,7.017988681793213,0.7468843460083008,18.521010875701904,0.0,0.0,7.3551483154296875,0.8147249221801758,20.923088908195496,0.0,0.0,4.172721683979034,0.6659126281738281,12.159965336322784,0.0,0.0,6.051222085952759,0.6668224334716797,17.10801649093628,0.0,0.0,7.070185303688049,0.7967195510864258,19.84436845779419,0.0,0.0,6.318653106689453,0.7148656845092773,19.62062978744507,0.0,0.0,5.478838801383972,0.7330573797225952,15.620316624641418,0.0,0.0,4.958213448524475,0.7453476190567017,15.58805775642395,0.0,0.0,8.608389973640442,0.8416273593902588,25.767969727516174,0.06146049499511719,0.2733325958251953,7.175614356994629,0.7292728424072266,18.446484565734863,0.2878708839416504,1.3431398272514343,6.120677947998047,0.7189865112304688,16.116376876831055,0.2357635498046875,1.514357089996338,8.400801718235016,0.8689970970153809,26.76543366909027,0.07443809509277344,0.20549237728118896,7.853846788406372,0.8894023895263672,23.171579360961914,0.12340831756591797,0.3212611675262451
142,grounded,46,0.6357421875,10.389825701713562,0.9437842965126038,35.48140436410904,0.03210395574569702,0.15920841693878174,10.786404371261597,0.9167677164077759,35.197486221790314,0.039012014865875244,0.12536275386810303,11.015023827552795,0.9094659686088562,35.993975937366486,0.026049137115478516,0.06350141763687134,4.49727725982666,0.4663543701171875,12.139634609222412,0.0,0.0,5.163414001464844,0.5727806091308594,14.660579681396484,0.0,0.0,3.6913986206054688,0.4847679138183594,10.022052764892578,0.0,0.0,4.429594039916992,0.6999950408935547,14.283544540405273,0.0,0.0,3.932497501373291,0.5235557556152344,12.582704305648804,0.0,0.0,4.004631996154785,0.5146856307983398,13.069635152816772,0.0,0.0,4.857479095458984,0.4900474548339844,15.030113220214844,0.0,0.0,4.951328277587891,0.5003890991210938,13.856849670410156,0.0,0.0,6.202121734619141,0.5826835632324219,17.526010513305664,0.0,0.0,6.01694393157959,0.5737667083740234,16.729195833206177,0.0,0.0,6.127270698547363,0.5958395004272461,15.908108711242676,0.0,0.0,7.439390182495117,0.7104225158691406,22.51859474182129,0.0,0.0,6.587249994277954,0.6427059173583984,18.804850816726685,0.0,0.0,7.840047836303711,0.6982536315917969,21.16023826599121,0.0,0.0,6.366626501083374,0.6317160129547119,15.251826643943787,0.0,0.0,8.104583740234375,0.7852439880371094,22.212865829467773,0.0,0.0,7.59885311126709,0.6378860473632812,18.381112933158875,0.0,0.0,5.618951320648193,0.6293554306030273,14.15824294090271,0.0,0.0,7.744236707687378,0.7083690166473389,18.49233102798462,0.0,0.0,6.548218309879303,0.5480728149414062,15.40298181772232,0.0,0.0,8.36869502067566,0.729224443435669,21.068650007247925,0.0,0.0,7.829129695892334,0.7615261077880859,22.146320700645447,0.0,0.0,4.500644683837891,0.6659126281738281,12.998112678527832,0.0,0.0,6.814958095550537,0.6968164443969727,18.319761991500854,0.0,0.0,8.128255724906921,0.7624235153198242,21.153575479984283,0.0,0.0,6.753304958343506,0.7087011337280273,20.900432586669922,0.0,0.0,6.739563584327698,0.7024685144424438,17.817601084709167,0.0,0.0,5.895409643650055,0.7544696927070618,17.553660988807678,0.0,0.0,10.374898433685303,0.8519744873046875,28.948329091072083,0.06146049499511719,0.27338677644729614,8.614174842834473,0.7377471923828125,20.64512348175049,0.2878708839416504,1.3014483451843262,7.82696533203125,0.7151107788085938,18.346277236938477,0.2357635498046875,1.489168405532837,10.351898968219757,0.8868986964225769,31.125635087490082,0.019896268844604492,0.02454066276550293,9.849820256233215,0.8894023895263672,27.303080081939697,0.11886000633239746,0.1527419090270996
142,hallucinated,46,0.62744140625,10.424518823623657,0.9427308440208435,35.516097486019135,0.03266346454620361,0.1546034812927246,10.817854166030884,0.9167677164077759,35.2289360165596,0.03848397731781006,0.13958817720413208,11.105918288230896,0.9094659686088562,36.084870398044586,0.026049137115478516,0.064858078956604,4.415334224700928,0.47522401809692383,12.05769157409668,0.0,0.0,4.741237640380859,0.5727806091308594,14.2384033203125,0.0,0.0,3.779749870300293,0.47388744354248047,10.110404014587402,0.0,0.0,4.399219512939453,0.6999950408935547,14.253170013427734,0.0,0.0,4.3936333656311035,0.506439208984375,13.043840169906616,0.0,0.0,4.048981189727783,0.5146856307983398,13.11398434638977,0.0,0.0,4.224884033203125,0.4841651916503906,14.397518157958984,0.0,0.0,4.864971160888672,0.5340309143066406,13.770492553710938,0.0,0.0,5.787860870361328,0.5347518920898438,17.11174964904785,0.0,0.0,5.785295724868774,0.6099872589111328,16.49754762649536,0.0,0.0,5.70703125,0.540374755859375,15.487869262695312,0.0,0.0,6.945901870727539,0.7091217041015625,22.02510643005371,0.0,0.0,6.223104476928711,0.6328277587890625,18.44070529937744,0.0,0.0,7.147917747497559,0.6881780624389648,20.46810817718506,0.0,0.0,7.005224764347076,0.675972044467926,15.890424907207489,0.0,0.0,8.136234283447266,0.7745475769042969,22.244516372680664,0.0,0.0,7.879161834716797,0.7810859680175781,18.66142165660858,0.0,0.0,6.516443133354187,0.6500146389007568,15.055734753608704,0.0,0.0,7.850708484649658,0.7383480072021484,18.5988028049469,0.0,0.0,6.117199003696442,0.5937957763671875,14.97196251153946,0.0,0.0,7.891475737094879,0.7256684303283691,20.591430723667145,0.0,0.0,7.439430236816406,0.7375297546386719,21.75662124156952,0.0,0.0,4.6161195039749146,0.6659126281738281,13.113587498664856,0.0,0.0,6.142497420310974,0.608501672744751,17.64730131626129,0.0,0.0,7.497991323471069,0.7984757423400879,20.52331107854843,0.0,0.0,6.471580505371094,0.7087011337280273,20.61870813369751,0.0,0.0,5.427582263946533,0.7133326530456543,16.505619764328003,0.0,0.0,5.542486727237701,0.7015376687049866,17.200738072395325,0.0,0.0,10.32990026473999,0.8535231351852417,28.90333092212677,0.06146049499511719,0.27338677644729614,8.643599033355713,0.7446746826171875,20.638567447662354,0.2878708839416504,1.3207820653915405,7.743492126464844,0.727325439453125,18.214128494262695,0.2357635498046875,1.5132386684417725,10.383013188838959,0.9014840126037598,31.16295450925827,0.0494537353515625,0.09467649459838867,9.902508735656738,0.8894023895263672,27.330329298973083,0.12300193309783936,0.23961222171783447
143,grounded,36,0.55517578125,8.249013066291809,0.9396440386772156,28.419446170330048,0.02496039867401123,0.08983486890792847,8.078170776367188,0.903354287147522,26.695046722888947,0.04512202739715576,0.152540385723114,8.270154297351837,0.898674488067627,27.154930651187897,0.026049137115478516,0.04805988073348999,3.1922359466552734,0.423828125,8.819360733032227,0.0,0.0,3.7517013549804688,0.5892410278320312,11.271671295166016,0.0,0.0,2.729508399963379,0.47403621673583984,7.629202842712402,0.0,0.0,3.217742919921875,0.7124786376953125,10.994977951049805,0.0,0.0,2.950627326965332,0.5218238830566406,9.236246824264526,0.0,0.0,3.0893096923828125,0.522428035736084,10.378497838973999,0.0,0.0,3.6700096130371094,0.4984550476074219,11.62664794921875,0.0,0.0,3.8571014404296875,0.4906272888183594,10.749524116516113,0.0,0.0,5.136902332305908,0.6211128234863281,13.602214336395264,0.0,0.0,5.011033892631531,0.5784473419189453,13.389132142066956,0.0,0.0,4.061866760253906,0.5213088989257812,11.464353561401367,0.0,0.0,5.271705627441406,0.6465606689453125,17.0616512298584,0.0,0.0,5.4455976486206055,0.6445045471191406,15.180808067321777,0.0,0.0,6.230932235717773,0.7716217041015625,16.92386245727539,0.0,0.0,4.755645036697388,0.6020891666412354,11.47633045911789,0.0,0.0,5.641218185424805,0.7324581146240234,16.03629493713379,0.0,0.0,5.600957870483398,0.605323076248169,13.494491815567017,0.0,0.0,4.739982604980469,0.6003241539001465,11.661617755889893,0.0,0.0,5.639886856079102,0.6656150817871094,13.688482284545898,0.0,0.0,5.431224465370178,0.5970611572265625,12.909253716468811,0.0,0.0,6.18073582649231,0.6876420974731445,15.6506187915802,0.0,0.0,6.248009383678436,0.7987918853759766,17.235223829746246,0.0,0.0,3.90878826379776,0.6657028198242188,10.963915407657623,0.0,0.0,5.440428733825684,0.7595381736755371,14.485790967941284,0.0,0.0,6.537588059902191,0.7617533802986145,17.18947923183441,0.0,0.0,5.485843181610107,0.7617740631103516,16.601513862609863,0.0,0.0,5.217800199985504,0.6737094521522522,13.90765529870987,0.0,0.0,4.855119109153748,0.7536519765853882,14.374544143676758,0.0,0.0,7.80484402179718,0.8457598686218262,22.650896906852722,0.061183929443359375,0.2980073094367981,6.506962776184082,0.7526473999023438,16.669323921203613,0.2871575355529785,1.3392081260681152,5.805370330810547,0.6951904296875,14.81005859375,0.23505783081054688,1.505326747894287,7.827997982501984,0.8626503944396973,23.7900453209877,0.006146430969238281,0.012033700942993164,7.412485659122467,0.8894023895263672,20.687884151935577,0.09852957725524902,0.0990605354309082
143,hallucinated,35,0.53271484375,7.591675698757172,0.9396440386772156,27.76210880279541,0.03180760145187378,0.09943956136703491,7.332703351974487,0.9015532732009888,25.949579298496246,0.03866487741470337,0.14317870140075684,7.541174829006195,0.8948995471000671,26.425951182842255,0.026049137115478516,0.05141937732696533,2.752307891845703,0.4339866638183594,8.379432678222656,0.0,0.0,3.5254554748535156,0.5892410278320312,11.045425415039062,0.0,0.0,3.0873661041259766,0.4919147491455078,7.987060546875,0.0,0.0,3.0530433654785156,0.7124786376953125,10.830278396606445,0.0,0.0,3.16135311126709,0.5655517578125,9.446972608566284,0.0,0.0,2.986112117767334,0.522428035736084,10.27530026435852,0.0,0.0,3.0758323669433594,0.4984550476074219,11.032470703125,0.0,0.0,3.4867324829101562,0.5018692016601562,10.379155158996582,0.0,0.0,4.417859077453613,0.6443538665771484,12.883171081542969,0.0,0.0,4.33581417798996,0.6075440645217896,12.713912427425385,0.0,0.0,3.5871505737304688,0.4722747802734375,10.98963737487793,0.0,0.0,4.974811553955078,0.6570281982421875,16.76475715637207,0.0,0.0,4.803226470947266,0.6445045471191406,14.538436889648438,0.0,0.0,5.632973670959473,0.7905998229980469,16.32590389251709,0.0,0.0,4.955670595169067,0.676025390625,11.676356017589569,0.0,0.0,5.173460006713867,0.6910076141357422,15.568536758422852,0.0,0.0,5.331993103027344,0.7264270782470703,13.225527048110962,0.0,0.0,4.609469652175903,0.6639795303344727,11.531104803085327,0.0,0.0,5.196528434753418,0.7558050155639648,13.245123863220215,0.0,0.0,4.653957486152649,0.6277923583984375,12.131986737251282,0.0,0.0,5.8102593421936035,0.7229118347167969,15.280142307281494,0.0,0.0,5.742466926574707,0.7616176605224609,16.729681372642517,0.0,0.0,3.4966195821762085,0.6706529855728149,10.551746726036072,0.0,0.0,5.17290735244751,0.7640743255615234,14.21826958656311,0.0,0.0,5.7198392152786255,0.7281355857849121,16.371730387210846,0.008898556232452393,0.008898556232452393,5.15654993057251,0.7086973190307617,16.272220611572266,0.0,0.0,4.393181145191193,0.6567700505256653,13.083036243915558,0.0,0.0,4.208677113056183,0.7742231488227844,13.728102147579193,0.0,0.0,7.107676327228546,0.8422748446464539,21.953729212284088,0.061183929443359375,0.2740345001220703,5.757666110992432,0.7392196655273438,15.920027256011963,0.2871575355529785,1.3510977625846863,4.9870452880859375,0.6838531494140625,13.99173355102539,0.23505783081054688,1.5097174644470215,6.969034016132355,0.851750373840332,22.937328457832336,0.040287017822265625,0.040287017822265625,6.55406391620636,0.8894023895263672,19.82787811756134,0.10874283313751221,0.10927379131317139
144,grounded,43,0.5439453125,13.177124679088593,0.9483315348625183,33.88691747188568,0.029792606830596924,0.1250055432319641,13.170329988002777,0.9206706881523132,32.57527196407318,0.04153376817703247,0.191756010055542,13.60605925321579,0.9065316319465637,33.30248403549194,0.031983375549316406,0.0880591869354248,5.063228607177734,0.4432487487792969,10.711944580078125,0.0,0.0,5.537742614746094,0.5926246643066406,13.040691375732422,0.0,0.0,3.9552173614501953,0.47394371032714844,8.957376480102539,0.0,0.0,5.284799575805664,0.7231063842773438,13.427486419677734,0.0,0.0,4.612473487854004,0.5696640014648438,11.157016515731812,0.0,0.0,4.726515293121338,0.4877171516418457,11.867553472518921,0.0,0.0,5.431388854980469,0.49489593505859375,13.074014663696289,0.0,0.0,5.660194396972656,0.536590576171875,12.706533432006836,0.0,0.0,6.723424434661865,0.5523238182067871,15.159863948822021,0.0,0.0,7.304197072982788,0.6185703277587891,15.649695873260498,0.0,0.0,5.722084045410156,0.46497344970703125,13.23898696899414,0.0,0.0,7.918107032775879,0.6309127807617188,19.258875846862793,0.0,0.0,7.603420257568359,0.6512222290039062,17.180641174316406,0.0,0.0,7.784528732299805,0.6966094970703125,17.913047790527344,0.0,0.0,7.655758619308472,0.6611974239349365,14.602419793605804,0.0,0.0,8.980708122253418,0.7013626098632812,19.504494667053223,0.0,0.0,9.103660106658936,0.8354296684265137,17.68851065635681,0.0,0.0,6.791308164596558,0.7229630947113037,14.163850784301758,0.0,0.0,8.59035062789917,0.7033634185791016,16.97508716583252,0.0,0.0,7.241564393043518,0.5979048013687134,14.940077900886536,0.0,0.0,9.888259410858154,0.7637786865234375,19.90356683731079,0.0,0.0,9.873852252960205,0.8100337982177734,21.316091895103455,0.0,0.0,5.089250087738037,0.6659126281738281,12.2528395652771,0.0,0.0,7.969908952713013,0.6694457530975342,17.06278967857361,0.0,0.0,9.272377848625183,0.7903555631637573,20.418653905391693,0.0,0.0,8.227797508239746,0.7087011337280273,19.596458911895752,0.0,0.0,6.6073421239852905,0.6477416753768921,15.58769142627716,0.0,0.0,6.59331351518631,0.757853627204895,16.421051800251007,0.0,0.0,12.741920471191406,0.8495626449584961,28.57570046186447,0.06146049499511719,0.2733325958251953,10.659636497497559,0.7354278564453125,21.63274383544922,0.2878708839416504,1.27743399143219,9.636642456054688,0.684539794921875,19.11863899230957,0.2357635498046875,1.4875869750976562,12.813010156154633,0.8713631629943848,29.678467988967896,0.014407515525817871,0.03381025791168213,12.535842061042786,0.8894023895263672,26.625107884407043,0.08222007751464844,0.09153366088867188
144,hallucinated,36,0.5361328125,7.527064859867096,0.9406599998474121,28.236857652664185,0.01794421672821045,0.07631158828735352,7.374119997024536,0.9036164283752441,26.77906197309494,0.04153376817703247,0.18900752067565918,7.4683626890182495,0.8954750895500183,27.164787471294403,0.026049137115478516,0.04455077648162842,3.2719554901123047,0.4188423156738281,8.92064094543457,0.0,0.0,3.3409500122070312,0.5778274536132812,10.84383773803711,0.0,0.0,2.8961305618286133,0.4579305648803711,7.8982439041137695,0.0,0.0,3.262744903564453,0.7232456207275391,11.405746459960938,0.0,0.0,2.8062753677368164,0.5164718627929688,9.349735975265503,0.0,0.0,2.6801252365112305,0.48769044876098633,9.821142435073853,0.0,0.0,2.747905731201172,0.4627227783203125,10.389617919921875,0.0,0.0,3.2717971801757812,0.5123939514160156,10.317605972290039,0.0,0.0,3.2790374755859375,0.48126983642578125,11.715202331542969,0.0,0.0,3.850147247314453,0.634918212890625,12.196062803268433,0.0,0.0,3.507965087890625,0.4700164794921875,11.023551940917969,0.0,0.0,3.9949378967285156,0.5789871215820312,15.335731506347656,0.0,0.0,4.519805908203125,0.6382102966308594,14.096345901489258,0.0,0.0,4.195222854614258,0.6462860107421875,14.322877883911133,0.0,0.0,4.368571519851685,0.6502716541290283,11.315942227840424,0.0,0.0,5.1967010498046875,0.6758918762207031,15.718450546264648,0.0,0.0,5.121820449829102,0.7540607452392578,13.708592057228088,0.0,0.0,4.44642448425293,0.6456050872802734,11.818864583969116,0.0,0.0,5.074239730834961,0.7043113708496094,13.46083927154541,0.0,0.0,4.028522729873657,0.6134493350982666,11.72916579246521,0.0,0.0,5.8711583614349365,0.767791748046875,15.887577772140503,0.0,0.0,5.573371887207031,0.7429141998291016,17.013851761817932,0.0,0.0,3.3722376823425293,0.6657028198242188,10.534142017364502,0.0,0.0,4.7366557121276855,0.6296792030334473,13.83342719078064,0.0,0.0,5.629949927330017,0.7450032830238342,16.7778137922287,0.0,0.0,4.85727596282959,0.7086973190307617,16.228834629058838,0.0,0.0,4.477957487106323,0.6845321655273438,13.457237601280212,0.0,0.0,4.121611654758453,0.7401428818702698,13.951224982738495,0.0,0.0,7.349595069885254,0.8471393585205078,23.18503189086914,0.061183929443359375,0.2740345001220703,5.9017863273620605,0.7377395629882812,16.87705945968628,0.2871575355529785,1.2913731932640076,4.957729339599609,0.6627960205078125,14.448551177978516,0.23505783081054688,1.4968700408935547,7.15205442905426,0.851750373840332,23.992787301540375,0.0243149995803833,0.0243149995803833,6.77141535282135,0.8894023895263672,20.811571955680847,0.12969565391540527,0.12991118431091309
145,grounded,42,0.58642578125,8.775442898273468,0.9429985284805298,32.82581436634064,0.025755107402801514,0.10257506370544434,9.087351143360138,0.9135480523109436,31.5226771235466,0.04352855682373047,0.1478169560432434,9.347891449928284,0.9009796380996704,32.49560523033142,0.026049137115478516,0.05646246671676636,3.62249755859375,0.42729949951171875,10.673828125,0.0,0.0,4.173585891723633,0.5710182189941406,13.194047927856445,0.0,0.0,3.243536949157715,0.46448326110839844,9.2279634475708,0.0,0.0,3.6381444931030273,0.7097702026367188,12.987168312072754,0.0,0.0,3.5698189735412598,0.5174126625061035,11.26100206375122,0.0,0.0,3.3685531616210938,0.5011062622070312,11.450830698013306,0.0,0.0,3.868316650390625,0.5182342529296875,13.455146789550781,0.0,0.0,4.406332015991211,0.5034561157226562,13.01186752319336,0.0,0.0,5.679209232330322,0.6218147277832031,16.908019542694092,0.0,0.0,6.246042966842651,0.7025549411773682,17.17323923110962,0.0,0.0,5.0279645919799805,0.5449676513671875,14.327971458435059,0.0,0.0,5.843793869018555,0.6812038421630859,20.19993782043457,0.0,0.0,6.100980758666992,0.6728324890136719,17.920061111450195,0.0,0.0,7.156304836273193,0.7927684783935547,21.19688892364502,0.0,0.0,5.481404781341553,0.5847759246826172,14.23434603214264,0.0,0.0,6.681488037109375,0.7415237426757812,19.95066738128662,0.0,0.0,7.013265609741211,0.7046070098876953,17.192941665649414,0.0,0.0,5.816816926002502,0.6620211601257324,14.29254138469696,0.0,0.0,7.823669672012329,0.795870304107666,18.532668352127075,0.0,0.0,7.558391332626343,0.8075828552246094,17.42416787147522,0.0,0.0,7.4862189292907715,0.808525562286377,19.76915693283081,0.0,0.0,7.378039598464966,0.7934412956237793,21.62532913684845,0.0,0.0,4.602171063423157,0.6659126281738281,13.000453114509583,0.0,0.0,6.336612105369568,0.6821365356445312,17.906995177268982,0.0,0.0,7.852288901805878,0.7942829132080078,21.183189272880554,0.0,0.0,6.4701738357543945,0.7087011337280273,19.826773405075073,0.0,0.0,5.830517292022705,0.7263493537902832,16.58809757232666,0.0,0.0,5.230915784835815,0.7404239177703857,16.74848759174347,0.0,0.0,8.699589490890503,0.8466262817382812,26.689241528511047,0.06146049499511719,0.2733325958251953,7.017366409301758,0.7091255187988281,18.82370948791504,0.2878708839416504,1.351324737071991,6.49200439453125,0.7115325927734375,17.225156784057617,0.2357635498046875,1.550025224685669,8.535240650177002,0.8816714286804199,28.45927518606186,0.023157119750976562,0.04429197311401367,8.209246933460236,0.8894023895263672,25.232699990272522,0.11615157127380371,0.143324613571167
145,hallucinated,46,0.6162109375,12.367455959320068,0.9453549981117249,36.41782742738724,0.030613183975219727,0.15718817710876465,12.216034948825836,0.9180269837379456,34.6513609290123,0.037931621074676514,0.14054906368255615,12.804171800613403,0.9136910438537598,35.95188558101654,0.026049137115478516,0.05017876625061035,5.26197624206543,0.4500579833984375,12.31330680847168,0.0,0.0,5.547002792358398,0.5710182189941406,14.567464828491211,0.0,0.0,5.068526744842529,0.4885673522949219,11.052953243255615,0.0,0.0,5.280439853668213,0.7097702026367188,14.62946367263794,0.0,0.0,5.644080638885498,0.5558490753173828,13.335263729095459,0.0,0.0,4.766970157623291,0.5011062622070312,12.849247694015503,0.0,0.0,5.253681182861328,0.5411453247070312,14.840511322021484,0.0,0.0,5.9770965576171875,0.5454845428466797,14.582632064819336,0.0,0.0,7.620323657989502,0.6218147277832031,18.84913396835327,0.0,0.0,7.861364662647247,0.6604601144790649,18.788560926914215,0.0,0.0,6.5509233474731445,0.5321292877197266,15.850930213928223,0.0,0.0,7.926287651062012,0.6990852355957031,22.282431602478027,0.0,0.0,7.910607576370239,0.720475435256958,19.729687929153442,0.0,0.0,9.63248062133789,0.8022193908691406,23.673064708709717,0.0,0.0,7.947370529174805,0.6580467224121094,16.70031177997589,0.0,0.0,9.451462745666504,0.7625255584716797,22.72064208984375,0.0,0.0,9.716146469116211,0.8261003494262695,19.895822525024414,0.0,0.0,8.823948085308075,0.7424473762512207,17.299672544002533,0.0,0.0,10.606232643127441,0.8323488235473633,21.315231323242188,0.0,0.0,9.625686943531036,0.7508249282836914,19.491463482379913,0.0,0.0,10.401290774345398,0.7939591407775879,22.684228777885437,0.0,0.0,10.023135662078857,0.7813310623168945,24.27042520046234,0.0,0.0,6.712157785892487,0.6659126281738281,15.110439836978912,0.0,0.0,9.490907192230225,0.7981362342834473,21.06129026412964,0.0,0.0,10.661427795886993,0.8282347321510315,23.99232816696167,0.0,0.0,8.56691312789917,0.7087011337280273,21.92351269721985,0.0,0.0,8.080329477787018,0.6861858367919922,18.837909758090973,0.0,0.0,7.856491684913635,0.7140980958938599,19.37406349182129,0.0,0.0,12.10181713104248,0.8684329986572266,30.091469168663025,0.06146049499511719,0.2977510094642639,9.929665267467499,0.7548027038574219,21.701113402843475,0.2878708839416504,1.3856876492500305,8.999797821044922,0.7087478637695312,19.7054386138916,0.2357635498046875,1.610367774963379,12.197038292884827,0.8924283981323242,32.131323516368866,0.023157119750976562,0.08436256647109985,11.72354406118393,0.8900914192199707,28.74142026901245,0.11934161186218262,0.21673369407653809
146,grounded,38,0.59130859375,10.714284539222717,0.9410855174064636,29.98363494873047,0.03408759832382202,0.08370733261108398,10.571733236312866,0.9071545600891113,28.340101063251495,0.03481864929199219,0.11588329076766968,11.106988191604614,0.9015555381774902,29.162452816963196,0.026049137115478516,0.09327065944671631,4.001834869384766,0.4116668701171875,8.901134490966797,0.0,0.0,4.88662052154541,0.5885391235351562,11.78469181060791,0.0,0.0,3.3986101150512695,0.45576000213623047,8.021698951721191,0.0,0.0,4.0017242431640625,0.7224407196044922,11.20112419128418,0.0,0.0,3.3315534591674805,0.4754486083984375,9.32528305053711,0.0,0.0,4.119106769561768,0.48590087890625,10.89974856376648,0.0,0.0,4.6405633091926575,0.46897125244140625,11.777987778186798,0.0,0.0,4.771427154541016,0.4938774108886719,11.101398468017578,0.0,0.0,5.5459747314453125,0.5612106323242188,13.48175048828125,0.0,0.0,6.15041196346283,0.6001830697059631,14.031617045402527,0.0,0.0,4.431936264038086,0.5091476440429688,11.129293441772461,0.0,0.0,5.878425598144531,0.5788936614990234,16.332563400268555,0.0,0.0,5.846336364746094,0.6471366882324219,14.679376602172852,0.0,0.0,6.707186698913574,0.6348514556884766,16.004111289978027,0.0,0.0,5.547462463378906,0.5992507934570312,12.098547756671906,0.0,0.0,6.956352233886719,0.7046184539794922,16.372434616088867,0.0,0.0,6.489280700683594,0.6183599233627319,14.254668593406677,0.0,0.0,4.513797760009766,0.5985643863677979,11.086360216140747,0.0,0.0,6.31919527053833,0.7113876342773438,14.2789626121521,0.0,0.0,5.954408228397369,0.6245303750038147,12.93673950433731,0.0,0.0,7.431542873382568,0.7815971374511719,15.988608837127686,0.0,0.0,7.796942234039307,0.7512214183807373,18.208845019340515,0.0,0.0,3.679947853088379,0.6659126281738281,10.612162590026855,0.0,0.0,6.496181488037109,0.657989501953125,15.156062066555023,0.0,0.0,7.144344925880432,0.7932035326957703,17.783380031585693,0.03183901309967041,0.03183901309967041,6.969221591949463,0.7087011337280273,17.53031349182129,0.0,0.0,4.240089654922485,0.6764051914215088,12.55541729927063,0.0,0.0,4.883754849433899,0.7234231233596802,13.986261248588562,0.0,0.0,9.99018406867981,0.8271665573120117,24.231180429458618,0.06146049499511719,0.2733325958251953,7.893141746520996,0.7283058166503906,17.79914951324463,0.2878708839416504,1.3607646822929382,7.011074066162109,0.6620330810546875,15.94415283203125,0.2357635498046875,1.6624314785003662,9.773750603199005,0.8555507659912109,24.857617557048798,0.04412269592285156,0.09457778930664062,9.452113628387451,0.8894023895263672,21.878857851028442,0.11937236785888672,0.21251463890075684
146,hallucinated,31,0.529296875,5.014061629772186,0.9379895329475403,24.283412039279938,0.021979689598083496,0.07836794853210449,4.872765779495239,0.8923001289367676,22.64113360643387,0.04673522710800171,0.11991757154464722,4.961314916610718,0.8842403888702393,23.0167795419693,0.026049137115478516,0.060690224170684814,1.6878738403320312,0.4084339141845703,6.5871734619140625,0.0,0.0,2.1327552795410156,0.6311759948730469,9.030826568603516,0.0,0.0,1.7268381118774414,0.4480619430541992,6.349926948547363,0.0,0.0,1.7411155700683594,0.7224407196044922,8.940515518188477,0.0,0.0,1.814615249633789,0.47719573974609375,7.808344841003418,0.0,0.0,1.9338350296020508,0.5228672027587891,8.714476823806763,0.0,0.0,1.8467636108398438,0.4627227783203125,8.984188079833984,0.0,0.0,2.1417198181152344,0.4938774108886719,8.471691131591797,0.0,0.0,2.342702865600586,0.5612106323242188,10.278593063354492,0.0,0.0,2.8345346450805664,0.537355899810791,10.714934825897217,0.0,0.0,2.307262420654297,0.490020751953125,9.005332946777344,0.0,0.0,2.531322479248047,0.6165809631347656,12.984554290771484,0.0,0.0,2.862746238708496,0.7046432495117188,11.696553230285645,0.0,0.0,2.632650375366211,0.654144287109375,11.928770065307617,0.0,0.0,2.641810178756714,0.5736415386199951,9.194469034671783,0.0,0.0,3.2601089477539062,0.7116622924804688,12.675107955932617,0.0,0.0,3.1345481872558594,0.6349754333496094,10.898632407188416,0.0,0.0,2.572225332260132,0.604053258895874,9.147165298461914,0.0,0.0,3.406661033630371,0.711186408996582,11.365438461303711,0.0,0.0,2.9987584948539734,0.6324636340141296,9.983981788158417,0.0,0.0,3.4636003971099854,0.6837959289550781,12.020157098770142,0.0,0.0,3.800245523452759,0.7191848754882812,14.211886405944824,0.0,0.0,2.2757511138916016,0.6708717346191406,9.21002721786499,0.0,0.0,3.13143789768219,0.6580930948257446,11.794334769248962,0.0,0.0,3.940062165260315,0.8365850448608398,14.58123779296875,0.0,0.0,2.854905128479004,0.7086973190307617,13.42034387588501,0.0,0.0,2.2992942333221436,0.6846683025360107,10.615296125411987,0.0,0.0,2.6624943017959595,0.742648720741272,11.766329169273376,0.0,0.0,4.737662971019745,0.8448445200920105,18.982694149017334,0.061183929443359375,0.2740345001220703,3.7702560424804688,0.7276039123535156,13.707237243652344,0.2871575355529785,1.3074457049369812,3.187030792236328,0.6627960205078125,12.17384147644043,0.23505783081054688,1.6005597114562988,4.494974076747894,0.851750373840332,19.60213303565979,0.0074176788330078125,0.013034820556640625,4.215908348560333,0.8894023895263672,16.624782145023346,0.11620438098907471,0.1306675672531128
147,grounded,36,0.5478515625,8.197242319583893,0.9406174421310425,28.097261011600494,0.026130080223083496,0.11011111736297607,8.126352429389954,0.8989132046699524,26.739235758781433,0.0367167592048645,0.13672441244125366,8.304465293884277,0.900423526763916,27.13897466659546,0.026049137115478516,0.052497029304504395,3.042233467102051,0.4275541305541992,8.21505069732666,0.0,0.0,3.655059814453125,0.5753898620605469,10.92498779296875,0.0,0.0,2.5277228355407715,0.479245662689209,7.301661968231201,0.0,0.0,3.1063690185546875,0.7363319396972656,10.828168869018555,0.0,0.0,2.690030097961426,0.5250396728515625,8.89987301826477,0.0,0.0,2.933417320251465,0.5101337432861328,9.827149629592896,0.0,0.0,3.508869171142578,0.49343109130859375,10.975425720214844,0.0,0.0,3.4728050231933594,0.5260696411132812,10.034313201904297,0.0,0.0,4.380725860595703,0.6085357666015625,12.654346466064453,0.0,0.0,4.662609100341797,0.6150074005126953,13.03797698020935,0.0,0.0,3.9533233642578125,0.5058135986328125,11.083789825439453,0.0,0.0,4.960702896118164,0.6294002532958984,15.856487274169922,0.0,0.0,4.796486854553223,0.64794921875,13.92109203338623,0.0,0.0,6.053967475891113,0.7348480224609375,15.623095512390137,0.0,0.0,4.344771862030029,0.6188406944274902,11.030014753341675,0.0,0.0,5.699863433837891,0.7529392242431641,15.576549530029297,0.0,0.0,5.3865251541137695,0.617131233215332,13.26090383529663,0.0,0.0,4.174660682678223,0.5980567932128906,11.278457164764404,0.0,0.0,5.9549137353897095,0.6992388963699341,14.107642769813538,0.0,0.0,4.754953503608704,0.5783177614212036,11.947789311408997,0.0,0.0,5.63562798500061,0.6409683227539062,14.885629892349243,0.0,0.0,5.899553298950195,0.7828569412231445,16.961223244667053,0.0,0.0,3.611711025238037,0.6657028198242188,10.726783752441406,0.0,0.0,5.109111189842224,0.745261549949646,13.898944079875946,0.0,0.0,6.097309827804565,0.8118953704833984,16.94838386774063,0.0,0.0,5.42019510269165,0.7086973190307617,16.475234985351562,0.0,0.0,4.8359654545784,0.6833470463752747,13.422802805900574,0.0,0.0,4.215947151184082,0.7662677764892578,13.739930391311646,0.0,0.0,7.7835909724235535,0.826755702495575,22.912292778491974,0.061183929443359375,0.2740345001220703,6.248884201049805,0.7258262634277344,16.857057571411133,0.2871575355529785,1.34272962808609,5.523212432861328,0.6728057861328125,14.73794174194336,0.23505783081054688,1.5122835636138916,7.778500854969025,0.8542072772979736,23.57011079788208,0.003025054931640625,0.003025054931640625,7.295185208320618,0.8894023895263672,20.46891486644745,0.09134829044342041,0.11694705486297607
147,hallucinated,35,0.53173828125,7.453575611114502,0.9406174421310425,27.353594303131104,0.025290310382843018,0.10384500026702881,7.416082143783569,0.8989132046699524,26.02896547317505,0.03440427780151367,0.1357693076133728,7.604484736919403,0.894702136516571,26.438994109630585,0.026049137115478516,0.05045938491821289,2.6610898971557617,0.4383573532104492,7.833907127380371,0.0,0.0,3.251445770263672,0.5888023376464844,10.521373748779297,0.0,0.0,2.506857395172119,0.4837822914123535,7.280796527862549,0.0,0.0,2.8830747604370117,0.7363319396972656,10.604874610900879,0.0,0.0,2.769171714782715,0.5090904235839844,8.97901463508606,0.0,0.0,2.909862518310547,0.5101337432861328,9.803594827651978,0.0,0.0,2.8835411071777344,0.4627227783203125,10.35009765625,0.0,0.0,3.3088912963867188,0.475372314453125,9.870399475097656,0.0,0.0,4.027370452880859,0.5716133117675781,12.30099105834961,0.0,0.0,4.159578561782837,0.5599699020385742,12.53494644165039,0.0,0.0,3.7720069885253906,0.48798370361328125,10.902473449707031,0.0,0.0,4.639797210693359,0.6311759948730469,15.535581588745117,0.0,0.0,4.551303863525391,0.64794921875,13.675909042358398,0.0,0.0,5.238588333129883,0.6994400024414062,14.807716369628906,0.0,0.0,4.621192693710327,0.6369209289550781,11.306435585021973,0.0,0.0,5.632317543029785,0.7821598052978516,15.509003639221191,0.0,0.0,5.319501757621765,0.6767292022705078,13.193880438804626,0.0,0.0,4.372959613800049,0.6182880401611328,11.47675609588623,0.0,0.0,5.631770610809326,0.746002197265625,13.784499645233154,0.0,0.0,4.869767665863037,0.6459503173828125,12.06260347366333,0.0,0.0,6.0793415904045105,0.8219351768493652,15.329343497753143,0.0,0.0,5.433529853820801,0.7188968658447266,16.49519979953766,0.0,0.0,3.4975967407226562,0.6657028198242188,10.612669467926025,0.0,0.0,4.290849328041077,0.6281972527503967,13.080682218074799,0.0,0.0,5.5722349882125854,0.8118953704833984,16.42330902814865,0.0,0.0,4.670496463775635,0.7140088081359863,15.725536346435547,0.0,0.0,3.8519341945648193,0.6930396556854248,12.438771545886993,0.0,0.0,3.749311685562134,0.7187302112579346,13.273294925689697,0.0,0.0,7.120598316192627,0.8368573188781738,22.249300122261047,0.061183929443359375,0.2740345001220703,5.736177444458008,0.7273330688476562,16.338648796081543,0.2871575355529785,1.363859474658966,5.077449798583984,0.6788177490234375,14.292179107666016,0.23505783081054688,1.5287327766418457,6.84534752368927,0.8672704696655273,22.6449453830719,0.06070709228515625,0.07857781648635864,6.526478290557861,0.8894023895263672,19.686902284622192,0.11539697647094727,0.24130713939666748
148,grounded,41,0.56884765625,9.00447428226471,0.9413381218910217,32.26492989063263,0.030987143516540527,0.16163140535354614,9.023122072219849,0.9115011692047119,30.82892072200775,0.043955206871032715,0.15808546543121338,9.246604859828949,0.900664746761322,31.60131537914276,0.026049137115478516,0.05061602592468262,3.7497386932373047,0.45928955078125,10.541498184204102,0.0,0.0,4.289100646972656,0.5698661804199219,13.03525161743164,0.0,0.0,3.4304141998291016,0.5048122406005859,9.033260345458984,0.0,0.0,3.9856948852539062,0.7152099609375,12.796422958374023,0.0,0.0,3.743668556213379,0.5357608795166016,11.054088830947876,0.0,0.0,3.7770423889160156,0.5254068374633789,11.958662748336792,0.0,0.0,4.067554473876953,0.4926300048828125,13.137903213500977,0.0,0.0,4.630670547485352,0.5700607299804688,12.592363357543945,0.0,0.0,5.483116149902344,0.6015644073486328,15.122492790222168,0.0,0.0,5.407724380493164,0.6135692596435547,15.263164758682251,0.0,0.0,4.503711700439453,0.5665016174316406,13.044820785522461,0.0,0.0,6.148773193359375,0.6713714599609375,19.87281608581543,0.0,0.0,6.063278675079346,0.666839599609375,17.23015832901001,0.0,0.0,7.138498306274414,0.7735519409179688,19.0544490814209,0.0,0.0,5.761051297187805,0.6222419738769531,13.735844612121582,0.0,0.0,6.160335540771484,0.7295284271240234,18.42620086669922,0.0,0.0,6.560855865478516,0.7090435028076172,15.940656661987305,0.0,0.0,5.34972357749939,0.6323010921478271,13.33459734916687,0.0,0.0,6.72214412689209,0.7782440185546875,15.882225036621094,0.0,0.0,5.947335600852966,0.6526641845703125,14.824704051017761,0.0,0.0,7.069511413574219,0.7473239898681641,18.435644149780273,0.0,0.0,6.9605143666267395,0.8166614174842834,19.897169291973114,0.0,0.0,4.416691780090332,0.6659126281738281,12.264168739318848,0.0,0.0,6.527098655700684,0.7683162689208984,17.205026388168335,0.0,0.0,7.457227945327759,0.7889939546585083,19.68443924188614,0.0,0.0,6.119433879852295,0.7087011337280273,18.874972343444824,0.0,0.0,6.010258376598358,0.7551670074462891,16.14916080236435,0.0,0.0,5.082718193531036,0.7081454396247864,16.13570547103882,0.0,0.0,8.733921885490417,0.8279608488082886,26.102627396583557,0.06146049499511719,0.29293668270111084,7.260772705078125,0.7489757537841797,19.108888626098633,0.2878708839416504,1.3576232194900513,6.540523529052734,0.7026519775390625,16.97239112854004,0.2357635498046875,1.4856224060058594,8.733300626277924,0.8752689361572266,27.640715539455414,0.02527177333831787,0.033530592918395996,8.22194492816925,0.8894023895263672,24.042123675346375,0.1286334991455078,0.15775585174560547
148,hallucinated,44,0.5859375,11.697445690631866,0.9470579028129578,34.957901298999786,0.020725369453430176,0.15412408113479614,11.47244417667389,0.916390061378479,33.27824282646179,0.04272890090942383,0.15603959560394287,11.869961738586426,0.900664746761322,34.22467225790024,0.029501914978027344,0.07942080497741699,4.3706512451171875,0.4277801513671875,11.162410736083984,0.0,0.0,4.9935760498046875,0.57568359375,13.739727020263672,0.0,0.0,4.049713134765625,0.4835977554321289,9.652559280395508,0.0,0.0,4.354739189147949,0.7152099609375,13.165467262268066,0.0,0.0,4.151875972747803,0.49744701385498047,11.4622962474823,0.0,0.0,4.197299003601074,0.5254068374633789,12.37891936302185,0.0,0.0,4.755218505859375,0.4627227783203125,13.825567245483398,0.0,0.0,5.359840393066406,0.5149040222167969,13.321533203125,0.0,0.0,6.332947731018066,0.5475349426269531,15.97232437133789,0.0,0.0,6.150734186172485,0.6709156036376953,16.006174564361572,0.0,0.0,4.97121524810791,0.49767303466796875,13.512324333190918,0.0,0.0,6.587148666381836,0.62322998046875,20.31119155883789,0.0,0.0,6.892498016357422,0.6344757080078125,18.059377670288086,0.0,0.0,6.800311088562012,0.6677627563476562,18.716261863708496,0.0,0.0,6.592234015464783,0.6642436981201172,14.56702733039856,0.0,0.0,7.896884918212891,0.7158889770507812,20.162750244140625,0.0,0.0,7.428807258605957,0.6827220916748047,16.808608055114746,0.0,0.0,6.1145172119140625,0.6092844009399414,14.099390983581543,0.0,0.0,7.054068565368652,0.7443199157714844,16.214149475097656,0.0,0.0,6.36426442861557,0.6290158629417419,15.241632878780365,0.0,0.0,8.482333421707153,0.7910013198852539,19.848466157913208,0.0,0.0,8.767002820968628,0.8429102897644043,21.703657746315002,0.0,0.0,4.881770610809326,0.6659126281738281,12.729247570037842,0.0,0.0,7.313753366470337,0.6777744293212891,17.99168109893799,0.0,0.0,8.682973265647888,0.7436842918395996,20.91018456220627,0.0,0.0,7.729604244232178,0.7376885414123535,20.485142707824707,0.0,0.0,6.190531611442566,0.6588538885116577,16.329434037208557,0.0,0.0,5.991819143295288,0.7286651134490967,17.04480642080307,0.0,0.0,10.981879115104675,0.8418543338775635,28.350584626197815,0.06146049499511719,0.2944560647010803,9.200479745864868,0.75433349609375,21.01589608192444,0.2878708839416504,1.3689727187156677,8.097618103027344,0.701171875,18.4943904876709,0.2357635498046875,1.5145201683044434,10.848327815532684,0.859656810760498,29.761300086975098,0.06497573852539062,0.10518127679824829,10.44832170009613,0.8894023895263672,26.266626000404358,0.13538587093353271,0.28141820430755615
149,grounded,41,0.5986328125,9.936543822288513,0.9451665282249451,32.50461971759796,0.034101009368896484,0.12950104475021362,9.878523111343384,0.9052262306213379,30.982962489128113,0.04056668281555176,0.14580601453781128,10.193706512451172,0.8954582214355469,31.665317833423615,0.026049137115478516,0.04084891080856323,4.225727081298828,0.4284934997558594,10.71673583984375,0.0,0.0,4.691932678222656,0.5604972839355469,13.124332427978516,0.0,0.0,3.412616729736328,0.47982025146484375,8.97359848022461,0.0,0.0,4.001507759094238,0.7197265625,12.651385307312012,0.0,0.0,3.7500271797180176,0.5014419555664062,11.014549255371094,0.0,0.0,3.7059435844421387,0.530909538269043,11.866122007369995,0.0,0.0,4.608362197875977,0.5015335083007812,13.535608291625977,0.0,0.0,4.797740936279297,0.5469436645507812,12.746940612792969,0.0,0.0,6.292048931121826,0.6771783828735352,16.078450679779053,0.0,0.0,5.85561990737915,0.6212954521179199,15.542762517929077,0.0,0.0,5.377006530761719,0.530487060546875,13.835886001586914,0.0,0.0,6.4985198974609375,0.7009429931640625,19.24846076965332,0.0,0.0,6.350404739379883,0.7011489868164062,17.13501262664795,0.0,0.0,7.6823225021362305,0.7328205108642578,19.34406566619873,0.0,0.0,5.772249698638916,0.6262083053588867,13.601989388465881,0.0,0.0,7.163699150085449,0.73486328125,18.950018882751465,0.0,0.0,6.825726509094238,0.6710395812988281,16.079639315605164,0.0,0.0,4.645094156265259,0.6007747650146484,12.28579568862915,0.0,0.0,6.987119674682617,0.6909599304199219,16.202836751937866,0.0,0.0,6.0586676597595215,0.5938529968261719,14.494571208953857,0.0,0.0,7.631065368652344,0.7399411201477051,18.505149841308594,0.0,0.0,7.4553542137146,0.8130302429199219,20.10114085674286,0.0,0.0,4.444098711013794,0.6659126281738281,12.227284669876099,0.0,0.0,6.930322170257568,0.7414236068725586,17.273258090019226,0.0,0.0,8.134462118148804,0.7736879587173462,20.2122043967247,0.0,0.0,6.880740761756897,0.7368679046630859,19.238431096076965,0.0,0.0,6.9460079073905945,0.7412805557250977,16.76770967245102,0.0,0.0,5.940305709838867,0.7481579780578613,16.50999641418457,0.0,0.0,9.564433157444,0.8415412902832031,26.642180740833282,0.06146049499511719,0.2733325958251953,8.268284797668457,0.792724609375,20.0848445892334,0.2878708839416504,1.35176283121109,7.479518890380859,0.7462158203125,17.791833877563477,0.2357635498046875,1.4947524070739746,9.469308733940125,0.8718280792236328,27.634650468826294,0.021037817001342773,0.057050466537475586,8.96674120426178,0.8894023895263672,24.4056156873703,0.10905468463897705,0.1393204927444458
149,hallucinated,41,0.6123046875,9.881920456886292,0.9428219795227051,32.44999635219574,0.034101009368896484,0.12732934951782227,9.84758734703064,0.9136134386062622,30.95202672481537,0.04168730974197388,0.14541393518447876,10.18013334274292,0.8988862037658691,31.651744663715363,0.026049137115478516,0.0643320083618164,3.976062774658203,0.43148040771484375,10.467071533203125,0.0,0.0,4.334138870239258,0.6003665924072266,12.766538619995117,0.0,0.0,3.5119504928588867,0.46065616607666016,9.072932243347168,0.0,0.0,3.740300178527832,0.7197265625,12.390177726745605,0.0,0.0,3.5020599365234375,0.5010490417480469,10.766582012176514,0.0,0.0,3.354680061340332,0.530909538269043,11.514858484268188,0.0,0.0,3.8345489501953125,0.4627227783203125,12.761795043945312,0.0,0.0,4.529079437255859,0.498779296875,12.478279113769531,0.0,0.0,5.502472877502441,0.6076393127441406,15.288874626159668,0.0,0.0,5.7794294357299805,0.6461410522460938,15.466572046279907,0.0,0.0,4.6747283935546875,0.4965362548828125,13.133607864379883,0.0,0.0,5.963077545166016,0.64996337890625,18.7130184173584,0.0,0.0,6.0818634033203125,0.6739578247070312,16.86647129058838,0.0,0.0,6.386543273925781,0.6774673461914062,18.04828643798828,0.0,0.0,6.038132190704346,0.6629128456115723,13.867871880531311,0.0,0.0,6.973593711853027,0.7121410369873047,18.759913444519043,0.0,0.0,6.495697021484375,0.7086811065673828,15.7496098279953,0.0,0.0,5.016599655151367,0.6007747650146484,12.657301187515259,0.0,0.0,6.741620063781738,0.6909599304199219,15.957337141036987,0.0,0.0,5.193748235702515,0.6172101497650146,13.62965178489685,0.0,0.0,7.251325607299805,0.7076606750488281,18.125410079956055,0.0,0.0,7.110026240348816,0.7658419609069824,19.755812883377075,0.0,0.0,3.942650318145752,0.6659126281738281,11.725836277008057,0.0,0.0,5.856542587280273,0.6205177307128906,16.19947850704193,0.0,0.0,7.55577290058136,0.7638502717018127,19.633515179157257,0.0,0.0,6.445146203041077,0.7087011337280273,18.802836537361145,0.0,0.0,5.450259804725647,0.6706434488296509,15.271961569786072,0.0,0.0,5.310713291168213,0.761415958404541,15.880403995513916,0.0,0.0,9.458369791507721,0.8601232171058655,26.536117374897003,0.06146049499511719,0.27929019927978516,8.072951793670654,0.8050422668457031,19.819244861602783,0.2878708839416504,1.40510892868042,7.055027008056641,0.7368927001953125,17.316804885864258,0.2357635498046875,1.5256576538085938,8.912264347076416,0.851750373840332,27.08141541481018,0.09118056297302246,0.21951258182525635,8.56088924407959,0.8894023895263672,23.98170495033264,0.13459539413452148,0.5331206321716309
