example_id,label,seq_len,msp_score,layer_0_mtop_div,layer_0_h0_max_lifetime,layer_0_h0_total_persistence,layer_0_h1_max_lifetime,layer_0_h1_total_persistence,layer_0_h1_max_birth,layer_0_h1_max_death,layer_1_mtop_div,layer_1_h0_max_lifetime,layer_1_h0_total_persistence,layer_1_h1_max_lifetime,layer_1_h1_total_persistence,layer_1_h1_max_birth,layer_1_h1_max_death,layer_2_mtop_div,layer_2_h0_max_lifetime,layer_2_h0_total_persistence,layer_2_h1_max_lifetime,layer_2_h1_total_persistence,layer_2_h1_max_birth,layer_2_h1_max_death,layer_3_mtop_div,layer_3_h0_max_lifetime,layer_3_h0_total_persistence,layer_3_h1_max_lifetime,layer_3_h1_total_persistence,layer_3_h1_max_birth,layer_3_h1_max_death,layer_4_mtop_div,layer_4_h0_max_lifetime,layer_4_h0_total_persistence,layer_4_h1_max_lifetime,layer_4_h1_total_persistence,layer_4_h1_max_birth,layer_4_h1_max_death,layer_5_mtop_div,layer_5_h0_max_lifetime,layer_5_h0_total_persistence,layer_5_h1_max_lifetime,layer_5_h1_total_persistence,layer_5_h1_max_birth,layer_5_h1_max_death,layer_6_mtop_div,layer_6_h0_max_lifetime,layer_6_h0_total_persistence,layer_6_h1_max_lifetime,layer_6_h1_total_persistence,layer_6_h1_max_birth,layer_6_h1_max_death,layer_7_mtop_div,layer_7_h0_max_lifetime,layer_7_h0_total_persistence,layer_7_h1_max_lifetime,layer_7_h1_total_persistence,layer_7_h1_max_birth,layer_7_h1_max_death,layer_8_mtop_div,layer_8_h0_max_lifetime,layer_8_h0_total_persistence,layer_8_h1_max_lifetime,layer_8_h1_total_persistence,layer_8_h1_max_birth,layer_8_h1_max_death,layer_9_mtop_div,layer_9_h0_max_lifetime,layer_9_h0_total_persistence,layer_9_h1_max_lifetime,layer_9_h1_total_persistence,layer_9_h1_max_birth,layer_9_h1_max_death,layer_10_mtop_div,layer_10_h0_max_lifetime,layer_10_h0_total_persistence,layer_10_h1_max_lifetime,layer_10_h1_total_persistence,layer_10_h1_max_birth,layer_10_h1_max_death,layer_11_mtop_div,layer_11_h0_max_lifetime,layer_11_h0_total_persistence,layer_11_h1_max_lifetime,layer_11_h1_total_persistence,layer_11_h1_max_birth,layer_11_h1_max_death,layer_12_mtop_div,layer_12_h0_max_lifetime,layer_12_h0_total_persistence,layer_12_h1_max_lifetime,layer_12_h1_total_persistence,layer_12_h1_max_birth,layer_12_h1_max_death,layer_13_mtop_div,layer_13_h0_max_lifetime,layer_13_h0_total_persistence,layer_13_h1_max_lifetime,layer_13_h1_total_persistence,layer_13_h1_max_birth,layer_13_h1_max_death,layer_14_mtop_div,layer_14_h0_max_lifetime,layer_14_h0_total_persistence,layer_14_h1_max_lifetime,layer_14_h1_total_persistence,layer_14_h1_max_birth,layer_14_h1_max_death,layer_15_mtop_div,layer_15_h0_max_lifetime,layer_15_h0_total_persistence,layer_15_h1_max_lifetime,layer_15_h1_total_persistence,layer_15_h1_max_birth,layer_15_h1_max_death,layer_16_mtop_div,layer_16_h0_max_lifetime,layer_16_h0_total_persistence,layer_16_h1_max_lifetime,layer_16_h1_total_persistence,layer_16_h1_max_birth,layer_16_h1_max_death,layer_17_mtop_div,layer_17_h0_max_lifetime,layer_17_h0_total_persistence,layer_17_h1_max_lifetime,layer_17_h1_total_persistence,layer_17_h1_max_birth,layer_17_h1_max_death,layer_18_mtop_div,layer_18_h0_max_lifetime,layer_18_h0_total_persistence,layer_18_h1_max_lifetime,layer_18_h1_total_persistence,layer_18_h1_max_birth,layer_18_h1_max_death,layer_19_mtop_div,layer_19_h0_max_lifetime,layer_19_h0_total_persistence,layer_19_h1_max_lifetime,layer_19_h1_total_persistence,layer_19_h1_max_birth,layer_19_h1_max_death,layer_20_mtop_div,layer_20_h0_max_lifetime,layer_20_h0_total_persistence,layer_20_h1_max_lifetime,layer_20_h1_total_persistence,layer_20_h1_max_birth,layer_20_h1_max_death,layer_21_mtop_div,layer_21_h0_max_lifetime,layer_21_h0_total_persistence,layer_21_h1_max_lifetime,layer_21_h1_total_persistence,layer_21_h1_max_birth,layer_21_h1_max_death
0,grounded,44,0.76318359375,13.073792159557343,0.9538012742996216,37.9628928899765,0.014928579330444336,0.023566126823425293,0.9423513412475586,0.9572799205780029,12.120883524417877,0.8985267877578735,32.942901849746704,0.02324092388153076,0.05917394161224365,0.8331130743026733,0.8563539981842041,10.859045624732971,0.8486040234565735,29.057232916355133,0.0,0.0,0.0,0.0,1.8744125366210938,0.4396934509277344,6.673923492431641,0.0,0.0,0.0,0.0,1.40228271484375,0.3433723449707031,4.966237783432007,0.0,0.0,0.0,0.0,1.9358291625976562,0.3695220947265625,6.19405460357666,0.0,0.0,0.0,0.0,3.1285972595214844,0.4524421691894531,9.330424189567566,0.0,0.0,0.0,0.0,3.7566699981689453,0.4771842956542969,11.08043348789215,0.0,0.0,0.0,0.0,4.32838249206543,0.533050537109375,12.895359754562378,0.0,0.0,0.0,0.0,6.297721862792969,0.6941843032836914,19.341116905212402,0.0,0.0,0.0,0.0,6.966154098510742,0.5972824096679688,19.31647491455078,0.0,0.0,0.0,0.0,6.296899318695068,0.6512908935546875,17.8113055229187,0.0,0.0,0.0,0.0,7.67136287689209,0.7537221908569336,21.76197910308838,0.0,0.0,0.0,0.0,7.527679920196533,0.719637393951416,21.017739295959473,0.0,0.0,0.0,0.0,8.192629098892212,0.7776530981063843,22.00314724445343,0.0,0.0,0.0,0.0,6.808884620666504,0.6602015495300293,19.52988862991333,0.0,0.0,0.0,0.0,6.832985877990723,0.7051544189453125,19.310056567192078,0.0,0.0,0.0,0.0,6.290349960327148,0.6191024780273438,17.87673854827881,0.00066375732421875,0.00066375732421875,0.585662841796875,0.5863265991210938,5.487485885620117,0.6802558898925781,16.569253742694855,0.0,0.0,0.0,0.0,5.2079010009765625,0.618250846862793,16.05745005607605,0.02841472625732422,0.03759956359863281,0.5701141357421875,0.5985288619995117,4.974906921386719,0.6145439147949219,16.26272201538086,0.06061410903930664,0.23714590072631836,0.6216444969177246,0.6822586059570312,5.2878522872924805,0.6676425933837891,17.444373846054077,0.19836759567260742,0.8798141479492188,0.5933799743652344,0.7917475700378418
0,hallucinated,41,0.72412109375,10.245675683021545,0.9470942616462708,35.134776413440704,0.014928579330444336,0.030034363269805908,0.9423513412475586,0.9572799205780029,9.447219729423523,0.8891236782073975,30.269656717777252,0.029433786869049072,0.08172851800918579,0.8675411343574524,0.8969749212265015,8.483635246753693,0.8446884155273438,26.676295220851898,0.0,0.0,0.0,0.0,1.463714599609375,0.4396934509277344,6.263225555419922,0.0,0.0,0.0,0.0,1.241912841796875,0.3433723449707031,4.805867910385132,0.0,0.0,0.0,0.0,1.6069564819335938,0.3695220947265625,5.865181922912598,0.0,0.0,0.0,0.0,2.3820533752441406,0.4524421691894531,8.583880305290222,0.0,0.0,0.0,0.0,2.680668830871582,0.4771842956542969,10.004432320594788,0.0,0.0,0.0,0.0,3.3124732971191406,0.533050537109375,11.879450559616089,0.0,0.0,0.0,0.0,4.785892486572266,0.6941843032836914,17.8292875289917,0.0,0.0,0.0,0.0,5.48782205581665,0.5972824096679688,17.83814287185669,0.0,0.0,0.0,0.0,5.043282747268677,0.6512908935546875,16.55768895149231,0.0,0.0,0.0,0.0,6.122896194458008,0.7537221908569336,20.213512420654297,0.0,0.0,0.0,0.0,6.192045211791992,0.719637393951416,19.68210458755493,0.0,0.0,0.0,0.0,6.3760905265808105,0.7776530981063843,20.18660867214203,0.0,0.0,0.0,0.0,5.481536388397217,0.6602015495300293,18.202540397644043,0.0,0.0,0.0,0.0,5.426549911499023,0.6778688430786133,17.90362060070038,0.0,0.0,0.0,0.0,4.958829879760742,0.5884151458740234,16.545218467712402,0.00066375732421875,0.00066375732421875,0.585662841796875,0.5863265991210938,4.5289306640625,0.6802558898925781,15.610698521137238,0.0,0.0,0.0,0.0,4.41157341003418,0.618250846862793,15.261122465133667,0.02841472625732422,0.03759956359863281,0.5701141357421875,0.5985288619995117,4.2081451416015625,0.6145439147949219,15.495960235595703,0.06061410903930664,0.23714590072631836,0.6216444969177246,0.6822586059570312,4.5817649364471436,0.6676425933837891,16.73828649520874,0.19836759567260742,0.8798141479492188,0.5933799743652344,0.7917475700378418
1,grounded,31,0.8330078125,7.290945112705231,0.9273721575737,25.67012506723404,0.024067401885986328,0.029021143913269043,0.9174715280532837,0.94153892993927,6.755379736423492,0.8843258023262024,22.256345987319946,0.019459068775177002,0.02440541982650757,0.8547898530960083,0.8742489218711853,6.143167793750763,0.8446798324584961,20.115512430667877,0.0,0.0,0.0,0.0,1.222686767578125,0.418670654296875,5.022380828857422,0.0,0.0,0.0,0.0,0.830596923828125,0.3399791717529297,3.6810840368270874,0.0,0.0,0.0,0.0,1.2425994873046875,0.3648357391357422,4.708940505981445,0.0,0.0,0.0,0.0,1.8453254699707031,0.4367685317993164,6.830621361732483,0.0,0.0,0.0,0.0,2.083148956298828,0.45273590087890625,7.902207136154175,0.0,0.0,0.0,0.0,2.7136688232421875,0.5330429077148438,9.412657976150513,0.0,0.0,0.0,0.0,3.988422393798828,0.6861591339111328,14.263724327087402,0.0,0.0,0.0,0.0,4.20612907409668,0.6008186340332031,13.514081954956055,0.0,0.0,0.0,0.0,4.317630290985107,0.6322898864746094,13.438971996307373,0.0,0.0,0.0,0.0,4.786441802978516,0.7225661277770996,15.44230031967163,0.0,0.0,0.0,0.0,5.078458309173584,0.7515869140625,15.5838303565979,0.0,0.0,0.0,0.0,5.233230113983154,0.7179532051086426,16.013245105743408,0.0,0.0,0.0,0.0,4.334924936294556,0.6287455558776855,14.359516859054565,0.0,0.0,0.0,0.0,4.290497303009033,0.6326022148132324,13.994964957237244,0.0,0.0,0.0,0.0,4.1344709396362305,0.5889892578125,13.466560363769531,0.0,0.0,0.0,0.0,4.258964538574219,0.6595258712768555,13.649436891078949,0.0,0.0,0.0,0.0,3.9619922637939453,0.6075401306152344,12.650826692581177,0.0,0.0,0.0,0.0,3.740634560585022,0.6166934967041016,12.981144785881042,0.0723581314086914,0.3007078170776367,0.6099042892456055,0.6822624206542969,3.7917585372924805,0.6668853759765625,13.847851276397705,0.15947484970092773,0.8737828731536865,0.6322727203369141,0.7917475700378418
1,hallucinated,31,0.84375,7.360121428966522,0.9352394938468933,25.73930138349533,0.024067401885986328,0.029021143913269043,0.9174715280532837,0.94153892993927,6.77050656080246,0.8763809204101562,22.263464331626892,0.027206718921661377,0.03434717655181885,0.8470422029495239,0.8742489218711853,6.115343332290649,0.8446798324584961,20.087687969207764,0.0,0.0,0.0,0.0,1.247406005859375,0.418670654296875,5.047100067138672,0.0,0.0,0.0,0.0,0.7725868225097656,0.3399791717529297,3.623073935508728,0.0,0.0,0.0,0.0,1.1721572875976562,0.3648357391357422,4.638498306274414,0.0,0.0,0.0,0.0,1.6756553649902344,0.4367685317993164,6.660951256752014,0.0,0.0,0.0,0.0,1.9361668229103088,0.45273590087890625,7.7552250027656555,0.0,0.0,0.0,0.0,2.5878353118896484,0.5330429077148438,9.286824464797974,0.0,0.0,0.0,0.0,3.6039867401123047,0.6861591339111328,13.879288673400879,0.0,0.0,0.0,0.0,3.831960678100586,0.5849685668945312,13.139913558959961,0.0,0.0,0.0,0.0,3.758768081665039,0.6322898864746094,12.880109786987305,0.0,0.0,0.0,0.0,4.276973724365234,0.7225661277770996,14.93283224105835,0.0,0.0,0.0,0.0,4.705889463424683,0.7515869140625,15.211261510848999,0.0,0.0,0.0,0.0,4.746703624725342,0.7179532051086426,15.526718616485596,0.0,0.0,0.0,0.0,3.9445834159851074,0.6287455558776855,13.969175338745117,0.0,0.0,0.0,0.0,4.015323162078857,0.6326022148132324,13.719790816307068,0.0,0.0,0.0,0.0,3.8120079040527344,0.6133594512939453,13.144097328186035,0.0,0.0,0.0,0.0,3.5748814940452576,0.6595258712768555,12.965353846549988,0.0,0.0,0.0,0.0,3.3019847869873047,0.5999431610107422,11.990819215774536,0.0,0.0,0.0,0.0,3.3169078826904297,0.6166934967041016,12.55741810798645,0.0723581314086914,0.3007078170776367,0.6099042892456055,0.6822624206542969,3.3492345809936523,0.6668853759765625,13.405327320098877,0.15947484970092773,0.7939698696136475,0.6322727203369141,0.7917475700378418
2,grounded,41,0.6953125,16.591187953948975,0.9462711811065674,34.93475252389908,0.02260291576385498,0.031861066818237305,0.9173055291175842,0.9399084448814392,15.269830882549286,0.8802924156188965,30.688199758529663,0.011869668960571289,0.017121613025665283,0.856661319732666,0.8685309886932373,13.38607907295227,0.8446884155273438,27.046237111091614,0.0,0.0,0.0,0.0,2.7877349853515625,0.4245738983154297,6.56477165222168,0.0,0.0,0.0,0.0,2.0194740295410156,0.3402576446533203,4.915747880935669,0.0,0.0,0.0,0.0,2.6541824340820312,0.3644065856933594,6.107200622558594,0.0,0.0,0.0,0.0,3.725189208984375,0.4398040771484375,8.85602068901062,0.0,0.0,0.0,0.0,4.305708885192871,0.4719352722167969,10.181268334388733,0.0,0.0,0.0,0.0,5.69035530090332,0.533050537109375,12.195769786834717,0.0,0.0,0.0,0.0,8.180679321289062,0.685028076171875,18.309040069580078,0.0,0.0,0.0,0.0,8.743033409118652,0.58782958984375,17.791651725769043,0.0,0.0,0.0,0.0,7.796858787536621,0.6316757202148438,16.64917755126953,0.0,0.0,0.0,0.0,9.271637439727783,0.7336521148681641,19.898761510849,0.0,0.0,0.0,0.0,9.429364681243896,0.6860532760620117,19.765869617462158,0.0,0.0,0.0,0.0,9.768953084945679,0.6913495063781738,20.283494234085083,0.0,0.0,0.0,0.0,8.087653517723083,0.6278667449951172,17.889861464500427,0.0,0.0,0.0,0.0,8.060371398925781,0.6186733245849609,17.702818155288696,0.0,0.0,0.0,0.0,7.310819625854492,0.6047267913818359,16.338574409484863,0.0,0.0,0.0,0.0,6.514121055603027,0.6581249237060547,15.60227507352829,0.0,0.0,0.0,0.0,6.1955766677856445,0.5966453552246094,14.693607807159424,0.02194499969482422,0.02194499969482422,0.5765838623046875,0.5985288619995117,6.260357856750488,0.6198577880859375,15.04848027229309,0.06061410903930664,0.18478775024414062,0.6216444969177246,0.6822586059570312,6.410550117492676,0.6745643615722656,16.02078127861023,0.1855006217956543,0.8101897239685059,0.6062469482421875,0.7917475700378418
2,hallucinated,37,0.73974609375,12.921957194805145,0.9417107701301575,31.26552176475525,0.02260291576385498,0.029331684112548828,0.9173055291175842,0.9399084448814392,11.996066808700562,0.8983196020126343,27.41443568468094,0.011869668960571289,0.017121613025665283,0.856661319732666,0.8685309886932373,10.674826383590698,0.8446884155273438,24.33498442173004,0.0,0.0,0.0,0.0,1.9541854858398438,0.4245738983154297,5.731222152709961,0.0,0.0,0.0,0.0,1.381744384765625,0.3402576446533203,4.278018236160278,0.0,0.0,0.0,0.0,1.833984375,0.3644065856933594,5.2870025634765625,0.0,0.0,0.0,0.0,2.7456588745117188,0.4398040771484375,7.876490354537964,0.0,0.0,0.0,0.0,3.323683738708496,0.4719352722167969,9.199243187904358,0.0,0.0,0.0,0.0,4.287836074829102,0.533050537109375,10.793250560760498,0.0,0.0,0.0,0.0,6.144468307495117,0.685028076171875,16.272829055786133,0.0,0.0,0.0,0.0,6.70984411239624,0.5991425514221191,15.75846242904663,0.0,0.0,0.0,0.0,5.814993858337402,0.6316757202148438,14.667312622070312,0.0,0.0,0.0,0.0,7.11728572845459,0.7336521148681641,17.744409799575806,0.0,0.0,0.0,0.0,6.969196319580078,0.6860532760620117,17.30570125579834,0.0,0.0,0.0,0.0,7.292382478713989,0.6913495063781738,17.806923627853394,0.0,0.0,0.0,0.0,6.210312485694885,0.6278667449951172,16.01252043247223,0.0,0.0,0.0,0.0,6.165035247802734,0.6186733245849609,15.80748200416565,0.0,0.0,0.0,0.0,5.628589630126953,0.6047267913818359,14.656344413757324,0.0,0.0,0.0,0.0,4.659189224243164,0.6581249237060547,13.747343242168427,0.0,0.0,0.0,0.0,4.3929290771484375,0.5966453552246094,12.890960216522217,0.02194499969482422,0.02194499969482422,0.5765838623046875,0.5985288619995117,4.380820274353027,0.6198577880859375,13.16894268989563,0.06061410903930664,0.18478775024414062,0.6216444969177246,0.6822586059570312,4.646001815795898,0.6745643615722656,14.256232976913452,0.1855006217956543,0.8101897239685059,0.6062469482421875,0.7917475700378418
3,grounded,46,0.8046875,14.933846592903137,0.9530987739562988,39.82099372148514,0.013591647148132324,0.022064566612243652,0.9434404373168945,0.9570320844650269,13.93916779756546,0.9007814526557922,35.00573027133942,0.028155088424682617,0.06972455978393555,0.8356684446334839,0.8638235330581665,13.00918698310852,0.8714121580123901,32.1550509929657,0.0,0.0,0.0,0.0,2.3767776489257812,0.4364967346191406,7.331790924072266,0.0,0.0,0.0,0.0,1.7557926177978516,0.3479461669921875,5.24360728263855,0.0,0.0,0.0,0.0,2.4186363220214844,0.3751697540283203,7.011960983276367,0.0,0.0,0.0,0.0,3.611001968383789,0.43643665313720703,9.960386991500854,0.0,0.0,0.0,0.0,4.258276700973511,0.48702239990234375,11.69830071926117,0.0,0.0,0.0,0.0,5.614260673522949,0.533050537109375,14.496620178222656,0.0,0.0,0.0,0.0,7.31242561340332,0.6931428909301758,20.7858247756958,0.0,0.0,0.0,0.0,8.217159271240234,0.5827388763427734,20.673669815063477,0.0,0.0,0.0,0.0,7.0172388553619385,0.6476058959960938,18.77297616004944,0.0,0.0,0.0,0.0,8.647775411605835,0.7495503425598145,22.793886423110962,0.0,0.0,0.0,0.0,8.691650390625,0.7431297302246094,22.260170936584473,0.0,0.0,0.0,0.0,9.079985618591309,0.6754436492919922,23.01894760131836,0.0,0.0,0.0,0.0,8.306386232376099,0.6462945938110352,21.323750734329224,0.0,0.0,0.0,0.0,8.092288374900818,0.6379013061523438,20.724452018737793,0.0,0.0,0.0,0.0,7.23238730430603,0.6197924613952637,19.200337171554565,0.0,0.0,0.0,0.0,6.698339760303497,0.6701750755310059,18.09998059272766,0.0,0.0,0.0,0.0,6.179770469665527,0.6064887046813965,17.18774437904358,0.02014636993408203,0.02014636993408203,0.5783824920654297,0.5985288619995117,5.922093152999878,0.6044597625732422,17.516300678253174,0.0630025863647461,0.30704164505004883,0.6192560195922852,0.6822586059570312,6.3112382888793945,0.6467037200927734,18.949127912521362,0.19997358322143555,0.9192409515380859,0.5917739868164062,0.7917475700378418
3,hallucinated,45,0.80224609375,13.976889550685883,0.94361412525177,38.86403667926788,0.013591647148132324,0.022064566612243652,0.9434404373168945,0.9570320844650269,13.049229741096497,0.9019708633422852,34.11579221487045,0.028155088424682617,0.06972455978393555,0.8356684446334839,0.8638235330581665,12.232535600662231,0.8714121580123901,31.37839961051941,0.0,0.0,0.0,0.0,2.309539794921875,0.4364967346191406,7.264553070068359,0.0,0.0,0.0,0.0,1.6765995025634766,0.3479461669921875,5.164414167404175,0.0,0.0,0.0,0.0,2.3064002990722656,0.3751697540283203,6.899724960327148,0.0,0.0,0.0,0.0,3.4822330474853516,0.43643665313720703,9.831618070602417,0.0,0.0,0.0,0.0,4.164172887802124,0.48702239990234375,11.604196906089783,0.0,0.0,0.0,0.0,5.3479413986206055,0.533050537109375,14.230300903320312,0.0,0.0,0.0,0.0,6.923105239868164,0.6931428909301758,20.396504402160645,0.0,0.0,0.0,0.0,7.800987243652344,0.5827388763427734,20.257497787475586,0.0,0.0,0.0,0.0,6.678154230117798,0.6476058959960938,18.433891534805298,0.0,0.0,0.0,0.0,8.199323415756226,0.7495503425598145,22.345434427261353,0.0,0.0,0.0,0.0,8.331602811813354,0.7431297302246094,21.900123357772827,0.0,0.0,0.0,0.0,8.732460975646973,0.6754436492919922,22.671422958374023,0.0,0.0,0.0,0.0,7.990980863571167,0.6462945938110352,21.008345365524292,0.0,0.0,0.0,0.0,7.823132395744324,0.6379013061523438,20.4552960395813,0.0,0.0,0.0,0.0,6.947541952133179,0.6197924613952637,18.915491819381714,0.0,0.0,0.0,0.0,6.512462913990021,0.6701750755310059,17.914103746414185,0.0,0.0,0.0,0.0,5.9467363357543945,0.6064887046813965,16.954710245132446,0.02014636993408203,0.02014636993408203,0.5783824920654297,0.5985288619995117,5.8129050731658936,0.6044597625732422,17.40711259841919,0.0630025863647461,0.30704164505004883,0.6192560195922852,0.6822586059570312,6.13332462310791,0.6467037200927734,18.771214246749878,0.19997358322143555,0.9192409515380859,0.5917739868164062,0.7917475700378418
4,grounded,45,0.6826171875,14.847330927848816,0.9476162195205688,38.827293276786804,0.018689095973968506,0.026113450527191162,0.9359002113342285,0.954589307308197,13.713362693786621,0.8854566812515259,33.35564613342285,0.02601921558380127,0.07346701622009277,0.867270827293396,0.8932900428771973,12.804597735404968,0.8454084396362305,30.506173014640808,0.0,0.0,0.0,0.0,2.3922958374023438,0.4377708435058594,7.117572784423828,0.0,0.0,0.0,0.0,1.8882408142089844,0.3501758575439453,5.455040454864502,0.0,0.0,0.0,0.0,2.5676326751708984,0.37011146545410156,6.956684112548828,0.0,0.0,0.0,0.0,3.8897743225097656,0.4578666687011719,10.53498899936676,0.0,0.0,0.0,0.0,4.161144256591797,0.47821807861328125,11.347897171974182,0.0,0.0,0.0,0.0,5.055255889892578,0.533050537109375,13.25591230392456,0.0,0.0,0.0,0.0,8.025272369384766,0.6977133750915527,21.061265468597412,0.0,0.0,0.0,0.0,8.61824369430542,0.5880146026611328,20.75602674484253,0.0,0.0,0.0,0.0,8.277841567993164,0.6519460678100586,19.726643562316895,0.0,0.0,0.0,0.0,9.230544805526733,0.7327089309692383,22.77074360847473,0.0,0.0,0.0,0.0,9.56587839126587,0.7509851455688477,23.409715175628662,0.0,0.0,0.0,0.0,10.228713154792786,0.756783127784729,24.303731083869934,0.0,0.0,0.0,0.0,8.033058166503906,0.637324333190918,20.87469780445099,0.0,0.0,0.0,0.0,7.883288860321045,0.6444244384765625,20.3202143907547,0.0,0.0,0.0,0.0,7.709313869476318,0.6463842391967773,19.648749828338623,0.0,0.0,0.0,0.0,7.028086245059967,0.6924238204956055,18.46970170736313,0.0,0.0,0.0,0.0,6.563006401062012,0.6392455101013184,17.77770733833313,0.0031118392944335938,0.0031118392944335938,0.5954170227050781,0.5985288619995117,6.680867433547974,0.6125869750976562,18.325775742530823,0.06953573226928711,0.31038665771484375,0.6127228736877441,0.6822586059570312,7.226043701171875,0.6852951049804688,19.703770399093628,0.18847417831420898,0.9200596809387207,0.6032733917236328,0.7917475700378418
4,hallucinated,43,0.7265625,12.9705091714859,0.9459255933761597,36.95047152042389,0.018689095973968506,0.026113450527191162,0.9359002113342285,0.954589307308197,12.00415027141571,0.88655686378479,31.6471004486084,0.02391195297241211,0.06728583574295044,0.8693780899047852,0.8932900428771973,11.17850947380066,0.8454084396362305,28.8800847530365,0.0,0.0,0.0,0.0,1.9270401000976562,0.4377708435058594,6.652317047119141,0.0,0.0,0.0,0.0,1.59844970703125,0.3501758575439453,5.165249347686768,0.0,0.0,0.0,0.0,2.3290481567382812,0.37011146545410156,6.718099594116211,0.0,0.0,0.0,0.0,3.6362247467041016,0.4578666687011719,10.281439423561096,0.0,0.0,0.0,0.0,3.6378555297851562,0.47821807861328125,10.824608445167542,0.0,0.0,0.0,0.0,4.646251678466797,0.533050537109375,12.84690809249878,0.0,0.0,0.0,0.0,6.9691162109375,0.6977133750915527,20.005109310150146,0.0,0.0,0.0,0.0,7.487853050231934,0.6035003662109375,19.625636100769043,0.0,0.0,0.0,0.0,7.281435012817383,0.6519460678100586,18.730237007141113,0.0,0.0,0.0,0.0,8.031049489974976,0.7327089309692383,21.571248292922974,0.0,0.0,0.0,0.0,8.223319053649902,0.7509851455688477,22.067155838012695,0.0,0.0,0.0,0.0,8.700531482696533,0.722447395324707,22.77554941177368,0.0,0.0,0.0,0.0,7.227784633636475,0.637324333190918,20.069424271583557,0.0,0.0,0.0,0.0,7.2421956062316895,0.6444244384765625,19.679121136665344,0.0,0.0,0.0,0.0,7.000059127807617,0.6193833351135254,18.939495086669922,0.0,0.0,0.0,0.0,6.557061314582825,0.6924238204956055,17.998676776885986,0.0,0.0,0.0,0.0,6.189502716064453,0.6392455101013184,17.40420365333557,0.0031118392944335938,0.0031118392944335938,0.5954170227050781,0.5985288619995117,6.332806348800659,0.6125869750976562,17.97771465778351,0.06953573226928711,0.31038665771484375,0.6127228736877441,0.6822586059570312,6.625603199005127,0.6852951049804688,19.10332989692688,0.18847417831420898,0.9200596809387207,0.6032733917236328,0.7917475700378418
5,grounded,37,0.72607421875,11.060629487037659,0.9434119462966919,31.263826608657837,0.024386227130889893,0.03413265943527222,0.9234781265258789,0.9478643536567688,10.20971816778183,0.8945688009262085,27.03105002641678,0.009105443954467773,0.023379027843475342,0.8205118179321289,0.8296172618865967,8.751919209957123,0.8446884155273438,23.400000631809235,0.0,0.0,0.0,0.0,1.4907379150390625,0.428863525390625,5.46807861328125,0.0,0.0,0.0,0.0,1.040252685546875,0.3353099822998047,3.983129858970642,0.0,0.0,0.0,0.0,1.3967666625976562,0.3580055236816406,4.998004913330078,0.0,0.0,0.0,0.0,2.868112564086914,0.4440593719482422,8.401515126228333,0.0,0.0,0.0,0.0,3.428030490875244,0.4672431945800781,9.751334309577942,0.0,0.0,0.0,0.0,4.116530418395996,0.533050537109375,11.235941886901855,0.0,0.0,0.0,0.0,5.235342025756836,0.6907353401184082,16.2366681098938,0.0,0.0,0.0,0.0,6.178350925445557,0.5912313461303711,16.206858158111572,0.0,0.0,0.0,0.0,5.641581892967224,0.6511554718017578,15.254028677940369,0.0,0.0,0.0,0.0,6.967342376708984,0.7334060668945312,18.657418251037598,0.0,0.0,0.0,0.0,7.052671432495117,0.7063140869140625,18.394149780273438,0.0,0.0,0.0,0.0,7.41314423084259,0.7190999984741211,18.934510350227356,0.0,0.0,0.0,0.0,6.235526382923126,0.6239986419677734,16.92354327440262,0.0,0.0,0.0,0.0,6.175938129425049,0.6351354122161865,16.817314624786377,0.0,0.0,0.0,0.0,5.802717208862305,0.6035346984863281,15.784918785095215,0.0,0.0,0.0,0.0,5.344023942947388,0.6571245193481445,15.176833868026733,0.0,0.0,0.0,0.0,5.029065132141113,0.6038875579833984,14.325457096099854,0.016676902770996094,0.016676902770996094,0.5818519592285156,0.5985288619995117,4.968286991119385,0.6075916290283203,14.670366168022156,0.062064170837402344,0.2307877540588379,0.6201944351196289,0.6822586059570312,5.113225936889648,0.6813163757324219,15.51590609550476,0.18877935409545898,0.9329385757446289,0.6029682159423828,0.7917475700378418
5,hallucinated,42,0.70361328125,15.772280633449554,0.9501469135284424,35.97547775506973,0.024386227130889893,0.03413265943527222,0.9234781265258789,0.9478643536567688,14.518870830535889,0.8979308605194092,31.340202689170837,0.009105443954467773,0.023379027843475342,0.8205118179321289,0.8296172618865967,12.837728261947632,0.8486526012420654,27.485809683799744,0.0,0.0,0.0,0.0,2.3835601806640625,0.428863525390625,6.36090087890625,0.0,0.0,0.0,0.0,1.4814300537109375,0.3353099822998047,4.424307227134705,0.0,0.0,0.0,0.0,2.2667312622070312,0.3580055236816406,5.867969512939453,0.0,0.0,0.0,0.0,3.9147090911865234,0.4440593719482422,9.448111653327942,0.0,0.0,0.0,0.0,4.877487659454346,0.4672431945800781,11.200791478157043,0.0,0.0,0.0,0.0,5.579364776611328,0.533050537109375,12.698776245117188,0.0,0.0,0.0,0.0,7.479297637939453,0.6907353401184082,18.480623722076416,0.0,0.0,0.0,0.0,8.677296161651611,0.5912313461303711,18.705803394317627,0.0,0.0,0.0,0.0,7.539661288261414,0.6511554718017578,17.152108073234558,0.0,0.0,0.0,0.0,9.546093821525574,0.7334060668945312,21.236169695854187,0.0,0.0,0.0,0.0,9.26614260673523,0.7063140869140625,20.60762095451355,0.0,0.0,0.0,0.0,9.7532639503479,0.7190999984741211,21.274630069732666,0.0,0.0,0.0,0.0,8.161611795425415,0.6239986419677734,18.849628686904907,0.0,0.0,0.0,0.0,8.183203220367432,0.6351354122161865,18.82457971572876,0.0,0.0,0.0,0.0,7.72587776184082,0.6035346984863281,17.70807933807373,0.0,0.0,0.0,0.0,7.052690267562866,0.6571245193481445,16.885500192642212,0.0,0.0,0.0,0.0,6.83660888671875,0.6038875579833984,16.13300085067749,0.016676902770996094,0.016676902770996094,0.5818519592285156,0.5985288619995117,6.859812498092651,0.6075916290283203,16.561891674995422,0.062064170837402344,0.2307877540588379,0.6201944351196289,0.6822586059570312,7.095654487609863,0.6813163757324219,17.498334646224976,0.18877935409545898,0.9329385757446289,0.6029682159423828,0.7917475700378418
6,grounded,39,0.712890625,11.068894743919373,0.9377905130386353,33.20849913358688,0.02283620834350586,0.038809895515441895,0.9296698570251465,0.9525060653686523,10.391382396221161,0.904412031173706,29.220306396484375,0.0076506733894348145,0.01910543441772461,0.8816918134689331,0.8893424868583679,9.757448375225067,0.8498823642730713,27.02253347635269,0.0,0.0,0.0,0.0,1.89605712890625,0.4403839111328125,6.624319076538086,0.0,0.0,0.0,0.0,1.4933853149414062,0.3531341552734375,4.97421133518219,0.0,0.0,0.0,0.0,1.9055671691894531,0.3789081573486328,6.163232803344727,0.0,0.0,0.0,0.0,2.851970672607422,0.4491748809814453,8.797074794769287,0.0,0.0,0.0,0.0,3.3671340942382812,0.4598197937011719,10.149489045143127,0.0,0.0,0.0,0.0,3.936105728149414,0.533050537109375,11.805387020111084,0.0,0.0,0.0,0.0,5.96436882019043,0.6885037422180176,18.133968830108643,0.0,0.0,0.0,0.0,6.461648941040039,0.5844612121582031,17.90083885192871,0.0,0.0,0.0,0.0,5.936313629150391,0.6489467620849609,16.611278533935547,0.0,0.0,0.0,0.0,7.175386905670166,0.7475018501281738,20.12889289855957,0.0,0.0,0.0,0.0,7.4980244636535645,0.7560739517211914,20.168385982513428,0.0,0.0,0.0,0.0,7.1112120151519775,0.7151403427124023,19.745928049087524,0.0,0.0,0.0,0.0,6.625881195068359,0.6176700592041016,18.357154846191406,0.0,0.0,0.0,0.0,6.248928546905518,0.6280250549316406,17.75281035900116,0.0,0.0,0.0,0.0,6.113018989562988,0.6235847473144531,16.870994567871094,0.00460052490234375,0.00460052490234375,0.58172607421875,0.5863265991210938,5.449870586395264,0.6734561920166016,16.063103318214417,0.0,0.0,0.0,0.0,4.841009140014648,0.6280255317687988,14.748512744903564,0.007245063781738281,0.007245063781738281,0.5912837982177734,0.5985288619995117,4.448134899139404,0.6167125701904297,14.810013055801392,0.06948232650756836,0.2909078598022461,0.6127762794494629,0.6822586059570312,5.360498309135437,0.6469826698303223,16.629274487495422,0.1701827049255371,0.8172380924224854,0.6215648651123047,0.7917475700378418
6,hallucinated,36,0.73193359375,8.25282371044159,0.9439464807510376,30.3924281001091,0.02283620834350586,0.03287398815155029,0.9296698570251465,0.9525060653686523,7.682734906673431,0.8820822238922119,26.50412344932556,0.011027276515960693,0.019730985164642334,0.8783152103424072,0.8893424868583679,7.093048810958862,0.8498823642730713,24.358133912086487,0.0,0.0,0.0,0.0,1.5045242309570312,0.4403839111328125,6.232786178588867,0.0,0.0,0.0,0.0,1.1570510864257812,0.3531341552734375,4.637877106666565,0.0,0.0,0.0,0.0,1.3359527587890625,0.3789081573486328,5.593618392944336,0.0,0.0,0.0,0.0,2.1114673614501953,0.4491748809814453,8.05657148361206,0.0,0.0,0.0,0.0,2.38491153717041,0.4598197937011719,9.167266488075256,0.0,0.0,0.0,0.0,3.1263694763183594,0.533050537109375,10.99565076828003,0.0,0.0,0.0,0.0,4.307607650756836,0.6885037422180176,16.47720766067505,0.0,0.0,0.0,0.0,4.833544731140137,0.5847148895263672,16.27273464202881,0.0,0.0,0.0,0.0,4.297031879425049,0.6489467620849609,14.971996784210205,0.0,0.0,0.0,0.0,5.348116636276245,0.7475018501281738,18.30162262916565,0.0,0.0,0.0,0.0,5.647194862365723,0.7560739517211914,18.317556381225586,0.0,0.0,0.0,0.0,5.51125955581665,0.7151403427124023,18.145975589752197,0.0,0.0,0.0,0.0,5.018383502960205,0.6202359199523926,16.749657154083252,0.0,0.0,0.0,0.0,4.867756366729736,0.640134334564209,16.37163817882538,0.0,0.0,0.0,0.0,4.81363582611084,0.6440963745117188,15.571611404418945,0.00460052490234375,0.00460052490234375,0.58172607421875,0.5863265991210938,4.184062957763672,0.6734561920166016,14.797295689582825,0.0,0.0,0.0,0.0,3.7140350341796875,0.6280255317687988,13.621538639068604,0.007245063781738281,0.007245063781738281,0.5912837982177734,0.5985288619995117,3.48032808303833,0.6167125701904297,13.842206239700317,0.06948232650756836,0.2909078598022461,0.6127762794494629,0.6822586059570312,3.8188843727111816,0.6469826698303223,15.087660551071167,0.1701827049255371,0.8172380924224854,0.6215648651123047,0.7917475700378418
7,grounded,57,0.73095703125,18.794318437576294,0.9564111232757568,50.329628705978394,0.022562265396118164,0.022623777389526367,0.945913553237915,0.9684758186340332,17.464908719062805,0.9014600515365601,43.68610018491745,0.026039540767669678,0.12061077356338501,0.885744035243988,0.9117835760116577,16.541115760803223,0.8815169334411621,40.331448912620544,0.0,0.0,0.0,0.0,2.8070735931396484,0.44585227966308594,8.780216217041016,0.0,0.0,0.0,0.0,2.2877883911132812,0.35642337799072266,6.641414225101471,0.0,0.0,0.0,0.0,3.2695236206054688,0.38956737518310547,8.775046348571777,0.0,0.0,0.0,0.0,4.962514877319336,0.45153236389160156,12.63739550113678,0.0,0.0,0.0,0.0,6.541882514953613,0.4793701171875,15.604156136512756,0.0,0.0,0.0,0.0,7.369943618774414,0.533050537109375,18.383431434631348,0.0,0.0,0.0,0.0,9.610301971435547,0.7026152610778809,26.008261680603027,0.0,0.0,0.0,0.0,10.650969505310059,0.5980825424194336,26.46763515472412,0.0,0.0,0.0,0.0,9.692960500717163,0.6630325317382812,23.933173894882202,0.0,0.0,0.0,0.0,12.35710620880127,0.7400867938995361,29.81007719039917,0.0,0.0,0.0,0.0,12.539328336715698,0.7490701675415039,29.953200101852417,0.0,0.0,0.0,0.0,13.728352308273315,0.8004660606384277,31.489615201950073,0.0,0.0,0.0,0.0,11.171006441116333,0.6740617752075195,27.044612884521484,0.0,0.0,0.0,0.0,11.122976779937744,0.6560192108154297,26.930929601192474,0.0,0.0,0.0,0.0,10.457372665405273,0.6385612487792969,25.099679946899414,0.0,0.0,0.0,0.0,9.488786935806274,0.6624889373779297,22.911086916923523,0.0,0.0,0.0,0.0,9.009435176849365,0.6359825134277344,22.70341730117798,0.02478313446044922,0.02478313446044922,0.5737457275390625,0.5985288619995117,8.640182852745056,0.6135578155517578,23.106914401054382,0.06061410903930664,0.2519698143005371,0.6216444969177246,0.6822586059570312,9.585663795471191,0.657806396484375,25.046865224838257,0.19646024703979492,0.8218295574188232,0.5952873229980469,0.7917475700378418
7,hallucinated,59,0.7685546875,20.716688752174377,0.9544947147369385,52.25199902057648,0.022562265396118164,0.022623777389526367,0.945913553237915,0.9684758186340332,19.225326597690582,0.9106297492980957,45.44930398464203,0.02337658405303955,0.1296142339706421,0.8880153894424438,0.9113919734954834,18.552027583122253,0.8871605396270752,42.34604287147522,0.020604491233825684,0.026109635829925537,0.888758659362793,0.9093631505966187,3.3500099182128906,0.44585227966308594,9.323152542114258,0.0,0.0,0.0,0.0,2.5387535095214844,0.35642337799072266,6.892379343509674,0.0,0.0,0.0,0.0,3.6030712127685547,0.38956737518310547,9.108593940734863,0.0,0.0,0.0,0.0,5.581068992614746,0.45153236389160156,13.25594961643219,0.0,0.0,0.0,0.0,7.0873026847839355,0.4793701171875,16.14957630634308,0.0,0.0,0.0,0.0,8.183034896850586,0.533050537109375,19.19652271270752,0.0,0.0,0.0,0.0,10.323116302490234,0.7026152610778809,26.721076011657715,0.0,0.0,0.0,0.0,11.722872257232666,0.6461944580078125,27.53953790664673,0.0,0.0,0.0,0.0,11.420316576957703,0.6630325317382812,25.66052997112274,0.0,0.0,0.0,0.0,13.68720555305481,0.7519817352294922,31.14017653465271,0.0,0.0,0.0,0.0,13.883608341217041,0.7490701675415039,31.29748010635376,0.0,0.0,0.0,0.0,15.355031847953796,0.8003153800964355,33.116294741630554,0.0,0.0,0.0,0.0,12.554839968681335,0.6740617752075195,28.428446412086487,0.0,0.0,0.0,0.0,12.220538854598999,0.6560192108154297,28.02849167585373,0.0,0.0,0.0,0.0,11.019868850708008,0.6059837341308594,25.66217613220215,0.0,0.0,0.0,0.0,10.204148769378662,0.6624889373779297,23.62644875049591,0.0,0.0,0.0,0.0,9.894543647766113,0.6359825134277344,23.588525772094727,0.02478313446044922,0.02478313446044922,0.5737457275390625,0.5985288619995117,9.41878342628479,0.6135578155517578,23.885514974594116,0.06061410903930664,0.2519698143005371,0.6216444969177246,0.6822586059570312,10.484138011932373,0.657806396484375,25.94533944129944,0.19646024703979492,0.8218295574188232,0.5952873229980469,0.7917475700378418
8,grounded,42,0.81396484375,13.028950214385986,0.9482251405715942,36.05769854784012,0.013619780540466309,0.02561783790588379,0.9401305913925171,0.9537503719329834,12.137088418006897,0.8923614025115967,32.23033148050308,0.026364922523498535,0.0758054256439209,0.8771007061004639,0.9034656286239624,11.45050036907196,0.8889657258987427,29.445329666137695,0.0,0.0,0.0,0.0,2.0264434814453125,0.4395313262939453,6.743776321411133,0.0,0.0,0.0,0.0,1.5029754638671875,0.342132568359375,4.865277886390686,0.0,0.0,0.0,0.0,2.0107078552246094,0.36144447326660156,6.133573532104492,0.0,0.0,0.0,0.0,3.3945093154907227,0.4532804489135742,9.445883512496948,0.0,0.0,0.0,0.0,3.894956588745117,0.475341796875,10.989586472511292,0.0,0.0,0.0,0.0,4.793327331542969,0.533050537109375,13.067954063415527,0.0,0.0,0.0,0.0,6.290699005126953,0.685300350189209,18.668790340423584,0.0,0.0,0.0,0.0,7.43433952331543,0.6216964721679688,18.96550941467285,0.0,0.0,0.0,0.0,6.761733055114746,0.6426620483398438,17.53937816619873,0.0,0.0,0.0,0.0,8.155054330825806,0.7462306022644043,21.221506118774414,0.0,0.0,0.0,0.0,8.665286779403687,0.7460227012634277,21.39713740348816,0.0,0.0,0.0,0.0,8.626739978790283,0.7265214920043945,21.327638626098633,0.0,0.0,0.0,0.0,7.659996271133423,0.6428842544555664,19.513918161392212,0.0,0.0,0.0,0.0,7.160377502441406,0.6319468021392822,18.750859022140503,0.0,0.0,0.0,0.0,6.929549694061279,0.6021051406860352,17.709739208221436,0.003917694091796875,0.003917694091796875,0.5824089050292969,0.5863265991210938,6.534789085388184,0.6441154479980469,16.858558893203735,0.0,0.0,0.0,0.0,5.942315101623535,0.6710100173950195,15.860652208328247,0.0022249221801757812,0.0022249221801757812,0.5963039398193359,0.5985288619995117,5.576417922973633,0.6025943756103516,16.049875497817993,0.06857109069824219,0.33299779891967773,0.6136875152587891,0.6822586059570312,6.006134986877441,0.7298717498779297,17.43557333946228,0.18005704879760742,0.8050942420959473,0.6116905212402344,0.7917475700378418
8,hallucinated,42,0.814453125,13.012050747871399,0.9481474161148071,36.04079908132553,0.013619780540466309,0.022303223609924316,0.9401305913925171,0.9537503719329834,12.127098858356476,0.893141508102417,32.22212767601013,0.020634770393371582,0.06808334589004517,0.8471633195877075,0.8677980899810791,11.375603318214417,0.8890432119369507,29.37043261528015,0.0,0.0,0.0,0.0,2.0526351928710938,0.4395313262939453,6.769968032836914,0.0,0.0,0.0,0.0,1.5082740783691406,0.342132568359375,4.870576500892639,0.0,0.0,0.0,0.0,2.085723876953125,0.36144447326660156,6.208589553833008,0.0,0.0,0.0,0.0,3.4381942749023438,0.4532804489135742,9.48956847190857,0.0,0.0,0.0,0.0,3.852293014526367,0.475341796875,10.946922898292542,0.0,0.0,0.0,0.0,4.746334075927734,0.533050537109375,13.020960807800293,0.0,0.0,0.0,0.0,6.286706924438477,0.685300350189209,18.664798259735107,0.0,0.0,0.0,0.0,7.475125312805176,0.6232013702392578,19.006295204162598,0.0,0.0,0.0,0.0,6.681654930114746,0.6426620483398438,17.45930004119873,0.0,0.0,0.0,0.0,8.175695180892944,0.7462306022644043,21.242146968841553,0.0,0.0,0.0,0.0,8.643809795379639,0.7364912033081055,21.37566041946411,0.0,0.0,0.0,0.0,8.68449354171753,0.726963996887207,21.38539218902588,0.0,0.0,0.0,0.0,7.776440382003784,0.6496493816375732,19.630362272262573,0.0,0.0,0.0,0.0,7.2765209674835205,0.6319468021392822,18.867002487182617,0.0,0.0,0.0,0.0,6.995489835739136,0.6017894744873047,17.775679349899292,0.003917694091796875,0.003917694091796875,0.5824089050292969,0.5863265991210938,6.51881217956543,0.6441154479980469,16.84258198738098,0.0,0.0,0.0,0.0,5.973477363586426,0.6736249923706055,15.891814470291138,0.0022249221801757812,0.0022249221801757812,0.5963039398193359,0.5985288619995117,5.619537115097046,0.6025943756103516,16.092994689941406,0.06857109069824219,0.33299779891967773,0.6136875152587891,0.6822586059570312,6.05244255065918,0.7201290130615234,17.48188090324402,0.18005704879760742,0.8050942420959473,0.6116905212402344,0.7917475700378418
9,grounded,36,0.763671875,10.128171622753143,0.9386694431304932,30.324309706687927,0.02498537302017212,0.035403311252593994,0.9240846633911133,0.9490700364112854,9.413799107074738,0.8874503970146179,26.307867288589478,0.02669471502304077,0.04647105932235718,0.8521759510040283,0.8788706660270691,8.442701935768127,0.8446884155273438,23.323402166366577,0.0,0.0,0.0,0.0,1.5883636474609375,0.4301414489746094,5.576244354248047,0.0,0.0,0.0,0.0,1.0928916931152344,0.33965301513671875,4.044433355331421,0.0,0.0,0.0,0.0,1.597686767578125,0.36440277099609375,5.321266174316406,0.0,0.0,0.0,0.0,2.289539337158203,0.45005035400390625,7.826820731163025,0.0,0.0,0.0,0.0,2.5487260818481445,0.467987060546875,8.750795006752014,0.0,0.0,0.0,0.0,3.540477752685547,0.533050537109375,10.606033086776733,0.0,0.0,0.0,0.0,4.804418563842773,0.6895394325256348,15.698351383209229,0.0,0.0,0.0,0.0,5.201423645019531,0.5909976959228516,15.036108016967773,0.0,0.0,0.0,0.0,4.663999557495117,0.6401481628417969,14.140308380126953,0.0,0.0,0.0,0.0,5.550901412963867,0.7280206680297852,16.911686182022095,0.0,0.0,0.0,0.0,5.424872517585754,0.6923551559448242,16.508769512176514,0.0,0.0,0.0,0.0,5.896829605102539,0.6988248825073242,17.468280792236328,0.0,0.0,0.0,0.0,4.915022373199463,0.6230182647705078,15.438146114349365,0.0,0.0,0.0,0.0,4.692138195037842,0.6384684443473816,15.014589428901672,0.0,0.0,0.0,0.0,4.253541946411133,0.5883007049560547,13.838447093963623,0.0,0.0,0.0,0.0,3.814603328704834,0.6552000045776367,13.343733966350555,0.0,0.0,0.0,0.0,3.6989917755126953,0.5897767543792725,12.675053358078003,0.022513389587402344,0.022513389587402344,0.5760154724121094,0.5985288619995117,3.71347713470459,0.6100578308105469,13.03761088848114,0.06833839416503906,0.2328939437866211,0.6139202117919922,0.6822586059570312,3.5148324966430664,0.6759262084960938,13.638683080673218,0.19749784469604492,0.8702492713928223,0.5942497253417969,0.7917475700378418
9,hallucinated,37,0.76806640625,11.0757856965065,0.9386694431304932,31.271923780441284,0.02498537302017212,0.035403311252593994,0.9240846633911133,0.9490700364112854,10.283340215682983,0.8854080438613892,27.177408397197723,0.02669471502304077,0.04647105932235718,0.8521759510040283,0.8788706660270691,9.206132531166077,0.8446884155273438,24.086832761764526,0.0,0.0,0.0,0.0,1.7040481567382812,0.4301414489746094,5.691928863525391,0.0,0.0,0.0,0.0,1.2173805236816406,0.33965301513671875,4.168922185897827,0.0,0.0,0.0,0.0,1.8562507629394531,0.36440277099609375,5.579830169677734,0.0,0.0,0.0,0.0,2.6468582153320312,0.45005035400390625,8.184139609336853,0.0,0.0,0.0,0.0,2.7403488159179688,0.467987060546875,8.942417740821838,0.0,0.0,0.0,0.0,3.740367889404297,0.533050537109375,10.805923223495483,0.0,0.0,0.0,0.0,5.264156341552734,0.6895394325256348,16.15808916091919,0.0,0.0,0.0,0.0,5.77484130859375,0.5909976959228516,15.609525680541992,0.0,0.0,0.0,0.0,5.095579147338867,0.6401481628417969,14.571887969970703,0.0,0.0,0.0,0.0,6.041145324707031,0.7280206680297852,17.40193009376526,0.0,0.0,0.0,0.0,5.808086276054382,0.6923551559448242,16.89198327064514,0.0,0.0,0.0,0.0,6.392658233642578,0.6988248825073242,17.964109420776367,0.0,0.0,0.0,0.0,5.426136016845703,0.6230182647705078,15.949259757995605,0.0,0.0,0.0,0.0,5.2114481925964355,0.6384684443473816,15.533899426460266,0.0,0.0,0.0,0.0,4.74492073059082,0.5883007049560547,14.32982587814331,0.0,0.0,0.0,0.0,4.073564052581787,0.6552000045776367,13.602694690227509,0.0,0.0,0.0,0.0,4.160562515258789,0.5897767543792725,13.136624097824097,0.022513389587402344,0.022513389587402344,0.5760154724121094,0.5985288619995117,4.130363464355469,0.6100578308105469,13.454497218132019,0.06833839416503906,0.2328939437866211,0.6139202117919922,0.6822586059570312,4.233926773071289,0.6759262084960938,14.35777735710144,0.19749784469604492,0.8702492713928223,0.5942497253417969,0.7917475700378418
10,grounded,47,0.85546875,16.822047173976898,0.9547972679138184,40.77830994129181,0.02032989263534546,0.028970539569854736,0.9350214004516602,0.9553512930870056,15.683281362056732,0.922089159488678,35.81458926200867,0.017646312713623047,0.06672340631484985,0.8814400434494019,0.8990863561630249,14.815170764923096,0.8790661096572876,32.98761922121048,0.011277079582214355,0.013647198677062988,0.8748350143432617,0.8861120939254761,2.9603347778320312,0.4321155548095703,7.887907028198242,0.0,0.0,0.0,0.0,1.8440990447998047,0.34943389892578125,5.514497995376587,0.0,0.0,0.0,0.0,2.5173721313476562,0.3823528289794922,7.029441833496094,0.0,0.0,0.0,0.0,3.840076446533203,0.44881343841552734,10.087210297584534,0.0,0.0,0.0,0.0,3.7965354919433594,0.47670745849609375,10.573629975318909,0.0,0.0,0.0,0.0,5.699230194091797,0.533050537109375,14.357136249542236,0.0,0.0,0.0,0.0,7.925174713134766,0.6967511177062988,20.876830577850342,0.0,0.0,0.0,0.0,8.817801713943481,0.6002483367919922,21.158354997634888,0.0,0.0,0.0,0.0,8.500994682312012,0.6614093780517578,19.925925254821777,0.0,0.0,0.0,0.0,9.651679039001465,0.7234306335449219,22.985904693603516,0.0,0.0,0.0,0.0,10.098648309707642,0.7509765625,23.711342096328735,0.0,0.0,0.0,0.0,10.55537736415863,0.7138819694519043,24.386245131492615,0.0,0.0,0.0,0.0,9.124976873397827,0.6592147350311279,21.753331899642944,0.0,0.0,0.0,0.0,8.78011703491211,0.6762356758117676,21.024515748023987,0.0,0.0,0.0,0.0,8.083750247955322,0.6381611824035645,19.635658740997314,0.0,0.0,0.0,0.0,7.33439964056015,0.6724510192871094,18.677212417125702,0.0,0.0,0.0,0.0,6.975930213928223,0.6135239601135254,17.81003999710083,0.0,0.0,0.0,0.0,6.866593837738037,0.6094322204589844,18.1707022190094,0.07306194305419922,0.3566246032714844,0.609196662902832,0.6822586059570312,8.068674325942993,0.6796398162841797,20.429625988006592,0.1758570671081543,0.8896512985229492,0.6158905029296875,0.7917475700378418
10,hallucinated,47,0.85498046875,16.81666260957718,0.9551936984062195,40.77292537689209,0.02032989263534546,0.028837919235229492,0.9350214004516602,0.9553512930870056,15.661229968070984,0.9212921857833862,35.79253786802292,0.017646312713623047,0.08765333890914917,0.8814400434494019,0.8990863561630249,14.806358218193054,0.8780992031097412,32.97880667448044,0.011500358581542969,0.012542724609375,0.8729777336120605,0.8844780921936035,2.9573593139648438,0.4321155548095703,7.884931564331055,0.0,0.0,0.0,0.0,1.8254432678222656,0.34943389892578125,5.495842218399048,0.0,0.0,0.0,0.0,2.5110549926757812,0.3823528289794922,7.023124694824219,0.0,0.0,0.0,0.0,3.8341217041015625,0.44881343841552734,10.081255555152893,0.0,0.0,0.0,0.0,3.7439956665039062,0.47670745849609375,10.521090149879456,0.0,0.0,0.0,0.0,5.673534393310547,0.533050537109375,14.331440448760986,0.0,0.0,0.0,0.0,7.995449066162109,0.6967511177062988,20.947104930877686,0.0,0.0,0.0,0.0,8.88235592842102,0.6016883850097656,21.222909212112427,0.0,0.0,0.0,0.0,8.711493492126465,0.6685600280761719,20.13642406463623,0.0,0.0,0.0,0.0,9.780476570129395,0.7234306335449219,23.114702224731445,0.0,0.0,0.0,0.0,10.322359085083008,0.7509765625,23.9350528717041,0.0,0.0,0.0,0.0,10.702154040336609,0.7138819694519043,24.533021807670593,0.0,0.0,0.0,0.0,9.17284893989563,0.6592147350311279,21.801203966140747,0.0,0.0,0.0,0.0,8.925702810287476,0.6762356758117676,21.170101523399353,0.0,0.0,0.0,0.0,8.270401000976562,0.6381611824035645,19.822309494018555,0.0,0.0,0.0,0.0,7.587861478328705,0.6724510192871094,18.930674254894257,0.0,0.0,0.0,0.0,7.152719497680664,0.6135239601135254,17.98682928085327,0.0,0.0,0.0,0.0,7.030948638916016,0.6094322204589844,18.335057020187378,0.07306194305419922,0.3566246032714844,0.609196662902832,0.6822586059570312,8.1356680393219,0.6796398162841797,20.496619701385498,0.1758570671081543,0.8896512985229492,0.6158905029296875,0.7917475700378418
11,grounded,34,0.74609375,7.3137370347976685,0.9382255673408508,28.452276706695557,0.01922386884689331,0.03184109926223755,0.9324641227722168,0.9516879916191101,6.770411491394043,0.867434024810791,24.55270951986313,0.011096775531768799,0.011096775531768799,0.870915412902832,0.8820121884346008,6.162289142608643,0.8446884155273438,22.277681827545166,0.0,0.0,0.0,0.0,1.035888671875,0.42635345458984375,5.340900421142578,0.0,0.0,0.0,0.0,0.7757415771484375,0.3453083038330078,3.9954365491867065,0.0,0.0,0.0,0.0,1.247222900390625,0.3739910125732422,5.332910537719727,0.0,0.0,0.0,0.0,2.0012168884277344,0.4402599334716797,7.85817551612854,0.0,0.0,0.0,0.0,2.3272876739501953,0.4509735107421875,9.002678513526917,0.0,0.0,0.0,0.0,2.7039947509765625,0.533050537109375,10.26811671257019,0.0,0.0,0.0,0.0,3.760173797607422,0.6899662017822266,15.38849925994873,0.0,0.0,0.0,0.0,4.135507583618164,0.5771732330322266,14.774707794189453,0.0,0.0,0.0,0.0,4.104910850524902,0.6400508880615234,14.380583763122559,0.0,0.0,0.0,0.0,4.858710765838623,0.7468295097351074,17.2017502784729,0.0,0.0,0.0,0.0,4.990556716918945,0.728245735168457,17.064327239990234,0.0,0.0,0.0,0.0,5.111865043640137,0.7258152961730957,17.406280040740967,0.0,0.0,0.0,0.0,4.5874375104904175,0.6254218816757202,15.71117913722992,0.0,0.0,0.0,0.0,4.529053211212158,0.6237293481826782,15.557572722434998,0.0,0.0,0.0,0.0,4.180891036987305,0.5850296020507812,14.604601860046387,0.0056514739990234375,0.0056514739990234375,0.5806751251220703,0.5863265991210938,4.087622880935669,0.6489496231079102,14.133073031902313,0.0,0.0,0.0,0.0,3.480069398880005,0.6111259460449219,13.169486999511719,0.013285636901855469,0.020854949951171875,0.5852432250976562,0.5985288619995117,3.3757448196411133,0.6105308532714844,13.641597509384155,0.06061410903930664,0.24551677703857422,0.6216444969177246,0.6822586059570312,3.391164779663086,0.6684064865112305,14.593464136123657,0.1732783317565918,0.87103271484375,0.61846923828125,0.7917475700378418
11,hallucinated,34,0.748046875,7.3131203055381775,0.9382467269897461,28.451659977436066,0.01922386884689331,0.03184109926223755,0.9324641227722168,0.9516879916191101,6.767445862293243,0.8682060241699219,24.54974389076233,0.011096775531768799,0.011096775531768799,0.870915412902832,0.8820121884346008,6.155590295791626,0.8446884155273438,22.27098298072815,0.0,0.0,0.0,0.0,1.0158767700195312,0.42635345458984375,5.320888519287109,0.0,0.0,0.0,0.0,0.7548751831054688,0.3453083038330078,3.974570155143738,0.0,0.0,0.0,0.0,1.2499160766601562,0.3739910125732422,5.335603713989258,0.0,0.0,0.0,0.0,2.0205612182617188,0.4402599334716797,7.877519845962524,0.0,0.0,0.0,0.0,2.305318832397461,0.4509735107421875,8.980709671974182,0.0,0.0,0.0,0.0,2.6626739501953125,0.533050537109375,10.22679591178894,0.0,0.0,0.0,0.0,3.7747154235839844,0.6899662017822266,15.403040885925293,0.0,0.0,0.0,0.0,4.134471893310547,0.5771732330322266,14.773672103881836,0.0,0.0,0.0,0.0,4.098989486694336,0.6400508880615234,14.374662399291992,0.0,0.0,0.0,0.0,4.811858654022217,0.7468295097351074,17.154898166656494,0.0,0.0,0.0,0.0,4.944613456726074,0.728245735168457,17.018383979797363,0.0,0.0,0.0,0.0,5.094411849975586,0.7185277938842773,17.388826847076416,0.0,0.0,0.0,0.0,4.532299995422363,0.6196942329406738,15.656041622161865,0.0,0.0,0.0,0.0,4.5174784660339355,0.6237293481826782,15.545997977256775,0.0,0.0,0.0,0.0,4.213610649108887,0.5850296020507812,14.637321472167969,0.0056514739990234375,0.0056514739990234375,0.5806751251220703,0.5863265991210938,4.060795545578003,0.6489496231079102,14.106245696544647,0.0,0.0,0.0,0.0,3.5132083892822266,0.6111259460449219,13.20262598991394,0.013285636901855469,0.020854949951171875,0.5852432250976562,0.5985288619995117,3.3787107467651367,0.6105308532714844,13.644563436508179,0.06061410903930664,0.24551677703857422,0.6216444969177246,0.6822586059570312,3.402496337890625,0.6684064865112305,14.604795694351196,0.1732783317565918,0.87103271484375,0.61846923828125,0.7917475700378418
12,grounded,56,0.84814453125,20.637950122356415,0.9543335437774658,49.27269917726517,0.017180263996124268,0.027785539627075195,0.9427785873413086,0.9599588513374329,19.56286895275116,0.9206221103668213,44.17874890565872,0.03226548433303833,0.05124056339263916,0.9041652679443359,0.9364307522773743,18.45152997970581,0.8993077278137207,40.437928199768066,0.0,0.0,0.0,0.0,3.5598793029785156,0.432037353515625,9.119348526000977,0.0,0.0,0.0,0.0,2.223186492919922,0.34522247314453125,6.23458856344223,0.0,0.0,0.0,0.0,2.7282485961914062,0.3722362518310547,7.064371109008789,0.0,0.0,0.0,0.0,5.216025352478027,0.4432229995727539,12.38973093032837,0.0,0.0,0.0,0.0,5.587658643722534,0.47930145263671875,13.49693238735199,0.0,0.0,0.0,0.0,7.606197357177734,0.533050537109375,17.908689260482788,0.0,0.0,0.0,0.0,10.336554527282715,0.689671516418457,25.099873542785645,0.0,0.0,0.0,0.0,11.170552730560303,0.6189966201782227,25.15994691848755,0.0,0.0,0.0,0.0,10.92361068725586,0.683772087097168,23.615808486938477,0.0,0.0,0.0,0.0,12.354694843292236,0.7604188919067383,27.255990982055664,0.0,0.0,0.0,0.0,12.88232308626175,0.7667083740234375,27.771011292934418,0.0,0.0,0.0,0.0,13.842115700244904,0.7758012413978577,28.987222492694855,0.0,0.0,0.0,0.0,12.04086422920227,0.6649379730224609,26.293129205703735,0.0,0.0,0.0,0.0,11.147589921951294,0.6350593566894531,24.806451439857483,0.0,0.0,0.0,0.0,10.999395847320557,0.6574001312255859,24.028276920318604,0.007251739501953125,0.007251739501953125,0.5790748596191406,0.5863265991210938,9.810836672782898,0.6637554168701172,21.602907121181488,0.0,0.0,0.0,0.0,8.505260944366455,0.6069889068603516,19.83311414718628,0.0007276535034179688,0.0007276535034179688,0.5978012084960938,0.5985288619995117,8.75815749168396,0.5917263031005859,21.14568781852722,0.08035659790039062,0.31958913803100586,0.6019020080566406,0.6822586059570312,9.959167003631592,0.6627950668334961,23.96039056777954,0.1676325798034668,0.7838573455810547,0.624114990234375,0.7917475700378418
12,hallucinated,55,0.84228515625,19.69252246618271,0.9575047492980957,48.32727152109146,0.017180263996124268,0.027785539627075195,0.9427785873413086,0.9599588513374329,18.659119606018066,0.9128614068031311,43.27499955892563,0.03226548433303833,0.05124056339263916,0.9041652679443359,0.9364307522773743,17.489230692386627,0.8993077278137207,39.47562891244888,0.0,0.0,0.0,0.0,3.252033233642578,0.432037353515625,8.811502456665039,0.0,0.0,0.0,0.0,2.070293426513672,0.34522247314453125,6.08169549703598,0.0,0.0,0.0,0.0,2.4498672485351562,0.3722362518310547,6.785989761352539,0.0,0.0,0.0,0.0,5.000973701477051,0.4432229995727539,12.174679279327393,0.0,0.0,0.0,0.0,5.239916563034058,0.47930145263671875,13.149190306663513,0.0,0.0,0.0,0.0,7.157130718231201,0.533050537109375,17.459622621536255,0.0,0.0,0.0,0.0,9.397488594055176,0.689671516418457,24.160807609558105,0.0,0.0,0.0,0.0,10.207820415496826,0.6189966201782227,24.197214603424072,0.0,0.0,0.0,0.0,10.00282096862793,0.6474647521972656,22.695018768310547,0.0,0.0,0.0,0.0,11.234029948711395,0.7438494563102722,26.135326087474823,0.0,0.0,0.0,0.0,11.484592378139496,0.7466058731079102,26.373280584812164,0.0,0.0,0.0,0.0,12.245559275150299,0.7758012413978577,27.39066606760025,0.0,0.0,0.0,0.0,10.98267126083374,0.6649379730224609,25.234936237335205,0.0,0.0,0.0,0.0,9.943474531173706,0.6280937194824219,23.602336049079895,0.0,0.0,0.0,0.0,9.70417070388794,0.5818691253662109,22.733051776885986,0.007251739501953125,0.007251739501953125,0.5790748596191406,0.5863265991210938,8.401572823524475,0.6637554168701172,20.193643271923065,0.0,0.0,0.0,0.0,7.386555194854736,0.5820999145507812,18.71440839767456,0.0007276535034179688,0.0007276535034179688,0.5978012084960938,0.5985288619995117,7.66291880607605,0.5917263031005859,20.05044913291931,0.08035659790039062,0.31958913803100586,0.6019020080566406,0.6822586059570312,8.872594356536865,0.6627950668334961,22.873817920684814,0.1676325798034668,0.7802529335021973,0.624114990234375,0.7917475700378418
13,grounded,44,0.7255859375,14.82535833120346,0.9523698687553406,37.84027886390686,0.023243367671966553,0.034872353076934814,0.9299001693725586,0.9531435370445251,13.762362718582153,0.8887966871261597,32.79968786239624,0.007625699043273926,0.026570022106170654,0.8803815841674805,0.8880072832107544,12.795679926872253,0.8668943643569946,29.977265775203705,0.0,0.0,0.0,0.0,2.1548995971679688,0.4381847381591797,6.644247055053711,0.0,0.0,0.0,0.0,1.5572776794433594,0.34143829345703125,4.7668129205703735,0.0,0.0,0.0,0.0,2.2248687744140625,0.3725605010986328,6.240076065063477,0.0,0.0,0.0,0.0,3.518186569213867,0.44384098052978516,9.331416249275208,0.0,0.0,0.0,0.0,4.277340412139893,0.47266387939453125,11.16130268573761,0.0,0.0,0.0,0.0,5.0961151123046875,0.533050537109375,13.084851026535034,0.0,0.0,0.0,0.0,7.418357849121094,0.6885499954223633,19.70698642730713,0.0,0.0,0.0,0.0,8.362406253814697,0.6007480621337891,19.683184146881104,0.0,0.0,0.0,0.0,7.6868287324905396,0.6575355529785156,18.275274395942688,0.0,0.0,0.0,0.0,9.33406686782837,0.7509808540344238,22.38144302368164,0.0,0.0,0.0,0.0,9.75876760482788,0.7007789611816406,22.451154232025146,0.0,0.0,0.0,0.0,9.640900254249573,0.7328004837036133,22.617515206336975,0.0,0.0,0.0,0.0,8.184048533439636,0.6339306831359863,20.067509055137634,0.0,0.0,0.0,0.0,8.300513863563538,0.6504325866699219,20.19586968421936,0.0,0.0,0.0,0.0,7.39626932144165,0.6033782958984375,18.265416622161865,0.0,0.0,0.0,0.0,7.293743848800659,0.6634511947631836,18.06645703315735,0.0,0.0,0.0,0.0,7.136487007141113,0.6076364517211914,17.487107515335083,0.02614116668701172,0.02614116668701172,0.5723876953125,0.5985288619995117,6.532650291919708,0.6098861694335938,17.25521868467331,0.06994819641113281,0.2304525375366211,0.6123104095458984,0.6822586059570312,6.841154098510742,0.6719951629638672,18.499524354934692,0.1855483055114746,0.9286599159240723,0.6061992645263672,0.7917475700378418
13,hallucinated,45,0.736328125,15.808559894561768,0.9558768272399902,38.82348042726517,0.023243367671966553,0.03844529390335083,0.9299001693725586,0.9531435370445251,14.597471237182617,0.8960342407226562,33.634796380996704,0.008015573024749756,0.031044363975524902,0.8951306343078613,0.9031462073326111,13.568991601467133,0.8573236465454102,30.750577449798584,0.014713644981384277,0.014713644981384277,0.8521807193756104,0.8668943643569946,2.221923828125,0.4381847381591797,6.711271286010742,0.0,0.0,0.0,0.0,1.7194633483886719,0.34143829345703125,4.928998589515686,0.0,0.0,0.0,0.0,2.1971893310546875,0.3725605010986328,6.212396621704102,0.0,0.0,0.0,0.0,3.7450780868530273,0.44384098052978516,9.558307766914368,0.0,0.0,0.0,0.0,4.581646919250488,0.47266387939453125,11.465609192848206,0.0,0.0,0.0,0.0,5.480607986450195,0.533050537109375,13.469343900680542,0.0,0.0,0.0,0.0,7.732536315917969,0.6885499954223633,20.021164894104004,0.0,0.0,0.0,0.0,8.844844341278076,0.6007480621337891,20.165622234344482,0.0,0.0,0.0,0.0,8.057992577552795,0.6575355529785156,18.646438241004944,0.0,0.0,0.0,0.0,9.727259159088135,0.7509808540344238,22.774635314941406,0.0,0.0,0.0,0.0,10.242204666137695,0.684478759765625,22.93459129333496,0.0,0.0,0.0,0.0,10.26150369644165,0.7328004837036133,23.238118648529053,0.0,0.0,0.0,0.0,8.663375735282898,0.6339306831359863,20.546836256980896,0.0,0.0,0.0,0.0,8.786343216896057,0.6504325866699219,20.68169903755188,0.0,0.0,0.0,0.0,8.006563186645508,0.6033782958984375,18.875710487365723,0.0,0.0,0.0,0.0,7.58967661857605,0.6634511947631836,18.36238980293274,0.0,0.0,0.0,0.0,7.375663757324219,0.6076364517211914,17.72628426551819,0.02614116668701172,0.02614116668701172,0.5723876953125,0.5985288619995117,6.670301735401154,0.6098861694335938,17.392870128154755,0.06994819641113281,0.2304525375366211,0.6123104095458984,0.6822586059570312,7.185077667236328,0.6719951629638672,18.84344792366028,0.1855483055114746,0.9286599159240723,0.6061992645263672,0.7917475700378418
14,grounded,55,0.814453125,15.026926100254059,0.9581933617591858,48.42112547159195,0.01938164234161377,0.026384711265563965,0.9525688886642456,0.9719505310058594,14.186115741729736,0.9116742014884949,43.038097977638245,0.019963979721069336,0.0648273229598999,0.8659120798110962,0.8858760595321655,13.437481999397278,0.8767023086547852,39.79021465778351,0.0,0.0,0.0,0.0,2.6805801391601562,0.4495391845703125,9.168771743774414,0.0,0.0,0.0,0.0,1.8448219299316406,0.36083412170410156,6.194325029850006,0.0,0.0,0.0,0.0,2.5299339294433594,0.39229297637939453,8.210415840148926,0.0,0.0,0.0,0.0,3.929302215576172,0.4502859115600586,11.78213357925415,0.0,0.0,0.0,0.0,4.542546272277832,0.49695587158203125,14.15589964389801,0.0,0.0,0.0,0.0,5.817663192749023,0.533050537109375,17.663936853408813,0.0,0.0,0.0,0.0,7.944853782653809,0.7006125450134277,25.872482776641846,0.0,0.0,0.0,0.0,8.773015022277832,0.6607494354248047,25.976672172546387,0.0,0.0,0.0,0.0,8.414127349853516,0.6707124710083008,24.231833457946777,0.0,0.0,0.0,0.0,10.077411413192749,0.7581624984741211,29.02036952972412,0.0,0.0,0.0,0.0,10.374482452869415,0.7948040962219238,28.65357631444931,0.0,0.0,0.0,0.0,11.064852476119995,0.7768616676330566,30.51621127128601,0.0,0.0,0.0,0.0,8.883048057556152,0.6572017669677734,26.211578130722046,0.0,0.0,0.0,0.0,8.911707401275635,0.7337789535522461,26.72232723236084,0.0,0.0,0.0,0.0,8.143567383289337,0.6241340637207031,24.1936297416687,0.007221221923828125,0.007221221923828125,0.5791053771972656,0.5863265991210938,8.190037608146667,0.6840469837188721,23.749161779880524,0.017581939697265625,0.017581939697265625,0.5766105651855469,0.5941925048828125,7.465313911437988,0.6115331649780273,22.17973244190216,0.0,0.0,0.0,0.0,7.424695730209351,0.6049652099609375,23.00162172317505,0.07371711730957031,0.2930440902709961,0.6085414886474609,0.6822586059570312,7.806052625179291,0.638636589050293,24.409911334514618,0.16045713424682617,1.0748302936553955,0.6312904357910156,0.7917475700378418
14,hallucinated,53,0.84521484375,13.167208969593048,0.950274646282196,46.56140834093094,0.01938164234161377,0.029741406440734863,0.9525688886642456,0.9719505310058594,12.435112476348877,0.915346622467041,41.276381492614746,0.019963979721069336,0.0643547773361206,0.8659120798110962,0.8858760595321655,11.999718606472015,0.8853209018707275,38.33976548910141,0.01667487621307373,0.01667487621307373,0.8670778274536133,0.883752703666687,2.3602218627929688,0.4495391845703125,8.848413467407227,0.0,0.0,0.0,0.0,1.390625,0.36083412170410156,5.7401280999183655,0.0,0.0,0.0,0.0,2.011425018310547,0.39229297637939453,7.691906929016113,0.0,0.0,0.0,0.0,2.9822731018066406,0.4502859115600586,10.83510446548462,0.0,0.0,0.0,0.0,4.014252662658691,0.49695587158203125,13.62760603427887,0.0,0.0,0.0,0.0,5.01240348815918,0.533050537109375,16.85867714881897,0.0,0.0,0.0,0.0,6.683856964111328,0.7006125450134277,24.611485958099365,0.0,0.0,0.0,0.0,7.344959020614624,0.5916619300842285,24.54861617088318,0.0,0.0,0.0,0.0,7.4231181144714355,0.7076759338378906,23.240824222564697,0.0,0.0,0.0,0.0,8.545495510101318,0.7469549179077148,27.48845362663269,0.0,0.0,0.0,0.0,8.892367362976074,0.7685132026672363,27.17146122455597,0.0,0.0,0.0,0.0,9.465795993804932,0.7608838081359863,28.917154788970947,0.0,0.0,0.0,0.0,7.693054676055908,0.6758894920349121,25.0215847492218,0.0,0.0,0.0,0.0,7.820960521697998,0.7353668212890625,25.631580352783203,0.0,0.0,0.0,0.0,6.911595344543457,0.6545095443725586,22.96165770292282,0.007221221923828125,0.007221221923828125,0.5791053771972656,0.5863265991210938,7.287618398666382,0.7050931453704834,22.846742570400238,0.017581939697265625,0.017581939697265625,0.5766105651855469,0.5941925048828125,6.350283622741699,0.6115331649780273,21.06470215320587,0.0,0.0,0.0,0.0,6.243266344070435,0.6049652099609375,21.820192337036133,0.07371711730957031,0.2930440902709961,0.6085414886474609,0.6822586059570312,6.653801918029785,0.6335353851318359,23.257660627365112,0.16045713424682617,0.9961404800415039,0.6312904357910156,0.7917475700378418
15,grounded,56,0.76123046875,20.624310553073883,0.9567040801048279,49.31824630498886,0.01205676794052124,0.022956132888793945,0.9493441581726074,0.9614009261131287,19.33256298303604,0.9133365154266357,43.34879845380783,0.010036468505859375,0.03300487995147705,0.896345853805542,0.9063823223114014,17.667607605457306,0.8474149703979492,38.60601669549942,0.0,0.0,0.0,0.0,3.1464157104492188,0.4430694580078125,8.74600601196289,0.0,0.0,0.0,0.0,2.6382064819335938,0.357879638671875,7.03790020942688,0.0,0.0,0.0,0.0,3.6060562133789062,0.37746238708496094,9.156312942504883,0.0,0.0,0.0,0.0,5.322465896606445,0.4515209197998047,12.96128785610199,0.0,0.0,0.0,0.0,5.985103607177734,0.4734611511230469,14.930822968482971,0.0,0.0,0.0,0.0,7.532463073730469,0.533050537109375,17.788251638412476,0.0,0.0,0.0,0.0,11.268209457397461,0.6915369033813477,27.111022472381592,0.0,0.0,0.0,0.0,11.677404403686523,0.6046829223632812,26.62972927093506,0.0,0.0,0.0,0.0,11.140626907348633,0.653106689453125,24.63499689102173,0.0,0.0,0.0,0.0,13.65255880355835,0.7536120414733887,30.31784462928772,0.0,0.0,0.0,0.0,13.802872657775879,0.775385856628418,30.223954677581787,0.0,0.0,0.0,0.0,14.561870336532593,0.7763779163360596,31.19686484336853,0.0,0.0,0.0,0.0,12.224376201629639,0.6580166816711426,27.083685398101807,0.0,0.0,0.0,0.0,12.467399597167969,0.6879892349243164,27.351893484592438,0.0,0.0,0.0,0.0,11.473618030548096,0.6240348815917969,25.080715656280518,0.0034427642822265625,0.0034427642822265625,0.5828838348388672,0.5863265991210938,11.328430771827698,0.6798248291015625,24.788987517356873,0.0,0.0,0.0,0.0,10.194461345672607,0.6265373229980469,22.99666404724121,0.0,0.0,0.0,0.0,9.908047437667847,0.6065273284912109,23.606528759002686,0.06165266036987305,0.2625265121459961,0.6206059455871582,0.6822586059570312,10.255900382995605,0.651371955871582,24.629449129104614,0.1632075309753418,0.8911957740783691,0.6285400390625,0.7917475700378418
15,hallucinated,53,0.77880859375,17.743965089321136,0.9547915458679199,46.437900841236115,0.01205676794052124,0.024427056312561035,0.9493441581726074,0.9614009261131287,16.688397467136383,0.9048266410827637,40.70118725299835,0.014145255088806152,0.04233527183532715,0.8922370672225952,0.9063823223114014,15.536160349845886,0.8589630722999573,36.48611754179001,0.0,0.0,0.0,0.0,2.7153167724609375,0.4430694580078125,8.31490707397461,0.0,0.0,0.0,0.0,2.5912094116210938,0.357879638671875,6.99090313911438,0.0,0.0,0.0,0.0,3.1240768432617188,0.37746238708496094,8.674333572387695,0.0,0.0,0.0,0.0,4.721080780029297,0.4515209197998047,12.359902739524841,0.0,0.0,0.0,0.0,5.548767566680908,0.4734611511230469,14.494486927986145,0.0,0.0,0.0,0.0,6.835912704467773,0.533050537109375,17.09170126914978,0.0,0.0,0.0,0.0,9.421867370605469,0.6915369033813477,25.2646803855896,0.0,0.0,0.0,0.0,9.976887226104736,0.5877761840820312,24.92921209335327,0.0,0.0,0.0,0.0,9.663233757019043,0.653106689453125,23.15760374069214,0.0,0.0,0.0,0.0,11.863044261932373,0.7536120414733887,28.528330087661743,0.0,0.0,0.0,0.0,11.84345531463623,0.7496137619018555,28.26453733444214,0.0,0.0,0.0,0.0,12.118606090545654,0.7556037902832031,28.753600597381592,0.0,0.0,0.0,0.0,10.853218793869019,0.6580166816711426,25.712527990341187,0.0,0.0,0.0,0.0,10.735825598239899,0.6882443428039551,25.620319485664368,0.0,0.0,0.0,0.0,9.909543991088867,0.6422691345214844,23.51664161682129,0.0034427642822265625,0.0034427642822265625,0.5828838348388672,0.5863265991210938,9.626655340194702,0.6798248291015625,23.087212085723877,0.0,0.0,0.0,0.0,8.697888851165771,0.6265373229980469,21.500091552734375,0.0,0.0,0.0,0.0,8.29535460472107,0.6065273284912109,21.993835926055908,0.06165266036987305,0.2625265121459961,0.6206059455871582,0.6822586059570312,8.793619155883789,0.651371955871582,23.167167901992798,0.1632075309753418,0.8286733627319336,0.6285400390625,0.7917475700378418
16,grounded,48,0.69970703125,15.886650562286377,0.9460005164146423,41.75664156675339,0.02370840311050415,0.034259140491485596,0.9352765083312988,0.958984911441803,14.65183174610138,0.899885892868042,35.94763493537903,0.024440407752990723,0.101595938205719,0.8706598281860352,0.8951002359390259,13.496559023857117,0.8493204116821289,32.12141740322113,0.01700448989868164,0.01700448989868164,0.8560811281204224,0.873085618019104,2.4739303588867188,0.4486827850341797,7.50438117980957,0.0,0.0,0.0,0.0,1.865631103515625,0.35515594482421875,5.616181015968323,0.0,0.0,0.0,0.0,2.690319061279297,0.3817310333251953,7.378995895385742,0.0,0.0,0.0,0.0,3.918031692504883,0.4541482925415039,10.523012161254883,0.0,0.0,0.0,0.0,5.115358829498291,0.48859405517578125,12.884190678596497,0.0,0.0,0.0,0.0,5.6956939697265625,0.533050537109375,14.697692632675171,0.0,0.0,0.0,0.0,8.103493690490723,0.69482421875,21.93186855316162,0.0,0.0,0.0,0.0,9.057578086853027,0.6342334747314453,22.20381450653076,0.0,0.0,0.0,0.0,8.982795476913452,0.6614532470703125,21.103992223739624,0.0,0.0,0.0,0.0,10.5733060836792,0.7513637542724609,25.12195348739624,0.0,0.0,0.0,0.0,10.304758310317993,0.7228045463562012,24.628023386001587,0.0,0.0,0.0,0.0,11.126484394073486,0.7553777694702148,25.71261501312256,0.0,0.0,0.0,0.0,9.271660923957825,0.655031681060791,22.512535214424133,0.0,0.0,0.0,0.0,9.33088880777359,0.6619033813476562,22.780453145503998,0.0,0.0,0.0,0.0,8.580278158187866,0.5938854217529297,20.736783742904663,0.0,0.0,0.0,0.0,7.713352680206299,0.6781563758850098,19.449159741401672,0.0,0.0,0.0,0.0,7.374135255813599,0.6269726753234863,18.91203737258911,0.013834953308105469,0.018236160278320312,0.5846939086914062,0.5985288619995117,7.304954767227173,0.6102466583251953,19.3500497341156,0.06061410903930664,0.24872255325317383,0.6216444969177246,0.6822586059570312,7.677648544311523,0.6549687385559082,20.655951738357544,0.18897390365600586,0.7891840934753418,0.6027736663818359,0.7917475700378418
16,hallucinated,49,0.69580078125,16.847472608089447,0.9544855356216431,42.71746361255646,0.02370840311050415,0.034259140491485596,0.9352765083312988,0.958984911441803,15.520873188972473,0.8945301175117493,36.81667637825012,0.024440407752990723,0.09019827842712402,0.8706598281860352,0.8951002359390259,14.37088429927826,0.8542125225067139,32.99574267864227,0.01700448989868164,0.01700448989868164,0.8560811281204224,0.873085618019104,2.5750198364257812,0.4486827850341797,7.605470657348633,0.0,0.0,0.0,0.0,1.9795913696289062,0.35515594482421875,5.730141282081604,0.0,0.0,0.0,0.0,2.8994102478027344,0.3817310333251953,7.58808708190918,0.0,0.0,0.0,0.0,4.148157119750977,0.4541482925415039,10.753137588500977,0.0,0.0,0.0,0.0,5.326892375946045,0.48859405517578125,13.09572422504425,0.0,0.0,0.0,0.0,5.9591827392578125,0.533050537109375,14.961181402206421,0.0,0.0,0.0,0.0,8.530521392822266,0.69482421875,22.358896255493164,0.0,0.0,0.0,0.0,9.557284355163574,0.6342334747314453,22.70352077484131,0.0,0.0,0.0,0.0,9.406677007675171,0.6614532470703125,21.527873754501343,0.0,0.0,0.0,0.0,11.19588303565979,0.7513637542724609,25.74453043937683,0.0,0.0,0.0,0.0,10.858550310134888,0.7228045463562012,25.18181538581848,0.0,0.0,0.0,0.0,11.68084192276001,0.7553777694702148,26.266972541809082,0.0,0.0,0.0,0.0,9.659528851509094,0.655031681060791,22.900403141975403,0.0,0.0,0.0,0.0,9.800022184848785,0.6619033813476562,23.249586522579193,0.0,0.0,0.0,0.0,8.920566320419312,0.5938854217529297,21.07707190513611,0.0,0.0,0.0,0.0,8.013695240020752,0.6781563758850098,19.749502301216125,0.0,0.0,0.0,0.0,7.656686067581177,0.6269726753234863,19.19458818435669,0.013834953308105469,0.018236160278320312,0.5846939086914062,0.5985288619995117,7.670671701431274,0.6102466583251953,19.715766668319702,0.06061410903930664,0.24872255325317383,0.6216444969177246,0.6822586059570312,8.167187690734863,0.6549687385559082,21.145490884780884,0.18897390365600586,0.7891840934753418,0.6027736663818359,0.7917475700378418
17,grounded,44,0.74951171875,11.15670108795166,0.9431166648864746,37.93874508142471,0.01734483242034912,0.025011777877807617,0.9422688484191895,0.9596136808395386,10.35931384563446,0.900542676448822,32.38810694217682,0.024417638778686523,0.05169922113418579,0.8325827121734619,0.8570003509521484,9.628542423248291,0.8527469635009766,29.8193142414093,0.0,0.0,0.0,0.0,1.7001495361328125,0.4361381530761719,6.9384918212890625,0.0,0.0,0.0,0.0,1.3560943603515625,0.3447837829589844,5.20987856388092,0.0,0.0,0.0,0.0,1.906097412109375,0.3680839538574219,6.623939514160156,0.0,0.0,0.0,0.0,2.6734962463378906,0.45169639587402344,9.591108679771423,0.0,0.0,0.0,0.0,3.3688344955444336,0.4823036193847656,11.38010561466217,0.0,0.0,0.0,0.0,3.936664581298828,0.533050537109375,13.025307655334473,0.0,0.0,0.0,0.0,5.978488922119141,0.6976556777954102,20.567394256591797,0.0,0.0,0.0,0.0,6.470378875732422,0.5928745269775391,20.275915145874023,0.0,0.0,0.0,0.0,6.494240045547485,0.658360481262207,19.241633653640747,0.0,0.0,0.0,0.0,7.135396480560303,0.7406425476074219,22.088877201080322,0.0,0.0,0.0,0.0,7.687510013580322,0.7464323043823242,22.89688539505005,0.0,0.0,0.0,0.0,8.106971263885498,0.7618789672851562,23.48833703994751,0.0,0.0,0.0,0.0,6.605805158615112,0.6371386051177979,20.414477348327637,0.0,0.0,0.0,0.0,6.826950907707214,0.6528663635253906,20.917321026325226,0.0,0.0,0.0,0.0,6.425165176391602,0.6095371246337891,19.373258113861084,0.004009246826171875,0.004009246826171875,0.5823173522949219,0.5863265991210938,5.716873645782471,0.68035888671875,17.623071372509003,0.0,0.0,0.0,0.0,5.330608367919922,0.6270246505737305,17.251561164855957,0.012110710144042969,0.012110710144042969,0.5864181518554688,0.5985288619995117,5.555436134338379,0.6087818145751953,18.28524088859558,0.062406063079833984,0.2815675735473633,0.6198525428771973,0.6822586059570312,5.339479446411133,0.6572713851928711,18.53318476676941,0.19899320602416992,0.9207806587219238,0.5927543640136719,0.7917475700378418
17,hallucinated,45,0.73193359375,12.06973022222519,0.9432536959648132,38.85177421569824,0.01734483242034912,0.025011777877807617,0.9422688484191895,0.9596136808395386,11.219224870204926,0.9018896818161011,33.248017966747284,0.024417638778686523,0.05841630697250366,0.8325827121734619,0.8570003509521484,10.414281368255615,0.8527469635009766,30.605053186416626,0.0,0.0,0.0,0.0,1.8281021118164062,0.4361381530761719,7.066444396972656,0.0,0.0,0.0,0.0,1.5040416717529297,0.3447837829589844,5.357825875282288,0.0,0.0,0.0,0.0,2.1817989349365234,0.3680839538574219,6.899641036987305,0.0,0.0,0.0,0.0,3.0879650115966797,0.45169639587402344,10.005577445030212,0.0,0.0,0.0,0.0,3.9316368103027344,0.4823036193847656,11.942907929420471,0.0,0.0,0.0,0.0,4.297216415405273,0.533050537109375,13.385859489440918,0.0,0.0,0.0,0.0,6.544956207275391,0.6976556777954102,21.133861541748047,0.0,0.0,0.0,0.0,7.029285907745361,0.5928745269775391,20.834822177886963,0.0,0.0,0.0,0.0,6.803330183029175,0.658360481262207,19.550723791122437,0.0,0.0,0.0,0.0,7.3258376121521,0.7406425476074219,22.27931833267212,0.0,0.0,0.0,0.0,7.7975077629089355,0.7464323043823242,23.006883144378662,0.0,0.0,0.0,0.0,8.411683559417725,0.7206668853759766,23.793049335479736,0.0,0.0,0.0,0.0,6.6219987869262695,0.6123523712158203,20.430670976638794,0.0,0.0,0.0,0.0,7.039525032043457,0.6795263290405273,21.12989515066147,0.0,0.0,0.0,0.0,6.634390830993652,0.6084260940551758,19.582483768463135,0.004009246826171875,0.004009246826171875,0.5823173522949219,0.5863265991210938,5.805433750152588,0.68035888671875,17.71163147687912,0.0,0.0,0.0,0.0,5.502040386199951,0.6270246505737305,17.422993183135986,0.012110710144042969,0.012110710144042969,0.5864181518554688,0.5985288619995117,5.94706654548645,0.6087818145751953,18.676871299743652,0.062406063079833984,0.2815675735473633,0.6198525428771973,0.6822586059570312,5.68541145324707,0.6572713851928711,18.879116773605347,0.19899320602416992,0.9207806587219238,0.5927543640136719,0.7917475700378418
18,grounded,41,0.7421875,14.80610716342926,0.95100998878479,35.019043266773224,0.023124277591705322,0.03389209508895874,0.9258460998535156,0.948970377445221,13.65964525938034,0.8885207772254944,30.384034514427185,0.02190917730331421,0.05235159397125244,0.8530054688453674,0.8749146461486816,12.596035242080688,0.8446884155273438,27.619697093963623,0.0,0.0,0.0,0.0,2.2521438598632812,0.4345741271972656,6.393043518066406,0.0,0.0,0.0,0.0,1.7456960678100586,0.33731651306152344,4.855150818824768,0.0,0.0,0.0,0.0,2.3991241455078125,0.3598155975341797,6.05632209777832,0.0,0.0,0.0,0.0,3.6595115661621094,0.44238758087158203,9.080531001091003,0.0,0.0,0.0,0.0,3.9844608306884766,0.4709587097167969,10.317173600196838,0.0,0.0,0.0,0.0,5.108165740966797,0.533050537109375,12.263981103897095,0.0,0.0,0.0,0.0,7.44465446472168,0.6897854804992676,18.358340740203857,0.0,0.0,0.0,0.0,8.192737102508545,0.5922346115112305,18.27691411972046,0.0,0.0,0.0,0.0,7.293320178985596,0.6439781188964844,16.97994089126587,0.0,0.0,0.0,0.0,8.851888179779053,0.7342395782470703,20.487428426742554,0.0,0.0,0.0,0.0,9.131470322608948,0.7171072959899902,20.432268261909485,0.0,0.0,0.0,0.0,9.389119148254395,0.7459816932678223,21.0155348777771,0.0,0.0,0.0,0.0,7.910382628440857,0.6379680633544922,18.563525557518005,0.0,0.0,0.0,0.0,7.984818935394287,0.6683015823364258,18.520787954330444,0.0,0.0,0.0,0.0,6.77177619934082,0.5935897827148438,16.463891983032227,0.0,0.0,0.0,0.0,6.416009306907654,0.6807200908660889,16.024711966514587,0.0,0.0,0.0,0.0,6.045688152313232,0.6178798675537109,15.334355592727661,0.02018260955810547,0.02018260955810547,0.5783462524414062,0.5985288619995117,6.080215930938721,0.61627197265625,15.728336572647095,0.06061410903930664,0.22068548202514648,0.6216444969177246,0.6822586059570312,6.247623443603516,0.6765737533569336,16.715574026107788,0.1797633171081543,0.8423123359680176,0.6119842529296875,0.7917475700378418
18,hallucinated,44,0.74609375,17.63339102268219,0.9512910842895508,37.846327126026154,0.023124277591705322,0.03389209508895874,0.9258460998535156,0.948970377445221,16.32174587249756,0.8926133513450623,33.0461351275444,0.02190917730331421,0.05283164978027344,0.8530054688453674,0.8749146461486816,15.143100142478943,0.8473918437957764,30.166761994361877,0.0,0.0,0.0,0.0,2.8019790649414062,0.4345741271972656,6.942878723144531,0.0,0.0,0.0,0.0,2.11563777923584,0.33731651306152344,5.225092530250549,0.0,0.0,0.0,0.0,3.1703758239746094,0.3598155975341797,6.827573776245117,0.0,0.0,0.0,0.0,4.358146667480469,0.44238758087158203,9.779166102409363,0.0,0.0,0.0,0.0,4.67152214050293,0.4709587097167969,11.004234910011292,0.0,0.0,0.0,0.0,6.1066131591796875,0.533050537109375,13.262428522109985,0.0,0.0,0.0,0.0,9.07642936706543,0.6897854804992676,19.990115642547607,0.0,0.0,0.0,0.0,9.881064891815186,0.5922346115112305,19.9652419090271,0.0,0.0,0.0,0.0,8.723066806793213,0.6439781188964844,18.409687519073486,0.0,0.0,0.0,0.0,10.749629020690918,0.7342395782470703,22.38516926765442,0.0,0.0,0.0,0.0,10.958093285560608,0.7171072959899902,22.258891224861145,0.0,0.0,0.0,0.0,10.877903938293457,0.7459816932678223,22.504319667816162,0.0,0.0,0.0,0.0,9.109235942363739,0.6379680633544922,19.762378871440887,0.0,0.0,0.0,0.0,9.310433864593506,0.6683015823364258,19.846402883529663,0.0,0.0,0.0,0.0,7.809150695800781,0.5935897827148438,17.501266479492188,0.0,0.0,0.0,0.0,7.574417471885681,0.6807200908660889,17.183120131492615,0.0,0.0,0.0,0.0,7.160966396331787,0.6178798675537109,16.449633836746216,0.02018260955810547,0.02018260955810547,0.5783462524414062,0.5985288619995117,7.259580612182617,0.61627197265625,16.90770125389099,0.06061410903930664,0.22068548202514648,0.6216444969177246,0.6822586059570312,7.515324592590332,0.6765737533569336,17.983275175094604,0.1797633171081543,0.8423123359680176,0.6119842529296875,0.7917475700378418
19,grounded,34,0.705078125,5.560250997543335,0.9463286399841309,28.60995250940323,0.022419452667236328,0.030591249465942383,0.9306998252868652,0.9531192779541016,5.094974339008331,0.8877362012863159,24.73975294828415,0.015984833240509033,0.04507249593734741,0.880235493183136,0.896220326423645,4.471268653869629,0.8480005264282227,22.356682896614075,0.0,0.0,0.0,0.0,0.832000732421875,0.4374256134033203,5.476877212524414,0.0,0.0,0.0,0.0,0.53570556640625,0.350311279296875,3.979099750518799,0.0,0.0,0.0,0.0,0.7950668334960938,0.3578071594238281,4.8671875,0.0,0.0,0.0,0.0,1.2042617797851562,0.43850040435791016,7.024194121360779,0.0,0.0,0.0,0.0,1.4900131225585938,0.46895599365234375,8.325399994850159,0.0,0.0,0.0,0.0,1.850442886352539,0.533050537109375,9.86005163192749,0.0,0.0,0.0,0.0,2.5887374877929688,0.6939783096313477,15.121618270874023,0.0,0.0,0.0,0.0,2.876358985900879,0.588348388671875,14.344902992248535,0.0,0.0,0.0,0.0,2.4742794036865234,0.6293792724609375,13.660165786743164,0.0,0.0,0.0,0.0,2.9980974197387695,0.7420382499694824,16.218502521514893,0.0,0.0,0.0,0.0,3.2935216426849365,0.7338061332702637,16.23696732521057,0.0,0.0,0.0,0.0,3.438136577606201,0.742945671081543,16.84451198577881,0.0,0.0,0.0,0.0,2.805994749069214,0.6231880187988281,14.982093095779419,0.0,0.0,0.0,0.0,2.872964859008789,0.6364107131958008,14.789144396781921,0.0,0.0,0.0,0.0,2.5882387161254883,0.5832443237304688,13.625754356384277,0.005474090576171875,0.005474090576171875,0.5808525085449219,0.5863265991210938,2.3905863761901855,0.6805634498596191,13.26965719461441,0.0,0.0,0.0,0.0,2.066753387451172,0.5967769622802734,12.470010995864868,0.006827354431152344,0.006827354431152344,0.5917015075683594,0.5985288619995117,2.1442222595214844,0.6010208129882812,13.251346826553345,0.06061410903930664,0.2647237777709961,0.6216444969177246,0.6822586059570312,2.216655731201172,0.6392631530761719,14.2943856716156,0.18707990646362305,0.9157304763793945,0.6046676635742188,0.7917475700378418
19,hallucinated,36,0.74609375,7.384903609752655,0.9350367784500122,30.43460512161255,0.022419452667236328,0.030591249465942383,0.9306998252868652,0.9531192779541016,6.857432186603546,0.8833234906196594,26.501014530658722,0.011974096298217773,0.02817666530609131,0.8381893634796143,0.850163459777832,6.283649682998657,0.8476495742797852,24.168712973594666,0.0,0.0,0.0,0.0,1.2863388061523438,0.4374256134033203,5.931215286254883,0.0,0.0,0.0,0.0,0.9091510772705078,0.350311279296875,4.352545261383057,0.0,0.0,0.0,0.0,1.1114349365234375,0.3578071594238281,5.183555603027344,0.0,0.0,0.0,0.0,1.6926193237304688,0.43850040435791016,7.512551665306091,0.0,0.0,0.0,0.0,1.8169174194335938,0.46895599365234375,8.652304291725159,0.0,0.0,0.0,0.0,2.619342803955078,0.533050537109375,10.62895154953003,0.0,0.0,0.0,0.0,3.5453720092773438,0.6939783096313477,16.0782527923584,0.0,0.0,0.0,0.0,3.853351593017578,0.588348388671875,15.321895599365234,0.0,0.0,0.0,0.0,3.3306846618652344,0.6293792724609375,14.516571044921875,0.0,0.0,0.0,0.0,3.718738555908203,0.7420382499694824,16.939143657684326,0.0,0.0,0.0,0.0,4.26406192779541,0.7338061332702637,17.207507610321045,0.0,0.0,0.0,0.0,4.521686553955078,0.742945671081543,17.928061962127686,0.0,0.0,0.0,0.0,4.037381410598755,0.6231880187988281,16.21347975730896,0.0,0.0,0.0,0.0,4.100716590881348,0.6364107131958008,16.01689612865448,0.0,0.0,0.0,0.0,3.8048095703125,0.5832443237304688,14.842325210571289,0.005474090576171875,0.005474090576171875,0.5808525085449219,0.5863265991210938,3.6448898315429688,0.6805634498596191,14.523960649967194,0.0,0.0,0.0,0.0,3.465043067932129,0.5967769622802734,13.868300676345825,0.006827354431152344,0.006827354431152344,0.5917015075683594,0.5985288619995117,3.5523500442504883,0.6010208129882812,14.659474611282349,0.06061410903930664,0.2647237777709961,0.6216444969177246,0.6822586059570312,3.69818115234375,0.6392631530761719,15.775911092758179,0.18707990646362305,0.9157304763793945,0.6046676635742188,0.7917475700378418
20,grounded,45,0.708984375,16.755555629730225,0.951790452003479,38.88693082332611,0.023383259773254395,0.040127456188201904,0.929126501083374,0.9525097608566284,15.584125399589539,0.8984197378158569,34.207102835178375,0.008888304233551025,0.016185104846954346,0.8820180892944336,0.8909063935279846,14.450254201889038,0.8544902801513672,31.519906640052795,0.0,0.0,0.0,0.0,2.3958892822265625,0.430633544921875,6.778827667236328,0.0,0.0,0.0,0.0,1.8639144897460938,0.3463783264160156,5.255640387535095,0.0,0.0,0.0,0.0,2.7208709716796875,0.36611366271972656,6.854185104370117,0.0,0.0,0.0,0.0,3.855538845062256,0.4532957077026367,9.831329464912415,0.0,0.0,0.0,0.0,5.337532043457031,0.48050498962402344,12.323925614356995,0.0,0.0,0.0,0.0,6.031223297119141,0.533050537109375,13.937664270401001,0.0,0.0,0.0,0.0,8.840835571289062,0.6949787139892578,21.153834342956543,0.0,0.0,0.0,0.0,9.343942642211914,0.6072521209716797,20.546091079711914,0.0,0.0,0.0,0.0,8.38827896118164,0.6637392044067383,19.168967247009277,0.0,0.0,0.0,0.0,10.363109588623047,0.7470040321350098,23.396007537841797,0.0,0.0,0.0,0.0,10.655825853347778,0.7412929534912109,23.351406812667847,0.0,0.0,0.0,0.0,10.999032497406006,0.7796385288238525,24.00450301170349,0.0,0.0,0.0,0.0,9.27794885635376,0.6727776527404785,21.31708526611328,0.0,0.0,0.0,0.0,9.445257902145386,0.7134284973144531,21.20430427789688,0.0,0.0,0.0,0.0,8.572323322296143,0.6108207702636719,19.71373701095581,0.0,0.0,0.0,0.0,8.103002190589905,0.6731557846069336,19.02870625257492,0.0,0.0,0.0,0.0,7.033602714538574,0.6124048233032227,17.361514806747437,0.01745128631591797,0.01745128631591797,0.5810775756835938,0.5985288619995117,7.250631332397461,0.6182632446289062,18.175881147384644,0.06061410903930664,0.19423818588256836,0.6216444969177246,0.6822586059570312,7.485341548919678,0.6466159820556641,19.65184098482132,0.18122053146362305,0.8050343990325928,0.6105270385742188,0.7917475700378418
20,hallucinated,42,0.697265625,13.918027400970459,0.9468977451324463,36.049402594566345,0.023383259773254395,0.03449040651321411,0.929126501083374,0.9525097608566284,12.945546865463257,0.8841530084609985,31.568524301052094,0.008888304233551025,0.016185104846954346,0.8820180892944336,0.8909063935279846,12.02318000793457,0.8544902801513672,29.092832446098328,0.0,0.0,0.0,0.0,2.1055221557617188,0.430633544921875,6.488460540771484,0.0,0.0,0.0,0.0,1.6692962646484375,0.3463783264160156,5.061022162437439,0.0,0.0,0.0,0.0,2.4634017944335938,0.36611366271972656,6.596715927124023,0.0,0.0,0.0,0.0,3.321824550628662,0.4532957077026367,9.29761517047882,0.0,0.0,0.0,0.0,4.624969482421875,0.48050498962402344,11.611363053321838,0.0,0.0,0.0,0.0,5.188777923583984,0.533050537109375,13.095218896865845,0.0,0.0,0.0,0.0,7.633813858032227,0.6949787139892578,19.946812629699707,0.0,0.0,0.0,0.0,7.987794876098633,0.6072521209716797,19.189943313598633,0.0,0.0,0.0,0.0,7.365558624267578,0.6637392044067383,18.146246910095215,0.0,0.0,0.0,0.0,8.967390060424805,0.7470040321350098,22.000288009643555,0.0,0.0,0.0,0.0,9.226020097732544,0.7412929534912109,21.921601057052612,0.0,0.0,0.0,0.0,9.473951816558838,0.7796385288238525,22.479422330856323,0.0,0.0,0.0,0.0,8.0644211769104,0.6727776527404785,20.103557586669922,0.0,0.0,0.0,0.0,8.18875002861023,0.7134284973144531,19.947796404361725,0.0,0.0,0.0,0.0,7.425655841827393,0.6108207702636719,18.56706953048706,0.0,0.0,0.0,0.0,7.146479249000549,0.6731557846069336,18.072183310985565,0.0,0.0,0.0,0.0,6.180354118347168,0.6124048233032227,16.50826621055603,0.01745128631591797,0.01745128631591797,0.5810775756835938,0.5985288619995117,6.410921096801758,0.6182632446289062,17.33617091178894,0.06061410903930664,0.19423818588256836,0.6216444969177246,0.6822586059570312,6.665929317474365,0.6466159820556641,18.832428753376007,0.18122053146362305,0.8050343990325928,0.6105270385742188,0.7917475700378418
21,grounded,62,0.63720703125,14.103760123252869,0.956987738609314,55.15192127227783,0.012435734272003174,0.014636456966400146,0.9632663726806641,0.9757021069526672,13.247735142707825,0.9219762086868286,48.24989813566208,0.018360257148742676,0.08692359924316406,0.8999580144882202,0.9183182716369629,12.854215621948242,0.9018831253051758,45.200878381729126,0.0023944973945617676,0.0023944973945617676,0.8861618041992188,0.8885563015937805,2.444774627685547,0.44712257385253906,10.058927536010742,0.0,0.0,0.0,0.0,1.815032958984375,0.359161376953125,6.868771851062775,0.0,0.0,0.0,0.0,2.44903564453125,0.39597225189208984,8.911437034606934,0.0,0.0,0.0,0.0,3.4009742736816406,0.4472980499267578,13.103638768196106,0.0,0.0,0.0,0.0,4.131956100463867,0.5187149047851562,15.69144880771637,0.0,0.0,0.0,0.0,5.670077323913574,0.6571884155273438,20.506625652313232,0.0,0.0,0.0,0.0,7.963411331176758,0.7641639709472656,30.221529483795166,0.0,0.0,0.0,0.0,7.996087074279785,0.6826381683349609,29.649067640304565,0.0,0.0,0.0,0.0,7.009613037109375,0.7197723388671875,27.161989212036133,0.0,0.0,0.0,0.0,8.042459487915039,0.8160147666931152,32.37487435340881,0.0,0.0,0.0,0.0,8.006211996078491,0.8274476528167725,32.1245322227478,0.0,0.0,0.0,0.0,8.170130729675293,0.7829127311706543,32.617172718048096,0.0,0.0,0.0,0.0,7.301824450492859,0.7389545440673828,29.627195835113525,0.0,0.0,0.0,0.0,7.065727233886719,0.7561259269714355,29.057387948036194,0.0,0.0,0.0,0.0,6.940334320068359,0.7359857559204102,27.174708127975464,0.0,0.0,0.0,0.0,5.926836013793945,0.741734504699707,24.673658430576324,0.0,0.0,0.0,0.0,5.897543430328369,0.6969901323318481,23.99199628829956,0.0,0.0,0.0,0.0,6.324520468711853,0.731231689453125,25.184795200824738,0.055660247802734375,0.1596841812133789,0.6265983581542969,0.6822586059570312,7.158202111721039,0.8827451467514038,28.936428666114807,0.1820979118347168,0.7037443518638611,0.609649658203125,0.7917475700378418
21,hallucinated,65,0.6357421875,16.959742546081543,0.956987738609314,58.007903695106506,0.012435734272003174,0.01539909839630127,0.9632663726806641,0.9757021069526672,15.995834708213806,0.9178942441940308,51.00040191411972,0.02394765615463257,0.11170840263366699,0.8999580144882202,0.9239056706428528,15.614967584609985,0.9056501388549805,47.96933031082153,0.0,0.0,0.0,0.0,3.312103271484375,0.4471302032470703,10.926263809204102,0.0,0.0,0.0,0.0,2.132080078125,0.3591938018798828,7.1859429478645325,0.0,0.0,0.0,0.0,3.2633209228515625,0.3961172103881836,9.725993156433105,0.0,0.0,0.0,0.0,4.055305480957031,0.44713401794433594,13.757967114448547,0.0,0.0,0.0,0.0,4.937863349914551,0.5190277099609375,16.497554421424866,0.0,0.0,0.0,0.0,6.785076141357422,0.6572837829589844,21.621769905090332,0.0,0.0,0.0,0.0,9.469944953918457,0.7641596794128418,31.728084087371826,0.0,0.0,0.0,0.0,9.84951114654541,0.6825933456420898,31.502034902572632,0.0,0.0,0.0,0.0,8.49804973602295,0.7196731567382812,28.651015281677246,0.0,0.0,0.0,0.0,9.72570538520813,0.8160138130187988,34.05807852745056,0.0,0.0,0.0,0.0,9.81965684890747,0.827343225479126,33.93857741355896,0.0,0.0,0.0,0.0,10.091038703918457,0.7828183174133301,34.53742861747742,0.0,0.0,0.0,0.0,9.00691282749176,0.7388343811035156,31.33194351196289,0.0,0.0,0.0,0.0,8.979206562042236,0.7562766075134277,30.97017550468445,0.0,0.0,0.0,0.0,8.788041114807129,0.7361030578613281,29.022945165634155,0.0,0.0,0.0,0.0,7.5853047370910645,0.7417316436767578,26.332670748233795,0.0,0.0,0.0,0.0,7.561155796051025,0.6970729827880859,25.65520429611206,0.0,0.0,0.0,0.0,7.886773943901062,0.7313162088394165,26.748100221157074,0.055622100830078125,0.15983963012695312,0.6266365051269531,0.6822586059570312,9.058266639709473,0.8827412128448486,30.837105810642242,0.18236875534057617,0.7042843699455261,0.6093788146972656,0.7917475700378418
22,grounded,40,0.7041015625,5.533623456954956,0.9354532957077026,34.160408675670624,0.01086968183517456,0.014371335506439209,0.9473891258239746,0.9582588076591492,4.983628451824188,0.8817379474639893,28.759860277175903,0.03262126445770264,0.06948089599609375,0.8858523368835449,0.9184736013412476,4.860768735408783,0.8446884155273438,25.831946194171906,0.0,0.0,0.0,0.0,1.1344757080078125,0.44388389587402344,6.424806594848633,0.0,0.0,0.0,0.0,0.8635406494140625,0.3426837921142578,4.657254219055176,0.0,0.0,0.0,0.0,1.18182373046875,0.38751888275146484,5.801314353942871,0.0,0.0,0.0,0.0,1.3112716674804688,0.4466867446899414,8.114615678787231,0.0,0.0,0.0,0.0,1.4411544799804688,0.5060806274414062,9.298015713691711,0.0,0.0,0.0,0.0,1.9835052490234375,0.533050537109375,12.056574821472168,0.0,0.0,0.0,0.0,3.074310302734375,0.699070930480957,17.950645446777344,0.0,0.0,0.0,0.0,3.350505828857422,0.5869007110595703,17.319576263427734,0.0,0.0,0.0,0.0,3.6380605697631836,0.6932687759399414,16.555689811706543,0.0,0.0,0.0,0.0,3.9430665969848633,0.7376251220703125,19.85041332244873,0.0,0.0,0.0,0.0,3.9352805614471436,0.7553558349609375,19.257901668548584,0.0,0.0,0.0,0.0,3.772629737854004,0.7036542892456055,19.470533847808838,0.0,0.0,0.0,0.0,3.4500155448913574,0.6330184936523438,18.154785633087158,0.0,0.0,0.0,0.0,3.5266659259796143,0.6679308414459229,17.46658331155777,0.0,0.0,0.0,0.0,3.392467498779297,0.6266727447509766,16.694831371307373,0.0,0.0,0.0,0.0,3.3437395095825195,0.6688947677612305,15.852880001068115,0.0,0.0,0.0,0.0,3.333418846130371,0.653717041015625,15.018873929977417,0.0,0.0,0.0,0.0,3.352057456970215,0.6253089904785156,15.979896008968353,0.09089899063110352,0.38294410705566406,0.5913596153259277,0.6822586059570312,3.7450385093688965,0.6950640678405762,17.836910724639893,0.15976285934448242,1.0666723251342773,0.6319847106933594,0.7917475700378418
22,hallucinated,41,0.7431640625,6.461319863796234,0.9354532957077026,35.0881050825119,0.01086968183517456,0.014371335506439209,0.9473891258239746,0.9582588076591492,6.010572969913483,0.8827357292175293,29.781446516513824,0.007788419723510742,0.02293640375137329,0.897287130355835,0.9050755500793457,5.57420814037323,0.8446884155273438,26.54464840888977,0.0,0.0,0.0,0.0,1.2852249145507812,0.44388389587402344,6.575555801391602,0.0,0.0,0.0,0.0,0.7871322631835938,0.3426837921142578,4.580845832824707,0.0,0.0,0.0,0.0,1.059844970703125,0.38751888275146484,5.679335594177246,0.0,0.0,0.0,0.0,1.4279098510742188,0.4466867446899414,8.231253862380981,0.0,0.0,0.0,0.0,1.8078536987304688,0.5060806274414062,9.664714932441711,0.0,0.0,0.0,0.0,2.168109893798828,0.533050537109375,12.241179466247559,0.0,0.0,0.0,0.0,3.2985801696777344,0.699070930480957,18.174915313720703,0.0,0.0,0.0,0.0,3.6362380981445312,0.5869007110595703,17.605308532714844,0.0,0.0,0.0,0.0,3.518400192260742,0.6285552978515625,16.4360294342041,0.0,0.0,0.0,0.0,3.7887933254241943,0.7376251220703125,19.69614005088806,0.0,0.0,0.0,0.0,3.4526631832122803,0.7410051822662354,18.77528429031372,0.0,0.0,0.0,0.0,3.5756640434265137,0.6841716766357422,19.273568153381348,0.0,0.0,0.0,0.0,2.8766860961914062,0.6330184936523438,17.581456184387207,0.0,0.0,0.0,0.0,3.0375595092773438,0.6609764099121094,16.9774768948555,0.0,0.0,0.0,0.0,2.975360870361328,0.6040096282958984,16.277724742889404,0.0,0.0,0.0,0.0,2.584138870239258,0.6688947677612305,15.093279361724854,0.0,0.0,0.0,0.0,2.3473167419433594,0.5832633972167969,14.032771825790405,0.0,0.0,0.0,0.0,2.488656997680664,0.5960655212402344,15.116495549678802,0.09089899063110352,0.3393707275390625,0.5913596153259277,0.6822586059570312,2.9233503341674805,0.651371955871582,17.015222549438477,0.15976285934448242,0.7876572608947754,0.6319847106933594,0.7917475700378418
23,grounded,47,0.6669921875,6.577327609062195,0.9575475454330444,40.971669256687164,0.02375924587249756,0.02375924587249756,0.9484695196151733,0.9722287654876709,6.078908801078796,0.9055529236793518,34.21706807613373,0.009803175926208496,0.030259311199188232,0.8991472721099854,0.9089504480361938,5.763690114021301,0.8661203384399414,30.94605314731598,0.0,0.0,0.0,0.0,1.0716171264648438,0.44861793518066406,7.529895782470703,0.0,0.0,0.0,0.0,0.6317138671875,0.35683631896972656,4.963681995868683,0.0,0.0,0.0,0.0,0.9186630249023438,0.39670467376708984,6.917593955993652,0.0,0.0,0.0,0.0,1.52783203125,0.44862937927246094,10.112175822257996,0.0,0.0,0.0,0.0,1.8176822662353516,0.4981231689453125,11.497067093849182,0.0,0.0,0.0,0.0,2.1985397338867188,0.533050537109375,13.827849388122559,0.0,0.0,0.0,0.0,3.383669853210449,0.7112917900085449,21.726219177246094,0.0,0.0,0.0,0.0,3.4677906036376953,0.5935153961181641,21.0217924118042,0.0,0.0,0.0,0.0,3.4776315689086914,0.6496467590332031,19.757628440856934,0.0,0.0,0.0,0.0,4.104471683502197,0.7404062747955322,23.656198263168335,0.0,0.0,0.0,0.0,4.352035641670227,0.776226282119751,23.62168323993683,0.0,0.0,0.0,0.0,4.4132091999053955,0.7869312763214111,24.60313618183136,0.0,0.0,0.0,0.0,3.4240360260009766,0.6565518379211426,21.227269232273102,0.0,0.0,0.0,0.0,3.3623733520507812,0.7091026306152344,21.07257717847824,0.0,0.0,0.0,0.0,3.1627845764160156,0.6105389595031738,19.15561318397522,0.0,0.0,0.0,0.0,2.8531863689422607,0.6669368743896484,17.514971554279327,0.0,0.0,0.0,0.0,2.95719575881958,0.6219797134399414,17.452375650405884,0.02418804168701172,0.02418804168701172,0.5743408203125,0.5985288619995117,2.937650203704834,0.5994720458984375,18.401269614696503,0.0779561996459961,0.36016321182250977,0.6043024063110352,0.6822586059570312,3.538348436355591,0.6709928512573242,20.875498294830322,0.17261075973510742,0.8503618240356445,0.6191368103027344,0.7917475700378418
23,hallucinated,46,0.7119140625,5.581548452377319,0.947026252746582,39.97589010000229,0.02375924587249756,0.02375924587249756,0.9484695196151733,0.9722287654876709,5.213165104389191,0.9081957340240479,33.37308531999588,0.009310722351074219,0.029636263847351074,0.8697417974472046,0.8790525197982788,4.999549031257629,0.8769241571426392,30.18995440006256,0.0,0.0,0.0,0.0,1.1041717529296875,0.44861793518066406,7.562450408935547,0.0,0.0,0.0,0.0,0.6831893920898438,0.35683631896972656,5.015157520771027,0.0,0.0,0.0,0.0,0.9344253540039062,0.39670467376708984,6.933356285095215,0.0,0.0,0.0,0.0,1.438629150390625,0.44862937927246094,10.02297294139862,0.0,0.0,0.0,0.0,1.6550483703613281,0.4981231689453125,11.334433197975159,0.0,0.0,0.0,0.0,1.9929580688476562,0.533050537109375,13.622267723083496,0.0,0.0,0.0,0.0,2.8754348754882812,0.7112917900085449,21.217984199523926,0.0,0.0,0.0,0.0,2.9664602279663086,0.5935153961181641,20.520462036132812,0.0,0.0,0.0,0.0,2.621994972229004,0.6496467590332031,18.901991844177246,0.0,0.0,0.0,0.0,3.241337776184082,0.7404062747955322,22.79306435585022,0.0,0.0,0.0,0.0,3.3230369091033936,0.7696340084075928,22.592684507369995,0.0,0.0,0.0,0.0,3.3143489360809326,0.7826297283172607,23.504275918006897,0.0,0.0,0.0,0.0,2.686103940010071,0.6565518379211426,20.489337146282196,0.0,0.0,0.0,0.0,2.553537368774414,0.6543521881103516,20.263741195201874,0.0,0.0,0.0,0.0,2.2476041316986084,0.6194572448730469,18.240432739257812,0.0,0.0,0.0,0.0,1.8055830001831055,0.6669368743896484,16.467368185520172,0.0,0.0,0.0,0.0,1.864943504333496,0.6219797134399414,16.3601233959198,0.02418804168701172,0.02418804168701172,0.5743408203125,0.5985288619995117,1.9756534099578857,0.5994720458984375,17.439272820949554,0.0779561996459961,0.36016321182250977,0.6043024063110352,0.6822586059570312,2.4205713272094727,0.6709928512573242,19.757721185684204,0.17261075973510742,0.8232989311218262,0.6191368103027344,0.7917475700378418
24,grounded,47,0.71484375,12.10593730211258,0.9523497819900513,40.780651211738586,0.008368134498596191,0.012801945209503174,0.9513299465179443,0.9596980810165405,11.366772413253784,0.9122264385223389,35.62986904382706,0.00784766674041748,0.019757747650146484,0.8972374200820923,0.9050850868225098,10.752686977386475,0.867664098739624,32.81008267402649,0.0,0.0,0.0,0.0,1.9204330444335938,0.4418220520019531,7.580089569091797,0.0,0.0,0.0,0.0,1.4167327880859375,0.3507499694824219,5.4513983726501465,0.0,0.0,0.0,0.0,1.9810028076171875,0.3776531219482422,7.204111099243164,0.0,0.0,0.0,0.0,2.9121055603027344,0.4468965530395508,10.04468822479248,0.0,0.0,0.0,0.0,3.5241851806640625,0.501983642578125,11.750437378883362,0.0,0.0,0.0,0.0,4.144065856933594,0.533050537109375,14.15181016921997,0.0,0.0,0.0,0.0,6.3753509521484375,0.6915287971496582,21.60175657272339,0.0,0.0,0.0,0.0,6.94931173324585,0.6153836250305176,21.660999298095703,0.0,0.0,0.0,0.0,6.925076007843018,0.6571006774902344,19.957308292388916,0.0,0.0,0.0,0.0,8.143525540828705,0.73362135887146,24.29321640729904,0.0,0.0,0.0,0.0,8.09575080871582,0.7589004039764404,23.829530000686646,0.0,0.0,0.0,0.0,8.502492249011993,0.7898914813995361,24.79210501909256,0.0,0.0,0.0,0.0,6.503878116607666,0.6606888771057129,21.128631591796875,0.0,0.0,0.0,0.0,7.331714153289795,0.7049546241760254,21.82091987133026,0.0,0.0,0.0,0.0,6.495900630950928,0.6108312606811523,19.8272967338562,0.0,0.0,0.0,0.0,6.057543873786926,0.680264949798584,18.875218212604523,0.0,0.0,0.0,0.0,5.712500631809235,0.5971689224243164,17.962976276874542,0.005316734313964844,0.005316734313964844,0.5932121276855469,0.5985288619995117,5.7587127685546875,0.5972919464111328,18.797952592372894,0.07714414596557617,0.30526065826416016,0.6051144599914551,0.6822586059570312,6.131270527839661,0.6612710952758789,20.623586177825928,0.15365934371948242,0.8848943710327148,0.6380882263183594,0.7917475700378418
24,hallucinated,44,0.73583984375,9.293476939201355,0.9439059495925903,37.96819084882736,0.008368134498596191,0.012801945209503174,0.9513299465179443,0.9596980810165405,8.676863849163055,0.8953956365585327,32.93996047973633,0.00784766674041748,0.019757747650146484,0.8972374200820923,0.9050850868225098,8.173038482666016,0.866692066192627,30.23043417930603,0.0,0.0,0.0,0.0,1.428619384765625,0.4418220520019531,7.088275909423828,0.0,0.0,0.0,0.0,0.9012451171875,0.3507499694824219,4.935910701751709,0.0,0.0,0.0,0.0,1.3242950439453125,0.3776531219482422,6.547403335571289,0.0,0.0,0.0,0.0,2.0753231048583984,0.4468965530395508,9.207905769348145,0.0,0.0,0.0,0.0,2.6406021118164062,0.501983642578125,10.866854310035706,0.0,0.0,0.0,0.0,3.2368240356445312,0.533050537109375,13.244568347930908,0.0,0.0,0.0,0.0,4.465566635131836,0.6915287971496582,19.691972255706787,0.0,0.0,0.0,0.0,5.118818759918213,0.6198348999023438,19.830506324768066,0.0,0.0,0.0,0.0,4.980325222015381,0.6571006774902344,18.01255750656128,0.0,0.0,0.0,0.0,5.914035797119141,0.73362135887146,22.063726663589478,0.0,0.0,0.0,0.0,5.99930477142334,0.7589004039764404,21.733083963394165,0.0,0.0,0.0,0.0,6.387543976306915,0.7898914813995361,22.67715674638748,0.0,0.0,0.0,0.0,5.188821792602539,0.6606888771057129,19.813575267791748,0.0,0.0,0.0,0.0,5.338295936584473,0.7049546241760254,19.82750165462494,0.0,0.0,0.0,0.0,4.655440330505371,0.6108312606811523,17.986836433410645,0.0,0.0,0.0,0.0,4.341046452522278,0.680264949798584,17.158720791339874,0.0,0.0,0.0,0.0,3.97235107421875,0.5971689224243164,16.222826719284058,0.005316734313964844,0.005316734313964844,0.5932121276855469,0.5985288619995117,3.9975624084472656,0.5972919464111328,17.036802232265472,0.07714414596557617,0.30526065826416016,0.6051144599914551,0.6822586059570312,4.166680335998535,0.6612710952758789,18.658995985984802,0.15365934371948242,0.8008990287780762,0.6380882263183594,0.7917475700378418
25,grounded,44,0.6455078125,15.82371062040329,0.9460830092430115,37.96225380897522,0.00981992483139038,0.020989656448364258,0.9421854019165039,0.9520053267478943,14.68330866098404,0.9017162322998047,33.32419550418854,0.012583374977111816,0.032031893730163574,0.901630163192749,0.9142135381698608,13.699045538902283,0.8616046905517578,30.571462035179138,0.0,0.0,0.0,0.0,2.4867324829101562,0.4286060333251953,6.737691879272461,0.0,0.0,0.0,0.0,1.5309391021728516,0.3429527282714844,4.851192951202393,0.0,0.0,0.0,0.0,2.447704315185547,0.368408203125,6.468914031982422,0.0,0.0,0.0,0.0,3.64825439453125,0.4527902603149414,9.54851770401001,0.0,0.0,0.0,0.0,4.357749938964844,0.4938220977783203,11.132078766822815,0.0,0.0,0.0,0.0,5.226665496826172,0.533050537109375,13.01280426979065,0.0,0.0,0.0,0.0,7.556827545166016,0.6964535713195801,19.4059739112854,0.0,0.0,0.0,0.0,8.46015453338623,0.6015796661376953,19.395699501037598,0.0,0.0,0.0,0.0,8.036596298217773,0.6650676727294922,18.220497608184814,0.0,0.0,0.0,0.0,9.802001357078552,0.7361838817596436,22.116358399391174,0.0,0.0,0.0,0.0,10.005967259407043,0.7600574493408203,22.049319863319397,0.0,0.0,0.0,0.0,9.23304796218872,0.7240514755249023,21.31106424331665,0.0,0.0,0.0,0.0,8.163233995437622,0.6268405914306641,19.204775094985962,0.0,0.0,0.0,0.0,7.77802586555481,0.6763057708740234,18.60166573524475,0.0,0.0,0.0,0.0,7.223676681518555,0.6090106964111328,17.47948932647705,0.0,0.0,0.0,0.0,6.627834498882294,0.6921088695526123,16.560616970062256,0.0,0.0,0.0,0.0,6.313476085662842,0.586726188659668,15.709877967834473,0.014975547790527344,0.014975547790527344,0.5835533142089844,0.5985288619995117,6.306318879127502,0.5941524505615234,16.478174686431885,0.06979703903198242,0.2903614044189453,0.6124615669250488,0.6822586059570312,7.120221138000488,0.653313159942627,18.487626016139984,0.17437314987182617,0.7104098796844482,0.6173744201660156,0.7917475700378418
25,hallucinated,41,0.775390625,12.992369413375854,0.949057400226593,35.130912601947784,0.00981992483139038,0.019626140594482422,0.9421854019165039,0.9520053267478943,12.107097089290619,0.909480631351471,30.72893238067627,0.0049967169761657715,0.010820508003234863,0.8628094792366028,0.8678061962127686,10.992520034313202,0.8562315106391907,27.864936530590057,0.0,0.0,0.0,0.0,1.9328842163085938,0.4286060333251953,6.183843612670898,0.0,0.0,0.0,0.0,1.4541435241699219,0.3429527282714844,4.774397373199463,0.0,0.0,0.0,0.0,1.9692192077636719,0.368408203125,5.990428924560547,0.0,0.0,0.0,0.0,3.073657989501953,0.4527902603149414,8.973921298980713,0.0,0.0,0.0,0.0,3.6654820442199707,0.4938220977783203,10.439810872077942,0.0,0.0,0.0,0.0,4.379344940185547,0.533050537109375,12.165483713150024,0.0,0.0,0.0,0.0,6.128583908081055,0.6964535713195801,17.97773027420044,0.0,0.0,0.0,0.0,6.611929416656494,0.5965428352355957,17.54747438430786,0.0,0.0,0.0,0.0,6.565771579742432,0.6650676727294922,16.749672889709473,0.0,0.0,0.0,0.0,7.6579155921936035,0.7361838817596436,19.972272634506226,0.0,0.0,0.0,0.0,7.779089152812958,0.7600574493408203,19.82244175672531,0.0,0.0,0.0,0.0,7.590129852294922,0.7240514755249023,19.66814613342285,0.0,0.0,0.0,0.0,6.9346044063568115,0.6268405914306641,17.97614550590515,0.0,0.0,0.0,0.0,6.660952091217041,0.6763057708740234,17.484591960906982,0.0,0.0,0.0,0.0,5.960318565368652,0.5883064270019531,16.21613121032715,0.0,0.0,0.0,0.0,5.531364798545837,0.6921088695526123,15.4641472697258,0.0,0.0,0.0,0.0,5.007707118988037,0.593958854675293,14.404109001159668,0.014975547790527344,0.014975547790527344,0.5835533142089844,0.5985288619995117,5.217373847961426,0.5941524505615234,15.389229655265808,0.06979703903198242,0.2903614044189453,0.6124615669250488,0.6822586059570312,5.958846032619476,0.653313159942627,17.326250910758972,0.17437314987182617,0.7104098796844482,0.6173744201660156,0.7917475700378418
26,grounded,47,0.80712890625,15.807027161121368,0.9472187757492065,40.72849100828171,0.00893491506576538,0.016982316970825195,0.9492841958999634,0.9582191109657288,14.8944753408432,0.9260609149932861,36.25975024700165,0.0272558331489563,0.07052057981491089,0.8746310472488403,0.9018868803977966,13.637807071208954,0.867868959903717,33.008415162563324,0.0041634440422058105,0.0041634440422058105,0.8552379608154297,0.8594014048576355,2.2284507751464844,0.43908119201660156,7.073095321655273,0.0,0.0,0.0,0.0,1.7482719421386719,0.34938621520996094,5.478267192840576,0.0,0.0,0.0,0.0,2.214641571044922,0.3819847106933594,6.6219329833984375,0.0,0.0,0.0,0.0,3.4818267822265625,0.4537029266357422,9.951265573501587,0.0,0.0,0.0,0.0,3.5149974822998047,0.4995861053466797,10.70010244846344,0.0,0.0,0.0,0.0,5.020595550537109,0.533050537109375,13.565660953521729,0.0,0.0,0.0,0.0,7.404107093811035,0.7004728317260742,20.453158378601074,0.0,0.0,0.0,0.0,7.784428596496582,0.5956239700317383,19.90120220184326,0.0,0.0,0.0,0.0,7.095759391784668,0.6626052856445312,17.97984218597412,0.0,0.0,0.0,0.0,8.35166311264038,0.7368669509887695,21.409440279006958,0.0,0.0,0.0,0.0,8.70189118385315,0.7798528671264648,21.59626030921936,0.0,0.0,0.0,0.0,9.195930480957031,0.7992620468139648,22.16038942337036,0.0,0.0,0.0,0.0,8.32729721069336,0.6728830337524414,20.43536901473999,0.0,0.0,0.0,0.0,7.933345556259155,0.6731548309326172,19.574983060359955,0.0,0.0,0.0,0.0,7.477957248687744,0.6819257736206055,18.728251457214355,0.0,0.0,0.0,0.0,6.599184691905975,0.7080059051513672,17.364496886730194,0.0,0.0,0.0,0.0,6.315340518951416,0.6887989044189453,16.587326049804688,0.0,0.0,0.0,0.0,6.413824200630188,0.6512206792831421,17.727709412574768,0.06276226043701172,0.24812555313110352,0.6194963455200195,0.6822586059570312,7.083745062351227,0.6959447860717773,19.72973930835724,0.1835646629333496,0.7968053817749023,0.6081829071044922,0.7917475700378418
26,hallucinated,45,0.81298828125,13.892643511295319,0.9461061358451843,38.81410735845566,0.00893491506576538,0.016982316970825195,0.9492841958999634,0.9582191109657288,13.193356215953827,0.9264061450958252,34.55531442165375,0.025552451610565186,0.10301095247268677,0.8763344287872314,0.9018868803977966,12.292092502117157,0.8725534081459045,31.659466683864594,0.00892704725265503,0.00892704725265503,0.8504743576049805,0.8594014048576355,2.4340362548828125,0.43908119201660156,7.278680801391602,0.0,0.0,0.0,0.0,1.8126907348632812,0.34938621520996094,5.5426859855651855,0.0,0.0,0.0,0.0,2.098968505859375,0.3819847106933594,6.506259918212891,0.0,0.0,0.0,0.0,3.3724937438964844,0.4537029266357422,9.841932535171509,0.0,0.0,0.0,0.0,3.6460113525390625,0.4995861053466797,10.831116318702698,0.0,0.0,0.0,0.0,4.641029357910156,0.533050537109375,13.186094760894775,0.0,0.0,0.0,0.0,6.802065849304199,0.7004728317260742,19.85111713409424,0.0,0.0,0.0,0.0,7.187767028808594,0.5880565643310547,19.304540634155273,0.0,0.0,0.0,0.0,6.550948143005371,0.6626052856445312,17.435030937194824,0.0,0.0,0.0,0.0,8.426923751831055,0.7582955360412598,21.484700918197632,0.0,0.0,0.0,0.0,8.337013244628906,0.7798528671264648,21.231382369995117,0.0,0.0,0.0,0.0,8.734410285949707,0.7891168594360352,21.698869228363037,0.0,0.0,0.0,0.0,7.868255972862244,0.6550849676132202,19.976327776908875,0.0,0.0,0.0,0.0,7.639542579650879,0.6626219749450684,19.28118008375168,0.0,0.0,0.0,0.0,6.882977247238159,0.6227302551269531,18.13327145576477,0.0,0.0,0.0,0.0,6.169187784194946,0.7080059051513672,16.934499979019165,0.0,0.0,0.0,0.0,6.042973756790161,0.6397089958190918,16.314959287643433,0.0,0.0,0.0,0.0,6.217052936553955,0.6176252365112305,17.530938148498535,0.06276226043701172,0.24812555313110352,0.6194963455200195,0.6822586059570312,6.850188374519348,0.6959447860717773,19.49618262052536,0.1835646629333496,0.8108854293823242,0.6081829071044922,0.7917475700378418
27,grounded,45,0.779296875,15.81601220369339,0.9479553699493408,38.854367196559906,0.02019798755645752,0.03304719924926758,0.9320130348205566,0.9522110223770142,14.6465283036232,0.8995633125305176,33.644000470638275,0.0111769437789917,0.034524738788604736,0.8299922943115234,0.8411692380905151,13.789828062057495,0.8525640368461609,30.83219474554062,0.0,0.0,0.0,0.0,2.633148193359375,0.4332160949707031,7.296012878417969,0.0,0.0,0.0,0.0,2.0988998413085938,0.34731292724609375,5.538005828857422,0.0,0.0,0.0,0.0,2.8611602783203125,0.3773365020751953,7.022905349731445,0.0,0.0,0.0,0.0,3.893545150756836,0.4396028518676758,9.791673183441162,0.0,0.0,0.0,0.0,4.349011421203613,0.49369049072265625,11.31305468082428,0.0,0.0,0.0,0.0,6.004295349121094,0.533050537109375,14.301674365997314,0.0,0.0,0.0,0.0,7.921517848968506,0.6919856071472168,20.61980628967285,0.0,0.0,0.0,0.0,8.170635223388672,0.5767230987548828,19.843303203582764,0.0,0.0,0.0,0.0,7.320134162902832,0.6423854827880859,18.566088676452637,0.0,0.0,0.0,0.0,8.051978588104248,0.7400369644165039,21.69722604751587,0.0,0.0,0.0,0.0,8.510519981384277,0.7494645118713379,21.66029393672943,0.0,0.0,0.0,0.0,8.1735999584198,0.7177371978759766,21.65188717842102,0.0,0.0,0.0,0.0,7.602178931236267,0.644007682800293,19.99413573741913,0.0,0.0,0.0,0.0,7.928590536117554,0.6453990936279297,19.98268163204193,0.0,0.0,0.0,0.0,7.406122207641602,0.6082420349121094,18.639628410339355,0.0,0.0,0.0,0.0,6.803085446357727,0.6801891326904297,17.63054782152176,0.0,0.0,0.0,0.0,7.041753768920898,0.6098880767822266,17.502649545669556,0.009150505065917969,0.009150505065917969,0.5893783569335938,0.5985288619995117,7.264471054077148,0.5914993286132812,18.35711932182312,0.06803369522094727,0.2774372100830078,0.614224910736084,0.6822586059570312,8.119691133499146,0.6486167907714844,20.191734313964844,0.17041349411010742,0.9326419830322266,0.6213340759277344,0.7917475700378418
27,hallucinated,44,0.7744140625,14.868474841117859,0.9478225708007812,37.906829833984375,0.02019798755645752,0.03304719924926758,0.9320130348205566,0.9522110223770142,13.78076022863388,0.8942342400550842,32.778232395648956,0.0111769437789917,0.03235149383544922,0.8299922943115234,0.8411692380905151,12.86155891418457,0.8525640368461609,29.903925597667694,0.0,0.0,0.0,0.0,2.4739837646484375,0.4332160949707031,7.136848449707031,0.0,0.0,0.0,0.0,2.023529052734375,0.34731292724609375,5.462635040283203,0.0,0.0,0.0,0.0,2.601654052734375,0.3773365020751953,6.763399124145508,0.0,0.0,0.0,0.0,3.7571468353271484,0.4396028518676758,9.655274868011475,0.0,0.0,0.0,0.0,4.138102293014526,0.49369049072265625,11.102145552635193,0.0,0.0,0.0,0.0,5.703346252441406,0.533050537109375,14.000725269317627,0.0,0.0,0.0,0.0,7.364396572113037,0.6919856071472168,20.062685012817383,0.0,0.0,0.0,0.0,7.726856231689453,0.5767230987548828,19.399524211883545,0.0,0.0,0.0,0.0,6.962501525878906,0.6423854827880859,18.20845603942871,0.0,0.0,0.0,0.0,7.713496685028076,0.7400369644165039,21.358744144439697,0.0,0.0,0.0,0.0,8.188684940338135,0.7494645118713379,21.33845889568329,0.0,0.0,0.0,0.0,7.805465221405029,0.7177371978759766,21.28375244140625,0.0,0.0,0.0,0.0,7.2602845430374146,0.644007682800293,19.652241349220276,0.0,0.0,0.0,0.0,7.589376449584961,0.6453990936279297,19.64346754550934,0.0,0.0,0.0,0.0,7.060281753540039,0.6082420349121094,18.293787956237793,0.0,0.0,0.0,0.0,6.503090023994446,0.6801891326904297,17.330552399158478,0.0,0.0,0.0,0.0,6.687365531921387,0.6098880767822266,17.148261308670044,0.009150505065917969,0.009150505065917969,0.5893783569335938,0.5985288619995117,6.885235786437988,0.5914993286132812,17.97788405418396,0.06803369522094727,0.2774372100830078,0.614224910736084,0.6822586059570312,7.687947869300842,0.6633127927780151,19.75999104976654,0.17041349411010742,0.9326419830322266,0.6213340759277344,0.7917475700378418
28,grounded,52,0.75830078125,14.048299849033356,0.947582483291626,45.51080000400543,0.012237608432769775,0.029761910438537598,0.9360422492027283,0.948279857635498,13.192062258720398,0.9103457927703857,39.270571768283844,0.021838665008544922,0.1030990481376648,0.855768084526062,0.8776067495346069,12.513134241104126,0.8684682846069336,35.69263696670532,0.0,0.0,0.0,0.0,2.6927719116210938,0.4433403015136719,8.607864379882812,0.0,0.0,0.0,0.0,1.7203521728515625,0.34960174560546875,5.859912395477295,0.0,0.0,0.0,0.0,2.7145023345947266,0.39667415618896484,7.764632225036621,0.0,0.0,0.0,0.0,3.4688758850097656,0.4536256790161133,11.322734594345093,0.0,0.0,0.0,0.0,4.093097686767578,0.5186710357666016,12.973335862159729,0.0,0.0,0.0,0.0,4.693321228027344,0.533050537109375,15.518714666366577,0.0,0.0,0.0,0.0,7.123126029968262,0.7160534858703613,23.570499897003174,0.0,0.0,0.0,0.0,7.205131530761719,0.6153411865234375,23.016971588134766,0.0,0.0,0.0,0.0,6.88887882232666,0.6612014770507812,22.226476669311523,0.0,0.0,0.0,0.0,7.658655166625977,0.7562265396118164,25.66209864616394,0.0,0.0,0.0,0.0,7.436987519264221,0.7587888240814209,24.80764865875244,0.0,0.0,0.0,0.0,7.187244415283203,0.7295928001403809,25.32713270187378,0.0,0.0,0.0,0.0,6.417440414428711,0.6638514995574951,23.08467984199524,0.0,0.0,0.0,0.0,6.516046524047852,0.6855659484863281,22.29978597164154,0.0,0.0,0.0,0.0,5.754892349243164,0.6068267822265625,20.3040931224823,0.0,0.0,0.0,0.0,5.145720481872559,0.6817421913146973,19.275173544883728,0.0,0.0,0.0,0.0,5.130292892456055,0.6028690338134766,18.706304728984833,0.0027399063110351562,0.0027399063110351562,0.5957889556884766,0.5985288619995117,5.729821801185608,0.6044158935546875,19.85727995634079,0.09288692474365234,0.32706212997436523,0.5893716812133789,0.6822586059570312,6.3407062292099,0.689842700958252,22.470894038677216,0.17293882369995117,0.7694213390350342,0.6188087463378906,0.7917475700378418
28,hallucinated,51,0.76025390625,13.078548669815063,0.9452547430992126,44.54104882478714,0.012237608432769775,0.03514206409454346,0.9360422492027283,0.948279857635498,12.345028400421143,0.9147117137908936,38.42353790998459,0.021838665008544922,0.1141430139541626,0.855768084526062,0.8776067495346069,11.728354215621948,0.8691349029541016,34.907856941223145,0.0,0.0,0.0,0.0,2.4811553955078125,0.4433403015136719,8.396247863769531,0.0,0.0,0.0,0.0,1.6998519897460938,0.34960174560546875,5.839412212371826,0.0,0.0,0.0,0.0,2.4812583923339844,0.39667415618896484,7.531388282775879,0.0,0.0,0.0,0.0,3.1549015045166016,0.4536256790161133,11.008760213851929,0.0,0.0,0.0,0.0,3.761585235595703,0.5186710357666016,12.641823410987854,0.0,0.0,0.0,0.0,4.4297637939453125,0.533050537109375,15.255157232284546,0.0,0.0,0.0,0.0,6.80790376663208,0.7160534858703613,23.255277633666992,0.0,0.0,0.0,0.0,7.001054763793945,0.6153411865234375,22.812894821166992,0.0,0.0,0.0,0.0,6.745281457901001,0.6612014770507812,22.082879304885864,0.0,0.0,0.0,0.0,7.506692886352539,0.7562265396118164,25.510136365890503,0.0,0.0,0.0,0.0,7.409212172031403,0.7587888240814209,24.779873311519623,0.0,0.0,0.0,0.0,7.225536346435547,0.7295928001403809,25.365424633026123,0.0,0.0,0.0,0.0,6.065344333648682,0.6638514995574951,22.73258376121521,0.0,0.0,0.0,0.0,6.196626663208008,0.6855659484863281,21.980366110801697,0.0,0.0,0.0,0.0,5.559055328369141,0.6068267822265625,20.108256101608276,0.0,0.0,0.0,0.0,5.145321846008301,0.6817421913146973,19.27477490901947,0.0,0.0,0.0,0.0,4.968417167663574,0.6028690338134766,18.544429004192352,0.0027399063110351562,0.0027399063110351562,0.5957889556884766,0.5985288619995117,5.324489772319794,0.6044158935546875,19.451947927474976,0.09288692474365234,0.32706212997436523,0.5893716812133789,0.6822586059570312,6.048256516456604,0.689842700958252,22.17844432592392,0.17293882369995117,0.7694213390350342,0.6188087463378906,0.7917475700378418
29,grounded,47,0.7822265625,9.260451138019562,0.9445793628692627,40.83446252346039,0.014417767524719238,0.014417767524719238,0.9499120712280273,0.9643298387527466,8.693106234073639,0.9033293724060059,35.61865931749344,0.023656487464904785,0.07328367233276367,0.8530339002609253,0.8766903877258301,8.085596680641174,0.8567483425140381,32.30520248413086,0.00708615779876709,0.00708615779876709,0.8660459518432617,0.8731321096420288,1.5761566162109375,0.44263648986816406,7.765501022338867,0.0,0.0,0.0,0.0,1.1719512939453125,0.34990692138671875,5.524331092834473,0.0,0.0,0.0,0.0,1.580322265625,0.3857154846191406,7.256647109985352,0.0,0.0,0.0,0.0,2.24102783203125,0.4547004699707031,10.266241073608398,0.0,0.0,0.0,0.0,2.98175048828125,0.4968681335449219,11.88702642917633,0.0,0.0,0.0,0.0,3.3547706604003906,0.533050537109375,14.36876893043518,0.0,0.0,0.0,0.0,5.075553894042969,0.7072901725769043,21.597910404205322,0.0,0.0,0.0,0.0,5.48798942565918,0.5952510833740234,21.1663875579834,0.0,0.0,0.0,0.0,5.961578369140625,0.6768360137939453,20.267826080322266,0.0,0.0,0.0,0.0,6.636083364486694,0.7390450239181519,22.93882715702057,0.0,0.0,0.0,0.0,7.202449321746826,0.7612638473510742,23.40110158920288,0.0,0.0,0.0,0.0,7.423409283161163,0.7946044206619263,23.559161961078644,0.0,0.0,0.0,0.0,5.954589128494263,0.65511155128479,20.966596007347107,0.0,0.0,0.0,0.0,6.330730438232422,0.705554723739624,21.489174842834473,0.0,0.0,0.0,0.0,5.941903591156006,0.6472024917602539,20.478074312210083,0.01117706298828125,0.012790679931640625,0.5751495361328125,0.5863265991210938,6.069831132888794,0.70481276512146,19.593212246894836,0.03278350830078125,0.03278350830078125,0.5614089965820312,0.5941925048828125,5.634054660797119,0.6359138488769531,18.673789501190186,0.015969276428222656,0.015969276428222656,0.5825595855712891,0.5985288619995117,5.210569143295288,0.6271286010742188,19.644632697105408,0.0747385025024414,0.2421879768371582,0.6075201034545898,0.6822586059570312,5.5247392654418945,0.7117767333984375,21.696619033813477,0.16634321212768555,0.9659490585327148,0.6254043579101562,0.7917475700378418
29,hallucinated,60,0.85546875,21.55487722158432,0.952427864074707,53.12888860702515,0.014417767524719238,0.014417767524719238,0.9499120712280273,0.9643298387527466,20.332141995429993,0.932817816734314,47.25094270706177,0.023656487464904785,0.1183081865310669,0.8530339002609253,0.8766903877258301,19.085839211940765,0.8854749202728271,43.32016974687576,0.0022243261337280273,0.0022243261337280273,0.8709077835083008,0.8731321096420288,3.709186553955078,0.44263648986816406,9.898530960083008,0.0,0.0,0.0,0.0,2.391155242919922,0.34990692138671875,6.743535041809082,0.0,0.0,0.0,0.0,3.3848876953125,0.3857154846191406,9.061212539672852,0.0,0.0,0.0,0.0,5.150522232055664,0.4547004699707031,13.175735473632812,0.0,0.0,0.0,0.0,6.070028305053711,0.4968681335449219,14.975304245948792,0.0,0.0,0.0,0.0,7.777249336242676,0.533050537109375,18.791247606277466,0.0,0.0,0.0,0.0,10.422730445861816,0.7072901725769043,26.94508695602417,0.0,0.0,0.0,0.0,11.352116107940674,0.6040873527526855,27.030514240264893,0.0,0.0,0.0,0.0,10.564333438873291,0.7036809921264648,24.87058115005493,0.0,0.0,0.0,0.0,11.552148342132568,0.7631769180297852,27.854892134666443,0.0,0.0,0.0,0.0,11.819691181182861,0.7612638473510742,28.018343448638916,0.0,0.0,0.0,0.0,12.10932469367981,0.8226606845855713,28.24507737159729,0.0,0.0,0.0,0.0,11.334923923015594,0.6487040519714355,26.34693080186844,0.0,0.0,0.0,0.0,11.17919397354126,0.6808047294616699,26.33763837814331,0.0,0.0,0.0,0.0,10.414423942565918,0.6771950721740723,24.950594663619995,0.0,0.0,0.0,0.0,9.278521716594696,0.70481276512146,22.855110228061676,0.0,0.0,0.0,0.0,8.990633726119995,0.6898410320281982,22.03036856651306,0.0,0.0,0.0,0.0,9.599261283874512,0.6271286010742188,24.03332483768463,0.0747385025024414,0.2421879768371582,0.6075201034545898,0.6822586059570312,10.649335503578186,0.7117767333984375,26.821215271949768,0.16634321212768555,0.7454838752746582,0.6254043579101562,0.7917475700378418
30,grounded,52,0.70263671875,19.638225257396698,0.9538522958755493,45.49382412433624,0.009126782417297363,0.026487886905670166,0.9435241222381592,0.9526509046554565,18.41770213842392,0.9174981117248535,40.36353600025177,0.020385384559631348,0.04430598020553589,0.8396189212799072,0.8600043058395386,17.02115422487259,0.8787499666213989,36.91196233034134,0.0,0.0,0.0,0.0,2.7728843688964844,0.43724632263183594,7.697881698608398,0.0,0.0,0.0,0.0,2.0091781616210938,0.35242462158203125,5.767165541648865,0.0,0.0,0.0,0.0,2.857013702392578,0.38795948028564453,7.636786460876465,0.0,0.0,0.0,0.0,4.56657600402832,0.4619255065917969,11.404529094696045,0.0,0.0,0.0,0.0,5.810550212860107,0.486785888671875,13.278593182563782,0.0,0.0,0.0,0.0,6.804174423217773,0.533050537109375,15.740803003311157,0.0,0.0,0.0,0.0,9.463445663452148,0.6926207542419434,23.11798334121704,0.0,0.0,0.0,0.0,10.673245906829834,0.6208553314208984,23.80388307571411,0.0,0.0,0.0,0.0,9.79532527923584,0.6807308197021484,21.474974632263184,0.0,0.0,0.0,0.0,12.20521593093872,0.7809977531433105,26.508548498153687,0.0,0.0,0.0,0.0,12.164310216903687,0.7873120307922363,26.461809396743774,0.0,0.0,0.0,0.0,11.96086072921753,0.8299989700317383,26.08547306060791,0.0,0.0,0.0,0.0,10.656044125556946,0.6806573867797852,23.526742577552795,0.0,0.0,0.0,0.0,10.41158926486969,0.6936197280883789,22.833431243896484,0.0,0.0,0.0,0.0,10.239564716815948,0.73272705078125,22.090652763843536,0.0,0.0,0.0,0.0,9.451000809669495,0.7056257724761963,20.795749604701996,0.0,0.0,0.0,0.0,8.97087025642395,0.6921825408935547,19.92772078514099,0.0,0.0,0.0,0.0,8.945424795150757,0.6343426704406738,20.77170205116272,0.06584930419921875,0.2884397506713867,0.6164093017578125,0.6822586059570312,10.279380142688751,0.715428352355957,23.208514630794525,0.17689085006713867,0.927884578704834,0.6148567199707031,0.7917475700378418
30,hallucinated,49,0.73828125,16.799874007701874,0.9481900930404663,42.65547287464142,0.009126782417297363,0.02792227268218994,0.9435241222381592,0.9526509046554565,15.750347554683685,0.921759843826294,37.70863401889801,0.030029654502868652,0.07296079397201538,0.8696048259735107,0.8996344804763794,14.50488930940628,0.8709760904312134,34.384863674640656,0.0,0.0,0.0,0.0,2.3171119689941406,0.43724632263183594,7.242109298706055,0.0,0.0,0.0,0.0,1.77911376953125,0.35242462158203125,5.537101149559021,0.0,0.0,0.0,0.0,2.5323944091796875,0.38795948028564453,7.312167167663574,0.0,0.0,0.0,0.0,3.89105224609375,0.4619255065917969,10.729005336761475,0.0,0.0,0.0,0.0,4.687768936157227,0.486785888671875,12.1558119058609,0.0,0.0,0.0,0.0,5.573711395263672,0.533050537109375,14.510339975357056,0.0,0.0,0.0,0.0,7.600212097167969,0.6926207542419434,21.25474977493286,0.0,0.0,0.0,0.0,8.731173038482666,0.6297664642333984,21.861810207366943,0.0,0.0,0.0,0.0,8.09069013595581,0.6693782806396484,19.770339488983154,0.0,0.0,0.0,0.0,10.13534951210022,0.7761232852935791,24.438682079315186,0.0,0.0,0.0,0.0,10.474549293518066,0.7873120307922363,24.772048473358154,0.0,0.0,0.0,0.0,9.855896472930908,0.8259329795837402,23.98050880432129,0.0,0.0,0.0,0.0,8.720503807067871,0.6728315353393555,21.59120225906372,0.0,0.0,0.0,0.0,8.542290329933167,0.6977519989013672,20.96413230895996,0.0,0.0,0.0,0.0,8.379711151123047,0.7150306701660156,20.230799198150635,0.0,0.0,0.0,0.0,7.779598772525787,0.7217310667037964,19.12434756755829,0.0,0.0,0.0,0.0,7.391758441925049,0.7011928558349609,18.34860897064209,0.0,0.0,0.0,0.0,7.220765590667725,0.6477649211883545,19.047042846679688,0.06584930419921875,0.2884397506713867,0.6164093017578125,0.6822586059570312,8.113262414932251,0.6854534149169922,21.042396903038025,0.17689085006713867,0.9046211242675781,0.6148567199707031,0.7917475700378418
31,grounded,45,0.83984375,13.962447702884674,0.9504872560501099,38.91271698474884,0.014963209629058838,0.023711681365966797,0.9421794414520264,0.9571426510810852,13.104187309741974,0.91354900598526,34.25733304023743,0.024039864540100098,0.0645594596862793,0.8377430438995361,0.8617829084396362,12.484280288219452,0.8849115371704102,31.991952121257782,0.0,0.0,0.0,0.0,2.1721878051757812,0.43416595458984375,6.885349273681641,0.0,0.0,0.0,0.0,1.7700920104980469,0.34926795959472656,5.372833251953125,0.0,0.0,0.0,0.0,2.1650314331054688,0.3739757537841797,6.617250442504883,0.0,0.0,0.0,0.0,3.9046688079833984,0.46114253997802734,10.579293131828308,0.0,0.0,0.0,0.0,3.822694778442383,0.47722625732421875,11.078489899635315,0.0,0.0,0.0,0.0,5.232112884521484,0.533050537109375,14.080254316329956,0.0,0.0,0.0,0.0,7.234077453613281,0.6952347755432129,20.87955617904663,0.0,0.0,0.0,0.0,7.4349822998046875,0.5904769897460938,19.846731185913086,0.0,0.0,0.0,0.0,7.47884464263916,0.674565315246582,19.332782745361328,0.0,0.0,0.0,0.0,8.347787618637085,0.7256906032562256,22.234838485717773,0.0,0.0,0.0,0.0,8.800040483474731,0.7526402473449707,22.36673092842102,0.0,0.0,0.0,0.0,8.916623592376709,0.7418315410614014,22.977155923843384,0.0,0.0,0.0,0.0,8.347994327545166,0.6444778442382812,21.325730562210083,0.0,0.0,0.0,0.0,7.639334201812744,0.6738643646240234,20.210634887218475,0.0,0.0,0.0,0.0,7.152031898498535,0.6135902404785156,18.736498832702637,0.0,0.0,0.0,0.0,6.355870246887207,0.6629080772399902,17.575749456882477,0.0,0.0,0.0,0.0,6.053085088729858,0.6210317611694336,16.90470242500305,0.0,0.0,0.0,0.0,5.710371255874634,0.6103248596191406,17.483852863311768,0.07275676727294922,0.3046441078186035,0.609501838684082,0.6822586059570312,6.578667640686035,0.6410036087036133,19.651973247528076,0.16614866256713867,0.7721066474914551,0.6255989074707031,0.7917475700378418
31,hallucinated,45,0.84716796875,13.95174103975296,0.9492319822311401,38.90201032161713,0.014963209629058838,0.023711681365966797,0.9421794414520264,0.9571426510810852,13.101504981517792,0.9130370020866394,34.252447724342346,0.024039864540100098,0.07885515689849854,0.8377430438995361,0.8617829084396362,12.45042473077774,0.8854975700378418,31.945525228977203,0.0,0.0,0.0,0.0,2.28594970703125,0.43416595458984375,6.999111175537109,0.0,0.0,0.0,0.0,1.9149742126464844,0.34926795959472656,5.5177154541015625,0.0,0.0,0.0,0.0,2.2992210388183594,0.3739757537841797,6.751440048217773,0.0,0.0,0.0,0.0,3.9723052978515625,0.46114253997802734,10.646929621696472,0.0,0.0,0.0,0.0,3.9610767364501953,0.47722625732421875,11.216871857643127,0.0,0.0,0.0,0.0,5.309364318847656,0.533050537109375,14.157505750656128,0.0,0.0,0.0,0.0,7.499814987182617,0.6952347755432129,21.145293712615967,0.0,0.0,0.0,0.0,7.830970764160156,0.6054668426513672,20.242719650268555,0.0,0.0,0.0,0.0,7.6909260749816895,0.6514148712158203,19.544864177703857,0.0,0.0,0.0,0.0,8.991698741912842,0.7222628593444824,22.87874960899353,0.0,0.0,0.0,0.0,9.27727460861206,0.7618074417114258,22.84396505355835,0.0,0.0,0.0,0.0,9.360209465026855,0.7418315410614014,23.42074179649353,0.0,0.0,0.0,0.0,8.85797381401062,0.6459746360778809,21.835710048675537,0.0,0.0,0.0,0.0,8.105726599693298,0.6738643646240234,20.67702728509903,0.0,0.0,0.0,0.0,7.658237934112549,0.6227960586547852,19.24270486831665,0.0,0.0,0.0,0.0,7.104734659194946,0.6629080772399902,18.324613869190216,0.0,0.0,0.0,0.0,6.28371000289917,0.6210317611694336,17.135327339172363,0.0,0.0,0.0,0.0,6.303837060928345,0.6103248596191406,18.07731866836548,0.07275676727294922,0.3046441078186035,0.609501838684082,0.6822586059570312,7.037212371826172,0.6410036087036133,20.110517978668213,0.16614866256713867,0.7721066474914551,0.6255989074707031,0.7917475700378418
32,grounded,42,0.744140625,14.884113609790802,0.9492598176002502,36.02782368659973,0.02531200647354126,0.03811436891555786,0.9257117509841919,0.9510237574577332,13.695141196250916,0.8900699615478516,31.522843897342682,0.021129846572875977,0.0305672287940979,0.8189516067504883,0.8400814533233643,12.47641921043396,0.854219913482666,28.518239498138428,0.0,0.0,0.0,0.0,2.2642974853515625,0.42641258239746094,6.562555313110352,0.0,0.0,0.0,0.0,1.7286567687988281,0.3353614807128906,4.8137911558151245,0.0,0.0,0.0,0.0,1.893463134765625,0.37670135498046875,5.628177642822266,0.0,0.0,0.0,0.0,3.667766571044922,0.44984912872314453,9.22239077091217,0.0,0.0,0.0,0.0,4.279041290283203,0.4710540771484375,10.812674164772034,0.0,0.0,0.0,0.0,4.984832763671875,0.533050537109375,12.609187364578247,0.0,0.0,0.0,0.0,7.111927032470703,0.6963534355163574,18.53738832473755,0.0,0.0,0.0,0.0,7.723371982574463,0.5841331481933594,18.152435779571533,0.0,0.0,0.0,0.0,7.18755578994751,0.6321983337402344,17.23561716079712,0.0,0.0,0.0,0.0,8.961818218231201,0.7453312873840332,20.919559001922607,0.0,0.0,0.0,0.0,9.489771842956543,0.7186946868896484,21.198644638061523,0.0,0.0,0.0,0.0,9.375094652175903,0.7610821723937988,21.159003496170044,0.0,0.0,0.0,0.0,7.958515644073486,0.6287484169006348,18.86747932434082,0.0,0.0,0.0,0.0,7.679148077964783,0.6540999412536621,18.522907853126526,0.0,0.0,0.0,0.0,6.867910385131836,0.5826358795166016,16.866982460021973,0.0,0.0,0.0,0.0,6.2235565185546875,0.6551485061645508,16.09596598148346,0.0,0.0,0.0,0.0,5.807549476623535,0.5900964736938477,15.319955587387085,0.010445594787597656,0.014118194580078125,0.5880832672119141,0.5985288619995117,5.605165004730225,0.5971622467041016,15.574964761734009,0.06455421447753906,0.26678895950317383,0.6177043914794922,0.6822586059570312,6.186895370483398,0.663731575012207,17.21648859977722,0.18131017684936523,0.850440502166748,0.6104373931884766,0.7917475700378418
32,hallucinated,41,0.7197265625,13.943878591060638,0.9488311409950256,35.08758866786957,0.02531200647354126,0.03811436891555786,0.9257117509841919,0.9510237574577332,12.946678221225739,0.9024479389190674,30.76242733001709,0.021129846572875977,0.036503612995147705,0.8189516067504883,0.8400814533233643,12.004118204116821,0.8722925186157227,28.06100642681122,0.0,0.0,0.0,0.0,2.0724945068359375,0.42641258239746094,6.370752334594727,0.0,0.0,0.0,0.0,1.39111328125,0.3353614807128906,4.476247668266296,0.0,0.0,0.0,0.0,1.9161911010742188,0.37670135498046875,5.650905609130859,0.0,0.0,0.0,0.0,3.0743236541748047,0.44984912872314453,8.628947854042053,0.0,0.0,0.0,0.0,3.8908939361572266,0.4710540771484375,10.424526810646057,0.0,0.0,0.0,0.0,4.82502555847168,0.533050537109375,12.449380159378052,0.0,0.0,0.0,0.0,6.769466400146484,0.6963534355163574,18.19492769241333,0.0,0.0,0.0,0.0,7.295672416687012,0.5841331481933594,17.724736213684082,0.0,0.0,0.0,0.0,7.015162467956543,0.6321983337402344,17.063223838806152,0.0,0.0,0.0,0.0,8.507232308387756,0.7453312873840332,20.464973092079163,0.0,0.0,0.0,0.0,9.158362865447998,0.7186946868896484,20.86723566055298,0.0,0.0,0.0,0.0,8.749273777008057,0.7427740097045898,20.533182621002197,0.0,0.0,0.0,0.0,7.936723709106445,0.6400413513183594,18.84568738937378,0.0,0.0,0.0,0.0,7.706549406051636,0.6540999412536621,18.55030918121338,0.0,0.0,0.0,0.0,7.127546310424805,0.587895393371582,17.12661838531494,0.0,0.0,0.0,0.0,6.394992470741272,0.6551485061645508,16.267401933670044,0.0,0.0,0.0,0.0,5.867593765258789,0.5900964736938477,15.379999876022339,0.010445594787597656,0.014118194580078125,0.5880832672119141,0.5985288619995117,5.602350234985352,0.5971622467041016,15.572149991989136,0.06455421447753906,0.26678895950317383,0.6177043914794922,0.6822586059570312,6.603537559509277,0.663731575012207,17.6331307888031,0.18131017684936523,0.850440502166748,0.6104373931884766,0.7917475700378418
33,grounded,37,0.7529296875,10.158236145973206,0.9358461499214172,31.289909422397614,0.018638193607330322,0.03034156560897827,0.9325981140136719,0.9512363076210022,9.495493054389954,0.8951514959335327,27.79541438817978,0.02071094512939453,0.026013076305389404,0.8298814296722412,0.8505923748016357,8.720778703689575,0.8480509519577026,25.308342814445496,0.0,0.0,0.0,0.0,1.428375244140625,0.4311180114746094,5.7065887451171875,0.0,0.0,0.0,0.0,0.9882354736328125,0.3436412811279297,4.040058970451355,0.0,0.0,0.0,0.0,1.359588623046875,0.36968994140625,5.098529815673828,0.0,0.0,0.0,0.0,2.1122970581054688,0.4435462951660156,7.4291030168533325,0.0,0.0,0.0,0.0,2.51177978515625,0.45395660400390625,8.669458985328674,0.0,0.0,0.0,0.0,3.451702117919922,0.533050537109375,10.930093765258789,0.0,0.0,0.0,0.0,4.780461311340332,0.6913371086120605,16.166598796844482,0.0,0.0,0.0,0.0,5.284420013427734,0.5874481201171875,15.696809768676758,0.0,0.0,0.0,0.0,5.036988735198975,0.6428165435791016,15.299449443817139,0.0,0.0,0.0,0.0,5.764352083206177,0.7365856170654297,17.91097378730774,0.0,0.0,0.0,0.0,6.447829723358154,0.7447805404663086,18.239400386810303,0.0,0.0,0.0,0.0,6.413029432296753,0.7434728145599365,18.548006296157837,0.0,0.0,0.0,0.0,5.488879203796387,0.6290874481201172,16.759758949279785,0.0,0.0,0.0,0.0,5.288915634155273,0.6656151413917542,16.28722906112671,0.0,0.0,0.0,0.0,5.24043083190918,0.5807285308837891,15.589727401733398,0.0,0.0,0.0,0.0,4.967646420001984,0.6913900375366211,15.228076159954071,0.0,0.0,0.0,0.0,4.4507904052734375,0.6331400871276855,14.286880493164062,0.010075569152832031,0.010075569152832031,0.5884532928466797,0.5985288619995117,4.101353168487549,0.6067562103271484,14.423020839691162,0.06875371932983398,0.2789907455444336,0.6135048866271973,0.6822586059570312,4.688116073608398,0.636688232421875,16.116463899612427,0.18050909042358398,0.8142547607421875,0.6112384796142578,0.7917475700378418
33,hallucinated,40,0.76220703125,12.95690244436264,0.951300859451294,34.08857572078705,0.018638193607330322,0.03225564956665039,0.9325981140136719,0.9512363076210022,12.195002734661102,0.8939292430877686,30.494924068450928,0.02071094512939453,0.026013076305389404,0.8298814296722412,0.8505923748016357,10.980610609054565,0.8480509519577026,27.568174719810486,0.0,0.0,0.0,0.0,1.7863311767578125,0.4311180114746094,6.064544677734375,0.0,0.0,0.0,0.0,1.221099853515625,0.3436412811279297,4.2729233503341675,0.0,0.0,0.0,0.0,1.8152084350585938,0.36968994140625,5.554149627685547,0.0,0.0,0.0,0.0,2.7151336669921875,0.4435462951660156,8.031939625740051,0.0,0.0,0.0,0.0,2.9483795166015625,0.45395660400390625,9.106058716773987,0.0,0.0,0.0,0.0,4.270626068115234,0.533050537109375,11.749017715454102,0.0,0.0,0.0,0.0,5.968413352966309,0.6913371086120605,17.35455083847046,0.0,0.0,0.0,0.0,6.369856834411621,0.5874481201171875,16.782246589660645,0.0,0.0,0.0,0.0,5.751187801361084,0.6428165435791016,16.013648509979248,0.0,0.0,0.0,0.0,6.902704477310181,0.7365856170654297,19.049326181411743,0.0,0.0,0.0,0.0,7.445037841796875,0.7447805404663086,19.236608505249023,0.0,0.0,0.0,0.0,7.6731133460998535,0.7434728145599365,19.808090209960938,0.0,0.0,0.0,0.0,6.347169399261475,0.6290874481201172,17.618049144744873,0.0,0.0,0.0,0.0,5.976106643676758,0.6656151413917542,16.974420070648193,0.0,0.0,0.0,0.0,5.8143534660339355,0.5807285308837891,16.163650035858154,0.0,0.0,0.0,0.0,5.227658808231354,0.6913900375366211,15.488088548183441,0.0,0.0,0.0,0.0,5.06224250793457,0.6331400871276855,14.898332595825195,0.010075569152832031,0.010075569152832031,0.5884532928466797,0.5985288619995117,4.954973220825195,0.6067562103271484,15.276640892028809,0.06875371932983398,0.2789907455444336,0.6135048866271973,0.6822586059570312,5.379539489746094,0.636688232421875,16.807887315750122,0.18050909042358398,0.8142547607421875,0.6112384796142578,0.7917475700378418
34,grounded,44,0.73779296875,12.983404099941254,0.9388633966445923,37.8692861199379,0.01822376251220703,0.02763187885284424,0.938861608505249,0.957085371017456,12.116341531276703,0.8989613056182861,33.03210884332657,0.0259401798248291,0.0768551230430603,0.8329626321792603,0.8589028120040894,11.569364726543427,0.8797602653503418,30.905217587947845,0.0,0.0,0.0,0.0,1.9183425903320312,0.4398689270019531,6.742321014404297,0.0,0.0,0.0,0.0,1.4325141906738281,0.34836769104003906,4.957984089851379,0.0,0.0,0.0,0.0,2.03607177734375,0.37517547607421875,6.535289764404297,0.0,0.0,0.0,0.0,3.0779056549072266,0.43312740325927734,9.208881497383118,0.0,0.0,0.0,0.0,3.2919931411743164,0.4803962707519531,10.598878502845764,0.0,0.0,0.0,0.0,4.549539566040039,0.533050537109375,13.2781400680542,0.0,0.0,0.0,0.0,6.531857490539551,0.6868915557861328,19.772347450256348,0.0,0.0,0.0,0.0,6.967601776123047,0.5761966705322266,19.107340812683105,0.0,0.0,0.0,0.0,6.531518340110779,0.6411571502685547,18.202359557151794,0.0,0.0,0.0,0.0,7.693168640136719,0.7439308166503906,21.547855377197266,0.0,0.0,0.0,0.0,7.958974361419678,0.7197742462158203,21.319239139556885,0.0,0.0,0.0,0.0,8.270433187484741,0.7169246673583984,21.945690393447876,0.0,0.0,0.0,0.0,7.3471455574035645,0.6421775817871094,19.977181911468506,0.0,0.0,0.0,0.0,7.050315022468567,0.630131721496582,19.216723799705505,0.0,0.0,0.0,0.0,6.268204689025879,0.5850849151611328,17.479793548583984,0.0,0.0,0.0,0.0,6.231114864349365,0.6561460494995117,17.14763629436493,0.0,0.0,0.0,0.0,5.69468879699707,0.5917205810546875,16.40072512626648,0.02096080780029297,0.027276992797851562,0.5775680541992188,0.5985288619995117,5.648385047912598,0.6125469207763672,16.818841218948364,0.06061410903930664,0.287839412689209,0.6216444969177246,0.6822586059570312,5.714140892028809,0.6445083618164062,17.978191673755646,0.1971278190612793,0.8950004577636719,0.5946197509765625,0.7917475700378418
34,hallucinated,49,0.77587890625,17.696113884449005,0.9489527344703674,42.58199590444565,0.01822376251220703,0.029100894927978516,0.938861608505249,0.957085371017456,16.512140095233917,0.8925987482070923,37.42790740728378,0.0259401798248291,0.09064197540283203,0.8329626321792603,0.8589028120040894,15.705409526824951,0.8784811496734619,35.04126238822937,0.0,0.0,0.0,0.0,2.5044708251953125,0.4398689270019531,7.328449249267578,0.0,0.0,0.0,0.0,1.9282493591308594,0.34836769104003906,5.453719258308411,0.0,0.0,0.0,0.0,2.5352859497070312,0.37517547607421875,7.034503936767578,0.0,0.0,0.0,0.0,4.16508674621582,0.43312740325927734,10.296062588691711,0.0,0.0,0.0,0.0,4.623854637145996,0.4803962707519531,11.930739998817444,0.0,0.0,0.0,0.0,6.433504104614258,0.533050537109375,15.162104606628418,0.0,0.0,0.0,0.0,8.717689514160156,0.6868915557861328,21.958179473876953,0.0,0.0,0.0,0.0,9.304557800292969,0.5764389038085938,21.444296836853027,0.0,0.0,0.0,0.0,8.63153851032257,0.6411571502685547,20.302379727363586,0.0,0.0,0.0,0.0,10.211931943893433,0.7439308166503906,24.06661868095398,0.0,0.0,0.0,0.0,10.556391954421997,0.7197742462158203,23.916656732559204,0.0,0.0,0.0,0.0,10.80651068687439,0.6949138641357422,24.481767892837524,0.0,0.0,0.0,0.0,9.789266586303711,0.6506919860839844,22.419302940368652,0.0,0.0,0.0,0.0,8.881725788116455,0.6240818500518799,21.048134565353394,0.0,0.0,0.0,0.0,8.033164501190186,0.5850849151611328,19.24475336074829,0.0,0.0,0.0,0.0,7.7800750732421875,0.6561460494995117,18.69659650325775,0.0,0.0,0.0,0.0,7.150700569152832,0.5917205810546875,17.85673689842224,0.02096080780029297,0.027276992797851562,0.5775680541992188,0.5985288619995117,6.9694108963012695,0.6125469207763672,18.139867067337036,0.06061410903930664,0.287839412689209,0.6216444969177246,0.6822586059570312,7.324610710144043,0.6445083618164062,19.58866149187088,0.1971278190612793,0.8950004577636719,0.5946197509765625,0.7917475700378418
35,grounded,45,0.767578125,14.877931118011475,0.9455243349075317,38.790333569049835,0.015773534774780273,0.030003368854522705,0.9397963285446167,0.955569863319397,13.899901330471039,0.9086735248565674,34.21248257160187,0.019030094146728516,0.055419206619262695,0.8383603096008301,0.8573904037475586,13.016542553901672,0.8811869621276855,31.458677411079407,0.0,0.0,0.0,0.0,2.384552001953125,0.43707275390625,7.424289703369141,0.0,0.0,0.0,0.0,1.5400238037109375,0.3479633331298828,4.970536708831787,0.0,0.0,0.0,0.0,2.2410659790039062,0.3707466125488281,6.668132781982422,0.0,0.0,0.0,0.0,3.410320281982422,0.45014095306396484,9.69198739528656,0.0,0.0,0.0,0.0,3.601487636566162,0.4775581359863281,10.709388852119446,0.0,0.0,0.0,0.0,4.954403877258301,0.533050537109375,13.487755298614502,0.0,0.0,0.0,0.0,6.904684066772461,0.6935162544250488,19.948099613189697,0.0,0.0,0.0,0.0,7.292877197265625,0.5853443145751953,19.271556854248047,0.0,0.0,0.0,0.0,6.987995147705078,0.6584358215332031,18.98244285583496,0.0,0.0,0.0,0.0,8.116078853607178,0.735898494720459,22.083633184432983,0.0,0.0,0.0,0.0,8.309629440307617,0.7718753814697266,22.04091739654541,0.0,0.0,0.0,0.0,8.726877212524414,0.7692108154296875,23.34537124633789,0.0,0.0,0.0,0.0,7.649696707725525,0.6615138053894043,20.5902498960495,0.0,0.0,0.0,0.0,7.487326741218567,0.7062721252441406,20.28357708454132,0.0,0.0,0.0,0.0,6.685783386230469,0.6438064575195312,18.654526948928833,0.0,0.0,0.0,0.0,6.218946993350983,0.6916850209236145,17.614224910736084,0.0,0.0,0.0,0.0,5.794781684875488,0.6012420654296875,16.574782848358154,0.006377220153808594,0.006377220153808594,0.5921516418457031,0.5985288619995117,5.753144025802612,0.5927600860595703,17.26641869544983,0.06665229797363281,0.32552099227905273,0.6156063079833984,0.6822586059570312,6.453657150268555,0.6526021957397461,19.4990975856781,0.17351865768432617,0.8798556327819824,0.6182289123535156,0.7917475700378418
35,hallucinated,41,0.75927734375,11.1171994805336,0.9402600526809692,35.02960193157196,0.015773534774780273,0.030003368854522705,0.9397963285446167,0.955569863319397,10.373414695262909,0.9003291130065918,30.685995936393738,0.019030094146728516,0.060022950172424316,0.8383603096008301,0.8573904037475586,9.821391344070435,0.8771743774414062,28.26352620124817,0.0,0.0,0.0,0.0,1.8870849609375,0.43707275390625,6.926822662353516,0.0,0.0,0.0,0.0,1.2652587890625,0.3479633331298828,4.69577169418335,0.0,0.0,0.0,0.0,1.858154296875,0.3707466125488281,6.285221099853516,0.0,0.0,0.0,0.0,2.8320999145507812,0.45014095306396484,9.11376702785492,0.0,0.0,0.0,0.0,2.902688503265381,0.4775581359863281,10.010589718818665,0.0,0.0,0.0,0.0,3.9283294677734375,0.533050537109375,12.461680889129639,0.0,0.0,0.0,0.0,5.527341842651367,0.6935162544250488,18.570757389068604,0.0,0.0,0.0,0.0,5.87601375579834,0.5853443145751953,17.85469341278076,0.0,0.0,0.0,0.0,6.006339073181152,0.6584358215332031,18.000786781311035,0.0,0.0,0.0,0.0,6.993129730224609,0.7346272468566895,20.960684061050415,0.0,0.0,0.0,0.0,7.859039783477783,0.7915630340576172,21.590327739715576,0.0,0.0,0.0,0.0,8.489179611206055,0.841242790222168,23.10767364501953,0.0,0.0,0.0,0.0,6.934000253677368,0.6637535095214844,19.874553442001343,0.0,0.0,0.0,0.0,7.1471076011657715,0.7081339359283447,19.943357944488525,0.0,0.0,0.0,0.0,6.599048614501953,0.6438064575195312,18.567792177200317,0.0,0.0,0.0,0.0,6.032483875751495,0.6916850209236145,17.427761793136597,0.0,0.0,0.0,0.0,5.487829685211182,0.6012420654296875,16.267830848693848,0.006377220153808594,0.006377220153808594,0.5921516418457031,0.5985288619995117,5.366246938705444,0.5927600860595703,16.87952160835266,0.06665229797363281,0.32552099227905273,0.6156063079833984,0.6822586059570312,6.211552858352661,0.6682476997375488,19.256993293762207,0.17351865768432617,0.8798556327819824,0.6182289123535156,0.7917475700378418
36,grounded,31,0.79833984375,5.5162822008132935,0.937467098236084,25.737574338912964,0.017229318618774414,0.028882324695587158,0.9318400621414185,0.9490693807601929,5.149099349975586,0.8833173513412476,22.562931537628174,0.02341151237487793,0.05090552568435669,0.8205289840698242,0.8439404964447021,4.618155598640442,0.8446798324584961,20.469439387321472,0.0,0.0,0.0,0.0,0.82958984375,0.4319591522216797,4.929773330688477,0.0,0.0,0.0,0.0,0.562530517578125,0.3432655334472656,3.5366790294647217,0.0,0.0,0.0,0.0,0.7581100463867188,0.3711071014404297,4.37696647644043,0.0,0.0,0.0,0.0,1.3189697265625,0.43804359436035156,6.645160436630249,0.0,0.0,0.0,0.0,1.5415239334106445,0.4765281677246094,8.087905645370483,0.0,0.0,0.0,0.0,1.96429443359375,0.5330429077148438,9.2329421043396,0.0,0.0,0.0,0.0,2.676849365234375,0.6859407424926758,13.738394737243652,0.0,0.0,0.0,0.0,2.949817180633545,0.5881080627441406,13.073218822479248,0.0,0.0,0.0,0.0,3.0111732482910156,0.6439323425292969,12.860212326049805,0.0,0.0,0.0,0.0,3.3673524856567383,0.7491898536682129,14.982032299041748,0.0,0.0,0.0,0.0,3.607478141784668,0.7462472915649414,15.192453384399414,0.0,0.0,0.0,0.0,3.8942437171936035,0.723109245300293,15.63771104812622,0.0,0.0,0.0,0.0,3.3392478227615356,0.6279878616333008,14.19678795337677,0.0,0.0,0.0,0.0,3.1169137954711914,0.6367158889770508,13.551021456718445,0.0,0.0,0.0,0.0,2.899561882019043,0.5800895690917969,12.92508316040039,0.0,0.0,0.0,0.0,2.8335683345794678,0.7025308609008789,12.859976589679718,0.0,0.0,0.0,0.0,2.571749687194824,0.5982298851013184,11.95964765548706,0.006817817687988281,0.006817817687988281,0.5917110443115234,0.5985288619995117,2.440051555633545,0.6028861999511719,12.125605821609497,0.06577205657958984,0.3015937805175781,0.616490364074707,0.6822624206542969,2.4270572662353516,0.6315102577209473,13.196316719055176,0.17525625228881836,0.7948136329650879,0.6164913177490234,0.7917475700378418
36,hallucinated,31,0.80029296875,5.513364732265472,0.937467098236084,25.734656870365143,0.017229318618774414,0.028882324695587158,0.9318400621414185,0.9490693807601929,5.158066749572754,0.8829398155212402,22.571898937225342,0.02341151237487793,0.04644685983657837,0.8205289840698242,0.8439404964447021,4.65349006652832,0.8446798324584961,20.50477385520935,0.0,0.0,0.0,0.0,0.8974533081054688,0.4319591522216797,4.997636795043945,0.0,0.0,0.0,0.0,0.54315185546875,0.3432655334472656,3.5173003673553467,0.0,0.0,0.0,0.0,0.8386039733886719,0.3711071014404297,4.457460403442383,0.0,0.0,0.0,0.0,1.2222671508789062,0.43804359436035156,6.548457860946655,0.0,0.0,0.0,0.0,1.5470705032348633,0.4765281677246094,8.093452215194702,0.0,0.0,0.0,0.0,1.9622421264648438,0.5330429077148438,9.230889797210693,0.0,0.0,0.0,0.0,2.7263336181640625,0.6859407424926758,13.78787899017334,0.0,0.0,0.0,0.0,3.065871238708496,0.5881080627441406,13.1892728805542,0.0,0.0,0.0,0.0,3.1223831176757812,0.6439323425292969,12.97142219543457,0.0,0.0,0.0,0.0,3.4859542846679688,0.7491898536682129,15.100634098052979,0.0,0.0,0.0,0.0,3.854564666748047,0.7585554122924805,15.439539909362793,0.0,0.0,0.0,0.0,4.048866271972656,0.7527451515197754,15.792333602905273,0.0,0.0,0.0,0.0,3.308413028717041,0.6279878616333008,14.165953159332275,0.0,0.0,0.0,0.0,3.2607908248901367,0.6367158889770508,13.69489848613739,0.0,0.0,0.0,0.0,2.847105026245117,0.5800895690917969,12.872626304626465,0.0,0.0,0.0,0.0,2.9397828578948975,0.7025308609008789,12.966191112995148,0.0,0.0,0.0,0.0,2.6182661056518555,0.5982298851013184,12.006164073944092,0.006817817687988281,0.006817817687988281,0.5917110443115234,0.5985288619995117,2.6036429405212402,0.6028861999511719,12.289197206497192,0.06577205657958984,0.3015937805175781,0.616490364074707,0.6822624206542969,2.351511001586914,0.6315102577209473,13.120770454406738,0.17525625228881836,0.7948136329650879,0.6164913177490234,0.7917475700378418
37,grounded,38,0.798828125,12.00869619846344,0.9400418996810913,32.21100276708603,0.02360546588897705,0.044302523136138916,0.9252042770385742,0.9488097429275513,11.223636984825134,0.8918471336364746,28.25520294904709,0.020574569702148438,0.04275846481323242,0.8594369888305664,0.8800115585327148,10.08076024055481,0.8446884155273438,25.490548133850098,0.0,0.0,0.0,0.0,2.0443954467773438,0.42615509033203125,6.280269622802734,0.0,0.0,0.0,0.0,1.337310791015625,0.33561134338378906,4.3946861028671265,0.0,0.0,0.0,0.0,1.9929351806640625,0.36896705627441406,5.750825881958008,0.0,0.0,0.0,0.0,2.9363155364990234,0.4363384246826172,8.350050806999207,0.0,0.0,0.0,0.0,3.672931671142578,0.47087860107421875,10.162782311439514,0.0,0.0,0.0,0.0,4.549993515014648,0.533050537109375,11.78329348564148,0.0,0.0,0.0,0.0,6.004541397094727,0.6908206939697266,17.11334991455078,0.0,0.0,0.0,0.0,6.349453926086426,0.5888042449951172,16.46448040008545,0.0,0.0,0.0,0.0,5.916686773300171,0.6461639404296875,15.645923376083374,0.0,0.0,0.0,0.0,7.152605056762695,0.7435295581817627,18.81115460395813,0.0,0.0,0.0,0.0,7.651632308959961,0.7630329132080078,19.335551261901855,0.0,0.0,0.0,0.0,7.717261791229248,0.7474985122680664,19.519347667694092,0.0,0.0,0.0,0.0,6.600104570388794,0.6328153610229492,17.46051049232483,0.0,0.0,0.0,0.0,6.379161834716797,0.663416862487793,16.8592449426651,0.0,0.0,0.0,0.0,6.088966369628906,0.5878467559814453,16.119009017944336,0.0,0.0,0.0,0.0,5.453478217124939,0.6958823204040527,15.213620483875275,0.0,0.0,0.0,0.0,5.209908485412598,0.5887699127197266,14.381779909133911,0.0,0.0,0.0,0.0,5.225837230682373,0.6152248382568359,15.24754273891449,0.06509590148925781,0.2927565574645996,0.6171627044677734,0.6822586059570312,5.249060153961182,0.6395683288574219,15.942180871963501,0.1597132682800293,0.6890928745269775,0.6320343017578125,0.7917475700378418
37,hallucinated,37,0.8076171875,11.122138321399689,0.9469549655914307,31.324444890022278,0.02360546588897705,0.04195469617843628,0.9252042770385742,0.9488097429275513,10.344981014728546,0.8843640685081482,27.3765469789505,0.020574569702148438,0.04275846481323242,0.8594369888305664,0.8800115585327148,9.271119594573975,0.8446884155273438,24.680907487869263,0.0,0.0,0.0,0.0,1.8401718139648438,0.42615509033203125,6.076045989990234,0.0,0.0,0.0,0.0,1.2549896240234375,0.33561134338378906,4.312364935874939,0.0,0.0,0.0,0.0,1.7633934020996094,0.36896705627441406,5.521284103393555,0.0,0.0,0.0,0.0,2.8206005096435547,0.4363384246826172,8.234335780143738,0.0,0.0,0.0,0.0,3.08502197265625,0.47087860107421875,9.574872612953186,0.0,0.0,0.0,0.0,4.046785354614258,0.533050537109375,11.280085325241089,0.0,0.0,0.0,0.0,5.504150390625,0.6908206939697266,16.612958908081055,0.0,0.0,0.0,0.0,5.7210540771484375,0.5888042449951172,15.836080551147461,0.0,0.0,0.0,0.0,5.337066650390625,0.6461639404296875,15.066303253173828,0.0,0.0,0.0,0.0,6.324579238891602,0.7435295581817627,17.983128786087036,0.0,0.0,0.0,0.0,6.735971450805664,0.7630329132080078,18.41989040374756,0.0,0.0,0.0,0.0,6.889154434204102,0.7474985122680664,18.691240310668945,0.0,0.0,0.0,0.0,5.968522071838379,0.6328153610229492,16.828927993774414,0.0,0.0,0.0,0.0,5.86580753326416,0.663416862487793,16.345890641212463,0.0,0.0,0.0,0.0,5.396503448486328,0.5878467559814453,15.426546096801758,0.0,0.0,0.0,0.0,4.924055457115173,0.6958823204040527,14.684197723865509,0.0,0.0,0.0,0.0,4.62690544128418,0.5887699127197266,13.798776865005493,0.0,0.0,0.0,0.0,4.6694817543029785,0.6152248382568359,14.691187262535095,0.06509590148925781,0.2927565574645996,0.6171627044677734,0.6822586059570312,4.698051929473877,0.6395683288574219,15.391172647476196,0.1597132682800293,0.6890928745269775,0.6320343017578125,0.7917475700378418
38,grounded,38,0.828125,11.115882992744446,0.9425314664840698,32.29737228155136,0.02385103702545166,0.038388848304748535,0.9270107746124268,0.9508618116378784,10.243248999118805,0.8711494207382202,27.609455108642578,0.0238456130027771,0.04461544752120972,0.853830099105835,0.8776757121086121,9.560288608074188,0.8884564638137817,24.96304887533188,0.0,0.0,0.0,0.0,1.7828216552734375,0.4236869812011719,6.020423889160156,0.0,0.0,0.0,0.0,1.3152427673339844,0.3420829772949219,4.503785610198975,0.0,0.0,0.0,0.0,1.6736984252929688,0.3805065155029297,5.735319137573242,0.0,0.0,0.0,0.0,2.5620994567871094,0.43292999267578125,8.068058848381042,0.0,0.0,0.0,0.0,2.834458351135254,0.478057861328125,9.31111490726471,0.0,0.0,0.0,0.0,3.7841835021972656,0.533050537109375,11.28652548789978,0.0,0.0,0.0,0.0,5.212322235107422,0.6926026344299316,16.740846157073975,0.0,0.0,0.0,0.0,5.583475112915039,0.5829086303710938,16.195297241210938,0.0,0.0,0.0,0.0,5.679308652877808,0.6459636688232422,16.04822039604187,0.0,0.0,0.0,0.0,6.309537887573242,0.7473726272583008,18.427334308624268,0.0,0.0,0.0,0.0,6.790321230888367,0.754051685333252,18.77840554714203,0.0,0.0,0.0,0.0,6.772688865661621,0.7322444915771484,19.10855197906494,0.0,0.0,0.0,0.0,6.084742307662964,0.6457891464233398,17.34282088279724,0.0,0.0,0.0,0.0,5.654713273048401,0.6431169509887695,16.59740138053894,0.0,0.0,0.0,0.0,5.449355125427246,0.6038722991943359,15.847708702087402,0.0,0.0,0.0,0.0,5.064728736877441,0.6525592803955078,15.207404136657715,0.0,0.0,0.0,0.0,4.77513313293457,0.5953330993652344,14.421744108200073,0.0,0.0,0.0,0.0,4.5606324672698975,0.6104221343994141,14.731378078460693,0.07444381713867188,0.32636308670043945,0.6078147888183594,0.6822586059570312,5.128492593765259,0.6657915115356445,16.179140090942383,0.15739774703979492,0.7130823135375977,0.6343498229980469,0.7917475700378418
38,hallucinated,35,0.818359375,8.291165292263031,0.9353988766670227,29.472654581069946,0.02385103702545166,0.038388848304748535,0.9270107746124268,0.9508618116378784,7.640251338481903,0.8690574169158936,25.006457448005676,0.0238456130027771,0.03718090057373047,0.853830099105835,0.8776757121086121,6.765659868717194,0.8446884155273438,22.168420135974884,0.0,0.0,0.0,0.0,1.297637939453125,0.4236869812011719,5.535240173339844,0.0,0.0,0.0,0.0,0.8933563232421875,0.3420829772949219,4.081899166107178,0.0,0.0,0.0,0.0,1.1464309692382812,0.3805065155029297,5.208051681518555,0.0,0.0,0.0,0.0,1.8774070739746094,0.43292999267578125,7.3833664655685425,0.0,0.0,0.0,0.0,2.100266456604004,0.478057861328125,8.57692301273346,0.0,0.0,0.0,0.0,2.708160400390625,0.533050537109375,10.21050238609314,0.0,0.0,0.0,0.0,3.7329368591308594,0.6926026344299316,15.261460781097412,0.0,0.0,0.0,0.0,4.032073974609375,0.5829086303710938,14.643896102905273,0.0,0.0,0.0,0.0,4.12988543510437,0.6459636688232422,14.498797178268433,0.0,0.0,0.0,0.0,4.440008163452148,0.7473726272583008,16.557804584503174,0.0,0.0,0.0,0.0,4.8713120222091675,0.754051685333252,16.85939633846283,0.0,0.0,0.0,0.0,4.784182548522949,0.7322444915771484,17.12004566192627,0.0,0.0,0.0,0.0,4.428890943527222,0.6457891464233398,15.686969518661499,0.0,0.0,0.0,0.0,4.037683486938477,0.6431169509887695,14.980371594429016,0.0,0.0,0.0,0.0,3.810866355895996,0.6038722991943359,14.209219932556152,0.0,0.0,0.0,0.0,3.5316057205200195,0.6525592803955078,13.674281120300293,0.0,0.0,0.0,0.0,3.300018310546875,0.5953330993652344,12.946629285812378,0.0,0.0,0.0,0.0,3.149752616882324,0.6104221343994141,13.32049822807312,0.07444381713867188,0.32636308670043945,0.6078147888183594,0.6822586059570312,3.2653846740722656,0.6657915115356445,14.31603217124939,0.15739774703979492,0.7130823135375977,0.6343498229980469,0.7917475700378418
39,grounded,46,0.74951171875,18.557714641094208,0.9531093835830688,39.71461772918701,0.022948920726776123,0.034237563610076904,0.9284067153930664,0.9513556361198425,17.24288809299469,0.892770528793335,35.053948163986206,0.012286722660064697,0.02394700050354004,0.8704836368560791,0.8827703595161438,15.849533677101135,0.8536322116851807,31.78979229927063,0.0,0.0,0.0,0.0,3.0022239685058594,0.4292449951171875,7.262298583984375,0.0,0.0,0.0,0.0,1.9251060485839844,0.3381614685058594,5.026466131210327,0.0,0.0,0.0,0.0,2.6816024780273438,0.37574005126953125,6.444984436035156,0.0,0.0,0.0,0.0,4.411134719848633,0.44707489013671875,10.015806436538696,0.0,0.0,0.0,0.0,5.1016974449157715,0.4693412780761719,11.851938366889954,0.0,0.0,0.0,0.0,6.206856727600098,0.533050537109375,13.645221948623657,0.0,0.0,0.0,0.0,9.127559661865234,0.6942548751831055,20.64925193786621,0.0,0.0,0.0,0.0,9.961219668388367,0.6207408905029297,20.462568163871765,0.0,0.0,0.0,0.0,9.112763404846191,0.6432132720947266,19.268399238586426,0.0,0.0,0.0,0.0,11.39680027961731,0.7984869480133057,23.776041269302368,0.0,0.0,0.0,0.0,11.385823726654053,0.7208700180053711,23.444486141204834,0.0,0.0,0.0,0.0,12.000062823295593,0.7520474195480347,23.993391394615173,0.0,0.0,0.0,0.0,9.420421481132507,0.6338100433349609,20.48715341091156,0.0,0.0,0.0,0.0,9.552200317382812,0.6668583154678345,20.501994252204895,0.0,0.0,0.0,0.0,8.605600357055664,0.5937328338623047,18.67141056060791,0.027875900268554688,0.027875900268554688,0.5584506988525391,0.5863265991210938,8.271988570690155,0.64947509765625,18.213187098503113,0.0,0.0,0.0,0.0,7.394440174102783,0.5958342552185059,16.97588348388672,0.0025987625122070312,0.0051708221435546875,0.5959300994873047,0.5985288619995117,7.468653202056885,0.6130733489990234,17.62554383277893,0.06325674057006836,0.29452037811279297,0.6190018653869629,0.6822586059570312,8.073564529418945,0.6279449462890625,19.01214289665222,0.17525053024291992,0.8345479965209961,0.6164970397949219,0.7917475700378418
39,hallucinated,42,0.76806640625,14.819564938545227,0.9514265060424805,35.97646802663803,0.022948920726776123,0.034237563610076904,0.9284067153930664,0.9513556361198425,13.701059579849243,0.892770528793335,31.51211965084076,0.012286722660064697,0.02394700050354004,0.8704836368560791,0.8827703595161438,12.63227105140686,0.8536322116851807,28.572529673576355,0.0,0.0,0.0,0.0,2.3077049255371094,0.4292449951171875,6.567779541015625,0.0,0.0,0.0,0.0,1.5529975891113281,0.3381614685058594,4.654357671737671,0.0,0.0,0.0,0.0,2.1438827514648438,0.37574005126953125,5.907264709472656,0.0,0.0,0.0,0.0,3.6215763092041016,0.44707489013671875,9.226248025894165,0.0,0.0,0.0,0.0,4.243494510650635,0.4693412780761719,10.993735432624817,0.0,0.0,0.0,0.0,5.111405372619629,0.533050537109375,12.549770593643188,0.0,0.0,0.0,0.0,7.491785049438477,0.6942548751831055,19.013477325439453,0.0,0.0,0.0,0.0,7.983432650566101,0.6039981842041016,18.4847811460495,0.0,0.0,0.0,0.0,7.48333740234375,0.6432132720947266,17.638973236083984,0.0,0.0,0.0,0.0,9.35593295097351,0.7984869480133057,21.73517394065857,0.0,0.0,0.0,0.0,9.213154792785645,0.7208700180053711,21.271817207336426,0.0,0.0,0.0,0.0,9.808270335197449,0.7520474195480347,21.80159890651703,0.0,0.0,0.0,0.0,7.9084248542785645,0.6338100433349609,18.975156784057617,0.0,0.0,0.0,0.0,7.93565559387207,0.6668583154678345,18.885449528694153,0.0,0.0,0.0,0.0,7.1900787353515625,0.5937328338623047,17.25588893890381,0.027875900268554688,0.027875900268554688,0.5584506988525391,0.5863265991210938,7.081544578075409,0.64947509765625,17.022743105888367,0.0,0.0,0.0,0.0,6.2442498207092285,0.5958342552185059,15.825693130493164,0.0025987625122070312,0.0051708221435546875,0.5959300994873047,0.5985288619995117,6.258955478668213,0.6130733489990234,16.41584610939026,0.06325674057006836,0.29452037811279297,0.6190018653869629,0.6822586059570312,6.765729904174805,0.6279449462890625,17.70430827140808,0.17525053024291992,0.8345479965209961,0.6164970397949219,0.7917475700378418
40,grounded,46,0.716796875,13.96368533372879,0.9532904624938965,39.853415071964264,0.022619426250457764,0.029480457305908203,0.9362301826477051,0.9588496088981628,13.146003603935242,0.9007057547569275,35.34039640426636,0.020664691925048828,0.06818509101867676,0.8498532772064209,0.8705179691314697,12.36493182182312,0.8632125854492188,32.771162271499634,0.0,0.0,0.0,0.0,2.2286338806152344,0.43906211853027344,7.445585250854492,0.0,0.0,0.0,0.0,1.5223350524902344,0.36037254333496094,5.232258200645447,0.0,0.0,0.0,0.0,2.240894317626953,0.38402557373046875,6.917964935302734,0.0,0.0,0.0,0.0,3.6708545684814453,0.44060420989990234,10.541383862495422,0.0,0.0,0.0,0.0,4.353454113006592,0.4731788635253906,12.178743481636047,0.0,0.0,0.0,0.0,5.256740570068359,0.533050537109375,14.364172220230103,0.0,0.0,0.0,0.0,7.007986068725586,0.6929426193237305,21.135955810546875,0.0,0.0,0.0,0.0,7.695656776428223,0.5980119705200195,20.86652183532715,0.0,0.0,0.0,0.0,7.529557943344116,0.6481590270996094,19.852130651474,0.0,0.0,0.0,0.0,9.355278313159943,0.78999263048172,24.29946404695511,0.0,0.0,0.0,0.0,8.998677015304565,0.7498445510864258,23.753758192062378,0.0,0.0,0.0,0.0,9.342260360717773,0.7800343036651611,23.692049503326416,0.0,0.0,0.0,0.0,8.311697483062744,0.6657438278198242,21.715967655181885,0.0,0.0,0.0,0.0,8.125013411045074,0.6846020221710205,21.56201606988907,0.0,0.0,0.0,0.0,7.5999109745025635,0.6539251804351807,20.092108964920044,0.0,0.0,0.0,0.0,7.083946526050568,0.6730789542198181,19.16068798303604,0.0,0.0,0.0,0.0,6.401603698730469,0.6111569404602051,18.175013065338135,0.01930522918701172,0.01930522918701172,0.5792236328125,0.5985288619995117,6.25700831413269,0.6139087677001953,18.48388946056366,0.06061410903930664,0.2521824836730957,0.6216444969177246,0.6822586059570312,6.458925247192383,0.6501197814941406,19.94811224937439,0.2013087272644043,0.9274826049804688,0.5904388427734375,0.7917475700378418
40,hallucinated,48,0.68994140625,15.839620172977448,0.9522457122802734,41.72934991121292,0.022619426250457764,0.029480457305908203,0.9362301826477051,0.9588496088981628,14.96494323015213,0.9066004753112793,37.159336030483246,0.020664691925048828,0.06329524517059326,0.8498532772064209,0.8705179691314697,14.056060433387756,0.8632125854492188,34.46229088306427,0.0,0.0,0.0,0.0,2.512470245361328,0.43906211853027344,7.729421615600586,0.0,0.0,0.0,0.0,1.7455406188964844,0.36037254333496094,5.455463767051697,0.0,0.0,0.0,0.0,2.60504150390625,0.38402557373046875,7.282112121582031,0.0,0.0,0.0,0.0,4.09776496887207,0.44060420989990234,10.968294262886047,0.0,0.0,0.0,0.0,5.0313239097595215,0.4731788635253906,12.856613278388977,0.0,0.0,0.0,0.0,5.848300933837891,0.533050537109375,14.955732583999634,0.0,0.0,0.0,0.0,7.983785629272461,0.6929426193237305,22.11175537109375,0.0,0.0,0.0,0.0,8.796736717224121,0.5980119705200195,21.967601776123047,0.0,0.0,0.0,0.0,8.383960485458374,0.6481590270996094,20.706533193588257,0.0,0.0,0.0,0.0,10.626602470874786,0.78999263048172,25.570788204669952,0.0,0.0,0.0,0.0,10.271912574768066,0.7498445510864258,25.02699375152588,0.0,0.0,0.0,0.0,10.517685890197754,0.7800343036651611,24.867475032806396,0.0,0.0,0.0,0.0,9.251022815704346,0.6657438278198242,22.655292987823486,0.0,0.0,0.0,0.0,9.329529345035553,0.6846020221710205,22.766532003879547,0.0,0.0,0.0,0.0,8.622745752334595,0.6539251804351807,21.114943742752075,0.0,0.0,0.0,0.0,7.989253342151642,0.6730789542198181,20.065994799137115,0.0,0.0,0.0,0.0,7.136110305786133,0.6111569404602051,18.9095196723938,0.01930522918701172,0.01930522918701172,0.5792236328125,0.5985288619995117,6.900492429733276,0.6139087677001953,19.127373576164246,0.06061410903930664,0.2521824836730957,0.6216444969177246,0.6822586059570312,7.143867492675781,0.6501197814941406,20.633054494857788,0.2013087272644043,0.9274826049804688,0.5904388427734375,0.7917475700378418
41,grounded,39,0.74072265625,13.896950423717499,0.9481289982795715,33.16080582141876,0.02636706829071045,0.036338865756988525,0.9191703796386719,0.9455374479293823,12.864048540592194,0.8862780928611755,28.90488827228546,0.017328202724456787,0.03106743097305298,0.8568167686462402,0.874144971370697,11.468122243881226,0.8446884155273438,25.703317880630493,0.0,0.0,0.0,0.0,2.3023681640625,0.4287567138671875,6.375682830810547,0.0,0.0,0.0,0.0,1.4160385131835938,0.3432273864746094,4.477061152458191,0.0,0.0,0.0,0.0,2.0872230529785156,0.35788536071777344,5.736978530883789,0.0,0.0,0.0,0.0,3.21478271484375,0.4347553253173828,8.488004088401794,0.0,0.0,0.0,0.0,3.7408504486083984,0.4668312072753906,9.864853501319885,0.0,0.0,0.0,0.0,4.633769989013672,0.533050537109375,11.558582544326782,0.0,0.0,0.0,0.0,7.119167327880859,0.6896281242370605,17.809260845184326,0.0,0.0,0.0,0.0,7.729382514953613,0.5864028930664062,17.457499504089355,0.0,0.0,0.0,0.0,7.710982322692871,0.6261558532714844,17.18833351135254,0.0,0.0,0.0,0.0,9.446172714233398,0.7384505271911621,20.841987133026123,0.0,0.0,0.0,0.0,10.098461866378784,0.7615971565246582,21.12533926963806,0.0,0.0,0.0,0.0,9.932898759841919,0.7259562015533447,21.176502466201782,0.0,0.0,0.0,0.0,8.136293053627014,0.6257047653198242,18.537167191505432,0.0,0.0,0.0,0.0,8.46935224533081,0.6853618621826172,18.78989267349243,0.0,0.0,0.0,0.0,7.583438873291016,0.6037826538085938,17.274531841278076,0.002254486083984375,0.002254486083984375,0.5840721130371094,0.5863265991210938,7.664496541023254,0.6670217514038086,17.31601780653,0.0,0.0,0.0,0.0,7.141498565673828,0.5974636077880859,16.279701948165894,0.0026159286499023438,0.0026159286499023438,0.5959129333496094,0.5985288619995117,6.760096549987793,0.6257181167602539,16.354623079299927,0.06061410903930664,0.18979406356811523,0.6216444969177246,0.6822586059570312,6.98024845123291,0.6700363159179688,17.363667249679565,0.17238759994506836,0.9351587295532227,0.6193599700927734,0.7917475700378418
41,hallucinated,34,0.69091796875,9.17642742395401,0.9349943399429321,28.440282821655273,0.02636706829071045,0.034391820430755615,0.9191703796386719,0.9455374479293823,8.495108187198639,0.8803297281265259,24.50666058063507,0.01656287908554077,0.04259967803955078,0.8575820922851562,0.874144971370697,7.601325035095215,0.8446884155273438,21.836520671844482,0.0,0.0,0.0,0.0,1.4061508178710938,0.4287567138671875,5.479465484619141,0.0,0.0,0.0,0.0,0.9268150329589844,0.3432273864746094,3.9878376722335815,0.0,0.0,0.0,0.0,1.5928611755371094,0.35788536071777344,5.242616653442383,0.0,0.0,0.0,0.0,2.0806007385253906,0.4347553253173828,7.353822112083435,0.0,0.0,0.0,0.0,2.552067756652832,0.4668312072753906,8.676070809364319,0.0,0.0,0.0,0.0,3.2027740478515625,0.533050537109375,10.127586603164673,0.0,0.0,0.0,0.0,4.8072052001953125,0.6896281242370605,15.49729871749878,0.0,0.0,0.0,0.0,5.27310037612915,0.5864028930664062,15.001217365264893,0.0,0.0,0.0,0.0,4.996634483337402,0.6261558532714844,14.47398567199707,0.0,0.0,0.0,0.0,5.876601934432983,0.7384505271911621,17.272416353225708,0.0,0.0,0.0,0.0,5.992690086364746,0.7465372085571289,17.019567489624023,0.0,0.0,0.0,0.0,5.862062454223633,0.7160921096801758,17.105666160583496,0.0,0.0,0.0,0.0,4.778500080108643,0.6257047653198242,15.17937421798706,0.0,0.0,0.0,0.0,5.00156831741333,0.6507856845855713,15.322108745574951,0.0,0.0,0.0,0.0,4.829702854156494,0.6036052703857422,14.520795822143555,0.002254486083984375,0.002254486083984375,0.5840721130371094,0.5863265991210938,4.359210133552551,0.6670217514038086,14.010731399059296,0.0,0.0,0.0,0.0,4.224967956542969,0.5885071754455566,13.363171339035034,0.0026159286499023438,0.0026159286499023438,0.5959129333496094,0.5985288619995117,3.9336624145507812,0.6257181167602539,13.528188943862915,0.06061410903930664,0.18979406356811523,0.6216444969177246,0.6822586059570312,4.061916828155518,0.6700363159179688,14.445335626602173,0.17238759994506836,0.7996149063110352,0.6193599700927734,0.7917475700378418
42,grounded,36,0.6953125,10.117755353450775,0.9357708096504211,30.347793519496918,0.021882355213165283,0.032296955585479736,0.9270267486572266,0.9489091038703918,9.332685589790344,0.885426938533783,26.027952432632446,0.02269822359085083,0.04060572385787964,0.8516755104064941,0.874373733997345,8.635249614715576,0.8446884155273438,23.753162622451782,0.0,0.0,0.0,0.0,1.5847091674804688,0.4407081604003906,5.707130432128906,0.0,0.0,0.0,0.0,1.2064628601074219,0.3442211151123047,4.34333598613739,0.0,0.0,0.0,0.0,1.9526901245117188,0.364227294921875,5.7541656494140625,0.0,0.0,0.0,0.0,2.625009536743164,0.44135475158691406,8.074886798858643,0.0,0.0,0.0,0.0,2.9148120880126953,0.4607429504394531,9.23704206943512,0.0,0.0,0.0,0.0,3.65478515625,0.533050537109375,10.877357244491577,0.0,0.0,0.0,0.0,5.163116455078125,0.6862754821777344,16.015742301940918,0.0,0.0,0.0,0.0,5.873310089111328,0.602294921875,15.973712921142578,0.0,0.0,0.0,0.0,5.513621807098389,0.6435661315917969,15.201804637908936,0.0,0.0,0.0,0.0,6.527318477630615,0.7336421012878418,18.21915292739868,0.0,0.0,0.0,0.0,6.57555627822876,0.6981234550476074,17.84533977508545,0.0,0.0,0.0,0.0,7.249422073364258,0.7464957237243652,19.060192584991455,0.0,0.0,0.0,0.0,6.0794761180877686,0.6402685642242432,16.828871726989746,0.0,0.0,0.0,0.0,6.025812149047852,0.6839218139648438,16.643664717674255,0.0,0.0,0.0,0.0,5.368149757385254,0.6084251403808594,15.248248100280762,0.000804901123046875,0.000804901123046875,0.5855216979980469,0.5863265991210938,4.943560600280762,0.6643385887145996,14.607055842876434,0.0,0.0,0.0,0.0,4.8698155879974365,0.6128425598144531,14.24681282043457,0.023367881774902344,0.023367881774902344,0.5751609802246094,0.5985288619995117,4.9496893882751465,0.6242685317993164,14.739843606948853,0.06061410903930664,0.2032790184020996,0.6216444969177246,0.6822586059570312,4.930756568908691,0.6757259368896484,15.612818479537964,0.18340253829956055,0.8124351501464844,0.6083450317382812,0.7917475700378418
42,hallucinated,40,0.67822265625,13.831608653068542,0.9388082027435303,34.061646819114685,0.021882355213165283,0.032296955585479736,0.9270267486572266,0.9489091038703918,12.787767112255096,0.884975790977478,29.4830339550972,0.02269822359085083,0.05973106622695923,0.8516755104064941,0.874373733997345,11.815589785575867,0.8446884155273438,26.933502793312073,0.0,0.0,0.0,0.0,2.2059326171875,0.4407081604003906,6.3283538818359375,0.0,0.0,0.0,0.0,1.7603187561035156,0.3442211151123047,4.897191882133484,0.0,0.0,0.0,0.0,2.5634117126464844,0.364227294921875,6.364887237548828,0.0,0.0,0.0,0.0,3.5598087310791016,0.44135475158691406,9.00968599319458,0.0,0.0,0.0,0.0,4.117387771606445,0.4607429504394531,10.43961775302887,0.0,0.0,0.0,0.0,5.088470458984375,0.533050537109375,12.311042547225952,0.0,0.0,0.0,0.0,7.171382904052734,0.6862754821777344,18.024008750915527,0.0,0.0,0.0,0.0,7.907522201538086,0.5893268585205078,18.007925033569336,0.0,0.0,0.0,0.0,7.203674793243408,0.6435661315917969,16.891857624053955,0.0,0.0,0.0,0.0,8.588095664978027,0.7336421012878418,20.279930114746094,0.0,0.0,0.0,0.0,8.864570617675781,0.6981234550476074,20.13435411453247,0.0,0.0,0.0,0.0,9.263091087341309,0.7464957237243652,21.073861598968506,0.0,0.0,0.0,0.0,7.724029302597046,0.6402685642242432,18.473424911499023,0.0,0.0,0.0,0.0,7.999411582946777,0.6839218139648438,18.61726415157318,0.0,0.0,0.0,0.0,6.888379096984863,0.6084251403808594,16.76847743988037,0.000804901123046875,0.000804901123046875,0.5855216979980469,0.5863265991210938,6.082342147827148,0.6643385887145996,15.745837390422821,0.0,0.0,0.0,0.0,5.941310167312622,0.6128425598144531,15.318307399749756,0.023367881774902344,0.023367881774902344,0.5751609802246094,0.5985288619995117,6.147337913513184,0.6242685317993164,15.93749213218689,0.06061410903930664,0.2032790184020996,0.6216444969177246,0.6822586059570312,6.3122358322143555,0.6757259368896484,16.994297742843628,0.18340253829956055,0.8124351501464844,0.6083450317382812,0.7917475700378418
43,grounded,38,0.720703125,11.05549430847168,0.9383020401000977,32.19903028011322,0.01946491003036499,0.031148076057434082,0.9317774772644043,0.9512423872947693,10.160259544849396,0.8877259492874146,27.612712740898132,0.015342235565185547,0.02859187126159668,0.8613486289978027,0.8766908645629883,9.514034271240234,0.8446884155273438,25.371450304985046,0.0,0.0,0.0,0.0,1.7284469604492188,0.434356689453125,6.0014801025390625,0.0,0.0,0.0,0.0,1.2770957946777344,0.34381103515625,4.53121554851532,0.0,0.0,0.0,0.0,1.9935150146484375,0.37129783630371094,5.890005111694336,0.0,0.0,0.0,0.0,2.6630477905273438,0.44629859924316406,8.144431114196777,0.0,0.0,0.0,0.0,3.1722426414489746,0.4615974426269531,9.622434735298157,0.0,0.0,0.0,0.0,4.082508087158203,0.533050537109375,11.587324857711792,0.0,0.0,0.0,0.0,5.490732192993164,0.689791202545166,16.767568111419678,0.0,0.0,0.0,0.0,6.340855121612549,0.6151199340820312,16.878742694854736,0.0,0.0,0.0,0.0,6.06089973449707,0.6498546600341797,16.133197784423828,0.0,0.0,0.0,0.0,7.057737350463867,0.7389516830444336,19.01330804824829,0.0,0.0,0.0,0.0,7.134458541870117,0.706303596496582,18.713961601257324,0.0,0.0,0.0,0.0,7.763263702392578,0.7456636428833008,19.72990608215332,0.0,0.0,0.0,0.0,6.701472759246826,0.6492469310760498,17.800198793411255,0.0,0.0,0.0,0.0,6.480673313140869,0.683774471282959,17.488925635814667,0.0,0.0,0.0,0.0,5.788808822631836,0.6075782775878906,15.92091178894043,0.000720977783203125,0.000720977783203125,0.5856056213378906,0.5863265991210938,5.565738201141357,0.6677026748657227,15.589181065559387,0.0,0.0,0.0,0.0,5.3385162353515625,0.6278166770935059,15.007404327392578,0.02099895477294922,0.02099895477294922,0.5775299072265625,0.5985288619995117,5.3303914070129395,0.6256027221679688,15.374581098556519,0.06061410903930664,0.19998693466186523,0.6216444969177246,0.6822586059570312,5.353940963745117,0.6751213073730469,16.44198250770569,0.18601369857788086,0.805516242980957,0.6057338714599609,0.7917475700378418
43,hallucinated,39,0.71533203125,11.973352253437042,0.932823896408081,33.11688822507858,0.01946491003036499,0.031148076057434082,0.9317774772644043,0.9512423872947693,10.990571320056915,0.8858587741851807,28.443024516105652,0.015342235565185547,0.02793431282043457,0.8613486289978027,0.8766908645629883,10.258210361003876,0.8446884155273438,26.115626394748688,0.009388506412506104,0.009388506412506104,0.8436050415039062,0.8529935479164124,1.8415985107421875,0.434356689453125,6.114631652832031,0.0,0.0,0.0,0.0,1.3756599426269531,0.34381103515625,4.629779696464539,0.0,0.0,0.0,0.0,2.0714492797851562,0.37129783630371094,5.967939376831055,0.0,0.0,0.0,0.0,2.8150482177734375,0.44629859924316406,8.296431541442871,0.0,0.0,0.0,0.0,3.5377306938171387,0.4615974426269531,9.98792278766632,0.0,0.0,0.0,0.0,4.474693298339844,0.533050537109375,11.979510068893433,0.0,0.0,0.0,0.0,6.012796401977539,0.689791202545166,17.289632320404053,0.0,0.0,0.0,0.0,6.8693366050720215,0.5937252044677734,17.40722417831421,0.0,0.0,0.0,0.0,6.506121635437012,0.6498546600341797,16.57841968536377,0.0,0.0,0.0,0.0,7.68203592300415,0.7389516830444336,19.637606620788574,0.0,0.0,0.0,0.0,7.732388973236084,0.706303596496582,19.31189203262329,0.0,0.0,0.0,0.0,8.273218154907227,0.7456636428833008,20.23986053466797,0.0,0.0,0.0,0.0,6.969008922576904,0.6492469310760498,18.067734956741333,0.0,0.0,0.0,0.0,7.024252414703369,0.683774471282959,18.032504737377167,0.0,0.0,0.0,0.0,5.887152671813965,0.6075782775878906,16.01925563812256,0.000720977783203125,0.000720977783203125,0.5856056213378906,0.5863265991210938,5.587123394012451,0.6677026748657227,15.610566258430481,0.0,0.0,0.0,0.0,5.27629280090332,0.6278166770935059,14.945180892944336,0.02099895477294922,0.02099895477294922,0.5775299072265625,0.5985288619995117,5.405680179595947,0.6256027221679688,15.449869871139526,0.06061410903930664,0.19998693466186523,0.6216444969177246,0.6822586059570312,5.3361663818359375,0.6751213073730469,16.42420792579651,0.18601369857788086,0.805516242980957,0.6057338714599609,0.7917475700378418
44,grounded,40,0.69921875,11.991263329982758,0.9414834380149841,34.10504591464996,0.026061415672302246,0.03577554225921631,0.9260826110839844,0.9521440267562866,11.033869981765747,0.8917410373687744,29.345532953739166,0.007654070854187012,0.009389519691467285,0.871313214302063,0.87896728515625,10.435131311416626,0.8480767011642456,26.986122369766235,0.0,0.0,0.0,0.0,1.9457817077636719,0.44367027282714844,6.395963668823242,0.0,0.0,0.0,0.0,1.4831199645996094,0.34809112548828125,4.8673741817474365,0.0,0.0,0.0,0.0,2.1179351806640625,0.37073326110839844,6.109262466430664,0.0,0.0,0.0,0.0,3.193535804748535,0.4503660202026367,9.090206623077393,0.0,0.0,0.0,0.0,3.4766972064971924,0.461883544921875,10.274598956108093,0.0,0.0,0.0,0.0,4.333574295043945,0.533050537109375,12.068239688873291,0.0,0.0,0.0,0.0,6.28242301940918,0.6913437843322754,18.126807689666748,0.0,0.0,0.0,0.0,7.220914840698242,0.6335926055908203,18.441333770751953,0.0,0.0,0.0,0.0,6.8854570388793945,0.6538143157958984,17.355488777160645,0.0,0.0,0.0,0.0,7.927734375,0.7361721992492676,20.682718753814697,0.0,0.0,0.0,0.0,8.15403437614441,0.7064259052276611,20.41467571258545,0.0,0.0,0.0,0.0,8.705897808074951,0.7508902549743652,21.37308645248413,0.0,0.0,0.0,0.0,7.444141149520874,0.6695852279663086,19.055088758468628,0.0,0.0,0.0,0.0,7.398758172988892,0.6769418716430664,18.929052889347076,0.0,0.0,0.0,0.0,6.924718856811523,0.6303482055664062,17.617294311523438,0.006389617919921875,0.006389617919921875,0.5799369812011719,0.5863265991210938,6.31013822555542,0.663020133972168,16.614284694194794,0.0,0.0,0.0,0.0,6.107922554016113,0.6180000305175781,16.1408634185791,0.022963523864746094,0.022963523864746094,0.5755653381347656,0.5985288619995117,6.019407272338867,0.6160659790039062,16.539749145507812,0.06061410903930664,0.2226119041442871,0.6216444969177246,0.6822586059570312,6.543741226196289,0.7056741714477539,18.188820123672485,0.19047880172729492,0.8612136840820312,0.6012687683105469,0.7917475700378418
44,hallucinated,41,0.71875,12.914022505283356,0.9370899200439453,35.02780508995056,0.026061415672302246,0.03577554225921631,0.9260826110839844,0.9521440267562866,11.866333365440369,0.8912522792816162,30.177996337413788,0.01015615463256836,0.026636481285095215,0.8977184295654297,0.907874584197998,11.194530069828033,0.8501033782958984,27.745521128177643,0.0077658891677856445,0.0077658891677856445,0.8531017303466797,0.8608676195144653,2.0615806579589844,0.44367027282714844,6.511762619018555,0.0,0.0,0.0,0.0,1.5949058532714844,0.34809112548828125,4.9791600704193115,0.0,0.0,0.0,0.0,2.20745849609375,0.37073326110839844,6.198785781860352,0.0,0.0,0.0,0.0,3.370030403137207,0.4503660202026367,9.266701221466064,0.0,0.0,0.0,0.0,3.931452989578247,0.461883544921875,10.729354739189148,0.0,0.0,0.0,0.0,4.695363998413086,0.533050537109375,12.430029392242432,0.0,0.0,0.0,0.0,6.76695442199707,0.6913437843322754,18.61133909225464,0.0,0.0,0.0,0.0,7.78067684173584,0.6335926055908203,19.00109577178955,0.0,0.0,0.0,0.0,7.247842788696289,0.6538143157958984,17.71787452697754,0.0,0.0,0.0,0.0,8.496395587921143,0.7361721992492676,21.25137996673584,0.0,0.0,0.0,0.0,8.707008123397827,0.7064259052276611,20.967649459838867,0.0,0.0,0.0,0.0,9.165448665618896,0.7508902549743652,21.832637310028076,0.0,0.0,0.0,0.0,7.743788719177246,0.6695852279663086,19.354736328125,0.0,0.0,0.0,0.0,7.845348596572876,0.6769418716430664,19.37564331293106,0.0,0.0,0.0,0.0,7.166619777679443,0.6303482055664062,17.859195232391357,0.006389617919921875,0.006389617919921875,0.5799369812011719,0.5863265991210938,6.5164008140563965,0.663020133972168,16.82054728269577,0.0,0.0,0.0,0.0,6.120272636413574,0.6180000305175781,16.153213500976562,0.022963523864746094,0.022963523864746094,0.5755653381347656,0.5985288619995117,6.0792436599731445,0.6160659790039062,16.59958553314209,0.06061410903930664,0.2226119041442871,0.6216444969177246,0.6822586059570312,6.576808929443359,0.7056741714477539,18.221887826919556,0.19047880172729492,0.8612136840820312,0.6012687683105469,0.7917475700378418
45,grounded,45,0.76171875,14.869057595729828,0.9445198774337769,38.84631943702698,0.012246787548065186,0.023207485675811768,0.9421075582504272,0.9543543457984924,13.661577999591827,0.8875711560249329,33.257568359375,0.02313852310180664,0.08780550956726074,0.8201417922973633,0.8432803153991699,12.564703464508057,0.8446884155273438,29.959372460842133,0.020503699779510498,0.020503699779510498,0.8520981669425964,0.8726018667221069,2.0929183959960938,0.4393596649169922,6.744054794311523,0.0,0.0,0.0,0.0,1.7983837127685547,0.34285545349121094,5.329512000083923,0.0,0.0,0.0,0.0,2.40533447265625,0.3650856018066406,6.530555725097656,0.0,0.0,0.0,0.0,3.3832740783691406,0.4481782913208008,9.357393145561218,0.0,0.0,0.0,0.0,4.149616241455078,0.4740104675292969,11.269264817237854,0.0,0.0,0.0,0.0,5.240169525146484,0.533050537109375,13.472890138626099,0.0,0.0,0.0,0.0,7.177215576171875,0.6912469863891602,19.83937644958496,0.0,0.0,0.0,0.0,8.251537799835205,0.6108160018920898,20.206690311431885,0.0,0.0,0.0,0.0,8.03597116470337,0.6544132232666016,19.35254716873169,0.0,0.0,0.0,0.0,9.12768030166626,0.737372636795044,22.449053049087524,0.0,0.0,0.0,0.0,9.404367446899414,0.707909107208252,22.67915105819702,0.0,0.0,0.0,0.0,9.937444686889648,0.750260591506958,23.45613408088684,0.0,0.0,0.0,0.0,8.289907455444336,0.6428737640380859,20.61460304260254,0.0,0.0,0.0,0.0,8.236156105995178,0.6655149459838867,20.424153327941895,0.0,0.0,0.0,0.0,7.115121364593506,0.6035614013671875,18.448270797729492,0.0,0.0,0.0,0.0,6.7408623695373535,0.6860489845275879,17.695010244846344,0.0,0.0,0.0,0.0,6.426522731781006,0.624758243560791,17.05215859413147,0.025160789489746094,0.03433418273925781,0.5733680725097656,0.5985288619995117,6.314513683319092,0.6099586486816406,17.18528413772583,0.06061410903930664,0.23384428024291992,0.6216444969177246,0.6822586059570312,6.483402252197266,0.6786479949951172,18.407400846481323,0.19467496871948242,0.8558716773986816,0.5970726013183594,0.7917475700378418
45,hallucinated,45,0.76171875,14.874333441257477,0.9445198774337769,38.85159528255463,0.012246787548065186,0.023207485675811768,0.9421075582504272,0.9543543457984924,13.650289297103882,0.8886244297027588,33.246279656887054,0.02313852310180664,0.09264791011810303,0.8201417922973633,0.8432803153991699,12.552005052566528,0.8446884155273438,29.946674048900604,0.020503699779510498,0.02601534128189087,0.8520981669425964,0.8726018667221069,2.1724319458007812,0.4393596649169922,6.823568344116211,0.0,0.0,0.0,0.0,1.7691669464111328,0.34285545349121094,5.3002952337265015,0.0,0.0,0.0,0.0,2.38568115234375,0.3650856018066406,6.510902404785156,0.0,0.0,0.0,0.0,3.4301300048828125,0.4481782913208008,9.40424907207489,0.0,0.0,0.0,0.0,4.289833068847656,0.4740104675292969,11.409481644630432,0.0,0.0,0.0,0.0,5.298336029052734,0.533050537109375,13.531056642532349,0.0,0.0,0.0,0.0,7.2309417724609375,0.6912469863891602,19.893102645874023,0.0,0.0,0.0,0.0,8.356221675872803,0.6108160018920898,20.311374187469482,0.0,0.0,0.0,0.0,8.197021961212158,0.6544132232666016,19.51359796524048,0.0,0.0,0.0,0.0,9.23861575126648,0.737372636795044,22.559988498687744,0.0,0.0,0.0,0.0,9.513356685638428,0.707909107208252,22.788140296936035,0.0,0.0,0.0,0.0,10.02542495727539,0.750260591506958,23.544114351272583,0.0,0.0,0.0,0.0,8.424243450164795,0.6428737640380859,20.748939037322998,0.0,0.0,0.0,0.0,8.494948983192444,0.6655149459838867,20.68294620513916,0.0,0.0,0.0,0.0,7.261327266693115,0.6035614013671875,18.5944766998291,0.0,0.0,0.0,0.0,6.828711986541748,0.6860489845275879,17.78285986185074,0.0,0.0,0.0,0.0,6.330129146575928,0.624758243560791,16.95576500892639,0.025160789489746094,0.03433418273925781,0.5733680725097656,0.5985288619995117,6.307222843170166,0.6099586486816406,17.177993297576904,0.06061410903930664,0.23384428024291992,0.6216444969177246,0.6822586059570312,6.5965728759765625,0.6786479949951172,18.52057147026062,0.19467496871948242,0.8558716773986816,0.5970726013183594,0.7917475700378418
46,grounded,45,0.72314453125,14.850352466106415,0.9466983675956726,38.833777129650116,0.020368993282318115,0.02909773588180542,0.9349524974822998,0.9553214907646179,13.780108511447906,0.8991776704788208,33.47978746891022,0.018506765365600586,0.057832419872283936,0.8746224641799927,0.8931292295455933,13.04364025592804,0.8562533855438232,31.170775294303894,0.0,0.0,0.0,0.0,2.30462646484375,0.43493080139160156,6.997030258178711,0.0,0.0,0.0,0.0,1.7823638916015625,0.34937286376953125,5.380302786827087,0.0,0.0,0.0,0.0,2.7724838256835938,0.37316131591796875,7.3022613525390625,0.0,0.0,0.0,0.0,3.9412841796875,0.4499359130859375,10.272887468338013,0.0,0.0,0.0,0.0,4.920820236206055,0.4815177917480469,12.496069550514221,0.0,0.0,0.0,0.0,5.761587142944336,0.533050537109375,14.369519710540771,0.0,0.0,0.0,0.0,7.786003112792969,0.6945829391479492,20.814982414245605,0.0,0.0,0.0,0.0,8.840169191360474,0.6239051818847656,21.158000230789185,0.0,0.0,0.0,0.0,8.34230124950409,0.6607398986816406,19.82768142223358,0.0,0.0,0.0,0.0,9.857339859008789,0.7431364059448242,23.820894241333008,0.0,0.0,0.0,0.0,10.170218706130981,0.7208425998687744,23.83893084526062,0.0,0.0,0.0,0.0,10.70537805557251,0.7716813087463379,24.863182067871094,0.0,0.0,0.0,0.0,9.148825407028198,0.661205530166626,21.904067993164062,0.0,0.0,0.0,0.0,9.227182865142822,0.7065029144287109,22.141860485076904,0.0,0.0,0.0,0.0,8.195280075073242,0.6160125732421875,19.888587951660156,0.0,0.0,0.0,0.0,8.127584218978882,0.6749491691589355,19.603056371212006,0.0,0.0,0.0,0.0,7.729622840881348,0.6191973686218262,18.782540559768677,0.032111167907714844,0.032111167907714844,0.5664176940917969,0.5985288619995117,7.440756320953369,0.6259641647338867,18.903158128261566,0.06061410903930664,0.18154478073120117,0.6216444969177246,0.6822586059570312,7.910884618759155,0.7109842300415039,20.503044605255127,0.17650556564331055,0.8564233779907227,0.6152420043945312,0.7917475700378418
46,hallucinated,39,0.61279296875,9.217648804187775,0.9363170862197876,33.201073467731476,0.020368993282318115,0.02909773588180542,0.9349524974822998,0.9553214907646179,8.59315949678421,0.8973076939582825,28.28582525253296,0.013327598571777344,0.05719888210296631,0.878394365310669,0.8917219638824463,7.983370900154114,0.8513412475585938,26.109457850456238,0.0,0.0,0.0,0.0,1.682769775390625,0.43493080139160156,6.375173568725586,0.0,0.0,0.0,0.0,1.1298093795776367,0.34937286376953125,4.727748274803162,0.0,0.0,0.0,0.0,1.9444389343261719,0.37316131591796875,6.474216461181641,0.0,0.0,0.0,0.0,2.2005844116210938,0.4499359130859375,8.532187700271606,0.0,0.0,0.0,0.0,2.8445587158203125,0.4815177917480469,10.419808030128479,0.0,0.0,0.0,0.0,3.313648223876953,0.533050537109375,11.921580791473389,0.0,0.0,0.0,0.0,5.041557312011719,0.6945829391479492,18.070536613464355,0.0,0.0,0.0,0.0,5.399070739746094,0.6234607696533203,17.716901779174805,0.0,0.0,0.0,0.0,5.114063262939453,0.6607398986816406,16.599443435668945,0.0,0.0,0.0,0.0,6.153077125549316,0.7431364059448242,20.116631507873535,0.0,0.0,0.0,0.0,6.564145565032959,0.7262716293334961,20.232857704162598,0.0,0.0,0.0,0.0,6.541375160217285,0.7716813087463379,20.69917917251587,0.0,0.0,0.0,0.0,5.283857345581055,0.661205530166626,18.03909993171692,0.0,0.0,0.0,0.0,5.684972763061523,0.6924533843994141,18.599650382995605,0.0,0.0,0.0,0.0,5.375143527984619,0.6160125732421875,17.068451404571533,0.0,0.0,0.0,0.0,5.015297889709473,0.6749491691589355,16.490770041942596,0.0,0.0,0.0,0.0,4.574724197387695,0.6191973686218262,15.627641916275024,0.032111167907714844,0.032111167907714844,0.5664176940917969,0.5985288619995117,4.73080849647522,0.6259641647338867,16.193210303783417,0.06061410903930664,0.18154478073120117,0.6216444969177246,0.6822586059570312,5.065170526504517,0.7109842300415039,17.65733051300049,0.17650556564331055,0.8564233779907227,0.6152420043945312,0.7917475700378418
47,grounded,49,0.7529296875,19.595232009887695,0.9517286419868469,42.60249620676041,0.021311402320861816,0.053543686866760254,0.9321954250335693,0.9535068273544312,18.563203930854797,0.9324893355369568,38.36388182640076,0.01624155044555664,0.02983301877975464,0.8390612602233887,0.8553028106689453,17.206800758838654,0.8669946193695068,35.11916369199753,0.0,0.0,0.0,0.0,3.359437942504883,0.4393024444580078,8.253284454345703,0.0,0.0,0.0,0.0,2.2958602905273438,0.35640525817871094,5.707236289978027,0.0,0.0,0.0,0.0,3.2801513671875,0.3722343444824219,7.488523483276367,0.0,0.0,0.0,0.0,4.805368423461914,0.4454622268676758,10.79308533668518,0.0,0.0,0.0,0.0,5.585260391235352,0.46836090087890625,12.54398787021637,0.0,0.0,0.0,0.0,6.593996047973633,0.533050537109375,14.557199716567993,0.0,0.0,0.0,0.0,9.353170394897461,0.6911525726318359,21.76699447631836,0.0,0.0,0.0,0.0,10.52715277671814,0.5871410369873047,21.941739797592163,0.0,0.0,0.0,0.0,9.683449745178223,0.6476421356201172,20.92700958251953,0.0,0.0,0.0,0.0,11.476382970809937,0.7449140548706055,24.82925534248352,0.0,0.0,0.0,0.0,11.665162086486816,0.7183997631072998,24.55134344100952,0.0,0.0,0.0,0.0,11.494596004486084,0.7098140716552734,24.621854305267334,0.0,0.0,0.0,0.0,10.140137195587158,0.6274852752685547,22.26335096359253,0.0,0.0,0.0,0.0,10.290310382843018,0.6532166004180908,22.10914707183838,0.0,0.0,0.0,0.0,9.58729600906372,0.6548810005187988,20.718044996261597,0.0,0.0,0.0,0.0,9.214980363845825,0.6617860794067383,20.171191036701202,0.0,0.0,0.0,0.0,8.392087936401367,0.6312947273254395,18.95342493057251,0.010724067687988281,0.010724067687988281,0.5878047943115234,0.5985288619995117,8.508881330490112,0.6029624938964844,19.460888385772705,0.06061410903930664,0.25890588760375977,0.6216444969177246,0.6822586059570312,9.338962495326996,0.6625862121582031,21.531266391277313,0.19143247604370117,0.8875608444213867,0.6003150939941406,0.7917475700378418
47,hallucinated,42,0.77880859375,12.953786313533783,0.9452364444732666,35.961050510406494,0.021311402320861816,0.04152393341064453,0.9321954250335693,0.9535068273544312,12.211935341358185,0.9140092134475708,32.012613236904144,0.01624155044555664,0.02983301877975464,0.8390612602233887,0.8553028106689453,11.288781344890594,0.850550651550293,29.20114427804947,0.0,0.0,0.0,0.0,2.3055057525634766,0.4393024444580078,7.199352264404297,0.0,0.0,0.0,0.0,1.5731124877929688,0.35640525817871094,4.984488487243652,0.0,0.0,0.0,0.0,2.1820755004882812,0.3722343444824219,6.390447616577148,0.0,0.0,0.0,0.0,3.09332275390625,0.4454622268676758,9.081039667129517,0.0,0.0,0.0,0.0,3.853517532348633,0.46836090087890625,10.81224501132965,0.0,0.0,0.0,0.0,4.588472366333008,0.533050537109375,12.551676034927368,0.0,0.0,0.0,0.0,6.376445770263672,0.6911525726318359,18.79026985168457,0.0,0.0,0.0,0.0,7.088475465774536,0.5871410369873047,18.50306248664856,0.0,0.0,0.0,0.0,6.649319648742676,0.6476421356201172,17.892879486083984,0.0,0.0,0.0,0.0,7.698055982589722,0.7449140548706055,21.050928354263306,0.0,0.0,0.0,0.0,7.909582495689392,0.7070093154907227,20.795763850212097,0.0,0.0,0.0,0.0,8.009215831756592,0.7098140716552734,21.136474132537842,0.0,0.0,0.0,0.0,7.0867919921875,0.6274852752685547,19.21000576019287,0.0,0.0,0.0,0.0,6.991172790527344,0.6532166004180908,18.810009479522705,0.0,0.0,0.0,0.0,6.847975254058838,0.6548810005187988,17.978724241256714,0.0,0.0,0.0,0.0,6.6731579303741455,0.6617860794067383,17.629368603229523,0.0,0.0,0.0,0.0,6.017316818237305,0.6312947273254395,16.578653812408447,0.010724067687988281,0.010724067687988281,0.5878047943115234,0.5985288619995117,6.122648000717163,0.6029624938964844,17.074655055999756,0.06061410903930664,0.25890588760375977,0.6216444969177246,0.6822586059570312,6.520357191562653,0.6625862121582031,18.71266108751297,0.19143247604370117,0.8875608444213867,0.6003150939941406,0.7917475700378418
48,grounded,50,0.76953125,14.92837107181549,0.9533838033676147,43.605653166770935,0.013440251350402832,0.028246939182281494,0.9494013786315918,0.9628416299819946,14.091001212596893,0.9099810123443604,38.53274917602539,0.012077093124389648,0.0369032621383667,0.896011471748352,0.9080885648727417,13.344662725925446,0.8632402420043945,35.66616827249527,0.0,0.0,0.0,0.0,2.7425308227539062,0.44008827209472656,8.923273086547852,0.0,0.0,0.0,0.0,2.0065994262695312,0.3564472198486328,6.257103145122528,0.0,0.0,0.0,0.0,2.603107452392578,0.37049102783203125,7.743190765380859,0.0,0.0,0.0,0.0,4.153781890869141,0.4448843002319336,11.804286003112793,0.0,0.0,0.0,0.0,5.184826374053955,0.4743499755859375,14.052106022834778,0.0,0.0,0.0,0.0,5.388006210327148,0.533050537109375,15.34946346282959,0.0,0.0,0.0,0.0,8.036439895629883,0.7025179862976074,23.833059310913086,0.0,0.0,0.0,0.0,8.668315887451172,0.6089925765991211,23.57166624069214,0.0,0.0,0.0,0.0,8.629027843475342,0.6332435607910156,22.272098779678345,0.0,0.0,0.0,0.0,10.240056991577148,0.761021614074707,26.979543924331665,0.0,0.0,0.0,0.0,10.132285833358765,0.757960319519043,26.252142667770386,0.0,0.0,0.0,0.0,10.620193839073181,0.7752363681793213,27.112345337867737,0.0,0.0,0.0,0.0,9.407694935798645,0.6735320091247559,24.36019802093506,0.0,0.0,0.0,0.0,9.261711061000824,0.6817042827606201,24.099186301231384,0.0,0.0,0.0,0.0,8.733407974243164,0.6281704902648926,22.821839332580566,0.0,0.0,0.0,0.0,8.131225824356079,0.6835660934448242,21.62335556745529,0.0,0.0,0.0,0.0,7.527113914489746,0.648066520690918,20.549497723579407,0.005480766296386719,0.005480766296386719,0.593048095703125,0.5985288619995117,7.376363277435303,0.6057033538818359,21.22825849056244,0.06766080856323242,0.3130044937133789,0.6145977973937988,0.6822586059570312,7.718019187450409,0.6616477966308594,22.570550620555878,0.18067312240600586,0.7704205513000488,0.6110744476318359,0.7917475700378418
48,hallucinated,51,0.765625,15.865472137928009,0.9543367624282837,44.54275423288345,0.013440251350402832,0.028417766094207764,0.9494013786315918,0.9628416299819946,14.97623497247696,0.9089618921279907,39.41798293590546,0.012077093124389648,0.03362470865249634,0.896011471748352,0.9080885648727417,14.232691586017609,0.8662886619567871,36.55419713258743,0.0,0.0,0.0,0.0,2.8664703369140625,0.44008827209472656,9.047212600708008,0.0,0.0,0.0,0.0,2.1127281188964844,0.3564472198486328,6.363231837749481,0.0,0.0,0.0,0.0,2.757305145263672,0.37049102783203125,7.897388458251953,0.0,0.0,0.0,0.0,4.3108367919921875,0.4448843002319336,11.96134090423584,0.0,0.0,0.0,0.0,5.5413079261779785,0.4743499755859375,14.408587574958801,0.0,0.0,0.0,0.0,5.728538513183594,0.533050537109375,15.689995765686035,0.0,0.0,0.0,0.0,8.515966415405273,0.7025179862976074,24.312585830688477,0.0,0.0,0.0,0.0,9.112186431884766,0.6057529449462891,24.015536785125732,0.0,0.0,0.0,0.0,9.198849201202393,0.6332435607910156,22.841920137405396,0.0,0.0,0.0,0.0,10.6988205909729,0.7497477531433105,27.438307523727417,0.0,0.0,0.0,0.0,10.754336833953857,0.757960319519043,26.87419366836548,0.0,0.0,0.0,0.0,11.187319278717041,0.774653434753418,27.679470777511597,0.0,0.0,0.0,0.0,9.756274461746216,0.6553058624267578,24.70877754688263,0.0,0.0,0.0,0.0,9.674997329711914,0.6817042827606201,24.512472569942474,0.0,0.0,0.0,0.0,9.119914054870605,0.6281704902648926,23.208345413208008,0.0,0.0,0.0,0.0,8.524542450904846,0.6835660934448242,22.01667219400406,0.0,0.0,0.0,0.0,7.899434566497803,0.648066520690918,20.921818375587463,0.005480766296386719,0.005480766296386719,0.593048095703125,0.5985288619995117,7.7285308837890625,0.6057033538818359,21.5804260969162,0.06766080856323242,0.3130044937133789,0.6145977973937988,0.6822586059570312,8.141888856887817,0.6616477966308594,22.994420289993286,0.18067312240600586,0.7704205513000488,0.6110744476318359,0.7917475700378418
49,grounded,48,0.681640625,15.844575881958008,0.95238196849823,41.688789546489716,0.02646428346633911,0.03332477807998657,0.932632327079773,0.9590966105461121,14.98309338092804,0.91623854637146,36.72469085454941,0.020897984504699707,0.042064785957336426,0.8400521278381348,0.8609501123428345,13.950788140296936,0.8763505220413208,33.53430700302124,0.0,0.0,0.0,0.0,2.881702423095703,0.44792938232421875,8.350654602050781,0.0,0.0,0.0,0.0,1.9527950286865234,0.36156463623046875,6.135816812515259,0.0,0.0,0.0,0.0,2.8039093017578125,0.37415122985839844,7.83831787109375,0.0,0.0,0.0,0.0,3.997995376586914,0.44651031494140625,11.051785230636597,0.0,0.0,0.0,0.0,4.64277982711792,0.49072265625,12.986778378486633,0.0,0.0,0.0,0.0,5.538959503173828,0.533050537109375,14.768701314926147,0.0,0.0,0.0,0.0,8.460615158081055,0.7026991844177246,22.67341661453247,0.0,0.0,0.0,0.0,9.000240325927734,0.6262760162353516,22.42457389831543,0.0,0.0,0.0,0.0,8.650546550750732,0.6496257781982422,21.447020053863525,0.0,0.0,0.0,0.0,10.810653686523438,0.7477338314056396,25.984193563461304,0.0,0.0,0.0,0.0,11.248481750488281,0.7694706916809082,26.23461389541626,0.0,0.0,0.0,0.0,11.655315637588501,0.7760651111602783,26.989399671554565,0.0,0.0,0.0,0.0,9.241798400878906,0.6287937164306641,23.02099323272705,0.0,0.0,0.0,0.0,9.658074021339417,0.6886959075927734,23.87745875120163,0.0,0.0,0.0,0.0,8.879201889038086,0.611358642578125,21.840577602386475,0.007480621337890625,0.007480621337890625,0.5788459777832031,0.5863265991210938,8.463520050048828,0.6752834320068359,21.54071456193924,0.0,0.0,0.0,0.0,8.16761589050293,0.6314835548400879,20.50457453727722,0.02129650115966797,0.02129650115966797,0.5772323608398438,0.5985288619995117,7.9938740730285645,0.6216444969177246,20.78673481941223,0.059040069580078125,0.21877288818359375,0.6232185363769531,0.6822586059570312,8.417797088623047,0.6382865905761719,22.33111071586609,0.18132352828979492,0.7135744094848633,0.6104240417480469,0.7917475700378418
49,hallucinated,54,0.6826171875,21.546022653579712,0.9572210311889648,47.39023631811142,0.02646428346633911,0.03332477807998657,0.932632327079773,0.9590966105461121,20.22718697786331,0.9111416339874268,41.96166455745697,0.020897984504699707,0.06953001022338867,0.8400521278381348,0.8609501123428345,19.011351764202118,0.8696490526199341,38.59219366312027,0.0,0.0,0.0,0.0,3.6869468688964844,0.44792938232421875,9.155899047851562,0.0,0.0,0.0,0.0,2.768482208251953,0.36156463623046875,6.9515039920806885,0.0,0.0,0.0,0.0,3.8998641967773438,0.37415122985839844,8.934272766113281,0.0,0.0,0.0,0.0,5.664425849914551,0.44651031494140625,12.718215703964233,0.0,0.0,0.0,0.0,7.013918876647949,0.49072265625,15.357917428016663,0.0,0.0,0.0,0.0,7.609031677246094,0.533050537109375,16.838773488998413,0.0,0.0,0.0,0.0,11.401998519897461,0.7026991844177246,25.614799976348877,0.0,0.0,0.0,0.0,12.033238410949707,0.615753173828125,25.457571983337402,0.0,0.0,0.0,0.0,11.04330825805664,0.6496257781982422,23.839781761169434,0.0,0.0,0.0,0.0,13.272082328796387,0.7477338314056396,28.445622205734253,0.0,0.0,0.0,0.0,13.60524320602417,0.7694706916809082,28.59137535095215,0.0,0.0,0.0,0.0,13.395451545715332,0.7738633155822754,28.729535579681396,0.0,0.0,0.0,0.0,11.356885135173798,0.6287937164306641,25.136079967021942,0.0,0.0,0.0,0.0,11.318443298339844,0.6775989532470703,25.537828028202057,0.0,0.0,0.0,0.0,10.166974067687988,0.611358642578125,23.128349781036377,0.007480621337890625,0.007480621337890625,0.5788459777832031,0.5863265991210938,9.932790875434875,0.6752834320068359,23.009985387325287,0.0,0.0,0.0,0.0,9.10665512084961,0.6314835548400879,21.4436137676239,0.02129650115966797,0.02129650115966797,0.5772323608398438,0.5985288619995117,9.080235481262207,0.6216444969177246,21.873096227645874,0.059040069580078125,0.21877288818359375,0.6232185363769531,0.6822586059570312,9.454010009765625,0.6280479431152344,23.367323637008667,0.18132352828979492,0.7135744094848633,0.6104240417480469,0.7917475700378418
50,grounded,41,0.7314453125,12.029837429523468,0.9431097507476807,35.07411831617355,0.015399575233459473,0.023544728755950928,0.9374520778656006,0.9528516530990601,11.273523449897766,0.8935112357139587,30.672333002090454,0.007419586181640625,0.016952812671661377,0.8347988128662109,0.8422183990478516,10.419509649276733,0.849114179611206,27.910481333732605,0.0,0.0,0.0,0.0,1.8362808227539062,0.4409065246582031,6.380107879638672,0.0,0.0,0.0,0.0,1.5170173645019531,0.3510932922363281,4.922974586486816,0.0,0.0,0.0,0.0,2.275165557861328,0.3767223358154297,6.494024276733398,0.0,0.0,0.0,0.0,3.367304801940918,0.4505195617675781,9.644309043884277,0.0,0.0,0.0,0.0,3.939548969268799,0.4830780029296875,11.180819630622864,0.0,0.0,0.0,0.0,4.71796989440918,0.533050537109375,12.998792171478271,0.0,0.0,0.0,0.0,6.653154373168945,0.689488410949707,19.322450637817383,0.0,0.0,0.0,0.0,7.379274129867554,0.6295871734619141,19.0846688747406,0.0,0.0,0.0,0.0,6.889937400817871,0.6491889953613281,17.961386680603027,0.0,0.0,0.0,0.0,8.380722045898438,0.7564425468444824,22.051809072494507,0.0,0.0,0.0,0.0,8.44306755065918,0.7260608673095703,21.592087745666504,0.0,0.0,0.0,0.0,9.038370609283447,0.8009605407714844,22.3402156829834,0.0,0.0,0.0,0.0,7.7300944328308105,0.6618623733520508,19.998855113983154,0.0,0.0,0.0,0.0,7.878343343734741,0.6812255382537842,20.35247814655304,0.0,0.0,0.0,0.0,7.191003799438477,0.7137784957885742,18.68955659866333,0.0,0.0,0.0,0.0,7.110506772994995,0.6883354187011719,18.50999927520752,0.0,0.0,0.0,0.0,6.565897822380066,0.6467734575271606,17.355129599571228,0.019141197204589844,0.019141197204589844,0.5793876647949219,0.5985288619995117,6.281029224395752,0.6263313293457031,17.449059009552002,0.060329437255859375,0.19165658950805664,0.6219291687011719,0.6822586059570312,6.457494735717773,0.6891078948974609,18.646979570388794,0.1850581169128418,0.7856316566467285,0.606689453125,0.7917475700378418
50,hallucinated,38,0.681640625,9.263073325157166,0.9428532123565674,32.30735421180725,0.015399575233459473,0.023544728755950928,0.9374520778656006,0.9528516530990601,8.541237533092499,0.8924483060836792,27.935518324375153,0.013019382953643799,0.030552685260772705,0.8792026042938232,0.892221987247467,7.72193968296051,0.849114179611206,25.212911367416382,0.0,0.0,0.0,0.0,1.3442916870117188,0.4409065246582031,5.888118743896484,0.0,0.0,0.0,0.0,0.9754791259765625,0.3510932922363281,4.381436347961426,0.0,0.0,0.0,0.0,1.4207534790039062,0.3767223358154297,5.639612197875977,0.0,0.0,0.0,0.0,2.0362091064453125,0.4505195617675781,8.313213348388672,0.0,0.0,0.0,0.0,2.3296847343444824,0.4830780029296875,9.570955395698547,0.0,0.0,0.0,0.0,3.3200950622558594,0.533050537109375,11.600917339324951,0.0,0.0,0.0,0.0,4.555400848388672,0.689488410949707,17.22469711303711,0.0,0.0,0.0,0.0,5.088138580322266,0.5891399383544922,16.793533325195312,0.0,0.0,0.0,0.0,4.490543365478516,0.6491889953613281,15.561992645263672,0.0,0.0,0.0,0.0,5.333030879497528,0.7564425468444824,19.004117906093597,0.0,0.0,0.0,0.0,5.713621139526367,0.7260608673095703,18.86264133453369,0.0,0.0,0.0,0.0,6.048711776733398,0.7664718627929688,19.35055685043335,0.0,0.0,0.0,0.0,4.83968448638916,0.6662530899047852,17.108445167541504,0.0,0.0,0.0,0.0,4.9972991943359375,0.6778903007507324,17.471433997154236,0.0,0.0,0.0,0.0,4.481321811676025,0.6253643035888672,15.979874610900879,0.0,0.0,0.0,0.0,4.038394451141357,0.6883354187011719,15.437886953353882,0.0,0.0,0.0,0.0,3.5313053131103516,0.6246252059936523,14.320537090301514,0.019141197204589844,0.019141197204589844,0.5793876647949219,0.5985288619995117,3.73385751247406,0.6263313293457031,14.90188729763031,0.060329437255859375,0.19165658950805664,0.6219291687011719,0.6822586059570312,3.678129196166992,0.6891078948974609,15.867614030838013,0.1850581169128418,0.7856316566467285,0.606689453125,0.7917475700378418
51,grounded,55,0.64794921875,15.006149113178253,0.9546030759811401,48.45662522315979,0.02045685052871704,0.031153321266174316,0.9512078762054443,0.9716647267341614,14.034624934196472,0.9136931896209717,41.69527071714401,0.02434307336807251,0.06635445356369019,0.846442461013794,0.8707855343818665,13.319718837738037,0.8796942234039307,38.29426449537277,0.0,0.0,0.0,0.0,2.5803985595703125,0.4537353515625,9.017314910888672,0.0,0.0,0.0,0.0,1.9581298828125,0.36214637756347656,6.748239576816559,0.0,0.0,0.0,0.0,2.6603469848632812,0.3867225646972656,8.72127914428711,0.0,0.0,0.0,0.0,3.8424339294433594,0.44720888137817383,12.463371276855469,0.0,0.0,0.0,0.0,4.76322078704834,0.4969902038574219,14.749240517616272,0.0,0.0,0.0,0.0,5.1781158447265625,0.533050537109375,16.64747381210327,0.0,0.0,0.0,0.0,8.229915142059326,0.710667610168457,26.398597240447998,0.0,0.0,0.0,0.0,8.433540344238281,0.6005802154541016,25.832395553588867,0.0,0.0,0.0,0.0,8.895275115966797,0.6635780334472656,24.389074325561523,0.0,0.0,0.0,0.0,10.534576416015625,0.7606682777404785,29.200639486312866,0.0,0.0,0.0,0.0,10.886332154273987,0.7688682079315186,29.426413893699646,0.0,0.0,0.0,0.0,11.368288040161133,0.7743391990661621,30.378078937530518,0.0,0.0,0.0,0.0,8.682898759841919,0.6753225922584534,25.550181686878204,0.0,0.0,0.0,0.0,8.998557806015015,0.6960015296936035,26.114848136901855,0.0,0.0,0.0,0.0,8.359887599945068,0.6257343292236328,23.729746341705322,0.004756927490234375,0.004756927490234375,0.5815696716308594,0.5863265991210938,8.218623876571655,0.6887331008911133,23.16834282875061,0.0,0.0,0.0,0.0,7.471672534942627,0.6584367752075195,22.09856605529785,0.01598644256591797,0.01598644256591797,0.5825424194335938,0.5985288619995117,7.3445329666137695,0.6159515380859375,23.013963997364044,0.06245231628417969,0.2804722785949707,0.6198062896728516,0.6822586059570312,7.683001399040222,0.6846208572387695,24.545215249061584,0.19376897811889648,0.9079689979553223,0.5979785919189453,0.7917475700378418
51,hallucinated,47,0.6328125,7.463283121585846,0.9509751796722412,40.91375923156738,0.02045685052871704,0.02045685052871704,0.9512078762054443,0.9716647267341614,6.941491186618805,0.8991737365722656,34.602136969566345,0.02434307336807251,0.07416790723800659,0.846442461013794,0.8707855343818665,6.514805555343628,0.8576011657714844,31.489351212978363,0.0,0.0,0.0,0.0,1.169097900390625,0.4537353515625,7.606014251708984,0.0,0.0,0.0,0.0,0.8959197998046875,0.36214637756347656,5.686029493808746,0.0,0.0,0.0,0.0,1.2829742431640625,0.3867225646972656,7.343906402587891,0.0,0.0,0.0,0.0,1.8754997253417969,0.44720888137817383,10.496437072753906,0.0,0.0,0.0,0.0,2.1289901733398438,0.4969902038574219,12.115009903907776,0.0,0.0,0.0,0.0,2.5478591918945312,0.533050537109375,14.01721715927124,0.0,0.0,0.0,0.0,3.8914947509765625,0.710667610168457,22.060176849365234,0.0,0.0,0.0,0.0,4.0672926902771,0.6005802154541016,21.466147899627686,0.0,0.0,0.0,0.0,3.8947744369506836,0.6479377746582031,19.38857364654541,0.0,0.0,0.0,0.0,4.418466567993164,0.7437338829040527,23.084529638290405,0.0,0.0,0.0,0.0,4.420366525650024,0.7688682079315186,22.960448265075684,0.0,0.0,0.0,0.0,4.622368097305298,0.7704217433929443,23.632158994674683,0.0,0.0,0.0,0.0,3.6345348358154297,0.6753225922584534,20.501817762851715,0.0,0.0,0.0,0.0,4.010512351989746,0.6707763671875,21.126802682876587,0.0,0.0,0.0,0.0,3.836498260498047,0.6053619384765625,19.2063570022583,0.004756927490234375,0.004756927490234375,0.5815696716308594,0.5863265991210938,3.494100570678711,0.6887331008911133,18.443819522857666,0.0,0.0,0.0,0.0,3.3563308715820312,0.6584367752075195,17.983224391937256,0.01598644256591797,0.01598644256591797,0.5825424194335938,0.5985288619995117,3.4651453495025635,0.6159515380859375,19.134576380252838,0.06245231628417969,0.2804722785949707,0.6198062896728516,0.6822586059570312,3.461958885192871,0.6846208572387695,20.324172735214233,0.19376897811889648,0.9197292327880859,0.5979785919189453,0.7917475700378418
52,grounded,43,0.720703125,13.00415688753128,0.9489908218383789,36.958147048950195,0.01296776533126831,0.02205979824066162,0.9421877861022949,0.9551555514335632,12.191498875617981,0.8979592323303223,32.74071604013443,0.01725172996520996,0.0528484582901001,0.8438588380813599,0.8611105680465698,11.343111634254456,0.8514490127563477,29.982630133628845,0.0,0.0,0.0,0.0,2.0824623107910156,0.43993568420410156,6.94017219543457,0.0,0.0,0.0,0.0,1.4836540222167969,0.3528022766113281,4.989746809005737,0.0,0.0,0.0,0.0,1.928802490234375,0.3734722137451172,6.176763534545898,0.0,0.0,0.0,0.0,3.3911705017089844,0.4384012222290039,9.864131808280945,0.0,0.0,0.0,0.0,3.7182817459106445,0.4644508361816406,10.872274041175842,0.0,0.0,0.0,0.0,4.450489044189453,0.533050537109375,12.821737051010132,0.0,0.0,0.0,0.0,6.343757629394531,0.6919074058532715,19.243882656097412,0.0,0.0,0.0,0.0,7.214227914810181,0.5879459381103516,19.066723108291626,0.0,0.0,0.0,0.0,6.275740623474121,0.6508579254150391,17.70618438720703,0.0,0.0,0.0,0.0,7.739387512207031,0.7480120658874512,21.468496799468994,0.0,0.0,0.0,0.0,8.308400452136993,0.7085399627685547,21.60478812456131,0.0,0.0,0.0,0.0,8.299605131149292,0.707585334777832,21.724538564682007,0.0,0.0,0.0,0.0,6.811142921447754,0.6158523559570312,19.188111305236816,0.0,0.0,0.0,0.0,6.9586793184280396,0.6578349471092224,19.173946499824524,0.0,0.0,0.0,0.0,6.537786483764648,0.5790081024169922,17.937811851501465,0.0,0.0,0.0,0.0,5.9558539390563965,0.6633949279785156,17.144090473651886,0.0,0.0,0.0,0.0,5.488391876220703,0.6443090438842773,16.27088737487793,0.008366584777832031,0.008731842041015625,0.5901622772216797,0.5985288619995117,5.724584579467773,0.6004295349121094,16.82918906211853,0.06650161743164062,0.24776315689086914,0.6157569885253906,0.6822586059570312,6.377138018608093,0.696617603302002,18.62765657901764,0.19411039352416992,0.9593291282653809,0.5976371765136719,0.7917475700378418
52,hallucinated,42,0.72705078125,12.041679680347443,0.9448258876800537,35.99566984176636,0.01296776533126831,0.02205979824066162,0.9421877861022949,0.9551555514335632,11.346185505390167,0.8979592323303223,31.895402669906616,0.01725172996520996,0.052356600761413574,0.8438588380813599,0.8611105680465698,10.521925330162048,0.8514490127563477,29.161443829536438,0.0,0.0,0.0,0.0,2.120311737060547,0.43993568420410156,6.978021621704102,0.0,0.0,0.0,0.0,1.4828948974609375,0.3528022766113281,4.988987684249878,0.0,0.0,0.0,0.0,2.024738311767578,0.3734722137451172,6.272699356079102,0.0,0.0,0.0,0.0,3.17218017578125,0.4384012222290039,9.64514148235321,0.0,0.0,0.0,0.0,3.3647947311401367,0.4644508361816406,10.518787026405334,0.0,0.0,0.0,0.0,4.154224395751953,0.533050537109375,12.525472402572632,0.0,0.0,0.0,0.0,6.073205947875977,0.6919074058532715,18.973330974578857,0.0,0.0,0.0,0.0,6.743632555007935,0.5879459381103516,18.59612774848938,0.0,0.0,0.0,0.0,6.182295799255371,0.6508579254150391,17.61273956298828,0.0,0.0,0.0,0.0,7.527477264404297,0.7480120658874512,21.25658655166626,0.0,0.0,0.0,0.0,7.952374458312988,0.7186415195465088,21.248762130737305,0.0,0.0,0.0,0.0,7.875093460083008,0.7138843536376953,21.300026893615723,0.0,0.0,0.0,0.0,6.4418230056762695,0.6158523559570312,18.818791389465332,0.0,0.0,0.0,0.0,6.714361310005188,0.6578349471092224,18.929628491401672,0.0,0.0,0.0,0.0,6.366367816925049,0.5790081024169922,17.766393184661865,0.0,0.0,0.0,0.0,6.130422234535217,0.6633949279785156,17.318658769130707,0.0,0.0,0.0,0.0,5.566982269287109,0.6443090438842773,16.349477767944336,0.008366584777832031,0.008731842041015625,0.5901622772216797,0.5985288619995117,5.60301399230957,0.6004295349121094,16.707618474960327,0.06650161743164062,0.24776315689086914,0.6157569885253906,0.6822586059570312,6.081306338310242,0.696617603302002,18.331824898719788,0.19411039352416992,0.9730348587036133,0.5976371765136719,0.7917475700378418
53,grounded,33,0.75732421875,7.366352915763855,0.9305518865585327,27.62592488527298,0.023992955684661865,0.041297972202301025,0.9246864318847656,0.9486793875694275,6.86296933889389,0.8872761726379395,23.719686031341553,0.009534120559692383,0.01689547300338745,0.8196442127227783,0.8291783332824707,6.2249085903167725,0.8446884155273438,21.58184289932251,0.0,0.0,0.0,0.0,1.2350311279296875,0.4313774108886719,5.403373718261719,0.0,0.0,0.0,0.0,0.781768798828125,0.3514900207519531,3.9306721687316895,0.0,0.0,0.0,0.0,1.134033203125,0.36446189880371094,5.035253524780273,0.0,0.0,0.0,0.0,1.8263168334960938,0.43129634857177734,7.224592566490173,0.0,0.0,0.0,0.0,1.9843521118164062,0.4655189514160156,8.343958497047424,0.0,0.0,0.0,0.0,2.5078582763671875,0.533050537109375,9.783294677734375,0.0,0.0,0.0,0.0,3.700244903564453,0.6858921051025391,14.802618026733398,0.0,0.0,0.0,0.0,4.147054672241211,0.5942840576171875,14.489194869995117,0.0,0.0,0.0,0.0,4.091836929321289,0.6455039978027344,13.98335075378418,0.0,0.0,0.0,0.0,4.842210292816162,0.7325775623321533,16.637017488479614,0.0,0.0,0.0,0.0,5.2969465255737305,0.7607336044311523,17.153674125671387,0.0,0.0,0.0,0.0,5.34605598449707,0.7278623580932617,17.70295000076294,0.0,0.0,0.0,0.0,4.310549736022949,0.6767349243164062,15.501389503479004,0.0,0.0,0.0,0.0,4.322185516357422,0.6937980651855469,15.177784502506256,0.0,0.0,0.0,0.0,3.974698543548584,0.6128082275390625,14.372066020965576,0.0,0.0,0.0,0.0,3.902096748352051,0.6896686553955078,14.392891943454742,0.0,0.0,0.0,0.0,3.4591846466064453,0.664647102355957,13.296220302581787,0.0,0.0,0.0,0.0,3.472506523132324,0.6282377243041992,13.827359437942505,0.06670665740966797,0.29833412170410156,0.6155519485473633,0.6822586059570312,3.7751327753067017,0.6712064743041992,14.895317435264587,0.18030118942260742,0.8386020660400391,0.6114463806152344,0.7917475700378418
53,hallucinated,37,0.77001953125,10.998659133911133,0.9356015920639038,31.258231103420258,0.023992955684661865,0.04124259948730469,0.9246864318847656,0.9486793875694275,10.168114066123962,0.8742415904998779,27.02128690481186,0.017380118370056152,0.04412919282913208,0.8607639074325562,0.8781440258026123,9.275904893875122,0.8446884155273438,24.63283920288086,0.0,0.0,0.0,0.0,1.6304779052734375,0.4313774108886719,5.798820495605469,0.0,0.0,0.0,0.0,1.4126358032226562,0.3514900207519531,4.561539173126221,0.0,0.0,0.0,0.0,1.9485549926757812,0.36446189880371094,5.849775314331055,0.0,0.0,0.0,0.0,2.679971694946289,0.43129634857177734,8.078247427940369,0.0,0.0,0.0,0.0,3.342681884765625,0.4655189514160156,9.702288269996643,0.0,0.0,0.0,0.0,4.19580078125,0.533050537109375,11.471237182617188,0.0,0.0,0.0,0.0,5.722143173217773,0.6858921051025391,16.82451629638672,0.0,0.0,0.0,0.0,6.2649383544921875,0.5942840576171875,16.607078552246094,0.0,0.0,0.0,0.0,5.831357955932617,0.6455039978027344,15.722871780395508,0.0,0.0,0.0,0.0,6.864975929260254,0.7325775623321533,18.659783124923706,0.0,0.0,0.0,0.0,7.537694931030273,0.7607336044311523,19.39442253112793,0.0,0.0,0.0,0.0,7.875782489776611,0.742734432220459,20.23267650604248,0.0,0.0,0.0,0.0,6.9321208000183105,0.6767349243164062,18.122960567474365,0.0,0.0,0.0,0.0,6.806292533874512,0.6937980651855469,17.661891520023346,0.0,0.0,0.0,0.0,6.394721031188965,0.6256952285766602,16.792088508605957,0.0,0.0,0.0,0.0,6.185834884643555,0.6896686553955078,16.676630079746246,0.0,0.0,0.0,0.0,5.625025749206543,0.664647102355957,15.462061405181885,0.0,0.0,0.0,0.0,5.410808563232422,0.6282377243041992,15.765661478042603,0.06670665740966797,0.29833412170410156,0.6155519485473633,0.6822586059570312,5.592058181762695,0.6712064743041992,16.71224284172058,0.18030118942260742,0.9154596328735352,0.6114463806152344,0.7917475700378418
54,grounded,44,0.70654296875,13.010520100593567,0.9511678218841553,37.92201566696167,0.02453070878982544,0.03412503004074097,0.9324835538864136,0.957014262676239,12.181283354759216,0.8931450843811035,33.082856595516205,0.02536904811859131,0.06807577610015869,0.8343707323074341,0.8597397804260254,11.077478110790253,0.8556513786315918,29.792482912540436,0.0,0.0,0.0,0.0,1.6709747314453125,0.43457603454589844,6.339914321899414,0.0,0.0,0.0,0.0,1.3727684020996094,0.3548555374145508,4.773226499557495,0.0,0.0,0.0,0.0,1.8562660217285156,0.38443565368652344,6.235921859741211,0.0,0.0,0.0,0.0,2.95587158203125,0.44690418243408203,9.345906019210815,0.0,0.0,0.0,0.0,3.558288097381592,0.4934730529785156,10.962185025215149,0.0,0.0,0.0,0.0,4.3150787353515625,0.533050537109375,13.035368204116821,0.0,0.0,0.0,0.0,6.471046447753906,0.6915998458862305,19.940073013305664,0.0,0.0,0.0,0.0,6.6685181856155396,0.5815868377685547,19.21550953388214,0.0,0.0,0.0,0.0,6.546340107917786,0.6523418426513672,18.6515074968338,0.0,0.0,0.0,0.0,7.779079914093018,0.7435517311096191,22.5303475856781,0.0,0.0,0.0,0.0,7.908487558364868,0.7258000373840332,22.53222417831421,0.0,0.0,0.0,0.0,7.945149779319763,0.7545424699783325,22.638994216918945,0.0,0.0,0.0,0.0,6.793120622634888,0.6621236801147461,20.27941870689392,0.0,0.0,0.0,0.0,6.588008463382721,0.6563218235969543,19.795188188552856,0.0,0.0,0.0,0.0,6.258384704589844,0.5968551635742188,18.671241283416748,0.0,0.0,0.0,0.0,5.715112566947937,0.6817607879638672,17.788661658763885,0.0,0.0,0.0,0.0,5.315985679626465,0.6219568252563477,17.024245500564575,0.02798748016357422,0.02798748016357422,0.5705413818359375,0.5985288619995117,5.251420021057129,0.6323999762535095,17.400934875011444,0.06061410903930664,0.23250722885131836,0.6216444969177246,0.6822586059570312,5.558438301086426,0.6873993873596191,18.78913712501526,0.1915583610534668,0.9426412582397461,0.600189208984375,0.7917475700378418
54,hallucinated,38,0.72119140625,7.371518075466156,0.9437822103500366,32.28301364183426,0.02453070878982544,0.03412503004074097,0.9324835538864136,0.957014262676239,6.8788979053497314,0.8878579139709473,27.78047114610672,0.02536904811859131,0.06395769119262695,0.8343707323074341,0.8597397804260254,6.272693693637848,0.8518390655517578,24.98769849538803,0.0,0.0,0.0,0.0,1.066802978515625,0.43457603454589844,5.735742568969727,0.0,0.0,0.0,0.0,0.8650016784667969,0.3548555374145508,4.265459775924683,0.0,0.0,0.0,0.0,1.2753334045410156,0.38443565368652344,5.654989242553711,0.0,0.0,0.0,0.0,1.7872085571289062,0.44690418243408203,8.177242994308472,0.0,0.0,0.0,0.0,2.1777024269104004,0.4934730529785156,9.581599354743958,0.0,0.0,0.0,0.0,2.7362098693847656,0.533050537109375,11.456499338150024,0.0,0.0,0.0,0.0,3.880960464477539,0.6915998458862305,17.349987030029297,0.0,0.0,0.0,0.0,4.018266797065735,0.5815868377685547,16.565258145332336,0.0,0.0,0.0,0.0,4.159711480140686,0.6523418426513672,16.2648788690567,0.0,0.0,0.0,0.0,4.837874889373779,0.7435517311096191,19.589142560958862,0.0,0.0,0.0,0.0,4.914195656776428,0.7258000373840332,19.53793227672577,0.0,0.0,0.0,0.0,5.29433000087738,0.7545424699783325,19.988174438476562,0.0,0.0,0.0,0.0,4.553961753845215,0.6668729782104492,18.040259838104248,0.0,0.0,0.0,0.0,4.25976425409317,0.6563218235969543,17.466943979263306,0.0,0.0,0.0,0.0,4.077613353729248,0.5968551635742188,16.490469932556152,0.0,0.0,0.0,0.0,3.943721890449524,0.6817607879638672,16.017270982265472,0.0,0.0,0.0,0.0,3.5204830169677734,0.6219568252563477,15.228742837905884,0.02798748016357422,0.02798748016357422,0.5705413818359375,0.5985288619995117,3.4519025087356567,0.6323999762535095,15.601417362689972,0.06061410903930664,0.23250722885131836,0.6216444969177246,0.6822586059570312,3.6209888458251953,0.6873993873596191,16.85168766975403,0.1915583610534668,0.9426412582397461,0.600189208984375,0.7917475700378418
55,grounded,38,0.7060546875,11.070089042186737,0.9416896104812622,32.23211997747421,0.02150493860244751,0.03312581777572632,0.9300150871276855,0.9515200257301331,10.298734068870544,0.895089864730835,28.12835842370987,0.0055678486824035645,0.009019732475280762,0.8975549340248108,0.9031227827072144,9.494489431381226,0.8501722812652588,25.62404477596283,0.0,0.0,0.0,0.0,1.855377197265625,0.4310493469238281,6.201507568359375,0.0,0.0,0.0,0.0,1.7338981628417969,0.3540515899658203,5.252103805541992,0.0,0.0,0.0,0.0,2.1090736389160156,0.3664569854736328,6.357507705688477,0.0,0.0,0.0,0.0,2.972675323486328,0.4480161666870117,8.811753749847412,0.0,0.0,0.0,0.0,3.8628664016723633,0.4722099304199219,10.693746209144592,0.0,0.0,0.0,0.0,4.115089416503906,0.533050537109375,11.682405710220337,0.0,0.0,0.0,0.0,6.046276092529297,0.6970033645629883,17.839762687683105,0.0,0.0,0.0,0.0,6.856186866760254,0.6399250030517578,17.849982261657715,0.0,0.0,0.0,0.0,6.587770462036133,0.6443920135498047,17.016517639160156,0.0,0.0,0.0,0.0,7.628749847412109,0.7293791770935059,20.220707893371582,0.0,0.0,0.0,0.0,8.134323358535767,0.7350654602050781,20.68047785758972,0.0,0.0,0.0,0.0,8.524951696395874,0.7584218978881836,21.228506684303284,0.0,0.0,0.0,0.0,7.0292277336120605,0.6519962549209595,18.664912343025208,0.0,0.0,0.0,0.0,7.069886922836304,0.6465727090835571,18.658754229545593,0.0,0.0,0.0,0.0,6.443744659423828,0.6373786926269531,17.270970821380615,0.0,0.0,0.0,0.0,6.468756914138794,0.6626873016357422,17.30133807659149,0.0,0.0,0.0,0.0,5.83746063709259,0.6146860122680664,16.03585195541382,0.011672019958496094,0.011672019958496094,0.5868568420410156,0.5985288619995117,5.698240041732788,0.6190338134765625,16.33802604675293,0.06061410903930664,0.2877626419067383,0.6216444969177246,0.6822586059570312,5.670870780944824,0.6424283981323242,17.368880033493042,0.18565893173217773,0.8607292175292969,0.6060886383056641,0.7917475700378418
55,hallucinated,36,0.7158203125,9.223529517650604,0.9378588199615479,30.38556045293808,0.02150493860244751,0.03312581777572632,0.9300150871276855,0.9515200257301331,8.584769427776337,0.8870053291320801,26.40092360973358,0.0062920451164245605,0.014903604984283447,0.8932268619537354,0.8995189070701599,7.862958550453186,0.8446884155273438,23.997616052627563,0.0,0.0,0.0,0.0,1.487152099609375,0.4310493469238281,5.833282470703125,0.0,0.0,0.0,0.0,1.19952392578125,0.3540515899658203,4.717729568481445,0.0,0.0,0.0,0.0,1.5615959167480469,0.3664569854736328,5.810029983520508,0.0,0.0,0.0,0.0,2.3562240600585938,0.4480161666870117,8.195302486419678,0.0,0.0,0.0,0.0,2.915372848510742,0.4722099304199219,9.746252655982971,0.0,0.0,0.0,0.0,3.3578758239746094,0.533050537109375,10.92519211769104,0.0,0.0,0.0,0.0,4.729192733764648,0.6970033645629883,16.522679328918457,0.0,0.0,0.0,0.0,5.337795257568359,0.6035003662109375,16.33159065246582,0.0,0.0,0.0,0.0,4.87712287902832,0.6443920135498047,15.305870056152344,0.0,0.0,0.0,0.0,5.90197229385376,0.7293791770935059,18.493930339813232,0.0,0.0,0.0,0.0,6.202714920043945,0.7255821228027344,18.7488694190979,0.0,0.0,0.0,0.0,6.53304123878479,0.7583822011947632,19.2365962266922,0.0,0.0,0.0,0.0,5.408810615539551,0.6519962549209595,17.044495224952698,0.0,0.0,0.0,0.0,5.585903763771057,0.6701428890228271,17.174771070480347,0.0,0.0,0.0,0.0,5.075098514556885,0.6165704727172852,15.902324676513672,0.0,0.0,0.0,0.0,4.775484561920166,0.6626873016357422,15.608065724372864,0.0,0.0,0.0,0.0,4.372103691101074,0.6146860122680664,14.570495009422302,0.011672019958496094,0.011672019958496094,0.5868568420410156,0.5985288619995117,4.444825649261475,0.6190338134765625,15.084611654281616,0.06061410903930664,0.2877626419067383,0.6216444969177246,0.6822586059570312,4.327699661254883,0.6424283981323242,16.0257089138031,0.18565893173217773,0.8207592964172363,0.6060886383056641,0.7917475700378418
56,grounded,39,0.77099609375,11.952248752117157,0.9344102144241333,33.14695805311203,0.02093583345413208,0.03457099199295044,0.9296128749847412,0.9505487084388733,11.19992846250534,0.8914664387702942,29.036248564720154,0.00842142105102539,0.016417503356933594,0.8310344219207764,0.8394558429718018,10.037390232086182,0.8446884155273438,25.969048261642456,0.0,0.0,0.0,0.0,1.9511337280273438,0.4369010925292969,6.316436767578125,0.0,0.0,0.0,0.0,1.533203125,0.34856414794921875,4.766813278198242,0.0,0.0,0.0,0.0,1.9306068420410156,0.36260414123535156,5.845785140991211,0.0,0.0,0.0,0.0,2.839916229248047,0.43683719635009766,8.459601640701294,0.0,0.0,0.0,0.0,3.917418956756592,0.4688758850097656,10.499656796455383,0.0,0.0,0.0,0.0,4.512639999389648,0.533050537109375,12.198386669158936,0.0,0.0,0.0,0.0,6.435325622558594,0.6890597343444824,18.14921808242798,0.0,0.0,0.0,0.0,7.328818321228027,0.6671962738037109,18.346298217773438,0.0,0.0,0.0,0.0,6.81775689125061,0.6484642028808594,17.09555459022522,0.0,0.0,0.0,0.0,8.284360408782959,0.7456207275390625,20.468425512313843,0.0,0.0,0.0,0.0,9.0418541431427,0.7534446716308594,21.300026178359985,0.0,0.0,0.0,0.0,9.00914192199707,0.7592792510986328,21.63978862762451,0.0,0.0,0.0,0.0,7.17261815071106,0.6639354228973389,18.68720817565918,0.0,0.0,0.0,0.0,7.2306734919548035,0.7088804244995117,18.422270238399506,0.0,0.0,0.0,0.0,6.934352874755859,0.6127090454101562,17.460131645202637,0.0,0.0,0.0,0.0,6.767683982849121,0.7052097320556641,17.413074672222137,0.0,0.0,0.0,0.0,6.112999677658081,0.6383500099182129,16.0103759765625,0.0,0.0,0.0,0.0,5.978755950927734,0.6252155303955078,16.477898359298706,0.07438945770263672,0.3237481117248535,0.6078691482543945,0.6822586059570312,6.568307816982269,0.6785259246826172,17.897742927074432,0.1811976432800293,0.9508483409881592,0.6105499267578125,0.7917475700378418
56,hallucinated,39,0.751953125,12.003313422203064,0.9427788257598877,33.19802272319794,0.02093583345413208,0.033264219760894775,0.9296128749847412,0.9505487084388733,11.156502366065979,0.887664794921875,28.984471142292023,0.018501102924346924,0.038979291915893555,0.8653013706207275,0.8838024735450745,10.220976114273071,0.8446884155273438,26.1659916639328,0.0,0.0,0.0,0.0,1.7951736450195312,0.4369010925292969,6.1604766845703125,0.0,0.0,0.0,0.0,1.3438720703125,0.34856414794921875,4.577482223510742,0.0,0.0,0.0,0.0,1.8286590576171875,0.36260414123535156,5.743837356567383,0.0,0.0,0.0,0.0,2.970132827758789,0.43683719635009766,8.589818239212036,0.0,0.0,0.0,0.0,3.888010025024414,0.4688758850097656,10.470247864723206,0.0,0.0,0.0,0.0,4.571620941162109,0.533050537109375,12.257367610931396,0.0,0.0,0.0,0.0,6.355205535888672,0.6890597343444824,18.069097995758057,0.0,0.0,0.0,0.0,7.005544662475586,0.5946521759033203,18.023024559020996,0.0,0.0,0.0,0.0,6.674777507781982,0.6484642028808594,16.952575206756592,0.0,0.0,0.0,0.0,7.751789331436157,0.736152172088623,19.93585443496704,0.0,0.0,0.0,0.0,8.40656042098999,0.7506647109985352,20.664732456207275,0.0,0.0,0.0,0.0,8.32553482055664,0.7452383041381836,20.956181526184082,0.0,0.0,0.0,0.0,7.274969577789307,0.6639354228973389,18.789559602737427,0.0,0.0,0.0,0.0,7.389739394187927,0.7088804244995117,18.58133614063263,0.0,0.0,0.0,0.0,7.031218528747559,0.6105136871337891,17.556997299194336,0.0,0.0,0.0,0.0,6.837396919727325,0.7052097320556641,17.482787609100342,0.0,0.0,0.0,0.0,6.056914150714874,0.6578529477119446,15.954290449619293,0.0,0.0,0.0,0.0,5.733304023742676,0.6252155303955078,16.232446432113647,0.07438945770263672,0.3237481117248535,0.6078691482543945,0.6822586059570312,5.956216812133789,0.6785259246826172,17.285651922225952,0.1811976432800293,0.876204252243042,0.6105499267578125,0.7917475700378418
57,grounded,32,0.76953125,7.342247486114502,0.9313291311264038,26.678074419498444,0.02222830057144165,0.03260296583175659,0.9226729869842529,0.9449012875556946,6.8330705761909485,0.8886300325393677,23.113450527191162,0.012552142143249512,0.020485281944274902,0.8657951354980469,0.8783472776412964,6.197624504566193,0.8446884155273438,20.584316313266754,0.0,0.0,0.0,0.0,1.3068008422851562,0.4251861572265625,5.204730987548828,0.0,0.0,0.0,0.0,0.9578704833984375,0.3446369171142578,3.985224723815918,0.0,0.0,0.0,0.0,1.3888053894042969,0.36759185791015625,5.1632537841796875,0.0,0.0,0.0,0.0,1.978475570678711,0.4450407028198242,7.407076120376587,0.0,0.0,0.0,0.0,2.068225860595703,0.467010498046875,8.1705824136734,0.0,0.0,0.0,0.0,2.54840087890625,0.533050537109375,9.498806238174438,0.0,0.0,0.0,0.0,3.9809513092041016,0.6869959831237793,14.645128726959229,0.0,0.0,0.0,0.0,4.170982360839844,0.5952606201171875,14.002458572387695,0.0,0.0,0.0,0.0,4.115440845489502,0.621307373046875,13.452820301055908,0.0,0.0,0.0,0.0,5.040458679199219,0.7118573188781738,16.166804790496826,0.0,0.0,0.0,0.0,5.256590366363525,0.7143559455871582,16.204512119293213,0.0,0.0,0.0,0.0,5.108651161193848,0.7107324600219727,16.252994298934937,0.0,0.0,0.0,0.0,4.32169771194458,0.6280803680419922,14.607704162597656,0.0,0.0,0.0,0.0,4.156716346740723,0.6507787704467773,14.440537631511688,0.0,0.0,0.0,0.0,3.8951797485351562,0.5894222259521484,13.525698184967041,0.0,0.0,0.0,0.0,3.892270088195801,0.651611328125,13.495758950710297,0.0,0.0,0.0,0.0,3.6304264068603516,0.6200098991394043,12.77164602279663,0.005749702453613281,0.006343841552734375,0.5927791595458984,0.5985288619995117,3.656165599822998,0.6230354309082031,13.417752265930176,0.06061410903930664,0.24745798110961914,0.6216444969177246,0.6822586059570312,3.9889562129974365,0.668487548828125,14.343345165252686,0.1717391014099121,0.7816581726074219,0.6200084686279297,0.7917475700378418
57,hallucinated,33,0.81494140625,8.2712322473526,0.9313783645629883,27.60705918073654,0.02222830057144165,0.031237244606018066,0.9226729869842529,0.9449012875556946,7.702951073646545,0.8800961971282959,23.98006635904312,0.019278645515441895,0.028762102127075195,0.8594985008239746,0.8787771463394165,6.883046627044678,0.8446884155273438,21.27011799812317,0.0,0.0,0.0,0.0,1.2967147827148438,0.4251861572265625,5.194644927978516,0.0,0.0,0.0,0.0,1.0714302062988281,0.3446369171142578,4.098784446716309,0.0,0.0,0.0,0.0,1.5822219848632812,0.36759185791015625,5.356670379638672,0.0,0.0,0.0,0.0,2.2497692108154297,0.4450407028198242,7.678369760513306,0.0,0.0,0.0,0.0,2.434274673461914,0.467010498046875,8.536631226539612,0.0,0.0,0.0,0.0,3.161224365234375,0.533050537109375,10.111629724502563,0.0,0.0,0.0,0.0,4.242088317871094,0.6869959831237793,14.90626573562622,0.0,0.0,0.0,0.0,4.789217233657837,0.5804882049560547,14.620693445205688,0.0,0.0,0.0,0.0,4.601808071136475,0.621307373046875,13.93918752670288,0.0,0.0,0.0,0.0,5.34678840637207,0.7118573188781738,16.473134517669678,0.0,0.0,0.0,0.0,5.40431022644043,0.6901340484619141,16.352231979370117,0.0,0.0,0.0,0.0,5.653799533843994,0.7022731304168701,16.798142671585083,0.0,0.0,0.0,0.0,5.132786512374878,0.6292762756347656,15.418792963027954,0.0,0.0,0.0,0.0,4.751605987548828,0.6507787704467773,15.035427272319794,0.0,0.0,0.0,0.0,4.356287002563477,0.5894222259521484,13.986805438995361,0.0,0.0,0.0,0.0,4.244930267333984,0.651611328125,13.84841912984848,0.0,0.0,0.0,0.0,4.167454242706299,0.6200098991394043,13.308673858642578,0.005749702453613281,0.006343841552734375,0.5927791595458984,0.5985288619995117,3.827425956726074,0.6230354309082031,13.589012622833252,0.06061410903930664,0.24745798110961914,0.6216444969177246,0.6822586059570312,4.115422248840332,0.668487548828125,14.469811201095581,0.1717391014099121,0.7816581726074219,0.6200084686279297,0.7917475700378418
58,grounded,36,0.775390625,9.227596700191498,0.9406089782714844,30.38360506296158,0.02253931760787964,0.03912556171417236,0.9289426803588867,0.9514819979667664,8.616062045097351,0.88958740234375,26.375623047351837,0.012903928756713867,0.01651322841644287,0.8287932872772217,0.8416972160339355,7.69182288646698,0.8446884155273438,23.335967302322388,0.0,0.0,0.0,0.0,1.407318115234375,0.4270820617675781,5.642799377441406,0.0,0.0,0.0,0.0,0.89239501953125,0.3438129425048828,4.025380492210388,0.0,0.0,0.0,0.0,1.253265380859375,0.3589515686035156,5.099391937255859,0.0,0.0,0.0,0.0,2.1832237243652344,0.4387636184692383,7.58528196811676,0.0,0.0,0.0,0.0,2.4175318479537964,0.4603271484375,8.862492084503174,0.0,0.0,0.0,0.0,3.2185535430908203,0.533050537109375,10.742073059082031,0.0,0.0,0.0,0.0,4.368074417114258,0.6894817352294922,15.908407211303711,0.0,0.0,0.0,0.0,5.03583288192749,0.5846767425537109,15.650779247283936,0.0,0.0,0.0,0.0,4.544462203979492,0.6321220397949219,14.627996444702148,0.0,0.0,0.0,0.0,5.47040456533432,0.7424750328063965,17.81256812810898,0.0,0.0,0.0,0.0,5.723694801330566,0.7199182510375977,17.76749610900879,0.0,0.0,0.0,0.0,5.836297512054443,0.7206330299377441,17.978257179260254,0.0,0.0,0.0,0.0,5.067202568054199,0.640380859375,16.274514198303223,0.0,0.0,0.0,0.0,5.083392858505249,0.6551637649536133,16.242845058441162,0.0,0.0,0.0,0.0,4.374797821044922,0.5830421447753906,14.550834655761719,0.0,0.0,0.0,0.0,4.141457259654999,0.6379423141479492,14.293015718460083,0.0,0.0,0.0,0.0,3.793703079223633,0.6052007675170898,13.39877438545227,0.008595466613769531,0.008595466613769531,0.5899333953857422,0.5985288619995117,3.7005367279052734,0.6082038879394531,13.842102766036987,0.06061410903930664,0.2808265686035156,0.6216444969177246,0.6822586059570312,3.694241523742676,0.6404972076416016,14.567539930343628,0.18032598495483398,0.8116550445556641,0.6114215850830078,0.7917475700378418
58,hallucinated,35,0.76904296875,8.287163197994232,0.936500072479248,29.443171560764313,0.02253931760787964,0.03912556171417236,0.9289426803588867,0.9514819979667664,7.725787281990051,0.8879784345626831,25.485348284244537,0.012903928756713867,0.01651322841644287,0.8287932872772217,0.8416972160339355,6.92010772228241,0.8446884155273438,22.564252138137817,0.0,0.0,0.0,0.0,1.2889404296875,0.4270820617675781,5.524421691894531,0.0,0.0,0.0,0.0,0.8181076049804688,0.3438129425048828,3.951093077659607,0.0,0.0,0.0,0.0,1.1486053466796875,0.3589515686035156,4.994731903076172,0.0,0.0,0.0,0.0,1.9570236206054688,0.4387636184692383,7.359081864356995,0.0,0.0,0.0,0.0,2.2080944776535034,0.4603271484375,8.65305471420288,0.0,0.0,0.0,0.0,2.903871536254883,0.533050537109375,10.427391052246094,0.0,0.0,0.0,0.0,3.933530807495117,0.6894817352294922,15.47386360168457,0.0,0.0,0.0,0.0,4.569169521331787,0.5846767425537109,15.184115886688232,0.0,0.0,0.0,0.0,4.169744491577148,0.6321220397949219,14.253278732299805,0.0,0.0,0.0,0.0,5.097380578517914,0.7424750328063965,17.439544141292572,0.0,0.0,0.0,0.0,5.368007659912109,0.7199182510375977,17.411808967590332,0.0,0.0,0.0,0.0,5.3951191902160645,0.7206330299377441,17.537078857421875,0.0,0.0,0.0,0.0,4.71523380279541,0.640380859375,15.922545433044434,0.0,0.0,0.0,0.0,4.686919927597046,0.6551637649536133,15.846372127532959,0.0,0.0,0.0,0.0,4.123508453369141,0.5830421447753906,14.299545288085938,0.0,0.0,0.0,0.0,3.92985600233078,0.6379423141479492,14.081414461135864,0.0,0.0,0.0,0.0,3.6106204986572266,0.6052007675170898,13.215691804885864,0.008595466613769531,0.008595466613769531,0.5899333953857422,0.5985288619995117,3.4939937591552734,0.6082038879394531,13.635559797286987,0.06061410903930664,0.2808265686035156,0.6216444969177246,0.6822586059570312,3.4759950637817383,0.6404972076416016,14.34929347038269,0.18032598495483398,0.8116550445556641,0.6114215850830078,0.7917475700378418
59,grounded,53,0.69091796875,23.416401505470276,0.953003466129303,46.428025126457214,0.01517188549041748,0.02894347906112671,0.9379546642303467,0.9531265497207642,21.91859143972397,0.9015988111495972,41.61584144830704,0.01691603660583496,0.04064673185348511,0.8399629592895508,0.8568789958953857,19.818023562431335,0.8478984832763672,37.536096811294556,0.0,0.0,0.0,0.0,3.7381019592285156,0.44043540954589844,8.393415451049805,0.0,0.0,0.0,0.0,2.510009765625,0.35184669494628906,5.749192714691162,0.0,0.0,0.0,0.0,4.025299072265625,0.3700408935546875,8.085884094238281,0.0,0.0,0.0,0.0,5.483100891113281,0.43238067626953125,11.320263743400574,0.0,0.0,0.0,0.0,6.880914688110352,0.4712677001953125,13.763825058937073,0.0,0.0,0.0,0.0,7.69233512878418,0.533050537109375,15.727232456207275,0.0,0.0,0.0,0.0,11.49759292602539,0.6902327537536621,24.036003589630127,0.0,0.0,0.0,0.0,12.651269912719727,0.5840644836425781,24.134925842285156,0.0,0.0,0.0,0.0,11.22607421875,0.642364501953125,22.21121597290039,0.0,0.0,0.0,0.0,13.479296684265137,0.7423644065856934,26.57762050628662,0.0,0.0,0.0,0.0,13.210188627243042,0.7271327972412109,26.032728910446167,0.0,0.0,0.0,0.0,13.62240719795227,0.7132549285888672,26.51693606376648,0.0,0.0,0.0,0.0,11.648833751678467,0.6463356018066406,23.72490882873535,0.0,0.0,0.0,0.0,12.012786149978638,0.6425848007202148,23.823230743408203,0.0,0.0,0.0,0.0,11.027120590209961,0.5786228179931641,22.07921075820923,0.0,0.0,0.0,0.0,9.997051000595093,0.6689224243164062,20.866520166397095,0.0,0.0,0.0,0.0,8.710397720336914,0.6167716979980469,19.134379625320435,0.021248817443847656,0.030872344970703125,0.5772800445556641,0.5985288619995117,9.4616060256958,0.6093177795410156,20.369953870773315,0.06061410903930664,0.25032997131347656,0.6216444969177246,0.6822586059570312,9.402504920959473,0.6489362716674805,21.33767533302307,0.19420766830444336,0.8604154586791992,0.5975399017333984,0.7917475700378418
59,hallucinated,43,0.75244140625,13.896221339702606,0.9453990459442139,36.907844960689545,0.01517188549041748,0.026258230209350586,0.9379546642303467,0.9531265497207642,13.098919749259949,0.9061239957809448,32.79829281568527,0.01691603660583496,0.04304403066635132,0.8399629592895508,0.8568789958953857,12.002819061279297,0.8502010107040405,29.72319483757019,0.0,0.0,0.0,0.0,2.26751708984375,0.44043540954589844,6.922830581665039,0.0,0.0,0.0,0.0,1.6093254089355469,0.35184669494628906,4.848508358001709,0.0,0.0,0.0,0.0,2.0664443969726562,0.3700408935546875,6.1270294189453125,0.0,0.0,0.0,0.0,3.2613525390625,0.43238067626953125,9.098515391349792,0.0,0.0,0.0,0.0,4.158376932144165,0.4712677001953125,11.041287302970886,0.0,0.0,0.0,0.0,5.002157211303711,0.533050537109375,13.037054538726807,0.0,0.0,0.0,0.0,6.93804931640625,0.6902327537536621,19.476459980010986,0.0,0.0,0.0,0.0,7.639878273010254,0.6000156402587891,19.123534202575684,0.0,0.0,0.0,0.0,6.895699560642242,0.642364501953125,17.880841314792633,0.0,0.0,0.0,0.0,8.551797866821289,0.7423644065856934,21.650121688842773,0.0,0.0,0.0,0.0,8.495839357376099,0.7271327972412109,21.318379640579224,0.0,0.0,0.0,0.0,8.78724980354309,0.7231287956237793,21.6817786693573,0.0,0.0,0.0,0.0,7.7669148445129395,0.6491312980651855,19.842989921569824,0.0,0.0,0.0,0.0,7.683579444885254,0.6849455833435059,19.49402403831482,0.0,0.0,0.0,0.0,7.196116924285889,0.6174821853637695,18.248207092285156,0.0,0.0,0.0,0.0,6.829969763755798,0.6689224243164062,17.6994389295578,0.0,0.0,0.0,0.0,6.064322471618652,0.6167716979980469,16.488304376602173,0.021248817443847656,0.030872344970703125,0.5772800445556641,0.5985288619995117,6.23579728603363,0.6093177795410156,17.144145131111145,0.06061410903930664,0.25032997131347656,0.6216444969177246,0.6822586059570312,6.3878021240234375,0.6489362716674805,18.322972536087036,0.19420766830444336,0.8604154586791992,0.5975399017333984,0.7917475700378418
60,grounded,35,0.72705078125,9.176458656787872,0.9351181983947754,29.43415880203247,0.021724581718444824,0.031952619552612305,0.9270768165588379,0.9488013982772827,8.497042953968048,0.8767917156219482,25.26241236925125,0.007028818130493164,0.01706904172897339,0.8137071132659912,0.8207359313964844,7.718052864074707,0.8446884155273438,22.84715723991394,0.0,0.0,0.0,0.0,1.3609542846679688,0.43597984313964844,5.39409065246582,0.0,0.0,0.0,0.0,1.0892715454101562,0.34465599060058594,4.182111382484436,0.0,0.0,0.0,0.0,1.6172027587890625,0.3686065673828125,5.330181121826172,0.0,0.0,0.0,0.0,2.253694534301758,0.4442262649536133,7.628653407096863,0.0,0.0,0.0,0.0,2.658501625061035,0.4606513977050781,9.012590050697327,0.0,0.0,0.0,0.0,3.4238357543945312,0.533050537109375,10.653440952301025,0.0,0.0,0.0,0.0,4.853061676025391,0.6901321411132812,15.782791137695312,0.0,0.0,0.0,0.0,5.596928596496582,0.6259708404541016,15.728043556213379,0.0,0.0,0.0,0.0,5.099615097045898,0.6413249969482422,14.734245300292969,0.0,0.0,0.0,0.0,5.915968418121338,0.7371523380279541,17.629088640213013,0.0,0.0,0.0,0.0,6.285249471664429,0.6958169937133789,17.689017057418823,0.0,0.0,0.0,0.0,6.57714319229126,0.7461109161376953,18.317466497421265,0.0,0.0,0.0,0.0,5.721255302429199,0.6570498943328857,16.520303964614868,0.0,0.0,0.0,0.0,5.654839515686035,0.6689772605895996,16.390087962150574,0.0,0.0,0.0,0.0,5.15238094329834,0.6061935424804688,14.970454216003418,0.012660980224609375,0.012660980224609375,0.5736656188964844,0.5863265991210938,5.142589807510376,0.6697988510131836,14.86058360338211,0.0,0.0,0.0,0.0,4.800511121749878,0.6131467819213867,14.016689538955688,0.034857749938964844,0.034857749938964844,0.5636711120605469,0.5985288619995117,4.705246448516846,0.6274642944335938,14.44366717338562,0.058330535888671875,0.1866607666015625,0.6239280700683594,0.6822586059570312,4.66694450378418,0.6836786270141602,15.289903402328491,0.1896510124206543,0.8308815956115723,0.6020965576171875,0.7917475700378418
60,hallucinated,31,0.65869140625,5.4941326379776,0.9347771406173706,25.7518327832222,0.021724581718444824,0.031952619552612305,0.9270768165588379,0.9488013982772827,5.014875054359436,0.8596868515014648,21.77188789844513,0.022228360176086426,0.03362739086151123,0.8518474102020264,0.8740757703781128,4.5050365924835205,0.8446798324584961,19.634802103042603,0.0,0.0,0.0,0.0,0.9739227294921875,0.4358863830566406,5.006927490234375,0.0,0.0,0.0,0.0,0.635406494140625,0.34456634521484375,3.728169322013855,0.0,0.0,0.0,0.0,1.1040496826171875,0.36835670471191406,4.816694259643555,0.0,0.0,0.0,0.0,1.3107833862304688,0.44414615631103516,6.686024069786072,0.0,0.0,0.0,0.0,1.5375499725341797,0.4603118896484375,7.891375303268433,0.0,0.0,0.0,0.0,2.0280380249023438,0.5330429077148438,9.258208513259888,0.0,0.0,0.0,0.0,2.7713165283203125,0.6901192665100098,13.702024936676025,0.0,0.0,0.0,0.0,3.087766647338867,0.5894832611083984,13.218969345092773,0.0,0.0,0.0,0.0,2.8441715240478516,0.6414241790771484,12.47821044921875,0.0,0.0,0.0,0.0,3.3697268962860107,0.7372534275054932,15.082680702209473,0.0,0.0,0.0,0.0,3.5538225173950195,0.6959590911865234,14.957992553710938,0.0,0.0,0.0,0.0,3.4100561141967773,0.7382354736328125,15.15024471282959,0.0,0.0,0.0,0.0,2.897988796234131,0.6570906639099121,13.69710922241211,0.0,0.0,0.0,0.0,2.850414276123047,0.6670629978179932,13.585880279541016,0.0,0.0,0.0,0.0,2.560426712036133,0.6059608459472656,12.37832260131836,0.012664794921875,0.012664794921875,0.5736541748046875,0.5863189697265625,2.24232816696167,0.6699252128601074,11.959604442119598,0.0,0.0,0.0,0.0,2.0924301147460938,0.6132149696350098,11.308595895767212,0.03479290008544922,0.03479290008544922,0.5637359619140625,0.5985288619995117,2.2650842666625977,0.6275405883789062,12.00424861907959,0.058292388916015625,0.18584442138671875,0.6239700317382812,0.6822624206542969,2.114612579345703,0.6836767196655273,12.738791942596436,0.1898036003112793,0.8300461769104004,0.6019439697265625,0.7917475700378418
61,grounded,34,0.70751953125,3.680249333381653,0.9314584136009216,28.586955547332764,0.02030801773071289,0.030192077159881592,0.9368572235107422,0.9571652412414551,3.342461347579956,0.8894906044006348,24.035551846027374,0.02101588249206543,0.05621647834777832,0.8370815515518188,0.8580974340438843,3.1790106296539307,0.8425941467285156,21.30017387866974,0.0,0.0,0.0,0.0,0.6955490112304688,0.4387168884277344,5.843406677246094,0.0,0.0,0.0,0.0,0.41650390625,0.34471702575683594,3.962792992591858,0.0,0.0,0.0,0.0,0.729461669921875,0.3766498565673828,5.294221878051758,0.0,0.0,0.0,0.0,0.7752685546875,0.45617008209228516,7.532451510429382,0.0,0.0,0.0,0.0,1.0534820556640625,0.49497222900390625,8.97851049900055,0.0,0.0,0.0,0.0,1.2585372924804688,0.533050537109375,10.281658172607422,0.0,0.0,0.0,0.0,2.162832736968994,0.6900982856750488,16.041000366210938,0.0,0.0,0.0,0.0,2.1813430786132812,0.5817909240722656,15.0311279296875,0.0,0.0,0.0,0.0,2.6650304794311523,0.6816167831420898,15.097447395324707,0.0,0.0,0.0,0.0,2.7205495834350586,0.7351007461547852,17.531646728515625,0.0,0.0,0.0,0.0,2.768970489501953,0.7809858322143555,17.577207565307617,0.0,0.0,0.0,0.0,2.6801609992980957,0.7665483951568604,17.450361013412476,0.0,0.0,0.0,0.0,2.482988953590393,0.6567331552505493,16.134719967842102,0.0,0.0,0.0,0.0,2.511821746826172,0.6461925506591797,15.799090266227722,0.0,0.0,0.0,0.0,2.2097225189208984,0.6066398620605469,14.549513339996338,0.0,0.0,0.0,0.0,2.270954132080078,0.6858682632446289,14.365214765071869,0.0,0.0,0.0,0.0,2.2335052490234375,0.6289749145507812,13.992151260375977,0.0,0.0,0.0,0.0,2.2438831329345703,0.6107044219970703,14.745915651321411,0.0716257095336914,0.3478231430053711,0.6106328964233398,0.6822586059570312,2.1980838775634766,0.6563563346862793,15.534233808517456,0.17681455612182617,1.198939323425293,0.6149330139160156,0.7917475700378418
61,hallucinated,48,0.75439453125,16.845023036003113,0.9498106241226196,41.751729249954224,0.02030801773071289,0.03187429904937744,0.9368572235107422,0.9571652412414551,15.651539087295532,0.9017578959465027,36.33950239419937,0.029445946216583252,0.18539094924926758,0.8855686187744141,0.9150145649909973,14.486664772033691,0.8483285903930664,32.61356246471405,0.0,0.0,0.0,0.0,2.655059814453125,0.4387168884277344,7.80291748046875,0.0,0.0,0.0,0.0,1.6890945434570312,0.34471702575683594,5.235383629798889,0.0,0.0,0.0,0.0,2.3353729248046875,0.3766498565673828,6.90013313293457,0.0,0.0,0.0,0.0,4.148367881774902,0.45617008209228516,10.905550837516785,0.0,0.0,0.0,0.0,5.22331428527832,0.49497222900390625,13.148342728614807,0.0,0.0,0.0,0.0,6.024698257446289,0.533050537109375,15.047819137573242,0.0,0.0,0.0,0.0,8.424659729003906,0.6900982856750488,22.30282735824585,0.0,0.0,0.0,0.0,9.345520973205566,0.60772705078125,22.195305824279785,0.0,0.0,0.0,0.0,9.356264114379883,0.6456432342529297,21.788681030273438,0.0,0.0,0.0,0.0,10.697159767150879,0.748232364654541,25.508256912231445,0.0,0.0,0.0,0.0,11.70090115070343,0.7879137992858887,26.509138226509094,0.0,0.0,0.0,0.0,11.369814157485962,0.7714982032775879,26.140014171600342,0.0,0.0,0.0,0.0,10.433025479316711,0.7377910614013672,24.08475649356842,0.0,0.0,0.0,0.0,9.8583163022995,0.724388599395752,23.14558482170105,0.0,0.0,0.0,0.0,9.062682747840881,0.6385588645935059,21.40247356891632,0.0,0.0,0.0,0.0,8.900924623012543,0.699491024017334,20.995185256004333,0.0,0.0,0.0,0.0,8.651845455169678,0.6893630027770996,20.410491466522217,0.0,0.0,0.0,0.0,8.10938048362732,0.6113812923431396,20.61141300201416,0.0716257095336914,0.3090481758117676,0.6106328964233398,0.6822586059570312,8.502543926239014,0.7295751571655273,21.838693857192993,0.17681455612182617,0.7556009292602539,0.6149330139160156,0.7917475700378418
62,grounded,52,0.66259765625,16.84267371892929,0.947333574295044,45.5173259973526,0.01342242956161499,0.01645946502685547,0.9494388103485107,0.9628612399101257,15.901557087898254,0.9123590588569641,40.20612555742264,0.009713888168334961,0.03649979829788208,0.8987350463867188,0.9084489345550537,14.772281289100647,0.8751852512359619,36.36470812559128,0.0005775690078735352,0.0005775690078735352,0.8628787994384766,0.8634563684463501,2.93206787109375,0.4407062530517578,8.691705703735352,0.0,0.0,0.0,0.0,1.9183158874511719,0.3439617156982422,6.083482623100281,0.0,0.0,0.0,0.0,2.8324928283691406,0.37481689453125,8.123151779174805,0.0,0.0,0.0,0.0,4.318258285522461,0.44478893280029297,11.699811697006226,0.0,0.0,0.0,0.0,4.94159460067749,0.48174285888671875,13.651756405830383,0.0,0.0,0.0,0.0,5.932506561279297,0.533050537109375,16.251981258392334,0.0,0.0,0.0,0.0,9.241540908813477,0.6902132034301758,24.974102020263672,0.0,0.0,0.0,0.0,9.799718856811523,0.6573524475097656,24.650134563446045,0.0,0.0,0.0,0.0,9.769057750701904,0.6522350311279297,23.490333080291748,0.0,0.0,0.0,0.0,11.873404264450073,0.7742700576782227,28.34291934967041,0.0,0.0,0.0,0.0,12.43503713607788,0.7951219081878662,29.188945770263672,0.0,0.0,0.0,0.0,12.96293580532074,0.8061175346374512,29.74976623058319,0.0,0.0,0.0,0.0,10.412366271018982,0.6649250984191895,25.569655299186707,0.0,0.0,0.0,0.0,10.46155309677124,0.7221159934997559,25.612912774086,0.0,0.0,0.0,0.0,9.530875444412231,0.6544604301452637,23.307751893997192,0.0,0.0,0.0,0.0,9.258013129234314,0.6789364814758301,22.918336391448975,0.0,0.0,0.0,0.0,8.430359601974487,0.6417784690856934,21.266993522644043,0.007473945617675781,0.007473945617675781,0.5910549163818359,0.5985288619995117,8.255815744400024,0.6145458221435547,21.985307931900024,0.0702047348022461,0.30687475204467773,0.6120538711547852,0.6822586059570312,8.918310642242432,0.7593255043029785,23.756033658981323,0.18531179428100586,0.680330753326416,0.6064357757568359,0.7917475700378418
62,hallucinated,40,0.66015625,5.585570991039276,0.9382914304733276,34.260223269462585,0.01342242956161499,0.02592623233795166,0.9494388103485107,0.9628612399101257,5.198274850845337,0.8934326171875,29.503270089626312,0.009713888168334961,0.014512121677398682,0.8987350463867188,0.9084489345550537,4.833025217056274,0.8550252914428711,26.426291286945343,0.0,0.0,0.0,0.0,0.9724655151367188,0.4407062530517578,6.73210334777832,0.0,0.0,0.0,0.0,0.5529975891113281,0.3439617156982422,4.718164324760437,0.0,0.0,0.0,0.0,0.8176193237304688,0.37481689453125,6.108278274536133,0.0,0.0,0.0,0.0,1.5012130737304688,0.44478893280029297,8.882766485214233,0.0,0.0,0.0,0.0,1.618077278137207,0.48174285888671875,10.3282390832901,0.0,0.0,0.0,0.0,1.8914260864257812,0.533050537109375,12.210900783538818,0.0,0.0,0.0,0.0,2.656820297241211,0.6902132034301758,18.389381408691406,0.0,0.0,0.0,0.0,2.819589614868164,0.5900077819824219,17.670005321502686,0.0,0.0,0.0,0.0,2.7822265625,0.6522350311279297,16.503501892089844,0.0,0.0,0.0,0.0,3.1789355278015137,0.7579233646392822,19.64845061302185,0.0,0.0,0.0,0.0,3.681774377822876,0.7619061470031738,20.435683012008667,0.0,0.0,0.0,0.0,3.4907703399658203,0.7799148559570312,20.27760076522827,0.0,0.0,0.0,0.0,3.123262882232666,0.6649250984191895,18.28055191040039,0.0,0.0,0.0,0.0,2.9507312774658203,0.6935763359069824,18.10209095478058,0.0,0.0,0.0,0.0,2.658235549926758,0.6052150726318359,16.43511199951172,0.0,0.0,0.0,0.0,2.484306812286377,0.6769084930419922,16.144630074501038,0.0,0.0,0.0,0.0,2.3423995971679688,0.6260051727294922,15.179033517837524,0.007473945617675781,0.007473945617675781,0.5910549163818359,0.5985288619995117,2.354952812194824,0.6145458221435547,16.084444999694824,0.0702047348022461,0.30687475204467773,0.6120538711547852,0.6822586059570312,2.576704502105713,0.6877431869506836,17.414427518844604,0.18531179428100586,0.680330753326416,0.6064357757568359,0.7917475700378418
63,grounded,34,0.65576171875,4.5831170082092285,0.9386123418807983,28.571096539497375,0.025255858898162842,0.03458046913146973,0.930387020111084,0.9556428790092468,4.247114419937134,0.8902789950370789,24.72433316707611,0.014102578163146973,0.04571038484573364,0.846426248550415,0.860528826713562,3.916557788848877,0.8544816970825195,22.438276827335358,0.0,0.0,0.0,0.0,0.8022308349609375,0.43045997619628906,5.564485549926758,0.0,0.0,0.0,0.0,0.5240707397460938,0.3436756134033203,4.056364417076111,0.0,0.0,0.0,0.0,0.8797874450683594,0.38001060485839844,5.397026062011719,0.0,0.0,0.0,0.0,1.1231613159179688,0.4504108428955078,7.49072527885437,0.0,0.0,0.0,0.0,1.2236595153808594,0.494873046875,8.613983750343323,0.0,0.0,0.0,0.0,1.6678504943847656,0.533050537109375,10.437936544418335,0.0,0.0,0.0,0.0,2.5630664825439453,0.6958703994750977,15.629426956176758,0.0,0.0,0.0,0.0,2.7106876373291016,0.5907878875732422,14.690876007080078,0.0,0.0,0.0,0.0,3.0928897857666016,0.6855125427246094,14.605024337768555,0.0,0.0,0.0,0.0,3.502265453338623,0.7687506675720215,17.08553171157837,0.0,0.0,0.0,0.0,3.6700005531311035,0.7589845657348633,17.10745334625244,0.0,0.0,0.0,0.0,3.4145896434783936,0.727698802947998,16.758578538894653,0.0,0.0,0.0,0.0,3.037508010864258,0.629638671875,15.490138053894043,0.0,0.0,0.0,0.0,3.05629301071167,0.7106471061706543,15.398970484733582,0.0,0.0,0.0,0.0,2.8718223571777344,0.6038856506347656,14.18062686920166,0.009136199951171875,0.009136199951171875,0.5771903991699219,0.5863265991210938,2.9042789936065674,0.7021493911743164,14.13450300693512,0.0,0.0,0.0,0.0,2.7969303131103516,0.6348800659179688,13.41313886642456,0.004595756530761719,0.004595756530761719,0.59393310546875,0.5985288619995117,2.6818199157714844,0.6142807006835938,13.956179857254028,0.06760120391845703,0.31752538681030273,0.6146574020385742,0.6822586059570312,2.9893550872802734,0.6852760314941406,15.6292245388031,0.17599058151245117,1.1615643501281738,0.6157569885253906,0.7917475700378418
63,hallucinated,45,0.720703125,14.8749920129776,0.9479366540908813,38.86297154426575,0.025255858898162842,0.04186433553695679,0.930387020111084,0.9556428790092468,13.93748253583908,0.8983889818191528,34.40520882606506,0.023229479789733887,0.06603872776031494,0.8798419237136841,0.903071403503418,13.073109149932861,0.8804144859313965,31.592691004276276,0.0,0.0,0.0,0.0,2.201995849609375,0.43045997619628906,6.964250564575195,0.0,0.0,0.0,0.0,1.5301399230957031,0.3436756134033203,5.06243360042572,0.0,0.0,0.0,0.0,2.486318588256836,0.38001060485839844,7.003557205200195,0.0,0.0,0.0,0.0,3.83229923248291,0.4504108428955078,10.199863195419312,0.0,0.0,0.0,0.0,4.594799041748047,0.494873046875,11.98512327671051,0.0,0.0,0.0,0.0,5.565057754516602,0.533050537109375,14.335143804550171,0.0,0.0,0.0,0.0,7.222141265869141,0.6958703994750977,20.288501739501953,0.0,0.0,0.0,0.0,7.881085395812988,0.6000213623046875,19.861273765563965,0.0,0.0,0.0,0.0,8.196562767028809,0.6994876861572266,19.70869731903076,0.0,0.0,0.0,0.0,8.9045090675354,0.7463879585266113,22.487775325775146,0.0,0.0,0.0,0.0,9.631585359573364,0.7654809951782227,23.069038152694702,0.0,0.0,0.0,0.0,9.469043970108032,0.7456331253051758,22.813032865524292,0.0,0.0,0.0,0.0,8.800259113311768,0.6663355827331543,21.252889156341553,0.0,0.0,0.0,0.0,8.485590815544128,0.7058925628662109,20.82826828956604,0.0,0.0,0.0,0.0,7.576340675354004,0.6035995483398438,18.88514518737793,0.0,0.0,0.0,0.0,6.951691210269928,0.7021493911743164,18.20748895406723,0.0,0.0,0.0,0.0,6.427778244018555,0.5997204780578613,17.043986797332764,0.004595756530761719,0.004595756530761719,0.59393310546875,0.5985288619995117,6.175071477890015,0.6142807006835938,17.44943141937256,0.06760120391845703,0.3069319725036621,0.6146574020385742,0.6822586059570312,7.281320095062256,0.6595597267150879,19.921189546585083,0.17599058151245117,0.7047443389892578,0.6157569885253906,0.7917475700378418
64,grounded,45,0.77197265625,16.750776827335358,0.948184072971344,38.86963474750519,0.02474844455718994,0.04037511348724365,0.9266908168792725,0.9514392614364624,15.687650084495544,0.9017734527587891,34.24870020151138,0.01443171501159668,0.05814647674560547,0.8273138999938965,0.8417456150054932,14.606748819351196,0.8673923015594482,31.391960740089417,0.0,0.0,0.0,0.0,2.9625892639160156,0.4341144561767578,7.509008407592773,0.0,0.0,0.0,0.0,1.8284664154052734,0.342926025390625,4.971094608306885,0.0,0.0,0.0,0.0,2.770458221435547,0.365753173828125,6.7905120849609375,0.0,0.0,0.0,0.0,4.370231628417969,0.4479084014892578,10.19220781326294,0.0,0.0,0.0,0.0,5.07922101020813,0.4813404083251953,11.848424792289734,0.0,0.0,0.0,0.0,6.041587829589844,0.533050537109375,13.839260578155518,0.0,0.0,0.0,0.0,8.913625717163086,0.6879911422729492,20.992523193359375,0.0,0.0,0.0,0.0,9.861084759235382,0.6590611934661865,20.960635006427765,0.0,0.0,0.0,0.0,9.688496112823486,0.6526956558227539,20.303125858306885,0.0,0.0,0.0,0.0,11.83292818069458,0.7663993835449219,24.66261339187622,0.0,0.0,0.0,0.0,12.366899728775024,0.7782278060913086,24.898985147476196,0.0,0.0,0.0,0.0,12.438568592071533,0.7809562683105469,25.009636402130127,0.0,0.0,0.0,0.0,10.545510172843933,0.6923155784606934,22.31067931652069,0.0,0.0,0.0,0.0,9.994536399841309,0.6979265213012695,21.519230723381042,0.0,0.0,0.0,0.0,9.170699119567871,0.6325435638427734,19.850960731506348,0.0,0.0,0.0,0.0,8.948177516460419,0.6750564575195312,19.541172802448273,0.0,0.0,0.0,0.0,8.44536828994751,0.6833815574645996,18.664329051971436,0.015578269958496094,0.030591964721679688,0.5829505920410156,0.5985288619995117,8.115936279296875,0.6067972183227539,18.635491609573364,0.06596946716308594,0.28861474990844727,0.6162891387939453,0.6822586059570312,9.064574420452118,0.7085971832275391,20.59866040945053,0.1786341667175293,0.8235383033752441,0.6131134033203125,0.7917475700378418
64,hallucinated,39,0.80078125,11.113159358501434,0.9425718784332275,33.232017278671265,0.02474844455718994,0.033942222595214844,0.9266908168792725,0.9514392614364624,10.367619156837463,0.8851140737533569,28.928332448005676,0.01823115348815918,0.04284703731536865,0.8903384208679199,0.9085695743560791,9.638352990150452,0.863062858581543,26.426857113838196,0.0,0.0,0.0,0.0,1.68597412109375,0.4341144561767578,6.232393264770508,0.0,0.0,0.0,0.0,1.2450218200683594,0.342926025390625,4.387650012969971,0.0,0.0,0.0,0.0,1.8243637084960938,0.365753173828125,5.844417572021484,0.0,0.0,0.0,0.0,2.846742630004883,0.4479084014892578,8.668718814849854,0.0,0.0,0.0,0.0,3.3165738582611084,0.4813404083251953,10.085777640342712,0.0,0.0,0.0,0.0,4.130439758300781,0.533050537109375,11.928112506866455,0.0,0.0,0.0,0.0,5.676828384399414,0.6879911422729492,17.755725860595703,0.0,0.0,0.0,0.0,6.434239208698273,0.5918617248535156,17.533789455890656,0.0,0.0,0.0,0.0,6.536745548248291,0.6729240417480469,17.15137529373169,0.0,0.0,0.0,0.0,7.51488995552063,0.7315242290496826,20.34457516670227,0.0,0.0,0.0,0.0,7.577104568481445,0.7276315689086914,20.109189987182617,0.0,0.0,0.0,0.0,7.577017307281494,0.7245826721191406,20.148085117340088,0.0,0.0,0.0,0.0,7.132920742034912,0.6954746246337891,18.89808988571167,0.0,0.0,0.0,0.0,6.63543975353241,0.6647439002990723,18.160134077072144,0.0,0.0,0.0,0.0,6.084995269775391,0.6049957275390625,16.765256881713867,0.0,0.0,0.0,0.0,6.036099672317505,0.6691241264343262,16.62909495830536,0.0,0.0,0.0,0.0,5.802905559539795,0.6418986320495605,16.02186632156372,0.015578269958496094,0.030591964721679688,0.5829505920410156,0.5985288619995117,5.099883079528809,0.6007728576660156,15.619438409805298,0.06596946716308594,0.28861474990844727,0.6162891387939453,0.6822586059570312,5.7949371337890625,0.6447029113769531,17.329023122787476,0.1786341667175293,0.8235383033752441,0.6131134033203125,0.7917475700378418
65,grounded,42,0.81201171875,11.137547612190247,0.9456374645233154,36.058637499809265,0.02751743793487549,0.0438997745513916,0.9293142557144165,0.956831693649292,10.401238024234772,0.8861260414123535,31.422437608242035,0.019962072372436523,0.05790102481842041,0.8386194705963135,0.85858154296875,9.995205342769623,0.8947436213493347,29.389948785305023,0.0,0.0,0.0,0.0,1.9280242919921875,0.44671058654785156,7.031431198120117,0.0,0.0,0.0,0.0,1.3973770141601562,0.3470573425292969,5.054928779602051,0.0,0.0,0.0,0.0,1.9304466247558594,0.35846710205078125,6.641559600830078,0.0,0.0,0.0,0.0,2.6351089477539062,0.4400644302368164,9.17594563961029,0.0,0.0,0.0,0.0,3.2312828302383423,0.4865760803222656,11.029943704605103,0.0,0.0,0.0,0.0,4.042764663696289,0.533050537109375,12.979392528533936,0.0,0.0,0.0,0.0,5.76856803894043,0.6882295608520508,19.323128700256348,0.0,0.0,0.0,0.0,6.329848289489746,0.5863552093505859,19.249533653259277,0.0,0.0,0.0,0.0,6.4174299240112305,0.6443119049072266,18.8197660446167,0.0,0.0,0.0,0.0,7.35935115814209,0.739933967590332,22.10480546951294,0.0,0.0,0.0,0.0,8.12742805480957,0.7881107330322266,22.955626487731934,0.0,0.0,0.0,0.0,8.246459722518921,0.7837963104248047,23.248910188674927,0.0,0.0,0.0,0.0,7.015883207321167,0.6763687133789062,20.73187518119812,0.0,0.0,0.0,0.0,6.942236065864563,0.6988849639892578,20.428189396858215,0.0,0.0,0.0,0.0,6.20693302154541,0.627528190612793,18.965394020080566,0.0,0.0,0.0,0.0,6.094948768615723,0.7020406723022461,18.762983977794647,0.0,0.0,0.0,0.0,5.642794609069824,0.6324710845947266,17.83388066291809,0.005007743835449219,0.005007743835449219,0.5935211181640625,0.5985288619995117,5.500015497207642,0.6053733825683594,18.086572408676147,0.07246208190917969,0.33402490615844727,0.6097965240478516,0.6822586059570312,5.943933010101318,0.7329277992248535,19.795316219329834,0.1909480094909668,0.8124184608459473,0.600799560546875,0.7917475700378418
65,hallucinated,41,0.810546875,10.16900759935379,0.9410130977630615,35.09009748697281,0.02751743793487549,0.0438997745513916,0.9293142557144165,0.956831693649292,9.4576975107193,0.8895142674446106,30.46670365333557,0.02710878849029541,0.057216644287109375,0.8660628795623779,0.8931716680526733,8.887038469314575,0.8700771331787109,28.287493467330933,0.0,0.0,0.0,0.0,1.6682891845703125,0.44671058654785156,6.771696090698242,0.0,0.0,0.0,0.0,1.1987762451171875,0.3470573425292969,4.856328010559082,0.0,0.0,0.0,0.0,1.7580337524414062,0.35846710205078125,6.469146728515625,0.0,0.0,0.0,0.0,2.5091629028320312,0.4400644302368164,9.049999594688416,0.0,0.0,0.0,0.0,3.2625045776367188,0.4865760803222656,11.061165452003479,0.0,0.0,0.0,0.0,3.6290435791015625,0.533050537109375,12.565671443939209,0.0,0.0,0.0,0.0,5.233879089355469,0.6882295608520508,18.788439750671387,0.0,0.0,0.0,0.0,5.945974111557007,0.6213960647583008,18.865659475326538,0.0,0.0,0.0,0.0,5.9095916748046875,0.6443119049072266,18.311927795410156,0.0,0.0,0.0,0.0,6.69768500328064,0.739933967590332,21.44313931465149,0.0,0.0,0.0,0.0,7.244451522827148,0.7691993713378906,22.07264995574951,0.0,0.0,0.0,0.0,6.863790512084961,0.7309637069702148,21.866240978240967,0.0,0.0,0.0,0.0,6.395657777786255,0.711756706237793,20.111649751663208,0.0,0.0,0.0,0.0,6.310256004333496,0.6876266002655029,19.79620933532715,0.0,0.0,0.0,0.0,5.889130115509033,0.6339778900146484,18.64759111404419,0.0,0.0,0.0,0.0,5.709914445877075,0.7020406723022461,18.377949655056,0.0,0.0,0.0,0.0,5.280088424682617,0.6324710845947266,17.471174478530884,0.005007743835449219,0.005007743835449219,0.5935211181640625,0.5985288619995117,4.929786205291748,0.6053733825683594,17.516343116760254,0.07246208190917969,0.33402490615844727,0.6097965240478516,0.6822586059570312,4.906105041503906,0.6715841293334961,18.757488250732422,0.1909480094909668,0.880953311920166,0.600799560546875,0.7917475700378418
66,grounded,45,0.7744140625,17.64951503276825,0.9431095123291016,38.84682512283325,0.014443933963775635,0.037282586097717285,0.9369320869445801,0.9513760209083557,16.492048501968384,0.9129924178123474,34.270661652088165,0.019312739372253418,0.07629865407943726,0.8962442874908447,0.9155570268630981,15.219987571239471,0.8562663793563843,31.06680816411972,0.01147240400314331,0.01147240400314331,0.8546733856201172,0.8661457896232605,2.7813720703125,0.4324474334716797,7.132181167602539,0.0,0.0,0.0,0.0,1.9072113037109375,0.3418464660644531,5.072973251342773,0.0,0.0,0.0,0.0,2.9250106811523438,0.3546886444091797,6.843599319458008,0.0,0.0,0.0,0.0,4.515230178833008,0.4452047348022461,10.307778716087341,0.0,0.0,0.0,0.0,5.226751089096069,0.4623565673828125,11.681944251060486,0.0,0.0,0.0,0.0,6.1229248046875,0.533050537109375,13.518630981445312,0.0,0.0,0.0,0.0,9.031173706054688,0.698976993560791,20.48698663711548,0.0,0.0,0.0,0.0,9.979976654052734,0.60357666015625,20.741458892822266,0.0,0.0,0.0,0.0,9.856630444526672,0.658721923828125,19.830021023750305,0.0,0.0,0.0,0.0,11.573021411895752,0.7544717788696289,23.47106385231018,0.0,0.0,0.0,0.0,12.21647047996521,0.7675032615661621,24.31375479698181,0.0,0.0,0.0,0.0,12.505423545837402,0.7566890716552734,24.901384353637695,0.0,0.0,0.0,0.0,10.134791374206543,0.6423336267471313,21.479289650917053,0.0,0.0,0.0,0.0,10.127346396446228,0.6962766647338867,21.287265300750732,0.0,0.0,0.0,0.0,9.617037057876587,0.6741547584533691,19.9404137134552,0.0,0.0,0.0,0.0,9.08606094121933,0.6808826923370361,19.329765796661377,0.0,0.0,0.0,0.0,8.102604627609253,0.6142978668212891,17.879791259765625,0.0,0.0,0.0,0.0,8.458511352539062,0.6249256134033203,18.796453714370728,0.0721597671508789,0.30107545852661133,0.6100988388061523,0.6822586059570312,8.994042694568634,0.6818809509277344,20.261458456516266,0.17316198348999023,0.8001527786254883,0.6185855865478516,0.7917475700378418
66,hallucinated,36,0.7412109375,9.196242988109589,0.9397650957107544,30.39355307817459,0.014443933963775635,0.02674621343612671,0.9369320869445801,0.9513760209083557,8.549359440803528,0.8878530263900757,26.32797259092331,0.014978647232055664,0.02067047357559204,0.8257017135620117,0.8406803607940674,7.695481538772583,0.8446884155273438,23.542302131652832,0.0,0.0,0.0,0.0,1.3345108032226562,0.4324474334716797,5.685319900512695,0.0,0.0,0.0,0.0,0.9810638427734375,0.3418464660644531,4.146825790405273,0.0,0.0,0.0,0.0,1.6160202026367188,0.3546886444091797,5.534608840942383,0.0,0.0,0.0,0.0,2.4329471588134766,0.4452047348022461,8.22549569606781,0.0,0.0,0.0,0.0,2.7281779050827026,0.4623565673828125,9.18337106704712,0.0,0.0,0.0,0.0,3.317934036254883,0.533050537109375,10.713640213012695,0.0,0.0,0.0,0.0,4.636238098144531,0.698976993560791,16.092051029205322,0.0,0.0,0.0,0.0,5.319025039672852,0.6107349395751953,16.080507278442383,0.0,0.0,0.0,0.0,5.152534365653992,0.6448764801025391,15.125924944877625,0.0,0.0,0.0,0.0,5.756203889846802,0.7340283393859863,17.65424633026123,0.0,0.0,0.0,0.0,6.028962135314941,0.749608039855957,18.126246452331543,0.0,0.0,0.0,0.0,6.362730264663696,0.7467203140258789,18.75869107246399,0.0,0.0,0.0,0.0,5.490070462226868,0.6423336267471313,16.834568738937378,0.0,0.0,0.0,0.0,5.3958980441093445,0.6587767601013184,16.55581694841385,0.0,0.0,0.0,0.0,5.300936818122864,0.6799052953720093,15.624313473701477,0.0,0.0,0.0,0.0,4.7494805455207825,0.6808826923370361,14.99318540096283,0.0,0.0,0.0,0.0,4.411732316017151,0.6142978668212891,14.188918948173523,0.0,0.0,0.0,0.0,4.552441120147705,0.6249256134033203,14.89038348197937,0.0721597671508789,0.30107545852661133,0.6100988388061523,0.6822586059570312,4.468925476074219,0.6818809509277344,15.73634123802185,0.17316198348999023,0.7325334548950195,0.6185855865478516,0.7917475700378418
67,grounded,30,0.7880859375,7.293068945407867,0.9298243522644043,24.73397135734558,0.021697640419006348,0.027905404567718506,0.9153729677200317,0.9370706081390381,6.7861692905426025,0.8867788314819336,21.57131117582321,0.008855342864990234,0.012376785278320312,0.865037202835083,0.8738925457000732,6.134571194648743,0.8446798324584961,19.33305561542511,0.0,0.0,0.0,0.0,1.3278732299804688,0.42012786865234375,5.003620147705078,0.0,0.0,0.0,0.0,0.9168548583984375,0.33936309814453125,3.7081600427627563,0.0,0.0,0.0,0.0,1.2765731811523438,0.3513145446777344,4.494548797607422,0.0,0.0,0.0,0.0,1.8190803527832031,0.4274320602416992,6.535861968994141,0.0,0.0,0.0,0.0,2.017944574356079,0.4592094421386719,7.619462013244629,0.0,0.0,0.0,0.0,2.6667327880859375,0.5330429077148438,8.907266616821289,0.0,0.0,0.0,0.0,3.888120651245117,0.6875700950622559,13.555748462677002,0.0,0.0,0.0,0.0,4.302734136581421,0.597198486328125,13.011920690536499,0.0,0.0,0.0,0.0,4.063796043395996,0.6212368011474609,12.64699649810791,0.0,0.0,0.0,0.0,4.791271209716797,0.7314736843109131,15.203125953674316,0.0,0.0,0.0,0.0,4.95400333404541,0.7185478210449219,15.023576736450195,0.0,0.0,0.0,0.0,4.729160308837891,0.7059202194213867,15.057135105133057,0.0,0.0,0.0,0.0,4.083935976028442,0.6198196411132812,13.426194429397583,0.0,0.0,0.0,0.0,4.212584614753723,0.665003776550293,13.567749202251434,0.0,0.0,0.0,0.0,3.747943878173828,0.5972499847412109,12.420392036437988,0.0,0.0,0.0,0.0,3.844691276550293,0.6480226516723633,12.645230114459991,0.0,0.0,0.0,0.0,3.591066360473633,0.6141138076782227,11.93414831161499,0.007349967956542969,0.00962066650390625,0.5911788940429688,0.5985288619995117,3.6252918243408203,0.6129474639892578,12.256200075149536,0.06062793731689453,0.21558523178100586,0.6216344833374023,0.6822624206542969,3.4368553161621094,0.6502952575683594,12.724573612213135,0.16715574264526367,0.8115634918212891,0.6245918273925781,0.7917475700378418
67,hallucinated,29,0.794921875,6.371520817279816,0.9314793348312378,23.81242322921753,0.021697640419006348,0.027905404567718506,0.9153729677200317,0.9370706081390381,5.939626693725586,0.8869889974594116,20.719405829906464,0.010789930820465088,0.014311373233795166,0.8634002208709717,0.8741901516914368,5.340547263622284,0.8446798324584961,18.53903168439865,0.0,0.0,0.0,0.0,1.0960311889648438,0.42012786865234375,4.771778106689453,0.0,0.0,0.0,0.0,0.7073745727539062,0.33936309814453125,3.498679757118225,0.0,0.0,0.0,0.0,1.0036697387695312,0.3513145446777344,4.221645355224609,0.0,0.0,0.0,0.0,1.5222225189208984,0.4274320602416992,6.239004135131836,0.0,0.0,0.0,0.0,1.7398266792297363,0.4592094421386719,7.341344118118286,0.0,0.0,0.0,0.0,2.262989044189453,0.5330429077148438,8.503522872924805,0.0,0.0,0.0,0.0,3.279895782470703,0.6875700950622559,12.947523593902588,0.0,0.0,0.0,0.0,3.6929354667663574,0.5909404754638672,12.402122020721436,0.0,0.0,0.0,0.0,3.552790641784668,0.6212368011474609,12.135991096496582,0.0,0.0,0.0,0.0,4.097187519073486,0.7314736843109131,14.509042263031006,0.0,0.0,0.0,0.0,4.263862609863281,0.7185478210449219,14.333436012268066,0.0,0.0,0.0,0.0,4.109987735748291,0.7059202194213867,14.437962532043457,0.0,0.0,0.0,0.0,3.4738736152648926,0.6198196411132812,12.816132068634033,0.0,0.0,0.0,0.0,3.622629404067993,0.665003776550293,12.977793991565704,0.0,0.0,0.0,0.0,3.2231407165527344,0.5972499847412109,11.895588874816895,0.0,0.0,0.0,0.0,3.2241010665893555,0.6480226516723633,12.024639904499054,0.0,0.0,0.0,0.0,3.0721168518066406,0.6141138076782227,11.415198802947998,0.007349967956542969,0.00962066650390625,0.5911788940429688,0.5985288619995117,2.9832100868225098,0.6129474639892578,11.614118337631226,0.06062793731689453,0.21558523178100586,0.6216344833374023,0.6822624206542969,2.9633216857910156,0.6502952575683594,12.251039981842041,0.16715574264526367,0.8115634918212891,0.6245918273925781,0.7917475700378418
68,grounded,46,0.74365234375,16.718272805213928,0.9465082883834839,39.77492010593414,0.011410415172576904,0.024724483489990234,0.94107985496521,0.9524902701377869,15.589952230453491,0.8948382139205933,35.09484153985977,0.015680551528930664,0.03105872869491577,0.8337006568908691,0.8493812084197998,14.235980033874512,0.8484859466552734,31.692620873451233,0.0,0.0,0.0,0.0,2.6333236694335938,0.43902587890625,7.335723876953125,0.0,0.0,0.0,0.0,1.955780029296875,0.34821128845214844,5.41100013256073,0.0,0.0,0.0,0.0,2.8207473754882812,0.3654956817626953,7.157312393188477,0.0,0.0,0.0,0.0,4.041110992431641,0.44910240173339844,9.991467714309692,0.0,0.0,0.0,0.0,4.839694261550903,0.4665069580078125,11.898813128471375,0.0,0.0,0.0,0.0,6.1264190673828125,0.533050537109375,14.110592603683472,0.0,0.0,0.0,0.0,8.83253288269043,0.688014030456543,21.40238094329834,0.0,0.0,0.0,0.0,9.785327434539795,0.6650338172912598,21.64479398727417,0.0,0.0,0.0,0.0,9.536309242248535,0.6596860885620117,20.794366359710693,0.0,0.0,0.0,0.0,10.647414684295654,0.7718100547790527,24.19152307510376,0.0,0.0,0.0,0.0,10.963781833648682,0.7060890197753906,24.24649667739868,0.0,0.0,0.0,0.0,11.121768176555634,0.7469091415405273,24.47728556394577,0.0,0.0,0.0,0.0,9.28737187385559,0.6315040588378906,21.277260065078735,0.0,0.0,0.0,0.0,8.782403469085693,0.6659297943115234,20.883347630500793,0.0,0.0,0.0,0.0,8.300668239593506,0.5870990753173828,19.51560354232788,0.0,0.0,0.0,0.0,7.695461750030518,0.6514892578125,18.823094069957733,0.0,0.0,0.0,0.0,6.926079750061035,0.6192092895507812,17.520911693572998,0.02086353302001953,0.02086353302001953,0.5776653289794922,0.5985288619995117,7.216326713562012,0.6116828918457031,18.29181456565857,0.06061410903930664,0.22949457168579102,0.6216444969177246,0.6822586059570312,7.527277231216431,0.6353588104248047,19.393107414245605,0.19771909713745117,0.847325325012207,0.5940284729003906,0.7917475700378418
68,hallucinated,41,0.791015625,12.015799343585968,0.9458940029144287,35.07244664430618,0.011410415172576904,0.0220070481300354,0.94107985496521,0.9524902701377869,11.281696736812592,0.8937439322471619,30.789394319057465,0.015680551528930664,0.030922889709472656,0.8337006568908691,0.8493812084197998,10.455421328544617,0.8524165153503418,27.913218915462494,0.0,0.0,0.0,0.0,2.0011520385742188,0.43902587890625,6.70355224609375,0.0,0.0,0.0,0.0,1.582601547241211,0.34821128845214844,5.037821650505066,0.0,0.0,0.0,0.0,2.3077011108398438,0.3654956817626953,6.644266128540039,0.0,0.0,0.0,0.0,3.099947929382324,0.44910240173339844,9.050304651260376,0.0,0.0,0.0,0.0,3.8146069049835205,0.4665069580078125,10.873725771903992,0.0,0.0,0.0,0.0,4.70233154296875,0.533050537109375,12.68650507926941,0.0,0.0,0.0,0.0,6.26252555847168,0.688014030456543,18.83237361907959,0.0,0.0,0.0,0.0,7.39709210395813,0.6248998641967773,19.256558656692505,0.0,0.0,0.0,0.0,7.3397310972213745,0.6936702728271484,18.597788214683533,0.0,0.0,0.0,0.0,7.446603775024414,0.7304093837738037,20.99071216583252,0.0,0.0,0.0,0.0,7.821463584899902,0.7052545547485352,21.104178428649902,0.0,0.0,0.0,0.0,8.181111574172974,0.744420051574707,21.53662896156311,0.0,0.0,0.0,0.0,7.176472902297974,0.6342067718505859,19.166361093521118,0.0,0.0,0.0,0.0,6.829654216766357,0.6659297943115234,18.930598378181458,0.0,0.0,0.0,0.0,6.492068767547607,0.5870990753173828,17.707004070281982,0.0,0.0,0.0,0.0,6.269322395324707,0.6514892578125,17.396954715251923,0.0,0.0,0.0,0.0,6.066336631774902,0.6340036392211914,16.661168575286865,0.02086353302001953,0.02086353302001953,0.5776653289794922,0.5985288619995117,5.702417373657227,0.6116828918457031,16.777905225753784,0.06061410903930664,0.22949457168579102,0.6216444969177246,0.6822586059570312,6.049726486206055,0.6353588104248047,17.91555666923523,0.19771909713745117,0.8717026710510254,0.5940284729003906,0.7917475700378418
69,grounded,35,0.7412109375,8.262272000312805,0.93486487865448,29.44495779275894,0.025284945964813232,0.03730994462966919,0.9261133670806885,0.9513983130455017,7.711196064949036,0.8930423259735107,25.608759582042694,0.006957530975341797,0.01737302541732788,0.882774829864502,0.8897323608398438,7.097789764404297,0.8487730026245117,23.29114532470703,0.0,0.0,0.0,0.0,1.20074462890625,0.4332771301269531,5.588508605957031,0.0,0.0,0.0,0.0,1.0298919677734375,0.3444557189941406,4.23201048374176,0.0,0.0,0.0,0.0,1.2597274780273438,0.3677787780761719,5.159244537353516,0.0,0.0,0.0,0.0,1.8973541259765625,0.4480123519897461,7.568333983421326,0.0,0.0,0.0,0.0,2.1293563842773438,0.45914459228515625,8.67882215976715,0.0,0.0,0.0,0.0,2.9509544372558594,0.533050537109375,10.40650987625122,0.0,0.0,0.0,0.0,4.3642120361328125,0.6864089965820312,15.964068412780762,0.0,0.0,0.0,0.0,4.57686710357666,0.5851478576660156,15.293900489807129,0.0,0.0,0.0,0.0,4.573915481567383,0.6409502029418945,14.887938499450684,0.0,0.0,0.0,0.0,5.174032211303711,0.7397847175598145,17.50960874557495,0.0,0.0,0.0,0.0,5.645683288574219,0.7199192047119141,17.68189525604248,0.0,0.0,0.0,0.0,5.5532732009887695,0.7007279396057129,17.631256103515625,0.0,0.0,0.0,0.0,4.631904125213623,0.6318836212158203,15.76772928237915,0.0,0.0,0.0,0.0,4.335651874542236,0.670552134513855,15.402521014213562,0.0,0.0,0.0,0.0,4.184274673461914,0.6057376861572266,14.481157302856445,0.0,0.0,0.0,0.0,3.930746078491211,0.6570415496826172,14.19791430234909,0.0,0.0,0.0,0.0,3.771848678588867,0.5975017547607422,13.66953182220459,0.014870643615722656,0.014870643615722656,0.5836582183837891,0.5985288619995117,3.8002004623413086,0.6146230697631836,14.020676612854004,0.06061410903930664,0.2573380470275879,0.6216444969177246,0.6822586059570312,3.8456268310546875,0.6250810623168945,15.017465353012085,0.17980718612670898,0.7609217166900635,0.6119403839111328,0.7917475700378418
69,hallucinated,35,0.7275390625,8.252764582633972,0.9335198402404785,29.43545037508011,0.025284945964813232,0.03730994462966919,0.9261133670806885,0.9513983130455017,7.674414694309235,0.8760530352592468,25.571978211402893,0.007916629314422607,0.019932448863983154,0.8770509958267212,0.8849676251411438,7.0753161907196045,0.8463687896728516,23.26867175102234,0.0,0.0,0.0,0.0,1.4594879150390625,0.4332771301269531,5.847251892089844,0.0,0.0,0.0,0.0,0.9085159301757812,0.3444557189941406,4.110634446144104,0.0,0.0,0.0,0.0,1.3356704711914062,0.3677787780761719,5.235187530517578,0.0,0.0,0.0,0.0,2.1099042892456055,0.4480123519897461,7.780884146690369,0.0,0.0,0.0,0.0,2.364133834838867,0.45914459228515625,8.913599610328674,0.0,0.0,0.0,0.0,3.088228225708008,0.533050537109375,10.54378366470337,0.0,0.0,0.0,0.0,4.35484504699707,0.6864089965820312,15.95470142364502,0.0,0.0,0.0,0.0,4.8435046672821045,0.5851478576660156,15.560538053512573,0.0,0.0,0.0,0.0,4.831834316253662,0.6409502029418945,15.145857334136963,0.0,0.0,0.0,0.0,5.230556011199951,0.7397847175598145,17.56613254547119,0.0,0.0,0.0,0.0,5.558564186096191,0.7199192047119141,17.594776153564453,0.0,0.0,0.0,0.0,5.415805816650391,0.7007279396057129,17.493788719177246,0.0,0.0,0.0,0.0,4.813032150268555,0.6414718627929688,15.948857307434082,0.0,0.0,0.0,0.0,4.521326422691345,0.670552134513855,15.588195562362671,0.0,0.0,0.0,0.0,4.511295318603516,0.6057376861572266,14.808177947998047,0.0,0.0,0.0,0.0,4.00164270401001,0.6570415496826172,14.26881092786789,0.0,0.0,0.0,0.0,3.9279003143310547,0.6099796295166016,13.825583457946777,0.014870643615722656,0.014870643615722656,0.5836582183837891,0.5985288619995117,3.741823196411133,0.6146230697631836,13.962299346923828,0.06061410903930664,0.2573380470275879,0.6216444969177246,0.6822586059570312,4.035758972167969,0.6250810623168945,15.207597494125366,0.17980718612670898,0.7609217166900635,0.6119403839111328,0.7917475700378418
70,grounded,32,0.7265625,3.6622270941734314,0.9292492270469666,26.668325185775757,0.021881580352783203,0.031335532665252686,0.9324893951416016,0.9543709754943848,3.3434219360351562,0.8802956342697144,23.052273452281952,0.013390541076660156,0.0240633487701416,0.8418607711791992,0.8552513122558594,3.1888113021850586,0.8454914093017578,21.018412947654724,0.0,0.0,0.0,0.0,0.6815872192382812,0.43375396728515625,5.174079895019531,0.0,0.0,0.0,0.0,0.3984375,0.3386707305908203,3.6862858533859253,0.0,0.0,0.0,0.0,0.7129058837890625,0.36715126037597656,4.562444686889648,0.0,0.0,0.0,0.0,0.7474517822265625,0.44942283630371094,6.718560695648193,0.0,0.0,0.0,0.0,1.0411949157714844,0.48262786865234375,7.888514161109924,0.0,0.0,0.0,0.0,1.300018310546875,0.533050537109375,9.43647813796997,0.0,0.0,0.0,0.0,2.163668155670166,0.6960592269897461,14.278295993804932,0.0,0.0,0.0,0.0,2.184459686279297,0.5832595825195312,13.45197868347168,0.0,0.0,0.0,0.0,2.6789684295654297,0.683558464050293,13.423079490661621,0.0,0.0,0.0,0.0,2.747481346130371,0.7457170486450195,15.53090763092041,0.0,0.0,0.0,0.0,2.734111785888672,0.7456912994384766,15.47650146484375,0.0,0.0,0.0,0.0,2.7662353515625,0.7331380844116211,15.350883960723877,0.0,0.0,0.0,0.0,2.4188594818115234,0.6436252593994141,14.119146347045898,0.0,0.0,0.0,0.0,2.537416458129883,0.6705474853515625,13.984099745750427,0.0,0.0,0.0,0.0,2.2398300170898438,0.6070365905761719,13.062572479248047,0.008331298828125,0.008331298828125,0.5779953002929688,0.5863265991210938,2.2582435607910156,0.6414451599121094,12.591150343418121,0.0,0.0,0.0,0.0,2.251178741455078,0.5831832885742188,12.234146118164062,0.008288383483886719,0.008288383483886719,0.590240478515625,0.5985288619995117,2.2148971557617188,0.5924415588378906,12.757269144058228,0.06820011138916016,0.2950577735900879,0.6140584945678711,0.6822586059570312,2.186534881591797,0.6410331726074219,14.026690244674683,0.17829465866088867,1.1293234825134277,0.6134529113769531,0.7917475700378418
70,hallucinated,42,0.79052734375,13.043719291687012,0.9496715068817139,36.04981738328934,0.021881580352783203,0.03475242853164673,0.9324893951416016,0.9543709754943848,12.126334846019745,0.9018194675445557,31.833940982818604,0.013390541076660156,0.03192347288131714,0.8418607711791992,0.8552513122558594,11.09656423330307,0.8568601608276367,28.92488795518875,0.0,0.0,0.0,0.0,1.7357254028320312,0.43375396728515625,6.228218078613281,0.0,0.0,0.0,0.0,1.3316726684570312,0.3386707305908203,4.6195210218429565,0.0,0.0,0.0,0.0,1.6257553100585938,0.36715126037597656,5.47529411315918,0.0,0.0,0.0,0.0,3.0976181030273438,0.44942283630371094,9.068727016448975,0.0,0.0,0.0,0.0,3.3528285026550293,0.48262786865234375,10.20014774799347,0.0,0.0,0.0,0.0,4.4290361404418945,0.533050537109375,12.56549596786499,0.0,0.0,0.0,0.0,5.955432891845703,0.6960592269897461,18.07006072998047,0.0,0.0,0.0,0.0,6.838833808898926,0.6103582382202148,18.10635280609131,0.0,0.0,0.0,0.0,6.549062728881836,0.6382827758789062,17.293173789978027,0.0,0.0,0.0,0.0,7.711461544036865,0.7528414726257324,20.494887828826904,0.0,0.0,0.0,0.0,8.051207304000854,0.7456912994384766,20.793596982955933,0.0,0.0,0.0,0.0,7.870893478393555,0.726496696472168,20.45554208755493,0.0,0.0,0.0,0.0,7.194793462753296,0.6808609962463379,18.89508032798767,0.0,0.0,0.0,0.0,6.718344211578369,0.6656055450439453,18.165027499198914,0.0,0.0,0.0,0.0,6.081616401672363,0.6070365905761719,16.904358863830566,0.008331298828125,0.008331298828125,0.5779953002929688,0.5863265991210938,5.616049289703369,0.6414451599121094,15.948956072330475,0.0,0.0,0.0,0.0,5.283587455749512,0.5831832885742188,15.266554832458496,0.008288383483886719,0.008288383483886719,0.590240478515625,0.5985288619995117,5.2730021476745605,0.5924415588378906,15.81537413597107,0.06820011138916016,0.2896609306335449,0.6140584945678711,0.6822586059570312,6.024359703063965,0.6410331726074219,17.86451506614685,0.17829465866088867,0.819343090057373,0.6134529113769531,0.7917475700378418
71,grounded,39,0.63427734375,4.606611251831055,0.9423387050628662,33.28070044517517,0.0211789608001709,0.023320019245147705,0.9408342838287354,0.9620132446289062,4.248937010765076,0.8848128318786621,27.950927555561066,0.010846555233001709,0.029420971870422363,0.890789270401001,0.9016358256340027,3.9404237270355225,0.8542118072509766,25.196316242218018,0.0,0.0,0.0,0.0,0.7974357604980469,0.43959617614746094,6.36671257019043,0.0,0.0,0.0,0.0,0.4937286376953125,0.33759593963623047,4.4206913113594055,0.0,0.0,0.0,0.0,0.8775568008422852,0.3737297058105469,6.058938026428223,0.0,0.0,0.0,0.0,1.1314620971679688,0.46162986755371094,8.504957675933838,0.0,0.0,0.0,0.0,1.2566108703613281,0.4842414855957031,9.592058777809143,0.0,0.0,0.0,0.0,1.6350479125976562,0.533050537109375,11.864228010177612,0.0,0.0,0.0,0.0,2.61508846282959,0.6979742050170898,18.19305419921875,0.0,0.0,0.0,0.0,2.7934255599975586,0.6310710906982422,17.876025199890137,0.0,0.0,0.0,0.0,3.1482181549072266,0.6811580657958984,17.026820182800293,0.0,0.0,0.0,0.0,3.568751811981201,0.7609043121337891,20.08106017112732,0.0,0.0,0.0,0.0,3.7135050296783447,0.7708344459533691,20.226190328598022,0.0,0.0,0.0,0.0,3.565888464450836,0.7991133332252502,20.338208734989166,0.0,0.0,0.0,0.0,3.0406248569488525,0.6502552032470703,17.76651430130005,0.0,0.0,0.0,0.0,3.0668106079101562,0.7166061401367188,17.81944763660431,0.0,0.0,0.0,0.0,2.935976028442383,0.6501293182373047,16.51017951965332,0.0,0.0,0.0,0.0,2.9235734343528748,0.6683330535888672,15.83566302061081,0.0,0.0,0.0,0.0,2.885512351989746,0.6325225830078125,15.336233973503113,0.014058113098144531,0.014058113098144531,0.5844707489013672,0.5985288619995117,2.7407608032226562,0.6277313232421875,16.25189781188965,0.06061410903930664,0.2858452796936035,0.6216444969177246,0.6822586059570312,2.9855308532714844,0.677361011505127,17.523255586624146,0.1927180290222168,1.216259479522705,0.599029541015625,0.7917475700378418
71,hallucinated,40,0.6298828125,5.55532568693161,0.935847818851471,34.229414880275726,0.0211789608001709,0.023320019245147705,0.9408342838287354,0.9620132446289062,5.11613142490387,0.8914810419082642,28.811744391918182,0.010846555233001709,0.03600722551345825,0.890789270401001,0.9016358256340027,4.717683792114258,0.8485956192016602,25.967960119247437,0.0,0.0,0.0,0.0,0.9354400634765625,0.43959617614746094,6.504716873168945,0.0,0.0,0.0,0.0,0.5690383911132812,0.33759593963623047,4.496001064777374,0.0,0.0,0.0,0.0,1.075408935546875,0.3737297058105469,6.2567901611328125,0.0,0.0,0.0,0.0,1.3179779052734375,0.46162986755371094,8.691473484039307,0.0,0.0,0.0,0.0,1.8052749633789062,0.4842414855957031,10.140722870826721,0.0,0.0,0.0,0.0,2.0715675354003906,0.533050537109375,12.300747632980347,0.0,0.0,0.0,0.0,2.9933204650878906,0.6979742050170898,18.57128620147705,0.0,0.0,0.0,0.0,3.162051200866699,0.6310710906982422,18.244650840759277,0.0,0.0,0.0,0.0,3.199761390686035,0.6627902984619141,17.0783634185791,0.0,0.0,0.0,0.0,3.5253655910491943,0.7582948207855225,20.037673950195312,0.0,0.0,0.0,0.0,3.9875497817993164,0.7708344459533691,20.500235080718994,0.0,0.0,0.0,0.0,4.023205995559692,0.7838277816772461,20.795526266098022,0.0,0.0,0.0,0.0,3.279198169708252,0.6502552032470703,18.00508761405945,0.0,0.0,0.0,0.0,3.226353645324707,0.6674957275390625,17.97899067401886,0.0,0.0,0.0,0.0,2.9666357040405273,0.6034317016601562,16.540839195251465,0.0,0.0,0.0,0.0,2.721205234527588,0.6683330535888672,15.656404256820679,0.0,0.0,0.0,0.0,2.549398422241211,0.598851203918457,15.000120043754578,0.014058113098144531,0.014058113098144531,0.5844707489013672,0.5985288619995117,2.6509904861450195,0.6277313232421875,16.16212749481201,0.06061410903930664,0.28454160690307617,0.6216444969177246,0.6822586059570312,2.8266220092773438,0.677361011505127,17.364346742630005,0.1927180290222168,0.7656130790710449,0.599029541015625,0.7917475700378418
72,grounded,38,0.765625,9.264829754829407,0.9472193717956543,32.287818253040314,0.027059078216552734,0.04234582185745239,0.926304817199707,0.9533638954162598,8.648388028144836,0.9086506366729736,27.97575145959854,0.01601552963256836,0.03271329402923584,0.8355522155761719,0.8515677452087402,7.982880592346191,0.8436951637268066,25.06870424747467,0.0,0.0,0.0,0.0,1.7642822265625,0.4389667510986328,6.504823684692383,0.0,0.0,0.0,0.0,1.1339950561523438,0.3470020294189453,4.71828019618988,0.0,0.0,0.0,0.0,1.5826530456542969,0.3708934783935547,5.739412307739258,0.0,0.0,0.0,0.0,2.2767066955566406,0.44753360748291016,8.161039590835571,0.0,0.0,0.0,0.0,3.0140766501426697,0.4706993103027344,10.107289373874664,0.0,0.0,0.0,0.0,3.3267440795898438,0.533050537109375,11.583574295043945,0.0,0.0,0.0,0.0,4.7330322265625,0.6908102035522461,17.497453689575195,0.0,0.0,0.0,0.0,5.1775665283203125,0.6053733825683594,16.886802673339844,0.0,0.0,0.0,0.0,4.962695598602295,0.6501655578613281,16.14474058151245,0.0,0.0,0.0,0.0,6.0638508796691895,0.7303066253662109,19.380090713500977,0.0,0.0,0.0,0.0,5.986858367919922,0.7404747009277344,19.08098030090332,0.0,0.0,0.0,0.0,6.210113048553467,0.729222297668457,19.539687156677246,0.0,0.0,0.0,0.0,4.949225902557373,0.6276131868362427,17.060327172279358,0.0,0.0,0.0,0.0,4.965679943561554,0.6562833786010742,17.09117817878723,0.0,0.0,0.0,0.0,4.619998931884766,0.5948581695556641,15.747608184814453,0.0,0.0,0.0,0.0,4.4794111251831055,0.6514520645141602,15.440821170806885,0.0,0.0,0.0,0.0,4.172824859619141,0.5840892791748047,14.764703750610352,0.02024364471435547,0.03908538818359375,0.5782852172851562,0.5985288619995117,4.2329195737838745,0.6078205108642578,15.343028664588928,0.06264495849609375,0.27983617782592773,0.6196136474609375,0.6822586059570312,4.566934585571289,0.6409511566162109,16.547393560409546,0.17839765548706055,0.7985968589782715,0.6133499145507812,0.7917475700378418
72,hallucinated,45,0.712890625,15.79977935552597,0.9431629180908203,38.82276785373688,0.027059078216552734,0.04977297782897949,0.926304817199707,0.9533638954162598,14.846928536891937,0.9175189733505249,34.169165790081024,0.01670241355895996,0.03757542371749878,0.8823676109313965,0.8990700244903564,13.639944911003113,0.8612406253814697,30.73367929458618,0.0,0.0,0.0,0.0,2.6025390625,0.4389667510986328,7.343080520629883,0.0,0.0,0.0,0.0,1.74798583984375,0.3470020294189453,5.332270979881287,0.0,0.0,0.0,0.0,2.5401573181152344,0.3708934783935547,6.696916580200195,0.0,0.0,0.0,0.0,3.6602063179016113,0.44753360748291016,9.544539213180542,0.0,0.0,0.0,0.0,4.431450843811035,0.4706993103027344,11.52466356754303,0.0,0.0,0.0,0.0,5.432712554931641,0.533050537109375,13.689542770385742,0.0,0.0,0.0,0.0,7.867710113525391,0.6908102035522461,20.632131576538086,0.0,0.0,0.0,0.0,8.778592109680176,0.5961227416992188,20.487828254699707,0.0,0.0,0.0,0.0,8.060054779052734,0.6501655578613281,19.24209976196289,0.0,0.0,0.0,0.0,9.773757934570312,0.7304644584655762,23.0899977684021,0.0,0.0,0.0,0.0,9.632779121398926,0.7401294708251953,22.726901054382324,0.0,0.0,0.0,0.0,9.918691277503967,0.7051674127578735,23.248265385627747,0.0,0.0,0.0,0.0,8.184717178344727,0.6276131868362427,20.29581844806671,0.0,0.0,0.0,0.0,8.303471565246582,0.6562833786010742,20.42896980047226,0.0,0.0,0.0,0.0,7.775119304656982,0.5948581695556641,18.90272855758667,0.0,0.0,0.0,0.0,7.438540697097778,0.6514520645141602,18.399950742721558,0.0,0.0,0.0,0.0,7.283626556396484,0.5966377258300781,17.875505447387695,0.02024364471435547,0.03908538818359375,0.5782852172851562,0.5985288619995117,7.151835203170776,0.6078205108642578,18.26194429397583,0.06264495849609375,0.27983617782592773,0.6196136474609375,0.6822586059570312,7.642625510692596,0.6455097198486328,19.623084485530853,0.17839765548706055,0.7985968589782715,0.6133499145507812,0.7917475700378418
73,grounded,40,0.77197265625,7.365016579627991,0.9368476867675781,34.135209918022156,0.016515016555786133,0.02125793695449829,0.9427522420883179,0.959267258644104,6.941722333431244,0.8933010101318359,29.899478375911713,0.021155118942260742,0.05685228109359741,0.8491945266723633,0.870349645614624,6.393935978412628,0.856165885925293,27.091178953647614,0.0,0.0,0.0,0.0,1.2391128540039062,0.4387054443359375,6.579418182373047,0.0,0.0,0.0,0.0,0.8834877014160156,0.3468914031982422,4.626405119895935,0.0,0.0,0.0,0.0,1.1955413818359375,0.36635780334472656,6.162263870239258,0.0,0.0,0.0,0.0,2.086793899536133,0.4524078369140625,9.472830176353455,0.0,0.0,0.0,0.0,2.3374805450439453,0.4758872985839844,10.366467118263245,0.0,0.0,0.0,0.0,2.7322731018066406,0.533050537109375,12.093043088912964,0.0,0.0,0.0,0.0,3.957853317260742,0.6918668746948242,18.79592990875244,0.0,0.0,0.0,0.0,4.4493207931518555,0.6391124725341797,18.51364803314209,0.0,0.0,0.0,0.0,4.1715216636657715,0.6587944030761719,17.565480709075928,0.0,0.0,0.0,0.0,5.034744739532471,0.7518324851989746,20.51124095916748,0.0,0.0,0.0,0.0,5.305756092071533,0.750391960144043,20.375017642974854,0.0,0.0,0.0,0.0,5.3809075355529785,0.7234973907470703,20.54854106903076,0.0,0.0,0.0,0.0,4.579228758811951,0.6411303281784058,18.339940428733826,0.0,0.0,0.0,0.0,4.7358739376068115,0.6766767501831055,18.365473210811615,0.0,0.0,0.0,0.0,4.375276565551758,0.6226425170898438,17.01862144470215,0.0,0.0,0.0,0.0,4.346693515777588,0.6613140106201172,16.334944665431976,0.0,0.0,0.0,0.0,4.071741104125977,0.6015205383300781,15.592439651489258,4.482269287109375e-05,4.482269287109375e-05,0.5984840393066406,0.5985288619995117,3.7332534790039062,0.6122589111328125,15.971971035003662,0.06061410903930664,0.27364587783813477,0.6216444969177246,0.6822586059570312,3.8192577362060547,0.6398582458496094,17.079624891281128,0.1744685173034668,0.794776439666748,0.617279052734375,0.7917475700378418
73,hallucinated,41,0.763671875,8.321946680545807,0.9396660327911377,35.09214001893997,0.016515016555786133,0.02125793695449829,0.9427522420883179,0.959267258644104,7.836635112762451,0.8989445567131042,30.78894543647766,0.022230982780456543,0.053179144859313965,0.8802053928375244,0.902436375617981,7.195384860038757,0.856165885925293,27.892627835273743,0.0,0.0,0.0,0.0,1.2390060424804688,0.4387054443359375,6.579311370849609,0.0,0.0,0.0,0.0,0.9135665893554688,0.3468914031982422,4.656484007835388,0.0,0.0,0.0,0.0,1.3518791198730469,0.36635780334472656,6.318601608276367,0.0,0.0,0.0,0.0,2.324941635131836,0.4524078369140625,9.710977911949158,0.0,0.0,0.0,0.0,2.325972080230713,0.4758872985839844,10.354958653450012,0.0,0.0,0.0,0.0,3.0211868286132812,0.533050537109375,12.381956815719604,0.0,0.0,0.0,0.0,4.239177703857422,0.6918668746948242,19.07725429534912,0.0,0.0,0.0,0.0,4.902266263961792,0.6391124725341797,18.966593503952026,0.0,0.0,0.0,0.0,4.589827537536621,0.6587944030761719,17.983786582946777,0.0,0.0,0.0,0.0,5.3626837730407715,0.7518324851989746,20.83917999267578,0.0,0.0,0.0,0.0,5.7281904220581055,0.750391960144043,20.797451972961426,0.0,0.0,0.0,0.0,5.857980489730835,0.7390007972717285,21.025614023208618,0.0,0.0,0.0,0.0,4.938748002052307,0.6382026672363281,18.699459671974182,0.0,0.0,0.0,0.0,5.012445449829102,0.6693668365478516,18.642044723033905,0.0,0.0,0.0,0.0,4.576284408569336,0.6112861633300781,17.219629287719727,0.0,0.0,0.0,0.0,4.570527076721191,0.6613140106201172,16.55877822637558,0.0,0.0,0.0,0.0,4.296429634094238,0.6015205383300781,15.81712818145752,4.482269287109375e-05,4.482269287109375e-05,0.5984840393066406,0.5985288619995117,3.958629608154297,0.6122589111328125,16.197347164154053,0.06061410903930664,0.27364587783813477,0.6216444969177246,0.6822586059570312,4.009647369384766,0.6337795257568359,17.27001452445984,0.1744685173034668,0.794776439666748,0.617279052734375,0.7917475700378418
74,grounded,56,0.73583984375,19.701561331748962,0.9557278752326965,49.30248826742172,0.019420266151428223,0.022029578685760498,0.944873571395874,0.9642938375473022,18.562751948833466,0.9073985815048218,43.63811856508255,0.013701558113098145,0.0410151481628418,0.896857738494873,0.9105592966079712,17.59067803621292,0.8888709545135498,40.35664874315262,0.0,0.0,0.0,0.0,2.8773193359375,0.4347114562988281,8.273841857910156,0.0,0.0,0.0,0.0,2.2974853515625,0.34427452087402344,6.283712029457092,0.0,0.0,0.0,0.0,3.174785614013672,0.3857908248901367,8.137301445007324,0.0,0.0,0.0,0.0,4.972894668579102,0.44786739349365234,12.231374025344849,0.0,0.0,0.0,0.0,6.598167061805725,0.4932441711425781,15.455609798431396,0.0,0.0,0.0,0.0,7.560445785522461,0.533050537109375,17.913533449172974,0.0,0.0,0.0,0.0,10.372859954833984,0.6874637603759766,26.002771377563477,0.0,0.0,0.0,0.0,11.626239895820618,0.621185302734375,26.533397793769836,0.0,0.0,0.0,0.0,11.511869430541992,0.6464236974716187,25.272233963012695,0.0,0.0,0.0,0.0,13.567980289459229,0.7619857788085938,30.20546269416809,0.0,0.0,0.0,0.0,13.526662230491638,0.7335188388824463,29.76442039012909,0.0,0.0,0.0,0.0,14.35765278339386,0.8006367683410645,30.725808262825012,0.0,0.0,0.0,0.0,12.217753410339355,0.7016879320144653,27.138006448745728,0.0,0.0,0.0,0.0,11.772248268127441,0.6524791717529297,26.849919080734253,0.0,0.0,0.0,0.0,10.901438117027283,0.6846321821212769,24.62014901638031,0.0,0.0,0.0,0.0,10.737093448638916,0.6803267002105713,23.615817368030548,0.0,0.0,0.0,0.0,9.879686713218689,0.6728628873825073,22.559639811515808,0.03528118133544922,0.05821418762207031,0.5632476806640625,0.5985288619995117,9.208881378173828,0.6095352172851562,22.60162043571472,0.06136131286621094,0.27456235885620117,0.6208972930908203,0.6822586059570312,9.8256196975708,0.6534976959228516,24.297420263290405,0.19289350509643555,0.8906121253967285,0.5988540649414062,0.7917475700378418
74,hallucinated,56,0.6923828125,19.736307203769684,0.9560673832893372,49.337234139442444,0.019420266151428223,0.021372199058532715,0.944873571395874,0.9642938375473022,18.421043694019318,0.9014175534248352,43.488456428050995,0.015567421913146973,0.06248682737350464,0.9043322205543518,0.9198996424674988,17.49884396791458,0.8853561878204346,40.25793296098709,0.0,0.0,0.0,0.0,3.012683868408203,0.4347114562988281,8.40920639038086,0.0,0.0,0.0,0.0,2.107555389404297,0.34427452087402344,6.093782067298889,0.0,0.0,0.0,0.0,2.9323692321777344,0.3857908248901367,7.894885063171387,0.0,0.0,0.0,0.0,4.758737564086914,0.44786739349365234,12.017216920852661,0.0,0.0,0.0,0.0,6.795686185359955,0.4932441711425781,15.653128921985626,0.0,0.0,0.0,0.0,7.211856842041016,0.533050537109375,17.56494450569153,0.0,0.0,0.0,0.0,9.91018295288086,0.6874637603759766,25.54009437561035,0.0,0.0,0.0,0.0,10.956827640533447,0.5900125503540039,25.863985538482666,0.0,0.0,0.0,0.0,10.635519981384277,0.6462898254394531,24.39588451385498,0.0,0.0,0.0,0.0,13.035031080245972,0.7668948173522949,29.672513484954834,0.0,0.0,0.0,0.0,13.16263198852539,0.7514410018920898,29.400390148162842,0.0,0.0,0.0,0.0,13.08272635936737,0.793851375579834,29.450881838798523,0.0,0.0,0.0,0.0,11.34425002336502,0.6931212544441223,26.264503061771393,0.0,0.0,0.0,0.0,11.282469868659973,0.69808030128479,26.360140681266785,0.0,0.0,0.0,0.0,9.901594638824463,0.6118922233581543,23.62030553817749,0.0,0.0,0.0,0.0,9.79017686843872,0.6611528396606445,22.668900787830353,0.0,0.0,0.0,0.0,8.496591567993164,0.613555908203125,21.176544666290283,0.03528118133544922,0.05821418762207031,0.5632476806640625,0.5985288619995117,8.183149099349976,0.6095352172851562,21.57588815689087,0.06136131286621094,0.27456235885620117,0.6208972930908203,0.6822586059570312,8.791439056396484,0.6534976959228516,23.26323962211609,0.19289350509643555,0.8906121253967285,0.5988540649414062,0.7917475700378418
75,grounded,43,0.62451171875,13.010218024253845,0.9464308023452759,37.02792972326279,0.018148362636566162,0.033823251724243164,0.9362812042236328,0.954429566860199,12.110253155231476,0.9009373188018799,32.14356118440628,0.029302477836608887,0.06745153665542603,0.866121768951416,0.8954242467880249,11.253953695297241,0.8478937149047852,29.64426279067993,0.0,0.0,0.0,0.0,2.5239639282226562,0.4386100769042969,7.381679534912109,0.0,0.0,0.0,0.0,1.36627197265625,0.3514289855957031,5.067429780960083,0.0,0.0,0.0,0.0,2.1979293823242188,0.3693103790283203,6.861211776733398,0.0,0.0,0.0,0.0,3.059478759765625,0.4567689895629883,9.40497374534607,0.0,0.0,0.0,0.0,3.7303619384765625,0.4794464111328125,10.610247254371643,0.0,0.0,0.0,0.0,4.183376312255859,0.533050537109375,12.496675729751587,0.0,0.0,0.0,0.0,6.6770782470703125,0.6974191665649414,19.693739891052246,0.0,0.0,0.0,0.0,6.846200942993164,0.5927867889404297,18.971373558044434,0.0,0.0,0.0,0.0,6.316489219665527,0.6602859497070312,17.93807601928711,0.0,0.0,0.0,0.0,8.396002769470215,0.7439615726470947,22.257230520248413,0.0,0.0,0.0,0.0,8.560952186584473,0.7195324897766113,21.97425413131714,0.0,0.0,0.0,0.0,8.594661712646484,0.7678828239440918,22.430787086486816,0.0,0.0,0.0,0.0,6.883880138397217,0.6514413356781006,19.4308979511261,0.0,0.0,0.0,0.0,7.539501667022705,0.6935744285583496,19.98361313343048,0.0,0.0,0.0,0.0,6.351780891418457,0.6293601989746094,18.028682231903076,0.0,0.0,0.0,0.0,6.267628192901611,0.6703653335571289,17.729309022426605,0.0,0.0,0.0,0.0,5.643978118896484,0.6153841018676758,16.579166889190674,0.02022075653076172,0.02022075653076172,0.57830810546875,0.5985288619995117,5.949029445648193,0.6116180419921875,17.344248056411743,0.06061410903930664,0.23985004425048828,0.6216444969177246,0.6822586059570312,5.864231109619141,0.6694145202636719,18.23426079750061,0.19589948654174805,0.9075183868408203,0.5958480834960938,0.7917475700378418
75,hallucinated,50,0.6796875,19.54283720254898,0.9526129961013794,43.56054890155792,0.018148362636566162,0.032869935035705566,0.9362812042236328,0.954429566860199,18.108830392360687,0.8872811198234558,38.14989531040192,0.01453101634979248,0.04138118028640747,0.832780122756958,0.8473111391067505,17.016486406326294,0.8644473552703857,35.40913200378418,0.0,0.0,0.0,0.0,2.9919967651367188,0.4386100769042969,7.849712371826172,0.0,0.0,0.0,0.0,2.44439697265625,0.3514289855957031,6.145554780960083,0.0,0.0,0.0,0.0,3.6402626037597656,0.3693103790283203,8.303544998168945,0.0,0.0,0.0,0.0,4.881599426269531,0.4567689895629883,11.227094411849976,0.0,0.0,0.0,0.0,5.7698893547058105,0.4794464111328125,12.649774670600891,0.0,0.0,0.0,0.0,7.183353424072266,0.533050537109375,15.496652841567993,0.0,0.0,0.0,0.0,10.165817260742188,0.6974191665649414,23.18247890472412,0.0,0.0,0.0,0.0,11.349202632904053,0.5986261367797852,23.474375247955322,0.0,0.0,0.0,0.0,10.306578874588013,0.6602859497070312,21.928165674209595,0.0,0.0,0.0,0.0,12.987688779830933,0.7481298446655273,26.84891653060913,0.0,0.0,0.0,0.0,13.15636932849884,0.7195324897766113,26.569671273231506,0.0,0.0,0.0,0.0,13.309346199035645,0.7678828239440918,27.145471572875977,0.0,0.0,0.0,0.0,11.657531976699829,0.6514413356781006,24.20454978942871,0.0,0.0,0.0,0.0,12.530939817428589,0.6935744285583496,24.975051283836365,0.0,0.0,0.0,0.0,10.818650722503662,0.6340484619140625,22.49555206298828,0.0,0.0,0.0,0.0,10.45750105381012,0.6703653335571289,21.919181883335114,0.0,0.0,0.0,0.0,9.88192892074585,0.6153841018676758,20.81711769104004,0.02022075653076172,0.02022075653076172,0.57830810546875,0.5985288619995117,9.390639305114746,0.6116180419921875,20.785857915878296,0.06061410903930664,0.23985004425048828,0.6216444969177246,0.6822586059570312,9.769757270812988,0.6694145202636719,22.139786958694458,0.19589948654174805,0.963475227355957,0.5958480834960938,0.7917475700378418
76,grounded,35,0.7861328125,10.118365705013275,0.9423420429229736,29.414199888706207,0.027442574501037598,0.03716248273849487,0.9192430973052979,0.9466856718063354,9.473635911941528,0.8935558795928955,25.832013726234436,0.009788990020751953,0.020664989948272705,0.8237502574920654,0.8335392475128174,8.573972940444946,0.8446884155273438,23.167837023735046,0.0,0.0,0.0,0.0,1.70672607421875,0.42583274841308594,5.747049331665039,0.0,0.0,0.0,0.0,1.2264328002929688,0.3416576385498047,4.284321427345276,0.0,0.0,0.0,0.0,1.7446937561035156,0.3548011779785156,5.281715393066406,0.0,0.0,0.0,0.0,2.5294227600097656,0.4386272430419922,7.749927639961243,0.0,0.0,0.0,0.0,2.8836255073547363,0.46779632568359375,8.987591862678528,0.0,0.0,0.0,0.0,3.4877090454101562,0.533050537109375,10.293848991394043,0.0,0.0,0.0,0.0,5.288534164428711,0.6837925910949707,15.93688154220581,0.0,0.0,0.0,0.0,5.969460964202881,0.6009902954101562,15.66331434249878,0.0,0.0,0.0,0.0,5.285285949707031,0.6271991729736328,14.445426940917969,0.0,0.0,0.0,0.0,6.476771354675293,0.728062629699707,17.72029995918274,0.0,0.0,0.0,0.0,6.721592426300049,0.7199621200561523,17.75634241104126,0.0,0.0,0.0,0.0,6.803103923797607,0.7006254196166992,17.850118160247803,0.0,0.0,0.0,0.0,5.788159370422363,0.6174120903015137,15.821529865264893,0.0,0.0,0.0,0.0,5.795179128646851,0.6562926769256592,15.795928537845612,0.0,0.0,0.0,0.0,5.2643585205078125,0.5976428985595703,14.611116409301758,0.0,0.0,0.0,0.0,4.928316116333008,0.6711864471435547,14.292384326457977,0.0,0.0,0.0,0.0,4.718469142913818,0.5931234359741211,13.56166124343872,0.02153301239013672,0.028341293334960938,0.576995849609375,0.5985288619995117,4.858526945114136,0.6042957305908203,14.213016510009766,0.06670379638671875,0.2625102996826172,0.6155548095703125,0.6822586059570312,4.663119316101074,0.6347169876098633,14.531123399734497,0.16347455978393555,0.8069472312927246,0.6282730102539062,0.7917475700378418
76,hallucinated,33,0.771484375,8.259649574756622,0.9424655437469482,27.555483758449554,0.027442574501037598,0.03716248273849487,0.9192430973052979,0.9466856718063354,7.735141098499298,0.8976491689682007,24.091085612773895,0.009788990020751953,0.022050201892852783,0.8237502574920654,0.8335392475128174,6.988039135932922,0.8446884155273438,21.581903219223022,0.0,0.0,0.0,0.0,1.3514938354492188,0.42583274841308594,5.391817092895508,0.0,0.0,0.0,0.0,1.0270538330078125,0.3416576385498047,4.08494246006012,0.0,0.0,0.0,0.0,1.3300933837890625,0.3548011779785156,4.867115020751953,0.0,0.0,0.0,0.0,2.1483821868896484,0.4386272430419922,7.3688870668411255,0.0,0.0,0.0,0.0,2.3802542686462402,0.46779632568359375,8.484220623970032,0.0,0.0,0.0,0.0,2.889505386352539,0.533050537109375,9.695645332336426,0.0,0.0,0.0,0.0,4.221080780029297,0.6837925910949707,14.869428157806396,0.0,0.0,0.0,0.0,4.869349956512451,0.5968837738037109,14.56320333480835,0.0,0.0,0.0,0.0,4.309534072875977,0.6271991729736328,13.469675064086914,0.0,0.0,0.0,0.0,5.203976631164551,0.728062629699707,16.447505235671997,0.0,0.0,0.0,0.0,5.439589023590088,0.7199621200561523,16.4743390083313,0.0,0.0,0.0,0.0,5.338873624801636,0.6936683654785156,16.38588786125183,0.0,0.0,0.0,0.0,4.674972057342529,0.6174120903015137,14.708342552185059,0.0,0.0,0.0,0.0,4.656141996383667,0.6405372619628906,14.656891405582428,0.0,0.0,0.0,0.0,4.267470359802246,0.5976428985595703,13.614228248596191,0.0,0.0,0.0,0.0,3.88967227935791,0.6711864471435547,13.25374048948288,0.0,0.0,0.0,0.0,3.730166435241699,0.5931234359741211,12.573358535766602,0.02153301239013672,0.028341293334960938,0.576995849609375,0.5985288619995117,3.635941982269287,0.6042957305908203,12.990431547164917,0.06670379638671875,0.2625102996826172,0.6155548095703125,0.6822586059570312,3.7292022705078125,0.6347169876098633,13.597206354141235,0.16347455978393555,0.8069472312927246,0.6282730102539062,0.7917475700378418
77,grounded,37,0.71533203125,10.102387487888336,0.9352653622627258,31.2824227809906,0.025011777877807617,0.03591597080230713,0.9262139797210693,0.951225757598877,9.419118881225586,0.874807596206665,26.957723319530487,0.008625030517578125,0.010281085968017578,0.8708627223968506,0.8794877529144287,8.783854961395264,0.8485313653945923,25.059635162353516,0.0,0.0,0.0,0.0,1.5123825073242188,0.4326515197753906,5.678951263427734,0.0,0.0,0.0,0.0,1.2436027526855469,0.3395118713378906,4.385734677314758,0.0,0.0,0.0,0.0,1.718475341796875,0.37305259704589844,5.539949417114258,0.0,0.0,0.0,0.0,2.4950313568115234,0.44301509857177734,7.988013982772827,0.0,0.0,0.0,0.0,3.3214526176452637,0.46974945068359375,10.032840847969055,0.0,0.0,0.0,0.0,3.904224395751953,0.533050537109375,11.387844324111938,0.0,0.0,0.0,0.0,5.377298355102539,0.6893062591552734,16.878835678100586,0.0,0.0,0.0,0.0,5.952497482299805,0.6201324462890625,16.50088882446289,0.0,0.0,0.0,0.0,5.625836133956909,0.6411972045898438,15.654532194137573,0.0,0.0,0.0,0.0,6.434019088745117,0.7348761558532715,18.414474487304688,0.0,0.0,0.0,0.0,6.669041872024536,0.6910629272460938,18.402883768081665,0.0,0.0,0.0,0.0,7.370921611785889,0.7644500732421875,19.547826290130615,0.0,0.0,0.0,0.0,6.319061279296875,0.6589856147766113,17.444889545440674,0.0,0.0,0.0,0.0,6.384190797805786,0.6700339317321777,17.440528690814972,0.0,0.0,0.0,0.0,5.985428810119629,0.607874870300293,16.13908624649048,0.00091552734375,0.00091552734375,0.5854110717773438,0.5863265991210938,5.810448408126831,0.6539897918701172,15.71082979440689,0.0,0.0,0.0,0.0,5.523565053939819,0.6192879676818848,15.110123872756958,0.020857810974121094,0.020857810974121094,0.5776710510253906,0.5985288619995117,5.123672008514404,0.6167755126953125,15.105601072311401,0.06061410903930664,0.22024869918823242,0.6216444969177246,0.6822586059570312,5.389773368835449,0.6797695159912109,16.4308979511261,0.18898725509643555,0.8583884239196777,0.6027603149414062,0.7917475700378418
77,hallucinated,41,0.697265625,13.881258249282837,0.9472638964653015,35.0612935423851,0.025011777877807617,0.03591597080230713,0.9262139797210693,0.951225757598877,12.78365820646286,0.8898761868476868,30.315529465675354,0.00204622745513916,0.004307389259338379,0.8760184049606323,0.8780646324157715,12.230280637741089,0.8610086441040039,28.50606083869934,0.0,0.0,0.0,0.0,2.1233444213867188,0.4326515197753906,6.289913177490234,0.0,0.0,0.0,0.0,1.7011909484863281,0.3395118713378906,4.8433228731155396,0.0,0.0,0.0,0.0,2.3328514099121094,0.37305259704589844,6.154325485229492,0.0,0.0,0.0,0.0,3.2854766845703125,0.44301509857177734,8.778459310531616,0.0,0.0,0.0,0.0,4.440240383148193,0.46974945068359375,11.151628613471985,0.0,0.0,0.0,0.0,4.976291656494141,0.533050537109375,12.459911584854126,0.0,0.0,0.0,0.0,7.138357162475586,0.6893062591552734,18.639894485473633,0.0,0.0,0.0,0.0,7.8724799156188965,0.6223220825195312,18.420871257781982,0.0,0.0,0.0,0.0,7.311975598335266,0.6411972045898438,17.34067165851593,0.0,0.0,0.0,0.0,8.470616340637207,0.7348761558532715,20.451071739196777,0.0,0.0,0.0,0.0,8.759021759033203,0.6910629272460938,20.492863655090332,0.0,0.0,0.0,0.0,9.230671882629395,0.7376127243041992,21.40757656097412,0.0,0.0,0.0,0.0,8.079214572906494,0.6589856147766113,19.205042839050293,0.0,0.0,0.0,0.0,8.4223073720932,0.6709995269775391,19.478645265102386,0.0,0.0,0.0,0.0,7.302674293518066,0.5982589721679688,17.456331729888916,0.00091552734375,0.00091552734375,0.5854110717773438,0.5863265991210938,6.846668720245361,0.6539897918701172,16.74705010652542,0.0,0.0,0.0,0.0,6.438969612121582,0.6192879676818848,16.02552843093872,0.020857810974121094,0.020857810974121094,0.5776710510253906,0.5985288619995117,6.318021297454834,0.6167755126953125,16.29995036125183,0.06061410903930664,0.22024869918823242,0.6216444969177246,0.6822586059570312,6.610027313232422,0.6797695159912109,17.65115189552307,0.18898725509643555,0.8583884239196777,0.6027603149414062,0.7917475700378418
78,grounded,50,0.634765625,14.030181407928467,0.9482107162475586,43.67395007610321,0.01842212677001953,0.023145079612731934,0.9468321800231934,0.9652543067932129,13.052612066268921,0.9075872302055359,37.30010116100311,0.01348876953125,0.050375938415527344,0.891193151473999,0.904681921005249,12.303263187408447,0.8531770706176758,34.26745426654816,0.0,0.0,0.0,0.0,2.3501205444335938,0.4487113952636719,8.24700927734375,0.0,0.0,0.0,0.0,1.9500484466552734,0.35689353942871094,6.265465974807739,0.0,0.0,0.0,0.0,2.6058425903320312,0.38177490234375,7.828945159912109,0.0,0.0,0.0,0.0,3.506237030029297,0.4497251510620117,11.213574051856995,0.0,0.0,0.0,0.0,4.177426099777222,0.4904136657714844,13.055001616477966,0.0,0.0,0.0,0.0,4.8847503662109375,0.533050537109375,15.167600631713867,0.0,0.0,0.0,0.0,7.59432315826416,0.7026424407958984,23.864612102508545,0.0,0.0,0.0,0.0,7.794844627380371,0.6056137084960938,23.049275398254395,0.0,0.0,0.0,0.0,8.3543381690979,0.6543140411376953,22.346737384796143,0.0,0.0,0.0,0.0,9.799596786499023,0.7578630447387695,26.809424877166748,0.0,0.0,0.0,0.0,10.019146203994751,0.7599866390228271,26.50674057006836,0.0,0.0,0.0,0.0,10.54812240600586,0.7914857864379883,27.815882205963135,0.0,0.0,0.0,0.0,8.388776898384094,0.6649460792541504,23.69632351398468,0.0,0.0,0.0,0.0,9.211403608322144,0.716912031173706,24.669523239135742,0.0,0.0,0.0,0.0,8.022478580474854,0.6156973838806152,21.937583446502686,0.0,0.0,0.0,0.0,7.888191640377045,0.6930027008056641,21.493686318397522,0.0,0.0,0.0,0.0,7.359210968017578,0.6637449264526367,20.67519998550415,0.01587200164794922,0.01587200164794922,0.5826568603515625,0.5985288619995117,7.1296772956848145,0.6091423034667969,21.237891018390656,0.061722755432128906,0.2832465171813965,0.6205358505249023,0.6822586059570312,7.091222763061523,0.6807661056518555,22.295111417770386,0.18637418746948242,0.924619197845459,0.6053733825683594,0.7917475700378418
78,hallucinated,49,0.6376953125,13.091213166713715,0.9518581032752991,42.73498183488846,0.01842212677001953,0.022402644157409668,0.9468321800231934,0.9652543067932129,12.114844143390656,0.9014087915420532,36.36233323812485,0.01348876953125,0.048434555530548096,0.891193151473999,0.904681921005249,11.35823369026184,0.871126651763916,33.32242476940155,0.0,0.0,0.0,0.0,1.8379364013671875,0.4487113952636719,7.734825134277344,0.0,0.0,0.0,0.0,1.4424819946289062,0.35689353942871094,5.757899522781372,0.0,0.0,0.0,0.0,2.002227783203125,0.38177490234375,7.225330352783203,0.0,0.0,0.0,0.0,3.2412376403808594,0.4497251510620117,10.948574662208557,0.0,0.0,0.0,0.0,3.77471923828125,0.4904136657714844,12.652294754981995,0.0,0.0,0.0,0.0,4.525959014892578,0.533050537109375,14.808809280395508,0.0,0.0,0.0,0.0,6.6829681396484375,0.7026424407958984,22.953257083892822,0.0,0.0,0.0,0.0,7.0854597091674805,0.6056137084960938,22.339890480041504,0.0,0.0,0.0,0.0,6.646900653839111,0.6543140411376953,20.639299869537354,0.0,0.0,0.0,0.0,7.8935710191726685,0.766298770904541,24.903399109840393,0.0,0.0,0.0,0.0,8.052014589309692,0.7599866390228271,24.5396089553833,0.0,0.0,0.0,0.0,8.93138039112091,0.7632393836975098,26.199140191078186,0.0,0.0,0.0,0.0,6.9684460163116455,0.6649460792541504,22.27599263191223,0.0,0.0,0.0,0.0,7.3801774978637695,0.6809263229370117,22.838297128677368,0.0,0.0,0.0,0.0,7.0933451652526855,0.6156973838806152,21.008450031280518,0.0,0.0,0.0,0.0,5.868207812309265,0.6930027008056641,19.473702490329742,0.0,0.0,0.0,0.0,5.845694541931152,0.6637449264526367,19.161683559417725,0.01587200164794922,0.01587200164794922,0.5826568603515625,0.5985288619995117,5.871670722961426,0.6091423034667969,19.979884445667267,0.061722755432128906,0.2832465171813965,0.6205358505249023,0.6822586059570312,6.172283172607422,0.6807661056518555,21.376171827316284,0.18637418746948242,0.9532370567321777,0.6053733825683594,0.7917475700378418
79,grounded,38,0.73828125,11.125443875789642,0.941428005695343,32.29714411497116,0.020612001419067383,0.03221714496612549,0.9300689697265625,0.9506809711456299,10.323637545108795,0.8898205757141113,27.983211398124695,0.008195877075195312,0.01639389991760254,0.8254544734954834,0.8336503505706787,9.36383330821991,0.8446884155273438,24.88733661174774,0.0,0.0,0.0,0.0,1.999053955078125,0.4265327453613281,6.153190612792969,0.0,0.0,0.0,0.0,1.1630897521972656,0.3341102600097656,4.130584001541138,0.0,0.0,0.0,0.0,1.6490249633789062,0.35373497009277344,5.298547744750977,0.0,0.0,0.0,0.0,2.5332603454589844,0.44467735290527344,8.055673003196716,0.0,0.0,0.0,0.0,3.1728782653808594,0.46602630615234375,9.765502572059631,0.0,0.0,0.0,0.0,3.7948083877563477,0.533050537109375,11.250233173370361,0.0,0.0,0.0,0.0,5.510780334472656,0.6859574317932129,16.94965410232544,0.0,0.0,0.0,0.0,6.125288367271423,0.58892822265625,16.640671133995056,0.0,0.0,0.0,0.0,5.782398223876953,0.6440620422363281,15.801371574401855,0.0,0.0,0.0,0.0,7.106791257858276,0.7372217178344727,19.44282293319702,0.0,0.0,0.0,0.0,6.638735771179199,0.6971840858459473,18.44992971420288,0.0,0.0,0.0,0.0,7.161641359329224,0.7172989845275879,19.214090585708618,0.0,0.0,0.0,0.0,5.498497486114502,0.628753662109375,16.515313625335693,0.0,0.0,0.0,0.0,5.971729278564453,0.6378993988037109,16.99502021074295,0.0,0.0,0.0,0.0,5.180976867675781,0.607421875,15.222078323364258,0.003917694091796875,0.003917694091796875,0.5824089050292969,0.5863265991210938,4.685004234313965,0.6477088928222656,14.690087795257568,0.0,0.0,0.0,0.0,4.533443450927734,0.5941805839538574,13.853202819824219,0.02849102020263672,0.02849102020263672,0.570037841796875,0.5985288619995117,4.822802305221558,0.6171531677246094,14.575530290603638,0.06494903564453125,0.21243715286254883,0.6173095703125,0.6822586059570312,4.886074542999268,0.6681613922119141,15.403391122817993,0.1872859001159668,0.8232064247131348,0.604461669921875,0.7917475700378418
79,hallucinated,41,0.73486328125,13.957082390785217,0.9500827789306641,35.128782629966736,0.020612001419067383,0.03298276662826538,0.9300689697265625,0.9506809711456299,12.889461934566498,0.8878644704818726,30.54559588432312,0.01137995719909668,0.023339509963989258,0.8685884475708008,0.8799684047698975,11.635693788528442,0.8446884155273438,27.158185601234436,0.0,0.0,0.0,0.0,2.205108642578125,0.4265327453613281,6.359245300292969,0.0,0.0,0.0,0.0,1.3267364501953125,0.3341102600097656,4.294230699539185,0.0,0.0,0.0,0.0,2.0807571411132812,0.35373497009277344,5.730279922485352,0.0,0.0,0.0,0.0,3.059223175048828,0.44467735290527344,8.58163583278656,0.0,0.0,0.0,0.0,3.90328311920166,0.46602630615234375,10.495907425880432,0.0,0.0,0.0,0.0,4.968906402587891,0.533050537109375,12.424331188201904,0.0,0.0,0.0,0.0,7.038244247436523,0.6859574317932129,18.477118015289307,0.0,0.0,0.0,0.0,7.945412635803223,0.6151504516601562,18.460795402526855,0.0,0.0,0.0,0.0,7.139237403869629,0.6440620422363281,17.15821075439453,0.0,0.0,0.0,0.0,9.030833959579468,0.7372217178344727,21.366865634918213,0.0,0.0,0.0,0.0,8.652141690254211,0.6971840858459473,20.463335633277893,0.0,0.0,0.0,0.0,9.120306968688965,0.7172989845275879,21.17275619506836,0.0,0.0,0.0,0.0,7.171303570270538,0.628753662109375,18.18811970949173,0.0,0.0,0.0,0.0,7.615583181381226,0.6378993988037109,18.638874113559723,0.0,0.0,0.0,0.0,6.706243991851807,0.607421875,16.747345447540283,0.003917694091796875,0.003917694091796875,0.5824089050292969,0.5863265991210938,6.263415336608887,0.6477088928222656,16.26849889755249,0.0,0.0,0.0,0.0,5.571824073791504,0.5941805839538574,14.891583442687988,0.02849102020263672,0.02849102020263672,0.570037841796875,0.5985288619995117,5.768088340759277,0.6171531677246094,15.520816326141357,0.06494903564453125,0.21243715286254883,0.6173095703125,0.6822586059570312,5.58055305480957,0.6681613922119141,16.097869634628296,0.1872859001159668,0.8232064247131348,0.604461669921875,0.7917475700378418
80,grounded,36,0.57275390625,4.608369410037994,0.9434822797775269,30.469489634037018,0.015991926193237305,0.02300506830215454,0.9424798488616943,0.9584717750549316,4.189404487609863,0.8817569017410278,25.514337241649628,0.03478193283081055,0.06280624866485596,0.8596897125244141,0.8944716453552246,3.948605537414551,0.8535585403442383,23.635732173919678,0.0,0.0,0.0,0.0,0.846893310546875,0.4444236755371094,5.9729461669921875,0.0,0.0,0.0,0.0,0.5730438232421875,0.3562946319580078,4.405157208442688,0.0,0.0,0.0,0.0,0.99017333984375,0.3906116485595703,5.947420120239258,0.0,0.0,0.0,0.0,1.1516132354736328,0.4575786590576172,7.984416842460632,0.0,0.0,0.0,0.0,1.4929428100585938,0.49123382568359375,9.324741959571838,0.0,0.0,0.0,0.0,1.5951919555664062,0.533050537109375,10.698941230773926,0.0,0.0,0.0,0.0,2.368053436279297,0.6949167251586914,16.35949420928955,0.0,0.0,0.0,0.0,2.698580741882324,0.5907306671142578,16.092236042022705,0.0,0.0,0.0,0.0,2.761199951171875,0.6681118011474609,14.953327178955078,0.0,0.0,0.0,0.0,3.0966780185699463,0.7435948848724365,17.796920776367188,0.0,0.0,0.0,0.0,3.2245545387268066,0.7205805778503418,17.699296951293945,0.0,0.0,0.0,0.0,3.320707321166992,0.7478017807006836,17.924291133880615,0.0,0.0,0.0,0.0,2.4068069458007812,0.6585612297058105,15.673595905303955,0.0,0.0,0.0,0.0,2.679457664489746,0.7141847610473633,16.156921982765198,0.0,0.0,0.0,0.0,2.3386616706848145,0.6127662658691406,14.800724983215332,0.006244659423828125,0.006244659423828125,0.5800819396972656,0.5863265991210938,2.1666650772094727,0.680689811706543,14.208427906036377,0.0,0.0,0.0,0.0,1.8846511840820312,0.6140298843383789,13.648142576217651,0.02834606170654297,0.03884696960449219,0.5701828002929688,0.5985288619995117,2.0711684226989746,0.6309785842895508,14.379863500595093,0.06061410903930664,0.23111677169799805,0.6216444969177246,0.6822586059570312,1.9373016357421875,0.6700458526611328,15.386737585067749,0.18452024459838867,0.8194880485534668,0.6072273254394531,0.7917475700378418
80,hallucinated,39,0.57958984375,7.3934173583984375,0.9449318647384644,33.25453758239746,0.015991926193237305,0.02300506830215454,0.9424798488616943,0.9584717750549316,6.803400635719299,0.8964612483978271,28.128333389759064,0.03478193283081055,0.06280624866485596,0.8596897125244141,0.8944716453552246,6.46846342086792,0.8535585403442383,26.155590057373047,0.0,0.0,0.0,0.0,1.3514175415039062,0.4444236755371094,6.477470397949219,0.0,0.0,0.0,0.0,1.0677642822265625,0.3562946319580078,4.899877667427063,0.0,0.0,0.0,0.0,1.6600189208984375,0.3906116485595703,6.617265701293945,0.0,0.0,0.0,0.0,1.811309814453125,0.4575786590576172,8.644113421440125,0.0,0.0,0.0,0.0,2.5419178009033203,0.49123382568359375,10.373716950416565,0.0,0.0,0.0,0.0,2.711071014404297,0.533050537109375,11.814820289611816,0.0,0.0,0.0,0.0,4.095664978027344,0.6949167251586914,18.087105751037598,0.0,0.0,0.0,0.0,4.557821273803711,0.6457757949829102,17.951476573944092,0.0,0.0,0.0,0.0,4.606217384338379,0.6681118011474609,16.798344612121582,0.0,0.0,0.0,0.0,5.067520380020142,0.7435948848724365,19.767763137817383,0.0,0.0,0.0,0.0,5.415632247924805,0.7333192825317383,19.890374660491943,0.0,0.0,0.0,0.0,5.541160583496094,0.7478017807006836,20.144744396209717,0.0,0.0,0.0,0.0,4.118429660797119,0.6585612297058105,17.385218620300293,0.0,0.0,0.0,0.0,4.642267227172852,0.7141847610473633,18.119731545448303,0.0,0.0,0.0,0.0,4.032344818115234,0.6127662658691406,16.494408130645752,0.006244659423828125,0.006244659423828125,0.5800819396972656,0.5863265991210938,3.7151689529418945,0.680689811706543,15.756931781768799,0.0,0.0,0.0,0.0,3.378175735473633,0.6140298843383789,15.141667127609253,0.02834606170654297,0.03884696960449219,0.5701828002929688,0.5985288619995117,3.632291316986084,0.6309785842895508,15.940986394882202,0.06061410903930664,0.23111677169799805,0.6216444969177246,0.6822586059570312,3.7638015747070312,0.6700458526611328,17.213237524032593,0.18452024459838867,0.8194880485534668,0.6072273254394531,0.7917475700378418
81,grounded,44,0.759765625,12.073738515377045,0.9477732181549072,37.88924539089203,0.01072239875793457,0.020109713077545166,0.9477195739746094,0.958441972732544,11.252785801887512,0.8893610835075378,32.79861342906952,0.03231668472290039,0.05244743824005127,0.827542781829834,0.8598594665527344,10.441586017608643,0.8548221588134766,29.73442244529724,0.0,0.0,0.0,0.0,1.8415298461914062,0.4479503631591797,6.936395645141602,0.0,0.0,0.0,0.0,1.5669975280761719,0.3546333312988281,5.311295390129089,0.0,0.0,0.0,0.0,2.1075973510742188,0.37746620178222656,6.705984115600586,0.0,0.0,0.0,0.0,3.1156482696533203,0.45525169372558594,9.647814393043518,0.0,0.0,0.0,0.0,3.7287404537200928,0.4823951721191406,11.31564748287201,0.0,0.0,0.0,0.0,4.547246932983398,0.533050537109375,13.70327639579773,0.0,0.0,0.0,0.0,6.270414352416992,0.6949138641357422,19.94340229034424,0.0,0.0,0.0,0.0,7.12002158164978,0.6290950775146484,20.14491629600525,0.0,0.0,0.0,0.0,6.512341260910034,0.6518516540527344,18.400258779525757,0.0,0.0,0.0,0.0,7.752175807952881,0.7481107711791992,22.002130270004272,0.0,0.0,0.0,0.0,7.992077112197876,0.7258167266845703,22.073559999465942,0.0,0.0,0.0,0.0,8.50068187713623,0.7538855075836182,22.751580476760864,0.0,0.0,0.0,0.0,7.517441272735596,0.6787476539611816,20.6273353099823,0.0,0.0,0.0,0.0,7.273616075515747,0.6814451217651367,20.44985830783844,0.0,0.0,0.0,0.0,6.760706901550293,0.6255989074707031,18.780877590179443,0.0,0.0,0.0,0.0,6.700729846954346,0.6756772994995117,18.284279763698578,0.0,0.0,0.0,0.0,6.212307691574097,0.6238002777099609,17.51173162460327,0.007525444030761719,0.007525444030761719,0.59100341796875,0.5985288619995117,5.941335678100586,0.6402645111083984,17.928115129470825,0.06061410903930664,0.23317670822143555,0.6216444969177246,0.6822586059570312,6.120357513427734,0.659670352935791,19.016998529434204,0.1859602928161621,0.7832908630371094,0.6057872772216797,0.7917475700378418
81,hallucinated,37,0.6875,5.527523100376129,0.9425314664840698,31.343029975891113,0.01072239875793457,0.019069135189056396,0.9477195739746094,0.958441972732544,5.115339457988739,0.885827898979187,26.654400765895844,0.03299272060394287,0.0975489616394043,0.8632159233093262,0.896208643913269,4.689366102218628,0.8482513427734375,23.975631713867188,0.0,0.0,0.0,0.0,0.8750152587890625,0.4479503631591797,5.969881057739258,0.0,0.0,0.0,0.0,0.5845184326171875,0.3546333312988281,4.328816294670105,0.0,0.0,0.0,0.0,0.9627761840820312,0.37746620178222656,5.561162948608398,0.0,0.0,0.0,0.0,1.248260498046875,0.45525169372558594,7.780426621437073,0.0,0.0,0.0,0.0,1.6957473754882812,0.4823951721191406,9.282654404640198,0.0,0.0,0.0,0.0,1.9648284912109375,0.533050537109375,11.120857954025269,0.0,0.0,0.0,0.0,2.804719924926758,0.6949138641357422,16.477707862854004,0.0,0.0,0.0,0.0,2.999791145324707,0.5950164794921875,16.024685859680176,0.0,0.0,0.0,0.0,3.0100278854370117,0.6518516540527344,14.897945404052734,0.0,0.0,0.0,0.0,3.2431840896606445,0.7481107711791992,17.493138551712036,0.0,0.0,0.0,0.0,3.5199317932128906,0.7258167266845703,17.601414680480957,0.0,0.0,0.0,0.0,3.614022731781006,0.7538855075836182,17.86492133140564,0.0,0.0,0.0,0.0,3.078494071960449,0.6599180698394775,16.188388109207153,0.0,0.0,0.0,0.0,2.988494873046875,0.6786370277404785,16.164737105369568,0.0,0.0,0.0,0.0,2.5968093872070312,0.5904159545898438,14.616980075836182,0.0,0.0,0.0,0.0,2.424130916595459,0.6756772994995117,14.007680833339691,0.0,0.0,0.0,0.0,2.2146730422973633,0.6238002777099609,13.514096975326538,0.007525444030761719,0.007525444030761719,0.59100341796875,0.5985288619995117,2.3927412033081055,0.6402645111083984,14.379520654678345,0.06061410903930664,0.23317670822143555,0.6216444969177246,0.6822586059570312,2.4265689849853516,0.659670352935791,15.323210000991821,0.1859602928161621,0.7832908630371094,0.6057872772216797,0.7917475700378418
82,grounded,37,0.62109375,4.60193806886673,0.936725378036499,31.460802912712097,0.018030166625976562,0.02302241325378418,0.9416241645812988,0.9596543312072754,4.223111212253571,0.8781247735023499,26.34547072649002,0.02131974697113037,0.04244422912597656,0.8717198371887207,0.8930395841598511,3.9948196411132812,0.853917121887207,24.358917474746704,0.0,0.0,0.0,0.0,0.8661575317382812,0.44767189025878906,6.133325576782227,0.0,0.0,0.0,0.0,0.58489990234375,0.3495674133300781,4.416462779045105,0.0,0.0,0.0,0.0,1.0245361328125,0.37701416015625,6.009740829467773,0.0,0.0,0.0,0.0,1.08026123046875,0.4505271911621094,8.02776563167572,0.0,0.0,0.0,0.0,1.4665908813476562,0.4805145263671875,9.478045105934143,0.0,0.0,0.0,0.0,1.7636642456054688,0.533050537109375,11.241431951522827,0.0,0.0,0.0,0.0,2.4709930419921875,0.6933975219726562,16.955455780029297,0.0,0.0,0.0,0.0,2.725632429122925,0.5995101928710938,16.5951144695282,0.0,0.0,0.0,0.0,2.694581985473633,0.6606292724609375,15.359685897827148,0.0,0.0,0.0,0.0,3.190343976020813,0.7432172298431396,18.78954041004181,0.0,0.0,0.0,0.0,3.2914390563964844,0.7145519256591797,18.453911304473877,0.0,0.0,0.0,0.0,3.241069793701172,0.7444572448730469,18.48618984222412,0.0,0.0,0.0,0.0,2.6518383026123047,0.6535403728485107,16.543046712875366,0.0,0.0,0.0,0.0,3.0643491744995117,0.6620229482650757,16.942040264606476,0.0,0.0,0.0,0.0,2.662933349609375,0.5979843139648438,15.503049373626709,0.0,0.0,0.0,0.0,2.5439140796661377,0.6447696685791016,15.156337559223175,0.0,0.0,0.0,0.0,2.2405738830566406,0.6097888946533203,14.508598566055298,0.01949596405029297,0.03157997131347656,0.5790328979492188,0.5985288619995117,2.274653434753418,0.6140995025634766,15.156162559986115,0.06061410903930664,0.22809648513793945,0.6216444969177246,0.6822586059570312,2.24086332321167,0.6608152389526367,16.0690815448761,0.18090581893920898,0.814877986907959,0.6108417510986328,0.7917475700378418
82,hallucinated,36,0.62255859375,3.6595072746276855,0.936725378036499,30.518372118473053,0.018030166625976562,0.02302241325378418,0.9416241645812988,0.9596543312072754,3.3511807322502136,0.8781247735023499,25.473540246486664,0.02131974697113037,0.048078298568725586,0.8717198371887207,0.8930395841598511,3.1459972858428955,0.853917121887207,23.51009511947632,0.0,0.0,0.0,0.0,0.7013778686523438,0.44767189025878906,5.968545913696289,0.0,0.0,0.0,0.0,0.46746826171875,0.3495674133300781,4.299031138420105,0.0,0.0,0.0,0.0,0.770233154296875,0.37701416015625,5.755437850952148,0.0,0.0,0.0,0.0,0.8283157348632812,0.4505271911621094,7.7758201360702515,0.0,0.0,0.0,0.0,1.167572021484375,0.4805145263671875,9.179026246070862,0.0,0.0,0.0,0.0,1.383514404296875,0.533050537109375,10.861282110214233,0.0,0.0,0.0,0.0,1.9808082580566406,0.6933975219726562,16.46527099609375,0.0,0.0,0.0,0.0,2.189114570617676,0.5995101928710938,16.05859661102295,0.0,0.0,0.0,0.0,2.1870269775390625,0.6606292724609375,14.852130889892578,0.0,0.0,0.0,0.0,2.481378674507141,0.7432172298431396,18.080575108528137,0.0,0.0,0.0,0.0,2.5958099365234375,0.7145519256591797,17.75828218460083,0.0,0.0,0.0,0.0,2.4263553619384766,0.7444572448730469,17.671475410461426,0.0,0.0,0.0,0.0,2.0259971618652344,0.6535403728485107,15.917205572128296,0.0,0.0,0.0,0.0,2.287424087524414,0.6620229482650757,16.165115177631378,0.0,0.0,0.0,0.0,2.0432186126708984,0.5979843139648438,14.883334636688232,0.0,0.0,0.0,0.0,1.943091630935669,0.6447696685791016,14.555515110492706,0.0,0.0,0.0,0.0,1.7403640747070312,0.6097888946533203,14.008388757705688,0.01949596405029297,0.03157997131347656,0.5790328979492188,0.5985288619995117,1.7527046203613281,0.6140995025634766,14.634213745594025,0.06061410903930664,0.22809648513793945,0.6216444969177246,0.6822586059570312,1.7832508087158203,0.6608152389526367,15.611469030380249,0.18090581893920898,0.814877986907959,0.6108417510986328,0.7917475700378418
83,grounded,35,0.669921875,3.684184968471527,0.9323492050170898,29.530836164951324,0.00962972640991211,0.016766786575317383,0.9409584999084473,0.9505882263183594,3.3201499581336975,0.8730610609054565,24.455113172531128,0.02536606788635254,0.06258022785186768,0.8178138732910156,0.8431799411773682,3.1392738819122314,0.8446884155273438,22.0502667427063,0.0,0.0,0.0,0.0,0.6821441650390625,0.4441795349121094,5.580165863037109,0.0,0.0,0.0,0.0,0.4164581298828125,0.34105873107910156,4.0432655811309814,0.0,0.0,0.0,0.0,0.73187255859375,0.36768150329589844,5.250553131103516,0.0,0.0,0.0,0.0,0.7603607177734375,0.45674896240234375,7.424516916275024,0.0,0.0,0.0,0.0,1.0900840759277344,0.4884185791015625,8.79760229587555,0.0,0.0,0.0,0.0,1.288238525390625,0.533050537109375,10.27706503868103,0.0,0.0,0.0,0.0,2.0956459045410156,0.6891937255859375,15.709867477416992,0.0,0.0,0.0,0.0,2.2036218643188477,0.5936298370361328,15.002426147460938,0.0,0.0,0.0,0.0,2.68009090423584,0.6925563812255859,14.284814834594727,0.0,0.0,0.0,0.0,2.7983394265174866,0.7448453903198242,17.159676134586334,0.0,0.0,0.0,0.0,2.751619338989258,0.7145657539367676,16.931493282318115,0.0,0.0,0.0,0.0,2.821183204650879,0.7513294219970703,17.026253700256348,0.0,0.0,0.0,0.0,2.4269537925720215,0.656522274017334,15.437762260437012,0.0,0.0,0.0,0.0,2.555501937866211,0.6785545349121094,15.559736490249634,0.0,0.0,0.0,0.0,2.2769317626953125,0.5973091125488281,14.378407955169678,0.0,0.0,0.0,0.0,2.2635116577148438,0.6917672157287598,13.745654284954071,0.0,0.0,0.0,0.0,2.1976852416992188,0.6224441528320312,13.66684079170227,0.019507408142089844,0.021501541137695312,0.5790214538574219,0.5985288619995117,2.161407470703125,0.6140403747558594,14.067919850349426,0.06061410903930664,0.21930456161499023,0.6216444969177246,0.6822586059570312,2.0422592163085938,0.6622018814086914,14.996351599693298,0.18999624252319336,1.1411595344543457,0.6017513275146484,0.7917475700378418
83,hallucinated,35,0.6630859375,3.6720555424690247,0.9323492050170898,29.518706738948822,0.00962972640991211,0.016766786575317383,0.9409584999084473,0.9505882263183594,3.318310856819153,0.8730610609054565,24.447217524051666,0.04055565595626831,0.08082091808319092,0.8485496044158936,0.8891052603721619,3.043027877807617,0.8446884155273438,21.957582712173462,0.0,0.0,0.0,0.0,0.6498489379882812,0.4441795349121094,5.547870635986328,0.0,0.0,0.0,0.0,0.5258102416992188,0.34105873107910156,4.152617692947388,0.0,0.0,0.0,0.0,0.7497024536132812,0.36768150329589844,5.268383026123047,0.0,0.0,0.0,0.0,0.8335189819335938,0.45674896240234375,7.497675180435181,0.0,0.0,0.0,0.0,0.9966850280761719,0.4884185791015625,8.704203248023987,0.0,0.0,0.0,0.0,1.3332328796386719,0.533050537109375,10.322059392929077,0.0,0.0,0.0,0.0,1.9338912963867188,0.6891937255859375,15.548112869262695,0.0,0.0,0.0,0.0,2.094301223754883,0.5936298370361328,14.893105506896973,0.0,0.0,0.0,0.0,2.0292835235595703,0.6606903076171875,13.634007453918457,0.0,0.0,0.0,0.0,2.2684682607650757,0.7448453903198242,16.629804968833923,0.0,0.0,0.0,0.0,2.417649745941162,0.7145657539367676,16.59752368927002,0.0,0.0,0.0,0.0,2.3166933059692383,0.7513294219970703,16.521763801574707,0.0,0.0,0.0,0.0,1.8792877197265625,0.656522274017334,14.890096187591553,0.0,0.0,0.0,0.0,2.051362991333008,0.6785545349121094,15.05559754371643,0.0,0.0,0.0,0.0,1.8151865005493164,0.5973091125488281,13.916662693023682,0.0,0.0,0.0,0.0,1.6850643157958984,0.6917672157287598,13.167206943035126,0.0,0.0,0.0,0.0,1.5213241577148438,0.6224441528320312,12.990479707717896,0.019507408142089844,0.021501541137695312,0.5790214538574219,0.5985288619995117,1.5468406677246094,0.6140403747558594,13.45335304737091,0.06061410903930664,0.21930456161499023,0.6216444969177246,0.6822586059570312,1.4777603149414062,0.6622018814086914,14.43185269832611,0.18999624252319336,0.900352954864502,0.6017513275146484,0.7917475700378418
84,grounded,37,0.6953125,10.108056545257568,0.9372410774230957,31.279865503311157,0.02697467803955078,0.03689849376678467,0.9231538772583008,0.9501285552978516,9.263018488883972,0.8804463148117065,26.646681904792786,0.006513774394989014,0.011739552021026611,0.870215654373169,0.876729428768158,8.164647102355957,0.8446884155273438,23.411962866783142,0.0,0.0,0.0,0.0,1.5645599365234375,0.42806434631347656,5.845357894897461,0.0,0.0,0.0,0.0,1.2570266723632812,0.34464073181152344,4.447205185890198,0.0,0.0,0.0,0.0,1.6905670166015625,0.37393760681152344,5.677469253540039,0.0,0.0,0.0,0.0,2.603910446166992,0.44570255279541016,8.369267702102661,0.0,0.0,0.0,0.0,2.99637508392334,0.45124053955078125,9.464940667152405,0.0,0.0,0.0,0.0,3.9026317596435547,0.533050537109375,11.571659803390503,0.0,0.0,0.0,0.0,5.4726409912109375,0.687382698059082,17.28380298614502,0.0,0.0,0.0,0.0,6.057183265686035,0.6409091949462891,16.842787742614746,0.0,0.0,0.0,0.0,5.858450889587402,0.6467247009277344,16.25900363922119,0.0,0.0,0.0,0.0,6.92635440826416,0.7354373931884766,19.52246332168579,0.0,0.0,0.0,0.0,7.120508193969727,0.7374486923217773,19.282493591308594,0.0,0.0,0.0,0.0,7.69089674949646,0.7886781692504883,20.168076753616333,0.0,0.0,0.0,0.0,6.256774187088013,0.6583435535430908,17.62181806564331,0.0,0.0,0.0,0.0,6.353375196456909,0.6578984260559082,17.630771219730377,0.0,0.0,0.0,0.0,5.997866153717041,0.6372132301330566,16.636420726776123,0.011486053466796875,0.011486053466796875,0.5748405456542969,0.5863265991210938,5.9541826248168945,0.6507949829101562,16.262332260608673,0.0,0.0,0.0,0.0,5.424461364746094,0.6142191886901855,15.372918605804443,0.0038766860961914062,0.0038766860961914062,0.5946521759033203,0.5985288619995117,4.948838233947754,0.6106109619140625,15.260489702224731,0.06644916534423828,0.24744653701782227,0.615809440612793,0.6822586059570312,5.008251667022705,0.6602916717529297,16.277236223220825,0.16301965713500977,0.8131489753723145,0.628727912902832,0.7917475700378418
84,hallucinated,45,0.7724609375,17.689055681228638,0.9505019783973694,38.86086463928223,0.02697467803955078,0.04153573513031006,0.9231538772583008,0.9501285552978516,16.345145404338837,0.9050191640853882,33.711749732494354,0.02003002166748047,0.024324655532836914,0.8566994071006775,0.876729428768158,14.369242191314697,0.8446884155273438,29.629993677139282,0.0,0.0,0.0,0.0,2.612553596496582,0.42806434631347656,6.8933515548706055,0.0,0.0,0.0,0.0,1.8625335693359375,0.34464073181152344,5.052712082862854,0.0,0.0,0.0,0.0,2.403726577758789,0.37393760681152344,6.390628814697266,0.0,0.0,0.0,0.0,4.415928840637207,0.44570255279541016,10.181286096572876,0.0,0.0,0.0,0.0,4.323478698730469,0.45124053955078125,10.792044281959534,0.0,0.0,0.0,0.0,6.00996208190918,0.533050537109375,13.678990125656128,0.0,0.0,0.0,0.0,8.291332244873047,0.687382698059082,20.10249423980713,0.0,0.0,0.0,0.0,9.0649995803833,0.5859584808349609,19.85060405731201,0.0,0.0,0.0,0.0,8.50695538520813,0.6467247009277344,18.90750813484192,0.0,0.0,0.0,0.0,9.87237024307251,0.7313313484191895,22.46847915649414,0.0,0.0,0.0,0.0,10.177542924880981,0.7566509246826172,22.33952832221985,0.0,0.0,0.0,0.0,10.551392316818237,0.7688050270080566,23.02857232093811,0.0,0.0,0.0,0.0,8.925862550735474,0.6300060749053955,20.29090642929077,0.0,0.0,0.0,0.0,9.005585193634033,0.663008451461792,20.2829812169075,0.0,0.0,0.0,0.0,8.584564089775085,0.689971923828125,19.223118662834167,0.011486053466796875,0.011486053466796875,0.5748405456542969,0.5863265991210938,8.00954794883728,0.6863064765930176,18.31769758462906,0.0,0.0,0.0,0.0,7.290828704833984,0.6601028442382812,17.239285945892334,0.0038766860961914062,0.0038766860961914062,0.5946521759033203,0.5985288619995117,6.908415794372559,0.6106109619140625,17.220067262649536,0.06644916534423828,0.24744653701782227,0.615809440612793,0.6822586059570312,7.5992730259895325,0.6602916717529297,18.868257582187653,0.16301965713500977,0.8105249404907227,0.628727912902832,0.7917475700378418
85,grounded,36,0.83544921875,10.109922051429749,0.9427852034568787,30.3631711602211,0.02747213840484619,0.039169490337371826,0.921461820602417,0.9489339590072632,9.506409347057343,0.890496015548706,26.77318423986435,0.022951126098632812,0.04998600482940674,0.8710318803787231,0.893983006477356,8.816933751106262,0.8623046875,24.461026906967163,0.0,0.0,0.0,0.0,1.4924697875976562,0.42675018310546875,5.587383270263672,0.0,0.0,0.0,0.0,1.4343948364257812,0.34090614318847656,4.656668663024902,0.0,0.0,0.0,0.0,1.8015327453613281,0.36760520935058594,5.713239669799805,0.0,0.0,0.0,0.0,2.5243935585021973,0.44999217987060547,8.021457195281982,0.0,0.0,0.0,0.0,2.9943342208862305,0.4753570556640625,9.178948998451233,0.0,0.0,0.0,0.0,3.729480743408203,0.533050537109375,10.871078252792358,0.0,0.0,0.0,0.0,5.253389358520508,0.689152717590332,16.33572006225586,0.0,0.0,0.0,0.0,5.910999774932861,0.6040897369384766,16.150585651397705,0.0,0.0,0.0,0.0,5.337899684906006,0.6448326110839844,14.863006114959717,0.0,0.0,0.0,0.0,6.464237213134766,0.7326569557189941,17.79859495162964,0.0,0.0,0.0,0.0,6.388444900512695,0.7405853271484375,17.473286628723145,0.0,0.0,0.0,0.0,6.728833198547363,0.7264490127563477,18.302163124084473,0.0,0.0,0.0,0.0,5.976276397705078,0.6274292469024658,16.55324959754944,0.0,0.0,0.0,0.0,5.4830358028411865,0.6192913055419922,15.791383147239685,0.0,0.0,0.0,0.0,5.272731065750122,0.5984611511230469,14.949171304702759,0.0,0.0,0.0,0.0,4.882214307785034,0.6464447975158691,14.283481240272522,0.0,0.0,0.0,0.0,4.467121124267578,0.6316070556640625,13.55549430847168,0.006018638610839844,0.008014678955078125,0.5925102233886719,0.5985288619995117,4.378985166549683,0.6139583587646484,14.10640001296997,0.06061410903930664,0.21634292602539062,0.6216444969177246,0.6822586059570312,4.502901077270508,0.6554660797119141,14.971625089645386,0.15801191329956055,0.7354927062988281,0.6337356567382812,0.7917475700378418
85,hallucinated,35,0.83837890625,9.180733382701874,0.9422671794891357,29.433982491493225,0.02747213840484619,0.039169490337371826,0.921461820602417,0.9489339590072632,8.63095223903656,0.8871536254882812,25.89558207988739,0.02366769313812256,0.039283156394958496,0.8708570003509521,0.8945246934890747,7.9932955503463745,0.8597183227539062,23.64084792137146,0.0,0.0,0.0,0.0,1.37890625,0.42675018310546875,5.473819732666016,0.0,0.0,0.0,0.0,1.2228927612304688,0.34090614318847656,4.44516658782959,0.0,0.0,0.0,0.0,1.5304946899414062,0.36760520935058594,5.442201614379883,0.0,0.0,0.0,0.0,2.2058184146881104,0.44999217987060547,7.7028820514678955,0.0,0.0,0.0,0.0,2.662294387817383,0.4753570556640625,8.846909165382385,0.0,0.0,0.0,0.0,3.359447479248047,0.533050537109375,10.501044988632202,0.0,0.0,0.0,0.0,4.641014099121094,0.689152717590332,15.723344802856445,0.0,0.0,0.0,0.0,5.281707763671875,0.5912685394287109,15.521293640136719,0.0,0.0,0.0,0.0,4.884142160415649,0.6448326110839844,14.40924859046936,0.0,0.0,0.0,0.0,5.668222427368164,0.719773530960083,17.002580165863037,0.0,0.0,0.0,0.0,5.557967185974121,0.7356386184692383,16.64280891418457,0.0,0.0,0.0,0.0,5.928361892700195,0.7172741889953613,17.501691818237305,0.0,0.0,0.0,0.0,5.3734142780303955,0.6274292469024658,15.950387477874756,0.0,0.0,0.0,0.0,4.90119743347168,0.6192913055419922,15.209544777870178,0.0,0.0,0.0,0.0,4.728553771972656,0.5984611511230469,14.404994010925293,0.0,0.0,0.0,0.0,4.254330635070801,0.6464447975158691,13.655597567558289,0.0,0.0,0.0,0.0,4.062564373016357,0.6316070556640625,13.150937557220459,0.006018638610839844,0.008014678955078125,0.5925102233886719,0.5985288619995117,3.8372349739074707,0.6139583587646484,13.564649820327759,0.06061410903930664,0.21634292602539062,0.6216444969177246,0.6822586059570312,4.1541547775268555,0.6554660797119141,14.622878789901733,0.15801191329956055,0.7354927062988281,0.6337356567382812,0.7917475700378418
86,grounded,35,0.7568359375,9.190373301506042,0.942176342010498,29.379339814186096,0.027737975120544434,0.04021644592285156,0.9215293526649475,0.9492673277854919,8.61158138513565,0.8875223398208618,25.94116622209549,0.014467716217041016,0.02120119333267212,0.8278274536132812,0.8422951698303223,7.8092920780181885,0.8446884155273438,23.150585055351257,0.0,0.0,0.0,0.0,1.4212875366210938,0.4325885772705078,5.494001388549805,0.0,0.0,0.0,0.0,1.0776405334472656,0.3400688171386719,4.0857707262039185,0.0,0.0,0.0,0.0,1.498291015625,0.3795585632324219,5.140216827392578,0.0,0.0,0.0,0.0,2.4874649047851562,0.4536600112915039,8.003668904304504,0.0,0.0,0.0,0.0,2.788097381591797,0.4684104919433594,9.161800980567932,0.0,0.0,0.0,0.0,3.5510826110839844,0.533050537109375,10.84240436553955,0.0,0.0,0.0,0.0,5.083562850952148,0.6911282539367676,16.28917646408081,0.0,0.0,0.0,0.0,5.599228858947754,0.6073207855224609,15.783295631408691,0.0,0.0,0.0,0.0,5.490049958229065,0.6476306915283203,15.394858002662659,0.0,0.0,0.0,0.0,6.466565370559692,0.7432956695556641,18.253304481506348,0.0,0.0,0.0,0.0,6.553963661193848,0.7389774322509766,17.98146152496338,0.0,0.0,0.0,0.0,6.92490816116333,0.7782497406005859,18.607451915740967,0.0,0.0,0.0,0.0,5.9582319259643555,0.6699029207229614,16.824055790901184,0.0,0.0,0.0,0.0,6.106848657131195,0.7019703388214111,16.791628420352936,0.0,0.0,0.0,0.0,5.758454322814941,0.6554145812988281,15.795619487762451,0.0,0.0,0.0,0.0,5.319515585899353,0.6895556449890137,15.126581907272339,0.0,0.0,0.0,0.0,5.275160789489746,0.634397029876709,14.804997444152832,0.007342338562011719,0.007342338562011719,0.5911865234375,0.5985288619995117,5.04443883895874,0.6085243225097656,15.066623330116272,0.06061410903930664,0.23508071899414062,0.6216444969177246,0.6822586059570312,5.166133403778076,0.6308326721191406,15.94644570350647,0.18117856979370117,0.76385498046875,0.6105690002441406,0.7917475700378418
86,hallucinated,35,0.6962890625,9.221387207508087,0.9455387592315674,29.41035372018814,0.027737975120544434,0.04021644592285156,0.9215293526649475,0.9492673277854919,8.580527901649475,0.8741409778594971,25.90108048915863,0.014467716217041016,0.03388833999633789,0.8278274536132812,0.8422951698303223,7.733288049697876,0.8446884155273438,23.074581027030945,0.0,0.0,0.0,0.0,1.505157470703125,0.4325885772705078,5.577871322631836,0.0,0.0,0.0,0.0,0.9872055053710938,0.3400688171386719,3.9953356981277466,0.0,0.0,0.0,0.0,1.2594375610351562,0.3795585632324219,4.901363372802734,0.0,0.0,0.0,0.0,2.112346649169922,0.4536600112915039,7.62855064868927,0.0,0.0,0.0,0.0,2.556987762451172,0.4684104919433594,8.930691361427307,0.0,0.0,0.0,0.0,3.136404037475586,0.533050537109375,10.427725791931152,0.0,0.0,0.0,0.0,4.632898330688477,0.6911282539367676,15.838511943817139,0.0,0.0,0.0,0.0,5.043962478637695,0.5926742553710938,15.228029251098633,0.0,0.0,0.0,0.0,4.81827449798584,0.6476306915283203,14.723082542419434,0.0,0.0,0.0,0.0,5.616065979003906,0.7432956695556641,17.40280508995056,0.0,0.0,0.0,0.0,5.939546585083008,0.7389774322509766,17.36704444885254,0.0,0.0,0.0,0.0,6.105864524841309,0.7700605392456055,17.788408279418945,0.0,0.0,0.0,0.0,5.260698318481445,0.6699029207229614,16.126522183418274,0.0,0.0,0.0,0.0,5.543497085571289,0.6681060791015625,16.22827684879303,0.0,0.0,0.0,0.0,5.013160705566406,0.6206722259521484,15.050325870513916,0.0,0.0,0.0,0.0,4.2649970054626465,0.6895556449890137,14.072063326835632,0.0,0.0,0.0,0.0,4.107890844345093,0.6230683326721191,13.637727499008179,0.007342338562011719,0.007342338562011719,0.5911865234375,0.5985288619995117,4.178659796714783,0.6085243225097656,14.200844287872314,0.06061410903930664,0.23508071899414062,0.6216444969177246,0.6822586059570312,4.164636611938477,0.6308326721191406,14.94494891166687,0.18117856979370117,0.76385498046875,0.6105690002441406,0.7917475700378418
87,grounded,32,0.6767578125,3.669049322605133,0.9302406311035156,26.73097187280655,0.02123391628265381,0.029401540756225586,0.9315788745880127,0.9528127908706665,3.3288414478302,0.8724095821380615,22.9383602142334,0.011428117752075195,0.020182490348815918,0.834064245223999,0.8454923629760742,3.1875133514404297,0.8454227447509766,21.021536350250244,0.0,0.0,0.0,0.0,0.6884918212890625,0.4372596740722656,5.3007354736328125,0.0,0.0,0.0,0.0,0.4169769287109375,0.3510246276855469,3.9338011741638184,0.0,0.0,0.0,0.0,0.7197799682617188,0.3730182647705078,4.886331558227539,0.0,0.0,0.0,0.0,0.75592041015625,0.448883056640625,6.654275417327881,0.0,0.0,0.0,0.0,1.0617904663085938,0.4600257873535156,8.034411072731018,0.0,0.0,0.0,0.0,1.2743072509765625,0.533050537109375,9.380926370620728,0.0,0.0,0.0,0.0,2.129836082458496,0.6850156784057617,14.711612701416016,0.0,0.0,0.0,0.0,2.165372848510742,0.5837783813476562,13.660388946533203,0.0,0.0,0.0,0.0,2.71016788482666,0.7053432464599609,13.822266578674316,0.0,0.0,0.0,0.0,2.733700752258301,0.7464179992675781,15.916680335998535,0.0,0.0,0.0,0.0,2.6948814392089844,0.710693359375,15.464658737182617,0.0,0.0,0.0,0.0,2.78511381149292,0.7403092384338379,16.0653395652771,0.0,0.0,0.0,0.0,2.4024879932403564,0.6288490295410156,14.378822565078735,0.0,0.0,0.0,0.0,2.5120811462402344,0.6601943969726562,14.321631968021393,0.0,0.0,0.0,0.0,2.2212142944335938,0.5952529907226562,13.163512229919434,0.0,0.0,0.0,0.0,2.2231979370117188,0.6418905258178711,12.916294395923615,0.0,0.0,0.0,0.0,2.217222213745117,0.6116719245910645,12.491011619567871,0.024367332458496094,0.03683280944824219,0.5741615295410156,0.5985288619995117,2.160879135131836,0.6111335754394531,12.877949714660645,0.06061410903930664,0.23040533065795898,0.6216444969177246,0.6822586059570312,2.074432373046875,0.6878585815429688,14.127028226852417,0.18704557418823242,1.2198660373687744,0.6047019958496094,0.7917475700378418
87,hallucinated,41,0.7041015625,12.058699131011963,0.9446016550064087,35.12062168121338,0.02123391628265381,0.03184986114501953,0.9315788745880127,0.9528127908706665,11.153721690177917,0.8898683190345764,30.76397341489792,0.011428117752075195,0.022068321704864502,0.834064245223999,0.8454923629760742,10.32841432094574,0.85089111328125,28.167905688285828,0.0,0.0,0.0,0.0,1.9933242797851562,0.4372596740722656,6.605567932128906,0.0,0.0,0.0,0.0,1.7235240936279297,0.3510246276855469,5.2403483390808105,0.0,0.0,0.0,0.0,2.031421661376953,0.3730182647705078,6.197973251342773,0.0,0.0,0.0,0.0,3.164783477783203,0.448883056640625,9.063138484954834,0.0,0.0,0.0,0.0,3.472301483154297,0.4600257873535156,10.444922089576721,0.0,0.0,0.0,0.0,4.354193687438965,0.533050537109375,12.46081280708313,0.0,0.0,0.0,0.0,6.291465759277344,0.6850156784057617,18.873242378234863,0.0,0.0,0.0,0.0,6.661468982696533,0.5837783813476562,18.156485080718994,0.0,0.0,0.0,0.0,6.749555826187134,0.6478786468505859,17.86165452003479,0.0,0.0,0.0,0.0,7.8514344692230225,0.7464179992675781,21.034414052963257,0.0,0.0,0.0,0.0,7.87614369392395,0.7366557121276855,20.645920991897583,0.0,0.0,0.0,0.0,8.341565728187561,0.7853001356124878,21.62179148197174,0.0,0.0,0.0,0.0,6.7190468311309814,0.6288490295410156,18.69538140296936,0.0,0.0,0.0,0.0,6.572666764259338,0.6409592628479004,18.382217586040497,0.0,0.0,0.0,0.0,6.185698986053467,0.5952529907226562,17.127996921539307,0.0,0.0,0.0,0.0,5.731341600418091,0.6449489593505859,16.44302135705948,0.0,0.0,0.0,0.0,5.243900299072266,0.6116719245910645,15.51768970489502,0.024367332458496094,0.024367332458496094,0.5741615295410156,0.5985288619995117,5.2952775955200195,0.6111335754394531,16.012348175048828,0.06061410903930664,0.22390413284301758,0.6216444969177246,0.6822586059570312,6.056085109710693,0.6878585815429688,18.108680963516235,0.18704557418823242,0.8853800296783447,0.6047019958496094,0.7917475700378418
88,grounded,36,0.80517578125,10.116282165050507,0.9387763738632202,30.38448202610016,0.028449177742004395,0.04348796606063843,0.9211452007293701,0.9495943784713745,9.432743906974792,0.8838921785354614,26.434747874736786,0.0035085678100585938,0.006392359733581543,0.8253734111785889,0.8288819789886475,8.500518798828125,0.8446884155273438,23.56875205039978,0.0,0.0,0.0,0.0,1.6617050170898438,0.4285888671875,5.895042419433594,0.0,0.0,0.0,0.0,1.4269447326660156,0.34787940979003906,4.506343483924866,0.0,0.0,0.0,0.0,1.8598518371582031,0.3589344024658203,5.649030685424805,0.0,0.0,0.0,0.0,2.665210723876953,0.4444389343261719,8.032362937927246,0.0,0.0,0.0,0.0,3.201606869697571,0.474365234375,9.679697751998901,0.0,0.0,0.0,0.0,3.8783035278320312,0.533050537109375,10.985404253005981,0.0,0.0,0.0,0.0,5.204416275024414,0.681973934173584,16.23840856552124,0.0,0.0,0.0,0.0,6.133876204490662,0.5990257263183594,16.338040709495544,0.0,0.0,0.0,0.0,5.768818199634552,0.636016845703125,15.507316887378693,0.0,0.0,0.0,0.0,6.7770586013793945,0.735396146774292,18.55382466316223,0.0,0.0,0.0,0.0,6.9911065101623535,0.7318630218505859,18.44300603866577,0.0,0.0,0.0,0.0,7.398573398590088,0.7353439331054688,19.030177116394043,0.0,0.0,0.0,0.0,6.402033090591431,0.6455113887786865,17.194608688354492,0.0,0.0,0.0,0.0,6.553100049495697,0.7031650543212891,17.267710268497467,0.0,0.0,0.0,0.0,5.253237724304199,0.6098003387451172,14.99986743927002,0.0,0.0,0.0,0.0,5.500674247741699,0.6662626266479492,15.360465824604034,0.0,0.0,0.0,0.0,5.147624969482422,0.6108217239379883,14.552690982818604,0.015547752380371094,0.025049209594726562,0.5829811096191406,0.5985288619995117,5.101553440093994,0.6118030548095703,14.895819902420044,0.06180381774902344,0.2500114440917969,0.6204547882080078,0.6822586059570312,5.408556938171387,0.6511001586914062,16.03825068473816,0.1898665428161621,0.838106632232666,0.6018810272216797,0.7917475700378418
88,hallucinated,35,0.8017578125,9.185183823108673,0.9390311241149902,29.453383684158325,0.028449177742004395,0.04362034797668457,0.9211452007293701,0.9495943784713745,8.561446189880371,0.8789472579956055,25.561021625995636,0.0035085678100585938,0.0061740875244140625,0.8253734111785889,0.8288819789886475,7.708204507827759,0.8446884155273438,22.7821763753891,0.0,0.0,0.0,0.0,1.4288406372070312,0.4285888671875,5.662178039550781,0.0,0.0,0.0,0.0,1.1270370483398438,0.34787940979003906,4.206435799598694,0.0,0.0,0.0,0.0,1.57135009765625,0.3589344024658203,5.360528945922852,0.0,0.0,0.0,0.0,2.254946708679199,0.4444389343261719,7.622098922729492,0.0,0.0,0.0,0.0,2.81063175201416,0.474365234375,9.28872263431549,0.0,0.0,0.0,0.0,3.4176406860351562,0.533050537109375,10.524741411209106,0.0,0.0,0.0,0.0,4.584140777587891,0.681973934173584,15.618133068084717,0.0,0.0,0.0,0.0,5.418929696083069,0.5924301147460938,15.623094201087952,0.0,0.0,0.0,0.0,5.232861161231995,0.636016845703125,14.971359848976135,0.0,0.0,0.0,0.0,6.1113481521606445,0.735396146774292,17.88811421394348,0.0,0.0,0.0,0.0,6.139232635498047,0.718409538269043,17.591132164001465,0.0,0.0,0.0,0.0,6.373908281326294,0.7187957763671875,18.00551199913025,0.0,0.0,0.0,0.0,5.7214601039886475,0.6455113887786865,16.51403570175171,0.0,0.0,0.0,0.0,5.8433727622032166,0.7031650543212891,16.557982981204987,0.0,0.0,0.0,0.0,4.686148643493652,0.6098003387451172,14.432778358459473,0.0,0.0,0.0,0.0,4.931313753128052,0.6662626266479492,14.791105329990387,0.0,0.0,0.0,0.0,4.756830215454102,0.6108217239379883,14.161896228790283,0.015547752380371094,0.025049209594726562,0.5829811096191406,0.5985288619995117,4.406895637512207,0.6118030548095703,14.201162099838257,0.06180381774902344,0.2500114440917969,0.6204547882080078,0.6822586059570312,4.980069160461426,0.6330013275146484,15.609762907028198,0.1898665428161621,0.838106632232666,0.6018810272216797,0.7917475700378418
89,grounded,34,0.771484375,8.257007956504822,0.9253631830215454,28.495070695877075,0.019201278686523438,0.033075809478759766,0.9293594360351562,0.9485607147216797,7.70134299993515,0.8853168487548828,24.705552101135254,0.007210731506347656,0.016776561737060547,0.8255274295806885,0.8327381610870361,6.97614312171936,0.8446884155273438,21.957851886749268,0.0,0.0,0.0,0.0,1.4928054809570312,0.4284343719482422,5.650350570678711,0.0,0.0,0.0,0.0,1.2159576416015625,0.3417167663574219,4.455668926239014,0.0,0.0,0.0,0.0,1.4516105651855469,0.3580036163330078,5.274362564086914,0.0,0.0,0.0,0.0,2.0810155868530273,0.44756317138671875,7.727407455444336,0.0,0.0,0.0,0.0,2.517446517944336,0.47252655029296875,8.72139036655426,0.0,0.0,0.0,0.0,2.936084747314453,0.533050537109375,10.0478036403656,0.0,0.0,0.0,0.0,4.337955474853516,0.679966926574707,15.51260757446289,0.0,0.0,0.0,0.0,4.722301006317139,0.5936508178710938,14.980851650238037,0.0,0.0,0.0,0.0,4.621776103973389,0.6557478904724121,14.273970603942871,0.0,0.0,0.0,0.0,5.392760753631592,0.7276384830474854,16.967238664627075,0.0,0.0,0.0,0.0,5.637083053588867,0.7520499229431152,16.905569553375244,0.0,0.0,0.0,0.0,5.8472747802734375,0.7247705459594727,17.349448680877686,0.0,0.0,0.0,0.0,4.966319441795349,0.6212620735168457,15.364275813102722,0.0,0.0,0.0,0.0,4.89715576171875,0.6556344032287598,15.41995757818222,0.0,0.0,0.0,0.0,4.368487358093262,0.6061134338378906,14.06063175201416,0.0,0.0,0.0,0.0,4.259485244750977,0.6659698486328125,13.847664892673492,0.0,0.0,0.0,0.0,3.7994298934936523,0.5993437767028809,12.834064483642578,0.005146980285644531,0.008411407470703125,0.5933818817138672,0.5985288619995117,3.924922466278076,0.6009254455566406,13.412225127220154,0.07011985778808594,0.24545049667358398,0.6121387481689453,0.6822586059570312,3.809690475463867,0.6726341247558594,14.090251922607422,0.15948820114135742,0.8047049045562744,0.6322593688964844,0.7917475700378418
89,hallucinated,34,0.763671875,8.249672949314117,0.9353772401809692,28.48773568868637,0.019201278686523438,0.033075809478759766,0.9293594360351562,0.9485607147216797,7.714963912963867,0.8873041868209839,24.715964615345,0.007210731506347656,0.016128063201904297,0.8255274295806885,0.8327381610870361,6.939732551574707,0.8446884155273438,21.923811435699463,0.0,0.0,0.0,0.0,1.2684402465820312,0.4284343719482422,5.425985336303711,0.0,0.0,0.0,0.0,1.1338119506835938,0.3417167663574219,4.373523235321045,0.0,0.0,0.0,0.0,1.3980941772460938,0.3580036163330078,5.220846176147461,0.0,0.0,0.0,0.0,2.2511401176452637,0.44756317138671875,7.897531986236572,0.0,0.0,0.0,0.0,2.346707344055176,0.47252655029296875,8.5506511926651,0.0,0.0,0.0,0.0,2.9274139404296875,0.533050537109375,10.039132833480835,0.0,0.0,0.0,0.0,4.2551422119140625,0.679966926574707,15.429794311523438,0.0,0.0,0.0,0.0,4.751101970672607,0.5869121551513672,15.009652614593506,0.0,0.0,0.0,0.0,4.788939952850342,0.6557478904724121,14.441134452819824,0.0,0.0,0.0,0.0,5.35751485824585,0.7276384830474854,16.931992769241333,0.0,0.0,0.0,0.0,5.472668647766113,0.7275962829589844,16.74115514755249,0.0,0.0,0.0,0.0,5.562730073928833,0.7140641212463379,17.06490397453308,0.0,0.0,0.0,0.0,4.939604997634888,0.6212620735168457,15.33756136894226,0.0,0.0,0.0,0.0,4.80776572227478,0.6556344032287598,15.33056753873825,0.0,0.0,0.0,0.0,4.301139831542969,0.6061134338378906,13.993284225463867,0.0,0.0,0.0,0.0,4.138669967651367,0.6659698486328125,13.726849615573883,0.0,0.0,0.0,0.0,3.794394016265869,0.5993437767028809,12.829028606414795,0.005146980285644531,0.008411407470703125,0.5933818817138672,0.5985288619995117,3.645597219467163,0.6009254455566406,13.13289988040924,0.07011985778808594,0.24545049667358398,0.6121387481689453,0.6822586059570312,3.7159652709960938,0.6726341247558594,13.996526718139648,0.15948820114135742,0.8047049045562744,0.6322593688964844,0.7917475700378418
90,grounded,46,0.7216796875,13.013300120830536,0.9499410390853882,39.84947592020035,0.008898556232452393,0.02236419916152954,0.9502017498016357,0.9591003060340881,12.191935002803802,0.9069141149520874,34.47316598892212,0.02609717845916748,0.045324504375457764,0.8339798450469971,0.8600770235061646,11.310232877731323,0.8480973243713379,31.12578046321869,0.0,0.0,0.0,0.0,2.1592140197753906,0.44256591796875,7.333583831787109,0.0,0.0,0.0,0.0,1.7347335815429688,0.3478813171386719,5.627817273139954,0.0,0.0,0.0,0.0,2.2167091369628906,0.36678504943847656,7.050439834594727,0.0,0.0,0.0,0.0,3.4280786514282227,0.44712162017822266,10.187923192977905,0.0,0.0,0.0,0.0,4.490548849105835,0.4855613708496094,12.542932868003845,0.0,0.0,0.0,0.0,5.118247985839844,0.533050537109375,14.523162364959717,0.0,0.0,0.0,0.0,6.845880508422852,0.6897773742675781,21.25853729248047,0.0,0.0,0.0,0.0,7.330789089202881,0.5959548950195312,20.65545415878296,0.0,0.0,0.0,0.0,7.258144557476044,0.6505508422851562,19.570986926555634,0.0,0.0,0.0,0.0,8.825666427612305,0.7666168212890625,23.514853477478027,0.0,0.0,0.0,0.0,8.436117172241211,0.73492431640625,22.97860813140869,0.0,0.0,0.0,0.0,9.243339538574219,0.7628288269042969,24.18936014175415,0.0,0.0,0.0,0.0,7.521579682826996,0.6360154151916504,20.77505725622177,0.0,0.0,0.0,0.0,7.770308136940002,0.6667439937591553,21.56616050004959,0.0,0.0,0.0,0.0,7.016387224197388,0.614065408706665,19.586270093917847,0.0,0.0,0.0,0.0,6.549837112426758,0.6649951934814453,18.62324410676956,0.0,0.0,0.0,0.0,6.2749481201171875,0.6219406127929688,17.77371072769165,0.026129722595214844,0.03678703308105469,0.5723991394042969,0.5985288619995117,6.0911641120910645,0.6053524017333984,18.486129224300385,0.07177352905273438,0.2856764793395996,0.6104850769042969,0.6822586059570312,6.087257385253906,0.6525325775146484,19.089802622795105,0.17444181442260742,0.792600154876709,0.6173057556152344,0.7917475700378418
90,hallucinated,53,0.7353515625,19.62783944606781,0.9562580585479736,46.46401524543762,0.008898556232452393,0.02236419916152954,0.9502017498016357,0.9591003060340881,18.402525901794434,0.9029293060302734,40.68284684419632,0.02609717845916748,0.044838547706604004,0.8339798450469971,0.8600770235061646,17.13553011417389,0.8662214279174805,36.963563084602356,0.0,0.0,0.0,0.0,3.167102813720703,0.44256591796875,8.341472625732422,0.0,0.0,0.0,0.0,2.4800949096679688,0.3478813171386719,6.373178601264954,0.0,0.0,0.0,0.0,3.4294281005859375,0.36678504943847656,8.263158798217773,0.0,0.0,0.0,0.0,4.865156173706055,0.44712162017822266,11.625000715255737,0.0,0.0,0.0,0.0,6.458910703659058,0.4855613708496094,14.511294722557068,0.0,0.0,0.0,0.0,7.345930099487305,0.533050537109375,16.750844478607178,0.0,0.0,0.0,0.0,10.293718338012695,0.6897773742675781,24.706375122070312,0.0,0.0,0.0,0.0,11.141538858413696,0.5906772613525391,24.466203927993774,0.0,0.0,0.0,0.0,11.1018688082695,0.6505508422851562,23.41471117734909,0.0,0.0,0.0,0.0,13.3273606300354,0.7449922561645508,28.016547679901123,0.0,0.0,0.0,0.0,12.950987577438354,0.7182645797729492,27.493478536605835,0.0,0.0,0.0,0.0,13.68112313747406,0.7581710815429688,28.62714374065399,0.0,0.0,0.0,0.0,11.332434177398682,0.6360154151916504,24.585911750793457,0.0,0.0,0.0,0.0,11.765549004077911,0.6909534931182861,25.5614013671875,0.0,0.0,0.0,0.0,10.838157892227173,0.6304941177368164,23.408040761947632,0.0,0.0,0.0,0.0,10.174678444862366,0.6649951934814453,22.24808543920517,0.0,0.0,0.0,0.0,9.862410545349121,0.6420183181762695,21.361173152923584,0.026129722595214844,0.03678703308105469,0.5723991394042969,0.5985288619995117,9.193978071212769,0.6053524017333984,21.58894318342209,0.07177352905273438,0.2856764793395996,0.6104850769042969,0.6822586059570312,9.436986923217773,0.6525325775146484,22.439532160758972,0.17444181442260742,0.804908275604248,0.6173057556152344,0.7917475700378418
91,grounded,48,0.7275390625,16.773724615573883,0.9482712745666504,41.668121099472046,0.01124042272567749,0.02104198932647705,0.946030855178833,0.9572712779045105,15.452995359897614,0.8988507986068726,35.949649810791016,0.027046918869018555,0.11004233360290527,0.8263797760009766,0.8534266948699951,14.55249959230423,0.8550553321838379,32.98149389028549,0.018915534019470215,0.03080165386199951,0.8657733201980591,0.8846888542175293,2.3825721740722656,0.4468250274658203,7.074018478393555,0.0,0.0,0.0,0.0,1.9341697692871094,0.34941673278808594,5.503544330596924,0.0,0.0,0.0,0.0,2.9951934814453125,0.375518798828125,7.455810546875,0.0,0.0,0.0,0.0,4.215807914733887,0.4547109603881836,10.559806942939758,0.0,0.0,0.0,0.0,5.11589241027832,0.4783477783203125,12.476093888282776,0.0,0.0,0.0,0.0,6.130868911743164,0.533050537109375,14.787854671478271,0.0,0.0,0.0,0.0,8.330931663513184,0.6910638809204102,21.453299522399902,0.0,0.0,0.0,0.0,9.092530727386475,0.5953826904296875,21.41760015487671,0.0,0.0,0.0,0.0,8.524020195007324,0.6518611907958984,19.99400043487549,0.0,0.0,0.0,0.0,10.221473932266235,0.7383167743682861,24.121586084365845,0.0,0.0,0.0,0.0,10.676971673965454,0.7031607627868652,24.167582273483276,0.0,0.0,0.0,0.0,11.405791997909546,0.7514138221740723,25.43363070487976,0.0,0.0,0.0,0.0,9.567429542541504,0.6418724060058594,22.40896725654602,0.0,0.0,0.0,0.0,9.518745064735413,0.6512970924377441,22.338170766830444,0.0,0.0,0.0,0.0,8.062994003295898,0.5990734100341797,19.690943241119385,0.0,0.0,0.0,0.0,7.37578010559082,0.6501951217651367,18.398280680179596,0.0,0.0,0.0,0.0,7.033598184585571,0.6148090362548828,17.899735689163208,0.02592754364013672,0.029619216918945312,0.572601318359375,0.5985288619995117,7.404677391052246,0.6178359985351562,18.816062211990356,0.06061410903930664,0.21202421188354492,0.6216444969177246,0.6822586059570312,7.69285774230957,0.6672143936157227,20.110932111740112,0.18973112106323242,0.8693051338195801,0.6020164489746094,0.7917475700378418
91,hallucinated,45,0.75146484375,13.964691162109375,0.9482712745666504,38.85908764600754,0.01124042272567749,0.019944846630096436,0.946030855178833,0.9572712779045105,12.805079936981201,0.8917045593261719,33.3017343878746,0.027046918869018555,0.10419470071792603,0.8263797760009766,0.8534266948699951,12.049765884876251,0.8512020111083984,30.478760182857513,0.018915534019470215,0.018915534019470215,0.8657733201980591,0.8846888542175293,1.9696846008300781,0.4468250274658203,6.661130905151367,0.0,0.0,0.0,0.0,1.6276969909667969,0.34941673278808594,5.197071552276611,0.0,0.0,0.0,0.0,2.3939971923828125,0.375518798828125,6.8546142578125,0.0,0.0,0.0,0.0,3.502028465270996,0.4547109603881836,9.846027493476868,0.0,0.0,0.0,0.0,4.345808029174805,0.4783477783203125,11.70600950717926,0.0,0.0,0.0,0.0,5.201211929321289,0.533050537109375,13.858197689056396,0.0,0.0,0.0,0.0,6.9203643798828125,0.6910638809204102,20.04273223876953,0.0,0.0,0.0,0.0,7.625434398651123,0.5953826904296875,19.950503826141357,0.0,0.0,0.0,0.0,7.24106502532959,0.6518611907958984,18.711045265197754,0.0,0.0,0.0,0.0,8.676086664199829,0.7383167743682861,22.57619881629944,0.0,0.0,0.0,0.0,8.947242975234985,0.7031607627868652,22.437853574752808,0.0,0.0,0.0,0.0,9.556444883346558,0.7514138221740723,23.584283590316772,0.0,0.0,0.0,0.0,8.19754934310913,0.6418724060058594,21.039087057113647,0.0,0.0,0.0,0.0,8.060940384864807,0.6512970924377441,20.88036608695984,0.0,0.0,0.0,0.0,6.855100631713867,0.5990734100341797,18.483049869537354,0.0,0.0,0.0,0.0,6.388524055480957,0.6501951217651367,17.411024630069733,0.0,0.0,0.0,0.0,6.133983850479126,0.6148090362548828,17.000121355056763,0.02592754364013672,0.029619216918945312,0.572601318359375,0.5985288619995117,6.352610111236572,0.6178359985351562,17.763994932174683,0.06061410903930664,0.21202421188354492,0.6216444969177246,0.6822586059570312,6.569805145263672,0.6672143936157227,18.987879514694214,0.18973112106323242,0.8693051338195801,0.6020164489746094,0.7917475700378418
92,grounded,46,0.6376953125,17.72434026002884,0.9533390998840332,39.8317888379097,0.015266358852386475,0.02625584602355957,0.9367074966430664,0.9519738554954529,16.40652447938919,0.889916181564331,34.758145213127136,0.012937307357788086,0.021444618701934814,0.8710265159606934,0.8839638233184814,15.013725519180298,0.8604202270507812,31.672110676765442,0.0,0.0,0.0,0.0,3.1190567016601562,0.43920326232910156,7.377584457397461,0.0,0.0,0.0,0.0,1.9109344482421875,0.3415260314941406,5.205285370349884,0.0,0.0,0.0,0.0,3.0676345825195312,0.3611583709716797,6.876653671264648,0.0,0.0,0.0,0.0,4.104106903076172,0.4420175552368164,9.728518962860107,0.0,0.0,0.0,0.0,5.20817756652832,0.4723243713378906,11.877455353736877,0.0,0.0,0.0,0.0,5.592700958251953,0.533050537109375,13.339205980300903,0.0,0.0,0.0,0.0,8.862619400024414,0.6838550567626953,20.577834129333496,0.0,0.0,0.0,0.0,9.40110969543457,0.5822849273681641,20.26308250427246,0.0,0.0,0.0,0.0,8.567289352416992,0.6443996429443359,18.970962524414062,0.0,0.0,0.0,0.0,11.204068422317505,0.7380132675170898,23.69318461418152,0.0,0.0,0.0,0.0,11.01315689086914,0.6908078193664551,23.127212047576904,0.0,0.0,0.0,0.0,11.803219318389893,0.7387986183166504,24.214792251586914,0.0,0.0,0.0,0.0,9.209278583526611,0.6585407257080078,20.823590755462646,0.0,0.0,0.0,0.0,9.896568775177002,0.6719359755516052,21.484271705150604,0.0,0.0,0.0,0.0,8.575229167938232,0.599273681640625,19.295414447784424,0.0,0.0,0.0,0.0,8.155519008636475,0.6549105644226074,18.819780707359314,0.0,0.0,0.0,0.0,7.507381439208984,0.5993075370788574,17.573227405548096,0.01966571807861328,0.01966571807861328,0.5788631439208984,0.5985288619995117,7.560608863830566,0.6100540161132812,18.09179997444153,0.06061410903930664,0.21806097030639648,0.6216444969177246,0.6822586059570312,7.499220848083496,0.6786594390869141,19.162060499191284,0.17975187301635742,0.893500804901123,0.6119956970214844,0.7917475700378418
92,hallucinated,34,0.65478515625,6.444041609764099,0.9352030754089355,28.55149018764496,0.015266358852386475,0.024973750114440918,0.9367074966430664,0.9519738554954529,5.904663562774658,0.871440589427948,24.262020468711853,0.00850057601928711,0.015884220600128174,0.8256375789642334,0.8341381549835205,5.473552942276001,0.8446884155273438,22.133047342300415,0.0,0.0,0.0,0.0,1.0138473510742188,0.43920326232910156,5.272375106811523,0.0,0.0,0.0,0.0,0.70758056640625,0.3415260314941406,4.0019314885139465,0.0,0.0,0.0,0.0,1.02081298828125,0.3611583709716797,4.829832077026367,0.0,0.0,0.0,0.0,1.496551513671875,0.4420175552368164,7.1209635734558105,0.0,0.0,0.0,0.0,1.9936943054199219,0.4723243713378906,8.662972092628479,0.0,0.0,0.0,0.0,2.333343505859375,0.533050537109375,10.079848527908325,0.0,0.0,0.0,0.0,3.291658401489258,0.6838550567626953,15.00687313079834,0.0,0.0,0.0,0.0,3.677834987640381,0.5822849273681641,14.539807796478271,0.0,0.0,0.0,0.0,3.2503318786621094,0.6443996429443359,13.65400505065918,0.0,0.0,0.0,0.0,4.029156684875488,0.7380132675170898,16.518272876739502,0.0,0.0,0.0,0.0,4.539615631103516,0.6992521286010742,16.65367078781128,0.0,0.0,0.0,0.0,4.539366245269775,0.7439932823181152,16.950939178466797,0.0,0.0,0.0,0.0,3.6577048301696777,0.6585407257080078,15.272017002105713,0.0,0.0,0.0,0.0,3.848341941833496,0.7120933532714844,15.436044871807098,0.0,0.0,0.0,0.0,3.423929214477539,0.6062078475952148,14.14411449432373,0.0,0.0,0.0,0.0,3.3719993829727173,0.6549105644226074,14.036261081695557,0.0,0.0,0.0,0.0,3.040027618408203,0.5993075370788574,13.105873584747314,0.01966571807861328,0.01966571807861328,0.5788631439208984,0.5985288619995117,3.1040525436401367,0.6100540161132812,13.635243654251099,0.06061410903930664,0.21806097030639648,0.6216444969177246,0.6822586059570312,3.260843276977539,0.6786594390869141,14.923682928085327,0.17975187301635742,0.8537654876708984,0.6119956970214844,0.7917475700378418
93,grounded,39,0.72412109375,11.081322014331818,0.9418835639953613,33.18033707141876,0.017196834087371826,0.027369916439056396,0.9353017807006836,0.9524986147880554,10.356679499149323,0.8890417814254761,28.95749020576477,0.008976638317108154,0.008976638317108154,0.876423716545105,0.8854003548622131,9.568463325500488,0.8464280366897583,26.400205731391907,0.0,0.0,0.0,0.0,1.7241363525390625,0.44092369079589844,6.174886703491211,0.0,0.0,0.0,0.0,1.4779605865478516,0.3514976501464844,4.859918475151062,0.0,0.0,0.0,0.0,2.1856231689453125,0.3747215270996094,6.331089019775391,0.0,0.0,0.0,0.0,3.1027355194091797,0.44959449768066406,9.198025584220886,0.0,0.0,0.0,0.0,3.5419139862060547,0.4763832092285156,10.493874192237854,0.0,0.0,0.0,0.0,4.330528259277344,0.533050537109375,12.239267110824585,0.0,0.0,0.0,0.0,6.190685272216797,0.6912145614624023,18.37979221343994,0.0,0.0,0.0,0.0,6.831602096557617,0.6317481994628906,18.066362380981445,0.0,0.0,0.0,0.0,6.156735420227051,0.6354351043701172,16.766966819763184,0.0,0.0,0.0,0.0,7.6476898193359375,0.7575364112854004,20.68229341506958,0.0,0.0,0.0,0.0,7.662395000457764,0.708798885345459,20.117924690246582,0.0,0.0,0.0,0.0,8.246454238891602,0.7949190139770508,20.96644115447998,0.0,0.0,0.0,0.0,6.986172676086426,0.64451003074646,18.778071641921997,0.0,0.0,0.0,0.0,7.174293875694275,0.6689671874046326,19.00335657596588,0.0,0.0,0.0,0.0,6.613623142242432,0.7085280418395996,17.525709629058838,0.0,0.0,0.0,0.0,6.618279695510864,0.6823158264160156,17.49491971731186,0.0,0.0,0.0,0.0,6.111303329467773,0.628504753112793,16.37366223335266,0.015593528747558594,0.015593528747558594,0.5829353332519531,0.5985288619995117,5.874322891235352,0.6250019073486328,16.53579890727997,0.06038475036621094,0.1913609504699707,0.6218738555908203,0.6822586059570312,5.920595169067383,0.6781730651855469,17.604289293289185,0.18049192428588867,0.7877392768859863,0.6112556457519531,0.7917475700378418
93,hallucinated,37,0.6884765625,9.203200340270996,0.9357442855834961,31.30221539735794,0.017196834087371826,0.027369916439056396,0.9353017807006836,0.9524986147880554,8.52505874633789,0.8827803134918213,27.121679723262787,0.013638138771057129,0.023266315460205078,0.871762216091156,0.8854003548622131,7.934956908226013,0.8464280366897583,24.76669931411743,0.0,0.0,0.0,0.0,1.4389724731445312,0.44092369079589844,5.88972282409668,0.0,0.0,0.0,0.0,1.0805854797363281,0.3514976501464844,4.462543368339539,0.0,0.0,0.0,0.0,1.622833251953125,0.3747215270996094,5.768299102783203,0.0,0.0,0.0,0.0,2.502756118774414,0.44959449768066406,8.59804618358612,0.0,0.0,0.0,0.0,2.4593849182128906,0.4763832092285156,9.41134512424469,0.0,0.0,0.0,0.0,3.346527099609375,0.533050537109375,11.255265951156616,0.0,0.0,0.0,0.0,4.819313049316406,0.6912145614624023,17.00841999053955,0.0,0.0,0.0,0.0,5.0965471267700195,0.5884780883789062,16.331307411193848,0.0,0.0,0.0,0.0,4.621206283569336,0.6354351043701172,15.231437683105469,0.0,0.0,0.0,0.0,5.848898887634277,0.7575364112854004,18.88350248336792,0.0,0.0,0.0,0.0,5.9658918380737305,0.708798885345459,18.42142152786255,0.0,0.0,0.0,0.0,6.559250354766846,0.7356185913085938,19.279237270355225,0.0,0.0,0.0,0.0,5.3375403881073,0.64451003074646,17.12943935394287,0.0,0.0,0.0,0.0,5.500842094421387,0.6689671874046326,17.329904794692993,0.0,0.0,0.0,0.0,4.910656452178955,0.6186485290527344,15.822742938995361,0.0,0.0,0.0,0.0,4.839800834655762,0.6823158264160156,15.716440856456757,0.0,0.0,0.0,0.0,4.269934415817261,0.628504753112793,14.532293319702148,0.015593528747558594,0.015593528747558594,0.5829353332519531,0.5985288619995117,4.423237085342407,0.6250019073486328,15.084713101387024,0.06038475036621094,0.1913609504699707,0.6218738555908203,0.6822586059570312,4.453319549560547,0.6781730651855469,16.13701367378235,0.18049192428588867,0.7877392768859863,0.6112556457519531,0.7917475700378418
94,grounded,34,0.744140625,8.257476210594177,0.9266664981842041,28.47029584646225,0.0237429141998291,0.035694658756256104,0.9251940250396729,0.948936939239502,7.79558527469635,0.8891143202781677,25.190529346466064,0.013401985168457031,0.030902862548828125,0.8333597183227539,0.8467617034912109,6.924116373062134,0.8446884155273438,22.532843589782715,0.0,0.0,0.0,0.0,1.279052734375,0.4340229034423828,5.391744613647461,0.0,0.0,0.0,0.0,0.917388916015625,0.3471870422363281,3.9583921432495117,0.0,0.0,0.0,0.0,1.3453216552734375,0.36753273010253906,5.019407272338867,0.0,0.0,0.0,0.0,1.7749710083007812,0.43659114837646484,7.047468543052673,0.0,0.0,0.0,0.0,2.243610382080078,0.45955657958984375,8.380661606788635,0.0,0.0,0.0,0.0,2.8445816040039062,0.533050537109375,9.967346906661987,0.0,0.0,0.0,0.0,4.083015441894531,0.6913824081420898,15.130722999572754,0.0,0.0,0.0,0.0,4.646280288696289,0.5949058532714844,14.720827102661133,0.0,0.0,0.0,0.0,4.256956100463867,0.6246337890625,13.937538146972656,0.0,0.0,0.0,0.0,4.985917091369629,0.7360491752624512,16.542940139770508,0.0,0.0,0.0,0.0,5.432456970214844,0.7281045913696289,16.75831127166748,0.0,0.0,0.0,0.0,5.983111619949341,0.7529139518737793,17.583404302597046,0.0,0.0,0.0,0.0,5.161189556121826,0.6482486724853516,15.905924081802368,0.0,0.0,0.0,0.0,5.211068272590637,0.6625690460205078,15.775611817836761,0.0,0.0,0.0,0.0,4.487242698669434,0.5904331207275391,14.241989135742188,0.0,0.0,0.0,0.0,4.410960555076599,0.6701750755310059,14.148027002811432,0.0,0.0,0.0,0.0,3.877412796020508,0.5894780158996582,13.000131368637085,0.015257835388183594,0.015257835388183594,0.5832710266113281,0.5985288619995117,4.118295192718506,0.617279052734375,13.769574522972107,0.06061410903930664,0.2513728141784668,0.6216444969177246,0.6822586059570312,4.084075927734375,0.6443519592285156,14.624991178512573,0.1833643913269043,0.7805290222167969,0.6083831787109375,0.7917475700378418
94,hallucinated,38,0.744140625,12.06363821029663,0.951225996017456,32.2764578461647,0.0237429141998291,0.035694658756256104,0.9251940250396729,0.948936939239502,11.323204338550568,0.905245304107666,28.718148410320282,0.013401985168457031,0.030902862548828125,0.8333597183227539,0.8467617034912109,10.076241850852966,0.8446884155273438,25.684969067573547,0.0,0.0,0.0,0.0,1.6281509399414062,0.4340229034423828,5.740842819213867,0.0,0.0,0.0,0.0,1.3469219207763672,0.3471870422363281,4.387925148010254,0.0,0.0,0.0,0.0,1.7943115234375,0.36753273010253906,5.46839714050293,0.0,0.0,0.0,0.0,2.6516799926757812,0.43659114837646484,7.924177527427673,0.0,0.0,0.0,0.0,3.2382049560546875,0.45955657958984375,9.375256180763245,0.0,0.0,0.0,0.0,3.9592819213867188,0.533050537109375,11.0820472240448,0.0,0.0,0.0,0.0,5.745292663574219,0.6913824081420898,16.79300022125244,0.0,0.0,0.0,0.0,6.391623497009277,0.5949325561523438,16.46617031097412,0.0,0.0,0.0,0.0,5.461509704589844,0.6246337890625,15.142091751098633,0.0,0.0,0.0,0.0,6.631816864013672,0.7360491752624512,18.18883991241455,0.0,0.0,0.0,0.0,6.684723377227783,0.7281045913696289,18.01057767868042,0.0,0.0,0.0,0.0,7.1186628341674805,0.7491559982299805,18.718955516815186,0.0,0.0,0.0,0.0,5.910823822021484,0.6318328380584717,16.655558347702026,0.0,0.0,0.0,0.0,6.093034863471985,0.6625690460205078,16.65757840871811,0.0,0.0,0.0,0.0,5.408564567565918,0.5904331207275391,15.163311004638672,0.0,0.0,0.0,0.0,4.792200446128845,0.6701750755310059,14.529266893863678,0.0,0.0,0.0,0.0,4.515473365783691,0.5894780158996582,13.638191938400269,0.015257835388183594,0.015257835388183594,0.5832710266113281,0.5985288619995117,4.851099967956543,0.617279052734375,14.502379298210144,0.06061410903930664,0.2513728141784668,0.6216444969177246,0.6822586059570312,4.766251564025879,0.6443519592285156,15.307166814804077,0.1833643913269043,0.7805290222167969,0.6083831787109375,0.7917475700378418
95,grounded,40,0.75146484375,11.126545310020447,0.9440144300460815,34.15703421831131,0.017852067947387695,0.033900558948516846,0.9353787899017334,0.9532308578491211,10.271405100822449,0.8809460401535034,29.2221297621727,0.012760043144226074,0.030116617679595947,0.8760943412780762,0.8888543844223022,9.112873196601868,0.8446884155273438,25.73994541168213,0.0,0.0,0.0,0.0,1.5517501831054688,0.4317741394042969,6.028102874755859,0.0,0.0,0.0,0.0,1.320413589477539,0.3451728820800781,4.709988236427307,0.0,0.0,0.0,0.0,1.6873626708984375,0.37283897399902344,5.934122085571289,0.0,0.0,0.0,0.0,2.557283401489258,0.44597816467285156,8.467556476593018,0.0,0.0,0.0,0.0,2.86334228515625,0.4687538146972656,9.624216675758362,0.0,0.0,0.0,0.0,4.077564239501953,0.533050537109375,12.209635972976685,0.0,0.0,0.0,0.0,5.651054382324219,0.6902494430541992,18.274885177612305,0.0,0.0,0.0,0.0,6.519819259643555,0.6364955902099609,18.356389045715332,0.0,0.0,0.0,0.0,5.916306972503662,0.6375484466552734,17.01364278793335,0.0,0.0,0.0,0.0,6.737417936325073,0.738213062286377,19.755529165267944,0.0,0.0,0.0,0.0,7.2651554346084595,0.7314906120300293,20.250633358955383,0.0,0.0,0.0,0.0,6.9150426387786865,0.7394194602966309,20.266387224197388,0.0,0.0,0.0,0.0,6.20892333984375,0.6343612670898438,18.213867902755737,0.0,0.0,0.0,0.0,6.684065580368042,0.6861405372619629,18.763813853263855,0.0,0.0,0.0,0.0,5.689537882804871,0.5903472900390625,16.696093440055847,0.0029754638671875,0.0029754638671875,0.5833511352539062,0.5863265991210938,5.157684803009033,0.6409187316894531,15.926549315452576,0.0,0.0,0.0,0.0,4.90897011756897,0.5905451774597168,15.175001382827759,0.008265495300292969,0.013780593872070312,0.5902633666992188,0.5985288619995117,4.585144519805908,0.6043529510498047,15.39790564775467,0.06061410903930664,0.23255395889282227,0.6216444969177246,0.6822586059570312,4.755387306213379,0.6713085174560547,16.626224279403687,0.1709303855895996,0.820857048034668,0.6208171844482422,0.7917475700378418
95,hallucinated,40,0.7509765625,11.113293588161469,0.9441110491752625,34.14378249645233,0.017852067947387695,0.033900558948516846,0.9353787899017334,0.9532308578491211,10.27880322933197,0.8818473815917969,29.22952789068222,0.012760043144226074,0.030116617679595947,0.8760943412780762,0.8888543844223022,9.144471049308777,0.8446884155273438,25.771543264389038,0.0,0.0,0.0,0.0,1.6000747680664062,0.4317741394042969,6.076427459716797,0.0,0.0,0.0,0.0,1.309103012084961,0.3451728820800781,4.698677659034729,0.0,0.0,0.0,0.0,1.6903610229492188,0.37283897399902344,5.93712043762207,0.0,0.0,0.0,0.0,2.475269317626953,0.44597816467285156,8.385542392730713,0.0,0.0,0.0,0.0,2.8669252395629883,0.4687538146972656,9.6277996301651,0.0,0.0,0.0,0.0,3.9938735961914062,0.533050537109375,12.125945329666138,0.0,0.0,0.0,0.0,5.607671737670898,0.6902494430541992,18.231502532958984,0.0,0.0,0.0,0.0,6.460646629333496,0.6280956268310547,18.297216415405273,0.0,0.0,0.0,0.0,5.818440914154053,0.6375484466552734,16.91577672958374,0.0,0.0,0.0,0.0,6.652580976486206,0.738213062286377,19.670692205429077,0.0,0.0,0.0,0.0,7.2499531507492065,0.7431726455688477,20.23543107509613,0.0,0.0,0.0,0.0,6.969938039779663,0.7394194602966309,20.321282625198364,0.0,0.0,0.0,0.0,6.166643977165222,0.6343612670898438,18.17158854007721,0.0,0.0,0.0,0.0,6.631586074829102,0.6909961700439453,18.711334347724915,0.0,0.0,0.0,0.0,5.692477107048035,0.5903472900390625,16.69903266429901,0.0029754638671875,0.0029754638671875,0.5833511352539062,0.5863265991210938,5.174228191375732,0.6409187316894531,15.943092703819275,0.0,0.0,0.0,0.0,4.986624717712402,0.5905451774597168,15.252655982971191,0.008265495300292969,0.013780593872070312,0.5902633666992188,0.5985288619995117,4.677577495574951,0.6043529510498047,15.490338623523712,0.06061410903930664,0.23255395889282227,0.6216444969177246,0.6822586059570312,4.831948280334473,0.6713085174560547,16.70278525352478,0.1709303855895996,0.820857048034668,0.6208171844482422,0.7917475700378418
96,grounded,39,0.75830078125,11.115393340587616,0.9535081386566162,33.20739966630936,0.015832364559173584,0.02575737237930298,0.9360418319702148,0.9518741965293884,10.233480870723724,0.8785958290100098,28.446214139461517,0.011731207370758057,0.02503591775894165,0.8703868985176086,0.8821181058883667,9.212720155715942,0.8446884155273438,25.451123118400574,0.0,0.0,0.0,0.0,1.5543441772460938,0.44109535217285156,5.864240646362305,0.0,0.0,0.0,0.0,1.2013015747070312,0.34156227111816406,4.437319278717041,0.0,0.0,0.0,0.0,1.65045166015625,0.3652992248535156,5.4104766845703125,0.0,0.0,0.0,0.0,2.42864990234375,0.45116615295410156,7.9234960079193115,0.0,0.0,0.0,0.0,2.846893310546875,0.470947265625,9.361843705177307,0.0,0.0,0.0,0.0,3.9893341064453125,0.533050537109375,11.641945838928223,0.0,0.0,0.0,0.0,5.621746063232422,0.6937332153320312,17.228050231933594,0.0,0.0,0.0,0.0,6.438518524169922,0.6329479217529297,17.28656768798828,0.0,0.0,0.0,0.0,5.95294713973999,0.6472339630126953,16.17089033126831,0.0,0.0,0.0,0.0,6.875848293304443,0.7359769344329834,19.08090591430664,0.0,0.0,0.0,0.0,7.089602470397949,0.7157292366027832,19.104247570037842,0.0,0.0,0.0,0.0,7.762391090393066,0.7442889213562012,20.112714767456055,0.0,0.0,0.0,0.0,6.4819934368133545,0.6443557739257812,17.752485990524292,0.0,0.0,0.0,0.0,6.341390609741211,0.6713871955871582,17.396708846092224,0.0,0.0,0.0,0.0,5.879063129425049,0.6456656455993652,16.09321641921997,0.0,0.0,0.0,0.0,5.7878546714782715,0.6690664291381836,15.67288202047348,0.0,0.0,0.0,0.0,5.297832489013672,0.6067948341369629,14.854791402816772,0.01862621307373047,0.01862621307373047,0.5799026489257812,0.5985288619995117,4.981808185577393,0.6108989715576172,14.990413427352905,0.06061410903930664,0.21448516845703125,0.6216444969177246,0.6822586059570312,5.211850166320801,0.6606817245483398,16.162259817123413,0.1814589500427246,0.8402266502380371,0.6102886199951172,0.7917475700378418
96,hallucinated,37,0.619140625,9.213395953178406,0.9382144212722778,31.305402278900146,0.015832364559173584,0.025430023670196533,0.9360418319702148,0.9518741965293884,8.526667296886444,0.8809347748756409,26.73016458749771,0.013432621955871582,0.04014545679092407,0.8823438286781311,0.8957764506340027,7.805221796035767,0.8446884155273438,24.043624758720398,0.0,0.0,0.0,0.0,1.5303573608398438,0.44109535217285156,5.840253829956055,0.0,0.0,0.0,0.0,1.0676040649414062,0.34156227111816406,4.303621768951416,0.0,0.0,0.0,0.0,1.706939697265625,0.3652992248535156,5.4669647216796875,0.0,0.0,0.0,0.0,2.0925216674804688,0.45116615295410156,7.58736777305603,0.0,0.0,0.0,0.0,2.7005138397216797,0.470947265625,9.215464234352112,0.0,0.0,0.0,0.0,3.2618637084960938,0.533050537109375,10.914475440979004,0.0,0.0,0.0,0.0,4.807016372680664,0.6937332153320312,16.413320541381836,0.0,0.0,0.0,0.0,5.203229904174805,0.5938358306884766,16.051279067993164,0.0,0.0,0.0,0.0,5.005765914916992,0.6472339630126953,15.223709106445312,0.0,0.0,0.0,0.0,5.68592095375061,0.7359769344329834,17.890978574752808,0.0,0.0,0.0,0.0,5.899794101715088,0.7157292366027832,17.91443920135498,0.0,0.0,0.0,0.0,5.8347578048706055,0.7442889213562012,18.185081481933594,0.0,0.0,0.0,0.0,4.9101104736328125,0.6443557739257812,16.18060302734375,0.0,0.0,0.0,0.0,5.537248611450195,0.6523313522338867,16.59256684780121,0.0,0.0,0.0,0.0,4.779852867126465,0.585845947265625,14.994006156921387,0.0,0.0,0.0,0.0,4.494356155395508,0.6690664291381836,14.379383504390717,0.0,0.0,0.0,0.0,4.079267501831055,0.6067948341369629,13.636226415634155,0.01862621307373047,0.01862621307373047,0.5799026489257812,0.5985288619995117,4.284601211547852,0.6108989715576172,14.293206453323364,0.06061410903930664,0.21448516845703125,0.6216444969177246,0.6822586059570312,4.530160188674927,0.6606817245483398,15.480569839477539,0.1814589500427246,0.8402266502380371,0.6102886199951172,0.7917475700378418
97,grounded,38,0.69775390625,12.041652739048004,0.9450318813323975,32.226191341876984,0.024731814861297607,0.03654879331588745,0.9244852066040039,0.9492170214653015,11.12745213508606,0.8836049437522888,28.08224254846573,0.021886587142944336,0.03320884704589844,0.8580374717712402,0.8799240589141846,9.893450021743774,0.8446884155273438,25.067036986351013,0.0,0.0,0.0,0.0,1.448455810546875,0.4310188293457031,5.654472351074219,0.0,0.0,0.0,0.0,1.0429458618164062,0.34400367736816406,4.09422755241394,0.0,0.0,0.0,0.0,1.3479232788085938,0.37621307373046875,5.178806304931641,0.0,0.0,0.0,0.0,2.6386566162109375,0.43634986877441406,8.098166465759277,0.0,0.0,0.0,0.0,3.346454620361328,0.4594688415527344,9.716566681861877,0.0,0.0,0.0,0.0,4.257335662841797,0.533050537109375,11.64163613319397,0.0,0.0,0.0,0.0,5.7918267250061035,0.6890735626220703,16.985079288482666,0.0,0.0,0.0,0.0,6.389039993286133,0.5850582122802734,16.6198673248291,0.0,0.0,0.0,0.0,6.10969352722168,0.6305465698242188,15.685298919677734,0.0,0.0,0.0,0.0,7.145895719528198,0.7430481910705566,18.849143505096436,0.0,0.0,0.0,0.0,7.601832389831543,0.7478914260864258,19.082594871520996,0.0,0.0,0.0,0.0,7.121102333068848,0.7256383895874023,18.603403091430664,0.0,0.0,0.0,0.0,6.296202898025513,0.6329302787780762,16.80857014656067,0.0,0.0,0.0,0.0,5.908897399902344,0.6369611024856567,16.409532070159912,0.0,0.0,0.0,0.0,5.403501510620117,0.6053066253662109,15.225581169128418,0.0,0.0,0.0,0.0,4.859326362609863,0.6461000442504883,14.642903745174408,0.0,0.0,0.0,0.0,4.86860990524292,0.6047816276550293,14.201755046844482,0.004689216613769531,0.00569915771484375,0.5938396453857422,0.5985288619995117,4.7070817947387695,0.6122760772705078,14.416706323623657,0.06061410903930664,0.24858379364013672,0.6216444969177246,0.6822586059570312,4.801623344421387,0.6291542053222656,15.295508623123169,0.16871023178100586,0.7525596618652344,0.6230373382568359,0.7917475700378418
97,hallucinated,36,0.7373046875,10.149134993553162,0.9368083477020264,30.33367359638214,0.024731814861297607,0.03654879331588745,0.9244852066040039,0.9492170214653015,9.430648982524872,0.8820109367370605,26.399879455566406,0.012152433395385742,0.023474693298339844,0.8677716255187988,0.8799240589141846,8.588613331317902,0.8446884155273438,23.764041483402252,0.0,0.0,0.0,0.0,1.6511154174804688,0.4310188293457031,5.8571319580078125,0.0,0.0,0.0,0.0,0.985382080078125,0.34400367736816406,4.036663770675659,0.0,0.0,0.0,0.0,1.4023895263671875,0.37621307373046875,5.233272552490234,0.0,0.0,0.0,0.0,2.300020217895508,0.43634986877441406,7.759530067443848,0.0,0.0,0.0,0.0,2.8155555725097656,0.4594688415527344,9.185667634010315,0.0,0.0,0.0,0.0,3.3189163208007812,0.533050537109375,10.703216791152954,0.0,0.0,0.0,0.0,4.905372619628906,0.6890735626220703,16.09862518310547,0.0,0.0,0.0,0.0,5.25547981262207,0.5815372467041016,15.486307144165039,0.0,0.0,0.0,0.0,4.98388671875,0.6305465698242188,14.559492111206055,0.0,0.0,0.0,0.0,5.780589818954468,0.7430481910705566,17.483837604522705,0.0,0.0,0.0,0.0,6.072391510009766,0.7478914260864258,17.55315399169922,0.0,0.0,0.0,0.0,5.822568893432617,0.7243003845214844,17.304869651794434,0.0,0.0,0.0,0.0,5.165290832519531,0.6221961975097656,15.677658081054688,0.0,0.0,0.0,0.0,4.937686443328857,0.6369611024856567,15.438321113586426,0.0,0.0,0.0,0.0,4.482381463050842,0.6053066253662109,14.304461121559143,0.0,0.0,0.0,0.0,3.847130298614502,0.6461000442504883,13.630707681179047,0.0,0.0,0.0,0.0,3.847111225128174,0.6047816276550293,13.180256366729736,0.004689216613769531,0.00569915771484375,0.5938396453857422,0.5985288619995117,3.8692455291748047,0.6122760772705078,13.578870058059692,0.06061410903930664,0.24858379364013672,0.6216444969177246,0.6822586059570312,3.9873592853546143,0.6291542053222656,14.481244564056396,0.16871023178100586,0.7525596618652344,0.6230373382568359,0.7917475700378418
98,grounded,33,0.80859375,9.16062879562378,0.936038613319397,27.52523398399353,0.02334696054458618,0.03215146064758301,0.9178540110588074,0.9412009716033936,8.581096410751343,0.8881183862686157,24.219684302806854,0.013642549514770508,0.01753443479537964,0.8642385005950928,0.8778810501098633,7.682710409164429,0.8446884155273438,21.485523462295532,0.0,0.0,0.0,0.0,1.5506973266601562,0.42174339294433594,5.355226516723633,0.0,0.0,0.0,0.0,1.1191139221191406,0.33878517150878906,3.996317744255066,0.0,0.0,0.0,0.0,1.5822601318359375,0.3569164276123047,5.058931350708008,0.0,0.0,0.0,0.0,2.2994213104248047,0.4383268356323242,7.337102890014648,0.0,0.0,0.0,0.0,2.5442700386047363,0.4757423400878906,8.339421391487122,0.0,0.0,0.0,0.0,3.2663192749023438,0.533050537109375,9.757558584213257,0.0,0.0,0.0,0.0,4.755924224853516,0.6862478256225586,14.809123992919922,0.0,0.0,0.0,0.0,5.2717719078063965,0.6122264862060547,14.470731258392334,0.0,0.0,0.0,0.0,4.846980094909668,0.6251688003540039,13.764156341552734,0.0,0.0,0.0,0.0,5.514934062957764,0.7253239154815674,16.148746252059937,0.0,0.0,0.0,0.0,5.744140863418579,0.7114391326904297,16.054699182510376,0.0,0.0,0.0,0.0,5.613552093505859,0.6661348342895508,16.238216876983643,0.0,0.0,0.0,0.0,5.118457317352295,0.6325721740722656,14.928439617156982,0.0,0.0,0.0,0.0,4.800323963165283,0.6603753566741943,14.47667008638382,0.0,0.0,0.0,0.0,4.429510116577148,0.5883331298828125,13.371648788452148,0.0,0.0,0.0,0.0,4.027076721191406,0.6274242401123047,12.78143048286438,0.0,0.0,0.0,0.0,3.9402647018432617,0.5957059860229492,12.240064144134521,0.0,0.0,0.0,0.0,4.088314771652222,0.6116752624511719,12.848499774932861,0.06061410903930664,0.22727298736572266,0.6216444969177246,0.6822586059570312,4.3452364802360535,0.6774253845214844,13.913752973079681,0.16530942916870117,0.8188166618347168,0.6264381408691406,0.7917475700378418
98,hallucinated,31,0.80078125,7.299261450767517,0.9368467330932617,25.663866639137268,0.02334696054458618,0.02793586254119873,0.9178540110588074,0.9412009716033936,6.845130264759064,0.8892627358436584,22.479649603366852,0.01199483871459961,0.015892446041107178,0.8661949634552002,0.8781898021697998,6.051704406738281,0.8446798324584961,19.8548481464386,0.0,0.0,0.0,0.0,1.0720977783203125,0.4215126037597656,4.8763580322265625,0.0,0.0,0.0,0.0,0.8210601806640625,0.33882713317871094,3.698790431022644,0.0,0.0,0.0,0.0,1.115509033203125,0.35672569274902344,4.592607498168945,0.0,0.0,0.0,0.0,1.6858787536621094,0.4382467269897461,6.724060773849487,0.0,0.0,0.0,0.0,1.9212837219238281,0.4756813049316406,7.716883420944214,0.0,0.0,0.0,0.0,2.5482940673828125,0.5330429077148438,9.039308309555054,0.0,0.0,0.0,0.0,3.6459274291992188,0.686279296875,13.700791358947754,0.0,0.0,0.0,0.0,4.184477806091309,0.5877056121826172,13.383715629577637,0.0,0.0,0.0,0.0,3.8472790718078613,0.6252155303955078,12.764769077301025,0.0,0.0,0.0,0.0,4.3148088455200195,0.7251389026641846,14.948162317276001,0.0,0.0,0.0,0.0,4.454866886138916,0.6975641250610352,14.766570568084717,0.0,0.0,0.0,0.0,4.417170524597168,0.6660642623901367,15.041964054107666,0.0,0.0,0.0,0.0,4.074635982513428,0.6323051452636719,13.885324001312256,0.0,0.0,0.0,0.0,3.7815799713134766,0.6604447364807129,13.457846641540527,0.0,0.0,0.0,0.0,3.5022263526916504,0.5881614685058594,12.444503784179688,0.0,0.0,0.0,0.0,3.160612106323242,0.6275901794433594,11.91543596982956,0.0,0.0,0.0,0.0,3.2512683868408203,0.5958700180053711,11.551329135894775,0.0,0.0,0.0,0.0,3.0690932273864746,0.6116504669189453,11.829144716262817,0.06062793731689453,0.2271413803100586,0.6216344833374023,0.6822624206542969,3.3136253356933594,0.6779251098632812,12.88297700881958,0.1651911735534668,0.8189902305603027,0.626556396484375,0.7917475700378418
99,grounded,48,0.67822265625,18.632504761219025,0.9524036645889282,41.68070101737976,0.01593184471130371,0.03254997730255127,0.9364767074584961,0.9524085521697998,17.319976150989532,0.9082479476928711,36.48271989822388,0.014341354370117188,0.02809607982635498,0.8265013694763184,0.8408427238464355,15.942985653877258,0.8612862825393677,32.861797869205475,0.0,0.0,0.0,0.0,3.1812591552734375,0.42993736267089844,7.562799453735352,0.0,0.0,0.0,0.0,2.0902366638183594,0.3472328186035156,5.523032903671265,0.0,0.0,0.0,0.0,3.2159805297851562,0.3786144256591797,7.430341720581055,0.0,0.0,0.0,0.0,4.609472274780273,0.45659351348876953,10.649579405784607,0.0,0.0,0.0,0.0,5.351837635040283,0.4756202697753906,12.22094452381134,0.0,0.0,0.0,0.0,6.370510101318359,0.533050537109375,14.374816179275513,0.0,0.0,0.0,0.0,9.416336059570312,0.6942815780639648,21.629369735717773,0.0,0.0,0.0,0.0,10.148660659790039,0.5876216888427734,21.62458610534668,0.0,0.0,0.0,0.0,10.369484305381775,0.6495189666748047,21.083338141441345,0.0,0.0,0.0,0.0,12.578004121780396,0.7679758071899414,25.612069129943848,0.0,0.0,0.0,0.0,12.473891973495483,0.7613601684570312,25.244866132736206,0.0,0.0,0.0,0.0,12.756337881088257,0.7806868553161621,25.587014198303223,0.0,0.0,0.0,0.0,10.574421107769012,0.6726703643798828,22.31690376996994,0.0,0.0,0.0,0.0,11.36371624469757,0.7032219171524048,23.11118584871292,0.0,0.0,0.0,0.0,10.18553876876831,0.7010674476623535,21.105724811553955,0.0,0.0,0.0,0.0,9.642959237098694,0.6878256797790527,20.27881747484207,0.0,0.0,0.0,0.0,9.066907405853271,0.5955924987792969,19.275092363357544,0.02223491668701172,0.02223491668701172,0.5762939453125,0.5985288619995117,8.799357771873474,0.6039028167724609,19.70352613925934,0.06061410903930664,0.25879335403442383,0.6216444969177246,0.6822586059570312,9.048189163208008,0.6407012939453125,20.76474928855896,0.17018842697143555,0.7680907249450684,0.6215591430664062,0.7917475700378418
99,hallucinated,42,0.712890625,12.993064939975739,0.9451613426208496,36.041261196136475,0.01593184471130371,0.03287947177886963,0.9364767074584961,0.9524085521697998,11.938268721103668,0.8814207315444946,31.110216557979584,0.014341354370117188,0.02487248182296753,0.8265013694763184,0.8408427238464355,10.900070190429688,0.8448614478111267,27.818882405757904,0.0,0.0,0.0,0.0,1.8771438598632812,0.42993736267089844,6.258684158325195,0.0,0.0,0.0,0.0,1.3595962524414062,0.3472328186035156,4.7923924922943115,0.0,0.0,0.0,0.0,2.057109832763672,0.3786144256591797,6.27147102355957,0.0,0.0,0.0,0.0,3.3411102294921875,0.45659351348876953,9.381217360496521,0.0,0.0,0.0,0.0,3.699923515319824,0.4756202697753906,10.569030404090881,0.0,0.0,0.0,0.0,4.581172943115234,0.533050537109375,12.585479021072388,0.0,0.0,0.0,0.0,6.291604995727539,0.6942815780639648,18.504638671875,0.0,0.0,0.0,0.0,6.9696364402771,0.5900745391845703,18.44556188583374,0.0,0.0,0.0,0.0,7.068528413772583,0.6495189666748047,17.782382249832153,0.0,0.0,0.0,0.0,8.03209400177002,0.7315206527709961,21.06615900993347,0.0,0.0,0.0,0.0,8.368191480636597,0.7613601684570312,21.13916563987732,0.0,0.0,0.0,0.0,8.92650580406189,0.7561523914337158,21.757182121276855,0.0,0.0,0.0,0.0,7.326715469360352,0.6464743614196777,19.06919813156128,0.0,0.0,0.0,0.0,7.611754417419434,0.6789360046386719,19.359224021434784,0.0,0.0,0.0,0.0,6.688206076622009,0.6216214895248413,17.608392119407654,0.0,0.0,0.0,0.0,6.433913171291351,0.6878256797790527,17.06977140903473,0.0,0.0,0.0,0.0,6.324935436248779,0.5989933013916016,16.53312039375305,0.02223491668701172,0.02223491668701172,0.5762939453125,0.5985288619995117,6.135631203651428,0.6039028167724609,17.039799571037292,0.06061410903930664,0.25879335403442383,0.6216444969177246,0.6822586059570312,6.577573776245117,0.6407012939453125,18.29413390159607,0.17018842697143555,0.7680907249450684,0.6215591430664062,0.7917475700378418
100,grounded,29,0.79443359375,6.364072620868683,0.9173717498779297,23.854202270507812,0.021229684352874756,0.022944748401641846,0.9155160784721375,0.9367457628250122,5.884472668170929,0.8680891990661621,20.53274005651474,0.009449124336242676,0.01801091432571411,0.8619842529296875,0.8714333772659302,5.347014904022217,0.8446798324584961,18.804445385932922,0.0,0.0,0.0,0.0,1.0712127685546875,0.4274749755859375,4.807147979736328,0.0,0.0,0.0,0.0,0.9542922973632812,0.34855079650878906,3.845578193664551,0.0,0.0,0.0,0.0,1.2105484008789062,0.3539924621582031,4.575481414794922,0.0,0.0,0.0,0.0,1.807077407836914,0.4337787628173828,6.723424196243286,0.0,0.0,0.0,0.0,1.9251432418823242,0.4571571350097656,7.615371465682983,0.0,0.0,0.0,0.0,2.4629364013671875,0.5330429077148438,8.797092914581299,0.0,0.0,0.0,0.0,3.4591217041015625,0.6931543350219727,13.2749662399292,0.0,0.0,0.0,0.0,3.9789886474609375,0.6076393127441406,12.979621887207031,0.0,0.0,0.0,0.0,4.271296381950378,0.7228937149047852,13.236899256706238,0.0,0.0,0.0,0.0,4.6854047775268555,0.7533313035964966,15.608376383781433,0.0,0.0,0.0,0.0,4.755362510681152,0.766265869140625,15.323330879211426,0.0,0.0,0.0,0.0,4.946049213409424,0.7748246192932129,15.908709526062012,0.0,0.0,0.0,0.0,4.3221821784973145,0.6804237365722656,14.12892770767212,0.0,0.0,0.0,0.0,4.452990531921387,0.7161846160888672,14.207385778427124,0.0,0.0,0.0,0.0,3.994649887084961,0.6617546081542969,13.273776054382324,0.0,0.0,0.0,0.0,4.142869234085083,0.6974281072616577,13.391525685787201,0.0,0.0,0.0,0.0,3.93857741355896,0.6253948211669922,12.580405473709106,0.030447959899902344,0.030447959899902344,0.5680809020996094,0.5985288619995117,3.4612979888916016,0.6345100402832031,12.220176458358765,0.04600334167480469,0.12867355346679688,0.6362590789794922,0.6822624206542969,3.7638092041015625,0.6687984466552734,13.355273723602295,0.17397642135620117,0.981682300567627,0.6177711486816406,0.7917475700378418
100,hallucinated,30,0.7998046875,7.2972270250320435,0.9192826747894287,24.787356674671173,0.021229684352874756,0.022944748401641846,0.9155160784721375,0.9367457628250122,6.7352612018585205,0.8806215524673462,21.38941663503647,0.009160220623016357,0.015620708465576172,0.8620209693908691,0.8711811900138855,6.120683908462524,0.8446798324584961,19.57811439037323,0.0,0.0,0.0,0.0,1.2302780151367188,0.4274749755859375,4.966213226318359,0.0,0.0,0.0,0.0,1.1393508911132812,0.34855079650878906,4.030636787414551,0.0,0.0,0.0,0.0,1.5530319213867188,0.3539924621582031,4.917964935302734,0.0,0.0,0.0,0.0,2.2008056640625,0.4337787628173828,7.117152452468872,0.0,0.0,0.0,0.0,2.2804956436157227,0.4571571350097656,7.970723867416382,0.0,0.0,0.0,0.0,2.848102569580078,0.5330429077148438,9.18225908279419,0.0,0.0,0.0,0.0,4.050495147705078,0.6931543350219727,13.866339683532715,0.0,0.0,0.0,0.0,4.7280614376068115,0.6193161010742188,13.728694677352905,0.0,0.0,0.0,0.0,4.93732225894928,0.7146573066711426,13.90292513370514,0.0,0.0,0.0,0.0,5.497326850891113,0.7533313035964966,16.42029845714569,0.0,0.0,0.0,0.0,5.620306968688965,0.766265869140625,16.18827533721924,0.0,0.0,0.0,0.0,5.898546814918518,0.8068718910217285,16.861207127571106,0.0,0.0,0.0,0.0,5.032975912094116,0.6760506629943848,14.839721441268921,0.0,0.0,0.0,0.0,5.080975115299225,0.7161846160888672,14.835370361804962,0.0,0.0,0.0,0.0,4.487901210784912,0.6617546081542969,13.767027378082275,0.0,0.0,0.0,0.0,4.739862561225891,0.6660887002944946,13.988519012928009,0.0,0.0,0.0,0.0,4.427855968475342,0.652376651763916,13.069684028625488,0.030447959899902344,0.030447959899902344,0.5680809020996094,0.5985288619995117,4.009223937988281,0.6345100402832031,12.768102407455444,0.04600334167480469,0.12867355346679688,0.6362590789794922,0.6822624206542969,4.215549468994141,0.6687984466552734,13.807013988494873,0.17397642135620117,1.0036516189575195,0.6177711486816406,0.7917475700378418
101,grounded,28,0.77001953125,6.3438109159469604,0.912022590637207,22.881875216960907,0.022643089294433594,0.023230671882629395,0.9129298329353333,0.9355729222297668,5.840305149555206,0.8613619804382324,19.84043788909912,0.012112915515899658,0.016386687755584717,0.8614623546600342,0.8735752701759338,5.316748142242432,0.8446798324584961,18.28692376613617,0.0,0.0,0.0,0.0,1.1439743041992188,0.4300537109375,4.729106903076172,0.0,0.0,0.0,0.0,0.9606361389160156,0.3485107421875,3.7474271059036255,0.0,0.0,0.0,0.0,1.3302268981933594,0.3407936096191406,4.538913726806641,0.0,0.0,0.0,0.0,1.7420845031738281,0.4196357727050781,6.29626190662384,0.0,0.0,0.0,0.0,1.9805946350097656,0.45674896240234375,7.583801984786987,0.0,0.0,0.0,0.0,2.391876220703125,0.5330429077148438,8.41590929031372,0.0,0.0,0.0,0.0,3.464763641357422,0.6906599998474121,12.854353427886963,0.0,0.0,0.0,0.0,3.9055657386779785,0.603297233581543,12.428942203521729,0.0,0.0,0.0,0.0,4.122372627258301,0.6922683715820312,12.837115287780762,0.0,0.0,0.0,0.0,4.7411789894104,0.7608847618103027,15.304398536682129,0.0,0.0,0.0,0.0,4.961509346961975,0.7799645662307739,15.104036927223206,0.0,0.0,0.0,0.0,5.325333118438721,0.8217887878417969,15.939016342163086,0.0,0.0,0.0,0.0,4.545722723007202,0.7121982574462891,14.069673299789429,0.0,0.0,0.0,0.0,4.663071691989899,0.7258815765380859,14.021293938159943,0.0,0.0,0.0,0.0,4.167507648468018,0.6539459228515625,13.112685680389404,0.0,0.0,0.0,0.0,4.128882884979248,0.6376972198486328,12.974209427833557,0.0,0.0,0.0,0.0,3.9470813274383545,0.6699588298797607,12.236317873001099,0.012412071228027344,0.018949508666992188,0.5861167907714844,0.5985288619995117,3.5766639709472656,0.6270980834960938,12.00255274772644,0.06062793731689453,0.17199420928955078,0.6216344833374023,0.6822624206542969,3.8890557289123535,0.6539993286132812,13.194674491882324,0.18917417526245117,1.3480443954467773,0.6025733947753906,0.7917475700378418
101,hallucinated,27,0.77783203125,5.421516597270966,0.9196858406066895,21.959580898284912,0.022643089294433594,0.023230671882629395,0.9129298329353333,0.9355729222297668,5.028148889541626,0.8605294227600098,19.02294534444809,0.012454569339752197,0.016728341579437256,0.861386775970459,0.8738413453102112,4.617947816848755,0.844691276550293,17.587905287742615,0.0,0.0,0.0,0.0,0.9164962768554688,0.4302692413330078,4.501867294311523,0.0,0.0,0.0,0.0,0.7843017578125,0.34853172302246094,3.570160746574402,0.0,0.0,0.0,0.0,1.0196495056152344,0.34079551696777344,4.227689743041992,0.0,0.0,0.0,0.0,1.3969306945800781,0.4194974899291992,5.95028018951416,0.0,0.0,0.0,0.0,1.6785831451416016,0.4567756652832031,7.281937956809998,0.0,0.0,0.0,0.0,2.0924530029296875,0.53302001953125,8.116007328033447,0.0,0.0,0.0,0.0,3.048999786376953,0.690558910369873,12.437666416168213,0.0,0.0,0.0,0.0,3.3158326148986816,0.6021175384521484,11.839592456817627,0.0,0.0,0.0,0.0,3.7623491287231445,0.7001113891601562,12.477330207824707,0.0,0.0,0.0,0.0,4.103750228881836,0.760890781879425,14.668786585330963,0.0,0.0,0.0,0.0,4.333399295806885,0.7812941074371338,14.476220607757568,0.0,0.0,0.0,0.0,4.5804667472839355,0.8172392845153809,15.193929672241211,0.0,0.0,0.0,0.0,3.939262866973877,0.7123022079467773,13.464168071746826,0.0,0.0,0.0,0.0,4.089592218399048,0.7259044647216797,13.448315501213074,0.0,0.0,0.0,0.0,3.7176084518432617,0.6537399291992188,12.663026809692383,0.0,0.0,0.0,0.0,3.7221803069114685,0.6593019962310791,12.567042589187622,0.0,0.0,0.0,0.0,3.6065616607666016,0.6514225006103516,11.895212173461914,0.012297630310058594,0.018781661987304688,0.5862197875976562,0.5985174179077148,3.094801902770996,0.6269111633300781,11.518919706344604,0.06059396266937256,0.17258226871490479,0.6216626167297363,0.6822565793991089,3.443291664123535,0.6534099578857422,12.749612808227539,0.18946552276611328,1.310750961303711,0.6023902893066406,0.7918558120727539
102,grounded,36,0.72509765625,11.98288369178772,0.9332573413848877,30.32871639728546,0.024383485317230225,0.03167492151260376,0.9184760451316833,0.9428595304489136,11.221476376056671,0.8927633762359619,26.999021530151367,0.012219667434692383,0.027994394302368164,0.8675932884216309,0.8798129558563232,10.354329586029053,0.8446884155273438,24.333848476409912,0.0,0.0,0.0,0.0,2.2326583862304688,0.4335746765136719,6.333274841308594,0.0,0.0,0.0,0.0,1.5983200073242188,0.3499011993408203,4.627474784851074,0.0,0.0,0.0,0.0,2.234210968017578,0.3581218719482422,5.793912887573242,0.0,0.0,0.0,0.0,3.117015838623047,0.43091678619384766,8.197511434555054,0.0,0.0,0.0,0.0,3.883164405822754,0.47171783447265625,9.657010674476624,0.0,0.0,0.0,0.0,4.424311637878418,0.533050537109375,11.06075143814087,0.0,0.0,0.0,0.0,6.745368957519531,0.6842899322509766,16.968828201293945,0.0,0.0,0.0,0.0,7.139172077178955,0.6359462738037109,16.47148561477661,0.0,0.0,0.0,0.0,7.557072639465332,0.6907920837402344,16.756075859069824,0.0,0.0,0.0,0.0,8.604122757911682,0.7594636678695679,19.69072461128235,0.0,0.0,0.0,0.0,9.452965438365936,0.817881166934967,20.147295653820038,0.0,0.0,0.0,0.0,9.41675317287445,0.8100661039352417,20.438878417015076,0.0,0.0,0.0,0.0,7.895286560058594,0.6728610992431641,17.965896129608154,0.0,0.0,0.0,0.0,7.9508514404296875,0.696936309337616,17.99767643213272,0.0,0.0,0.0,0.0,7.460590362548828,0.676910400390625,16.775301933288574,0.0,0.0,0.0,0.0,7.492432713508606,0.6687173843383789,16.906996071338654,0.0,0.0,0.0,0.0,6.762394428253174,0.6455249786376953,15.609460353851318,0.02085399627685547,0.02085399627685547,0.5776748657226562,0.5985288619995117,6.790615081787109,0.6395931243896484,15.940273761749268,0.058986663818359375,0.1792736053466797,0.6232719421386719,0.6822586059570312,7.240832507610321,0.6542361974716187,17.17305988073349,0.1909480094909668,0.8076796531677246,0.600799560546875,0.7917475700378418
102,hallucinated,27,0.68896484375,3.6325473189353943,0.9232810139656067,21.978380024433136,0.024383485317230225,0.030384421348571777,0.9184760451316833,0.9428595304489136,3.2963967323303223,0.8642487525939941,19.07388561964035,0.011931121349334717,0.01447296142578125,0.8678812980651855,0.8798124194145203,3.041917324066162,0.844691276550293,17.021686911582947,0.0,0.0,0.0,0.0,0.63946533203125,0.43369293212890625,4.740146636962891,0.0,0.0,0.0,0.0,0.47125244140625,0.3500213623046875,3.4995806217193604,0.0,0.0,0.0,0.0,0.65057373046875,0.3581981658935547,4.210748672485352,0.0,0.0,0.0,0.0,0.7860183715820312,0.4310169219970703,5.8673436641693115,0.0,0.0,0.0,0.0,1.1650352478027344,0.453369140625,6.939809203147888,0.0,0.0,0.0,0.0,1.2983322143554688,0.53302001953125,7.933842182159424,0.0,0.0,0.0,0.0,2.010894775390625,0.6842260360717773,12.233437538146973,0.0,0.0,0.0,0.0,2.177468776702881,0.5977897644042969,11.510358333587646,0.0,0.0,0.0,0.0,2.397519111633301,0.6908645629882812,11.597132682800293,0.0,0.0,0.0,0.0,2.604625105857849,0.7593640089035034,13.692840337753296,0.0,0.0,0.0,0.0,2.864445209503174,0.7629575729370117,13.55922555923462,0.0,0.0,0.0,0.0,2.889260768890381,0.7550563812255859,13.910894870758057,0.0,0.0,0.0,0.0,2.357125759124756,0.6432909965515137,12.427901268005371,0.0,0.0,0.0,0.0,2.5656042098999023,0.688206672668457,12.613157570362091,0.0,0.0,0.0,0.0,2.245298385620117,0.6437301635742188,11.560352325439453,0.0,0.0,0.0,0.0,2.19424307346344,0.668337345123291,11.608843982219696,0.0,0.0,0.0,0.0,1.9907245635986328,0.6144535541534424,10.838992834091187,0.020865440368652344,0.020865440368652344,0.5776519775390625,0.5985174179077148,1.972137451171875,0.6396160125732422,11.120559453964233,0.05880916118621826,0.17854714393615723,0.6234474182128906,0.6822565793991089,2.0703773498535156,0.6524152755737305,12.003265380859375,0.1912088394165039,0.7799806594848633,0.60064697265625,0.7918558120727539
103,grounded,29,0.76123046875,6.397015273571014,0.9217603802680969,23.854282319545746,0.022347986698150635,0.02524787187576294,0.9165651202201843,0.938913106918335,5.8424606919288635,0.8601880073547363,20.572548985481262,0.015268027782440186,0.03353524208068848,0.8540685772895813,0.8693366050720215,5.300376892089844,0.8446798324584961,18.594685792922974,0.0,0.0,0.0,0.0,1.0366439819335938,0.4226360321044922,4.834527969360352,0.0,0.0,0.0,0.0,0.8306465148925781,0.3459014892578125,3.6474026441574097,0.0,0.0,0.0,0.0,1.166534423828125,0.3553199768066406,4.552268981933594,0.0,0.0,0.0,0.0,1.418426513671875,0.41995716094970703,6.256220579147339,0.0,0.0,0.0,0.0,1.893106460571289,0.4530601501464844,7.6554954051971436,0.0,0.0,0.0,0.0,2.352581024169922,0.5330429077148438,8.711957454681396,0.0,0.0,0.0,0.0,3.4002532958984375,0.6913895606994629,13.15955400466919,0.0,0.0,0.0,0.0,3.9182729721069336,0.5976619720458984,12.781655311584473,0.0,0.0,0.0,0.0,4.274646759033203,0.686854362487793,13.313425064086914,0.0,0.0,0.0,0.0,4.528732061386108,0.7585819959640503,15.161548495292664,0.0,0.0,0.0,0.0,4.939059257507324,0.7538528442382812,15.169231414794922,0.0,0.0,0.0,0.0,5.136413216590881,0.7835277318954468,15.76223623752594,0.0,0.0,0.0,0.0,4.1727670431137085,0.6551592350006104,13.921383500099182,0.0,0.0,0.0,0.0,4.110661029815674,0.6786947250366211,13.669759333133698,0.0,0.0,0.0,0.0,3.6600608825683594,0.6173915863037109,12.645538330078125,0.0,0.0,0.0,0.0,3.704434394836426,0.6859493255615234,12.8089240193367,0.0,0.0,0.0,0.0,3.303632974624634,0.6081271171569824,11.841449737548828,0.008519172668457031,0.008519172668457031,0.5900096893310547,0.5985288619995117,3.2277755737304688,0.6379919052124023,11.981033086776733,0.06062793731689453,0.23962163925170898,0.6216344833374023,0.6822624206542969,3.1099605560302734,0.6295070648193359,12.741983413696289,0.19324064254760742,0.846738338470459,0.5985069274902344,0.7917475700378418
103,hallucinated,27,0.76806640625,4.527011752128601,0.9171584844589233,21.984278798103333,0.022347986698150635,0.02524787187576294,0.9165651202201843,0.938913106918335,4.107933759689331,0.8592551946640015,18.829483211040497,0.027478337287902832,0.03073197603225708,0.842008113861084,0.8694864511489868,3.6024118661880493,0.844691276550293,16.89657711982727,0.0,0.0,0.0,0.0,0.8588027954101562,0.4225902557373047,4.656572341918945,0.0,0.0,0.0,0.0,0.5956954956054688,0.34578514099121094,3.411328911781311,0.0,0.0,0.0,0.0,0.8412895202636719,0.3551197052001953,4.226774215698242,0.0,0.0,0.0,0.0,1.1086578369140625,0.4200010299682617,5.945948362350464,0.0,0.0,0.0,0.0,1.1147880554199219,0.4529075622558594,6.877799391746521,0.0,0.0,0.0,0.0,1.695953369140625,0.53302001953125,8.055119752883911,0.0,0.0,0.0,0.0,2.204315185546875,0.6914939880371094,11.96275520324707,0.0,0.0,0.0,0.0,2.615692138671875,0.5977096557617188,11.478416442871094,0.0,0.0,0.0,0.0,2.411191940307617,0.6441383361816406,11.45094108581543,0.0,0.0,0.0,0.0,2.6359446048736572,0.7584280967712402,13.269473314285278,0.0,0.0,0.0,0.0,2.9431991577148438,0.7435455322265625,13.172924041748047,0.0,0.0,0.0,0.0,3.0151844024658203,0.7485504150390625,13.640699863433838,0.0,0.0,0.0,0.0,2.721259593963623,0.6550517082214355,12.469660758972168,0.0,0.0,0.0,0.0,2.65299654006958,0.6784610748291016,12.212336421012878,0.0,0.0,0.0,0.0,2.384317398071289,0.617462158203125,11.370073795318604,0.0,0.0,0.0,0.0,2.4307894706726074,0.6856584548950195,11.535519063472748,0.0,0.0,0.0,0.0,2.2278757095336914,0.6081905364990234,10.76632308959961,0.008618354797363281,0.008618354797363281,0.5898990631103516,0.5985174179077148,2.1834640502929688,0.6382551193237305,10.935632467269897,0.06059396266937256,0.2388317584991455,0.6216626167297363,0.6822565793991089,2.0170350074768066,0.6297111511230469,11.650203943252563,0.1936349868774414,0.8298883438110352,0.5982208251953125,0.7918558120727539
104,grounded,33,0.7236328125,11.907427310943604,0.9293603897094727,27.524532318115234,0.02474910020828247,0.028093278408050537,0.9084024429321289,0.9331515431404114,11.006186962127686,0.8764437437057495,24.347672760486603,0.004600167274475098,0.004903435707092285,0.852759599685669,0.857359766960144,10.193641424179077,0.8446884155273438,22.364677906036377,0.0,0.0,0.0,0.0,2.0944137573242188,0.4291114807128906,5.5739898681640625,0.0,0.0,0.0,0.0,1.6741409301757812,0.3459892272949219,4.316611886024475,0.0,0.0,0.0,0.0,2.2210845947265625,0.33797264099121094,5.291788101196289,0.0,0.0,0.0,0.0,2.994121551513672,0.4193105697631836,7.437923550605774,0.0,0.0,0.0,0.0,3.4877967834472656,0.45346832275390625,8.840832352638245,0.0,0.0,0.0,0.0,4.214176177978516,0.533050537109375,9.91376280784607,0.0,0.0,0.0,0.0,6.682007789611816,0.687039852142334,15.540677547454834,0.0,0.0,0.0,0.0,7.001114845275879,0.603759765625,14.993977546691895,0.0,0.0,0.0,0.0,8.0288667678833,0.7296762466430664,16.1736478805542,0.0,0.0,0.0,0.0,9.171226620674133,0.769805908203125,18.838224172592163,0.0,0.0,0.0,0.0,9.53832483291626,0.775303840637207,19.098473072052002,0.0,0.0,0.0,0.0,9.712511897087097,0.8200846910476685,19.487760424613953,0.0,0.0,0.0,0.0,7.87501335144043,0.6985001564025879,16.790321826934814,0.0,0.0,0.0,0.0,8.064485669136047,0.7570853233337402,16.863244891166687,0.0,0.0,0.0,0.0,7.492184400558472,0.6547985076904297,15.941731214523315,0.0,0.0,0.0,0.0,7.6442148089408875,0.678429126739502,16.130363643169403,0.0,0.0,0.0,0.0,6.620545864105225,0.6216945648193359,14.442346096038818,0.023604393005371094,0.023604393005371094,0.5749244689941406,0.5985288619995117,6.5891077518463135,0.6291236877441406,14.651489734649658,0.05030059814453125,0.12732505798339844,0.6319580078125,0.6822586059570312,7.366645276546478,0.6970667243003845,16.349970042705536,0.17541837692260742,1.0217952728271484,0.6163291931152344,0.7917475700378418
104,hallucinated,26,0.80517578125,5.43377947807312,0.9261345863342285,21.05088448524475,0.02474910020828247,0.02474910020828247,0.9084024429321289,0.9331515431404114,5.039839029312134,0.8938643932342529,18.366393387317657,0.010598719120025635,0.010598719120025635,0.8606909513473511,0.8712896704673767,4.622933626174927,0.844691276550293,16.793957471847534,0.0,0.0,0.0,0.0,1.0836181640625,0.4291706085205078,4.563016891479492,0.0,0.0,0.0,0.0,0.7782211303710938,0.34597015380859375,3.419862151145935,0.0,0.0,0.0,0.0,1.0782012939453125,0.3379859924316406,4.148456573486328,0.0,0.0,0.0,0.0,1.3734397888183594,0.41936302185058594,5.818315625190735,0.0,0.0,0.0,0.0,1.7833251953125,0.4533119201660156,7.13705575466156,0.0,0.0,0.0,0.0,2.111469268798828,0.53302001953125,7.811272621154785,0.0,0.0,0.0,0.0,3.0977745056152344,0.6870994567871094,11.95620346069336,0.0,0.0,0.0,0.0,3.4135193824768066,0.6037864685058594,11.4058518409729,0.0,0.0,0.0,0.0,3.7116355895996094,0.7034845352172852,11.856348037719727,0.0,0.0,0.0,0.0,3.863022804260254,0.7438325881958008,13.53000020980835,0.0,0.0,0.0,0.0,3.8637752532958984,0.7752275466918945,13.423789024353027,0.0,0.0,0.0,0.0,4.117707252502441,0.7539830207824707,13.89124870300293,0.0,0.0,0.0,0.0,3.629391670227051,0.6986702084541321,12.54432088136673,0.0,0.0,0.0,0.0,3.796380341053009,0.7572226524353027,12.594519078731537,0.0,0.0,0.0,0.0,3.257753372192383,0.6546230316162109,11.70744514465332,0.0,0.0,0.0,0.0,3.443112373352051,0.6782875061035156,11.927938163280487,0.0,0.0,0.0,0.0,3.4326419830322266,0.6218137741088867,11.254537582397461,0.023383140563964844,0.023383140563964844,0.57513427734375,0.5985174179077148,2.974945068359375,0.6293964385986328,11.03724980354309,0.05038726329803467,0.1275944709777832,0.6318693161010742,0.6822565793991089,3.273468017578125,0.6932525634765625,12.25717544555664,0.1757974624633789,0.9126338958740234,0.616058349609375,0.7918558120727539
105,grounded,34,0.61865234375,7.313284754753113,0.9264571666717529,28.48582148551941,0.02751713991165161,0.03814023733139038,0.9227632284164429,0.9502803683280945,6.718893885612488,0.8753256797790527,24.542939484119415,0.004113435745239258,0.007989287376403809,0.8338956832885742,0.8380091190338135,6.291513442993164,0.8446884155273438,22.570292830467224,0.0,0.0,0.0,0.0,1.1553802490234375,0.4387187957763672,5.540445327758789,0.0,0.0,0.0,0.0,0.827423095703125,0.3566703796386719,4.349452614784241,0.0,0.0,0.0,0.0,1.2132568359375,0.36454010009765625,5.240489959716797,0.0,0.0,0.0,0.0,1.5803680419921875,0.4464912414550781,7.524217844009399,0.0,0.0,0.0,0.0,1.9470252990722656,0.4762306213378906,8.603033661842346,0.0,0.0,0.0,0.0,2.6323471069335938,0.533050537109375,10.430105447769165,0.0,0.0,0.0,0.0,3.9493541717529297,0.6875848770141602,15.932354927062988,0.0,0.0,0.0,0.0,4.156960487365723,0.5959892272949219,15.248675346374512,0.0,0.0,0.0,0.0,4.498045921325684,0.7192516326904297,15.58292293548584,0.0,0.0,0.0,0.0,5.188130795955658,0.7603561878204346,18.53758019208908,0.0,0.0,0.0,0.0,5.529527306556702,0.7538365125656128,18.275858998298645,0.0,0.0,0.0,0.0,5.703942775726318,0.7584905624389648,19.079029083251953,0.0,0.0,0.0,0.0,4.663619041442871,0.7041440010070801,16.656415462493896,0.0,0.0,0.0,0.0,5.1935577392578125,0.7336416244506836,16.98992371559143,0.0,0.0,0.0,0.0,4.633075714111328,0.6320228576660156,15.635450839996338,0.0,0.0,0.0,0.0,4.638806343078613,0.684389591217041,15.731113493442535,0.0,0.0,0.0,0.0,4.432188034057617,0.6383686065673828,15.077713966369629,0.031050682067871094,0.03325462341308594,0.5674781799316406,0.5985288619995117,4.1968607902526855,0.6342253684997559,15.133141279220581,0.048183441162109375,0.1349639892578125,0.6340751647949219,0.6822586059570312,4.575000762939453,0.6729660034179688,16.71619200706482,0.15299558639526367,1.274010181427002,0.6387519836425781,0.7917475700378418
105,hallucinated,32,0.6015625,5.49765008687973,0.9361827373504639,26.670186817646027,0.02751713991165161,0.03814023733139038,0.9227632284164429,0.9502803683280945,5.069724440574646,0.8836526870727539,22.893770039081573,0.0078078508377075195,0.018399715423583984,0.8770703077316284,0.8848781585693359,4.850295782089233,0.8519515991210938,21.129075169563293,0.0,0.0,0.0,0.0,0.9434432983398438,0.4387187957763672,5.328508377075195,0.0,0.0,0.0,0.0,0.754608154296875,0.3566703796386719,4.276637673377991,0.0,0.0,0.0,0.0,1.0356063842773438,0.36454010009765625,5.062839508056641,0.0,0.0,0.0,0.0,1.26348876953125,0.4464912414550781,7.207338571548462,0.0,0.0,0.0,0.0,1.6773948669433594,0.4762306213378906,8.33340322971344,0.0,0.0,0.0,0.0,2.0022354125976562,0.533050537109375,9.799993753433228,0.0,0.0,0.0,0.0,3.1843767166137695,0.6875848770141602,15.167377471923828,0.0,0.0,0.0,0.0,3.2880678176879883,0.5959892272949219,14.379782676696777,0.0,0.0,0.0,0.0,3.747152328491211,0.7192516326904297,14.832029342651367,0.0,0.0,0.0,0.0,4.034949839115143,0.7603561878204346,17.384399235248566,0.0,0.0,0.0,0.0,4.207883715629578,0.740048885345459,16.95421540737152,0.0,0.0,0.0,0.0,4.25420343875885,0.7549295425415039,17.629289746284485,0.0,0.0,0.0,0.0,3.527250289916992,0.7041440010070801,15.520046710968018,0.0,0.0,0.0,0.0,3.8220574855804443,0.7336416244506836,15.618423461914062,0.0,0.0,0.0,0.0,3.502004623413086,0.6320228576660156,14.504379749298096,0.0,0.0,0.0,0.0,3.496366500854492,0.684389591217041,14.588673651218414,0.0,0.0,0.0,0.0,3.334914207458496,0.6170573234558105,13.980440139770508,0.031050682067871094,0.031050682067871094,0.5674781799316406,0.5985288619995117,3.2382402420043945,0.6342253684997559,14.17452073097229,0.048183441162109375,0.1349639892578125,0.6340751647949219,0.6822586059570312,3.4563541412353516,0.6729660034179688,15.597545385360718,0.15299558639526367,1.0621423721313477,0.6387519836425781,0.7917475700378418
106,grounded,38,0.6630859375,12.927683770656586,0.9350605010986328,32.263592183589935,0.02662515640258789,0.03637969493865967,0.919879674911499,0.9465048313140869,12.038764715194702,0.8974721431732178,28.318185448646545,0.012788951396942139,0.01814645528793335,0.8664026260375977,0.8791915774345398,11.08856749534607,0.8446884155273438,25.83074128627777,0.0,0.0,0.0,0.0,2.4077987670898438,0.43028831481933594,6.477861404418945,0.0,0.0,0.0,0.0,1.5735931396484375,0.3456401824951172,4.748765707015991,0.0,0.0,0.0,0.0,2.39599609375,0.36591529846191406,6.126104354858398,0.0,0.0,0.0,0.0,3.2954492568969727,0.44874095916748047,8.538607954978943,0.0,0.0,0.0,0.0,4.017351150512695,0.4776573181152344,10.272406220436096,0.0,0.0,0.0,0.0,4.489675521850586,0.533050537109375,11.51090407371521,0.0,0.0,0.0,0.0,7.4615678787231445,0.6864748001098633,18.14686870574951,0.0,0.0,0.0,0.0,7.827156066894531,0.6499748229980469,17.759531021118164,0.0,0.0,0.0,0.0,8.63763952255249,0.734673023223877,18.438358783721924,0.0,0.0,0.0,0.0,9.639103174209595,0.7704582214355469,21.124988794326782,0.0,0.0,0.0,0.0,9.826438665390015,0.7684388160705566,20.908243894577026,0.0,0.0,0.0,0.0,9.406593561172485,0.7888915538787842,20.77532720565796,0.0,0.0,0.0,0.0,8.28530216217041,0.6517410278320312,18.83366298675537,0.0,0.0,0.0,0.0,8.603278636932373,0.723271369934082,19.16238111257553,0.0,0.0,0.0,0.0,8.110777854919434,0.6674232482910156,18.074769020080566,0.0,0.0,0.0,0.0,8.075525879859924,0.6802291870117188,18.019881427288055,0.0,0.0,0.0,0.0,7.444331169128418,0.6451416015625,16.84595489501953,0.028685569763183594,0.028685569763183594,0.5698432922363281,0.5985288619995117,7.25424599647522,0.6320037841796875,16.774235725402832,0.057621002197265625,0.18641424179077148,0.6246376037597656,0.6822586059570312,8.455131232738495,0.6711883544921875,18.932503163814545,0.17269086837768555,1.1031107902526855,0.6190567016601562,0.7917475700378418
106,hallucinated,31,0.70263671875,6.395912289619446,0.9302467107772827,25.731820702552795,0.02662515640258789,0.0355190634727478,0.919879674911499,0.9465048313140869,5.918227791786194,0.878850519657135,22.18867778778076,0.012501537799835205,0.02314293384552002,0.8666900396347046,0.8791915774345398,5.407376527786255,0.8446798324584961,20.143627882003784,0.0,0.0,0.0,0.0,1.0598068237304688,0.4302501678466797,5.129617691040039,0.0,0.0,0.0,0.0,0.9194259643554688,0.3456096649169922,4.094600558280945,0.0,0.0,0.0,0.0,1.2145767211914062,0.3660449981689453,4.943967819213867,0.0,0.0,0.0,0.0,1.4913673400878906,0.4488706588745117,6.73603093624115,0.0,0.0,0.0,0.0,1.9323806762695312,0.4777030944824219,8.188057661056519,0.0,0.0,0.0,0.0,2.2835845947265625,0.5330429077148438,9.30452847480774,0.0,0.0,0.0,0.0,3.3650131225585938,0.6863441467285156,14.04958438873291,0.0,0.0,0.0,0.0,3.7971935272216797,0.5964908599853516,13.729629516601562,0.0,0.0,0.0,0.0,3.9686923027038574,0.6448040008544922,13.769534587860107,0.0,0.0,0.0,0.0,4.219760894775391,0.74501633644104,15.705984354019165,0.0,0.0,0.0,0.0,4.50423526763916,0.7244501113891602,15.585932731628418,0.0,0.0,0.0,0.0,4.626813888549805,0.738055944442749,15.995149374008179,0.0,0.0,0.0,0.0,4.092831611633301,0.670405387878418,14.641736030578613,0.0,0.0,0.0,0.0,4.132824420928955,0.6835157871246338,14.69081562757492,0.0,0.0,0.0,0.0,3.736495018005371,0.6675300598144531,13.699541091918945,0.0,0.0,0.0,0.0,3.5002002716064453,0.680361270904541,13.444455802440643,0.0,0.0,0.0,0.0,3.5273150205612183,0.6117877960205078,12.928613066673279,0.02842235565185547,0.02842235565185547,0.5701065063476562,0.5985288619995117,3.4203386306762695,0.6481466293334961,12.941087484359741,0.0577850341796875,0.1869659423828125,0.6244773864746094,0.6822624206542969,3.5079236030578613,0.6933541297912598,13.985415935516357,0.17267942428588867,0.7397356033325195,0.6190681457519531,0.7917475700378418
107,grounded,25,0.73974609375,4.511564493179321,0.9169421195983887,20.09706336259842,0.024149537086486816,0.024968624114990234,0.9091036915779114,0.9332532286643982,4.062401175498962,0.8574007749557495,17.44408482313156,0.0038852691650390625,0.007573127746582031,0.7859692573547363,0.7898545265197754,3.660468339920044,0.844691276550293,15.937952041625977,0.0,0.0,0.0,0.0,0.8035049438476562,0.42596435546875,4.354099273681641,0.0,0.0,0.0,0.0,0.5811614990234375,0.3348579406738281,3.194720983505249,0.0,0.0,0.0,0.0,0.7840805053710938,0.3404579162597656,3.8089218139648438,0.0,0.0,0.0,0.0,1.0374603271484375,0.4242105484008789,5.490949273109436,0.0,0.0,0.0,0.0,1.2998542785644531,0.4475135803222656,6.521260619163513,0.0,0.0,0.0,0.0,1.5811309814453125,0.53302001953125,7.396618604660034,0.0,0.0,0.0,0.0,2.290802001953125,0.6888322830200195,11.135008811950684,0.0,0.0,0.0,0.0,2.542994499206543,0.6013469696044922,10.462286949157715,0.0,0.0,0.0,0.0,2.477975845336914,0.6356964111328125,10.60772705078125,0.0,0.0,0.0,0.0,3.2242754101753235,0.7709026336669922,13.008148491382599,0.0,0.0,0.0,0.0,3.359249234199524,0.7783432006835938,12.810376286506653,0.0,0.0,0.0,0.0,3.5726757049560547,0.7820701599121094,13.419663906097412,0.0,0.0,0.0,0.0,2.8299078941345215,0.6564598083496094,11.749550342559814,0.0,0.0,0.0,0.0,2.9316391944885254,0.6703453063964844,11.771800518035889,0.0,0.0,0.0,0.0,2.7460145950317383,0.6348762512207031,11.073256492614746,0.0,0.0,0.0,0.0,2.6957035064697266,0.6819648742675781,11.108296811580658,0.0,0.0,0.0,0.0,2.301715850830078,0.6089487075805664,9.973603248596191,0.010695457458496094,0.010695457458496094,0.5878219604492188,0.5985174179077148,2.3038063049316406,0.6216626167297363,10.131117105484009,0.05782496929168701,0.12547457218170166,0.6244316101074219,0.6822565793991089,2.479249954223633,0.7006263732910156,11.476102828979492,0.17783069610595703,0.8216085433959961,0.6140251159667969,0.7918558120727539
107,hallucinated,24,0.7177734375,3.6059099435806274,0.9169421195983887,19.191408812999725,0.024149537086486816,0.024968624114990234,0.9091036915779114,0.9332532286643982,3.24169385433197,0.8517266511917114,16.62337750196457,0.0038852691650390625,0.007128596305847168,0.7859692573547363,0.7898545265197754,2.977205753326416,0.844691276550293,15.254689455032349,0.0,0.0,0.0,0.0,0.6382217407226562,0.42596435546875,4.188816070556641,0.0,0.0,0.0,0.0,0.436798095703125,0.3348579406738281,3.0503575801849365,0.0,0.0,0.0,0.0,0.6065139770507812,0.3404579162597656,3.6313552856445312,0.0,0.0,0.0,0.0,0.760711669921875,0.4242105484008789,5.2142006158828735,0.0,0.0,0.0,0.0,1.0954856872558594,0.4475135803222656,6.316892027854919,0.0,0.0,0.0,0.0,1.2860946655273438,0.53302001953125,7.101582288742065,0.0,0.0,0.0,0.0,1.9320755004882812,0.6888322830200195,10.77628231048584,0.0,0.0,0.0,0.0,2.072695732116699,0.6013469696044922,9.991988182067871,0.0,0.0,0.0,0.0,2.109074115753174,0.6356964111328125,10.23882532119751,0.0,0.0,0.0,0.0,2.6657102704048157,0.7709026336669922,12.449583351612091,0.0,0.0,0.0,0.0,2.78502357006073,0.7783432006835938,12.236150622367859,0.0,0.0,0.0,0.0,2.9450302124023438,0.7795753479003906,12.792018413543701,0.0,0.0,0.0,0.0,2.2675414085388184,0.6564598083496094,11.187183856964111,0.0,0.0,0.0,0.0,2.446556806564331,0.6703453063964844,11.286718130111694,0.0,0.0,0.0,0.0,2.209775924682617,0.6348762512207031,10.537017822265625,0.0,0.0,0.0,0.0,2.1585347652435303,0.6819648742675781,10.571128070354462,0.0,0.0,0.0,0.0,1.8706283569335938,0.6089487075805664,9.542515754699707,0.010695457458496094,0.010695457458496094,0.5878219604492188,0.5985174179077148,1.8620719909667969,0.6216626167297363,9.689382791519165,0.05782496929168701,0.12547457218170166,0.6244316101074219,0.6822565793991089,2.0138893127441406,0.7006263732910156,11.0107421875,0.17783069610595703,0.8216085433959961,0.6140251159667969,0.7918558120727539
108,grounded,34,0.65673828125,11.890012621879578,0.9327269196510315,28.377628087997437,0.02247852087020874,0.02298039197921753,0.9130974411964417,0.9355759620666504,10.985019266605377,0.8735570907592773,24.977973699569702,0.012056708335876465,0.01615893840789795,0.8515130281448364,0.8635697364807129,10.215125918388367,0.8446884155273438,22.873915314674377,0.0,0.0,0.0,0.0,2.0720443725585938,0.4335346221923828,5.785871505737305,0.0,0.0,0.0,0.0,1.52215576171875,0.3405570983886719,4.235615253448486,0.0,0.0,0.0,0.0,2.5413589477539062,0.3519020080566406,5.817203521728516,0.0,0.0,0.0,0.0,2.9751968383789062,0.4123363494873047,7.667612552642822,0.0,0.0,0.0,0.0,2.7754287719726562,0.4409828186035156,8.161080002784729,0.0,0.0,0.0,0.0,4.215415954589844,0.533050537109375,10.370336294174194,0.0,0.0,0.0,0.0,6.470190048217773,0.6843938827514648,15.76463508605957,0.0,0.0,0.0,0.0,6.909242630004883,0.6128005981445312,15.30087661743164,0.0,0.0,0.0,0.0,8.002815246582031,0.7134742736816406,16.59012794494629,0.0,0.0,0.0,0.0,8.899464130401611,0.7839031219482422,18.991158962249756,0.0,0.0,0.0,0.0,9.551121830940247,0.8087915182113647,19.443371891975403,0.0,0.0,0.0,0.0,9.281174659729004,0.7920722961425781,19.505184173583984,0.0,0.0,0.0,0.0,8.385822415351868,0.7007369995117188,17.86675751209259,0.0,0.0,0.0,0.0,8.653486251831055,0.7426816821098328,17.838571965694427,0.0,0.0,0.0,0.0,8.300690293312073,0.7001509666442871,16.94865047931671,0.0,0.0,0.0,0.0,8.132107496261597,0.716299295425415,16.867019176483154,0.0,0.0,0.0,0.0,7.536598205566406,0.6640567779541016,15.575454950332642,0.009858131408691406,0.016386985778808594,0.5886707305908203,0.5985288619995117,7.295896410942078,0.6489591598510742,15.854134202003479,0.06061410903930664,0.28960132598876953,0.6216444969177246,0.6822586059570312,8.224517345428467,0.7035188674926758,17.619207620620728,0.17997121810913086,1.6354451179504395,0.6117763519287109,0.7917475700378418
108,hallucinated,25,0.7099609375,3.6168036460876465,0.918562650680542,20.104419112205505,0.02247852087020874,0.02298039197921753,0.9130974411964417,0.9355759620666504,3.231453061103821,0.8530844449996948,17.2382829785347,0.008521795272827148,0.012202262878417969,0.8550479412078857,0.8635697364807129,3.0040321350097656,0.844691276550293,15.662737607955933,0.0,0.0,0.0,0.0,0.6931533813476562,0.43345069885253906,4.406370162963867,0.0,0.0,0.0,0.0,0.444671630859375,0.3406257629394531,3.1581127643585205,0.0,0.0,0.0,0.0,0.6737289428710938,0.3517913818359375,3.9501113891601562,0.0,0.0,0.0,0.0,0.7435684204101562,0.41245174407958984,5.437002778053284,0.0,0.0,0.0,0.0,1.1366500854492188,0.4411048889160156,6.522801756858826,0.0,0.0,0.0,0.0,1.2528152465820312,0.53302001953125,7.408823728561401,0.0,0.0,0.0,0.0,1.9466495513916016,0.6844019889831543,11.240374088287354,0.0,0.0,0.0,0.0,2.082704544067383,0.5935688018798828,10.474153518676758,0.0,0.0,0.0,0.0,2.4944677352905273,0.6928043365478516,11.081881523132324,0.0,0.0,0.0,0.0,2.585449457168579,0.7477602958679199,12.679039716720581,0.0,0.0,0.0,0.0,2.872166156768799,0.7655110359191895,12.76541519165039,0.0,0.0,0.0,0.0,2.99882709980011,0.7863017320632935,13.222050786018372,0.0,0.0,0.0,0.0,2.4793858528137207,0.6957390308380127,11.960265874862671,0.0,0.0,0.0,0.0,2.6825841665267944,0.7431306838989258,11.866991519927979,0.0,0.0,0.0,0.0,2.407590866088867,0.6395411491394043,11.055452823638916,0.0,0.0,0.0,0.0,2.490812361240387,0.7164095640182495,11.224611282348633,0.0,0.0,0.0,0.0,2.1861772537231445,0.6306037902832031,10.22478175163269,0.009871482849121094,0.016206741333007812,0.5886459350585938,0.5985174179077148,2.141050338745117,0.6296215057373047,10.69834303855896,0.06059396266937256,0.24020886421203613,0.6216626167297363,0.6822565793991089,2.2757186889648438,0.6455917358398438,11.669808387756348,0.18004322052001953,0.9130539894104004,0.6118125915527344,0.7918558120727539
109,grounded,29,0.7060546875,4.541978657245636,0.9334280490875244,23.87341958284378,0.024479985237121582,0.0313340425491333,0.9198861122131348,0.9443660974502563,4.1891754269599915,0.8650217056274414,20.305119216442108,0.0228501558303833,0.03852343559265137,0.8522439002990723,0.8750940561294556,3.7442638874053955,0.8446798324584961,18.11012899875641,0.0,0.0,0.0,0.0,0.78497314453125,0.4273948669433594,4.948280334472656,0.0,0.0,0.0,0.0,0.5148086547851562,0.34772491455078125,3.6181992292404175,0.0,0.0,0.0,0.0,0.8610143661499023,0.357452392578125,4.6390485763549805,0.0,0.0,0.0,0.0,1.0946426391601562,0.44172096252441406,6.347384333610535,0.0,0.0,0.0,0.0,1.2249412536621094,0.4593658447265625,7.430086851119995,0.0,0.0,0.0,0.0,1.6219978332519531,0.5330429077148438,8.651784658432007,0.0,0.0,0.0,0.0,2.645587921142578,0.6929507255554199,13.843834400177002,0.0,0.0,0.0,0.0,2.78717041015625,0.61175537109375,12.966547012329102,0.0,0.0,0.0,0.0,3.250852584838867,0.6857433319091797,13.579723358154297,0.0,0.0,0.0,0.0,3.5321526527404785,0.767913818359375,15.69690465927124,0.0,0.0,0.0,0.0,3.677901268005371,0.7695293426513672,15.713169574737549,0.0,0.0,0.0,0.0,3.54646897315979,0.7928345203399658,15.610600709915161,0.0,0.0,0.0,0.0,3.1669416427612305,0.6917862892150879,13.973626613616943,0.0,0.0,0.0,0.0,3.054258346557617,0.7192106246948242,13.978593289852142,0.0,0.0,0.0,0.0,2.7742767333984375,0.6446113586425781,13.03733777999878,0.00769805908203125,0.00769805908203125,0.5786209106445312,0.5863189697265625,2.940420389175415,0.6611547470092773,13.301703333854675,0.0,0.0,0.0,0.0,2.8348045349121094,0.6215381622314453,12.612626075744629,0.02888011932373047,0.05567359924316406,0.5696487426757812,0.5985288619995117,2.73636531829834,0.6361150741577148,12.799803018569946,0.06062793731689453,0.15944290161132812,0.6216344833374023,0.6822624206542969,2.9863452911376953,0.6923656463623047,13.656459331512451,0.18151426315307617,1.402536392211914,0.6102333068847656,0.7917475700378418
109,hallucinated,33,0.77392578125,8.201596915721893,0.9387121200561523,27.533037841320038,0.024479985237121582,0.0313340425491333,0.9198861122131348,0.9443660974502563,7.648634135723114,0.8795878291130066,23.760517835617065,0.011316657066345215,0.014863431453704834,0.8104792833328247,0.8217959403991699,6.919798970222473,0.8446884155273438,21.285420894622803,0.0,0.0,0.0,0.0,1.47528076171875,0.4274330139160156,5.6393280029296875,0.0,0.0,0.0,0.0,1.1485748291015625,0.3476390838623047,4.251692414283752,0.0,0.0,0.0,0.0,1.6411972045898438,0.35724639892578125,5.418876647949219,0.0,0.0,0.0,0.0,2.276153564453125,0.4417877197265625,7.528607130050659,0.0,0.0,0.0,0.0,2.447591781616211,0.45948028564453125,8.652681946754456,0.0,0.0,0.0,0.0,3.3735694885253906,0.533050537109375,10.403309106826782,0.0,0.0,0.0,0.0,4.7315673828125,0.6930203437805176,15.929579257965088,0.0,0.0,0.0,0.0,5.234278678894043,0.6430082321166992,15.4135160446167,0.0,0.0,0.0,0.0,5.4151506423950195,0.6972475051879883,15.743708610534668,0.0,0.0,0.0,0.0,6.247205495834351,0.771550178527832,18.412832736968994,0.0,0.0,0.0,0.0,6.381220102310181,0.7596449851989746,18.41626000404358,0.0,0.0,0.0,0.0,6.525235414505005,0.7709770202636719,18.591071844100952,0.0,0.0,0.0,0.0,5.850687503814697,0.7001910209655762,16.658855438232422,0.0,0.0,0.0,0.0,5.749205946922302,0.7293157577514648,16.674838066101074,0.0,0.0,0.0,0.0,5.130691051483154,0.6663603782653809,15.3948335647583,0.0,0.0,0.0,0.0,5.208776295185089,0.6609535217285156,15.62074726819992,0.0,0.0,0.0,0.0,4.940801620483398,0.6306781768798828,14.718763828277588,0.026457786560058594,0.026457786560058594,0.5720710754394531,0.5985288619995117,4.437230587005615,0.6362218856811523,14.501954317092896,0.06061410903930664,0.12799596786499023,0.6216444969177246,0.6822586059570312,4.647878646850586,0.6801548004150391,15.31853437423706,0.18147993087768555,1.1053924560546875,0.6102676391601562,0.7917475700378418
110,grounded,31,0.67822265625,4.559130609035492,0.9354993104934692,25.73599684238434,0.023571491241455078,0.03526866436004639,0.9273407459259033,0.9509122371673584,4.21520209312439,0.8668280839920044,21.85043454170227,0.011988580226898193,0.011988580226898193,0.8689723014831543,0.8809608817100525,3.823991537094116,0.8446798324584961,19.73924696445465,0.0,0.0,0.0,0.0,0.7859153747558594,0.4336395263671875,5.191936492919922,0.0,0.0,0.0,0.0,0.54974365234375,0.3589363098144531,4.0463632345199585,0.0,0.0,0.0,0.0,0.8767127990722656,0.36504364013671875,5.084686279296875,0.0,0.0,0.0,0.0,1.1573371887207031,0.4434976577758789,6.934421420097351,0.0,0.0,0.0,0.0,1.1734695434570312,0.4585762023925781,7.729624509811401,0.0,0.0,0.0,0.0,1.6733436584472656,0.5330429077148438,9.209511280059814,0.0,0.0,0.0,0.0,2.566404342651367,0.6897363662719727,14.334709167480469,0.0,0.0,0.0,0.0,2.7257652282714844,0.5951213836669922,13.649524688720703,0.0,0.0,0.0,0.0,3.137568473815918,0.6788139343261719,13.766308784484863,0.0,0.0,0.0,0.0,3.4913192987442017,0.7928534746170044,16.15185511112213,0.0,0.0,0.0,0.0,3.405670404434204,0.7645852565765381,15.797888994216919,0.0,0.0,0.0,0.0,3.6976029872894287,0.7995655536651611,16.36887240409851,0.0,0.0,0.0,0.0,2.7751049995422363,0.6692171096801758,14.452166080474854,0.0,0.0,0.0,0.0,2.8385181427001953,0.6843433380126953,14.263925313949585,0.0,0.0,0.0,0.0,2.749876022338867,0.6216964721679688,13.416627883911133,0.0,0.0,0.0,0.0,2.7538666129112244,0.6888022422790527,13.51643019914627,0.0,0.0,0.0,0.0,2.4621734619140625,0.6353693008422852,12.594146728515625,0.027487754821777344,0.027487754821777344,0.5710411071777344,0.5985288619995117,2.3031558990478516,0.6316795349121094,12.838314056396484,0.06062793731689453,0.2389059066772461,0.6216344833374023,0.6822624206542969,2.456831932067871,0.657264232635498,13.990058898925781,0.1849226951599121,1.0567846298217773,0.6068248748779297,0.7917475700378418
110,hallucinated,34,0.71435546875,7.313939034938812,0.936782956123352,28.49080526828766,0.023571491241455078,0.03526866436004639,0.9273407459259033,0.9509122371673584,6.778723657131195,0.8728392124176025,24.414818167686462,0.004405796527862549,0.004405796527862549,0.8765550851821899,0.8809608817100525,6.113007068634033,0.8446884155273438,22.014514446258545,0.0,0.0,0.0,0.0,1.3233108520507812,0.43360137939453125,5.729663848876953,0.0,0.0,0.0,0.0,1.0635910034179688,0.35883331298828125,4.560404896736145,0.0,0.0,0.0,0.0,1.4131088256835938,0.3652496337890625,5.6224517822265625,0.0,0.0,0.0,0.0,1.9161663055419922,0.4432201385498047,7.69284451007843,0.0,0.0,0.0,0.0,2.1144638061523438,0.4585990905761719,8.670302033424377,0.0,0.0,0.0,0.0,2.7036571502685547,0.533050537109375,10.2405424118042,0.0,0.0,0.0,0.0,3.874736785888672,0.6896729469299316,15.643060207366943,0.0,0.0,0.0,0.0,4.318693161010742,0.5931529998779297,15.24280834197998,0.0,0.0,0.0,0.0,4.61283016204834,0.672450065612793,15.241192817687988,0.0,0.0,0.0,0.0,5.467940330505371,0.7526259422302246,18.128486156463623,0.0,0.0,0.0,0.0,5.562715291976929,0.7593870162963867,17.954434156417847,0.0,0.0,0.0,0.0,5.914405345916748,0.7698535919189453,18.58651351928711,0.0,0.0,0.0,0.0,4.871665000915527,0.6680903434753418,16.549283504486084,0.0,0.0,0.0,0.0,4.939520835876465,0.6843194961547852,16.365071892738342,0.0,0.0,0.0,0.0,4.573782920837402,0.6466073989868164,15.240995407104492,0.0,0.0,0.0,0.0,4.565853118896484,0.6885945796966553,15.292528450489044,0.0,0.0,0.0,0.0,4.121578216552734,0.6353111267089844,14.252791404724121,0.027556419372558594,0.03678321838378906,0.5709724426269531,0.5985288619995117,4.059401512145996,0.6316890716552734,14.593666076660156,0.06061410903930664,0.23902082443237305,0.6216444969177246,0.6822586059570312,4.10428524017334,0.6572227478027344,15.63688063621521,0.18489408493041992,1.0891733169555664,0.6068534851074219,0.7917475700378418
111,grounded,30,0.71728515625,3.6581664085388184,0.9267899990081787,24.84142416715622,0.02152043581008911,0.033214449882507324,0.9291931390762329,0.950713574886322,3.355604648590088,0.879725456237793,21.491746842861176,0.011601448059082031,0.013441801071166992,0.8333389759063721,0.8449404239654541,3.182835102081299,0.846710205078125,19.77958333492279,0.0,0.0,0.0,0.0,0.6806869506835938,0.4326591491699219,5.028968811035156,0.0,0.0,0.0,0.0,0.40032958984375,0.3441905975341797,3.6146726608276367,0.0,0.0,0.0,0.0,0.72003173828125,0.3649425506591797,4.690580368041992,0.0,0.0,0.0,0.0,0.7273025512695312,0.4483499526977539,6.299829840660095,0.0,0.0,0.0,0.0,1.0258903503417969,0.4766502380371094,7.58282732963562,0.0,0.0,0.0,0.0,1.260223388671875,0.5330429077148438,8.773717164993286,0.0,0.0,0.0,0.0,2.1609268188476562,0.690253734588623,13.66658639907837,0.0,0.0,0.0,0.0,2.154918670654297,0.5784111022949219,12.719404220581055,0.0,0.0,0.0,0.0,2.6273937225341797,0.6697902679443359,13.112422943115234,0.0,0.0,0.0,0.0,2.7506364583969116,0.7479734420776367,15.156320929527283,0.0,0.0,0.0,0.0,2.739727020263672,0.7209033966064453,14.654217720031738,0.0,0.0,0.0,0.0,2.803055763244629,0.7454614639282227,15.1702241897583,0.0,0.0,0.0,0.0,2.400062084197998,0.6394753456115723,13.690528392791748,0.0,0.0,0.0,0.0,2.4656753540039062,0.6357765197753906,13.524801015853882,0.0,0.0,0.0,0.0,2.182281494140625,0.5912857055664062,12.636899948120117,0.0,0.0,0.0,0.0,2.2155189514160156,0.6645965576171875,12.382197201251984,0.0,0.0,0.0,0.0,2.1807098388671875,0.615229606628418,11.975153923034668,0.02126789093017578,0.02126789093017578,0.5772609710693359,0.5985288619995117,2.18988037109375,0.6095085144042969,12.244107961654663,0.0798196792602539,0.3668193817138672,0.602442741394043,0.6822624206542969,2.150920867919922,0.678339958190918,13.226266384124756,0.15418577194213867,1.1220335960388184,0.6375617980957031,0.7917475700378418
111,hallucinated,36,0.79833984375,9.225367069244385,0.9383545517921448,30.408624827861786,0.02152043581008911,0.033214449882507324,0.9291931390762329,0.950713574886322,8.617526471614838,0.8968156576156616,26.749006628990173,0.011601448059082031,0.022309839725494385,0.8333389759063721,0.8449404239654541,8.00240683555603,0.8485784530639648,24.60072124004364,0.0,0.0,0.0,0.0,1.5511360168457031,0.4325370788574219,5.899738311767578,0.0,0.0,0.0,0.0,1.2820472717285156,0.34404754638671875,4.49630081653595,0.0,0.0,0.0,0.0,1.6715164184570312,0.3649940490722656,5.641845703125,0.0,0.0,0.0,0.0,2.438516616821289,0.4485912322998047,8.010761618614197,0.0,0.0,0.0,0.0,2.413524627685547,0.4768409729003906,8.970041871070862,0.0,0.0,0.0,0.0,3.430093765258789,0.533050537109375,10.94348931312561,0.0,0.0,0.0,0.0,4.530405044555664,0.6902146339416504,16.036667346954346,0.0,0.0,0.0,0.0,4.850091934204102,0.5782146453857422,15.41537857055664,0.0,0.0,0.0,0.0,5.0063581466674805,0.6452198028564453,15.491301536560059,0.0,0.0,0.0,0.0,5.512431621551514,0.7481522560119629,17.9187068939209,0.0,0.0,0.0,0.0,5.8198394775390625,0.7209815979003906,17.73438262939453,0.0,0.0,0.0,0.0,6.3159871101379395,0.7422933578491211,18.6827130317688,0.0,0.0,0.0,0.0,5.6311421394348145,0.6611161231994629,16.921075344085693,0.0,0.0,0.0,0.0,5.418089210987091,0.6750850677490234,16.476804077625275,0.0,0.0,0.0,0.0,5.031022071838379,0.5911369323730469,15.485554695129395,0.0,0.0,0.0,0.0,5.176180601119995,0.6645126342773438,15.36083197593689,0.0,0.0,0.0,0.0,4.638413906097412,0.6152703762054443,14.433250188827515,0.0,0.0,0.0,0.0,4.111317157745361,0.6037998199462891,14.164702653884888,0.07990789413452148,0.3501605987548828,0.6023507118225098,0.6822586059570312,4.547736167907715,0.6785292625427246,15.622708082199097,0.15455198287963867,0.7511658668518066,0.6371955871582031,0.7917475700378418
112,grounded,27,0.716796875,3.629519045352936,0.9228159189224243,21.977818429470062,0.022976577281951904,0.02728193998336792,0.9180957674980164,0.9410723447799683,3.281319499015808,0.8494381904602051,18.772071719169617,0.017949461936950684,0.02609241008758545,0.8559327125549316,0.8738821744918823,3.082812786102295,0.844691276550293,17.067327976226807,0.0,0.0,0.0,0.0,0.6760330200195312,0.4272270202636719,4.67376708984375,0.0,0.0,0.0,0.0,0.3878326416015625,0.33797645568847656,3.3926955461502075,0.0,0.0,0.0,0.0,0.7043685913085938,0.3559455871582031,4.252124786376953,0.0,0.0,0.0,0.0,0.7229461669921875,0.43144798278808594,5.852892160415649,0.0,0.0,0.0,0.0,1.026336669921875,0.4500160217285156,6.746623396873474,0.0,0.0,0.0,0.0,1.2579879760742188,0.53302001953125,7.886620759963989,0.0,0.0,0.0,0.0,2.0875635147094727,0.6837334632873535,12.215372562408447,0.0,0.0,0.0,0.0,2.178375244140625,0.5942821502685547,11.445287704467773,0.0,0.0,0.0,0.0,2.6806583404541016,0.7044897079467773,11.98629379272461,0.0,0.0,0.0,0.0,2.7384597063064575,0.7435474395751953,13.502548336982727,0.0,0.0,0.0,0.0,2.8484058380126953,0.7464885711669922,13.51811170578003,0.0,0.0,0.0,0.0,2.8176329135894775,0.7542273998260498,13.965888738632202,0.0,0.0,0.0,0.0,2.311617851257324,0.6441488265991211,12.563273429870605,0.0,0.0,0.0,0.0,2.452117919921875,0.6727428436279297,12.460748732089996,0.0,0.0,0.0,0.0,2.115253448486328,0.6239452362060547,11.671477317810059,0.0114288330078125,0.0114288330078125,0.57489013671875,0.5863189697265625,2.0605087280273438,0.6963024139404297,11.696537613868713,0.0,0.0,0.0,0.0,1.9974479675292969,0.6010451316833496,11.044368743896484,0.004034996032714844,0.004034996032714844,0.594482421875,0.5985174179077148,1.9697179794311523,0.6343173980712891,11.398468255996704,0.06059396266937256,0.22798657417297363,0.6216626167297363,0.6822565793991089,1.9613113403320312,0.6500005722045898,12.427557945251465,0.17033100128173828,0.8400325775146484,0.6215248107910156,0.7918558120727539
112,hallucinated,33,0.7587890625,9.203921139240265,0.9332034587860107,27.55222052335739,0.022976577281951904,0.02728193998336792,0.9180957674980164,0.9410723447799683,8.438576877117157,0.9007956981658936,23.920465409755707,0.019705653190612793,0.02784097194671631,0.8541765213012695,0.8738821744918823,8.13452523946762,0.8750434517860413,22.118832290172577,0.0,0.0,0.0,0.0,1.8583612442016602,0.4273223876953125,5.856320381164551,0.0,0.0,0.0,0.0,1.4543075561523438,0.33806800842285156,4.459575891494751,0.0,0.0,0.0,0.0,1.7779006958007812,0.3557395935058594,5.326000213623047,0.0,0.0,0.0,0.0,2.1566734313964844,0.4315471649169922,7.2867162227630615,0.0,0.0,0.0,0.0,2.8268280029296875,0.4500579833984375,8.545721650123596,0.0,0.0,0.0,0.0,3.4149818420410156,0.533050537109375,10.043895483016968,0.0,0.0,0.0,0.0,4.672977447509766,0.6838083267211914,14.80208683013916,0.0,0.0,0.0,0.0,4.95305061340332,0.5944232940673828,14.22031021118164,0.0,0.0,0.0,0.0,5.35337495803833,0.64654541015625,14.659780979156494,0.0,0.0,0.0,0.0,5.501936912536621,0.7434500455856323,16.26603400707245,0.0,0.0,0.0,0.0,6.073398590087891,0.7638101577758789,16.74352264404297,0.0,0.0,0.0,0.0,6.184020042419434,0.7424087524414062,17.334571838378906,0.0,0.0,0.0,0.0,5.286983489990234,0.6647348403930664,15.539050102233887,0.0,0.0,0.0,0.0,4.8933587074279785,0.6725766658782959,14.903176188468933,0.0,0.0,0.0,0.0,4.753944396972656,0.6242332458496094,14.31087589263916,0.0,0.0,0.0,0.0,4.66590690612793,0.6963415145874023,14.303764820098877,0.0,0.0,0.0,0.0,4.298376083374023,0.6010985374450684,13.345795631408691,0.004263877868652344,0.004263877868652344,0.5942649841308594,0.5985288619995117,4.347058534622192,0.6343841552734375,13.776683568954468,0.06061410903930664,0.2272329330444336,0.6216444969177246,0.6822586059570312,5.273582696914673,0.6645848751068115,15.739916801452637,0.17064809799194336,0.7350015640258789,0.6210994720458984,0.7917475700378418
113,grounded,45,0.671875,13.090451776981354,0.9539442658424377,39.03415662050247,0.022461295127868652,0.029730260372161865,0.9361755847930908,0.9586368799209595,11.949098467826843,0.9036610722541809,32.80552178621292,0.021548211574554443,0.05367535352706909,0.8676738739013672,0.8892220854759216,11.223210275173187,0.8717761039733887,30.156436026096344,0.0,0.0,0.0,0.0,2.2556533813476562,0.4416656494140625,7.515758514404297,0.0,0.0,0.0,0.0,1.5946922302246094,0.3567390441894531,5.511212229728699,0.0,0.0,0.0,0.0,2.2491531372070312,0.38333797454833984,7.0690412521362305,0.0,0.0,0.0,0.0,3.97877836227417,0.45868587493896484,10.84666907787323,0.0,0.0,0.0,0.0,4.499998331069946,0.4704093933105469,12.272318243980408,0.0,0.0,0.0,0.0,5.169773101806641,0.533050537109375,14.5244140625,0.0,0.0,0.0,0.0,7.127281188964844,0.6922178268432617,21.190204620361328,0.0,0.0,0.0,0.0,7.180718421936035,0.6010780334472656,20.3082275390625,0.0,0.0,0.0,0.0,7.826883316040039,0.6794242858886719,20.234479904174805,0.0,0.0,0.0,0.0,9.009606838226318,0.7442822456359863,23.774253010749817,0.0,0.0,0.0,0.0,9.25811767578125,0.7722663879394531,23.795267581939697,0.0,0.0,0.0,0.0,9.014848709106445,0.7753801345825195,23.54061985015869,0.0,0.0,0.0,0.0,7.6614837646484375,0.6607680320739746,20.862343072891235,0.0,0.0,0.0,0.0,7.493349373340607,0.6433525085449219,20.429919064044952,0.0,0.0,0.0,0.0,6.839690685272217,0.6482086181640625,18.92684507369995,0.013700485229492188,0.013700485229492188,0.5726261138916016,0.5863265991210938,6.375319957733154,0.6771764755249023,18.194827497005463,0.0,0.0,0.0,0.0,6.11915397644043,0.6151394844055176,17.5278263092041,0.0013322830200195312,0.0013322830200195312,0.5971965789794922,0.5985288619995117,6.054057598114014,0.5986957550048828,18.033575415611267,0.0663914680480957,0.2961864471435547,0.6158671379089355,0.6822586059570312,7.200790643692017,0.6593751907348633,20.202926635742188,0.17343854904174805,0.7932405471801758,0.6183090209960938,0.7917475700378418
113,hallucinated,42,0.67626953125,10.202540099620819,0.9417360424995422,36.14624494314194,0.022461295127868652,0.029618561267852783,0.9361755847930908,0.9586368799209595,9.303410291671753,0.8803618550300598,30.15983361005783,0.021548211574554443,0.05367535352706909,0.8676738739013672,0.8892220854759216,8.60596251487732,0.8450729846954346,27.539188265800476,0.0,0.0,0.0,0.0,1.7131423950195312,0.4416656494140625,6.973247528076172,0.0,0.0,0.0,0.0,1.3585090637207031,0.3567390441894531,5.2750290632247925,0.0,0.0,0.0,0.0,1.709930419921875,0.38333797454833984,6.529818534851074,0.0,0.0,0.0,0.0,3.1058382987976074,0.45868587493896484,9.973729014396667,0.0,0.0,0.0,0.0,3.672464609146118,0.4704093933105469,11.44478452205658,0.0,0.0,0.0,0.0,4.152141571044922,0.533050537109375,13.506782531738281,0.0,0.0,0.0,0.0,5.534824371337891,0.6922178268432617,19.597747802734375,0.0,0.0,0.0,0.0,5.780091285705566,0.5969018936157227,18.90760040283203,0.0,0.0,0.0,0.0,6.050443172454834,0.6696720123291016,18.4580397605896,0.0,0.0,0.0,0.0,7.096441268920898,0.7442822456359863,21.861087441444397,0.0,0.0,0.0,0.0,7.268552780151367,0.7703986167907715,21.805702686309814,0.0,0.0,0.0,0.0,7.269445419311523,0.7433462142944336,21.79521656036377,0.0,0.0,0.0,0.0,6.292577743530273,0.6607680320739746,19.49343705177307,0.0,0.0,0.0,0.0,6.150247931480408,0.6433525085449219,19.086817622184753,0.0,0.0,0.0,0.0,5.803802013397217,0.6482086181640625,17.89095640182495,0.013700485229492188,0.013700485229492188,0.5726261138916016,0.5863265991210938,5.466636419296265,0.6771764755249023,17.286143958568573,0.0,0.0,0.0,0.0,5.317253112792969,0.6228933334350586,16.72592544555664,0.0013322830200195312,0.0013322830200195312,0.5971965789794922,0.5985288619995117,5.023517847061157,0.5986957550048828,17.00303566455841,0.0663914680480957,0.2961864471435547,0.6158671379089355,0.6822586059570312,5.402915954589844,0.6593751907348633,18.405051946640015,0.17343854904174805,0.7932405471801758,0.6183090209960938,0.7917475700378418
114,grounded,36,0.826171875,11.077633678913116,0.9405916333198547,30.333374202251434,0.023084640502929688,0.03115701675415039,0.9223747253417969,0.9454593658447266,10.308770179748535,0.9014389514923096,26.42499202489853,0.02113485336303711,0.03859513998031616,0.8548789024353027,0.8760137557983398,9.424499928951263,0.8506331443786621,23.73021775484085,0.0,0.0,0.0,0.0,1.7856063842773438,0.42775726318359375,5.742626190185547,0.0,0.0,0.0,0.0,1.197052001953125,0.3324413299560547,4.095983624458313,0.0,0.0,0.0,0.0,1.4940414428710938,0.3584098815917969,4.9584197998046875,0.0,0.0,0.0,0.0,2.298168182373047,0.4384613037109375,7.409266471862793,0.0,0.0,0.0,0.0,2.7115697860717773,0.47084808349609375,8.608049035072327,0.0,0.0,0.0,0.0,3.7124900817871094,0.533050537109375,10.541981935501099,0.0,0.0,0.0,0.0,5.132349014282227,0.6894960403442383,15.501585006713867,0.0,0.0,0.0,0.0,5.213809967041016,0.5870723724365234,14.760551452636719,0.0,0.0,0.0,0.0,5.443260192871094,0.6277923583984375,14.733833312988281,0.0,0.0,0.0,0.0,5.771133899688721,0.7396583557128906,16.71690559387207,0.0,0.0,0.0,0.0,6.378360748291016,0.7482357025146484,17.252864837646484,0.0,0.0,0.0,0.0,6.267395973205566,0.6997261047363281,17.471179962158203,0.0,0.0,0.0,0.0,5.53996729850769,0.6189727783203125,15.717432737350464,0.0,0.0,0.0,0.0,5.057136535644531,0.6623926162719727,14.992062151432037,0.0,0.0,0.0,0.0,4.7442827224731445,0.5800857543945312,14.21065902709961,0.0,0.0,0.0,0.0,4.372987508773804,0.6537055969238281,13.629195630550385,0.0,0.0,0.0,0.0,4.207252502441406,0.5919694900512695,13.068716287612915,0.005637168884277344,0.005637168884277344,0.5928916931152344,0.5985288619995117,4.146736145019531,0.6052169799804688,13.442836880683899,0.06172370910644531,0.25305986404418945,0.6205348968505859,0.6822586059570312,4.552463531494141,0.6695528030395508,14.679462194442749,0.1560053825378418,0.7539253234863281,0.6357421875,0.7917475700378418
114,hallucinated,34,0.7841796875,9.191376566886902,0.9325392246246338,28.44711709022522,0.023084640502929688,0.03115701675415039,0.9223747253417969,0.9454593658447266,8.478057384490967,0.8757379055023193,24.59427922964096,0.02113485336303711,0.03859513998031616,0.8548789024353027,0.8760137557983398,7.731845498085022,0.8446884155273438,22.03756332397461,0.0,0.0,0.0,0.0,1.5838470458984375,0.42775726318359375,5.540866851806641,0.0,0.0,0.0,0.0,1.077728271484375,0.3324413299560547,3.976659893989563,0.0,0.0,0.0,0.0,1.3483123779296875,0.3584098815917969,4.812690734863281,0.0,0.0,0.0,0.0,1.9827194213867188,0.4384613037109375,7.093817710876465,0.0,0.0,0.0,0.0,2.3565549850463867,0.47084808349609375,8.253034234046936,0.0,0.0,0.0,0.0,3.1034393310546875,0.533050537109375,9.932931184768677,0.0,0.0,0.0,0.0,4.308345794677734,0.6894960403442383,14.677581787109375,0.0,0.0,0.0,0.0,4.701870918273926,0.5870723724365234,14.248612403869629,0.0,0.0,0.0,0.0,4.93870735168457,0.6277923583984375,14.229280471801758,0.0,0.0,0.0,0.0,5.259202003479004,0.7396583557128906,16.204973697662354,0.0,0.0,0.0,0.0,5.536871910095215,0.7482357025146484,16.411375999450684,0.0,0.0,0.0,0.0,5.585377216339111,0.6997261047363281,16.789161205291748,0.0,0.0,0.0,0.0,4.898340702056885,0.6189727783203125,15.075806140899658,0.0,0.0,0.0,0.0,4.552892684936523,0.6623926162719727,14.48781830072403,0.0,0.0,0.0,0.0,4.409523010253906,0.5800857543945312,13.875899314880371,0.0,0.0,0.0,0.0,4.189789533615112,0.6537055969238281,13.445997655391693,0.0,0.0,0.0,0.0,4.003331184387207,0.5919694900512695,12.864794969558716,0.005637168884277344,0.005637168884277344,0.5928916931152344,0.5985288619995117,3.999560832977295,0.6052169799804688,13.295661568641663,0.06172370910644531,0.25305986404418945,0.6205348968505859,0.6822586059570312,4.065402984619141,0.6695528030395508,14.192401647567749,0.1560053825378418,0.7539253234863281,0.6357421875,0.7917475700378418
115,grounded,36,0.77294921875,3.6829375624656677,0.9326097965240479,30.44788259267807,0.019766271114349365,0.03665781021118164,0.9407598972320557,0.960526168346405,3.381503999233246,0.8816686868667603,26.42708933353424,0.01758754253387451,0.053794026374816895,0.8893489837646484,0.906936526298523,3.2226436138153076,0.8480682373046875,24.42114347219467,0.0,0.0,0.0,0.0,0.6682205200195312,0.4356575012207031,6.07208251953125,0.0,0.0,0.0,0.0,0.4053955078125,0.35247802734375,4.267162442207336,0.0,0.0,0.0,0.0,0.6883010864257812,0.3619060516357422,5.093744277954102,0.0,0.0,0.0,0.0,0.7417068481445312,0.4443187713623047,7.5298537611961365,0.0,0.0,0.0,0.0,1.0689697265625,0.49240684509277344,9.146909356117249,0.0,0.0,0.0,0.0,1.282928466796875,0.533050537109375,10.662696838378906,0.0,0.0,0.0,0.0,2.1697816848754883,0.6927871704101562,16.288168907165527,0.0,0.0,0.0,0.0,2.14495849609375,0.5758895874023438,15.12755012512207,0.0,0.0,0.0,0.0,2.6078062057495117,0.660731315612793,15.236611366271973,0.0,0.0,0.0,0.0,2.736823081970215,0.733576774597168,17.578673362731934,0.0,0.0,0.0,0.0,2.7204341888427734,0.7605342864990234,17.356324195861816,0.0,0.0,0.0,0.0,2.712392807006836,0.7564749717712402,17.918943405151367,0.0,0.0,0.0,0.0,2.4242043495178223,0.6398301124572754,16.322946071624756,0.0,0.0,0.0,0.0,2.513643264770508,0.6465187072753906,16.33274519443512,0.0,0.0,0.0,0.0,2.1748504638671875,0.5873565673828125,15.130221366882324,0.0,0.0,0.0,0.0,2.218151092529297,0.6713581085205078,14.176501750946045,0.0028514862060546875,0.0028514862060546875,0.5913410186767578,0.5941925048828125,2.179910659790039,0.6051619052886963,13.838861227035522,0.00011920928955078125,0.00011920928955078125,0.5984096527099609,0.5985288619995117,2.2289772033691406,0.6202316284179688,14.629384279251099,0.08754158020019531,0.370419979095459,0.5947170257568359,0.6822586059570312,2.176097869873047,0.6701178550720215,16.237546920776367,0.1582350730895996,1.1203677654266357,0.6335124969482422,0.7917475700378418
115,hallucinated,48,0.830078125,14.963886260986328,0.9481337070465088,41.72883129119873,0.019766271114349365,0.03937500715255737,0.9407598972320557,0.960526168346405,14.010099470615387,0.8980598449707031,37.04246687889099,0.02542400360107422,0.10298901796340942,0.9055944681167603,0.9310184717178345,13.458213567733765,0.8941203355789185,34.67134600877762,0.0,0.0,0.0,0.0,2.3536834716796875,0.4356575012207031,7.757545471191406,0.0,0.0,0.0,0.0,1.7574882507324219,0.35247802734375,5.619255185127258,0.0,0.0,0.0,0.0,1.9967041015625,0.3619060516357422,6.40214729309082,0.0,0.0,0.0,0.0,3.6427626609802246,0.4443187713623047,10.43090957403183,0.0,0.0,0.0,0.0,4.403653144836426,0.49240684509277344,12.481592774391174,0.0,0.0,0.0,0.0,5.334573745727539,0.533050537109375,14.71434211730957,0.0,0.0,0.0,0.0,7.07951545715332,0.6927871704101562,21.19790267944336,0.0,0.0,0.0,0.0,7.924220561981201,0.5952892303466797,20.90681219100952,0.0,0.0,0.0,0.0,7.582648754119873,0.6383342742919922,20.211453914642334,0.0,0.0,0.0,0.0,9.110201120376587,0.733576774597168,23.952051401138306,0.0,0.0,0.0,0.0,9.630617141723633,0.7605342864990234,24.266507148742676,0.0,0.0,0.0,0.0,10.502832412719727,0.7937402725219727,25.709383010864258,0.0,0.0,0.0,0.0,9.209568083286285,0.6440439224243164,23.10830980539322,0.0,0.0,0.0,0.0,8.89374589920044,0.654576301574707,22.71284782886505,0.0,0.0,0.0,0.0,8.550930976867676,0.6094903945922852,21.506301879882812,0.0,0.0,0.0,0.0,7.834987163543701,0.6713581085205078,19.802145957946777,0.0,0.0,0.0,0.0,7.2875847816467285,0.6057324409484863,18.946535348892212,0.0,0.0,0.0,0.0,6.903507232666016,0.6103000640869141,19.303914308547974,0.08754158020019531,0.3438143730163574,0.5947170257568359,0.6822586059570312,8.328180313110352,0.700932502746582,22.389629364013672,0.1582350730895996,0.6801917552947998,0.6335124969482422,0.7917475700378418
116,grounded,36,0.68017578125,7.358725309371948,0.9389219880104065,30.393913447856903,0.01917397975921631,0.028300702571868896,0.9349708557128906,0.9541448354721069,6.914819657802582,0.9049224257469177,26.688859283924103,0.011206626892089844,0.0285186767578125,0.8448748588562012,0.856081485748291,6.369097471237183,0.8524084091186523,24.288496494293213,0.0,0.0,0.0,0.0,1.3189163208007812,0.4375286102294922,6.287929534912109,0.0,0.0,0.0,0.0,1.0229244232177734,0.3512897491455078,4.645319283008575,0.0,0.0,0.0,0.0,1.4754524230957031,0.3727893829345703,5.919855117797852,0.0,0.0,0.0,0.0,1.823516845703125,0.4452638626098633,8.063046336174011,0.0,0.0,0.0,0.0,1.8224678039550781,0.4772148132324219,8.832296967506409,0.0,0.0,0.0,0.0,2.66217041015625,0.533050537109375,11.052178382873535,0.0,0.0,0.0,0.0,4.082212448120117,0.6895542144775391,16.88778018951416,0.0,0.0,0.0,0.0,4.29768180847168,0.5914688110351562,16.04641342163086,0.0,0.0,0.0,0.0,4.504749298095703,0.6686229705810547,15.850383758544922,0.0,0.0,0.0,0.0,5.068352222442627,0.7531745433807373,18.562384366989136,0.0,0.0,0.0,0.0,5.126863479614258,0.7593278884887695,18.576400756835938,0.0,0.0,0.0,0.0,5.329809188842773,0.7607822418212891,18.98145866394043,0.0,0.0,0.0,0.0,4.360494136810303,0.667485237121582,16.962006092071533,0.0,0.0,0.0,0.0,4.547479152679443,0.6941752433776855,17.052770733833313,0.0,0.0,0.0,0.0,4.109323501586914,0.6040267944335938,15.60817813873291,0.0,0.0,0.0,0.0,4.119789004325867,0.687990665435791,15.53474086523056,0.0,0.0,0.0,0.0,3.9090700149536133,0.6244559288024902,14.715707063674927,0.009985923767089844,0.009985923767089844,0.5885429382324219,0.5985288619995117,3.8022561073303223,0.6048831939697266,15.022529602050781,0.06061410903930664,0.24246788024902344,0.6216444969177246,0.6822586059570312,4.003256797790527,0.660151481628418,16.45943808555603,0.17964696884155273,0.7712759971618652,0.6121006011962891,0.7917475700378418
116,hallucinated,39,0.7568359375,10.160010993480682,0.943920910358429,33.19519913196564,0.01917397975921631,0.028300702571868896,0.9349708557128906,0.9541448354721069,9.577891230583191,0.9050388336181641,29.356836080551147,0.011206626892089844,0.03297734260559082,0.8448748588562012,0.856081485748291,9.001614809036255,0.8721418380737305,26.921013832092285,0.0,0.0,0.0,0.0,1.6329154968261719,0.4375286102294922,6.6019287109375,0.0,0.0,0.0,0.0,1.3088607788085938,0.3512897491455078,4.931255638599396,0.0,0.0,0.0,0.0,1.6231536865234375,0.3727893829345703,6.067556381225586,0.0,0.0,0.0,0.0,2.597728729248047,0.4452638626098633,8.837258219718933,0.0,0.0,0.0,0.0,3.1089649200439453,0.4772148132324219,10.118794083595276,0.0,0.0,0.0,0.0,3.7323570251464844,0.533050537109375,12.12236499786377,0.0,0.0,0.0,0.0,5.300540924072266,0.6895542144775391,18.10610866546631,0.0,0.0,0.0,0.0,5.672882556915283,0.5914688110351562,17.421614170074463,0.0,0.0,0.0,0.0,5.497063636779785,0.6686229705810547,16.842698097229004,0.0,0.0,0.0,0.0,5.8563361167907715,0.7531745433807373,19.35036826133728,0.0,0.0,0.0,0.0,6.868013381958008,0.7593278884887695,20.317550659179688,0.0,0.0,0.0,0.0,7.3065595626831055,0.7405648231506348,20.95820903778076,0.0,0.0,0.0,0.0,6.652831077575684,0.6688718795776367,19.254343032836914,0.0,0.0,0.0,0.0,6.091194152832031,0.657841682434082,18.5964857339859,0.0,0.0,0.0,0.0,5.652326583862305,0.6040267944335938,17.1511812210083,0.0,0.0,0.0,0.0,5.272201061248779,0.687990665435791,16.687152922153473,0.0,0.0,0.0,0.0,5.140231132507324,0.6244559288024902,15.946868181228638,0.009985923767089844,0.009985923767089844,0.5885429382324219,0.5985288619995117,4.695708215236664,0.6048831939697266,15.915981709957123,0.06061410903930664,0.24246788024902344,0.6216444969177246,0.6822586059570312,5.064002990722656,0.660151481628418,17.52018427848816,0.17964696884155273,0.7167630195617676,0.6121006011962891,0.7917475700378418
117,grounded,36,0.76025390625,7.363093793392181,0.9392816424369812,30.381786704063416,0.013998746871948242,0.02191340923309326,0.9387049674987793,0.9527037143707275,6.866854429244995,0.8957997560501099,26.242451429367065,0.016828536987304688,0.03816854953765869,0.8797302842140198,0.8965588212013245,6.253235101699829,0.8446884155273438,23.368908882141113,0.0,0.0,0.0,0.0,1.3358383178710938,0.4439544677734375,6.115261077880859,0.0,0.0,0.0,0.0,1.0489044189453125,0.34682273864746094,4.829805970191956,0.0,0.0,0.0,0.0,1.4408531188964844,0.3604297637939453,5.716856002807617,0.0,0.0,0.0,0.0,1.8349533081054688,0.45413875579833984,8.117746114730835,0.0,0.0,0.0,0.0,1.8320121765136719,0.47509002685546875,9.023497223854065,0.0,0.0,0.0,0.0,2.5872955322265625,0.533050537109375,10.694758892059326,0.0,0.0,0.0,0.0,4.085809707641602,0.6989026069641113,16.76292848587036,0.0,0.0,0.0,0.0,4.3870038986206055,0.6026611328125,16.28756618499756,0.0,0.0,0.0,0.0,4.557806015014648,0.6561365127563477,15.63989543914795,0.0,0.0,0.0,0.0,5.194540977478027,0.7560675144195557,18.49912118911743,0.0,0.0,0.0,0.0,5.3538408279418945,0.7561845779418945,18.674010276794434,0.0,0.0,0.0,0.0,5.424225807189941,0.737004280090332,18.87826108932495,0.0,0.0,0.0,0.0,4.3388671875,0.6187477111816406,16.429105281829834,0.0,0.0,0.0,0.0,4.561344623565674,0.6550489664077759,16.408681333065033,0.0,0.0,0.0,0.0,4.104541778564453,0.5852031707763672,15.446372985839844,0.014074325561523438,0.014074325561523438,0.5722522735595703,0.5863265991210938,4.20207005739212,0.6932430267333984,15.405477285385132,0.0,0.0,0.0,0.0,3.8805856704711914,0.6382889747619629,14.454451322555542,0.019988059997558594,0.021373748779296875,0.5785408020019531,0.5985288619995117,3.8680882453918457,0.6090755462646484,15.104459285736084,0.08648300170898438,0.30733823776245117,0.5957756042480469,0.6822586059570312,4.061434745788574,0.6695170402526855,16.14131760597229,0.17702817916870117,0.9247350692749023,0.6147193908691406,0.7917475700378418
117,hallucinated,41,0.806640625,12.041987299919128,0.9448226690292358,35.06068021059036,0.013998746871948242,0.02191340923309326,0.9387049674987793,0.9527037143707275,11.256552636623383,0.8912838101387024,30.63360720872879,0.020086228847503662,0.041426241397857666,0.8764725923538208,0.8965588212013245,10.47475790977478,0.8550336360931396,27.590431690216064,0.0,0.0,0.0,0.0,2.1666183471679688,0.4439544677734375,6.946041107177734,0.0,0.0,0.0,0.0,1.706338882446289,0.34682273864746094,5.487240433692932,0.0,0.0,0.0,0.0,2.127178192138672,0.3604297637939453,6.403181076049805,0.0,0.0,0.0,0.0,3.2429962158203125,0.45413875579833984,9.525789022445679,0.0,0.0,0.0,0.0,3.7871646881103516,0.47509002685546875,10.978649735450745,0.0,0.0,0.0,0.0,4.362789154052734,0.533050537109375,12.470252513885498,0.0,0.0,0.0,0.0,6.084583282470703,0.6989026069641113,18.761702060699463,0.0,0.0,0.0,0.0,6.659414291381836,0.5872383117675781,18.55997657775879,0.0,0.0,0.0,0.0,6.263056755065918,0.6561365127563477,17.34514617919922,0.0,0.0,0.0,0.0,7.0769898891448975,0.7560675144195557,20.3815701007843,0.0,0.0,0.0,0.0,7.869556665420532,0.7559022903442383,21.18972611427307,0.0,0.0,0.0,0.0,7.58311653137207,0.737004280090332,21.03715181350708,0.0,0.0,0.0,0.0,6.305630683898926,0.6187477111816406,18.39586877822876,0.0,0.0,0.0,0.0,6.054647088050842,0.6550489664077759,17.9019837975502,0.0,0.0,0.0,0.0,5.814672470092773,0.5852031707763672,17.156503677368164,0.0,0.0,0.0,0.0,5.872014045715332,0.6932430267333984,17.075421273708344,0.0,0.0,0.0,0.0,5.309955596923828,0.6382889747619629,15.883821249008179,0.0013856887817382812,0.0013856887817382812,0.5971431732177734,0.5985288619995117,5.430846691131592,0.6090755462646484,16.66721773147583,0.08648300170898438,0.30733823776245117,0.5957756042480469,0.6822586059570312,5.436407089233398,0.6695170402526855,17.516289949417114,0.17702817916870117,0.8273744583129883,0.6147193908691406,0.7917475700378418
118,grounded,33,0.75439453125,7.331344783306122,0.9358104467391968,27.563857316970825,0.018600940704345703,0.031692564487457275,0.9304981231689453,0.949099063873291,6.8017114996910095,0.8696894645690918,24.007428407669067,0.015427768230438232,0.03504675626754761,0.8663288950920105,0.8817566633224487,6.210086345672607,0.8446884155273438,21.473937273025513,0.0,0.0,0.0,0.0,1.3280181884765625,0.4299125671386719,5.655876159667969,0.0,0.0,0.0,0.0,1.0188102722167969,0.3443470001220703,4.151441693305969,0.0,0.0,0.0,0.0,1.4819374084472656,0.3608722686767578,5.338968276977539,0.0,0.0,0.0,0.0,1.7835960388183594,0.4498882293701172,7.355351209640503,0.0,0.0,0.0,0.0,1.7197723388671875,0.470672607421875,8.368004441261292,0.0,0.0,0.0,0.0,2.6679840087890625,0.533050537109375,9.834593772888184,0.0,0.0,0.0,0.0,4.077445983886719,0.6896352767944336,15.178817749023438,0.0,0.0,0.0,0.0,4.291252136230469,0.5767440795898438,14.281002044677734,0.0,0.0,0.0,0.0,4.407285690307617,0.6442279815673828,14.145522117614746,0.0,0.0,0.0,0.0,5.038111686706543,0.7261433601379395,16.725258827209473,0.0,0.0,0.0,0.0,5.004000663757324,0.7138814926147461,16.553597450256348,0.0,0.0,0.0,0.0,5.332523345947266,0.7294149398803711,17.10675311088562,0.0,0.0,0.0,0.0,4.346883296966553,0.6254768371582031,15.012829303741455,0.0,0.0,0.0,0.0,4.455165386199951,0.6587028503417969,15.002196788787842,0.0,0.0,0.0,0.0,4.015716552734375,0.5879058837890625,13.616240501403809,0.0,0.0,0.0,0.0,4.226444065570831,0.6662569046020508,13.861291527748108,0.0,0.0,0.0,0.0,3.991584062576294,0.6329207420349121,13.24345326423645,0.0009260177612304688,0.0009260177612304688,0.5976028442382812,0.5985288619995117,3.8582892417907715,0.6162548065185547,13.553037881851196,0.06406497955322266,0.24712800979614258,0.6181936264038086,0.6822586059570312,3.955686569213867,0.6386375427246094,14.069809198379517,0.1661238670349121,0.8348379135131836,0.6256237030029297,0.7917475700378418
118,hallucinated,35,0.8193359375,9.17462146282196,0.9404480457305908,29.407133996486664,0.018600940704345703,0.031692564487457275,0.9304981231689453,0.949099063873291,8.585332334041595,0.8782567977905273,25.79067063331604,0.01144266128540039,0.019618988037109375,0.8269000053405762,0.8383426666259766,7.831188440322876,0.8446884155273438,23.09503936767578,0.0,0.0,0.0,0.0,1.6416282653808594,0.4299125671386719,5.969486236572266,0.0,0.0,0.0,0.0,1.1943893432617188,0.3443470001220703,4.327020764350891,0.0,0.0,0.0,0.0,1.591522216796875,0.3608722686767578,5.448553085327148,0.0,0.0,0.0,0.0,2.5036659240722656,0.4498882293701172,8.07542109489441,0.0,0.0,0.0,0.0,2.8816967010498047,0.470672607421875,9.529928803443909,0.0,0.0,0.0,0.0,3.6490707397460938,0.533050537109375,10.815680503845215,0.0,0.0,0.0,0.0,4.724021911621094,0.6896352767944336,15.825393676757812,0.0,0.0,0.0,0.0,5.334970474243164,0.5872840881347656,15.32472038269043,0.0,0.0,0.0,0.0,5.116806983947754,0.6418156623840332,14.855043411254883,0.0,0.0,0.0,0.0,5.65140438079834,0.7261433601379395,17.33855152130127,0.0,0.0,0.0,0.0,5.9629106521606445,0.7138814926147461,17.512507438659668,0.0,0.0,0.0,0.0,6.15407919883728,0.7285912036895752,17.928308963775635,0.0,0.0,0.0,0.0,5.436091423034668,0.6326742172241211,16.10203742980957,0.0,0.0,0.0,0.0,5.156701564788818,0.6587028503417969,15.703732967376709,0.0,0.0,0.0,0.0,4.686486721038818,0.5879058837890625,14.287010669708252,0.0,0.0,0.0,0.0,4.818735599517822,0.6662569046020508,14.453583061695099,0.0,0.0,0.0,0.0,4.693737030029297,0.6329207420349121,13.945606231689453,0.0009260177612304688,0.0009260177612304688,0.5976028442382812,0.5985288619995117,4.096797943115234,0.6162548065185547,13.79154658317566,0.06406497955322266,0.24712800979614258,0.6181936264038086,0.6822586059570312,4.327821731567383,0.6386375427246094,14.441944360733032,0.1661238670349121,0.7901148796081543,0.6256237030029297,0.7917475700378418
119,grounded,34,0.77490234375,7.348495721817017,0.93768709897995,28.547942280769348,0.0223352313041687,0.037448108196258545,0.9278643131256104,0.950199544429779,6.798313617706299,0.8708608150482178,24.68507570028305,0.00721365213394165,0.017943203449249268,0.8760643601417542,0.8832780122756958,6.249039173126221,0.8446884155273438,22.405213475227356,0.0,0.0,0.0,0.0,1.3145599365234375,0.43088531494140625,5.6620941162109375,0.0,0.0,0.0,0.0,1.034494400024414,0.3468036651611328,4.412186861038208,0.0,0.0,0.0,0.0,1.48199462890625,0.352996826171875,5.458217620849609,0.0,0.0,0.0,0.0,1.7784156799316406,0.44565391540527344,7.35623300075531,0.0,0.0,0.0,0.0,1.7472648620605469,0.4645652770996094,8.534264206886292,0.0,0.0,0.0,0.0,2.6610946655273438,0.533050537109375,10.033360719680786,0.0,0.0,0.0,0.0,4.0926666259765625,0.6905202865600586,15.718640327453613,0.0,0.0,0.0,0.0,4.293373107910156,0.5741596221923828,14.723308563232422,0.0,0.0,0.0,0.0,4.361393928527832,0.6464176177978516,14.498181343078613,0.0,0.0,0.0,0.0,5.039007186889648,0.7273199558258057,17.11740469932556,0.0,0.0,0.0,0.0,5.034485816955566,0.7218856811523438,17.03913402557373,0.0,0.0,0.0,0.0,5.321802139282227,0.7353763580322266,17.47645330429077,0.0,0.0,0.0,0.0,4.404343605041504,0.6189975738525391,15.507829666137695,0.0,0.0,0.0,0.0,4.603579521179199,0.6650190353393555,15.593476712703705,0.0,0.0,0.0,0.0,4.228801727294922,0.5888080596923828,14.390568733215332,0.009365081787109375,0.009365081787109375,0.5769615173339844,0.5863265991210938,4.3685503005981445,0.6675715446472168,14.540833175182343,0.0,0.0,0.0,0.0,4.097978353500366,0.6228718757629395,13.796161890029907,0.02884960174560547,0.03992652893066406,0.5696792602539062,0.5985288619995117,3.948544502258301,0.6156511306762695,14.058719396591187,0.06061410903930664,0.2458939552307129,0.6216444969177246,0.6822586059570312,4.040727615356445,0.6508617401123047,14.721375942230225,0.1809382438659668,0.8400864601135254,0.610809326171875,0.7917475700378418
119,hallucinated,37,0.83544921875,10.124886572360992,0.9388450384140015,31.324333131313324,0.0223352313041687,0.037448108196258545,0.9278643131256104,0.950199544429779,9.446469008922577,0.890049934387207,27.332183241844177,0.0068666934967041016,0.010729551315307617,0.8314411640167236,0.8383078575134277,8.762073516845703,0.8446884155273438,24.91824781894684,0.0,0.0,0.0,0.0,1.65643310546875,0.43088531494140625,6.00396728515625,0.0,0.0,0.0,0.0,1.4531326293945312,0.3468036651611328,4.830825090408325,0.0,0.0,0.0,0.0,1.8325347900390625,0.352996826171875,5.808757781982422,0.0,0.0,0.0,0.0,2.6390151977539062,0.44565391540527344,8.216832518577576,0.0,0.0,0.0,0.0,3.24495792388916,0.4645652770996094,10.031957268714905,0.0,0.0,0.0,0.0,3.8669700622558594,0.533050537109375,11.239236116409302,0.0,0.0,0.0,0.0,5.142284393310547,0.6905202865600586,16.768258094787598,0.0,0.0,0.0,0.0,5.7339067459106445,0.5884761810302734,16.16384220123291,0.0,0.0,0.0,0.0,5.665231227874756,0.6484627723693848,15.802018642425537,0.0,0.0,0.0,0.0,6.245490550994873,0.7273199558258057,18.323888063430786,0.0,0.0,0.0,0.0,6.685163497924805,0.7218856811523438,18.68981170654297,0.0,0.0,0.0,0.0,6.927324056625366,0.7353763580322266,19.08197522163391,0.0,0.0,0.0,0.0,6.190300464630127,0.6375417709350586,17.29378652572632,0.0,0.0,0.0,0.0,5.809278607368469,0.6650190353393555,16.799175798892975,0.0,0.0,0.0,0.0,5.453324317932129,0.6131792068481445,15.615091323852539,0.009365081787109375,0.009365081787109375,0.5769615173339844,0.5863265991210938,5.478153228759766,0.6675715446472168,15.650436103343964,0.0,0.0,0.0,0.0,5.288965225219727,0.6228718757629395,14.987148761749268,0.02884960174560547,0.03992652893066406,0.5696792602539062,0.5985288619995117,4.6879472732543945,0.6156511306762695,14.79812216758728,0.06061410903930664,0.2458939552307129,0.6216444969177246,0.6822586059570312,4.872570037841797,0.6508617401123047,15.553218364715576,0.1809382438659668,0.7780585289001465,0.610809326171875,0.7917475700378418
120,grounded,31,0.70068359375,7.309358656406403,0.9335716366767883,25.70298480987549,0.0236818790435791,0.029801130294799805,0.9178081750869751,0.9414900541305542,6.7501726150512695,0.8779585957527161,22.050555884838104,0.025550127029418945,0.03212648630142212,0.8456568717956543,0.8712069988250732,6.098933219909668,0.8446798324584961,20.071821808815002,0.0,0.0,0.0,0.0,1.32025146484375,0.4284820556640625,5.337772369384766,0.0,0.0,0.0,0.0,1.0189189910888672,0.3500080108642578,4.0209068059921265,0.0,0.0,0.0,0.0,1.4477653503417969,0.360137939453125,5.0296783447265625,0.0,0.0,0.0,0.0,1.788116455078125,0.4397869110107422,6.943799018859863,0.0,0.0,0.0,0.0,1.7755699157714844,0.4549713134765625,7.668213605880737,0.0,0.0,0.0,0.0,2.6260452270507812,0.5330429077148438,9.275132656097412,0.0,0.0,0.0,0.0,3.9881324768066406,0.6839656829833984,14.138960838317871,0.0,0.0,0.0,0.0,4.292332649230957,0.5888671875,13.676093101501465,0.0,0.0,0.0,0.0,4.443009376525879,0.6573066711425781,13.651031494140625,0.0,0.0,0.0,0.0,5.017205238342285,0.7395949363708496,15.762508392333984,0.0,0.0,0.0,0.0,5.1041178703308105,0.7356472015380859,15.813511371612549,0.0,0.0,0.0,0.0,5.177122116088867,0.7151293754577637,16.08938980102539,0.0,0.0,0.0,0.0,4.142580509185791,0.6401405334472656,14.305161952972412,0.0,0.0,0.0,0.0,4.330463409423828,0.6555370092391968,14.100677728652954,0.0,0.0,0.0,0.0,3.909818649291992,0.6090106964111328,13.057014465332031,0.0,0.0,0.0,0.0,4.020012021064758,0.6794834136962891,13.348274111747742,0.0,0.0,0.0,0.0,3.7934646606445312,0.636810302734375,12.617957592010498,0.0,0.0,0.0,0.0,3.7650113105773926,0.624241828918457,13.054773807525635,0.06062793731689453,0.28220558166503906,0.6216344833374023,0.6822624206542969,3.8861351013183594,0.6551566123962402,14.050822257995605,0.1682448387145996,0.8188762664794922,0.6235027313232422,0.7917475700378418
120,hallucinated,32,0.75341796875,8.237853050231934,0.9370049834251404,26.63147920370102,0.0236818790435791,0.029801130294799805,0.9178081750869751,0.9414900541305542,7.5431969165802,0.8669135570526123,22.84076553583145,0.026520252227783203,0.03310573101043701,0.84468674659729,0.8712069988250732,6.9044411182403564,0.8446884155273438,20.87703251838684,0.0,0.0,0.0,0.0,1.3256378173828125,0.4285850524902344,5.343502044677734,0.0,0.0,0.0,0.0,1.1302986145019531,0.34990692138671875,4.131948828697205,0.0,0.0,0.0,0.0,1.5360641479492188,0.3602581024169922,5.118009567260742,0.0,0.0,0.0,0.0,1.9626312255859375,0.43984031677246094,7.117406129837036,0.0,0.0,0.0,0.0,2.1672229766845703,0.4549713134765625,8.059303879737854,0.0,0.0,0.0,0.0,3.051788330078125,0.533050537109375,9.700538635253906,0.0,0.0,0.0,0.0,4.162322998046875,0.6839261054992676,14.312682628631592,0.0,0.0,0.0,0.0,4.461086273193359,0.5888442993164062,13.84449577331543,0.0,0.0,0.0,0.0,4.4595184326171875,0.6431045532226562,13.667285919189453,0.0,0.0,0.0,0.0,4.86743426322937,0.7395105361938477,15.613022565841675,0.0,0.0,0.0,0.0,5.426576137542725,0.7354621887207031,16.13556432723999,0.0,0.0,0.0,0.0,5.1798224449157715,0.7150654792785645,16.091686725616455,0.0,0.0,0.0,0.0,4.276847839355469,0.6400861740112305,14.439454078674316,0.0,0.0,0.0,0.0,4.0882110595703125,0.6557341814041138,13.857648968696594,0.0,0.0,0.0,0.0,3.681001663208008,0.6091175079345703,12.828262329101562,0.0,0.0,0.0,0.0,3.9794273376464844,0.6792781352996826,13.308649003505707,0.0,0.0,0.0,0.0,3.6763362884521484,0.6367244720458984,12.498926162719727,0.0,0.0,0.0,0.0,3.6786437034606934,0.6243448257446289,12.969188690185547,0.06061410903930664,0.28253650665283203,0.6216444969177246,0.6822586059570312,3.5729007720947266,0.6550312042236328,13.738579511642456,0.16793203353881836,0.7543387413024902,0.6238155364990234,0.7917475700378418
121,grounded,33,0.751953125,7.350039482116699,0.9373507499694824,27.60018289089203,0.022984087467193604,0.03474169969558716,0.9258096218109131,0.9487937092781067,6.816127359867096,0.8741922378540039,24.08200204372406,0.012772440910339355,0.023311734199523926,0.8707099556922913,0.8834823966026306,6.322012901306152,0.848363995552063,22.29531192779541,0.0,0.0,0.0,0.0,1.2898178100585938,0.43054962158203125,5.587272644042969,0.0,0.0,0.0,0.0,1.0310420989990234,0.348358154296875,4.1355167627334595,0.0,0.0,0.0,0.0,1.4493370056152344,0.36710548400878906,5.327360153198242,0.0,0.0,0.0,0.0,1.7989959716796875,0.43910884857177734,7.202309608459473,0.0,0.0,0.0,0.0,1.7070732116699219,0.4700736999511719,8.019800782203674,0.0,0.0,0.0,0.0,2.6827621459960938,0.533050537109375,9.870973348617554,0.0,0.0,0.0,0.0,4.12017822265625,0.6893067359924316,15.394649028778076,0.0,0.0,0.0,0.0,4.4171342849731445,0.5902252197265625,14.597899436950684,0.0,0.0,0.0,0.0,4.61338996887207,0.6466484069824219,14.797595977783203,0.0,0.0,0.0,0.0,5.087411880493164,0.7460031509399414,17.134403228759766,0.0,0.0,0.0,0.0,5.389229774475098,0.7311592102050781,17.042797088623047,0.0,0.0,0.0,0.0,5.743137836456299,0.749809741973877,17.81697416305542,0.0,0.0,0.0,0.0,4.5908708572387695,0.616363525390625,15.689111709594727,0.0,0.0,0.0,0.0,4.978792905807495,0.6596770286560059,15.792045712471008,0.0,0.0,0.0,0.0,4.647704124450684,0.6528425216674805,14.81137466430664,0.003131866455078125,0.003131866455078125,0.5831947326660156,0.5863265991210938,4.830803394317627,0.6802396774291992,14.96985536813736,0.0,0.0,0.0,0.0,4.602532863616943,0.6737093925476074,14.352750539779663,0.010905265808105469,0.014570236206054688,0.5876235961914062,0.5985288619995117,4.248941421508789,0.6158242225646973,14.251962065696716,0.06597328186035156,0.31986093521118164,0.6162853240966797,0.6822586059570312,4.5512590408325195,0.6854391098022461,15.581353545188904,0.18106412887573242,1.2402734756469727,0.6106834411621094,0.7917475700378418
121,hallucinated,36,0.78759765625,10.178191483020782,0.9422285556793213,30.428334891796112,0.022984087467193604,0.04000741243362427,0.9258096218109131,0.9487937092781067,9.468421757221222,0.8868856430053711,26.74010306596756,0.01790088415145874,0.04488760232925415,0.8655815124511719,0.8834823966026306,8.915257334709167,0.8615174293518066,24.888556361198425,0.0,0.0,0.0,0.0,1.7000541687011719,0.43054962158203125,5.997509002685547,0.0,0.0,0.0,0.0,1.2610397338867188,0.348358154296875,4.365514397621155,0.0,0.0,0.0,0.0,1.49700927734375,0.36710548400878906,5.375032424926758,0.0,0.0,0.0,0.0,2.6520957946777344,0.43910884857177734,8.05540943145752,0.0,0.0,0.0,0.0,2.559206962585449,0.4700736999511719,8.871934533119202,0.0,0.0,0.0,0.0,3.652484893798828,0.533050537109375,10.840696096420288,0.0,0.0,0.0,0.0,5.099908828735352,0.6893067359924316,16.374379634857178,0.0,0.0,0.0,0.0,5.64395809173584,0.5804386138916016,15.824723243713379,0.0,0.0,0.0,0.0,5.301836013793945,0.6466484069824219,15.486042022705078,0.0,0.0,0.0,0.0,6.31810736656189,0.7460031509399414,18.36509871482849,0.0,0.0,0.0,0.0,6.56871771812439,0.7311592102050781,18.22228503227234,0.0,0.0,0.0,0.0,6.956233263015747,0.7582645416259766,19.030069589614868,0.0,0.0,0.0,0.0,6.279930591583252,0.7159333229064941,17.37817144393921,0.0,0.0,0.0,0.0,6.339693903923035,0.6827754974365234,17.152946710586548,0.0,0.0,0.0,0.0,5.813798427581787,0.6486449241638184,15.977468967437744,0.0,0.0,0.0,0.0,5.5467036962509155,0.6804405450820923,15.685755670070648,0.0,0.0,0.0,0.0,5.071765899658203,0.62530517578125,14.821983575820923,0.0036649703979492188,0.0036649703979492188,0.5948638916015625,0.5985288619995117,4.547603130340576,0.6093311309814453,14.550623774528503,0.06597328186035156,0.31986093521118164,0.6162853240966797,0.6822586059570312,4.977802276611328,0.6854391098022461,16.007896780967712,0.18106412887573242,0.8322262763977051,0.6106834411621094,0.7917475700378418
122,grounded,29,0.802734375,5.424821555614471,0.9205739498138428,23.805919587612152,0.022970497608184814,0.027126431465148926,0.9179782271385193,0.9409487247467041,5.031105399131775,0.8601645231246948,20.60547572374344,0.026863574981689453,0.035030364990234375,0.847280740737915,0.8741443157196045,4.623976230621338,0.8446798324584961,18.895204544067383,0.0,0.0,0.0,0.0,0.9348297119140625,0.42132568359375,4.779270172119141,0.0,0.0,0.0,0.0,0.7329864501953125,0.3464202880859375,3.6185550689697266,0.0,0.0,0.0,0.0,1.061614990234375,0.36144256591796875,4.527645111083984,0.0,0.0,0.0,0.0,1.2667961120605469,0.4229583740234375,6.3584370613098145,0.0,0.0,0.0,0.0,1.4098548889160156,0.4602546691894531,7.472454786300659,0.0,0.0,0.0,0.0,1.9440536499023438,0.5330429077148438,8.564758539199829,0.0,0.0,0.0,0.0,3.119424819946289,0.6837024688720703,13.401516914367676,0.0,0.0,0.0,0.0,3.235006332397461,0.5871562957763672,12.56973648071289,0.0,0.0,0.0,0.0,3.327094078063965,0.6424293518066406,12.567984580993652,0.0,0.0,0.0,0.0,3.66501522064209,0.7391808032989502,14.474252939224243,0.0,0.0,0.0,0.0,3.8413009643554688,0.7548942565917969,14.766615867614746,0.0,0.0,0.0,0.0,4.132506370544434,0.7523460388183594,15.141802787780762,0.0,0.0,0.0,0.0,3.242841362953186,0.6468105316162109,13.387618660926819,0.0,0.0,0.0,0.0,3.504031181335449,0.7020325660705566,13.430685997009277,0.0,0.0,0.0,0.0,3.062662124633789,0.6012649536132812,12.484405517578125,0.0,0.0,0.0,0.0,3.0912628173828125,0.6825990676879883,12.52587753534317,0.0,0.0,0.0,0.0,2.872899055480957,0.58831787109375,11.631775379180908,0.011830329895019531,0.011830329895019531,0.5866985321044922,0.5985288619995117,2.8949599266052246,0.6123714447021484,12.024731159210205,0.06062793731689453,0.28309202194213867,0.6216344833374023,0.6822624206542969,2.827119827270508,0.6491174697875977,12.946756839752197,0.1926589012145996,0.9005160331726074,0.5990886688232422,0.7917475700378418
122,hallucinated,33,0.7685546875,9.140823423862457,0.9326119422912598,27.521921455860138,0.022970497608184814,0.027126431465148926,0.9179782271385193,0.9409487247467041,8.408718943595886,0.87759929895401,23.978836476802826,0.020969390869140625,0.029136180877685547,0.8531749248504639,0.8741443157196045,7.846726655960083,0.8470778465270996,22.117717027664185,0.0,0.0,0.0,0.0,1.6101455688476562,0.4212188720703125,5.454334259033203,0.0,0.0,0.0,0.0,1.1786994934082031,0.34646034240722656,4.064155578613281,0.0,0.0,0.0,0.0,1.680816650390625,0.3615131378173828,5.146493911743164,0.0,0.0,0.0,0.0,2.2252655029296875,0.42296791076660156,7.316223978996277,0.0,0.0,0.0,0.0,2.59309720993042,0.46007537841796875,8.654865384101868,0.0,0.0,0.0,0.0,3.373615264892578,0.533050537109375,9.993967771530151,0.0,0.0,0.0,0.0,4.790454864501953,0.683746337890625,15.072456359863281,0.0,0.0,0.0,0.0,5.000941276550293,0.5872211456298828,14.335616111755371,0.0,0.0,0.0,0.0,4.731317520141602,0.6426658630371094,13.972261428833008,0.0,0.0,0.0,0.0,5.474259853363037,0.7392563819885254,16.28387451171875,0.0,0.0,0.0,0.0,6.1572771072387695,0.7548427581787109,17.081905364990234,0.0,0.0,0.0,0.0,6.611719131469727,0.8066072463989258,17.62066125869751,0.0,0.0,0.0,0.0,5.6131415367126465,0.6993594169616699,15.758022785186768,0.0,0.0,0.0,0.0,5.7482205629348755,0.7383509874343872,15.674476563930511,0.0,0.0,0.0,0.0,5.140102386474609,0.6820087432861328,14.562520027160645,0.0,0.0,0.0,0.0,4.993695795536041,0.6951327919960022,14.428197264671326,0.0,0.0,0.0,0.0,4.439819812774658,0.6136422157287598,13.197958946228027,0.011952400207519531,0.011952400207519531,0.5865764617919922,0.5985288619995117,4.517179489135742,0.6122264862060547,13.644617557525635,0.06061410903930664,0.28324317932128906,0.6216444969177246,0.6822586059570312,4.812110900878906,0.6489791870117188,14.929950475692749,0.19268560409545898,0.8264784812927246,0.5990619659423828,0.7917475700378418
123,grounded,33,0.732421875,5.4672858119010925,0.9270886778831482,27.561716496944427,0.02235335111618042,0.032747507095336914,0.9304592609405518,0.9528126120567322,5.068053185939789,0.874774158000946,23.604790210723877,0.008961856365203857,0.013681113719940186,0.8810017108917236,0.8899635672569275,4.778815269470215,0.851791262626648,21.839892625808716,0.0,0.0,0.0,0.0,0.9539566040039062,0.4335517883300781,5.545585632324219,0.0,0.0,0.0,0.0,0.7444229125976562,0.3512115478515625,4.164570450782776,0.0,0.0,0.0,0.0,1.0479507446289062,0.3671875,5.334136962890625,0.0,0.0,0.0,0.0,1.3591041564941406,0.4458456039428711,7.286089897155762,0.0,0.0,0.0,0.0,1.4603996276855469,0.4706535339355469,8.072840332984924,0.0,0.0,0.0,0.0,2.00787353515625,0.533050537109375,9.832168340682983,0.0,0.0,0.0,0.0,3.161296844482422,0.6962251663208008,15.312291145324707,0.0,0.0,0.0,0.0,3.220865249633789,0.5892276763916016,14.411895751953125,0.0,0.0,0.0,0.0,3.2249107360839844,0.6592388153076172,14.030139923095703,0.0,0.0,0.0,0.0,3.5613861083984375,0.7417216300964355,16.09227991104126,0.0,0.0,0.0,0.0,3.743746757507324,0.733342170715332,16.605039596557617,0.0,0.0,0.0,0.0,3.7589824199676514,0.7164883613586426,16.700126886367798,0.0,0.0,0.0,0.0,2.9861578941345215,0.6270599365234375,14.918991565704346,0.0,0.0,0.0,0.0,3.0477800369262695,0.6670753955841064,14.62754601240158,0.0,0.0,0.0,0.0,2.6887664794921875,0.5805511474609375,13.529165267944336,0.0,0.0,0.0,0.0,2.673476219177246,0.6843810081481934,13.576870322227478,0.0,0.0,0.0,0.0,2.601299285888672,0.6565594673156738,13.051130294799805,0.013424873352050781,0.013424873352050781,0.5851039886474609,0.5985288619995117,2.6758804321289062,0.6044902801513672,13.454504013061523,0.06467437744140625,0.29491281509399414,0.617584228515625,0.6822586059570312,2.5703372955322266,0.6745872497558594,14.511875987052917,0.17800092697143555,0.785400390625,0.6137466430664062,0.7917475700378418
123,hallucinated,38,0.728515625,10.086046397686005,0.9372894763946533,32.18047708272934,0.02235335111618042,0.032747507095336914,0.9304592609405518,0.9528126120567322,9.458233773708344,0.8808000087738037,27.994508802890778,0.015837252140045166,0.045381128787994385,0.8741263151168823,0.8899635672569275,8.7637939453125,0.851791262626648,25.824871301651,0.0,0.0,0.0,0.0,1.716949462890625,0.4335517883300781,6.3085784912109375,0.0,0.0,0.0,0.0,1.4138107299804688,0.3512115478515625,4.833958268165588,0.0,0.0,0.0,0.0,2.006786346435547,0.3671875,6.292972564697266,0.0,0.0,0.0,0.0,2.7878146171569824,0.4458456039428711,8.714800357818604,0.0,0.0,0.0,0.0,3.00335693359375,0.4706535339355469,9.615797638893127,0.0,0.0,0.0,0.0,3.9081077575683594,0.533050537109375,11.732402563095093,0.0,0.0,0.0,0.0,5.505867004394531,0.6962251663208008,17.656861305236816,0.0,0.0,0.0,0.0,5.944554328918457,0.5892276763916016,17.135584831237793,0.0,0.0,0.0,0.0,5.877498626708984,0.6592388153076172,16.682727813720703,0.0,0.0,0.0,0.0,6.392096519470215,0.7417216300964355,18.922990322113037,0.0,0.0,0.0,0.0,7.088667869567871,0.733342170715332,19.949960708618164,0.0,0.0,0.0,0.0,7.035430908203125,0.7164883613586426,19.97657537460327,0.0,0.0,0.0,0.0,6.338536739349365,0.6270599365234375,18.27137041091919,0.0,0.0,0.0,0.0,6.076322078704834,0.6670753955841064,17.656088054180145,0.0,0.0,0.0,0.0,5.684429168701172,0.5805511474609375,16.52482795715332,0.0,0.0,0.0,0.0,5.489138603210449,0.6843810081481934,16.39253270626068,0.0,0.0,0.0,0.0,5.199728012084961,0.6565594673156738,15.649559020996094,0.013424873352050781,0.013424873352050781,0.5851039886474609,0.5985288619995117,4.925853252410889,0.6044902801513672,15.704476833343506,0.06467437744140625,0.29491281509399414,0.617584228515625,0.6822586059570312,5.130005359649658,0.6745872497558594,17.07154405117035,0.17800092697143555,0.785400390625,0.6137466430664062,0.7917475700378418
124,grounded,29,0.7978515625,5.436099410057068,0.9218509793281555,23.83166229724884,0.023627638816833496,0.03445327281951904,0.9174849987030029,0.9411126375198364,5.052214622497559,0.8632380366325378,20.63609492778778,0.018444180488586426,0.019089341163635254,0.8582966327667236,0.8767408132553101,4.627821445465088,0.8446798324584961,18.58333730697632,0.0,0.0,0.0,0.0,0.9433364868164062,0.4205436706542969,4.776939392089844,0.0,0.0,0.0,0.0,0.7693862915039062,0.33768272399902344,3.7840486764907837,0.0,0.0,0.0,0.0,1.050018310546875,0.35399627685546875,4.506446838378906,0.0,0.0,0.0,0.0,1.2532730102539062,0.4407024383544922,6.351186633110046,0.0,0.0,0.0,0.0,1.358184814453125,0.4705162048339844,7.441595792770386,0.0,0.0,0.0,0.0,1.9122314453125,0.5330429077148438,8.467952251434326,0.0,0.0,0.0,0.0,3.110767364501953,0.690913200378418,13.400744438171387,0.0,0.0,0.0,0.0,3.1207828521728516,0.5824947357177734,12.372047424316406,0.0,0.0,0.0,0.0,3.0130958557128906,0.6287746429443359,12.048212051391602,0.0,0.0,0.0,0.0,3.6281661987304688,0.7306911945343018,14.619842767715454,0.0,0.0,0.0,0.0,3.5658693313598633,0.7093906402587891,14.217259407043457,0.0,0.0,0.0,0.0,3.598897933959961,0.712496280670166,14.578630924224854,0.0,0.0,0.0,0.0,2.8417720794677734,0.6224727630615234,12.978346824645996,0.0,0.0,0.0,0.0,3.007061004638672,0.6556658744812012,12.975009381771088,0.0,0.0,0.0,0.0,2.5512866973876953,0.6027278900146484,11.625164031982422,0.0,0.0,0.0,0.0,2.6355209350585938,0.6614923477172852,11.884915888309479,0.0,0.0,0.0,0.0,2.5375709533691406,0.5948705673217773,11.047444343566895,0.010342597961425781,0.015567779541015625,0.5881862640380859,0.5985288619995117,2.6714725494384766,0.6152362823486328,11.691360235214233,0.06480026245117188,0.23779821395874023,0.617462158203125,0.6822624206542969,2.4647836685180664,0.662872314453125,12.01270341873169,0.1719527244567871,0.852144718170166,0.6197948455810547,0.7917475700378418
124,hallucinated,31,0.84912109375,7.302565932273865,0.935440719127655,25.698128819465637,0.023627638816833496,0.03445327281951904,0.9174849987030029,0.9411126375198364,6.835390985012054,0.8912276029586792,22.420548141002655,0.019321203231811523,0.01996636390686035,0.861079216003418,0.8804004192352295,6.154098391532898,0.8446798324584961,20.10961425304413,0.0,0.0,0.0,0.0,1.2032699584960938,0.4205436706542969,5.036872863769531,0.0,0.0,0.0,0.0,0.9636268615722656,0.33768272399902344,3.978289246559143,0.0,0.0,0.0,0.0,1.0984115600585938,0.35399627685546875,4.554840087890625,0.0,0.0,0.0,0.0,1.7765617370605469,0.4407024383544922,6.874475359916687,0.0,0.0,0.0,0.0,1.945847511291504,0.4705162048339844,8.029258489608765,0.0,0.0,0.0,0.0,2.6295433044433594,0.5330429077148438,9.185264110565186,0.0,0.0,0.0,0.0,3.9017906188964844,0.690913200378418,14.191767692565918,0.0,0.0,0.0,0.0,4.202475547790527,0.5824947357177734,13.453740119934082,0.0,0.0,0.0,0.0,3.906759262084961,0.6287746429443359,12.941875457763672,0.0,0.0,0.0,0.0,4.7207465171813965,0.7306911945343018,15.712423086166382,0.0,0.0,0.0,0.0,4.763561725616455,0.7093906402587891,15.414951801300049,0.0,0.0,0.0,0.0,4.952500343322754,0.7132654190063477,15.932233333587646,0.0,0.0,0.0,0.0,4.552032470703125,0.628605842590332,14.688607215881348,0.0,0.0,0.0,0.0,4.2630934715271,0.6556658744812012,14.231041848659515,0.0,0.0,0.0,0.0,3.7846145629882812,0.6027278900146484,12.858491897583008,0.0,0.0,0.0,0.0,3.763474225997925,0.6614923477172852,13.01286917924881,0.0,0.0,0.0,0.0,3.404451370239258,0.5948705673217773,11.914324760437012,0.010342597961425781,0.015567779541015625,0.5881862640380859,0.5985288619995117,3.4084033966064453,0.6152362823486328,12.428291082382202,0.06480026245117188,0.23779821395874023,0.617462158203125,0.6822624206542969,3.347994804382324,0.662872314453125,12.895914554595947,0.1719527244567871,0.852144718170166,0.6197948455810547,0.7917475700378418
125,grounded,31,0.71533203125,5.456698894500732,0.9250674247741699,25.706353187561035,0.024987876415252686,0.03645437955856323,0.9237613677978516,0.9487492442131042,5.077813446521759,0.8794894218444824,22.25641018152237,0.0138968825340271,0.02674621343612671,0.8673360347747803,0.8812329173088074,4.693140029907227,0.8446798324584961,20.353079795837402,0.0,0.0,0.0,0.0,0.941680908203125,0.4318084716796875,5.180690765380859,0.0,0.0,0.0,0.0,0.7441024780273438,0.34899139404296875,3.8184107542037964,0.0,0.0,0.0,0.0,1.0318450927734375,0.3671722412109375,4.800373077392578,0.0,0.0,0.0,0.0,1.276885986328125,0.44189453125,6.769371509552002,0.0,0.0,0.0,0.0,1.4563636779785156,0.4578437805175781,7.887186765670776,0.0,0.0,0.0,0.0,1.9822006225585938,0.5330429077148438,9.29444408416748,0.0,0.0,0.0,0.0,3.0963706970214844,0.6911945343017578,14.507536888122559,0.0,0.0,0.0,0.0,3.2135658264160156,0.5863723754882812,13.567339897155762,0.0,0.0,0.0,0.0,3.313852310180664,0.636016845703125,13.685791015625,0.0,0.0,0.0,0.0,3.7957077026367188,0.7449450492858887,16.15830135345459,0.0,0.0,0.0,0.0,4.0023603439331055,0.750823974609375,15.835618019104004,0.0,0.0,0.0,0.0,4.091125011444092,0.7611584663391113,16.165949821472168,0.0,0.0,0.0,0.0,3.3565094470977783,0.6474790573120117,14.543506860733032,0.0,0.0,0.0,0.0,3.453643798828125,0.6756420135498047,14.541872322559357,0.0,0.0,0.0,0.0,3.040271759033203,0.605194091796875,13.311867713928223,0.0,0.0,0.0,0.0,3.040985107421875,0.668665885925293,13.363562941551208,0.0,0.0,0.0,0.0,2.9063005447387695,0.6159915924072266,12.727171897888184,0.009520530700683594,0.017144203186035156,0.5890083312988281,0.5985288619995117,2.861358642578125,0.6286406517028809,12.998197793960571,0.06062793731689453,0.25087547302246094,0.6216344833374023,0.6822624206542969,2.884000778198242,0.6459856033325195,14.020591259002686,0.17429399490356445,0.8923707008361816,0.6174535751342773,0.7917475700378418
125,hallucinated,33,0.7138671875,7.303551614284515,0.9285907745361328,27.553205907344818,0.024987876415252686,0.03645437955856323,0.9237613677978516,0.9487492442131042,6.8088706731796265,0.8777692317962646,23.98670494556427,0.017959773540496826,0.03569000959396362,0.8632731437683105,0.8812329173088074,6.254658997058868,0.8446884155273438,21.914234340190887,0.0,0.0,0.0,0.0,1.2883148193359375,0.4316387176513672,5.526948928833008,0.0,0.0,0.0,0.0,0.8394622802734375,0.34895896911621094,3.9136732816696167,0.0,0.0,0.0,0.0,1.2654533386230469,0.36724090576171875,5.033702850341797,0.0,0.0,0.0,0.0,1.9007339477539062,0.4420633316040039,7.3924723863601685,0.0,0.0,0.0,0.0,2.190031051635742,0.4579887390136719,8.621246933937073,0.0,0.0,0.0,0.0,2.7306671142578125,0.533050537109375,10.043295860290527,0.0,0.0,0.0,0.0,4.018314361572266,0.691197395324707,15.428723335266113,0.0,0.0,0.0,0.0,4.258217811584473,0.594487190246582,14.611358642578125,0.0,0.0,0.0,0.0,4.3630266189575195,0.635833740234375,14.734160423278809,0.0,0.0,0.0,0.0,4.927395343780518,0.7450532913208008,17.289928436279297,0.0,0.0,0.0,0.0,5.384844779968262,0.7433547973632812,17.21732997894287,0.0,0.0,0.0,0.0,5.532475471496582,0.7611688375473022,17.608020186424255,0.0,0.0,0.0,0.0,4.916341543197632,0.6841893196105957,16.10350251197815,0.0,0.0,0.0,0.0,4.891701698303223,0.6916637420654297,15.979268610477448,0.0,0.0,0.0,0.0,4.236675262451172,0.6052207946777344,14.508246421813965,0.0,0.0,0.0,0.0,4.41391658782959,0.6685166358947754,14.737455189228058,0.0,0.0,0.0,0.0,4.106816291809082,0.6160283088684082,13.928367614746094,0.009509086608886719,0.01152801513671875,0.589019775390625,0.5985288619995117,3.783116340637207,0.6283507347106934,13.918322086334229,0.06061410903930664,0.2508058547973633,0.6216444969177246,0.6822586059570312,4.017711639404297,0.645965576171875,15.15377688407898,0.1745905876159668,0.8177928924560547,0.617156982421875,0.7917475700378418
126,grounded,58,0.78173828125,19.718254506587982,0.9558194279670715,51.21908789873123,0.023646652698516846,0.039181649684906006,0.9462300539016724,0.9698767066001892,18.616850078105927,0.9306309223175049,45.99546039104462,0.019103705883026123,0.12190598249435425,0.9156073331832886,0.9347110390663147,18.021796822547913,0.901193380355835,43.25307095050812,0.0,0.0,0.0,0.0,3.599750518798828,0.45017242431640625,10.117313385009766,0.0,0.0,0.0,0.0,2.5817394256591797,0.3568592071533203,7.1020495891571045,0.0,0.0,0.0,0.0,3.338149070739746,0.37747955322265625,9.086928367614746,0.0,0.0,0.0,0.0,5.194728851318359,0.43930912017822266,13.021122217178345,0.0,0.0,0.0,0.0,5.630877256393433,0.4838371276855469,14.55115830898285,0.0,0.0,0.0,0.0,7.284618377685547,0.533050537109375,18.039979934692383,0.0,0.0,0.0,0.0,10.462270736694336,0.6925339698791504,27.53636646270752,0.0,0.0,0.0,0.0,11.042962551116943,0.6023788452148438,27.00603437423706,0.0,0.0,0.0,0.0,11.025751650333405,0.6686229705810547,25.949991762638092,0.0,0.0,0.0,0.0,12.579438924789429,0.7497119903564453,30.739356756210327,0.0,0.0,0.0,0.0,12.429783344268799,0.7290134429931641,29.856481671333313,0.0,0.0,0.0,0.0,13.34410810470581,0.7346358299255371,31.241100788116455,0.0,0.0,0.0,0.0,12.342248916625977,0.6960182189941406,28.508069038391113,0.0,0.0,0.0,0.0,11.875035405158997,0.6977169513702393,27.44601583480835,0.0,0.0,0.0,0.0,11.192835092544556,0.6351642608642578,25.91790795326233,0.0,0.0,0.0,0.0,11.198306202888489,0.6748366355895996,25.293108820915222,0.0,0.0,0.0,0.0,10.058346271514893,0.6219573020935059,23.90918457508087,0.011986732482910156,0.011986732482910156,0.5865421295166016,0.5985288619995117,9.460146307945251,0.6208372116088867,23.915855526924133,0.07816886901855469,0.34294843673706055,0.6040897369384766,0.6822586059570312,10.307475745677948,0.7435657978057861,26.191624581813812,0.1892561912536621,0.7754230499267578,0.6024913787841797,0.7917475700378418
126,hallucinated,58,0.78173828125,19.725359439849854,0.9558194279670715,51.2261928319931,0.023646652698516846,0.039181649684906006,0.9462300539016724,0.9698767066001892,18.6269953250885,0.9306309223175049,46.00560563802719,0.019103705883026123,0.11407089233398438,0.9156073331832886,0.9347110390663147,18.022810101509094,0.901193380355835,43.2540842294693,0.0,0.0,0.0,0.0,3.613201141357422,0.45017242431640625,10.13076400756836,0.0,0.0,0.0,0.0,2.5445613861083984,0.3568592071533203,7.064871549606323,0.0,0.0,0.0,0.0,3.340712547302246,0.37747955322265625,9.089491844177246,0.0,0.0,0.0,0.0,5.189094543457031,0.43930912017822266,13.015487909317017,0.0,0.0,0.0,0.0,5.603815793991089,0.4838371276855469,14.524096846580505,0.0,0.0,0.0,0.0,7.299907684326172,0.533050537109375,18.055269241333008,0.0,0.0,0.0,0.0,10.49720573425293,0.6925339698791504,27.571301460266113,0.0,0.0,0.0,0.0,11.10516881942749,0.6023788452148438,27.068240642547607,0.0,0.0,0.0,0.0,11.027828752994537,0.6686229705810547,25.952068865299225,0.0,0.0,0.0,0.0,12.661569356918335,0.7497119903564453,30.821487188339233,0.0,0.0,0.0,0.0,12.550795078277588,0.7290134429931641,29.977493405342102,0.0,0.0,0.0,0.0,13.420986652374268,0.7346358299255371,31.317979335784912,0.0,0.0,0.0,0.0,12.382726669311523,0.6960182189941406,28.54854679107666,0.0,0.0,0.0,0.0,11.891247868537903,0.6977169513702393,27.462228298187256,0.0,0.0,0.0,0.0,11.224832773208618,0.6351642608642578,25.94990563392639,0.0,0.0,0.0,0.0,11.177756428718567,0.6748366355895996,25.2725590467453,0.0,0.0,0.0,0.0,10.048515796661377,0.6219573020935059,23.899354100227356,0.011986732482910156,0.011986732482910156,0.5865421295166016,0.5985288619995117,9.467674612998962,0.6208372116088867,23.923383831977844,0.07816886901855469,0.34294843673706055,0.6040897369384766,0.6822586059570312,10.317111670970917,0.7435657978057861,26.20126050710678,0.1892561912536621,0.7754230499267578,0.6024913787841797,0.7917475700378418
127,grounded,37,0.72314453125,3.690486431121826,0.9412815570831299,31.460583448410034,0.019795358180999756,0.02317279577255249,0.9413312673568726,0.9611266255378723,3.369815945625305,0.8893513679504395,26.776804625988007,0.015369296073913574,0.029079020023345947,0.847570538520813,0.8629398345947266,3.238037109375,0.8513565063476562,24.703988432884216,0.0,0.0,0.0,0.0,0.667266845703125,0.43386077880859375,6.269157409667969,0.0,0.0,0.0,0.0,0.4022216796875,0.34958648681640625,4.533362150192261,0.0,0.0,0.0,0.0,0.7188339233398438,0.3685646057128906,5.73222541809082,0.0,0.0,0.0,0.0,0.7962188720703125,0.4499330520629883,8.153192400932312,0.0,0.0,0.0,0.0,1.0718269348144531,0.4770927429199219,9.150034546852112,0.0,0.0,0.0,0.0,1.2697677612304688,0.533050537109375,10.964279890060425,0.0,0.0,0.0,0.0,2.106729507446289,0.6900262832641602,17.08364772796631,0.0,0.0,0.0,0.0,2.1613502502441406,0.5834293365478516,16.09746742248535,0.0,0.0,0.0,0.0,2.6717090606689453,0.685333251953125,16.00176239013672,0.0,0.0,0.0,0.0,2.736542224884033,0.7521958351135254,18.849287748336792,0.0,0.0,0.0,0.0,2.7277774810791016,0.7675480842590332,18.552704334259033,0.0,0.0,0.0,0.0,2.733308792114258,0.7424869537353516,18.352269172668457,0.0,0.0,0.0,0.0,2.453873634338379,0.6542558670043945,16.47449827194214,0.0,0.0,0.0,0.0,2.4812870025634766,0.6555995941162109,16.24909508228302,0.0,0.0,0.0,0.0,2.214679718017578,0.6001129150390625,15.346363067626953,0.0,0.0,0.0,0.0,2.2379608154296875,0.661104679107666,14.938955247402191,0.0,0.0,0.0,0.0,2.264179229736328,0.6143975257873535,14.711846113204956,0.0,0.0,0.0,0.0,2.284282684326172,0.6170520782470703,15.375994682312012,0.08173370361328125,0.38280773162841797,0.60052490234375,0.6822586059570312,2.2958984375,0.6874833106994629,16.395981669425964,0.16421842575073242,1.2041015625,0.6275291442871094,0.7917475700378418
127,hallucinated,52,0.80322265625,17.74934697151184,0.9486448764801025,45.51944398880005,0.019795358180999756,0.02317279577255249,0.9413312673568726,0.9611266255378723,16.7356014251709,0.9104236960411072,40.12950152158737,0.015369296073913574,0.04128706455230713,0.847570538520813,0.8629398345947266,15.906682431697845,0.8801827430725098,37.379824459552765,0.0,0.0,0.0,0.0,2.922515869140625,0.43386077880859375,8.524406433105469,0.0,0.0,0.0,0.0,2.1081008911132812,0.34958648681640625,6.239241361618042,0.0,0.0,0.0,0.0,2.7769107818603516,0.3685646057128906,7.790302276611328,0.0,0.0,0.0,0.0,4.817831993103027,0.4499330520629883,12.174805521965027,0.0,0.0,0.0,0.0,5.551817417144775,0.4770927429199219,13.630025029182434,0.0,0.0,0.0,0.0,6.588300704956055,0.533050537109375,16.28281283378601,0.0,0.0,0.0,0.0,8.872629165649414,0.6900262832641602,23.849547386169434,0.0,0.0,0.0,0.0,9.643470764160156,0.6096954345703125,23.579587936401367,0.0,0.0,0.0,0.0,9.814208626747131,0.6705036163330078,23.144261956214905,0.0,0.0,0.0,0.0,11.352738380432129,0.7521958351135254,27.465483903884888,0.0,0.0,0.0,0.0,11.621395111083984,0.7675480842590332,27.446321964263916,0.0,0.0,0.0,0.0,11.878052353858948,0.7574276924133301,27.497012734413147,0.0,0.0,0.0,0.0,10.46908414363861,0.6746606826782227,24.48970878124237,0.0,0.0,0.0,0.0,10.283059179782867,0.6809272766113281,24.05086725950241,0.0,0.0,0.0,0.0,9.862162113189697,0.6582040786743164,22.993845462799072,0.0,0.0,0.0,0.0,9.54537320137024,0.6864266395568848,22.246367633342743,0.0,0.0,0.0,0.0,9.015851259231567,0.6268789768218994,21.463518142700195,0.0,0.0,0.0,0.0,8.512482643127441,0.6108798980712891,21.60419464111328,0.08173370361328125,0.3351898193359375,0.60052490234375,0.6822586059570312,9.176427125930786,0.6874833106994629,23.27651035785675,0.16421842575073242,0.7439684867858887,0.6275291442871094,0.7917475700378418
128,grounded,67,0.79052734375,25.407018184661865,0.9579284191131592,59.765862584114075,0.022261381149291992,0.03895533084869385,0.9500620365142822,0.9723234176635742,23.95739883184433,0.9158275127410889,53.49049150943756,0.02258777618408203,0.18399250507354736,0.9092135429382324,0.9318013191223145,23.389001607894897,0.9071767330169678,50.83075940608978,0.0,0.0,0.0,0.0,4.613315582275391,0.46448326110839844,11.893835067749023,0.0,0.0,0.0,0.0,3.3807506561279297,0.3597602844238281,8.39920961856842,0.0,0.0,0.0,0.0,4.353694915771484,0.3688163757324219,10.95294189453125,0.0,0.0,0.0,0.0,6.968515396118164,0.4337787628173828,15.688826084136963,0.0,0.0,0.0,0.0,7.67871618270874,0.4773750305175781,17.64356243610382,0.0,0.0,0.0,0.0,9.442785263061523,0.533050537109375,21.415634393692017,0.0,0.0,0.0,0.0,13.145764350891113,0.6882419586181641,31.690512657165527,0.0,0.0,0.0,0.0,13.816441774368286,0.6658840179443359,31.183024644851685,0.0,0.0,0.0,0.0,13.67142540216446,0.6770505905151367,30.091385424137115,0.0,0.0,0.0,0.0,15.707920908927917,0.7953319549560547,35.762004256248474,0.0,0.0,0.0,0.0,15.555830478668213,0.7517938613891602,34.918413162231445,0.0,0.0,0.0,0.0,17.093119025230408,0.7779022455215454,36.80335032939911,0.0,0.0,0.0,0.0,15.400043249130249,0.7193386554718018,33.39538526535034,0.0,0.0,0.0,0.0,14.540867269039154,0.7161047458648682,31.894078075885773,0.0,0.0,0.0,0.0,13.362611591815948,0.6580028533935547,29.153243839740753,0.0,0.0,0.0,0.0,13.288950800895691,0.6946330070495605,28.821694135665894,0.0,0.0,0.0,0.0,11.833071827888489,0.6302661895751953,27.072422862052917,0.017251014709472656,0.017251014709472656,0.5812778472900391,0.5985288619995117,11.314960241317749,0.6005048751831055,27.019651472568512,0.07809066772460938,0.34198713302612305,0.6041679382324219,0.6822586059570312,12.68519127368927,0.7553006410598755,30.361169695854187,0.19235944747924805,0.8349449634552002,0.5993881225585938,0.7917475700378418
128,hallucinated,59,0.76611328125,17.772996425628662,0.9524707794189453,52.13184082508087,0.022261381149291992,0.03529369831085205,0.9500620365142822,0.9723234176635742,16.72880393266678,0.9077033996582031,46.261889696121216,0.020612239837646484,0.0697258710861206,0.866013765335083,0.8866260051727295,16.097862541675568,0.8853063583374023,43.53958147764206,0.0,0.0,0.0,0.0,3.140277862548828,0.4644641876220703,10.420785903930664,0.0,0.0,0.0,0.0,2.2772092819213867,0.3597278594970703,7.2956167459487915,0.0,0.0,0.0,0.0,2.995664596557617,0.36893463134765625,9.594797134399414,0.0,0.0,0.0,0.0,4.957772254943848,0.43401527404785156,13.67808198928833,0.0,0.0,0.0,0.0,5.392467021942139,0.477294921875,15.357324719429016,0.0,0.0,0.0,0.0,6.486564636230469,0.533050537109375,18.459547996520996,0.0,0.0,0.0,0.0,9.315728187561035,0.6883425712585449,27.860479831695557,0.0,0.0,0.0,0.0,9.7682044506073,0.647331714630127,27.134609937667847,0.0,0.0,0.0,0.0,9.63413393497467,0.6613979339599609,26.053958535194397,0.0,0.0,0.0,0.0,11.08111321926117,0.7744441032409668,31.13500964641571,0.0,0.0,0.0,0.0,11.043113708496094,0.7518081665039062,30.40519380569458,0.0,0.0,0.0,0.0,12.234341621398926,0.790346622467041,31.94441843032837,0.0,0.0,0.0,0.0,10.808560490608215,0.6905274391174316,28.804015278816223,0.0,0.0,0.0,0.0,10.382280051708221,0.7160968780517578,27.735532343387604,0.0,0.0,0.0,0.0,9.49119782447815,0.683682918548584,25.28179383277893,0.0,0.0,0.0,0.0,9.44675987958908,0.7019844055175781,24.979588627815247,0.0,0.0,0.0,0.0,8.16800570487976,0.630650520324707,23.40773630142212,0.01733112335205078,0.01733112335205078,0.5811977386474609,0.5985288619995117,7.907625913619995,0.6052501201629639,23.612105429172516,0.07796859741210938,0.3417325019836426,0.6042900085449219,0.6822586059570312,8.775854170322418,0.7107841968536377,26.452044308185577,0.19246435165405273,0.8349072933197021,0.5992832183837891,0.7917475700378418
129,grounded,53,0.78515625,16.85911911725998,0.951982855796814,46.510066628456116,0.026223063468933105,0.032398104667663574,0.9413397312164307,0.9675627946853638,15.911807358264923,0.9226257801055908,41.52529937028885,0.027680158615112305,0.10117864608764648,0.8502840995788574,0.8779642581939697,15.422522068023682,0.896679162979126,39.1951858997345,0.0,0.0,0.0,0.0,3.1266555786132812,0.45426177978515625,9.371788024902344,0.0,0.0,0.0,0.0,2.0791168212890625,0.35532569885253906,6.317789077758789,0.0,0.0,0.0,0.0,2.863637924194336,0.37372589111328125,8.389566421508789,0.0,0.0,0.0,0.0,4.601930618286133,0.43167877197265625,12.03432559967041,0.0,0.0,0.0,0.0,5.139886498451233,0.47821044921875,13.735674142837524,0.0,0.0,0.0,0.0,6.549753189086914,0.533050537109375,16.88053870201111,0.0,0.0,0.0,0.0,9.261465072631836,0.6874370574951172,25.584142684936523,0.0,0.0,0.0,0.0,9.902121543884277,0.6123886108398438,25.028791427612305,0.0,0.0,0.0,0.0,10.025148093700409,0.6623954772949219,24.50163334608078,0.0,0.0,0.0,0.0,11.382533550262451,0.839130163192749,28.694899797439575,0.0,0.0,0.0,0.0,11.244280815124512,0.7312226295471191,27.807727813720703,0.0,0.0,0.0,0.0,12.388419151306152,0.7594461441040039,29.485865592956543,0.0,0.0,0.0,0.0,11.036688566207886,0.6859114170074463,26.43911576271057,0.0,0.0,0.0,0.0,10.817430675029755,0.6919153332710266,25.856150329113007,0.0,0.0,0.0,0.0,9.798980712890625,0.6246743202209473,23.95831871032715,0.0,0.0,0.0,0.0,9.738332748413086,0.6922445297241211,23.58432626724243,0.0,0.0,0.0,0.0,8.88863468170166,0.6190719604492188,22.36847758293152,0.0038309097290039062,0.0038309097290039062,0.5946979522705078,0.5985288619995117,8.593218803405762,0.6297683715820312,22.47869563102722,0.0826425552368164,0.3258671760559082,0.5996160507202148,0.6822586059570312,9.589154720306396,0.7263612747192383,25.017335891723633,0.17694616317749023,0.7668318748474121,0.6148014068603516,0.7917475700378418
129,hallucinated,54,0.7890625,17.815119862556458,0.951982855796814,47.466067373752594,0.026223063468933105,0.032398104667663574,0.9413397312164307,0.9675627946853638,16.811153829097748,0.9226257801055908,42.424645841121674,0.027680158615112305,0.10307478904724121,0.8502840995788574,0.8779642581939697,16.255821228027344,0.896679162979126,40.02848505973816,0.0,0.0,0.0,0.0,3.2789154052734375,0.45426177978515625,9.5240478515625,0.0,0.0,0.0,0.0,2.1653060913085938,0.35532569885253906,6.40397834777832,0.0,0.0,0.0,0.0,2.9856624603271484,0.37372589111328125,8.511590957641602,0.0,0.0,0.0,0.0,4.802499771118164,0.43167877197265625,12.234894752502441,0.0,0.0,0.0,0.0,5.325578331947327,0.47821044921875,13.921365976333618,0.0,0.0,0.0,0.0,6.837526321411133,0.533050537109375,17.168311834335327,0.0,0.0,0.0,0.0,9.680414199829102,0.6874370574951172,26.00309181213379,0.0,0.0,0.0,0.0,10.354670524597168,0.6123886108398438,25.481340408325195,0.0,0.0,0.0,0.0,10.388196647167206,0.6623954772949219,24.864681899547577,0.0,0.0,0.0,0.0,11.858710765838623,0.839130163192749,29.171077013015747,0.0,0.0,0.0,0.0,11.76677417755127,0.7312226295471191,28.33022117614746,0.0,0.0,0.0,0.0,12.915760040283203,0.7594461441040039,30.013206481933594,0.0,0.0,0.0,0.0,11.484061002731323,0.6859114170074463,26.88648819923401,0.0,0.0,0.0,0.0,11.202219188213348,0.6919153332710266,26.2409388422966,0.0,0.0,0.0,0.0,10.154499053955078,0.6246743202209473,24.3138370513916,0.0,0.0,0.0,0.0,10.092862606048584,0.6922445297241211,23.93885612487793,0.0,0.0,0.0,0.0,9.214119911193848,0.6190719604492188,22.693962812423706,0.0038309097290039062,0.0038309097290039062,0.5946979522705078,0.5985288619995117,8.886817932128906,0.6297683715820312,22.772294759750366,0.0826425552368164,0.3258671760559082,0.5996160507202148,0.6822586059570312,9.883912563323975,0.7263612747192383,25.31209373474121,0.17694616317749023,0.7668318748474121,0.6148014068603516,0.7917475700378418
130,grounded,53,0.78173828125,17.804074108600616,0.9502784609794617,46.565114080905914,0.014117121696472168,0.016276776790618896,0.9495038986206055,0.9636210203170776,16.657428860664368,0.9093709588050842,40.88349211215973,0.012759208679199219,0.06146061420440674,0.8913670778274536,0.9041262865066528,15.906703233718872,0.8730325698852539,38.264105558395386,0.0,0.0,0.0,0.0,2.9991531372070312,0.4429645538330078,8.952306747436523,0.0,0.0,0.0,0.0,2.202655792236328,0.35542869567871094,6.439752817153931,0.0,0.0,0.0,0.0,2.6733856201171875,0.37986183166503906,8.025087356567383,0.0,0.0,0.0,0.0,4.215705871582031,0.4357147216796875,11.273333668708801,0.0,0.0,0.0,0.0,5.14173686504364,0.4684715270996094,13.350225925445557,0.0,0.0,0.0,0.0,6.613570213317871,0.533050537109375,16.62600588798523,0.0,0.0,0.0,0.0,9.427846908569336,0.6956329345703125,25.099358558654785,0.0,0.0,0.0,0.0,10.190569877624512,0.6335535049438477,24.917113304138184,0.0,0.0,0.0,0.0,9.78751915693283,0.6653461456298828,23.420522391796112,0.0,0.0,0.0,0.0,11.359379291534424,0.7523808479309082,28.052804708480835,0.0,0.0,0.0,0.0,11.835654735565186,0.7466835975646973,27.8937087059021,0.0,0.0,0.0,0.0,11.88452959060669,0.7123427391052246,28.30454921722412,0.0,0.0,0.0,0.0,11.282223463058472,0.6861543655395508,26.321773409843445,0.0,0.0,0.0,0.0,10.676074981689453,0.647064208984375,25.020183086395264,0.0,0.0,0.0,0.0,10.264521598815918,0.6515188217163086,23.827448844909668,0.0,0.0,0.0,0.0,9.66324496269226,0.7247800827026367,23.27340829372406,0.0,0.0,0.0,0.0,8.787922620773315,0.6191508769989014,21.890981078147888,0.014271736145019531,0.014271736145019531,0.5842571258544922,0.5985288619995117,8.266803503036499,0.6092805862426758,21.78053629398346,0.07229232788085938,0.32964563369750977,0.6099662780761719,0.6822586059570312,8.540796279907227,0.7053976058959961,23.301041960716248,0.1951899528503418,0.8230953216552734,0.5965576171875,0.7917475700378418
130,hallucinated,54,0.7900390625,18.72175031900406,0.9529048204421997,47.48279029130936,0.014117121696472168,0.016276776790618896,0.9495038986206055,0.9636210203170776,17.5295347571373,0.9002007246017456,41.751374661922455,0.009004950523376465,0.027674496173858643,0.8951213359832764,0.9041262865066528,16.743829250335693,0.8641049861907959,39.10618782043457,0.0,0.0,0.0,0.0,3.4370498657226562,0.4429645538330078,9.390203475952148,0.0,0.0,0.0,0.0,2.4834060668945312,0.35542869567871094,6.720503091812134,0.0,0.0,0.0,0.0,3.088275909423828,0.37986183166503906,8.439977645874023,0.0,0.0,0.0,0.0,4.738283157348633,0.4357147216796875,11.795910954475403,0.0,0.0,0.0,0.0,5.3429553508758545,0.4684715270996094,13.551444411277771,0.0,0.0,0.0,0.0,6.997281074523926,0.533050537109375,17.009716749191284,0.0,0.0,0.0,0.0,9.674551010131836,0.6956329345703125,25.346062660217285,0.0,0.0,0.0,0.0,10.565314292907715,0.6155767440795898,25.291857719421387,0.0,0.0,0.0,0.0,10.025173783302307,0.6653461456298828,23.65817701816559,0.0,0.0,0.0,0.0,11.556795001029968,0.7523808479309082,28.25022041797638,0.0,0.0,0.0,0.0,11.921969890594482,0.723508358001709,27.980023860931396,0.0,0.0,0.0,0.0,12.327682971954346,0.7348670959472656,28.747702598571777,0.0,0.0,0.0,0.0,11.333993554115295,0.6948086023330688,26.37354350090027,0.0,0.0,0.0,0.0,10.92338901758194,0.6477293968200684,25.26749712228775,0.0,0.0,0.0,0.0,10.225913524627686,0.6494989395141602,23.788840770721436,0.0,0.0,0.0,0.0,9.598544836044312,0.7243213653564453,23.20870816707611,0.0,0.0,0.0,0.0,8.802709579467773,0.6046664714813232,21.905768036842346,0.014271736145019531,0.014271736145019531,0.5842571258544922,0.5985288619995117,8.3556969165802,0.6092805862426758,21.86942970752716,0.07229232788085938,0.32964563369750977,0.6099662780761719,0.6822586059570312,8.647891998291016,0.7053976058959961,23.408137679100037,0.1951899528503418,0.8016242980957031,0.5965576171875,0.7917475700378418
131,grounded,48,0.76904296875,14.987535655498505,0.9501494765281677,41.82458448410034,0.02094811201095581,0.028994619846343994,0.9389159679412842,0.95986407995224,13.987453401088715,0.8964748382568359,36.51773798465729,0.021182537078857422,0.07129603624343872,0.8375077247619629,0.8586902618408203,13.085669815540314,0.8582611083984375,33.56849843263626,0.0,0.0,0.0,0.0,2.5190811157226562,0.43541526794433594,7.989896774291992,0.0,0.0,0.0,0.0,1.9388961791992188,0.35839080810546875,5.88674521446228,0.0,0.0,0.0,0.0,2.2923011779785156,0.36847877502441406,7.268754959106445,0.0,0.0,0.0,0.0,3.749969482421875,0.4444713592529297,10.689173340797424,0.0,0.0,0.0,0.0,4.650329351425171,0.4777641296386719,12.744451880455017,0.0,0.0,0.0,0.0,5.243288040161133,0.533050537109375,14.397966861724854,0.0,0.0,0.0,0.0,7.746453285217285,0.692145824432373,22.539437770843506,0.0,0.0,0.0,0.0,8.737688064575195,0.6159629821777344,22.493332862854004,0.0,0.0,0.0,0.0,8.767022550106049,0.690521240234375,21.80765289068222,0.0,0.0,0.0,0.0,10.285530805587769,0.7739982604980469,26.285842657089233,0.0,0.0,0.0,0.0,10.438941717147827,0.7460052967071533,25.631659507751465,0.0,0.0,0.0,0.0,10.895622253417969,0.7519528865814209,26.40558385848999,0.0,0.0,0.0,0.0,9.830825507640839,0.7168121337890625,24.070943534374237,0.0,0.0,0.0,0.0,9.309293568134308,0.7119123935699463,22.864758551120758,0.0,0.0,0.0,0.0,8.673789381980896,0.6615285873413086,21.512640357017517,0.0,0.0,0.0,0.0,8.827006220817566,0.657381534576416,21.55774289369583,0.0,0.0,0.0,0.0,7.877995014190674,0.6185359954833984,20.20748996734619,0.006379127502441406,0.010286331176757812,0.5921497344970703,0.5985288619995117,7.510244369506836,0.6086597442626953,20.32270920276642,0.07731246948242188,0.3510622978210449,0.6049461364746094,0.6822586059570312,8.018803596496582,0.6550102233886719,22.13763427734375,0.1874842643737793,0.8906900882720947,0.6042633056640625,0.7917475700378418
131,hallucinated,46,0.771484375,13.069479584693909,0.9489262700080872,39.906528413295746,0.02094811201095581,0.026936352252960205,0.9389159679412842,0.95986407995224,12.177236020565033,0.9087916612625122,34.700507044792175,0.021182537078857422,0.04735380411148071,0.8375077247619629,0.8586902618408203,11.354948043823242,0.8573493957519531,31.844687938690186,0.0,0.0,0.0,0.0,2.2932205200195312,0.43541526794433594,7.764036178588867,0.0,0.0,0.0,0.0,1.8090267181396484,0.35839080810546875,5.75687575340271,0.0,0.0,0.0,0.0,2.122983932495117,0.36847877502441406,7.099437713623047,0.0,0.0,0.0,0.0,3.541423797607422,0.4444713592529297,10.480627655982971,0.0,0.0,0.0,0.0,4.084489345550537,0.4777641296386719,12.178611874580383,0.0,0.0,0.0,0.0,4.843595504760742,0.533050537109375,13.998274326324463,0.0,0.0,0.0,0.0,6.987213134765625,0.692145824432373,21.780197620391846,0.0,0.0,0.0,0.0,7.8526787757873535,0.6022052764892578,21.608323574066162,0.0,0.0,0.0,0.0,7.675242722034454,0.6728286743164062,20.715873062610626,0.0,0.0,0.0,0.0,9.04901897907257,0.7560567855834961,25.049330830574036,0.0,0.0,0.0,0.0,8.973250389099121,0.7467880249023438,24.16596817970276,0.0,0.0,0.0,0.0,9.600091457366943,0.7828011512756348,25.110053062438965,0.0,0.0,0.0,0.0,8.656542658805847,0.6896927356719971,22.896660685539246,0.0,0.0,0.0,0.0,8.266115069389343,0.6899223327636719,21.821580052375793,0.0,0.0,0.0,0.0,7.6406090259552,0.6558094024658203,20.47946000099182,0.0,0.0,0.0,0.0,7.721212685108185,0.6936452984809875,20.45194935798645,0.0,0.0,0.0,0.0,6.901301383972168,0.6188373565673828,19.230796337127686,0.003907203674316406,0.003907203674316406,0.5946216583251953,0.5985288619995117,6.637905240058899,0.6119441986083984,19.45037007331848,0.07731246948242188,0.3489718437194824,0.6049461364746094,0.6822586059570312,7.035482406616211,0.6550102233886719,21.15431308746338,0.1874842643737793,0.7695624828338623,0.6042633056640625,0.7917475700378418
132,grounded,71,0.7890625,29.19823843240738,0.9594444036483765,63.573413252830505,0.020619630813598633,0.04626297950744629,0.9527955055236816,0.9734151363372803,27.65642660856247,0.9231356382369995,57.159505128860474,0.026364624500274658,0.18421798944473267,0.8558654189109802,0.8822300434112549,26.949917197227478,0.9089077115058899,54.55867838859558,0.0012063384056091309,0.0012063384056091309,0.9173586368560791,0.9185649752616882,5.277862548828125,0.4554328918457031,12.455238342285156,0.0,0.0,0.0,0.0,3.4131851196289062,0.3569374084472656,8.015872359275818,0.0,0.0,0.0,0.0,4.599605560302734,0.371734619140625,10.52276611328125,0.0,0.0,0.0,0.0,7.670707702636719,0.4387044906616211,16.447261929512024,0.0,0.0,0.0,0.0,9.73755693435669,0.4876861572265625,20.00519096851349,0.0,0.0,0.0,0.0,11.464964866638184,0.533050537109375,23.992876052856445,0.0,0.0,0.0,0.0,15.426894187927246,0.7306194305419922,34.599223136901855,0.0,0.0,0.0,0.0,16.846158981323242,0.6823959350585938,35.41329860687256,0.0,0.0,0.0,0.0,16.395158767700195,0.743736743927002,33.55565071105957,0.0,0.0,0.0,0.0,19.55750685930252,0.8451938629150391,39.8793722987175,0.0,0.0,0.0,0.0,18.523418426513672,0.7671256065368652,38.46823215484619,0.0,0.0,0.0,0.0,20.484704613685608,0.8142008781433105,41.140166878700256,0.0,0.0,0.0,0.0,17.49450421333313,0.7342691421508789,35.56251788139343,0.0,0.0,0.0,0.0,16.253320634365082,0.6898674964904785,33.69635361433029,0.0,0.0,0.0,0.0,15.342832565307617,0.6635684967041016,31.464791297912598,0.0,0.0,0.0,0.0,14.866724491119385,0.6993240118026733,30.379590094089508,0.0,0.0,0.0,0.0,13.40674376487732,0.6236155033111572,28.176702737808228,0.0,0.0,0.0,0.0,12.67121970653534,0.6448893547058105,28.42156422138214,0.06061410903930664,0.26479482650756836,0.6216444969177246,0.6822586059570312,14.274588823318481,0.7775216102600098,31.453784704208374,0.16158056259155273,0.8494381904602051,0.6301670074462891,0.7917475700378418
132,hallucinated,65,0.7919921875,23.50659340620041,0.956673264503479,57.881768226623535,0.020619630813598633,0.03703761100769043,0.9527955055236816,0.9734151363372803,22.1811243891716,0.9089615345001221,51.684202909469604,0.03410518169403076,0.1719840168952942,0.9044167995452881,0.9385219812393188,21.70895802974701,0.9089077115058899,49.31771922111511,0.0012063384056091309,0.0012063384056091309,0.9173586368560791,0.9185649752616882,4.558757781982422,0.4554328918457031,11.736133575439453,0.0,0.0,0.0,0.0,2.929645538330078,0.3569374084472656,7.53233277797699,0.0,0.0,0.0,0.0,3.732499122619629,0.371734619140625,9.655659675598145,0.0,0.0,0.0,0.0,6.503684997558594,0.4387044906616211,15.280239224433899,0.0,0.0,0.0,0.0,8.164677143096924,0.4876861572265625,18.432311177253723,0.0,0.0,0.0,0.0,9.619723320007324,0.533050537109375,22.147634506225586,0.0,0.0,0.0,0.0,12.552654266357422,0.7306194305419922,31.72498321533203,0.0,0.0,0.0,0.0,13.81954574584961,0.6823959350585938,32.386685371398926,0.0,0.0,0.0,0.0,13.340332508087158,0.7053565979003906,30.500824451446533,0.0,0.0,0.0,0.0,16.296482920646667,0.8451938629150391,36.618348360061646,0.0,0.0,0.0,0.0,15.342129230499268,0.7671256065368652,35.28694295883179,0.0,0.0,0.0,0.0,17.4625643491745,0.8142008781433105,38.11802661418915,0.0,0.0,0.0,0.0,14.933603525161743,0.7342691421508789,33.001617193222046,0.0,0.0,0.0,0.0,13.807258546352386,0.6898674964904785,31.250291526317596,0.0,0.0,0.0,0.0,12.984468460083008,0.6635684967041016,29.10642719268799,0.0,0.0,0.0,0.0,12.732168674468994,0.6993240118026733,28.245034277439117,0.0,0.0,0.0,0.0,11.548314809799194,0.6236155033111572,26.318273782730103,0.0,0.0,0.0,0.0,10.979670405387878,0.6448893547058105,26.73001492023468,0.06061410903930664,0.26479482650756836,0.6216444969177246,0.6822586059570312,12.495932817459106,0.7775216102600098,29.675128698349,0.16158056259155273,0.7717599868774414,0.6301670074462891,0.7917475700378418
133,grounded,46,0.76708984375,15.865484952926636,0.9556183815002441,39.88303154706955,0.017052769660949707,0.025233745574951172,0.9381422996520996,0.9551950693130493,14.548699617385864,0.8864126205444336,34.324490547180176,0.012504875659942627,0.044507741928100586,0.8814926147460938,0.8939974904060364,13.283605813980103,0.8581693172454834,31.180134177207947,0.0,0.0,0.0,0.0,2.2574691772460938,0.43485260009765625,6.965484619140625,0.0,0.0,0.0,0.0,1.8608894348144531,0.3509101867675781,5.426333904266357,0.0,0.0,0.0,0.0,2.4264888763427734,0.3814373016357422,6.9318695068359375,0.0,0.0,0.0,0.0,3.9361209869384766,0.4391002655029297,10.05692446231842,0.0,0.0,0.0,0.0,4.515125274658203,0.476165771484375,11.712317109107971,0.0,0.0,0.0,0.0,5.747716903686523,0.533050537109375,14.264129638671875,0.0,0.0,0.0,0.0,7.799093246459961,0.6871871948242188,20.847420692443848,0.0,0.0,0.0,0.0,8.784990310668945,0.6192998886108398,20.770194053649902,0.0,0.0,0.0,0.0,7.940145492553711,0.6546115875244141,19.374767303466797,0.0,0.0,0.0,0.0,9.502369165420532,0.7447052001953125,23.230721712112427,0.0,0.0,0.0,0.0,9.25393271446228,0.7092704772949219,22.317790269851685,0.0,0.0,0.0,0.0,9.697001457214355,0.7171497344970703,22.934175968170166,0.0,0.0,0.0,0.0,8.267571330070496,0.6214656829833984,20.581896662712097,0.0,0.0,0.0,0.0,8.216845631599426,0.6151065826416016,20.353709936141968,0.0,0.0,0.0,0.0,7.460944414138794,0.5882320404052734,18.6396381855011,0.019840240478515625,0.019840240478515625,0.5664863586425781,0.5863265991210938,6.848114371299744,0.6605415344238281,17.94777649641037,0.0,0.0,0.0,0.0,6.512489318847656,0.5960030555725098,17.2496395111084,0.02431011199951172,0.04327583312988281,0.57421875,0.5985288619995117,6.428988456726074,0.60784912109375,17.708802700042725,0.06061410903930664,0.2708611488342285,0.6216444969177246,0.6822586059570312,6.56435489654541,0.6460361480712891,18.782941579818726,0.20369291305541992,0.8617458343505859,0.5880546569824219,0.7917475700378418
133,hallucinated,43,0.75244140625,12.987859785556793,0.9429323673248291,37.00540637969971,0.017052769660949707,0.025233745574951172,0.9381422996520996,0.9551950693130493,11.9411119222641,0.8791714906692505,31.71690285205841,0.012504875659942627,0.05036979913711548,0.8814926147460938,0.8939974904060364,10.985354244709015,0.8570079803466797,28.88188260793686,0.0,0.0,0.0,0.0,1.8865890502929688,0.43485260009765625,6.5946044921875,0.0,0.0,0.0,0.0,1.5223274230957031,0.3509101867675781,5.087771892547607,0.0,0.0,0.0,0.0,2.080512046813965,0.3814373016357422,6.585892677307129,0.0,0.0,0.0,0.0,3.176959991455078,0.4391002655029297,9.297763466835022,0.0,0.0,0.0,0.0,3.714702606201172,0.476165771484375,10.91189444065094,0.0,0.0,0.0,0.0,4.752828598022461,0.533050537109375,13.269241333007812,0.0,0.0,0.0,0.0,6.388856887817383,0.6871871948242188,19.43718433380127,0.0,0.0,0.0,0.0,7.194762229919434,0.6224536895751953,19.17996597290039,0.0,0.0,0.0,0.0,6.6062493324279785,0.6546115875244141,18.040871143341064,0.0,0.0,0.0,0.0,7.632506608963013,0.7447052001953125,21.360859155654907,0.0,0.0,0.0,0.0,7.809533596038818,0.7092704772949219,20.873391151428223,0.0,0.0,0.0,0.0,8.080748558044434,0.7360820770263672,21.317923069000244,0.0,0.0,0.0,0.0,6.898725271224976,0.6214656829833984,19.213050603866577,0.0,0.0,0.0,0.0,6.919715642929077,0.6151065826416016,19.05657994747162,0.0,0.0,0.0,0.0,6.295023441314697,0.5882320404052734,17.473717212677002,0.019840240478515625,0.019840240478515625,0.5664863586425781,0.5863265991210938,5.88585364818573,0.6500706672668457,16.985515773296356,0.0,0.0,0.0,0.0,5.472322463989258,0.5960030555725098,16.20947265625,0.02431011199951172,0.04327583312988281,0.57421875,0.5985288619995117,5.416910648345947,0.60784912109375,16.696724891662598,0.06061410903930664,0.2708611488342285,0.6216444969177246,0.6822586059570312,5.590500354766846,0.6460361480712891,17.80908703804016,0.20369291305541992,0.8617458343505859,0.5880546569824219,0.7917475700378418
134,grounded,57,0.79345703125,18.77939462661743,0.9530553817749023,50.31061494350433,0.01901555061340332,0.023463726043701172,0.9483578205108643,0.9673733711242676,17.450380563735962,0.9228115677833557,43.89623826742172,0.025328874588012695,0.0815930962562561,0.8517321348190308,0.8770610094070435,16.60623550415039,0.8806567192077637,40.48015522956848,0.0,0.0,0.0,0.0,3.078662872314453,0.44792747497558594,9.002424240112305,0.0,0.0,0.0,0.0,2.0876312255859375,0.3604717254638672,6.3903995752334595,0.0,0.0,0.0,0.0,3.004741668701172,0.3901529312133789,8.582291603088379,0.0,0.0,0.0,0.0,4.985640525817871,0.4435434341430664,12.889501929283142,0.0,0.0,0.0,0.0,5.261417627334595,0.4845466613769531,13.963461756706238,0.0,0.0,0.0,0.0,6.985294342041016,0.533050537109375,17.64297890663147,0.0,0.0,0.0,0.0,9.437692642211914,0.6965384483337402,26.037556648254395,0.0,0.0,0.0,0.0,10.63016414642334,0.6634540557861328,26.55469036102295,0.0,0.0,0.0,0.0,9.977896571159363,0.6645050048828125,24.507820963859558,0.0,0.0,0.0,0.0,11.90586405992508,0.756422758102417,29.467067778110504,0.0,0.0,0.0,0.0,11.63713264465332,0.7326412200927734,28.480103492736816,0.0,0.0,0.0,0.0,13.027592420578003,0.7714588642120361,30.335421323776245,0.0,0.0,0.0,0.0,11.31337022781372,0.6746258735656738,27.33058798313141,0.0,0.0,0.0,0.0,11.060747385025024,0.684951901435852,26.854378819465637,0.0,0.0,0.0,0.0,10.315998554229736,0.6522576808929443,24.39138412475586,0.008737564086914062,0.008737564086914062,0.5775890350341797,0.5863265991210938,9.506424307823181,0.7027636766433716,23.1392982006073,0.0,0.0,0.0,0.0,8.6749849319458,0.5985870361328125,22.040385365486145,0.025046348571777344,0.025046348571777344,0.5734825134277344,0.5985288619995117,8.317851543426514,0.6246752738952637,22.255372524261475,0.06061410903930664,0.29311323165893555,0.6216444969177246,0.6822586059570312,9.237565994262695,0.6745877265930176,24.428446054458618,0.20824575424194336,0.8659341335296631,0.5835018157958984,0.7917475700378418
134,hallucinated,57,0.7939453125,18.775262475013733,0.9530553817749023,50.306482791900635,0.01901555061340332,0.023463726043701172,0.9483578205108643,0.9673733711242676,17.435775756835938,0.9228115677833557,43.8816334605217,0.025328874588012695,0.0815930962562561,0.8517321348190308,0.8770610094070435,16.579201459884644,0.8806567192077637,40.453121185302734,0.0,0.0,0.0,0.0,3.0708045959472656,0.44792747497558594,8.994565963745117,0.0,0.0,0.0,0.0,2.0996475219726562,0.3604717254638672,6.402415871620178,0.0,0.0,0.0,0.0,3.0275001525878906,0.3901529312133789,8.605050086975098,0.0,0.0,0.0,0.0,4.983832359313965,0.4435434341430664,12.887693762779236,0.0,0.0,0.0,0.0,5.284198045730591,0.4845466613769531,13.986242175102234,0.0,0.0,0.0,0.0,6.920955657958984,0.533050537109375,17.57864022254944,0.0,0.0,0.0,0.0,9.468027114868164,0.6965384483337402,26.067891120910645,0.0,0.0,0.0,0.0,10.706988334655762,0.6634540557861328,26.63151454925537,0.0,0.0,0.0,0.0,9.962081789970398,0.6645050048828125,24.492006182670593,0.0,0.0,0.0,0.0,11.917966187000275,0.756422758102417,29.4791699051857,0.0,0.0,0.0,0.0,11.669370651245117,0.7326412200927734,28.512341499328613,0.0,0.0,0.0,0.0,13.102278470993042,0.7714588642120361,30.410107374191284,0.0,0.0,0.0,0.0,11.344394207000732,0.6746258735656738,27.36161196231842,0.0,0.0,0.0,0.0,11.104681253433228,0.684951901435852,26.89831268787384,0.0,0.0,0.0,0.0,10.410139560699463,0.6522576808929443,24.485525131225586,0.008737564086914062,0.008737564086914062,0.5775890350341797,0.5863265991210938,9.5728040933609,0.7027636766433716,23.20567798614502,0.0,0.0,0.0,0.0,8.699234008789062,0.5985870361328125,22.064634442329407,0.025046348571777344,0.025046348571777344,0.5734825134277344,0.5985288619995117,8.304893016815186,0.6246752738952637,22.242413997650146,0.06061410903930664,0.29311323165893555,0.6216444969177246,0.6822586059570312,9.203706741333008,0.6745877265930176,24.39458680152893,0.20824575424194336,0.8659341335296631,0.5835018157958984,0.7917475700378418
135,grounded,71,0.7958984375,25.452719390392303,0.9604877233505249,63.64024883508682,0.02033412456512451,0.029574930667877197,0.9540143609046936,0.9743484854698181,23.9255952835083,0.9106565117835999,56.68554610013962,0.024958252906799316,0.09616261720657349,0.9171527624130249,0.9421110153198242,23.734174251556396,0.916038453578949,54.27434957027435,0.00766301155090332,0.0083237886428833,0.9168441295623779,0.9245071411132812,4.909770965576172,0.46291542053222656,12.970052719116211,0.0,0.0,0.0,0.0,3.5892677307128906,0.3556709289550781,8.858284831047058,0.0,0.0,0.0,0.0,4.601341247558594,0.3708362579345703,11.462617874145508,0.0,0.0,0.0,0.0,7.9237823486328125,0.4333810806274414,17.906386017799377,0.0,0.0,0.0,0.0,9.442119896411896,0.4943580627441406,21.35775464773178,0.0,0.0,0.0,0.0,10.493247032165527,0.533050537109375,24.384110927581787,0.0,0.0,0.0,0.0,14.503137588500977,0.733222484588623,36.168010234832764,0.0,0.0,0.0,0.0,15.64367949962616,0.673192024230957,36.85476243495941,0.0,0.0,0.0,0.0,16.22280925512314,0.7766599655151367,35.87073463201523,0.0,0.0,0.0,0.0,18.060468435287476,0.8180475234985352,41.57018518447876,0.0,0.0,0.0,0.0,17.234138011932373,0.7730746269226074,40.60044479370117,0.0,0.0,0.0,0.0,19.19256889820099,0.8217874765396118,41.99558889865875,0.0,0.0,0.0,0.0,17.193136155605316,0.7179532051086426,37.55160611867905,0.0,0.0,0.0,0.0,16.056264340877533,0.7044086456298828,35.73944818973541,0.0,0.0,0.0,0.0,15.517858862876892,0.6835145950317383,34.39581620693207,0.0,0.0,0.0,0.0,15.33804714679718,0.6887989044189453,34.100694715976715,0.0,0.0,0.0,0.0,14.334585666656494,0.6582742929458618,32.26910960674286,0.0,0.0,0.0,0.0,13.08852207660675,0.6343307495117188,31.353001475334167,0.06061410903930664,0.23890066146850586,0.6216444969177246,0.6822586059570312,14.300477266311646,0.7739973068237305,35.076170206069946,0.1712794303894043,0.7163610458374023,0.6204681396484375,0.7917475700378418
135,hallucinated,73,0.79736328125,27.35210156440735,0.9604877233505249,65.53963100910187,0.02033412456512451,0.03418523073196411,0.9540143609046936,0.9743484854698181,25.731024980545044,0.9103582501411438,58.49097579717636,0.03422266244888306,0.1224600076675415,0.9078883528709412,0.9421110153198242,25.481425046920776,0.916038453578949,56.02160036563873,0.00766301155090332,0.0083237886428833,0.9168441295623779,0.9245071411132812,5.099994659423828,0.46291542053222656,13.160276412963867,0.0,0.0,0.0,0.0,3.7593421936035156,0.3556709289550781,9.028359293937683,0.0,0.0,0.0,0.0,4.755912780761719,0.3708362579345703,11.617189407348633,0.0,0.0,0.0,0.0,8.443336486816406,0.4333810806274414,18.42594015598297,0.0,0.0,0.0,0.0,9.87733107805252,0.4943580627441406,21.792965829372406,0.0,0.0,0.0,0.0,11.073607444763184,0.533050537109375,24.964471340179443,0.0,0.0,0.0,0.0,15.348133087158203,0.733222484588623,37.01300573348999,0.0,0.0,0.0,0.0,16.55488097667694,0.673192024230957,37.76596391201019,0.0,0.0,0.0,0.0,17.021736562252045,0.7766599655151367,36.669661939144135,0.0,0.0,0.0,0.0,19.040218114852905,0.8180475234985352,42.54993486404419,0.0,0.0,0.0,0.0,18.285289764404297,0.7730746269226074,41.651596546173096,0.0,0.0,0.0,0.0,20.32267725467682,0.8217874765396118,43.12569725513458,0.0,0.0,0.0,0.0,18.154662311077118,0.7179532051086426,38.51313227415085,0.0,0.0,0.0,0.0,16.938128888607025,0.7044086456298828,36.621312737464905,0.0,0.0,0.0,0.0,16.344005942344666,0.6835145950317383,35.22196328639984,0.0,0.0,0.0,0.0,16.193736672401428,0.6887989044189453,34.95638424158096,0.0,0.0,0.0,0.0,15.060694217681885,0.6582742929458618,32.99521815776825,0.0,0.0,0.0,0.0,13.829476475715637,0.6343307495117188,32.093955874443054,0.06061410903930664,0.23890066146850586,0.6216444969177246,0.6822586059570312,14.977429628372192,0.7739973068237305,35.75312256813049,0.1712794303894043,0.7163610458374023,0.6204681396484375,0.7917475700378418
136,grounded,35,0.64697265625,9.212686479091644,0.9386364817619324,29.449653387069702,0.026769518852233887,0.03834867477416992,0.92256760597229,0.9493371248245239,8.519481003284454,0.8804867267608643,25.61794662475586,0.006282627582550049,0.016433656215667725,0.8742949962615967,0.8805776238441467,7.87236213684082,0.8463535308837891,23.714784264564514,0.0,0.0,0.0,0.0,1.4716720581054688,0.43048858642578125,5.686092376708984,0.0,0.0,0.0,0.0,1.1700439453125,0.3462257385253906,4.284316539764404,0.0,0.0,0.0,0.0,1.4790878295898438,0.35837554931640625,5.27833366394043,0.0,0.0,0.0,0.0,2.1922378540039062,0.44552040100097656,7.786025047302246,0.0,0.0,0.0,0.0,2.7937164306640625,0.4756126403808594,9.271450638771057,0.0,0.0,0.0,0.0,3.3123092651367188,0.533050537109375,10.67962384223938,0.0,0.0,0.0,0.0,4.914812088012695,0.692328929901123,16.19789171218872,0.0,0.0,0.0,0.0,5.383190155029297,0.5821723937988281,15.560976028442383,0.0,0.0,0.0,0.0,5.104438781738281,0.6326141357421875,15.050069808959961,0.0,0.0,0.0,0.0,6.031469345092773,0.7418317794799805,17.891953945159912,0.0,0.0,0.0,0.0,6.448774337768555,0.7524385452270508,17.91660976409912,0.0,0.0,0.0,0.0,6.803001880645752,0.760040283203125,18.610553741455078,0.0,0.0,0.0,0.0,5.337164402008057,0.6366510391235352,16.04956579208374,0.0,0.0,0.0,0.0,5.320643126964569,0.636885404586792,15.991836607456207,0.0,0.0,0.0,0.0,4.948179244995117,0.6169376373291016,15.007695198059082,0.004451751708984375,0.004451751708984375,0.5818748474121094,0.5863265991210938,4.559605121612549,0.6479010581970215,14.426279127597809,0.0,0.0,0.0,0.0,4.2953925132751465,0.5978665351867676,13.780394554138184,0.0020265579223632812,0.0020265579223632812,0.5965023040771484,0.5985288619995117,4.244009017944336,0.6118316650390625,14.073529243469238,0.060730934143066406,0.29462194442749023,0.6215276718139648,0.6822586059570312,4.235128402709961,0.6242332458496094,15.011478185653687,0.17238378524780273,0.7561612129211426,0.6193637847900391,0.7917475700378418
136,hallucinated,36,0.7158203125,10.169732928276062,0.9398537874221802,30.40669983625412,0.026769518852233887,0.04095274209976196,0.92256760597229,0.9493371248245239,9.440901696681976,0.8816276788711548,26.532375931739807,0.016347229480743408,0.033705174922943115,0.8642303943634033,0.8805776238441467,8.721432566642761,0.857295036315918,24.577914357185364,0.0,0.0,0.0,0.0,1.4267349243164062,0.43048858642578125,5.641155242919922,0.0,0.0,0.0,0.0,0.9917068481445312,0.3462257385253906,4.1059794425964355,0.0,0.0,0.0,0.0,1.4288482666015625,0.35837554931640625,5.228094100952148,0.0,0.0,0.0,0.0,2.4735069274902344,0.44552040100097656,8.067294120788574,0.0,0.0,0.0,0.0,2.925668716430664,0.4756126403808594,9.403402924537659,0.0,0.0,0.0,0.0,3.6079769134521484,0.533050537109375,10.97529149055481,0.0,0.0,0.0,0.0,5.010944366455078,0.692328929901123,16.294023990631104,0.0,0.0,0.0,0.0,5.582658290863037,0.5880045890808105,15.760444164276123,0.0,0.0,0.0,0.0,5.5239739418029785,0.6326141357421875,15.469604969024658,0.0,0.0,0.0,0.0,6.08817720413208,0.7418317794799805,17.94866180419922,0.0,0.0,0.0,0.0,6.405462980270386,0.721372127532959,17.873298406600952,0.0,0.0,0.0,0.0,6.818417310714722,0.7720692157745361,18.625969171524048,0.0,0.0,0.0,0.0,5.700614929199219,0.6366510391235352,16.413016319274902,0.0,0.0,0.0,0.0,5.8223883509635925,0.6685218811035156,16.49358183145523,0.0,0.0,0.0,0.0,5.450605392456055,0.6751775741577148,15.51012134552002,0.004451751708984375,0.004451751708984375,0.5818748474121094,0.5863265991210938,5.026154518127441,0.6479010581970215,14.892828524112701,0.0,0.0,0.0,0.0,4.571689605712891,0.5978665351867676,14.056691646575928,0.0020265579223632812,0.0020265579223632812,0.5965023040771484,0.5985288619995117,4.541221618652344,0.6118316650390625,14.370741844177246,0.060730934143066406,0.29462194442749023,0.6215276718139648,0.6822586059570312,4.4737396240234375,0.6242332458496094,15.250089406967163,0.17238378524780273,0.7561612129211426,0.6193637847900391,0.7917475700378418
137,grounded,33,0.666015625,3.673889696598053,0.9303653240203857,27.623964965343475,0.017738819122314453,0.026519179344177246,0.9373438358306885,0.9550826549530029,3.3288464546203613,0.8824897408485413,23.46721124649048,0.02169966697692871,0.04929065704345703,0.832263708114624,0.8539633750915527,3.2035694122314453,0.8458194732666016,21.55400049686432,0.0,0.0,0.0,0.0,0.679595947265625,0.4378662109375,5.287258148193359,0.0,0.0,0.0,0.0,0.404541015625,0.3485889434814453,3.7450759410858154,0.0,0.0,0.0,0.0,0.7188034057617188,0.3670024871826172,4.938953399658203,0.0,0.0,0.0,0.0,0.7591323852539062,0.4555826187133789,6.917630434036255,0.0,0.0,0.0,0.0,1.0347480773925781,0.489532470703125,8.226725220680237,0.0,0.0,0.0,0.0,1.2826614379882812,0.533050537109375,9.735636949539185,0.0,0.0,0.0,0.0,2.2038044929504395,0.6969709396362305,15.121910572052002,0.0,0.0,0.0,0.0,2.178943634033203,0.5806179046630859,13.95442008972168,0.0,0.0,0.0,0.0,2.6739063262939453,0.6852083206176758,13.942756652832031,0.0,0.0,0.0,0.0,2.7133238315582275,0.7431297302246094,16.15745234489441,0.0,0.0,0.0,0.0,2.7540855407714844,0.7371082305908203,16.016531944274902,0.0,0.0,0.0,0.0,2.802241802215576,0.7467641830444336,16.40704917907715,0.0,0.0,0.0,0.0,2.434196949005127,0.6481928825378418,14.749499320983887,0.0,0.0,0.0,0.0,2.5018062591552734,0.6470527648925781,14.673094987869263,0.0,0.0,0.0,0.0,2.2442626953125,0.5992889404296875,13.804737091064453,0.0045013427734375,0.0045013427734375,0.5818252563476562,0.5863265991210938,2.307271957397461,0.6668682098388672,13.435165524482727,0.0,0.0,0.0,0.0,2.2756710052490234,0.602696418762207,13.077056884765625,0.007868766784667969,0.007868766784667969,0.5906600952148438,0.5985288619995117,2.198760986328125,0.5977325439453125,13.284778594970703,0.07370281219482422,0.34554243087768555,0.608555793762207,0.6822586059570312,2.1564254760742188,0.6460533142089844,14.303152322769165,0.17238950729370117,1.1438684463500977,0.6193580627441406,0.7917475700378418
137,hallucinated,44,0.7646484375,14.001338303089142,0.9515877366065979,37.951413571834564,0.017738819122314453,0.03304290771484375,0.9373438358306885,0.9550826549530029,12.973810315132141,0.891460657119751,33.109111189842224,0.02169966697692871,0.05312114953994751,0.832263708114624,0.8539633750915527,11.96235853433609,0.8636565208435059,30.321530044078827,0.0,0.0,0.0,0.0,1.8898468017578125,0.4378662109375,6.497509002685547,0.0,0.0,0.0,0.0,1.2299728393554688,0.3485889434814453,4.570507764816284,0.0,0.0,0.0,0.0,1.9306678771972656,0.3670024871826172,6.15081787109375,0.0,0.0,0.0,0.0,3.1371917724609375,0.4555826187133789,9.295689821243286,0.0,0.0,0.0,0.0,3.713550567626953,0.489532470703125,10.905527710914612,0.0,0.0,0.0,0.0,4.793218612670898,0.533050537109375,13.246194124221802,0.0,0.0,0.0,0.0,6.682460784912109,0.6969709396362305,19.600566864013672,0.0,0.0,0.0,0.0,7.45115065574646,0.6076784133911133,19.226627111434937,0.0,0.0,0.0,0.0,7.349536299705505,0.6436862945556641,18.61838662624359,0.0,0.0,0.0,0.0,8.34093189239502,0.7722671031951904,21.7850604057312,0.0,0.0,0.0,0.0,8.726879119873047,0.7503666877746582,21.989325523376465,0.0,0.0,0.0,0.0,9.097943544387817,0.7522659301757812,22.70275092124939,0.0,0.0,0.0,0.0,7.96358597278595,0.6696758270263672,20.27888834476471,0.0,0.0,0.0,0.0,7.712217748165131,0.677586555480957,19.88350647687912,0.0,0.0,0.0,0.0,7.2175140380859375,0.6895666122436523,18.77798843383789,0.0045013427734375,0.0045013427734375,0.5818252563476562,0.5863265991210938,6.88274359703064,0.6668682098388672,18.018735766410828,0.0,0.0,0.0,0.0,6.328455448150635,0.602696418762207,17.129841327667236,0.0,0.0,0.0,0.0,5.6669535636901855,0.5977325439453125,16.752971172332764,0.07370281219482422,0.34554243087768555,0.608555793762207,0.6822586059570312,6.034982681274414,0.6460533142089844,18.18170952796936,0.17238950729370117,0.8300924301147461,0.6193580627441406,0.7917475700378418
138,grounded,47,0.78125,13.99578309059143,0.9439272880554199,40.77812713384628,0.01901829242706299,0.025569140911102295,0.9406757354736328,0.9596940279006958,13.092903733253479,0.8998196125030518,35.25972616672516,0.02836477756500244,0.056758880615234375,0.8282477855682373,0.8566125631332397,12.26109492778778,0.8594799041748047,32.370763063430786,0.0,0.0,0.0,0.0,2.2861366271972656,0.4369640350341797,7.623895645141602,0.0,0.0,0.0,0.0,1.602315902709961,0.34918975830078125,5.5127317905426025,0.0,0.0,0.0,0.0,2.337127685546875,0.3711433410644531,7.356029510498047,0.0,0.0,0.0,0.0,3.554798126220703,0.44635009765625,10.615053653717041,0.0,0.0,0.0,0.0,4.214031219482422,0.4767189025878906,12.168734192848206,0.0,0.0,0.0,0.0,4.968973159790039,0.533050537109375,14.345120191574097,0.0,0.0,0.0,0.0,7.17181396484375,0.6974649429321289,21.848785400390625,0.0,0.0,0.0,0.0,8.008031845092773,0.6031608581542969,22.040096282958984,0.0,0.0,0.0,0.0,7.517104148864746,0.6554679870605469,19.970820426940918,0.0,0.0,0.0,0.0,9.288331031799316,0.7495889663696289,24.575398206710815,0.0,0.0,0.0,0.0,9.764753341674805,0.7335577011108398,24.426892280578613,0.0,0.0,0.0,0.0,10.131855964660645,0.7681300640106201,25.153900146484375,0.0,0.0,0.0,0.0,8.618028163909912,0.6563410758972168,22.361970901489258,0.0,0.0,0.0,0.0,8.734876334667206,0.7229923009872437,22.33632904291153,0.0,0.0,0.0,0.0,8.572606563568115,0.6999349594116211,21.380550384521484,0.0016651153564453125,0.0016651153564453125,0.5846614837646484,0.5863265991210938,7.90053254365921,0.6832108497619629,20.271558225154877,0.0,0.0,0.0,0.0,7.38372802734375,0.6238803863525391,19.329324960708618,0.013155937194824219,0.023469924926757812,0.5853729248046875,0.5985288619995117,6.798214673995972,0.6017475128173828,19.33397388458252,0.06061410903930664,0.2596449851989746,0.6216444969177246,0.6822586059570312,6.782105445861816,0.6447277069091797,19.92385172843933,0.18739652633666992,0.8758893013000488,0.6043510437011719,0.7917475700378418
138,hallucinated,49,0.7939453125,15.848487913608551,0.9489606022834778,42.6308319568634,0.01901829242706299,0.024011433124542236,0.9406757354736328,0.9596940279006958,14.761576294898987,0.9064235687255859,36.92164218425751,0.03528881072998047,0.07785892486572266,0.8596348762512207,0.8949236869812012,13.758305609226227,0.8562345504760742,33.8721279501915,0.0,0.0,0.0,0.0,2.277111053466797,0.4369640350341797,7.614870071411133,0.0,0.0,0.0,0.0,1.8247432708740234,0.34918975830078125,5.735159158706665,0.0,0.0,0.0,0.0,2.447826385498047,0.3711433410644531,7.466728210449219,0.0,0.0,0.0,0.0,3.896629810333252,0.44635009765625,10.95688533782959,0.0,0.0,0.0,0.0,4.914775848388672,0.4767189025878906,12.869478821754456,0.0,0.0,0.0,0.0,5.448123931884766,0.533050537109375,14.824270963668823,0.0,0.0,0.0,0.0,8.109888076782227,0.6974649429321289,22.7868595123291,0.0,0.0,0.0,0.0,8.863789319992065,0.6085853576660156,22.895853757858276,0.0,0.0,0.0,0.0,8.189429759979248,0.6554679870605469,20.64314603805542,0.0,0.0,0.0,0.0,10.178261280059814,0.7495889663696289,25.465328454971313,0.0,0.0,0.0,0.0,10.323969841003418,0.7335577011108398,24.986108779907227,0.0,0.0,0.0,0.0,10.988550424575806,0.7886784076690674,26.010594606399536,0.0,0.0,0.0,0.0,9.574664831161499,0.6843733787536621,23.318607568740845,0.0,0.0,0.0,0.0,9.722588181495667,0.7509095668792725,23.32404088973999,0.0,0.0,0.0,0.0,8.882063746452332,0.6924017667770386,21.6900075674057,0.0016651153564453125,0.0016651153564453125,0.5846614837646484,0.5863265991210938,7.9875664710998535,0.6898553371429443,20.35859215259552,0.0,0.0,0.0,0.0,7.770242214202881,0.6513442993164062,19.71583914756775,0.013155937194824219,0.023469924926757812,0.5853729248046875,0.5985288619995117,7.239451885223389,0.6017475128173828,19.775211095809937,0.06061410903930664,0.2596449851989746,0.6216444969177246,0.6822586059570312,7.529665946960449,0.6447277069091797,20.671412229537964,0.18739652633666992,0.8870553970336914,0.6043510437011719,0.7917475700378418
139,grounded,39,0.755859375,9.248107850551605,0.94544517993927,33.219823718070984,0.026127755641937256,0.034094274044036865,0.9288618564605713,0.9549896121025085,8.643832623958588,0.8850195407867432,28.712472140789032,0.021050095558166504,0.06962376832962036,0.8361847400665283,0.8572348356246948,7.923633813858032,0.8446884155273438,25.689003467559814,0.0,0.0,0.0,0.0,1.4445343017578125,0.43538665771484375,6.229274749755859,0.0,0.0,0.0,0.0,1.1909713745117188,0.3580188751220703,4.868302583694458,0.0,0.0,0.0,0.0,1.4154281616210938,0.3647117614746094,5.719799041748047,0.0,0.0,0.0,0.0,2.380168914794922,0.44220447540283203,8.562877178192139,0.0,0.0,0.0,0.0,2.514519214630127,0.47560882568359375,9.605851292610168,0.0,0.0,0.0,0.0,3.2065353393554688,0.533050537109375,11.740085124969482,0.0,0.0,0.0,0.0,4.6044769287109375,0.6949234008789062,17.72878074645996,0.0,0.0,0.0,0.0,5.179592132568359,0.5808448791503906,17.396146774291992,0.0,0.0,0.0,0.0,4.992456436157227,0.6511516571044922,16.471527099609375,0.0,0.0,0.0,0.0,5.699322700500488,0.7530519962310791,19.359471082687378,0.0,0.0,0.0,0.0,6.157057762145996,0.7233514785766602,19.405807495117188,0.0,0.0,0.0,0.0,6.570832014083862,0.7636783123016357,20.242743253707886,0.0,0.0,0.0,0.0,5.683311462402344,0.6319999694824219,18.34805965423584,0.0,0.0,0.0,0.0,5.842815637588501,0.6909122467041016,18.03899312019348,0.0,0.0,0.0,0.0,5.432477951049805,0.6566410064697266,16.84941816329956,0.0,0.0,0.0,0.0,5.387473940849304,0.6637649536132812,16.604718446731567,0.0,0.0,0.0,0.0,5.0705883502960205,0.6168146133422852,15.991403818130493,0.01676654815673828,0.01676654815673828,0.5817623138427734,0.5985288619995117,4.716973066329956,0.6107883453369141,15.986140251159668,0.06726551055908203,0.2818880081176758,0.6149930953979492,0.6822586059570312,4.649548530578613,0.6390018463134766,16.787937879562378,0.1988387107849121,0.9182615280151367,0.5929088592529297,0.7917475700378418
139,hallucinated,38,0.74951171875,8.316474080085754,0.9395620822906494,32.28818994760513,0.026127755641937256,0.034094274044036865,0.9288618564605713,0.9549896121025085,7.719681739807129,0.8854103088378906,27.79573380947113,0.021050095558166504,0.05752873420715332,0.8361847400665283,0.8572348356246948,7.134714424610138,0.8508110046386719,24.912963449954987,0.0,0.0,0.0,0.0,1.3351364135742188,0.43538665771484375,6.119876861572266,0.0,0.0,0.0,0.0,1.083303451538086,0.3580188751220703,4.760634660720825,0.0,0.0,0.0,0.0,1.3970832824707031,0.3647117614746094,5.701454162597656,0.0,0.0,0.0,0.0,2.175689697265625,0.44220447540283203,8.358397960662842,0.0,0.0,0.0,0.0,2.2175965309143066,0.47560882568359375,9.308928608894348,0.0,0.0,0.0,0.0,3.10491943359375,0.533050537109375,11.638469219207764,0.0,0.0,0.0,0.0,4.1700286865234375,0.6949234008789062,17.29433250427246,0.0,0.0,0.0,0.0,4.632204055786133,0.581578254699707,16.848758697509766,0.0,0.0,0.0,0.0,4.264566421508789,0.6511516571044922,15.743637084960938,0.0,0.0,0.0,0.0,4.92191743850708,0.7530519962310791,18.58206582069397,0.0,0.0,0.0,0.0,5.133647918701172,0.7233514785766602,18.382397651672363,0.0,0.0,0.0,0.0,5.448511600494385,0.7666134834289551,19.120422840118408,0.0,0.0,0.0,0.0,4.934192657470703,0.6349048614501953,17.5989408493042,0.0,0.0,0.0,0.0,5.100525915622711,0.6977448463439941,17.29670339822769,0.0,0.0,0.0,0.0,4.52484655380249,0.6369671821594238,15.941786766052246,0.0,0.0,0.0,0.0,4.530206024646759,0.6637649536132812,15.747450530529022,0.0,0.0,0.0,0.0,4.432025909423828,0.6168146133422852,15.3528413772583,0.01676654815673828,0.01676654815673828,0.5817623138427734,0.5985288619995117,4.071152687072754,0.6107883453369141,15.340319871902466,0.06726551055908203,0.2818880081176758,0.6149930953979492,0.6822586059570312,4.217681884765625,0.6390018463134766,16.35607123374939,0.1988387107849121,0.8035197257995605,0.5929088592529297,0.7917475700378418
140,grounded,36,0.73193359375,10.140695035457611,0.9346715807914734,30.410929024219513,0.0207749605178833,0.031379640102386475,0.9282965660095215,0.9490715265274048,9.386911690235138,0.8714027404785156,26.231637120246887,0.015250742435455322,0.03904831409454346,0.8613371849060059,0.8765879273414612,8.498626470565796,0.8446884155273438,23.793699264526367,0.0,0.0,0.0,0.0,1.6397628784179688,0.4265766143798828,5.872900009155273,0.0,0.0,0.0,0.0,1.398529052734375,0.3459129333496094,4.702121019363403,0.0,0.0,0.0,0.0,1.6732559204101562,0.3577232360839844,5.527507781982422,0.0,0.0,0.0,0.0,2.6087646484375,0.44419097900390625,8.148654222488403,0.0,0.0,0.0,0.0,3.130901336669922,0.4669761657714844,9.63496458530426,0.0,0.0,0.0,0.0,3.785825729370117,0.533050537109375,11.14136791229248,0.0,0.0,0.0,0.0,5.345722198486328,0.691490650177002,16.706753253936768,0.0,0.0,0.0,0.0,6.145816802978516,0.6366233825683594,16.75434398651123,0.0,0.0,0.0,0.0,5.9562602043151855,0.6503276824951172,15.982017040252686,0.0,0.0,0.0,0.0,6.930055141448975,0.7531063556671143,18.920348405838013,0.0,0.0,0.0,0.0,7.275562763214111,0.7462759017944336,18.82134771347046,0.0,0.0,0.0,0.0,7.49358332157135,0.7821977138519287,19.455859780311584,0.0,0.0,0.0,0.0,6.420098304748535,0.650428295135498,17.140549659729004,0.0,0.0,0.0,0.0,6.831257939338684,0.7244629859924316,17.237539291381836,0.0,0.0,0.0,0.0,6.599803686141968,0.6821961402893066,16.61441445350647,0.0,0.0,0.0,0.0,6.305100321769714,0.694739580154419,16.144677102565765,0.0,0.0,0.0,0.0,5.875635385513306,0.6640582084655762,15.246608972549438,0.0028104782104492188,0.0028104782104492188,0.5957183837890625,0.5985288619995117,5.56140923500061,0.6205451488494873,15.61017918586731,0.07452392578125,0.32512617111206055,0.6077346801757812,0.6822586059570312,5.658926963806152,0.6411247253417969,16.4822895526886,0.19158506393432617,1.1681485176086426,0.6001625061035156,0.7917475700378418
140,hallucinated,36,0.73779296875,10.114140331745148,0.9373980760574341,30.38437432050705,0.0207749605178833,0.031379640102386475,0.9282965660095215,0.9490715265274048,9.320366024971008,0.870132327079773,26.17316573858261,0.020570337772369385,0.044002652168273926,0.8560175895690918,0.8765879273414612,8.487731277942657,0.8446884155273438,23.790363490581512,0.0,0.0,0.0,0.0,1.6815872192382812,0.4265766143798828,5.914724349975586,0.0,0.0,0.0,0.0,1.2201194763183594,0.3459129333496094,4.523711442947388,0.0,0.0,0.0,0.0,1.6638832092285156,0.3577232360839844,5.518135070800781,0.0,0.0,0.0,0.0,2.4236907958984375,0.44419097900390625,7.963580369949341,0.0,0.0,0.0,0.0,3.033367156982422,0.4669761657714844,9.53743040561676,0.0,0.0,0.0,0.0,3.628009796142578,0.533050537109375,10.983551979064941,0.0,0.0,0.0,0.0,5.225772857666016,0.691490650177002,16.586803913116455,0.0,0.0,0.0,0.0,5.851825714111328,0.6055030822753906,16.460352897644043,0.0,0.0,0.0,0.0,5.875718593597412,0.6695713996887207,15.901475429534912,0.0,0.0,0.0,0.0,6.868884563446045,0.7531063556671143,18.859177827835083,0.0,0.0,0.0,0.0,6.929157733917236,0.7462759017944336,18.474942684173584,0.0,0.0,0.0,0.0,7.135867595672607,0.7794866561889648,19.098144054412842,0.0,0.0,0.0,0.0,6.280196189880371,0.648350715637207,17.00064754486084,0.0,0.0,0.0,0.0,6.637921988964081,0.719089686870575,17.044203341007233,0.0,0.0,0.0,0.0,6.216989517211914,0.6837301254272461,16.231600284576416,0.0,0.0,0.0,0.0,5.918318510055542,0.6930370330810547,15.757895290851593,0.0,0.0,0.0,0.0,5.4638824462890625,0.6723785400390625,14.834856033325195,0.0028104782104492188,0.0028104782104492188,0.5957183837890625,0.5985288619995117,5.206178665161133,0.6205451488494873,15.254948616027832,0.07452392578125,0.32512617111206055,0.6077346801757812,0.6822586059570312,5.591723442077637,0.6569290161132812,16.415086030960083,0.19158506393432617,1.1646804809570312,0.6001625061035156,0.7917475700378418
141,grounded,41,0.736328125,12.02290689945221,0.943280816078186,35.07519429922104,0.019662857055664062,0.02829831838607788,0.9336023330688477,0.9532651901245117,11.141571700572968,0.8803577423095703,30.01164871454239,0.024208486080169678,0.06428182125091553,0.8679192066192627,0.8921276926994324,10.216758668422699,0.8482110500335693,27.544197022914886,0.0,0.0,0.0,0.0,1.999847412109375,0.4307270050048828,6.786294937133789,0.0,0.0,0.0,0.0,1.6580467224121094,0.3487434387207031,5.190742135047913,0.0,0.0,0.0,0.0,2.0142059326171875,0.3618640899658203,6.35029411315918,0.0,0.0,0.0,0.0,3.121173858642578,0.44785499572753906,9.331518292427063,0.0,0.0,0.0,0.0,3.6277456283569336,0.47841644287109375,11.17404329776764,0.0,0.0,0.0,0.0,4.296756744384766,0.533050537109375,12.58042573928833,0.0,0.0,0.0,0.0,6.420757293701172,0.6910991668701172,19.490975379943848,0.0,0.0,0.0,0.0,7.134378433227539,0.5891799926757812,18.970138549804688,0.0,0.0,0.0,0.0,6.844006061553955,0.6497211456298828,18.03911066055298,0.0,0.0,0.0,0.0,7.858495712280273,0.7398862838745117,21.352187156677246,0.0,0.0,0.0,0.0,8.54321002960205,0.7455549240112305,21.626683235168457,0.0,0.0,0.0,0.0,8.920660555362701,0.7664027214050293,22.157150328159332,0.0,0.0,0.0,0.0,7.64851450920105,0.6622951030731201,19.721439123153687,0.0,0.0,0.0,0.0,7.80229526758194,0.6612186431884766,19.773696959018707,0.0,0.0,0.0,0.0,7.433286666870117,0.6399555206298828,18.159021377563477,0.0,0.0,0.0,0.0,7.233099460601807,0.6743593215942383,17.871271312236786,0.0,0.0,0.0,0.0,6.623821020126343,0.6207869052886963,16.676477670669556,0.0007390975952148438,0.0009632110595703125,0.5977897644042969,0.5985288619995117,6.330752849578857,0.6103878021240234,17.2293918132782,0.07284736633300781,0.30701780319213867,0.6094112396240234,0.6822586059570312,6.553712844848633,0.6530227661132812,17.98250412940979,0.19052648544311523,0.9590137004852295,0.6012210845947266,0.7917475700378418
141,hallucinated,38,0.744140625,9.263840436935425,0.9476463198661804,32.316127836704254,0.019662857055664062,0.02829831838607788,0.9336023330688477,0.9532651901245117,8.546720087528229,0.8800697326660156,27.418427884578705,0.028714478015899658,0.07240253686904907,0.8634132146835327,0.8921276926994324,7.91809356212616,0.8511829376220703,25.25638473033905,0.0,0.0,0.0,0.0,1.5014877319335938,0.4307270050048828,6.287935256958008,0.0,0.0,0.0,0.0,1.2455482482910156,0.3487434387207031,4.778243660926819,0.0,0.0,0.0,0.0,1.5186920166015625,0.3618640899658203,5.854780197143555,0.0,0.0,0.0,0.0,2.204601287841797,0.44785499572753906,8.414945721626282,0.0,0.0,0.0,0.0,2.85347318649292,0.47841644287109375,10.399770855903625,0.0,0.0,0.0,0.0,3.246490478515625,0.533050537109375,11.53015947341919,0.0,0.0,0.0,0.0,4.569522857666016,0.6910991668701172,17.63974094390869,0.0,0.0,0.0,0.0,5.077302932739258,0.579620361328125,16.913063049316406,0.0,0.0,0.0,0.0,4.994820833206177,0.6497211456298828,16.1899254322052,0.0,0.0,0.0,0.0,5.883664608001709,0.7398862838745117,19.37735605239868,0.0,0.0,0.0,0.0,6.268713474273682,0.7455549240112305,19.352186679840088,0.0,0.0,0.0,0.0,6.549354076385498,0.750370979309082,19.78584384918213,0.0,0.0,0.0,0.0,5.80355978012085,0.6673645973205566,17.876484394073486,0.0,0.0,0.0,0.0,5.609103560447693,0.6612186431884766,17.606056094169617,0.0,0.0,0.0,0.0,5.180987358093262,0.614990234375,15.906722068786621,0.0,0.0,0.0,0.0,4.721034288406372,0.6743593215942383,15.376456201076508,0.0,0.0,0.0,0.0,4.2065606117248535,0.6089634895324707,14.259217262268066,0.0007390975952148438,0.0009632110595703125,0.5977897644042969,0.5985288619995117,4.19530725479126,0.6103878021240234,15.0939462184906,0.07284736633300781,0.30701780319213867,0.6094112396240234,0.6822586059570312,3.95428466796875,0.6530227661132812,15.383075952529907,0.19052648544311523,0.7119028568267822,0.6012210845947266,0.7917475700378418
142,grounded,42,0.732421875,12.048548817634583,0.9424751400947571,36.05051678419113,0.016327261924743652,0.02449214458465576,0.9386744499206543,0.955001711845398,11.22266399860382,0.8867995738983154,31.35365742444992,0.02552419900894165,0.08816182613372803,0.873663067817688,0.8991872668266296,10.388095617294312,0.8479292392730713,28.52885127067566,0.0,0.0,0.0,0.0,2.0242767333984375,0.43784332275390625,6.993633270263672,0.0,0.0,0.0,0.0,1.6301383972167969,0.35259246826171875,5.289313197135925,0.0,0.0,0.0,0.0,2.0132217407226562,0.372711181640625,6.523914337158203,0.0,0.0,0.0,0.0,3.2509994506835938,0.45137691497802734,9.701153635978699,0.0,0.0,0.0,0.0,3.3040847778320312,0.4799156188964844,10.561745285987854,0.0,0.0,0.0,0.0,4.297371864318848,0.533050537109375,12.817485570907593,0.0,0.0,0.0,0.0,6.580165863037109,0.6896486282348633,19.97463321685791,0.0,0.0,0.0,0.0,7.009239196777344,0.5798053741455078,19.373062133789062,0.0,0.0,0.0,0.0,6.843656301498413,0.6553630828857422,18.52960753440857,0.0,0.0,0.0,0.0,7.841317176818848,0.7452473640441895,21.770483016967773,0.0,0.0,0.0,0.0,8.219760417938232,0.7289009094238281,21.609593868255615,0.0,0.0,0.0,0.0,8.50239622592926,0.7421598434448242,22.272468209266663,0.0,0.0,0.0,0.0,7.297731578350067,0.6134109497070312,19.733191072940826,0.0,0.0,0.0,0.0,7.313180446624756,0.6611471176147461,19.381265223026276,0.0,0.0,0.0,0.0,6.992044448852539,0.6155967712402344,18.341078758239746,0.0,0.0,0.0,0.0,6.715456008911133,0.6530303955078125,17.840654015541077,0.0,0.0,0.0,0.0,6.469281911849976,0.6092689037322998,17.31993818283081,0.0,0.0,0.0,0.0,6.100028991699219,0.6090297698974609,17.452605485916138,0.0701456069946289,0.30922746658325195,0.6121129989624023,0.6822586059570312,6.22580623626709,0.6334753036499023,18.46953511238098,0.17915868759155273,0.8480935096740723,0.6125888824462891,0.7917475700378418
142,hallucinated,41,0.767578125,11.13107144832611,0.9411684274673462,35.13303941488266,0.016327261924743652,0.026465654373168945,0.9386744499206543,0.955001711845398,10.352481663227081,0.8900234699249268,30.489156365394592,0.025931894779205322,0.08357858657836914,0.8732553720474243,0.8991872668266296,9.589625656604767,0.8446884155273438,27.734098732471466,0.0,0.0,0.0,0.0,1.760528564453125,0.43784332275390625,6.729885101318359,0.0,0.0,0.0,0.0,1.1878776550292969,0.35259246826171875,4.847052454948425,0.0,0.0,0.0,0.0,1.6718597412109375,0.372711181640625,6.182552337646484,0.0,0.0,0.0,0.0,2.689870834350586,0.45137691497802734,9.140025019645691,0.0,0.0,0.0,0.0,3.0890865325927734,0.4799156188964844,10.346747040748596,0.0,0.0,0.0,0.0,3.8540477752685547,0.533050537109375,12.3741614818573,0.0,0.0,0.0,0.0,5.592316627502441,0.6896486282348633,18.986783981323242,0.0,0.0,0.0,0.0,6.119098663330078,0.5812711715698242,18.482921600341797,0.0,0.0,0.0,0.0,5.792726516723633,0.6553630828857422,17.47867774963379,0.0,0.0,0.0,0.0,6.820459365844727,0.7452473640441895,20.749625205993652,0.0,0.0,0.0,0.0,7.029911041259766,0.7289009094238281,20.41974449157715,0.0,0.0,0.0,0.0,7.306738376617432,0.7236218452453613,21.076810359954834,0.0,0.0,0.0,0.0,6.717339217662811,0.6497998237609863,19.15279871225357,0.0,0.0,0.0,0.0,6.703703165054321,0.6874122619628906,18.77178794145584,0.0,0.0,0.0,0.0,6.121692180633545,0.6619906425476074,17.470726490020752,0.0,0.0,0.0,0.0,5.77898633480072,0.6530303955078125,16.904184341430664,0.0,0.0,0.0,0.0,5.493528366088867,0.6181230545043945,16.344184637069702,0.0,0.0,0.0,0.0,5.310783386230469,0.6090297698974609,16.663359880447388,0.0701456069946289,0.30922746658325195,0.6121129989624023,0.6822586059570312,5.391529560089111,0.6334753036499023,17.635258436203003,0.17915868759155273,0.6968660354614258,0.6125888824462891,0.7917475700378418
143,grounded,36,0.7568359375,10.129178762435913,0.9371647834777832,30.38908088207245,0.02621835470199585,0.037113964557647705,0.9234142303466797,0.9496325850486755,9.401566863059998,0.8758139610290527,26.400632917881012,0.014477252960205078,0.03413748741149902,0.8652241230010986,0.8797013759613037,8.411322593688965,0.8446884155273438,23.745973944664,0.0,0.0,0.0,0.0,1.587615966796875,0.4262809753417969,5.705757141113281,0.0,0.0,0.0,0.0,1.2191390991210938,0.3482494354248047,4.288714170455933,0.0,0.0,0.0,0.0,1.5663681030273438,0.35874366760253906,5.316896438598633,0.0,0.0,0.0,0.0,2.5609817504882812,0.44812870025634766,8.15147614479065,0.0,0.0,0.0,0.0,2.863703727722168,0.46776580810546875,9.26552164554596,0.0,0.0,0.0,0.0,3.5767478942871094,0.533050537109375,10.80207872390747,0.0,0.0,0.0,0.0,5.042047500610352,0.6855788230895996,16.264607906341553,0.0,0.0,0.0,0.0,5.768706321716309,0.5878582000732422,16.10093402862549,0.0,0.0,0.0,0.0,5.552364826202393,0.6437473297119141,15.371721744537354,0.0,0.0,0.0,0.0,6.474639892578125,0.7449052333831787,18.190473794937134,0.0,0.0,0.0,0.0,6.90584659576416,0.7358121871948242,18.2675142288208,0.0,0.0,0.0,0.0,6.915222644805908,0.7270298004150391,18.489160537719727,0.0,0.0,0.0,0.0,5.905300140380859,0.6205501556396484,16.51284885406494,0.0,0.0,0.0,0.0,5.9726890325546265,0.6716833114624023,16.289576172828674,0.0,0.0,0.0,0.0,5.883399963378906,0.6324005126953125,15.767417907714844,0.0,0.0,0.0,0.0,5.637342691421509,0.6694612503051758,15.389120161533356,0.0,0.0,0.0,0.0,5.316426515579224,0.6122066974639893,14.628881216049194,0.004578590393066406,0.004578590393066406,0.5939502716064453,0.5985288619995117,5.168678045272827,0.6151332855224609,14.907243251800537,0.06061410903930664,0.278322696685791,0.6216444969177246,0.6822586059570312,5.194701194763184,0.6360931396484375,15.728575468063354,0.1845393180847168,0.838810920715332,0.607208251953125,0.7917475700378418
143,hallucinated,36,0.7841796875,10.138716161251068,0.9364019632339478,30.398618280887604,0.02621835470199585,0.03792762756347656,0.9234142303466797,0.9496325850486755,9.423794627189636,0.8763730525970459,26.429246962070465,0.012027502059936523,0.03168773651123047,0.8676738739013672,0.8797013759613037,8.499597549438477,0.8446884155273438,23.839395403862,0.0,0.0,0.0,0.0,1.7580718994140625,0.4262809753417969,5.876213073730469,0.0,0.0,0.0,0.0,1.16485595703125,0.3482494354248047,4.234431028366089,0.0,0.0,0.0,0.0,1.6083908081054688,0.35874366760253906,5.358919143676758,0.0,0.0,0.0,0.0,2.586841583251953,0.44812870025634766,8.177335977554321,0.0,0.0,0.0,0.0,2.7855663299560547,0.46776580810546875,9.187384247779846,0.0,0.0,0.0,0.0,3.5767288208007812,0.533050537109375,10.802059650421143,0.0,0.0,0.0,0.0,5.034770965576172,0.6855788230895996,16.257331371307373,0.0,0.0,0.0,0.0,5.738013744354248,0.6063308715820312,16.070241451263428,0.0,0.0,0.0,0.0,5.483222007751465,0.6437473297119141,15.302578926086426,0.0,0.0,0.0,0.0,6.297451972961426,0.7449052333831787,18.013285875320435,0.0,0.0,0.0,0.0,6.6573052406311035,0.7358121871948242,18.018972873687744,0.0,0.0,0.0,0.0,6.525688648223877,0.7270298004150391,18.099626541137695,0.0,0.0,0.0,0.0,5.892765045166016,0.6340479850769043,16.500313758850098,0.0,0.0,0.0,0.0,5.702268481254578,0.6716833114624023,16.028303265571594,0.0,0.0,0.0,0.0,5.541970252990723,0.624323844909668,15.42598819732666,0.0,0.0,0.0,0.0,4.960088789463043,0.6694612503051758,14.71186625957489,0.0,0.0,0.0,0.0,4.760614395141602,0.6311912536621094,14.073069095611572,0.004578590393066406,0.004578590393066406,0.5939502716064453,0.5985288619995117,4.743616104125977,0.6151332855224609,14.482181310653687,0.06061410903930664,0.278322696685791,0.6216444969177246,0.6822586059570312,4.58891487121582,0.6360931396484375,15.122789144515991,0.1845393180847168,0.7597365379333496,0.607208251953125,0.7917475700378418
144,grounded,43,0.7666015625,16.758180975914,0.9430730938911438,36.98269122838974,0.02661275863647461,0.04663562774658203,0.9227442741394043,0.9493570327758789,15.624107539653778,0.9082555174827576,32.745089530944824,0.01018214225769043,0.046486616134643555,0.8280088901519775,0.838191032409668,14.602051258087158,0.8719013929367065,30.17754828929901,0.0,0.0,0.0,0.0,2.599597930908203,0.4232521057128906,6.767375946044922,0.0,0.0,0.0,0.0,1.6888389587402344,0.3410453796386719,4.766662955284119,0.0,0.0,0.0,0.0,2.411670684814453,0.37381744384765625,6.293388366699219,0.0,0.0,0.0,0.0,3.6318016052246094,0.4323911666870117,8.89776599407196,0.0,0.0,0.0,0.0,4.178562164306641,0.46390533447265625,10.363646149635315,0.0,0.0,0.0,0.0,5.690245628356934,0.533050537109375,12.91539740562439,0.0,0.0,0.0,0.0,8.24298095703125,0.6882147789001465,19.295474529266357,0.0,0.0,0.0,0.0,8.923249244689941,0.6174049377441406,18.929728507995605,0.0,0.0,0.0,0.0,8.74593734741211,0.6212940216064453,18.607919692993164,0.0,0.0,0.0,0.0,10.54887080192566,0.7400979995727539,22.317896127700806,0.0,0.0,0.0,0.0,11.227358102798462,0.7637660503387451,22.64565634727478,0.0,0.0,0.0,0.0,11.17796277999878,0.7608566284179688,23.01243019104004,0.0,0.0,0.0,0.0,9.699518322944641,0.6331405639648438,20.680641293525696,0.0,0.0,0.0,0.0,9.636636316776276,0.6644144058227539,20.35510092973709,0.0,0.0,0.0,0.0,9.00984001159668,0.6525683403015137,19.07111120223999,0.004802703857421875,0.004802703857421875,0.5815238952636719,0.5863265991210938,8.332511901855469,0.6674022674560547,18.332135558128357,0.00250244140625,0.00250244140625,0.5916900634765625,0.5941925048828125,7.701813697814941,0.6155910491943359,17.286237955093384,0.0,0.0,0.0,0.0,7.500332832336426,0.6113967895507812,17.54049849510193,0.06061410903930664,0.2441883087158203,0.6216444969177246,0.6822586059570312,8.168258666992188,0.6409645080566406,19.295979261398315,0.16601133346557617,0.8447451591491699,0.6257362365722656,0.7917475700378418
144,hallucinated,34,0.7744140625,8.285481333732605,0.9338376522064209,28.509991586208344,0.02661275863647461,0.041148245334625244,0.9227442741394043,0.9493570327758789,7.64311158657074,0.8788024187088013,24.783434808254242,0.018608570098876953,0.03633236885070801,0.8632969856262207,0.8819055557250977,6.921865701675415,0.8446884155273438,22.501832604408264,0.0,0.0,0.0,0.0,1.3860740661621094,0.4232521057128906,5.553852081298828,0.0,0.0,0.0,0.0,1.0512237548828125,0.3410453796386719,4.129047751426697,0.0,0.0,0.0,0.0,1.3764190673828125,0.37381744384765625,5.258136749267578,0.0,0.0,0.0,0.0,1.8780517578125,0.4323911666870117,7.144016146659851,0.0,0.0,0.0,0.0,2.165374755859375,0.46390533447265625,8.35045874118805,0.0,0.0,0.0,0.0,2.9645957946777344,0.533050537109375,10.18974757194519,0.0,0.0,0.0,0.0,4.027591705322266,0.6882147789001465,15.080085277557373,0.0,0.0,0.0,0.0,4.607678413391113,0.6175003051757812,14.614157676696777,0.0,0.0,0.0,0.0,4.114227294921875,0.6212940216064453,13.97620964050293,0.0,0.0,0.0,0.0,4.936853408813477,0.7400979995727539,16.705878734588623,0.0,0.0,0.0,0.0,5.322197914123535,0.7571139335632324,16.740496158599854,0.0,0.0,0.0,0.0,5.526974678039551,0.7342777252197266,17.36144208908081,0.0,0.0,0.0,0.0,5.0909223556518555,0.6429843902587891,16.07204532623291,0.0,0.0,0.0,0.0,4.788890480995178,0.6845483779907227,15.507355093955994,0.0,0.0,0.0,0.0,4.469509124755859,0.6126689910888672,14.53078031539917,0.0,0.0,0.0,0.0,4.127297282218933,0.6674022674560547,14.1412832736969,0.0,0.0,0.0,0.0,3.8981094360351562,0.6155910491943359,13.482533693313599,0.0,0.0,0.0,0.0,3.8441638946533203,0.6113967895507812,13.884329557418823,0.06061410903930664,0.2441883087158203,0.6216444969177246,0.6822586059570312,4.168468475341797,0.633000373840332,15.296189069747925,0.16601133346557617,0.7157835960388184,0.6257362365722656,0.7917475700378418
145,grounded,41,0.64794921875,9.26950615644455,0.9376990795135498,35.096226155757904,0.02424830198287964,0.03422701358795166,0.9346959590911865,0.9589442610740662,8.645145416259766,0.894108772277832,30.28121769428253,0.02446568012237549,0.07920128107070923,0.8368682861328125,0.861333966255188,8.046916723251343,0.8463325500488281,27.3680522441864,0.0,0.0,0.0,0.0,1.6530990600585938,0.44666481018066406,6.983980178833008,0.0,0.0,0.0,0.0,1.0749588012695312,0.3479652404785156,4.877204418182373,0.0,0.0,0.0,0.0,1.7742691040039062,0.3654975891113281,6.702167510986328,0.0,0.0,0.0,0.0,2.513500213623047,0.45013904571533203,9.457306623458862,0.0,0.0,0.0,0.0,3.069683074951172,0.4818611145019531,10.981741547584534,0.0,0.0,0.0,0.0,3.332334518432617,0.533050537109375,12.442561149597168,0.0,0.0,0.0,0.0,4.946259498596191,0.6874179840087891,19.14011859893799,0.0,0.0,0.0,0.0,5.493773937225342,0.5891170501708984,18.940809726715088,0.0,0.0,0.0,0.0,5.288055419921875,0.6491127014160156,17.681697845458984,0.0,0.0,0.0,0.0,6.570090293884277,0.7541313171386719,21.51468288898468,0.0,0.0,0.0,0.0,6.581977963447571,0.7368489503860474,21.143219113349915,0.0,0.0,0.0,0.0,6.853972673416138,0.7586526870727539,21.406505823135376,0.0,0.0,0.0,0.0,5.728833436965942,0.66404128074646,19.012519598007202,0.0,0.0,0.0,0.0,5.8003058433532715,0.6674480438232422,19.178000688552856,0.0,0.0,0.0,0.0,5.376657962799072,0.5987071990966797,17.840145111083984,0.0,0.0,0.0,0.0,5.058533430099487,0.6552267074584961,17.114717066287994,0.0,0.0,0.0,0.0,4.7349042892456055,0.599949836730957,16.394469738006592,0.023840904235839844,0.024562835693359375,0.5746879577636719,0.5985288619995117,4.726387023925781,0.6105222702026367,16.98813271522522,0.06061410903930664,0.2431507110595703,0.6216444969177246,0.6822586059570312,5.03607451915741,0.6424875259399414,18.334142327308655,0.18224096298217773,0.8011212348937988,0.6095066070556641,0.7917475700378418
145,hallucinated,47,0.69580078125,14.945532500743866,0.9509804248809814,40.77225250005722,0.02424830198287964,0.031430721282958984,0.9346959590911865,0.9589442610740662,13.929352045059204,0.8924953937530518,35.56146800518036,0.028101861476898193,0.07952481508255005,0.870091438293457,0.8981932997703552,12.84510064125061,0.849395751953125,32.169299364089966,0.0,0.0,0.0,0.0,2.501556396484375,0.44666481018066406,7.832437515258789,0.0,0.0,0.0,0.0,1.8920745849609375,0.3479652404785156,5.694320201873779,0.0,0.0,0.0,0.0,2.7702178955078125,0.3654975891113281,7.698116302490234,0.0,0.0,0.0,0.0,4.216198921203613,0.45013904571533203,11.160005331039429,0.0,0.0,0.0,0.0,4.922298908233643,0.4818611145019531,12.834357380867004,0.0,0.0,0.0,0.0,5.477801322937012,0.533050537109375,14.588027954101562,0.0,0.0,0.0,0.0,7.97878360748291,0.6874179840087891,22.172642707824707,0.0,0.0,0.0,0.0,9.014870762825012,0.6304903030395508,22.46190655231476,0.0,0.0,0.0,0.0,8.972053170204163,0.6698141098022461,21.365695595741272,0.0,0.0,0.0,0.0,10.420119524002075,0.793773889541626,25.364712119102478,0.0,0.0,0.0,0.0,10.350764751434326,0.7548356056213379,24.91200590133667,0.0,0.0,0.0,0.0,10.722323775291443,0.7984985113143921,25.27485692501068,0.0,0.0,0.0,0.0,9.6106276512146,0.7234101295471191,22.89431381225586,0.0,0.0,0.0,0.0,9.070924401283264,0.6913080215454102,22.44861924648285,0.0,0.0,0.0,0.0,7.936354637145996,0.5987071990966797,20.399841785430908,0.0,0.0,0.0,0.0,7.130011081695557,0.6552267074584961,19.186194717884064,0.0,0.0,0.0,0.0,7.187450647354126,0.6114754676818848,18.847016096115112,0.023840904235839844,0.024562835693359375,0.5746879577636719,0.5985288619995117,7.3217853307724,0.6105222702026367,19.58353102207184,0.06061410903930664,0.2431507110595703,0.6216444969177246,0.6822586059570312,7.408657073974609,0.6424875259399414,20.706724882125854,0.18224096298217773,0.8011212348937988,0.6095066070556641,0.7917475700378418
146,grounded,35,0.7626953125,11.004092693328857,0.9333741068840027,29.362605810165405,0.02186441421508789,0.02615344524383545,0.9175043106079102,0.939368724822998,10.227398753166199,0.8832547664642334,25.545961678028107,0.01741015911102295,0.025498390197753906,0.8529672622680664,0.8703774213790894,9.462350368499756,0.8446884155273438,23.19881010055542,0.0,0.0,0.0,0.0,2.118663787841797,0.42923736572265625,6.062644958496094,0.0,0.0,0.0,0.0,1.5545425415039062,0.33616065979003906,4.487721800804138,0.0,0.0,0.0,0.0,2.0804262161254883,0.3516883850097656,5.597367286682129,0.0,0.0,0.0,0.0,2.7987899780273438,0.4367485046386719,7.9128923416137695,0.0,0.0,0.0,0.0,2.712352752685547,0.4616241455078125,8.500658631324768,0.0,0.0,0.0,0.0,4.008115768432617,0.533050537109375,10.532760620117188,0.0,0.0,0.0,0.0,5.600959777832031,0.6863861083984375,15.688541412353516,0.0,0.0,0.0,0.0,5.711212158203125,0.5818424224853516,14.784660339355469,0.0,0.0,0.0,0.0,5.396609306335449,0.6360969543457031,14.389065742492676,0.0,0.0,0.0,0.0,6.335136413574219,0.7370305061340332,17.009193420410156,0.0,0.0,0.0,0.0,6.20935720205307,0.7037506103515625,16.669740617275238,0.0,0.0,0.0,0.0,6.0103349685668945,0.6690888404846191,16.63307476043701,0.0,0.0,0.0,0.0,5.179969072341919,0.6153850555419922,15.03439450263977,0.0,0.0,0.0,0.0,5.200631260871887,0.6555815935134888,14.924965739250183,0.0,0.0,0.0,0.0,4.635313987731934,0.5974216461181641,13.600790977478027,0.0,0.0,0.0,0.0,4.234188079833984,0.6541976928710938,13.202509939670563,0.0,0.0,0.0,0.0,3.9384708404541016,0.5909051895141602,12.394014358520508,0.007769584655761719,0.00803375244140625,0.59075927734375,0.5985288619995117,4.290742874145508,0.6144561767578125,13.191435098648071,0.06061410903930664,0.24503612518310547,0.6216444969177246,0.6822586059570312,4.785542964935303,0.639495849609375,14.430370569229126,0.17379522323608398,0.7650222778320312,0.6179523468017578,0.7917475700378418
146,hallucinated,28,0.73291015625,4.548450171947479,0.9191838502883911,22.906963288784027,0.02186441421508789,0.02615344524383545,0.9175043106079102,0.939368724822998,4.203343033790588,0.8688421249389648,19.521905958652496,0.01741015911102295,0.025498390197753906,0.8529672622680664,0.8703774213790894,3.728554606437683,0.8446798324584961,17.465396285057068,0.0,0.0,0.0,0.0,0.7634735107421875,0.429290771484375,4.707164764404297,0.0,0.0,0.0,0.0,0.464569091796875,0.3360462188720703,3.3977826833724976,0.0,0.0,0.0,0.0,0.6626129150390625,0.351654052734375,4.179359436035156,0.0,0.0,0.0,0.0,1.1380386352539062,0.4367637634277344,6.252260208129883,0.0,0.0,0.0,0.0,1.1032371520996094,0.4617156982421875,6.891535520553589,0.0,0.0,0.0,0.0,1.5769500732421875,0.5330429077148438,8.101073980331421,0.0,0.0,0.0,0.0,2.1667556762695312,0.6864910125732422,12.254996299743652,0.0,0.0,0.0,0.0,2.4164600372314453,0.5818881988525391,11.490015029907227,0.0,0.0,0.0,0.0,2.401317596435547,0.6359729766845703,11.39373779296875,0.0,0.0,0.0,0.0,2.6525707244873047,0.7370452880859375,13.32634687423706,0.0,0.0,0.0,0.0,2.76430606842041,0.7037239074707031,13.2237229347229,0.0,0.0,0.0,0.0,2.855797529220581,0.6691551208496094,13.477588891983032,0.0,0.0,0.0,0.0,2.4470267295837402,0.6154460906982422,12.30086088180542,0.0,0.0,0.0,0.0,2.4151744842529297,0.655458927154541,12.140193223953247,0.0,0.0,0.0,0.0,2.1487274169921875,0.597442626953125,11.11425256729126,0.0,0.0,0.0,0.0,2.07657527923584,0.6541786193847656,11.045253217220306,0.0,0.0,0.0,0.0,1.8130168914794922,0.5909581184387207,10.269162654876709,0.007773399353027344,0.007818222045898438,0.5907554626464844,0.5985288619995117,1.920926570892334,0.6143112182617188,10.821626901626587,0.06062793731689453,0.24465179443359375,0.6216344833374023,0.6822624206542969,1.821223258972168,0.6396007537841797,11.46595048904419,0.1737208366394043,0.7648124694824219,0.6180267333984375,0.7917475700378418
147,grounded,35,0.771484375,10.083213031291962,0.9291159510612488,29.37736225128174,0.02260887622833252,0.030655980110168457,0.9230318069458008,0.9456406831741333,9.36781257390976,0.8763848543167114,25.632814943790436,0.022809326648712158,0.05444967746734619,0.8557568788528442,0.8785662055015564,8.44698977470398,0.8446884155273438,23.217557668685913,0.0,0.0,0.0,0.0,1.5584335327148438,0.4217510223388672,5.502664566040039,0.0,0.0,0.0,0.0,1.2183685302734375,0.34322357177734375,4.115501046180725,0.0,0.0,0.0,0.0,1.6720352172851562,0.363189697265625,5.251796722412109,0.0,0.0,0.0,0.0,2.3741188049316406,0.42894840240478516,7.472057938575745,0.0,0.0,0.0,0.0,2.630941390991211,0.4610443115234375,8.558231949806213,0.0,0.0,0.0,0.0,3.5333938598632812,0.533050537109375,10.523778200149536,0.0,0.0,0.0,0.0,5.089384078979492,0.692603588104248,15.792515277862549,0.0,0.0,0.0,0.0,5.856713771820068,0.5968036651611328,15.554713726043701,0.0,0.0,0.0,0.0,5.615146160125732,0.6344776153564453,15.168527126312256,0.0,0.0,0.0,0.0,6.542140960693359,0.7403512001037598,17.9346866607666,0.0,0.0,0.0,0.0,6.995270729064941,0.736546516418457,17.976210594177246,0.0,0.0,0.0,0.0,7.407344460487366,0.7524974346160889,18.74087154865265,0.0,0.0,0.0,0.0,6.180274248123169,0.6246471405029297,16.645695447921753,0.0,0.0,0.0,0.0,6.355162143707275,0.6671804189682007,16.576687812805176,0.0,0.0,0.0,0.0,6.234887361526489,0.6616458892822266,15.791887044906616,0.0,0.0,0.0,0.0,6.000739812850952,0.6971228122711182,15.584052860736847,0.0,0.0,0.0,0.0,5.449106156826019,0.641105592250824,14.517054498195648,0.005370140075683594,0.0055332183837890625,0.5931587219238281,0.5985288619995117,5.110730409622192,0.6292283535003662,14.542259216308594,0.06061410903930664,0.2450723648071289,0.6216444969177246,0.6822586059570312,5.156097412109375,0.6337738037109375,15.523063898086548,0.1769270896911621,0.9321036338806152,0.6148204803466797,0.7917475700378418
147,hallucinated,33,0.7548828125,8.250815749168396,0.9362626075744629,27.544964969158173,0.02260887622833252,0.03124791383743286,0.9230318069458008,0.9456406831741333,7.652083158493042,0.8820033073425293,23.926161646842957,0.023571431636810303,0.048754334449768066,0.8549947738647461,0.8785662055015564,6.984888195991516,0.8446884155273438,21.757928371429443,0.0,0.0,0.0,0.0,1.3672332763671875,0.4217510223388672,5.311464309692383,0.0,0.0,0.0,0.0,0.8787002563476562,0.34322357177734375,3.775832772254944,0.0,0.0,0.0,0.0,1.1574554443359375,0.363189697265625,4.737216949462891,0.0,0.0,0.0,0.0,1.7278594970703125,0.42894840240478516,6.8257986307144165,0.0,0.0,0.0,0.0,2.0963172912597656,0.4610443115234375,8.023607850074768,0.0,0.0,0.0,0.0,3.0675086975097656,0.533050537109375,10.05789303779602,0.0,0.0,0.0,0.0,4.133384704589844,0.692603588104248,14.8365159034729,0.0,0.0,0.0,0.0,4.624301433563232,0.5910625457763672,14.322301387786865,0.0,0.0,0.0,0.0,4.347771644592285,0.6344776153564453,13.901152610778809,0.0,0.0,0.0,0.0,5.44064998626709,0.7403512001037598,16.833195686340332,0.0,0.0,0.0,0.0,5.793823719024658,0.7591056823730469,16.774763584136963,0.0,0.0,0.0,0.0,5.6959638595581055,0.7091693878173828,17.02949094772339,0.0,0.0,0.0,0.0,5.116589307785034,0.627249002456665,15.582010507583618,0.0,0.0,0.0,0.0,5.211901783943176,0.6836109161376953,15.460065484046936,0.0,0.0,0.0,0.0,5.07428240776062,0.6639411449432373,14.631282091140747,0.0,0.0,0.0,0.0,4.6496171951293945,0.6644735336303711,14.23293024301529,0.0,0.0,0.0,0.0,4.436356067657471,0.6030964851379395,13.5043044090271,0.005370140075683594,0.0055332183837890625,0.5931587219238281,0.5985288619995117,4.1807942390441895,0.6107311248779297,13.61232304573059,0.06061410903930664,0.2450723648071289,0.6216444969177246,0.6822586059570312,4.299993515014648,0.6337738037109375,14.666960000991821,0.1769270896911621,0.7977433204650879,0.6148204803466797,0.7917475700378418
148,grounded,38,0.71142578125,10.149324834346771,0.9405612349510193,32.27327889204025,0.023401856422424316,0.03421497344970703,0.9294857978820801,0.9528876543045044,9.471227765083313,0.8868780136108398,27.959839046001434,0.01624506711959839,0.027214646339416504,0.8727885484695435,0.8890336155891418,8.656904697418213,0.8446884155273438,25.432441353797913,0.0,0.0,0.0,0.0,1.641510009765625,0.4289264678955078,6.220319747924805,0.0,0.0,0.0,0.0,1.2415046691894531,0.35134124755859375,4.622103929519653,0.0,0.0,0.0,0.0,1.6733474731445312,0.3771209716796875,5.829551696777344,0.0,0.0,0.0,0.0,2.6636734008789062,0.4418315887451172,8.443815469741821,0.0,0.0,0.0,0.0,2.9937076568603516,0.4733924865722656,9.627258896827698,0.0,0.0,0.0,0.0,3.8658370971679688,0.533050537109375,11.807528734207153,0.0,0.0,0.0,0.0,5.447563171386719,0.6946821212768555,17.77177906036377,0.0,0.0,0.0,0.0,6.06888484954834,0.6459693908691406,17.469372749328613,0.0,0.0,0.0,0.0,5.7406721115112305,0.652679443359375,16.719664573669434,0.0,0.0,0.0,0.0,6.84594202041626,0.7499794960021973,19.82852554321289,0.0,0.0,0.0,0.0,7.137746334075928,0.7328348159790039,19.579532146453857,0.0,0.0,0.0,0.0,7.656025767326355,0.7847565412521362,20.6918762922287,0.0,0.0,0.0,0.0,6.680922627449036,0.6667642593383789,18.465190052986145,0.0,0.0,0.0,0.0,6.888916432857513,0.7129549980163574,18.42408460378647,0.0,0.0,0.0,0.0,6.6144256591796875,0.6953535079956055,17.628466606140137,0.002727508544921875,0.002727508544921875,0.5835990905761719,0.5863265991210938,6.406479835510254,0.6942071914672852,17.166206538677216,0.0,0.0,0.0,0.0,5.940718293190002,0.652552604675293,16.264902472496033,0.017182350158691406,0.017182350158691406,0.5813465118408203,0.5985288619995117,5.603533029556274,0.6397173404693604,16.576842308044434,0.06061410903930664,0.2789602279663086,0.6216444969177246,0.6822586059570312,5.539022445678711,0.6287603378295898,17.23022150993347,0.2044825553894043,1.129542350769043,0.5872650146484375,0.7917475700378418
148,hallucinated,41,0.70703125,13.004652082920074,0.9469195604324341,35.128606140613556,0.023401856422424316,0.0360790491104126,0.9294857978820801,0.9528876543045044,12.088793396949768,0.9085744619369507,30.58916538953781,0.007138550281524658,0.012346863746643066,0.8818950653076172,0.8890336155891418,11.12747174501419,0.8570460677146912,27.909696519374847,0.0,0.0,0.0,0.0,1.913665771484375,0.4289264678955078,6.492475509643555,0.0,0.0,0.0,0.0,1.262664794921875,0.35134124755859375,4.643264055252075,0.0,0.0,0.0,0.0,1.7631187438964844,0.3771209716796875,5.919322967529297,0.0,0.0,0.0,0.0,3.051525115966797,0.4418315887451172,8.831667184829712,0.0,0.0,0.0,0.0,3.1756086349487305,0.4733924865722656,9.809159874916077,0.0,0.0,0.0,0.0,4.57459831237793,0.533050537109375,12.516289949417114,0.0,0.0,0.0,0.0,6.029262542724609,0.6946821212768555,18.35347843170166,0.0,0.0,0.0,0.0,6.707338333129883,0.5896701812744141,18.107826232910156,0.0,0.0,0.0,0.0,5.964454650878906,0.652679443359375,16.94344711303711,0.0,0.0,0.0,0.0,7.304550886154175,0.7499794960021973,20.287134408950806,0.0,0.0,0.0,0.0,7.429532527923584,0.7328348159790039,19.871318340301514,0.0,0.0,0.0,0.0,8.05548644065857,0.787156343460083,21.091336965560913,0.0,0.0,0.0,0.0,7.38029408454895,0.6749370098114014,19.16456151008606,0.0,0.0,0.0,0.0,7.383580207824707,0.7276268005371094,18.918748378753662,0.0,0.0,0.0,0.0,6.7026591300964355,0.717926025390625,17.716700077056885,0.002727508544921875,0.002727508544921875,0.5835990905761719,0.5863265991210938,6.130112886428833,0.7087126970291138,16.889839589595795,0.0,0.0,0.0,0.0,5.769837379455566,0.652552604675293,16.094021558761597,0.017182350158691406,0.017182350158691406,0.5813465118408203,0.5985288619995117,5.332778453826904,0.6220359802246094,16.306087732315063,0.06061410903930664,0.2789602279663086,0.6216444969177246,0.6822586059570312,5.586963653564453,0.6287603378295898,17.278162717819214,0.2044825553894043,0.980069637298584,0.5872650146484375,0.7917475700378418
149,grounded,41,0.740234375,12.036413550376892,0.9391595721244812,35.086227893829346,0.02249753475189209,0.030855894088745117,0.9310328960418701,0.9535304307937622,11.321054220199585,0.891690731048584,30.88644176721573,0.02499467134475708,0.06868743896484375,0.8741352558135986,0.8991299271583557,10.514516592025757,0.8719756603240967,28.265759468078613,0.0,0.0,0.0,0.0,1.9481887817382812,0.44251251220703125,6.717472076416016,0.0,0.0,0.0,0.0,1.5118637084960938,0.3513603210449219,4.950859546661377,0.0,0.0,0.0,0.0,1.9423675537109375,0.35949134826660156,6.223749160766602,0.0,0.0,0.0,0.0,3.1799392700195312,0.44231414794921875,9.32464325428009,0.0,0.0,0.0,0.0,3.371755599975586,0.4722900390625,10.600334763526917,0.0,0.0,0.0,0.0,4.288545608520508,0.533050537109375,12.349418878555298,0.0,0.0,0.0,0.0,6.474922180175781,0.6923065185546875,19.33243465423584,0.0,0.0,0.0,0.0,6.9830451011657715,0.5831527709960938,18.707184314727783,0.0,0.0,0.0,0.0,6.642041206359863,0.64801025390625,18.035767555236816,0.0,0.0,0.0,0.0,7.903202056884766,0.7559516429901123,21.617188215255737,0.0,0.0,0.0,0.0,8.472249031066895,0.7305526733398438,21.423344612121582,0.0,0.0,0.0,0.0,8.760570526123047,0.7796802520751953,22.13760995864868,0.0,0.0,0.0,0.0,7.559041321277618,0.677701473236084,19.859616577625275,0.0,0.0,0.0,0.0,7.548214972019196,0.6796340942382812,19.541034877300262,0.0,0.0,0.0,0.0,7.3426361083984375,0.6556377410888672,18.475664138793945,0.0,0.0,0.0,0.0,7.044785976409912,0.6948909759521484,18.21919447183609,0.0,0.0,0.0,0.0,6.480203866958618,0.6383631229400635,17.187567234039307,0.009921073913574219,0.009921073913574219,0.5886077880859375,0.5985288619995117,6.14542031288147,0.6103613376617432,17.430958032608032,0.06061410903930664,0.26987695693969727,0.6216444969177246,0.6822586059570312,6.142202377319336,0.6312828063964844,18.14236807823181,0.1874232292175293,0.9317717552185059,0.6043243408203125,0.7917475700378418
149,hallucinated,39,0.74365234375,10.16444456577301,0.938622236251831,33.214258909225464,0.02249753475189209,0.030855894088745117,0.9310328960418701,0.9535304307937622,9.54998254776001,0.9113568067550659,29.123570144176483,0.014913082122802734,0.04219573736190796,0.839608907699585,0.8545219898223877,8.810367345809937,0.8560495376586914,26.570929408073425,0.0,0.0,0.0,0.0,1.5107498168945312,0.44251251220703125,6.280033111572266,0.0,0.0,0.0,0.0,1.0518417358398438,0.3513603210449219,4.490837574005127,0.0,0.0,0.0,0.0,1.4865341186523438,0.35949134826660156,5.767915725708008,0.0,0.0,0.0,0.0,2.6784706115722656,0.44231414794921875,8.823174595832825,0.0,0.0,0.0,0.0,2.8335981369018555,0.4722900390625,10.062177300453186,0.0,0.0,0.0,0.0,3.5888938903808594,0.533050537109375,11.64976716041565,0.0,0.0,0.0,0.0,5.034486770629883,0.6923065185546875,17.89199924468994,0.0,0.0,0.0,0.0,5.471478462219238,0.5945911407470703,17.19561767578125,0.0,0.0,0.0,0.0,4.927774429321289,0.64801025390625,16.321500778198242,0.0,0.0,0.0,0.0,6.029236793518066,0.7559516429901123,19.743222951889038,0.0,0.0,0.0,0.0,6.236268043518066,0.7305526733398438,19.187363624572754,0.0,0.0,0.0,0.0,6.447485446929932,0.7271251678466797,19.824524879455566,0.0,0.0,0.0,0.0,6.078966856002808,0.6743440628051758,18.379542112350464,0.0,0.0,0.0,0.0,5.6130897998809814,0.6886844635009766,17.60590970516205,0.0,0.0,0.0,0.0,5.4092583656311035,0.6506357192993164,16.54228639602661,0.0,0.0,0.0,0.0,5.137140274047852,0.6656160354614258,16.31154876947403,0.0,0.0,0.0,0.0,4.542232513427734,0.6270847320556641,15.249595880508423,0.009921073913574219,0.009921073913574219,0.5886077880859375,0.5985288619995117,4.4337944984436035,0.6068439483642578,15.719332218170166,0.06061410903930664,0.26987695693969727,0.6216444969177246,0.6822586059570312,4.552239418029785,0.6312828063964844,16.55240511894226,0.1874232292175293,0.8285236358642578,0.6043243408203125,0.7917475700378418
