mean_logprob,min_logprob,perplexity,n_answer_tokens,example_id,label
-2.3829126358032227,-10.884925842285156,10.83641948680438,8,0,grounded
-3.9453279972076416,-10.072823524475098,51.69329058673914,8,0,hallucinated
-2.204812526702881,-12.93988037109375,9.06855129727193,8,1,grounded
-0.47083163261413574,-1.2895207405090332,1.601325354012513,6,1,hallucinated
-1.840261459350586,-8.523956298828125,6.298184765068884,14,2,grounded
-1.6240977048873901,-13.154584884643555,5.0738388711445035,11,2,hallucinated
-0.6734790802001953,-5.991515636444092,1.9610481097756545,12,3,grounded
-0.5432708263397217,-4.429015636444092,1.7216288118272112,12,3,hallucinated
-1.685547947883606,-7.944439888000488,5.395406524106511,16,4,grounded
-1.1248986721038818,-6.604060173034668,3.0799047528374293,13,4,hallucinated
-2.084939479827881,-6.814563751220703,8.04410463636872,12,5,grounded
-2.270435333251953,-11.991223335266113,9.683615496435316,15,5,hallucinated
-2.413249969482422,-10.219430923461914,11.17020504288458,11,6,grounded
-2.2839653491973877,-14.799595832824707,9.815525327275893,9,6,hallucinated
-1.5702680349349976,-7.240277290344238,4.807936716088136,19,7,grounded
-0.7136041522026062,-7.422956943511963,2.0413352992919487,21,7,hallucinated
-0.7315499186515808,-3.775766134262085,2.0782993075286167,11,8,grounded
-0.8928769826889038,-4.834405899047852,2.442145564633247,12,8,hallucinated
-0.8570526838302612,-3.487644910812378,2.3562059659068466,9,9,grounded
-2.809945821762085,-14.876458168029785,16.609018347062644,10,9,hallucinated
-0.31136834621429443,-3.9151434898376465,1.3652920287270371,16,10,grounded
-0.06606492400169373,-0.5373718738555908,1.0682960729705917,16,10,hallucinated
-0.8402939438819885,-1.9795408248901367,2.3170479587626973,8,11,grounded
-1.2442247867584229,-3.339395523071289,3.4702435775633984,8,11,hallucinated
-0.9518269896507263,-10.095590591430664,2.590438042141207,19,12,grounded
-0.3014967739582062,-3.4565677642822266,1.3518807539072588,17,12,hallucinated
-1.444504976272583,-9.31411075592041,4.239752845005528,14,13,grounded
-1.2804113626480103,-6.249701976776123,3.5981195531627614,13,13,hallucinated
-0.9536299109458923,-3.886310577392578,2.5951126107245805,13,14,grounded
-0.8004433512687683,-3.4983534812927246,2.2265278436456875,11,14,hallucinated
-1.5680419206619263,-7.390304088592529,4.797245603774346,19,15,grounded
-0.3761652112007141,-2.0021181106567383,1.4566877750286011,16,15,hallucinated
-1.0853103399276733,-5.237122535705566,2.9603583936066493,15,16,grounded
-1.324192762374878,-8.801664352416992,3.7591496028801865,16,16,hallucinated
-1.8561474084854126,-7.431124210357666,6.39903634852268,10,17,grounded
-2.1397743225097656,-9.916394233703613,8.497519713556931,11,17,hallucinated
-0.4849015176296234,-2.128127098083496,1.6240150641154492,12,18,grounded
-1.1879478693008423,-7.4138994216918945,3.2803426037393497,15,18,hallucinated
-3.1965909004211426,-7.138150691986084,24.449038754927432,4,19,grounded
-1.0261082649230957,-5.616997241973877,2.79018601296119,8,19,hallucinated
-1.4067165851593018,-11.490962028503418,4.08252873803041,16,20,grounded
-1.049842357635498,-9.584712028503418,2.857200666690033,13,20,hallucinated
-2.577512741088867,-10.995116233825684,13.16435424810872,14,21,grounded
-1.036687970161438,-7.113883972167969,2.8198620636697833,18,21,hallucinated
-5.986398696899414,-9.35367488861084,397.97878382826553,6,22,grounded
-2.8283824920654297,-4.345083236694336,16.918073562730193,6,22,hallucinated
-4.84221076965332,-16.69750213623047,126.74925562250782,6,23,grounded
-2.067291736602783,-6.149069309234619,7.9033896463138715,6,23,hallucinated
-1.5886123180389404,-3.917536497116089,4.896948803693589,11,24,grounded
-1.1219507455825806,-3.651928663253784,3.070838789395965,9,24,hallucinated
-3.2725765705108643,-8.276137351989746,26.379219776126643,15,25,grounded
-1.16738760471344,-8.718612670898438,3.2135865049987964,13,25,hallucinated
-1.0621037483215332,-5.381950378417969,2.8924495790616276,15,26,grounded
-1.1725233793258667,-8.944450378417969,3.2301332147019113,15,26,hallucinated
-1.495320200920105,-7.529588222503662,4.460764665144339,14,27,grounded
-1.1941771507263184,-7.529588222503662,3.300840558470936,13,27,hallucinated
-2.3684170246124268,-7.764488220214844,10.680471971166817,13,28,grounded
-2.3618931770324707,-7.701912879943848,10.611020990075097,12,28,hallucinated
-2.260344982147217,-7.194201469421387,9.58639573176225,9,29,grounded
-0.6278423070907593,-4.281022071838379,1.873563639827503,21,29,hallucinated
-1.7297416925430298,-8.70345401763916,5.639197073625333,17,30,grounded
-1.1392210721969604,-8.380582809448242,3.1243337866763867,13,30,hallucinated
-0.6191954612731934,-6.1895904541015625,1.857433063710872,14,31,grounded
-0.4387180805206299,-5.821210861206055,1.550718048132699,15,31,hallucinated
-4.3429155349731445,-19.93769645690918,76.93150918925525,9,32,grounded
-3.5004539489746094,-13.725088119506836,33.1304880967142,12,32,hallucinated
-0.7019228935241699,-4.464535236358643,2.0176286648433317,10,33,grounded
-2.720376968383789,-12.323895454406738,15.186045825232597,12,33,hallucinated
-1.9428339004516602,-7.242186069488525,6.978499347406288,12,34,grounded
-0.30548280477523804,-2.2271814346313477,1.357280146176282,16,34,hallucinated
-1.0346792936325073,-9.448246002197266,2.814203557884117,13,35,grounded
-2.5573227405548096,-14.135746002197266,12.901231095254937,11,35,hallucinated
-1.5367592573165894,-7.253396987915039,4.649498002484445,7,36,grounded
-2.137376546859741,-13.41114616394043,8.47716897570426,7,36,hallucinated
-0.8216241002082825,-2.9504733085632324,2.2741903528636,11,37,grounded
-1.4655197858810425,-12.73170280456543,4.329793220880093,10,37,hallucinated
-1.1671397686004639,-5.469020843505859,3.212790160896175,11,38,grounded
-1.1187293529510498,-5.406520843505859,3.0609623284673897,7,38,hallucinated
-1.9076318740844727,-8.423425674438477,6.737115554728785,15,39,grounded
-0.9881500601768494,-5.454675674438477,2.6862604527624243,13,39,hallucinated
-0.5384061932563782,-3.873208999633789,1.7132740572357792,13,40,grounded
-1.4006017446517944,-7.457498550415039,4.05764089607108,15,40,hallucinated
-2.4909722805023193,-8.750349998474121,12.073008766837113,9,41,grounded
-1.7513158321380615,-4.796359062194824,5.7621797511348225,11,41,hallucinated
-1.7084261178970337,-8.733866691589355,5.520266388423907,11,42,grounded
-1.8919845819473267,-10.340093612670898,6.632518404666312,15,42,hallucinated
-1.8409479856491089,-10.240670204162598,6.302510119107824,11,43,grounded
-1.6399296522140503,-6.091445446014404,5.15480687022898,12,43,hallucinated
-1.4530651569366455,-9.11972713470459,4.276201677052857,13,44,grounded
-1.0626931190490723,-4.456996440887451,2.894154806630655,14,44,hallucinated
-1.6411160230636597,-11.912871360778809,5.160926011903128,12,45,grounded
-1.7036346197128296,-7.5165300369262695,5.4938793093520415,12,45,hallucinated
-1.1935275793075562,-7.598679542541504,3.2986971230188336,15,46,grounded
-2.974534749984741,-9.301847457885742,19.58051129691263,9,46,hallucinated
-1.1087281703948975,-4.506900787353516,3.0305016606711033,15,47,grounded
-1.0673702955245972,-7.756900787353516,2.9077229850564725,12,47,hallucinated
-1.091217041015625,-5.331169128417969,2.9778960897257334,14,48,grounded
-1.1525683403015137,-6.339310169219971,3.1663146490504372,15,48,hallucinated
-2.7911314964294434,-12.060800552368164,16.299452143659803,15,49,grounded
-1.2837700843811035,-6.617941856384277,3.610224953459675,20,49,hallucinated
-1.2106640338897705,-6.958636283874512,3.355712219515268,12,50,grounded
-4.269320964813232,-8.95408821105957,71.47308639719908,5,50,hallucinated
-3.059109926223755,-7.653566360473633,21.308582508359127,13,51,grounded
-4.820603847503662,-14.992546081542969,124.03996939578995,7,51,hallucinated
-3.1432082653045654,-12.878625869750977,23.178109224087617,10,52,grounded
-1.657740592956543,-6.816125869750977,5.247441334557756,10,52,hallucinated
-3.4589295387268066,-8.648946762084961,31.78293589631103,5,53,grounded
-0.8240734934806824,-2.8571126461029053,2.279767567021092,10,53,hallucinated
-2.2804033756256104,-9.308317184448242,9.780624879603549,13,54,grounded
-1.9640657901763916,-8.644585609436035,7.12825019724713,9,54,hallucinated
-1.9358842372894287,-7.007954120635986,6.930169260994199,12,55,grounded
-3.6616604328155518,-16.830381393432617,38.92592312103785,9,55,hallucinated
-1.1465789079666138,-5.38735818862915,3.147406901569592,11,56,grounded
-1.1855016946792603,-5.072163105010986,3.2723281193225833,11,56,hallucinated
-3.6823720932006836,-8.418747901916504,39.74055064431536,7,57,grounded
-0.4263985753059387,-2.6407957077026367,1.5317311636994493,9,57,hallucinated
-2.1605758666992188,-13.802398681640625,8.676132515933315,8,58,grounded
-1.8558884859085083,-11.364898681640625,6.397379708021685,8,58,hallucinated
-2.4635229110717773,-11.45638370513916,11.746119269154175,21,59,grounded
-1.0259559154510498,-6.980960369110107,2.789760961974175,13,59,hallucinated
-1.6634149551391602,-10.484701156616211,5.2773018568095065,10,60,grounded
-6.169098377227783,-7.344879150390625,477.7551569126428,4,60,hallucinated
-5.825978755950928,-11.787959098815918,338.99276194266355,4,61,grounded
-1.1045334339141846,-5.875376224517822,3.0178161296311554,16,61,hallucinated
-1.5137089490890503,-7.7161688804626465,4.543551382440282,17,62,grounded
-2.31465482711792,-8.729365348815918,10.121428673012733,4,62,hallucinated
-3.8212087154388428,-6.5570783615112305,45.659364158663514,4,63,grounded
-1.1329846382141113,-7.009892463684082,3.104909716695616,15,63,hallucinated
-1.5815603733062744,-4.219367027282715,4.862537268101631,15,64,grounded
-0.3539322018623352,-2.469367027282715,1.4246585940060488,11,64,hallucinated
-1.0677779912948608,-6.245450019836426,2.908908693106233,12,65,grounded
-1.3493624925613403,-8.916743278503418,3.854967176919749,10,65,hallucinated
-1.451831340789795,-5.276334285736084,4.2709288838741,15,66,grounded
-0.6950494050979614,-3.4874579906463623,2.0038080698296903,9,66,hallucinated
-0.8114178776741028,-5.383358001708984,2.2510975058638962,7,67,grounded
-0.9829020500183105,-5.383358001708984,2.67219985796096,6,67,hallucinated
-1.3924702405929565,-5.773044109344482,4.024779958147709,13,68,grounded
-0.5575234293937683,-5.110565185546875,1.7463422006004896,11,68,hallucinated
-1.8498330116271973,-4.998565673828125,6.3587575953556525,8,69,grounded
-1.5918374061584473,-7.028133869171143,4.912767389557872,8,69,hallucinated
-5.695101261138916,-9.953994750976562,297.40690782358905,4,70,grounded
-0.7735724449157715,-7.938816547393799,2.1674956980439304,13,70,hallucinated
-4.702796936035156,-6.915986061096191,110.25511811212398,4,71,grounded
-1.2100350856781006,-2.767286539077759,3.35360231389616,7,71,hallucinated
-2.591763973236084,-9.935102462768555,13.353305714215512,7,72,grounded
-3.701937198638916,-10.030077934265137,40.525734766132075,13,72,hallucinated
-1.4930745363235474,-6.198232650756836,4.450758523286597,7,73,grounded
-0.9038329124450684,-3.5445327758789062,2.4690486449197233,7,73,hallucinated
-1.2853991985321045,-10.728899955749512,3.616111215414125,18,74,grounded
-1.0860137939453125,-9.246856689453125,2.9624416022471216,17,74,hallucinated
-2.3800084590911865,-10.302091598510742,10.804994263976425,11,75,grounded
-1.532303810119629,-7.449084281921387,4.628828489795735,21,75,hallucinated
-1.8580106496810913,-7.131516456604004,6.410970411225931,9,76,grounded
-1.1247862577438354,-4.856783390045166,3.0795585467752664,7,76,hallucinated
-1.602970838546753,-10.81128215789795,4.9677689631449296,11,77,grounded
-1.894590139389038,-15.047318458557129,6.6498223457695325,14,77,hallucinated
-2.3559041023254395,-7.417510032653809,10.547660716741992,14,78,grounded
-4.120730876922607,-12.240215301513672,61.60425093987032,10,78,hallucinated
-2.0302817821502686,-6.31698751449585,7.616232174718598,9,79,grounded
-1.005820393562317,-6.413740158081055,2.734149431565942,12,79,hallucinated
-3.584678888320923,-4.583857536315918,36.04178242320654,4,80,grounded
-1.9993009567260742,-4.583857536315918,7.383892633917042,7,80,hallucinated
-1.76571524143219,-7.979329586029053,5.845751987209412,11,81,grounded
-4.908381938934326,-10.531641006469727,135.4201190175522,6,81,hallucinated
-4.059727191925049,-5.736881256103516,57.95849737590824,5,82,grounded
-6.441851615905762,-10.155499458312988,627.5677390806171,4,82,hallucinated
-5.410268783569336,-9.176115036010742,223.69170425571096,4,83,grounded
-6.4644269943237305,-9.728171348571777,641.8964477390792,3,83,hallucinated
-1.1429327726364136,-5.015587329864502,3.1359519259534037,11,84,grounded
-2.5882225036621094,-15.353062629699707,13.306099028176655,13,84,hallucinated
-0.6957569122314453,-3.2906079292297363,2.005226279970964,10,85,grounded
-0.14337114989757538,-0.607624888420105,1.1541580878379964,9,85,hallucinated
-1.7719837427139282,-7.984323978424072,5.882511183199307,8,86,grounded
-3.243870258331299,-11.373208045959473,25.63273532714649,7,86,hallucinated
-4.775888919830322,-11.099223136901855,118.61570762551341,4,87,grounded
-1.4911062717437744,-9.132837295532227,4.442006868543485,13,87,hallucinated
-0.598537027835846,-3.6896350383758545,1.8194550402843006,9,88,grounded
-0.7702387571334839,-5.189635276794434,2.1602819749482673,8,88,hallucinated
-1.7792105674743652,-9.405540466308594,5.925177044330104,7,89,grounded
-1.3892035484313965,-4.070640563964844,4.011653692413949,7,89,hallucinated
-1.49923837184906,-9.172977447509766,4.478276989311756,12,90,grounded
-0.8542762994766235,-6.403186321258545,2.349673305313798,17,90,hallucinated
-1.3924157619476318,-8.219904899597168,4.024560699560369,14,91,grounded
-1.5827592611312866,-13.284796714782715,4.868370400768216,12,91,hallucinated
-3.995896100997925,-14.821187019348145,54.3745438820691,13,92,grounded
-4.382283687591553,-6.20570182800293,80.02056687668828,6,92,hallucinated
-1.223309874534607,-7.494326591491699,3.3984174743090794,12,93,grounded
-1.9697048664093018,-10.497817993164062,7.168560493112867,10,93,hallucinated
-2.9345626831054688,-7.426321029663086,18.813273973390046,8,94,grounded
-3.913670539855957,-13.488821029663086,50.08244461791499,9,94,hallucinated
-1.2998510599136353,-4.2466301918029785,3.6687502029529284,10,95,grounded
-1.3306498527526855,-5.44881010055542,3.783501307578758,11,95,hallucinated
-2.2913639545440674,-10.600954055786133,9.888415837002213,9,96,grounded
-4.666799068450928,-10.611433982849121,106.35675629027837,9,96,hallucinated
-5.563737392425537,-13.539834976196289,260.79571310212197,10,97,grounded
-2.0257186889648438,-9.698759078979492,7.581557769021031,9,97,hallucinated
-0.9760473370552063,-3.6954190731048584,2.653945331202395,7,98,grounded
-1.747179388999939,-5.1954193115234375,5.738394050256959,6,98,hallucinated
-1.237328052520752,-4.04073429107666,3.4463925714334867,16,99,grounded
-1.1976171731948853,-6.439566612243652,3.3122150772403645,10,99,hallucinated
-0.5405418276786804,-3.1894965171813965,1.716936894135369,7,100,grounded
-0.5385240316390991,-1.8218441009521484,1.7134759585754715,8,100,hallucinated
-0.9876375794410706,-2.2750191688537598,2.684884148723875,7,101,grounded
-0.5965406894683838,-1.7750192880630493,1.8158264155659984,6,101,hallucinated
-1.292040228843689,-7.165921688079834,3.6402058376096593,10,102,grounded
-1.51381516456604,-4.650423526763916,4.544034003548057,4,102,hallucinated
-1.8883634805679321,-5.8315606117248535,6.608544814718017,7,103,grounded
-0.46269771456718445,-2.003410816192627,1.5883531338251835,5,103,hallucinated
-1.837333083152771,-6.946210861206055,6.2797682890591116,11,104,grounded
-0.502647340297699,-2.4823110103607178,1.6530917795192588,6,104,hallucinated
-2.5213139057159424,-13.570636749267578,12.444937400517977,8,105,grounded
-2.270880699157715,-6.405842304229736,9.687929209140915,6,105,hallucinated
-2.6455283164978027,-9.6504545211792,14.09088756532768,11,106,grounded
-1.3997595310211182,-5.449431419372559,4.054224934286726,7,106,hallucinated
-0.7800206542015076,-1.6351152658462524,2.181517322531263,5,107,grounded
-2.142598867416382,-5.931827545166016,8.521555268354927,4,107,hallucinated
-3.6906847953796387,-11.131287574768066,40.07227887501466,12,108,grounded
-2.8216116428375244,-5.861464500427246,16.8039107631056,4,108,hallucinated
-3.715125799179077,-6.275898456573486,41.063752545840615,4,109,grounded
-0.3192945718765259,-1.461305022239685,1.3761566422500644,8,109,hallucinated
-4.0759782791137695,-8.347176551818848,58.908080954366014,4,110,grounded
-1.2116241455078125,-4.223123550415039,3.358935624970929,8,110,hallucinated
-6.380061149597168,-9.690338134765625,589.9637826031231,4,111,grounded
-0.48409682512283325,-3.3671517372131348,1.622708757020696,10,111,hallucinated
-5.129304885864258,-11.372631072998047,168.8996726806472,4,112,grounded
-2.122035264968872,-11.149402618408203,8.348110826729357,9,112,hallucinated
-0.5396358966827393,-4.380270481109619,1.7153821721266573,14,113,grounded
-1.3676860332489014,-8.115768432617188,3.926254952489211,11,113,hallucinated
-0.5988719463348389,-4.523130416870117,1.8200645114912717,11,114,grounded
-0.42919886112213135,-2.0439341068267822,1.5360264599731601,9,114,hallucinated
-5.759627342224121,-9.996657371520996,317.2300886283671,4,115,grounded
-0.5381577610969543,-6.348584175109863,1.7128484777280621,15,115,hallucinated
-1.4691921472549438,-4.876958847045898,4.3457230183451365,8,116,grounded
-0.4592309594154358,-2.217775344848633,1.5828562361202387,11,116,hallucinated
-1.8446495532989502,-5.852183818817139,6.325882517247333,8,117,grounded
-0.8537590503692627,-5.113009452819824,2.3484582531634453,12,117,hallucinated
-1.9723645448684692,-6.482575416564941,7.187651936335556,8,118,grounded
-0.4830402433872223,-3.560394763946533,1.620995138034492,8,118,hallucinated
-2.0660924911499023,-7.696187496185303,7.893917223233599,8,119,grounded
-0.35113653540611267,-3.308246612548828,1.4206812859670226,10,119,hallucinated
-2.1239285469055176,-7.261536598205566,8.363931125580066,8,120,grounded
-0.681787371635437,-2.7615363597869873,1.9774089401512003,9,120,hallucinated
-2.517751693725586,-5.314661502838135,12.400684760727426,8,121,grounded
-0.8540629148483276,-6.265934944152832,2.349171974638959,11,121,hallucinated
-1.9780535697937012,-5.125319957733154,7.228659202434768,6,122,grounded
-1.4329721927642822,-4.795083999633789,4.1911375668929916,9,122,hallucinated
-2.013927936553955,-3.73380708694458,7.492690434387027,6,123,grounded
-1.5383776426315308,-7.262220859527588,4.657028773974812,11,123,hallucinated
-3.4218263626098633,-8.358659744262695,30.625296872378673,6,124,grounded
-0.5830953121185303,-2.5030899047851562,1.7915753419623806,8,124,hallucinated
-3.290170192718506,-5.458498954772949,26.84743250461801,6,125,grounded
-0.6959705352783203,-2.9697296619415283,2.0056546882758797,8,125,hallucinated
-0.4196758270263672,-5.240941524505615,1.5214682567767903,19,126,grounded
-0.25195738673210144,-2.3034415245056152,1.2865412123913689,20,126,hallucinated
-5.459098815917969,-10.343033790588379,234.88565374516216,4,127,grounded
-0.4986326992511749,-5.537337303161621,1.6464685133214843,15,127,hallucinated
-0.3056935966014862,-4.109168529510498,1.35756627989329,24,128,grounded
-0.8138309121131897,-6.135058403015137,2.2565360407183106,17,128,hallucinated
-0.38484492897987366,-3.351069450378418,1.4693864445181362,18,129,grounded
-0.40946605801582336,-4.194819450378418,1.506013446589041,19,129,hallucinated
-0.4489767253398895,-6.801918983459473,1.5667081921744324,19,130,grounded
-0.1485418826341629,-1.0441328287124634,1.1601413865341768,18,130,hallucinated
-0.9366431832313538,-4.093077659606934,2.5514024368670345,15,131,grounded
-0.8151382803916931,-4.596590995788574,2.2594880936469495,14,131,hallucinated
-0.9104121327400208,-9.550928115844727,2.4853466150518924,25,132,grounded
-0.21667493879795074,-1.2540173530578613,1.2419403298994642,22,132,hallucinated
-0.6889134049415588,-5.195201873779297,1.9915503483493602,14,133,grounded
-0.903354287147522,-5.167078495025635,2.4678671785397954,12,133,hallucinated
-0.9115216732025146,-5.630056381225586,2.488105738080877,17,134,grounded
-0.7681393623352051,-5.630056381225586,2.155751447554077,17,134,hallucinated
-0.26176849007606506,-2.6270761489868164,1.2992257239609664,26,135,grounded
-0.19430266320705414,-2.336211919784546,1.2144638008451711,27,135,hallucinated
-1.922946810722351,-6.987308979034424,6.841088187512825,10,136,grounded
-0.7439724802970886,-4.826310157775879,2.1042781365094902,9,136,hallucinated
-6.431476593017578,-11.558708190917969,621.0903689579088,4,137,grounded
-0.6569175124168396,-3.5051662921905518,1.9288375435547338,10,137,hallucinated
-1.8879255056381226,-6.619502067565918,6.6056510715063945,9,138,grounded
-1.171547770500183,-5.632447242736816,3.226983404970437,13,138,hallucinated
-2.6193761825561523,-12.360258102416992,13.727157673162106,8,139,grounded
-2.2729134559631348,-13.94599723815918,9.707642442487757,8,139,hallucinated
-1.5447450876235962,-4.66965913772583,4.686776757334061,9,140,grounded
-1.1671626567840576,-3.295290470123291,3.2128636966687725,9,140,hallucinated
-2.0946929454803467,-10.885868072509766,8.1229463998427,11,141,grounded
-1.9994964599609375,-10.527423858642578,7.385336349933834,10,141,hallucinated
-2.381240129470825,-10.324491500854492,10.818310654381918,11,142,grounded
-1.6490715742111206,-8.324491500854492,5.2021477762735495,12,142,hallucinated
-2.3500277996063232,-9.350993156433105,10.485861223489753,8,143,grounded
-4.428598403930664,-13.528983116149902,83.81386136817102,8,143,hallucinated
-0.7002838253974915,-2.866501808166504,2.014324342751592,15,144,grounded
-1.7015444040298462,-11.545111656188965,5.482407909685507,9,144,hallucinated
-2.3657422065734863,-4.890244483947754,10.651941825558275,8,145,grounded
-1.926278829574585,-9.14460563659668,6.863920840614031,13,145,hallucinated
-2.4711103439331055,-13.492548942565918,11.835581124213082,12,146,grounded
-0.9641842246055603,-4.185495376586914,2.6226472924356523,5,146,hallucinated
-3.4885196685791016,-11.276996612548828,32.7374495432122,8,147,grounded
-3.652209758758545,-14.276996612548828,38.5597797850935,8,147,hallucinated
-1.9893194437026978,-5.9625349044799805,7.310556823475124,9,148,grounded
-1.8665639162063599,-10.799107551574707,6.466040327941325,13,148,hallucinated
-2.927391529083252,-10.734784126281738,18.678843674348933,10,149,grounded
-2.5054569244384766,-19.378337860107422,12.249154625405886,10,149,hallucinated
-4.614186763763428,-10.595146179199219,100.90573495612553,7,150,grounded
-1.4525419473648071,-10.946953773498535,4.273964912603622,9,150,hallucinated
-4.408975601196289,-14.834606170654297,82.18522991596572,6,151,grounded
-2.7573392391204834,-7.833462715148926,15.757859223336752,5,151,hallucinated
-1.1411947011947632,-6.236387252807617,3.1305061514120442,13,152,grounded
-1.1369998455047607,-7.7045207023620605,3.117401634864581,15,152,hallucinated
-3.0440781116485596,-10.250044822692871,20.990671225090317,11,153,grounded
-2.0196950435638428,-10.22350025177002,7.5360264234461125,7,153,hallucinated
-0.711962103843689,-4.323553085327148,2.0379860785575,9,154,grounded
-0.406843364238739,-1.923685908317566,1.502068809543089,9,154,hallucinated
-2.2606258392333984,-4.276814937591553,9.589088517060674,5,155,grounded
-1.5466469526290894,-8.838484764099121,4.69569885566135,7,155,hallucinated
-2.3875606060028076,-13.371187210083008,10.886904076195274,12,156,grounded
-2.7139241695404053,-13.621187210083008,15.088368810288209,13,156,hallucinated
-0.5607179403305054,-4.40186882019043,1.7519298299794082,9,157,grounded
-0.6923052072525024,-4.77686882019043,1.998316762105243,9,157,hallucinated
-2.6696367263793945,-5.398877143859863,14.434724485602345,9,158,grounded
-0.9718429446220398,-3.0702273845672607,2.6428105274785216,6,158,hallucinated
-3.4984405040740967,-7.625553131103516,33.06384879419904,9,159,grounded
-2.2012887001037598,-7.989598751068115,9.036651532623912,6,159,hallucinated
-0.4786086678504944,-2.4671077728271484,1.6138274693985153,6,160,grounded
-0.11577382683753967,-0.467107892036438,1.1227419093262927,7,160,hallucinated
-0.6363246440887451,-2.1891403198242188,1.889523430476861,6,161,grounded
-0.34469708800315857,-1.3900599479675293,1.4115622757540784,7,161,hallucinated
-3.347241163253784,-8.611695289611816,28.424207624862795,6,162,grounded
-0.6092972159385681,-3.783320426940918,1.839138427321499,10,162,hallucinated
-1.0338170528411865,-2.841197967529297,2.811778082603562,6,163,grounded
-0.5711572170257568,-2.316338539123535,1.7703145046170932,7,163,hallucinated
-0.6524031758308411,-3.2587523460388184,1.9201497462382726,6,164,grounded
-0.17203372716903687,-0.7587522268295288,1.1877178909004604,7,164,hallucinated
-0.4407327175140381,-2.1575610637664795,1.5538453311911407,6,165,grounded
-0.13946813344955444,-0.6575610637664795,1.149662169366813,7,165,hallucinated
-0.24718785285949707,-1.7276082038879395,1.2804196206746146,8,166,grounded
-0.1062995195388794,-0.7276081442832947,1.1121549387591343,9,166,hallucinated
-0.35640060901641846,-3.0529613494873047,1.4281795752915287,23,167,grounded
-1.7950451374053955,-7.507002353668213,6.019746431410123,7,167,hallucinated
-1.3414226770401,-4.883398056030273,3.8244806376010936,9,168,grounded
-3.5592541694641113,-11.865195274353027,35.13698113650144,5,168,hallucinated
-0.9174060821533203,-3.3061466217041016,2.502789931284007,5,169,grounded
-2.148656129837036,-9.462396621704102,8.573329210724626,5,169,hallucinated
-2.489415168762207,-6.631621837615967,12.054224371644317,4,170,grounded
-2.444122076034546,-8.881622314453125,11.520431095299452,5,170,hallucinated
-1.0416878461837769,-5.448555946350098,2.833996329732303,7,171,grounded
-1.9087514877319336,-4.016160488128662,6.744662745428846,11,171,hallucinated
-1.164011836051941,-5.108644485473633,3.202756470514466,7,172,grounded
-2.1212940216064453,-6.293209075927734,8.341925137823887,11,172,hallucinated
-1.1581709384918213,-5.018329620361328,3.184104024602095,10,173,grounded
-0.597960889339447,-3.578381299972534,1.818407084106062,11,173,hallucinated
-1.2202892303466797,-4.893751621246338,3.388167552793688,10,174,grounded
-0.7158178687095642,-3.8595476150512695,2.0458592424565767,11,174,hallucinated
-2.631568670272827,-6.242398738861084,13.895550351252645,10,175,grounded
-1.9184677600860596,-5.570100784301758,6.810515127368641,10,175,hallucinated
-2.1935040950775146,-7.506680011749268,8.966577871442215,14,176,grounded
-2.6844797134399414,-9.122668266296387,14.650576898719551,16,176,hallucinated
-1.8829398155212402,-10.880419731140137,6.572799304658219,11,177,grounded
-1.770082712173462,-9.024922370910645,5.871338972506896,11,177,hallucinated
-1.366227388381958,-4.4785990715026855,3.9205321156644115,8,178,grounded
-2.334188938140869,-9.437431335449219,10.32108549494665,5,178,hallucinated
-1.0724912881851196,-3.571460008621216,2.922651605174105,10,179,grounded
-1.7836318016052246,-9.750472068786621,5.9514316353897145,7,179,hallucinated
-2.625188112258911,-7.913357257843018,13.807171239961722,9,180,grounded
-3.3398566246032715,-12.510065078735352,28.21508106695133,6,180,hallucinated
-1.0595992803573608,-4.956888198852539,2.885214595426952,14,181,grounded
-1.6399190425872803,-11.529051780700684,5.154752179942138,13,181,hallucinated
-2.1665706634521484,-6.275252342224121,8.728300378602517,15,182,grounded
-3.1871299743652344,-13.505858421325684,24.218818970535732,19,183,grounded
-0.795487642288208,-8.754258155822754,2.2155211152131598,13,183,hallucinated
-2.8067233562469482,-11.89605712890625,16.55558250202399,12,184,grounded
-1.6988095045089722,-10.769618034362793,5.4674345595571,8,184,hallucinated
-2.983362913131714,-10.757630348205566,19.7541365133684,17,185,grounded
-0.9300696849822998,-3.6983957290649414,2.534685800998963,14,185,hallucinated
-2.1002893447875977,-11.024567604064941,8.168533093136991,17,186,grounded
-1.4423766136169434,-7.683245658874512,4.230738709458593,9,186,hallucinated
-1.8262176513671875,-11.141982078552246,6.2103524611713254,18,187,grounded
-0.03450103476643562,-0.26763924956321716,1.0351030994655048,15,187,hallucinated
-2.0086750984191895,-8.731823921203613,7.453435733895749,19,188,grounded
-0.6008308529853821,-2.8596417903900146,1.8236333423292537,15,188,hallucinated
-1.665299415588379,-9.57026195526123,5.287256099679963,16,189,grounded
-0.4315511882305145,-2.021784543991089,1.5396439497456793,15,189,hallucinated
-1.7784295082092285,-8.789031982421875,5.920550936769321,19,190,grounded
-2.2861599922180176,-13.45697021484375,9.837090556763739,14,190,hallucinated
-2.6553423404693604,-7.4758219718933105,14.229856681392667,15,191,grounded
-0.7127612233161926,-3.6787164211273193,2.039615323811669,16,191,hallucinated
-1.2158530950546265,-10.628767967224121,3.373170472270768,17,192,grounded
-0.38383522629737854,-2.8296961784362793,1.4679035498508302,15,192,hallucinated
-2.8628971576690674,-9.566829681396484,17.51218908593905,18,193,grounded
-0.5430249571800232,-5.159117221832275,1.7212055684313157,12,193,hallucinated
-3.5229203701019287,-10.965399742126465,33.88323570527937,10,194,grounded
-1.3544734716415405,-8.001235008239746,3.8747202693375544,13,194,hallucinated
-1.852718710899353,-12.438604354858398,6.377133558520366,10,195,grounded
-2.2454276084899902,-13.251104354858398,9.444453221509736,8,195,hallucinated
-1.2360743284225464,-7.625680923461914,3.4420744534447048,13,196,grounded
-1.301790714263916,-6.521450519561768,3.675873216102683,10,196,hallucinated
-0.4633396863937378,-3.260810136795044,1.5893731391600299,8,197,grounded
-0.2178022265434265,-0.6609372496604919,1.2433411434255894,9,197,hallucinated
-0.4583413004875183,-3.048569440841675,1.581448660162264,7,198,grounded
-0.11692677438259125,-0.5485695004463196,1.1240371183649422,8,198,hallucinated
-1.6072005033493042,-3.4817512035369873,4.988825460246046,6,199,grounded
-0.5380820631980896,-2.801265239715576,1.7127188236045587,9,199,hallucinated
-1.1139315366744995,-7.7946672439575195,3.046311567519493,13,200,grounded
-1.8268918991088867,-6.768686294555664,6.214541189254965,14,200,hallucinated
-1.9494688510894775,-9.849797248840332,7.024955292126681,18,201,grounded
-1.739366054534912,-8.51317310333252,5.693732762247964,13,201,hallucinated
-2.169837474822998,-9.987447738647461,8.756860714743167,10,202,grounded
-2.065531015396118,-9.578878402709961,7.88948622417605,10,202,hallucinated
-1.872481107711792,-6.875542640686035,6.504414548683288,17,203,grounded
-1.9456905126571655,-13.656792640686035,6.998462714041121,11,203,hallucinated
-3.5977485179901123,-7.4261064529418945,36.51592686901547,5,204,grounded
-1.8217666149139404,-7.562192440032959,6.182771383705462,12,204,hallucinated
-0.43009433150291443,-2.75346302986145,1.5374025422006503,10,205,grounded
-0.9771996140480042,-3.3488638401031494,2.657005173902298,8,205,hallucinated
-6.097036838531494,-9.999930381774902,444.53857697411394,4,206,grounded
-1.9928072690963745,-9.406517028808594,7.33609928713914,11,206,hallucinated
-0.6278049349784851,-1.3560982942581177,1.873493622105166,7,207,grounded
-0.6538248062133789,-3.106098175048828,1.9228814307193056,8,207,hallucinated
-2.3838164806365967,-9.025091171264648,10.846218356231466,8,208,grounded
-3.1183371543884277,-8.156329154968262,22.608753502069415,8,208,hallucinated
-2.9546165466308594,-12.542491912841797,19.194361166059437,15,209,grounded
-1.529850721359253,-7.005096912384033,4.617487478594444,12,209,hallucinated
-0.8145837783813477,-8.146594047546387,2.2582355502576776,12,210,grounded
-0.5090758204460144,-3.396594285964966,1.6637528778221924,10,210,hallucinated
-2.7535102367401123,-12.116158485412598,15.697637710595776,14,211,grounded
-0.18370476365089417,-1.5849864482879639,1.201660996714523,17,211,hallucinated
-2.8404393196105957,-8.644059181213379,17.123286480524698,10,212,grounded
-0.45094361901283264,-3.560947895050049,1.5697927731319172,14,212,hallucinated
-1.4483672380447388,-6.116026878356934,4.256159543429267,13,213,grounded
-1.0880287885665894,-3.9183850288391113,2.968416924240583,10,213,hallucinated
-1.378283143043518,-12.45583438873291,3.968083144838788,14,214,grounded
-1.6238844394683838,-7.37234354019165,5.072756912147998,10,214,hallucinated
-1.8422951698303223,-6.863204002380371,6.311006482840625,13,215,grounded
-1.2338184118270874,-6.720358848571777,3.4343181726131093,12,215,hallucinated
-3.972990036010742,-10.340864181518555,53.14319358034526,11,216,grounded
-3.8532636165618896,-13.81382942199707,47.14668110961015,10,216,hallucinated
-2.273106336593628,-19.38364028930664,9.709515039270684,14,217,grounded
-0.9953321814537048,-6.967647552490234,2.705622949785286,10,217,hallucinated
-1.496046543121338,-11.230256080627441,4.46400588374483,12,218,grounded
-2.035257339477539,-12.999853134155273,7.654221605444212,9,218,hallucinated
-0.982194185256958,-11.662859916687012,2.6703089711712376,19,219,grounded
-0.4399280250072479,-3.993497371673584,1.552595466442263,15,219,hallucinated
-1.8374274969100952,-11.68714714050293,6.2803612135680815,10,220,grounded
-1.3507057428359985,-11.60494327545166,3.8601488419963474,13,220,hallucinated
-2.930004119873047,-12.299400329589844,18.727707652291965,16,221,grounded
-2.4899425506591797,-9.509478569030762,12.060583227985445,4,221,hallucinated
-1.6842408180236816,-5.800476551055908,5.388358634389466,8,222,grounded
-0.4105726182460785,-3.1530256271362305,1.5076808635537733,8,222,hallucinated
-2.5356698036193848,-10.96526050567627,12.624884209812748,9,223,grounded
-1.8149067163467407,-10.96526050567627,6.140503342142664,9,223,hallucinated
-1.2769588232040405,-12.34614086151123,3.585718323666924,10,224,grounded
-1.0362929105758667,-7.9398908615112305,2.81874827015343,10,224,hallucinated
-1.9640138149261475,-4.378756523132324,7.127879714287381,7,225,grounded
-1.3657995462417603,-3.991363286972046,3.918855105586703,7,225,hallucinated
-2.5729191303253174,-9.085577011108398,13.10402100854101,18,226,grounded
-0.37511834502220154,-5.852663993835449,1.4551636157988426,17,226,hallucinated
-1.0172642469406128,-8.594086647033691,2.765618356220209,12,227,grounded
-1.350820541381836,-8.594086647033691,3.8605920069069817,13,227,hallucinated
-0.9064608812332153,-6.762763977050781,2.4755457610650016,14,228,grounded
-0.9977397918701172,-4.600624084472656,2.712144883769758,12,228,hallucinated
-0.44698554277420044,-3.5276265144348145,1.5635916939248355,10,229,grounded
-0.47373145818710327,-2.6526265144348145,1.6059756575005129,8,229,hallucinated
-1.5123876333236694,-9.756996154785156,4.5375518808587225,12,230,grounded
-1.4179311990737915,-9.305242538452148,4.128570408858663,14,230,hallucinated
-1.424878478050232,-8.925087928771973,4.157352602463612,11,231,grounded
-1.4663705825805664,-5.173300266265869,4.3334785621778416,13,231,hallucinated
-1.964118480682373,-6.71046257019043,7.128625798252002,8,232,grounded
-3.3985633850097656,-15.964515686035156,29.921084078191384,10,232,hallucinated
-2.570112466812134,-10.412158966064453,13.067293995193822,11,233,grounded
-2.132753849029541,-7.974658489227295,8.438072021399915,11,233,hallucinated
-3.34686541557312,-7.267011642456055,28.413529301076373,5,234,grounded
-2.040177583694458,-3.752690315246582,7.6919750469457515,5,234,hallucinated
-3.4722936153411865,-12.102088928222656,32.21053636532389,9,235,grounded
-4.865627288818359,-10.346552848815918,129.75230525919233,6,235,hallucinated
-1.7974423170089722,-11.438962936401367,6.034194154749439,10,236,grounded
-1.5555299520492554,-7.941203594207764,4.737596559006879,12,236,hallucinated
-1.0685393810272217,-13.030736923217773,2.9111243496995924,20,237,grounded
-1.3087692260742188,-10.152092933654785,3.7016150561537557,20,237,hallucinated
-2.0688371658325195,-4.377432823181152,7.915613218587373,4,238,grounded
-0.7515122294425964,-2.047283887863159,2.120203828206334,5,238,hallucinated
-0.6621612906455994,-4.782078742980957,1.9389785051118213,10,239,grounded
-1.136684775352478,-5.960744380950928,3.116419589371493,10,239,hallucinated
-0.3987730145454407,-5.109253406524658,1.489995372943413,15,240,grounded
-0.8339565396308899,-5.921018123626709,2.3024103204849067,13,240,hallucinated
-0.7345882058143616,-5.75819730758667,2.0846233799442238,10,241,grounded
-1.1279046535491943,-5.194041728973389,3.0891768182242387,9,241,hallucinated
-2.7879245281219482,-8.640715599060059,16.247264044723213,12,242,grounded
-2.244154214859009,-7.81266450881958,9.432434368918614,8,242,hallucinated
-1.6835428476333618,-7.170286655426025,5.384599031808506,18,243,grounded
-0.20195774734020233,-1.2387748956680298,1.2237962983702722,14,243,hallucinated
-0.4010266065597534,-3.251032590866089,1.4933570010636663,9,244,grounded
-0.5193938612937927,-3.376032590866089,1.6810084165650254,10,244,hallucinated
-0.898992657661438,-3.1794447898864746,2.457126696315191,8,245,grounded
-2.067718982696533,-5.259679317474365,7.906767060109693,7,245,hallucinated
-1.9870437383651733,-10.636988639831543,7.293939066023049,13,246,grounded
-0.23408065736293793,-2.106613874435425,1.2637464185507101,10,246,hallucinated
-1.3973709344863892,-12.520587921142578,4.044552582928858,16,247,grounded
-1.2922301292419434,-10.466554641723633,3.6408971797889493,14,247,hallucinated
-1.3674010038375854,-4.870299339294434,3.9251360138242166,21,248,grounded
-1.3346010446548462,-5.886066436767578,3.798480220098546,17,248,hallucinated
-0.9343066811561584,-6.0505218505859375,2.5454480387193255,18,249,grounded
-0.7816644310951233,-5.7380218505859375,2.1851061991471936,17,249,hallucinated
-1.2660454511642456,-4.912771224975586,3.546798803453636,15,250,grounded
-1.2177841663360596,-5.162771224975586,3.379690598285048,14,250,hallucinated
-1.5871613025665283,-5.761826992034912,4.889848407849726,15,251,grounded
-0.9498871564865112,-4.532851219177246,2.58541789521518,12,251,hallucinated
-1.8617461919784546,-5.90907096862793,6.434963648339573,14,252,grounded
-1.5775434970855713,-9.151850700378418,4.843044234539084,15,252,hallucinated
-1.4482914209365845,-4.14359712600708,4.255836865953232,10,253,grounded
-1.988335371017456,-4.574378490447998,7.303366242798532,6,253,hallucinated
-1.9448570013046265,-8.829580307006836,6.9926318463034525,11,254,grounded
-1.9891996383666992,-7.488670825958252,7.309681032221832,7,254,hallucinated
-0.391861230134964,-2.7264578342437744,1.4797323548947923,19,255,grounded
-0.1506550908088684,-1.0182870626449585,1.1625955990136478,19,255,hallucinated
-1.4717369079589844,-4.622361183166504,4.356795926488125,13,256,grounded
-2.286604881286621,-12.54927921295166,9.841467944473077,9,256,hallucinated
-0.760297954082489,-3.836278200149536,2.1389134235501164,10,257,grounded
-0.7170384526252747,-3.9706997871398926,2.0483579099481877,9,257,hallucinated
-2.394554376602173,-12.611246109008789,10.963311462265093,11,258,grounded
-2.2590243816375732,-6.526316165924072,9.573744288263269,9,258,hallucinated
-1.5522878170013428,-6.167532444000244,4.722261503752892,6,259,grounded
-2.8003976345062256,-13.272424697875977,16.45118703032613,6,259,hallucinated
-0.8646613955497742,-2.3322596549987793,2.374202034482476,6,260,grounded
-1.199141025543213,-3.7697596549987793,3.3172662516084896,5,260,hallucinated
-1.1610242128372192,-4.662248611450195,3.1932021204378596,9,261,grounded
-0.7396786212921143,-3.0868582725524902,2.095262033673899,9,261,hallucinated
-0.5257375240325928,-1.6755130290985107,1.6917060622744566,5,262,grounded
-1.0571988821029663,-4.80051326751709,2.878297236877663,5,262,hallucinated
-0.23213256895542145,-3.231271743774414,1.2612869252357233,18,263,grounded
-0.08452369272708893,-1.2312716245651245,1.0881986263196508,18,263,hallucinated
-1.4822235107421875,-4.835195064544678,4.402724310245006,9,264,grounded
-2.5859951972961426,-8.503941535949707,13.27649524968559,9,264,hallucinated
-1.2894560098648071,-6.674318313598633,3.6308108931224297,11,265,grounded
-0.966217041015625,-5.421530246734619,2.6279840754017383,12,265,hallucinated
-0.3074193000793457,-1.8477835655212402,1.3599110593590595,10,266,grounded
-0.6058327555656433,-3.7160708904266357,1.832777829501183,10,266,hallucinated
-0.28792449831962585,-0.7867597937583923,1.3336566070071605,6,267,grounded
-1.5615482330322266,-5.161759853363037,4.766194715836621,6,267,hallucinated
-0.9844807386398315,-6.372248649597168,2.6764217611295607,12,268,grounded
-0.883906900882721,-5.819306373596191,2.420337276429181,11,268,hallucinated
-1.63298761844635,-9.987622261047363,5.1191459497406315,10,269,grounded
-1.0268052816390991,-5.762991428375244,2.792131497191733,10,269,hallucinated
-1.0574185848236084,-7.650234222412109,2.878929676083185,14,270,grounded
-0.9558475613594055,-7.301085948944092,2.600874049346021,17,270,hallucinated
-0.9245908260345459,-4.914422512054443,2.5208365886027098,13,271,grounded
-0.8343896865844727,-4.9086809158325195,2.303407818517144,12,271,hallucinated
-1.5912061929702759,-15.28255558013916,4.909667364482449,26,272,grounded
-0.7571349143981934,-7.149575710296631,2.1321586439598015,13,272,hallucinated
-1.6442233324050903,-11.750893592834473,5.1769875466655115,11,273,grounded
-2.0502336025238037,-8.405492782592773,7.7697159195740895,9,273,hallucinated
-0.39137333631515503,-4.829807281494141,1.4790105787132546,14,274,grounded
-0.27049729228019714,-3.0798072814941406,1.3106160479456332,14,274,hallucinated
-0.6323915123939514,-5.806920051574707,1.8821062818572023,22,275,grounded
-0.6578486561775208,-4.431920051574707,1.930634405037134,21,275,hallucinated
-2.698167324066162,-12.068564414978027,14.852486971666039,8,276,grounded
-3.3075814247131348,-11.899295806884766,27.318972514410085,7,276,hallucinated
-0.8749497532844543,-5.728028774261475,2.398754761390781,15,277,grounded
-1.0179390907287598,-6.614776134490967,2.7674853464808247,18,277,hallucinated
-0.573762059211731,-4.21943998336792,1.7749319057109079,27,278,grounded
-0.4453016221523285,-5.958155155181885,1.5609609452348763,26,278,hallucinated
-1.3931320905685425,-8.907154083251953,4.027444640377412,13,279,grounded
-0.1574476659297943,-1.9063037633895874,1.1705194983291216,15,279,hallucinated
-2.748324155807495,-9.625934600830078,15.616439223928428,11,280,grounded
-0.391132116317749,-1.7057461738586426,1.478653854811493,8,280,hallucinated
-3.343615770339966,-8.370851516723633,28.321345274840176,7,281,grounded
-1.457951545715332,-9.393255233764648,4.297147995192401,13,281,hallucinated
-3.3664731979370117,-10.389962196350098,28.976153480366044,14,282,grounded
-0.7196450233459473,-3.6995811462402344,2.0537040642394304,9,282,hallucinated
-1.6931488513946533,-11.901695251464844,5.436572740524929,15,283,grounded
-0.5087414383888245,-5.433168888092041,1.6631966417151203,15,283,hallucinated
-0.823553740978241,-3.5289535522460938,2.278582960001047,16,284,grounded
-0.8355300426483154,-3.5289535522460938,2.3060360218494838,16,284,hallucinated
-1.103062391281128,-10.153337478637695,3.0133800570716303,14,285,grounded
-1.5854209661483765,-9.626111030578613,4.88134582740753,15,285,hallucinated
-1.5879243612289429,-7.730020999908447,4.893581072975344,9,286,grounded
-0.7903170585632324,-7.151996612548828,2.204095142722243,11,286,hallucinated
-2.0617008209228516,-12.041791915893555,7.8593257547471005,18,287,grounded
-0.6540439128875732,-3.5989019870758057,1.9233027930344226,11,287,hallucinated
-0.9854651093482971,-4.601706027984619,2.6790576494474974,13,288,grounded
-1.305417537689209,-7.06241512298584,3.689229164384125,11,288,hallucinated
-0.725691020488739,-6.657727241516113,2.0661583645380364,16,289,grounded
-0.9220860600471497,-5.319826126098633,2.514530383936289,11,289,hallucinated
-0.7761256098747253,-5.737738609313965,2.1730367426993733,10,290,grounded
-0.4772934913635254,-2.8487253189086914,1.6117063965550362,9,290,hallucinated
-1.5297149419784546,-8.42173957824707,4.616860561565923,10,291,grounded
-1.6220128536224365,-10.556297302246094,5.063271691082798,12,291,hallucinated
-1.369279146194458,-9.46304988861084,3.9325149051634147,12,292,grounded
-1.8250454664230347,-10.666555404663086,6.203077044418493,17,292,hallucinated
-0.5583257675170898,-2.488402843475342,1.7477439197755669,7,293,grounded
-0.38700956106185913,-1.6869663000106812,1.4725705705441459,8,293,hallucinated
-1.0859184265136719,-8.517535209655762,2.9621590952713266,14,294,grounded
-2.3980796337127686,-12.88670825958252,11.002028157009073,15,294,hallucinated
-2.8877389430999756,-8.977660179138184,17.952671664378617,15,295,grounded
-0.7324643731117249,-3.1459028720855713,2.080200686829793,15,295,hallucinated
-3.8002490997314453,-9.25659465789795,44.71232093333792,14,296,grounded
-4.061936855316162,-9.484066009521484,58.086707744475824,5,296,hallucinated
-2.189342498779297,-11.289721488952637,8.929340132126775,18,297,grounded
-0.446720689535141,-2.172304630279541,1.5631776264361115,21,297,hallucinated
-3.0779218673706055,-9.527013778686523,21.71323250098662,14,298,grounded
-1.863524079322815,-7.089514255523682,6.44641446488606,10,298,hallucinated
-3.2305243015289307,-11.770668029785156,25.292914608959844,13,299,grounded
-2.9645237922668457,-10.338652610778809,19.385469532561817,9,299,hallucinated
-2.0003368854522705,-7.871931552886963,7.391545783782147,10,300,grounded
-1.0923808813095093,-6.126672744750977,2.981363902784805,10,300,hallucinated
-2.1277637481689453,-7.383362770080566,8.396070075076281,11,301,grounded
-3.706658124923706,-8.627378463745117,40.71750608556175,5,301,hallucinated
-1.6938471794128418,-7.865684509277344,5.440370577506205,17,302,grounded
-2.609970808029175,-11.303184509277344,13.598653874529512,10,302,hallucinated
-2.079282760620117,-8.629862785339355,7.9987298523626125,13,303,grounded
-2.4547219276428223,-10.711323738098145,11.64319544788387,8,303,hallucinated
-2.4368767738342285,-8.230659484863281,11.43726374066292,11,304,grounded
-1.7841206789016724,-5.881867408752441,5.954341866512617,7,304,hallucinated
-1.9715701341629028,-7.6442766189575195,7.1819442561107545,11,305,grounded
-0.8475164771080017,-3.1442766189575195,2.333843494778075,10,305,hallucinated
-1.661346197128296,-7.578143119812012,5.266395681326083,14,306,grounded
-1.4516786336898804,-2.8281428813934326,4.270276732505641,8,306,hallucinated
-2.5820236206054688,-8.04745864868164,13.223871200014376,9,307,grounded
-1.154317021369934,-5.766784191131592,3.1718563674707765,8,307,hallucinated
-3.1310582160949707,-8.772008895874023,22.898197967652305,9,308,grounded
-2.5900795459747314,-9.778117179870605,13.330831975044495,11,308,hallucinated
-3.5228707790374756,-7.770876407623291,33.88155544121701,9,309,grounded
-2.11954927444458,-8.027017593383789,8.327383277239125,8,309,hallucinated
-2.418513536453247,-11.03757381439209,11.229155173083047,10,310,grounded
-1.42397141456604,-5.90500545501709,4.153583329470389,10,310,hallucinated
-0.894174337387085,-2.727609395980835,2.44531594976751,8,311,grounded
-0.8504748344421387,-2.852609395980835,2.3407580606329317,8,311,hallucinated
-4.263356685638428,-13.038253784179688,71.04806967554487,13,312,grounded
-1.6151123046875,-2.478762149810791,5.0284526105586895,3,312,hallucinated
-2.65624737739563,-6.544007301330566,14.242741056683098,11,313,grounded
-0.9045242667198181,-3.6479852199554443,2.4707562224574544,10,313,hallucinated
-1.4860475063323975,-4.76119327545166,4.41959254005524,12,314,grounded
-2.0577569007873535,-9.94180679321289,7.828390245339612,11,314,hallucinated
-1.9856010675430298,-9.51024055480957,7.2834238997395655,9,315,grounded
-2.0550453662872314,-10.13524055480957,7.807192047918947,9,315,hallucinated
-2.185169219970703,-7.353519439697266,8.892153155959917,10,316,grounded
-1.5151934623718262,-4.810743808746338,4.550301353789932,7,316,hallucinated
-2.022897243499756,-8.937777519226074,7.5601969655766466,7,317,grounded
-1.380056619644165,-4.125277996063232,3.9751266913819463,9,317,hallucinated
-4.195352554321289,-15.85995101928711,66.37712899628433,12,318,grounded
-2.01882004737854,-8.862508773803711,7.529435313091988,11,319,grounded
-1.1187984943389893,-4.70412540435791,3.0611739749678923,13,319,hallucinated
-1.923462986946106,-10.036592483520508,6.844620306099222,11,320,grounded
-1.148796796798706,-4.724092960357666,3.1543952470086283,12,320,hallucinated
-3.235460042953491,-9.445467948913574,25.41806249006746,9,321,grounded
-2.2921700477600098,-7.70658016204834,9.896390035466688,10,321,hallucinated
-1.0656381845474243,-6.952783107757568,2.9026908455256604,10,322,grounded
-0.934228241443634,-3.4527831077575684,2.5452483823375194,11,322,hallucinated
-0.9917604923248291,-4.619245529174805,2.6959765429468225,8,323,grounded
-1.5140773057937622,-7.744245529174805,4.5452253383427195,8,323,hallucinated
-1.9122463464736938,-8.890960693359375,6.768275626793313,9,324,grounded
-1.6155858039855957,-6.4721598625183105,5.0308341431228,9,324,hallucinated
-2.32464337348938,-10.077702522277832,10.22303363080668,9,325,grounded
-1.5874762535095215,-6.434331893920898,4.891388712764383,10,325,hallucinated
-6.0349931716918945,-10.24237060546875,417.79595678907145,4,326,grounded
-0.9610827565193176,-3.8934764862060547,2.614525836285318,9,326,hallucinated
-2.9772655963897705,-9.879719734191895,19.63405574335023,10,327,grounded
-1.880123496055603,-5.430915832519531,6.554314244168717,10,328,grounded
-0.1901034414768219,-1.2392412424087524,1.209374690691272,8,328,hallucinated
-1.8368542194366455,-6.771422386169434,6.276761855773164,12,329,grounded
-1.9880012273788452,-6.097055912017822,7.300926277100266,5,329,hallucinated
-1.771777868270874,-5.838994979858398,5.88130024914017,11,330,grounded
-1.6157101392745972,-6.463994979858398,5.031459692228013,7,330,hallucinated
-1.8890342712402344,-8.152782440185547,6.612979252060548,11,331,grounded
-2.0645127296447754,-8.544371604919434,7.88145656170783,9,332,grounded
-1.7075419425964355,-6.407260417938232,5.515387662372912,8,332,hallucinated
-1.1826539039611816,-8.919989585876465,3.2630224702374124,15,333,grounded
-0.4678586423397064,-1.312193512916565,1.5965716990950876,6,333,hallucinated
-1.0344423055648804,-9.35844612121582,2.8135367042423245,15,334,grounded
-0.24143096804618835,-0.7078433632850647,1.2730695694043932,6,334,hallucinated
-1.5853222608566284,-7.69975471496582,4.880864036521559,13,335,grounded
-4.09092903137207,-8.733370780944824,59.795417726417064,4,335,hallucinated
-1.6528289318084717,-8.12230396270752,5.221730873052929,12,336,grounded
-4.116700172424316,-9.737906455993652,61.35644216596662,4,336,hallucinated
-1.5955619812011719,-7.40775203704834,4.931099478796168,11,337,grounded
-0.8085413575172424,-2.0890417098999023,2.244631482794588,7,337,hallucinated
-1.9653820991516113,-8.343949317932129,7.137639355120075,16,338,grounded
-2.258941650390625,-7.860718250274658,9.572952273222985,7,338,hallucinated
-3.0966365337371826,-7.232279300689697,22.12341464220736,12,339,grounded
-2.2138075828552246,-7.206806182861328,9.150491400840192,5,339,hallucinated
-0.9114311933517456,-2.590703010559082,2.487880624829258,7,340,grounded
-1.140377402305603,-5.345801830291748,3.1279486374809973,16,340,hallucinated
-2.331047534942627,-9.87505054473877,10.288713677051167,6,341,grounded
-1.7727422714233398,-9.617843627929688,5.886974929541051,15,341,hallucinated
-2.3320813179016113,-7.099235534667969,10.2993554736266,12,342,grounded
-2.6903390884399414,-8.765785217285156,14.736672108475087,9,342,hallucinated
-1.8354147672653198,-6.543197154998779,6.267733256968009,10,343,grounded
-1.954066514968872,-7.876219749450684,7.057328037803436,12,343,hallucinated
-1.1426339149475098,-6.7516984939575195,3.1350148626395624,16,344,grounded
-1.3612632751464844,-7.347779273986816,3.901118376166316,18,344,hallucinated
-1.7460628747940063,-11.266107559204102,5.731990627202223,10,345,grounded
-1.9528398513793945,-9.641107559204102,7.048676377883418,8,345,hallucinated
-1.2992762327194214,-10.541738510131836,3.6666419115771545,13,346,grounded
-1.4797847270965576,-9.666738510131836,4.3920001005299305,11,346,hallucinated
-1.9506193399429321,-10.09476089477539,7.033042075871581,10,347,grounded
-1.785498857498169,-10.09476089477539,5.962553670395668,10,347,hallucinated
-1.5886746644973755,-10.392553329467773,4.897254120626253,15,348,grounded
-1.3026103973388672,-9.205053329467773,3.678887502374539,15,348,hallucinated
-1.1012436151504517,-6.455045223236084,3.0079043743811,14,349,grounded
-1.078444004058838,-8.247528076171875,2.9401012045041046,14,349,hallucinated
-2.661100149154663,-14.293586730957031,14.312025803818544,9,350,grounded
-2.8559136390686035,-14.293586730957031,17.390318426030234,9,350,hallucinated
-2.236422061920166,-12.962154388427734,9.359782583116179,14,351,grounded
-2.4512240886688232,-12.962154388427734,11.602540568625566,14,351,hallucinated
-2.517127513885498,-13.892993927001953,12.392946918450296,9,352,grounded
-2.6144962310791016,-13.892993927001953,13.660332993010668,9,352,hallucinated
-2.588763475418091,-6.5171098709106445,13.313299199302206,10,353,grounded
-1.7504892349243164,-7.489383220672607,5.75741871740713,9,353,hallucinated
-1.5207499265670776,-10.953170776367188,4.575655314294643,21,354,grounded
-0.9515541195869446,-10.131094932556152,2.589731285578165,13,354,hallucinated
-6.151453495025635,-9.226722717285156,469.3991605298799,4,355,grounded
-0.7212033867835999,-8.060491561889648,2.0569069765674444,16,355,hallucinated
-2.060605049133301,-7.675073146820068,7.850718443985562,15,356,grounded
-2.1838786602020264,-7.675073146820068,8.880684702793824,18,356,hallucinated
-1.9655239582061768,-6.3872270584106445,7.138651965713114,14,357,grounded
-2.45089054107666,-6.3872270584106445,11.598671214498674,18,357,hallucinated
-2.5116288661956787,-6.638208866119385,12.32498947774434,14,358,grounded
-2.573920488357544,-6.329645156860352,13.117149397244109,17,358,hallucinated
-2.379664897918701,-5.727234363555908,10.801282725085231,14,359,grounded
-2.4908103942871094,-5.727234363555908,12.07105447133267,17,359,hallucinated
-1.1362583637237549,-6.125631332397461,3.1150909951027588,10,360,grounded
-0.5538004040718079,-2.911885976791382,1.7398526123135754,9,360,hallucinated
-1.6338703632354736,-6.906349182128906,5.123666844256995,13,361,grounded
-1.216271996498108,-6.906349182128906,3.3745837942513526,10,361,hallucinated
-0.9559978246688843,-3.654090642929077,2.6012648946523327,13,362,grounded
-1.2753098011016846,-3.654090642929077,3.579810267494781,10,362,hallucinated
-1.8589054346084595,-10.063450813293457,6.416709418125229,13,363,grounded
-2.4670188426971436,-10.063450813293457,11.787254760520224,10,363,hallucinated
-2.0152695178985596,-8.320648193359375,7.502749233934923,22,364,grounded
-1.5653314590454102,-4.814227104187012,4.784260459517585,12,364,hallucinated
-2.2185494899749756,-8.201967239379883,9.193985221492973,21,365,grounded
-1.6573913097381592,-5.9525251388549805,5.245608811413563,11,365,hallucinated
-4.543378829956055,-15.576210021972656,94.00790081450671,14,366,grounded
-2.5184402465820312,-13.932894706726074,12.409226227929661,18,366,hallucinated
-1.7745541334152222,-10.985136985778809,5.897650984511511,13,367,grounded
-1.29679536819458,-8.360136985778809,3.6575567439281857,8,367,hallucinated
-1.9497661590576172,-8.623845100402832,7.0270441778166495,7,368,grounded
-1.1696327924728394,-6.186345100402832,3.2208097157815367,7,368,hallucinated
-2.7586233615875244,-10.52319622039795,15.778107242083435,17,369,grounded
-2.159559488296509,-6.384593963623047,8.667318762038358,11,369,hallucinated
-2.371337413787842,-11.919105529785156,10.711708695394746,18,370,grounded
-0.9031410217285156,-4.103241443634033,2.4673409239298616,9,370,hallucinated
-2.2864463329315186,-9.754405975341797,9.839907719607497,14,371,grounded
-1.3443384170532227,-4.069619655609131,3.83564810162469,9,371,hallucinated
-0.5812243223190308,-3.2883734703063965,1.788226456614623,8,372,grounded
-1.2530993223190308,-5.912641525268555,3.5011774363893347,8,372,hallucinated
-2.753715753555298,-6.845530033111572,15.700864170638534,9,373,grounded
-1.4073573350906372,-7.192593097686768,4.08514545628047,17,373,hallucinated
-3.1858694553375244,-7.401091575622559,24.188309921053076,9,374,grounded
-2.3596115112304688,-10.863750457763672,10.586837785844233,7,374,hallucinated
-2.530397653579712,-8.670876502990723,12.558499075985715,11,375,grounded
-1.3861944675445557,-4.743024826049805,3.9996004456554486,8,375,hallucinated
-2.996678590774536,-12.14614486694336,20.0189353023992,13,376,grounded
-2.2418980598449707,-13.109058380126953,9.411177323434416,10,376,hallucinated
-1.5817095041275024,-5.830023765563965,4.863262476351783,9,377,grounded
-1.2895970344543457,-6.333949565887451,3.631322962844687,9,377,hallucinated
-2.4684464931488037,-10.084310531616211,11.804094858129123,9,378,grounded
-1.6540931463241577,-13.262290000915527,5.2283364355638815,13,378,hallucinated
-6.081418037414551,-9.442591667175293,437.6493580712516,4,379,grounded
-0.7100602388381958,-3.373645067214966,2.034113787607536,18,379,hallucinated
-7.911502361297607,-11.829562187194824,2728.486561273794,4,380,grounded
-1.170296549797058,-6.397329330444336,3.222948261479471,15,380,hallucinated
-7.686189651489258,-10.357769966125488,2178.0595647505393,4,381,grounded
-1.478499174118042,-6.691020488739014,4.386357579376082,15,381,hallucinated
-3.6284444332122803,-12.271149635314941,37.65419741704163,20,382,grounded
-7.075087547302246,-12.967674255371094,1182.14699005426,4,382,hallucinated
-1.7665947675704956,-11.346141815185547,5.850895740581398,19,383,grounded
-0.8520786166191101,-6.827736854553223,2.3445151386532563,11,383,hallucinated
-4.184308052062988,-4.493269443511963,65.64806015743616,4,384,grounded
-2.349343776702881,-4.493269443511963,10.478691106792155,8,384,hallucinated
-2.806579351425171,-15.031567573547363,16.553198589967902,22,385,grounded
-1.0902702808380127,-7.689192771911621,2.9750780704996007,18,385,hallucinated
-2.552639961242676,-10.128360748291016,12.840958708463821,21,386,grounded
-1.2741620540618896,-3.725433349609375,3.5757039078390895,7,386,hallucinated
-2.4041991233825684,-10.336640357971191,11.069561378338477,12,387,grounded
-0.5276587605476379,-2.3308053016662598,1.6949593539046597,9,387,hallucinated
-3.808500051498413,-12.23427677154541,45.08276629856623,9,388,grounded
-0.7529775500297546,-4.583549499511719,2.1233128838500925,10,388,hallucinated
-2.1083626747131348,-12.62610149383545,8.23474728065074,18,389,grounded
-4.576395511627197,-10.688236236572266,97.16353741643563,10,389,hallucinated
-2.307065725326538,-14.918956756591797,10.044906853745958,18,390,grounded
-0.47145548462867737,-5.826919078826904,1.602324655736337,15,390,hallucinated
-1.8841426372528076,-9.89265251159668,6.580709967103695,15,391,grounded
-1.3898375034332275,-5.40010929107666,4.01419770664794,12,391,hallucinated
-4.045080184936523,-10.760478019714355,57.11576567457847,16,392,grounded
-2.9900429248809814,-8.303653717041016,19.88653610043931,20,392,hallucinated
-0.8997194170951843,-4.127966403961182,2.4589130853805727,10,393,grounded
-2.90920090675354,-9.021369934082031,18.34213563256259,17,393,hallucinated
-2.8941619396209717,-12.564041137695312,18.068352723842292,10,394,grounded
-5.1954121589660645,-9.692570686340332,180.44249846638124,4,394,hallucinated
-2.4330201148986816,-10.929813385009766,11.393239063908686,12,395,grounded
-0.9267691373825073,-3.092294216156006,2.526333740630658,17,395,hallucinated
-2.132237195968628,-9.910735130310059,8.433713591656836,21,396,grounded
-0.8036686778068542,-5.71717643737793,2.2337207164338704,14,396,hallucinated
-2.2465851306915283,-6.571589946746826,9.455391715348421,13,397,grounded
-1.5909909009933472,-5.655595779418945,4.908610466264423,20,397,hallucinated
-2.4458415508270264,-12.052773475646973,11.540257226547968,12,398,grounded
-1.0574207305908203,-5.629377841949463,2.8789358536027168,14,398,hallucinated
-6.0028395652771,-11.036017417907715,404.57598387668077,4,399,grounded
-1.4919755458831787,-8.720022201538086,4.445869869001314,18,399,hallucinated
-1.155071496963501,-7.576092720031738,3.174250358676739,8,400,grounded
-0.3975692391395569,-1.5135927200317383,1.4882028322832241,10,400,hallucinated
-2.2065696716308594,-11.726337432861328,9.08450006423197,10,401,grounded
-2.0714452266693115,-7.538837432861328,7.9362845637676935,7,401,hallucinated
-2.0414302349090576,-9.89218807220459,7.701616446225516,10,402,grounded
-1.8345190286636353,-7.39218807220459,6.2621215200445866,7,402,hallucinated
-1.2639154195785522,-4.607173919677734,3.5392520502388622,13,403,grounded
-2.9100255966186523,-9.163920402526855,18.357268445004138,7,403,hallucinated
-1.990213394165039,-8.866323471069336,7.317095021104423,10,404,grounded
-0.7164196968078613,-2.5137438774108887,2.0470908686102867,9,404,hallucinated
-1.7668638229370117,-5.13142728805542,5.852470167273806,11,405,grounded
-1.827968955039978,-6.1318817138671875,6.22123820358396,10,405,hallucinated
-2.5059118270874023,-5.572790145874023,12.254728065882391,11,406,grounded
-2.5873773097991943,-6.981420993804932,13.294857546223678,10,406,hallucinated
-1.1565041542053223,-7.0243377685546875,3.178801230581856,12,407,grounded
-2.212998151779175,-8.546472549438477,9.143087705533983,21,407,hallucinated
-1.6581393480300903,-10.750263214111328,5.249534195654812,19,408,grounded
-1.5060358047485352,-9.860889434814453,4.508821471075355,12,408,hallucinated
-2.5930163860321045,-9.563737869262695,13.370040042117,10,409,grounded
-4.42871618270874,-11.632902145385742,83.82373344369789,14,410,grounded
-2.1369941234588623,-8.642861366271973,8.473927727718786,11,410,hallucinated
-4.010168552398682,-14.534523010253906,55.156166484179934,15,411,grounded
-2.0769741535186768,-14.40286636352539,7.9802852267118,11,411,hallucinated
-1.3779983520507812,-6.062101364135742,3.9669532314029285,12,412,grounded
-1.3075299263000488,-5.371950149536133,3.6970304868652155,16,412,hallucinated
-0.9512912631034851,-7.427748203277588,2.5890506473783335,10,413,grounded
-1.0409247875213623,-3.753314971923828,2.8318346491330915,13,413,hallucinated
-0.9239888787269592,-5.922512531280518,2.5193196344143836,11,414,grounded
-1.5135345458984375,-6.180808067321777,4.542759041677858,16,414,hallucinated
-1.4317988157272339,-8.48192024230957,4.18622266639249,11,415,grounded
-1.5201126337051392,-5.976709365844727,4.572740210810136,15,415,hallucinated
-3.489940881729126,-19.71747398376465,32.78400951498635,17,416,grounded
-2.683358907699585,-8.50695514678955,14.63416564666268,5,416,hallucinated
-1.347239375114441,-8.057031631469727,3.846791311082054,13,417,grounded
-1.533421277999878,-8.29297924041748,4.634003948121921,17,417,hallucinated
-5.659351825714111,-12.426642417907715,286.9625804965571,4,418,grounded
-0.8507372736930847,-2.2240090370178223,2.3413724480411693,3,418,hallucinated
-8.095352172851562,-12.456974029541016,3279.191486097629,2,419,grounded
-4.170061111450195,-5.769474029541016,64.71940708337729,2,419,hallucinated
-7.930806636810303,-8.03987979888916,2781.6696969672407,2,420,grounded
-5.699208736419678,-7.03987979888916,298.6310116128064,2,420,hallucinated
-3.081305742263794,-4.950302600860596,21.786831818508293,2,421,hallucinated
-6.234991073608398,-9.375423431396484,510.2960633254673,2,422,hallucinated
-4.428353786468506,-8.653491020202637,83.79336154151946,5,423,grounded
-5.276523590087891,-10.135412216186523,195.68839840362256,2,423,hallucinated
-7.213859558105469,-8.631482124328613,1358.1239231360178,3,424,grounded
-4.346478462219238,-7.9043169021606445,77.2060994414934,2,424,hallucinated
-8.349630355834961,-9.133918762207031,4228.61737046563,2,425,grounded
-5.034103870391846,-8.94034194946289,153.56191955180765,2,425,hallucinated
-4.775051116943359,-7.341482639312744,118.51637266059618,5,426,grounded
-4.499792098999023,-8.839282035827637,89.998418594082,2,426,hallucinated
-8.951844215393066,-10.687636375427246,7722.1199897611605,2,427,grounded
-7.545644760131836,-8.062636375427246,1892.4825414278187,2,427,hallucinated
-8.20512866973877,-9.128262519836426,3659.6715053791986,2,428,grounded
-7.213850021362305,-7.236937522888184,1358.110971118738,2,428,hallucinated
-5.324801921844482,-9.070676803588867,205.3676775849423,3,429,grounded
-3.0199129581451416,-5.999876976013184,20.48950816177798,2,429,hallucinated
-5.3693060874938965,-8.55677604675293,214.7138233911751,3,430,grounded
-3.6760246753692627,-6.85951042175293,39.48909964105623,2,430,hallucinated
-5.150376319885254,-7.337779998779297,172.49639192662173,2,431,grounded
-3.2476272583007812,-6.462779998779297,25.72921864340759,2,431,hallucinated
-7.957620620727539,-11.11440658569336,2857.2663376588657,2,432,grounded
-3.8148698806762695,-7.489406108856201,45.37085237421476,2,432,hallucinated
-7.326251029968262,-11.92076587677002,1519.6738675071063,3,433,grounded
-3.9841458797454834,-7.268861770629883,53.739369985927326,2,433,hallucinated
-3.5934159755706787,-6.305975914001465,36.35806229129886,5,434,grounded
-3.4049277305603027,-6.305975914001465,30.112119459278585,2,434,hallucinated
-3.9054131507873535,-6.230667591094971,49.67059711984343,3,435,grounded
-3.618184804916382,-8.3412504196167,37.26985432770244,3,435,hallucinated
-9.62734603881836,-11.153495788574219,15174.111118400082,2,436,grounded
-3.5551934242248535,-9.403495788574219,34.99458811419079,3,436,hallucinated
-3.2907726764678955,-6.656343936920166,26.863612520023622,5,437,grounded
-6.7937798500061035,-10.597928047180176,892.2798798433726,2,437,hallucinated
-5.988862991333008,-10.332036972045898,398.9607301354254,3,438,grounded
-3.3817138671875,-10.019536972045898,29.421151874806977,3,438,hallucinated
-6.201005458831787,-10.788107872009277,493.2447291236725,3,439,grounded
-4.593840599060059,-9.535305976867676,98.87343511501406,3,439,hallucinated
-5.815900802612305,-7.066600322723389,335.59356594493846,2,440,grounded
-6.871545791625977,-7.316600322723389,964.4382347035141,2,440,hallucinated
-3.8726096153259277,-5.140978813171387,48.067660654426646,2,441,grounded
-1.6872748136520386,-6.416740417480469,5.404731716299999,4,441,hallucinated
-5.522768974304199,-8.807882308959961,250.3272280802298,2,442,grounded
-1.6633118391036987,-6.409907817840576,5.27675771041969,13,443,grounded
-3.0556464195251465,-4.4069929122924805,21.23490775026211,5,443,hallucinated
-2.4891626834869385,-14.622230529785156,12.051181241674612,12,444,grounded
-1.6115896701812744,-8.330622673034668,5.010770372196153,10,445,grounded
-0.9139807224273682,-1.8306230306625366,2.4942316414294936,3,445,hallucinated
-1.0173029899597168,-4.0561676025390625,2.765725506700671,10,446,grounded
-0.7327690124511719,-3.096200942993164,2.0808344943293933,12,446,hallucinated
-1.005058765411377,-4.172483444213867,2.732067819197899,7,447,grounded
-0.6780737042427063,-2.180746078491211,1.9700791197296066,9,447,hallucinated
-1.2940622568130493,-6.959400653839111,3.6475738823133566,18,448,grounded
-0.9880304336547852,-5.5980401039123535,2.685939123987207,15,448,hallucinated
-2.975165605545044,-9.718761444091797,19.59286766847091,15,449,grounded
-3.1095521450042725,-12.125842094421387,22.411005272206776,8,449,hallucinated
-0.2785000801086426,-1.4829086065292358,1.3211467112312536,12,450,grounded
-0.5637387037277222,-3.492664337158203,1.7572299967288205,12,450,hallucinated
-1.9883311986923218,-11.60124397277832,7.303335770843561,8,451,grounded
-4.159092903137207,-11.477558135986328,64.01342987463964,13,451,hallucinated
-2.0076706409454346,-11.765602111816406,7.445952833424484,8,452,grounded
-4.38302755355835,-10.448087692260742,80.08011359767544,13,452,hallucinated
-2.169987916946411,-11.763581275939941,8.758178214564776,9,453,grounded
-4.425783157348633,-10.745773315429688,83.57823650809102,14,453,hallucinated
-2.0800061225891113,-12.252140045166016,8.004517922520598,8,454,grounded
-4.685195446014404,-10.701374053955078,108.33144318804013,13,454,hallucinated
-2.146069049835205,-11.931974411010742,8.551177988021893,8,455,grounded
-4.344352722167969,-12.235237121582031,77.042153658503,13,455,hallucinated
-6.631628036499023,-14.715333938598633,758.7163836622892,8,456,grounded
-3.3981387615203857,-17.309789657592773,29.908381580144457,11,456,hallucinated
-3.7505786418914795,-8.592046737670898,42.545693599343515,11,457,grounded
-2.1893532276153564,-16.2891845703125,8.929435934067094,15,457,hallucinated
-1.415271520614624,-11.219103813171387,4.1176043286631065,10,458,grounded
-3.360325336456299,-18.735933303833008,28.798558576327103,11,458,hallucinated
-2.115929365158081,-11.546031951904297,8.2972933993533,10,459,grounded
-2.2549777030944824,-16.84629249572754,9.535080704982969,15,459,hallucinated
-2.332014560699463,-11.700435638427734,10.298667940420401,17,460,grounded
-2.4003171920776367,-11.700435638427734,11.026673399443943,22,460,hallucinated
-2.392570734024048,-10.74753189086914,10.94158572602296,17,461,grounded
-2.1585488319396973,-10.743000984191895,8.658563506257686,20,461,hallucinated
-1.8431191444396973,-8.98779010772705,6.316208734909562,14,462,grounded
-2.1467039585113525,-8.974501609802246,8.556608929011107,19,462,hallucinated
-2.063278913497925,-9.274229049682617,7.8717382898545045,14,463,grounded
-3.518331527709961,-9.006576538085938,33.72810707952298,15,463,hallucinated
-1.531630277633667,-7.120189666748047,4.625711873125018,12,464,grounded
-0.5217581987380981,-2.78513503074646,1.6849875899091082,12,464,hallucinated
-2.638439893722534,-8.447829246520996,13.991358565542287,14,465,grounded
-1.120114803314209,-8.447829246520996,3.0652060789109643,12,465,hallucinated
-2.2948269844055176,-8.14655876159668,9.922719078621213,14,466,grounded
-0.9732658267021179,-8.155488967895508,2.646573611796841,12,466,hallucinated
-1.640506386756897,-5.257527828216553,5.1577806828805555,10,467,grounded
-1.3931225538253784,-7.66209077835083,4.027406231855415,10,467,hallucinated
-1.3257819414138794,-9.622655868530273,3.7651283139964833,18,468,grounded
-1.601026177406311,-9.622655868530273,4.9581177231248335,18,468,hallucinated
-0.9927645921707153,-8.256970405578613,2.698684932097119,15,469,grounded
-0.9740248918533325,-7.319469928741455,2.648583296239898,15,469,hallucinated
-0.5157853960990906,-4.878363609313965,1.674953487272765,15,470,grounded
-0.5657853484153748,-4.878363609313965,1.76083010498116,15,470,hallucinated
-0.42186376452445984,-2.453277111053467,1.5248007785732327,14,471,grounded
-0.5825780630111694,-2.453277111053467,1.7906488908396447,14,471,hallucinated
-0.8641868829727173,-9.021710395812988,2.3730757130046274,16,472,grounded
-0.8534032106399536,-9.146710395812988,2.34762272707985,16,472,hallucinated
-0.9874407052993774,-6.434871196746826,2.6843556164904214,10,473,grounded
-1.789589524269104,-8.544081687927246,5.986994446017674,10,473,hallucinated
-0.4408901333808899,-3.820000648498535,1.5540899503538674,10,474,grounded
-1.0797032117843628,-5.1699113845825195,2.943805734551576,10,474,hallucinated
-0.2148437798023224,-0.8346605896949768,1.239668220623897,8,475,grounded
-0.20784038305282593,-1.709660530090332,1.2310166627447492,9,475,hallucinated
-2.2884182929992676,-12.117730140686035,9.85933076914586,18,476,grounded
-1.8753204345703125,-10.617730140686035,6.522908951012138,18,476,hallucinated
-1.5541231632232666,-11.855671882629395,4.730936446889672,20,477,grounded
-0.9968493580818176,-10.874472618103027,2.709730973199746,19,477,hallucinated
-1.2771533727645874,-8.08632755279541,3.5864159914543183,14,478,grounded
-1.2003388404846191,-6.64882755279541,3.321242103381252,14,478,hallucinated
-2.2894017696380615,-11.596111297607422,9.869031960296951,13,479,grounded
-3.5073909759521484,-10.658611297607422,33.36111419128509,9,479,hallucinated
-2.2226622104644775,-9.629997253417969,9.231875375291885,15,480,grounded
-2.2726821899414062,-8.965593338012695,9.70539765422135,14,480,hallucinated
-2.123335599899292,-7.804928302764893,8.358973227689493,15,481,grounded
-2.2074010372161865,-8.118432998657227,9.092055745276683,14,481,hallucinated
-1.188654899597168,-5.409508228302002,3.2826627254440384,10,482,grounded
-1.3599004745483398,-8.807157516479492,3.89580555069297,10,482,hallucinated
-0.6700846552848816,-4.046512126922607,1.9544027641557795,13,483,grounded
-1.8770809173583984,-15.06335163116455,6.534402534107748,12,483,hallucinated
-3.4333655834198,-13.145824432373047,30.980735735131017,18,484,grounded
-1.9606177806854248,-13.608048439025879,7.1037142473156685,11,484,hallucinated
-2.0176446437835693,-6.88062047958374,7.520590386954196,12,485,grounded
-6.380969524383545,-15.463851928710938,590.4999343045922,5,485,hallucinated
-4.859009742736816,-8.965867042541504,128.89649819441422,7,486,grounded
-5.336281776428223,-12.426446914672852,207.738852993463,6,486,hallucinated
-1.7408766746520996,-9.0787935256958,5.702340329245585,7,487,grounded
-1.5813394784927368,-6.377837181091309,4.861463277462323,7,487,hallucinated
-1.6312559843063354,-10.54291820526123,5.110289132443084,11,488,grounded
-3.4687676429748535,-11.98041820526123,32.09716289751172,10,488,hallucinated
-3.2982351779937744,-13.270824432373047,27.064832136484476,14,489,grounded
-1.4352800846099854,-7.6266279220581055,4.200821429463259,18,489,hallucinated
-2.0753703117370605,-11.390185356140137,7.9674963702285755,12,490,grounded
-1.5061224699020386,-7.002599716186523,4.509212245713292,8,490,hallucinated
-1.1444627046585083,-8.328572273254395,3.140753391245859,15,491,grounded
-0.7994056940078735,-3.189640760421753,2.22421866913519,14,491,hallucinated
-1.1191766262054443,-8.00447940826416,3.0623317212731815,14,492,grounded
-0.846481204032898,-6.00447940826416,2.3314285797103893,13,492,hallucinated
-0.605540931224823,-6.237985134124756,1.8322430583526328,14,493,grounded
-1.7824928760528564,-8.237984657287598,5.9446572563159945,14,493,hallucinated
-0.580245852470398,-4.5757904052734375,1.7864775866920737,13,494,grounded
-1.2137316465377808,-9.88857364654541,3.3660220499612366,14,494,hallucinated
-4.754866600036621,-10.607970237731934,116.14815797087314,7,495,grounded
-2.6963894367218018,-8.357970237731934,14.826104382631772,5,495,hallucinated
-5.2412004470825195,-11.098038673400879,188.89672687778548,7,496,grounded
-4.938021659851074,-14.285538673400879,139.4940098018714,4,496,hallucinated
-3.0748822689056396,-13.699360847473145,21.64733319725624,14,497,grounded
-1.9101959466934204,-7.508203506469727,6.754412173602984,10,497,hallucinated
-3.243513822555542,-17.135047912597656,25.62360053132612,15,498,grounded
-2.4028539657592773,-8.372785568237305,11.054681083878444,11,498,hallucinated
-1.8161916732788086,-10.424215316772461,6.1483986959870185,13,499,grounded
-2.7322909832000732,-7.861715316772461,15.368054675350571,6,499,hallucinated
-1.8191180229187012,-11.036111831665039,6.166417411969812,13,500,grounded
-2.7923996448516846,-18.153301239013672,16.32013538011412,13,500,hallucinated
-5.3680853843688965,-10.534488677978516,214.45188146517162,4,501,grounded
-2.0398988723754883,-10.144537925720215,7.68983150516349,10,501,hallucinated
-0.8308864235877991,-7.58975887298584,2.2953524933400757,13,502,grounded
-0.9034191370010376,-5.640285491943359,2.468027224554244,15,502,hallucinated
-2.042407274246216,-8.976967811584473,7.709144905654795,11,503,grounded
-3.2522010803222656,-7.141454219818115,25.847169046685067,5,503,hallucinated
-2.3414411544799805,-9.485929489135742,10.396208314023918,10,504,grounded
-1.422595500946045,-12.422426223754883,4.1478722874468215,17,504,hallucinated
-3.9234442710876465,-15.516880989074707,50.574336866658825,12,505,grounded
-2.8709959983825684,-9.312700271606445,17.654593392416476,11,505,hallucinated
-1.4577957391738892,-9.258466720581055,4.296478523580585,9,506,grounded
-2.9770278930664062,-14.424295425415039,19.62938921769522,10,506,hallucinated
-2.322065591812134,-4.567124843597412,10.196714818677103,9,507,grounded
-2.8669793605804443,-6.145431041717529,17.583823508856568,7,507,hallucinated
-2.4778733253479004,-9.310446739196777,11.915896218012584,10,508,grounded
-0.9514337778091431,-11.2401704788208,2.589419651462908,20,508,hallucinated
-2.893937587738037,-8.000329971313477,18.0642995095773,9,509,grounded
-1.8862589597702026,-11.732808113098145,6.594651619100034,17,509,hallucinated
-2.888413667678833,-6.9029860496521,17.9647888606321,8,510,grounded
-1.0692825317382812,-10.554054260253906,2.913288557896882,18,510,hallucinated
-4.002865791320801,-17.241531372070312,54.75484135271383,8,511,grounded
-2.079310178756714,-17.313371658325195,7.998949165636872,18,511,hallucinated
-2.00831937789917,-10.071528434753418,7.450784865372673,25,512,grounded
-1.8257793188095093,-10.13489818572998,6.207630858020148,22,512,hallucinated
-3.0523977279663086,-11.498098373413086,21.166034020028565,19,513,grounded
-1.2860732078552246,-10.401500701904297,3.6185493296503153,24,513,hallucinated
-1.0394037961959839,-6.893218517303467,2.8275307271405916,13,514,grounded
-1.1906189918518066,-6.893218517303467,3.289116513720749,13,514,hallucinated
-0.8179725408554077,-8.534745216369629,2.265901155269484,15,515,grounded
-1.0841633081436157,-8.534745216369629,2.9569647151375986,15,515,hallucinated
-0.13735327124595642,-0.9814736843109131,1.1472333615001569,18,516,grounded
-0.44931837916374207,-7.19891881942749,1.5672435554684006,19,516,hallucinated
-2.5205564498901367,-9.236095428466797,12.435514479355959,8,517,grounded
-3.7231740951538086,-12.298595428466797,41.39557930899059,7,517,hallucinated
-1.2041047811508179,-6.0987229347229,3.3337732851140207,10,518,grounded
-0.9713314771652222,-7.494071960449219,2.641459161518496,12,518,hallucinated
-2.107938289642334,-8.519645690917969,8.231253318288186,8,519,grounded
-0.9307073354721069,-2.1405491828918457,2.5363025600502964,6,519,hallucinated
-1.4873322248458862,-7.035277366638184,4.425274121248344,7,520,grounded
-0.9287067651748657,-2.6033012866973877,2.53123358059933,6,520,hallucinated
-0.4855944514274597,-1.6424388885498047,1.6251407890229441,6,521,grounded
-1.0376777648925781,-3.4171574115753174,2.822654530039215,6,521,hallucinated
-0.8823465704917908,-2.4858899116516113,2.416563695402653,5,522,grounded
-1.1573466062545776,-2.4858899116516113,3.1814803465476498,5,522,hallucinated
-1.8198524713516235,-5.215332984924316,6.170947991109498,9,523,grounded
-2.184361219406128,-3.4439659118652344,8.884971193095375,4,523,hallucinated
-1.4489558935165405,-6.027590751647949,4.258665692590209,10,524,grounded
-0.5494280457496643,-1.4025908708572388,1.7322619598838491,5,524,hallucinated
-2.207909345626831,-6.596865177154541,9.096678488472145,9,525,grounded
-0.4188827574253082,-1.0930767059326172,1.5202621048977776,5,525,hallucinated
-1.1440565586090088,-5.133187770843506,3.139478045669367,10,526,grounded
-2.0524706840515137,-4.387228965759277,7.787116863941961,4,526,hallucinated
-1.5474684238433838,-5.315802574157715,4.699557821900105,9,527,grounded
-1.4691981077194214,-4.272891521453857,4.345748920950013,4,527,hallucinated
-1.5214039087295532,-4.86159086227417,4.578648689952284,9,528,grounded
-1.6148595809936523,-2.862462043762207,5.027181962008872,4,528,hallucinated
-1.4572772979736328,-5.436047077178955,4.294251629404668,9,529,grounded
-0.7028943300247192,-1.8741636276245117,2.0195896152881234,4,529,hallucinated
-1.7377387285232544,-6.288973808288574,5.684474737775634,18,530,grounded
-1.069530725479126,-3.6246840953826904,2.9140117076191316,10,530,hallucinated
-1.7051976919174194,-5.763882637023926,5.502473354202432,9,531,grounded
-0.7180424928665161,-1.6849884986877441,2.0504155765354084,4,531,hallucinated
-1.1708779335021973,-5.325379371643066,3.224822575876332,21,532,grounded
-1.0802592039108276,-5.325379371643066,2.9454429224514445,17,532,hallucinated
-0.7781960964202881,-3.8027291297912598,2.1775406470658547,21,533,grounded
-0.8325506448745728,-3.8027291297912598,2.2991756482256185,17,533,hallucinated
-0.639901876449585,-4.164792537689209,1.8962947989973593,22,534,grounded
-0.4136190414428711,-2.4348766803741455,1.5122809007822957,17,534,hallucinated
-1.9751226902008057,-5.405488014221191,7.207503889675353,7,535,grounded
-2.019786834716797,-7.3404107093811035,7.536718195749016,8,535,hallucinated
-1.7785959243774414,-4.979496002197266,5.921536294157354,10,536,grounded
-2.498558759689331,-10.634345054626465,12.164948705824168,10,536,hallucinated
-6.907919883728027,-10.508527755737305,1000.1646182939949,4,537,grounded
-2.3510773181915283,-8.293148040771484,10.496872106778316,14,537,hallucinated
-2.107043743133545,-11.666971206665039,8.22389337176738,9,538,grounded
-2.290438175201416,-10.33386516571045,9.879265582100787,12,538,hallucinated
-0.9798967838287354,-5.375022888183594,2.664181241150131,16,539,grounded
-1.1591598987579346,-11.562522888183594,3.1872545345734102,12,539,hallucinated
-3.6273889541625977,-6.2520246505737305,37.61447516722424,3,540,grounded
-4.8396782875061035,-8.75202465057373,126.42867150358765,2,540,hallucinated
-2.458345890045166,-12.129528999328613,11.685466498516746,11,541,grounded
-2.101602077484131,-6.067028522491455,8.17926323497417,8,541,hallucinated
-3.201744556427002,-10.704019546508789,24.575365934151385,8,542,grounded
-2.1160645484924316,-8.03148078918457,8.298415130959112,10,542,hallucinated
-1.3392910957336426,-7.3108320236206055,3.816337128526361,11,543,grounded
-0.6057994961738586,-2.4358320236206055,1.8327168734389836,10,543,hallucinated
-0.8721482753753662,-2.6818337440490723,2.3920441071811096,6,544,grounded
-0.6070483922958374,-2.1818337440490723,1.835007176312405,8,544,hallucinated
-1.6315374374389648,-5.227105617523193,5.111727641755032,11,545,grounded
-2.007237434387207,-4.611753940582275,7.44272789640716,9,545,hallucinated
-0.7380339503288269,-7.7846550941467285,2.0918188492754726,20,546,grounded
-0.8656137585639954,-4.970108509063721,2.376464213725345,18,546,hallucinated
-7.6138916015625,-9.078707695007324,2026.1477347294463,2,547,grounded
-4.380551815032959,-7.453707695007324,79.88210138968928,2,547,hallucinated
-6.010123252868652,-7.8405442237854,407.5335468572748,2,548,hallucinated
-1.1595911979675293,-7.072676658630371,3.188629491422536,11,549,grounded
-1.013973593711853,-4.635176658630371,2.7565326224450475,10,549,hallucinated
-1.24884831905365,-7.960937976837158,3.4863255098344994,11,550,grounded
-1.3212976455688477,-8.9609375,3.7482821645308424,11,550,hallucinated
-1.6496121883392334,-9.907792091369629,5.204960891194254,14,551,grounded
-2.852602005004883,-10.595292091369629,17.332823309090873,10,551,hallucinated
-4.192895889282227,-13.506318092346191,66.2142627598912,10,552,grounded
-3.0701024532318115,-5.615006446838379,21.544109825613766,5,552,hallucinated
-1.7635433673858643,-5.905110836029053,5.833069527524954,7,553,grounded
-3.0694680213928223,-7.3444952964782715,21.530445891273526,5,553,hallucinated
-0.8751646280288696,-5.527185440063477,2.3992702485876563,10,554,grounded
-1.9127463102340698,-7.638430595397949,6.7716603653797565,8,554,hallucinated
-2.3631157875061035,-5.26402473449707,10.6240020692582,10,555,grounded
-2.1525256633758545,-5.85087251663208,8.60656826398573,10,555,hallucinated
-3.3709843158721924,-8.611677169799805,29.107163604911854,13,556,grounded
-3.8937273025512695,-11.986677169799805,49.09353237257093,12,556,hallucinated
-2.0558252334594727,-8.192540168762207,7.813282995460813,12,557,grounded
-3.0300941467285156,-12.594276428222656,20.69918125785606,12,557,hallucinated
-3.4795548915863037,-7.2248687744140625,32.445277195468975,3,558,grounded
-3.6644163131713867,-7.575026988983154,39.033346262573836,3,558,hallucinated
-5.926484107971191,-12.09051513671875,374.83431736205904,3,559,grounded
-4.9099016189575195,-12.71551513671875,135.62607071786812,3,559,hallucinated
-3.1006202697753906,-8.692350387573242,22.211724270740017,3,560,grounded
-5.187305450439453,-9.942350387573242,178.98561696105213,2,560,hallucinated
-6.251903057098389,-7.672336578369141,518.9995712711446,2,561,grounded
-4.9079365730285645,-9.23483657836914,135.35982094193778,2,561,hallucinated
-7.0848493576049805,-10.605422973632812,1193.7433935790164,3,562,grounded
-4.975244522094727,-9.248014450073242,144.78422376181058,2,562,hallucinated
-8.15510368347168,-12.464969635009766,3481.1002391365173,3,563,grounded
-5.734959602355957,-5.749162197113037,309.50046741694223,2,563,hallucinated
-7.234027862548828,-10.759187698364258,1385.7930618094858,2,564,grounded
-5.701216697692871,-11.196687698364258,299.2312535487037,3,564,hallucinated
-4.682875156402588,-9.293490409851074,108.08037425473763,2,565,hallucinated
-6.483308792114258,-11.36328411102295,654.1317554597243,3,566,grounded
-4.275901794433594,-8.55078411102295,71.94498965562006,2,566,hallucinated
-5.404698371887207,-9.151293754577637,222.4491134573571,2,567,grounded
-5.1089630126953125,-10.213793754577637,165.4986458643811,2,567,hallucinated
-4.5970377922058105,-11.365057945251465,99.19005846735524,3,568,grounded
-4.685152053833008,-9.365057945251465,108.32674255239253,2,568,hallucinated
-4.354907035827637,-8.696617126464844,77.85958684832133,2,569,grounded
-4.115311622619629,-7.009117603302002,61.27130481258769,3,569,hallucinated
-3.679612636566162,-5.008408546447754,39.631039483320556,2,570,grounded
-1.2745120525360107,-3.008408546447754,3.5769556177862505,3,570,hallucinated
-2.315556287765503,-4.458667755126953,10.130556856389667,3,571,grounded
-1.7306849956512451,-4.958667755126953,5.6445190554791,3,571,hallucinated
-0.7267804145812988,-1.3324759006500244,2.0684104517371753,4,572,grounded
-4.516650676727295,-8.898237228393555,91.52852540230886,2,572,hallucinated
-3.333923816680908,-9.766423225402832,28.048181990095344,3,573,grounded
-5.69124174118042,-11.328923225402832,296.26127215102633,2,573,hallucinated
-1.6500239372253418,-6.41214656829834,5.207104469321109,6,574,grounded
-6.246512413024902,-12.374600410461426,516.2093565919861,2,574,hallucinated
-2.679156541824341,-9.154552459716797,14.572796566315183,5,575,grounded
-5.473953723907471,-10.904552459716797,238.40090323167124,2,575,hallucinated
-1.909103274345398,-6.278897285461426,6.7470358448828565,11,576,grounded
-1.2816381454467773,-5.467164039611816,3.602536373023863,8,576,hallucinated
-0.8156477808952332,-3.015329122543335,2.2606395972893383,11,577,grounded
-1.0636935234069824,-3.0751006603240967,2.8970515804426547,8,577,hallucinated
-2.881765604019165,-7.8487396240234375,17.845753915015045,11,578,grounded
-1.3518353700637817,-4.556708812713623,3.8645118350454815,7,578,hallucinated
-1.4046262502670288,-3.9193317890167236,4.074003798853648,11,579,grounded
-1.957945466041565,-7.312580108642578,7.084756229882593,7,579,hallucinated
-0.6803497672080994,-3.3215160369873047,1.9745682506872961,13,580,grounded
-1.5684071779251099,-7.953297138214111,4.798998152620514,9,580,hallucinated
-1.21089768409729,-3.8994195461273193,3.3564963739770928,10,581,grounded
-3.7858614921569824,-11.670875549316406,44.07362328920628,6,581,hallucinated
-1.2461519241333008,-4.349300384521484,3.476937661799872,10,582,grounded
-2.5158638954162598,-4.991111755371094,12.377296851774913,7,582,hallucinated
-5.631036758422852,-14.051191329956055,278.9511727448953,4,583,grounded
-1.6499407291412354,-9.765603065490723,5.206671214159892,10,583,hallucinated
-4.192971229553223,-10.090445518493652,66.2192515483173,4,584,grounded
-4.013182640075684,-9.114115715026855,55.32266279708532,4,584,hallucinated
-5.134676933288574,-13.777874946594238,169.8094512310659,4,585,grounded
-1.9244005680084229,-5.687419414520264,6.851040701827369,8,585,hallucinated
-4.7760329246521,-12.978501319885254,118.63279008929906,4,586,grounded
-2.731184720993042,-6.645742416381836,15.35106297763704,7,586,hallucinated
-4.647146224975586,-11.462675094604492,104.28694902424922,4,587,grounded
-1.6191327571868896,-7.5622406005859375,5.048709959993749,9,587,hallucinated
-4.494905948638916,-11.636110305786133,89.55974537307486,4,588,grounded
-1.4390040636062622,-3.863163471221924,4.216494364962284,11,588,hallucinated
-6.114480972290039,-10.407015800476074,452.3611984330154,4,589,grounded
-1.7143118381500244,-4.397341728210449,5.552852935687691,8,589,hallucinated
-5.5275115966796875,-11.374565124511719,251.51725528759445,4,590,grounded
-1.8911430835723877,-5.236783027648926,6.62693949885633,8,590,hallucinated
-5.637922286987305,-12.603811264038086,280.878526823971,4,591,grounded
-1.0885167121887207,-3.3334720134735107,2.9698656383804387,9,591,hallucinated
-4.345464706420898,-9.345210075378418,77.12787096950053,4,592,grounded
-1.866722822189331,-9.147724151611328,6.467067902077245,8,592,hallucinated
-4.473284721374512,-8.21567153930664,87.64413728821762,4,593,grounded
-1.7154057025909424,-8.178062438964844,5.5589303273750295,8,593,hallucinated
-4.790424823760986,-7.914729118347168,120.35248640034865,4,594,grounded
-2.220670223236084,-11.790237426757812,9.21350390139572,10,594,hallucinated
-5.443544387817383,-9.723153114318848,231.2604091262592,4,595,grounded
-1.3856501579284668,-9.087080955505371,3.9974240170516087,16,595,hallucinated
-5.585691452026367,-10.63062858581543,266.584549453245,4,596,grounded
-2.7082631587982178,-7.4073004722595215,15.003194705596613,6,596,hallucinated
-4.366374969482422,-9.40127182006836,78.75761484555404,4,597,grounded
-1.542934536933899,-6.884770393371582,4.678298787656502,9,597,hallucinated
-4.515389442443848,-8.852555274963379,91.41315925532082,4,598,grounded
-2.062624454498291,-10.89427661895752,7.866588245318265,9,598,hallucinated
-5.165163040161133,-10.427451133728027,175.06599903380499,4,599,grounded
-1.4829086065292358,-4.859408855438232,4.4057416315805416,10,599,hallucinated
-5.276101112365723,-10.801399230957031,195.60574187631042,4,600,grounded
-1.9756717681884766,-8.610100746154785,7.21146245808916,10,600,hallucinated
-3.6062839031219482,-8.48302173614502,36.828938304554,6,601,grounded
-3.129889488220215,-9.82976245880127,22.871451837923942,7,601,hallucinated
-0.6969667673110962,-8.181683540344238,2.007653781337962,15,602,grounded
-0.6105746626853943,-4.899501800537109,1.8414893299792228,16,602,hallucinated
-6.29850959777832,-9.902336120605469,543.7608834693061,4,603,grounded
-2.905137062072754,-8.234338760375977,18.26774729593689,6,603,hallucinated
-2.2987000942230225,-6.822071075439453,9.961225380733328,7,604,grounded
-2.887371778488159,-14.06047248840332,17.946081288606315,9,604,hallucinated
-2.1482930183410645,-6.201692581176758,8.570216701457609,7,605,grounded
-1.7496353387832642,-6.700554847717285,5.752504578162773,9,605,hallucinated
-1.6350151300430298,-12.61099910736084,5.129535606534492,18,606,grounded
-2.4820470809936523,-15.15786361694336,11.965734190537223,17,606,hallucinated
-1.5148833990097046,-9.009516716003418,4.5488906907622715,10,607,grounded
-2.2871756553649902,-14.931391716003418,9.847086802665642,9,607,hallucinated
-1.8217772245407104,-5.425431251525879,6.182836980950229,11,608,grounded
-1.918431282043457,-9.100555419921875,6.810266697638822,8,608,hallucinated
-4.53041934967041,-10.461175918579102,92.7974675112582,3,609,grounded
-2.64430832862854,-7.019080638885498,14.073707335397769,6,609,hallucinated
-4.907351016998291,-9.636957168579102,135.28058338380757,4,610,grounded
-2.7707605361938477,-4.305663108825684,15.970775745092173,3,610,hallucinated
-2.0188310146331787,-7.549684524536133,7.529517890779176,6,611,grounded
-2.9903171062469482,-8.323189735412598,19.891989365629364,4,611,hallucinated
-1.154916524887085,-3.9172592163085938,3.173758476622567,9,612,grounded
-1.1168956756591797,-6.515993118286133,3.0553546542580956,10,612,hallucinated
-2.2988040447235107,-4.325076580047607,9.962260908918037,6,613,grounded
-1.437410831451416,-6.573115348815918,4.209781859269166,9,613,hallucinated
-3.6697518825531006,-6.132604122161865,39.24216798575475,5,614,grounded
-1.1995257139205933,-6.773110389709473,3.318542610864705,13,614,hallucinated
-1.1364363431930542,-4.113431930541992,3.1156454666857014,6,615,grounded
-1.408805251121521,-6.0666399002075195,4.091064688116324,10,615,hallucinated
-2.1584744453430176,-4.069351673126221,8.657919449141225,6,616,grounded
-1.246307611465454,-6.536323547363281,3.4774790190886438,11,616,hallucinated
-5.154968738555908,-10.30453109741211,173.29038936638898,4,617,grounded
-1.4052766561508179,-8.128686904907227,4.076654416790313,12,617,hallucinated
-5.045149803161621,-10.369503021240234,155.26755702720834,4,618,grounded
-1.783878207206726,-4.657614707946777,5.952898282169198,6,618,hallucinated
-4.911831855773926,-7.925658226013184,135.88811397424237,4,619,grounded
-2.17659330368042,-8.108180046081543,8.816220854761431,11,619,hallucinated
-4.182224273681641,-8.155092239379883,65.51140657623912,4,620,grounded
-2.5179684162139893,-6.173696517944336,12.403372559229346,10,620,hallucinated
-4.682399749755859,-7.827891826629639,108.02900433820342,4,621,grounded
-2.0062003135681152,-8.047700881958008,7.4350128897435095,14,621,hallucinated
-4.4880266189575195,-8.56646728515625,88.94574872261886,4,622,grounded
-2.3947701454162598,-7.557647705078125,10.965677258201085,11,622,hallucinated
-4.330056667327881,-8.59235954284668,75.94859025091294,4,623,grounded
-1.975063443183899,-6.585372447967529,7.207076879220218,13,623,hallucinated
-5.218587875366211,-9.146160125732422,184.67321825522174,4,624,grounded
-0.9025573134422302,-7.8337860107421875,2.465901136836181,10,624,hallucinated
-5.052210330963135,-9.154009819030762,156.36770718034325,4,625,grounded
-0.8304349184036255,-6.114442825317383,2.2943163637163773,9,625,hallucinated
-5.347994804382324,-8.781463623046875,210.18641015580135,4,626,grounded
-0.6244828104972839,-5.390547752380371,1.8672799700553446,10,626,hallucinated
-4.51598596572876,-9.835318565368652,91.46770560082912,4,627,grounded
-1.7044860124588013,-8.300826072692871,5.498558750081548,9,627,hallucinated
-4.333613872528076,-9.365760803222656,76.2192360570461,4,628,grounded
-1.9731630086898804,-7.035971641540527,7.193393308201444,10,628,hallucinated
-2.4718873500823975,-12.160917282104492,11.84478101725091,13,629,grounded
-4.119457244873047,-15.404288291931152,61.52583973559502,11,629,hallucinated
-5.113885879516602,-9.994964599609375,166.3153823501081,4,630,grounded
-1.1402355432510376,-6.50179386138916,3.1275049411164724,13,630,hallucinated
-5.286808013916016,-9.5216646194458,197.7113253196634,4,631,grounded
-1.6985061168670654,-5.789579391479492,5.465776059075792,12,631,hallucinated
-4.635615348815918,-10.138654708862305,103.0913356125509,4,632,grounded
-1.1109904050827026,-2.1804933547973633,3.037365127108151,7,632,hallucinated
-4.238534927368164,-9.306151390075684,69.30623874804634,4,633,grounded
-2.2845048904418945,-6.379585266113281,9.820822636956482,7,633,hallucinated
-4.502726078033447,-9.606440544128418,90.26285981016264,4,634,grounded
-1.7513729333877563,-7.553285121917725,5.762508788193703,9,634,hallucinated
-4.345301151275635,-10.288084030151367,77.11525734090029,4,635,grounded
-3.192321300506592,-15.330222129821777,24.344873671004844,8,635,hallucinated
-3.265789747238159,-9.865617752075195,26.2007948275991,8,636,grounded
-3.9244728088378906,-6.626101016998291,50.626381241533764,5,636,hallucinated
-2.5247433185577393,-13.807456016540527,12.487689494043796,13,637,grounded
-3.3122081756591797,-20.945526123046875,27.445663454044368,19,637,hallucinated
-0.6102649569511414,-2.9035329818725586,1.840919098480703,10,638,grounded
-2.7470788955688477,-9.666482925415039,15.597004796065125,7,638,hallucinated
-2.7229702472686768,-16.87511444091797,15.225478585188908,11,639,grounded
-1.4680325984954834,-10.07698917388916,4.340686861009533,8,639,hallucinated
-1.132574439048767,-7.309494495391846,3.1036363465069075,12,640,grounded
-1.689379334449768,-11.998770713806152,5.416118063803148,11,640,hallucinated
-1.878580927848816,-6.459592342376709,6.544211561440252,10,641,grounded
-2.700535774230957,-11.317935943603516,14.887706037719486,13,641,hallucinated
-0.9429325461387634,-4.689470291137695,2.567499700419463,8,642,grounded
-1.539179801940918,-6.689470291137695,4.660765951665485,6,642,hallucinated
-0.16855734586715698,-0.8564277291297913,1.183596099243414,7,643,grounded
-1.5284769535064697,-7.6064276695251465,4.611148477890349,7,643,hallucinated
-2.5090413093566895,-8.520835876464844,12.29313909204346,8,644,grounded
-2.0639045238494873,-8.520835876464844,7.8766644715879,7,644,hallucinated
-2.0000851154327393,-5.306354999542236,7.389685048404319,8,645,grounded
-2.879847764968872,-7.25090217590332,17.81156142959709,9,645,hallucinated
-1.0551798343658447,-5.645334243774414,2.8724916801750653,10,646,grounded
-1.6900519132614136,-5.683430194854736,5.419762055352618,6,646,hallucinated
-0.2875516414642334,-0.6460258364677429,1.3331594366909385,6,647,grounded
-1.3271006345748901,-4.043962478637695,3.770096638082002,6,647,hallucinated
-1.2915663719177246,-4.782474517822266,3.6384813094836392,7,648,grounded
-2.48929500579834,-7.654677867889404,12.052775987339517,6,648,hallucinated
-1.793533205986023,-9.048334121704102,6.010651864556971,6,649,grounded
-0.8609166145324707,-2.6090855598449707,2.3653277941863764,8,649,hallucinated
-1.756872296333313,-9.080394744873047,5.794286213206755,9,650,grounded
-1.5892598628997803,-6.196374893188477,4.9001208246273045,10,650,hallucinated
-1.5125257968902588,-7.221431732177734,4.538178848521214,13,651,grounded
-1.9862439632415771,-8.540244102478027,7.288107887131749,11,651,hallucinated
-1.639375925064087,-6.8733296394348145,5.151953303833623,12,652,grounded
-2.19319748878479,-7.935042381286621,8.963829083661974,11,652,hallucinated
-3.6358628273010254,-6.834633827209473,37.93456976305407,5,653,grounded
-2.8193085193634033,-10.29802417755127,16.76525381472027,10,653,hallucinated
-1.6970263719558716,-5.716720104217529,5.457694085870732,7,654,grounded
-1.5416359901428223,-4.649613380432129,4.672227740400654,8,654,hallucinated
-3.3550515174865723,-10.377532005310059,28.64707997824997,6,655,grounded
-3.3244400024414062,-11.315032005310059,27.783435629329862,10,655,hallucinated
-2.165287494659424,-10.810457229614258,8.717107678540634,17,656,grounded
-1.801746129989624,-8.301788330078125,6.060220163244141,12,656,hallucinated
-1.5733474493026733,-9.064915657043457,4.822765165242298,10,657,grounded
-2.4753379821777344,-15.0355863571167,11.88572359705645,8,657,hallucinated
-1.1039345264434814,-8.621240615844727,3.016009278128351,14,658,grounded
-1.336206078529358,-5.9326605796813965,3.80458180483869,13,658,hallucinated
-2.5607287883758545,-7.054503440856934,12.945248224985987,9,659,grounded
-3.388120412826538,-13.775634765625,29.610244896825794,10,659,hallucinated
-2.8748586177825928,-7.334023475646973,17.72291823884266,9,660,grounded
-2.8331470489501953,-10.771523475646973,16.998873020554672,9,660,hallucinated
-1.4791755676269531,-7.859029293060303,4.3893254867940374,11,661,grounded
-1.7008898258209229,-6.813420295715332,5.478820419210037,10,661,hallucinated
-0.34833431243896484,-1.712634563446045,1.416705792948857,12,662,grounded
-1.4678219556808472,-7.462634563446045,4.339772622803911,10,662,hallucinated
-1.208875060081482,-6.336920738220215,3.3497143049021325,12,663,grounded
-0.5872265696525574,-1.3673529624938965,1.7989921108341045,7,663,hallucinated
-0.847353458404541,-4.331043243408203,2.3334630656468502,9,664,grounded
-3.1685543060302734,-16.644617080688477,23.773090887066136,9,664,hallucinated
-0.3655657470226288,-2.416936159133911,1.4413292052363016,9,665,grounded
-0.9836212992668152,-6.295633792877197,2.6741225270569178,9,665,hallucinated
-2.3223676681518555,-8.358596801757812,10.199795470239263,15,666,grounded
-1.1009490489959717,-2.2733774185180664,3.0070184780404396,4,666,hallucinated
-0.8871315121650696,-6.4575300216674805,2.4281545203305663,8,667,grounded
-0.7621315121650696,-5.4575300216674805,2.142838843188509,8,667,hallucinated
-0.8736005425453186,-10.452319145202637,2.3955205180347203,19,668,grounded
-1.0466852188110352,-5.9139580726623535,2.848194312172623,19,668,hallucinated
-1.8687180280685425,-11.541902542114258,6.479983914744212,15,669,grounded
-2.404729127883911,-11.541902542114258,11.075429850717901,11,669,hallucinated
-2.1337127685546875,-9.169544219970703,8.446167334172245,10,670,grounded
-1.6430333852767944,-17.919544219970703,5.170830868988069,12,670,hallucinated
-3.44684100151062,-10.661612510681152,31.401039627137553,17,671,grounded
-2.708099126815796,-6.386128902435303,15.000733903657022,14,671,hallucinated
-2.098497152328491,-7.006170749664307,8.153906620367573,14,672,grounded
-2.64768648147583,-15.563904762268066,14.121330864395173,6,672,hallucinated
-1.4034922122955322,-6.683457374572754,4.069386342529983,21,673,grounded
-1.5621570348739624,-8.2634859085083,4.769097267407415,12,673,hallucinated
-0.5506558418273926,-3.872824192047119,1.7343901305362337,8,674,grounded
-0.41272979974746704,-2.872824192047119,1.5109367152916255,10,674,hallucinated
-1.5269627571105957,-9.300653457641602,4.604171577016413,13,675,grounded
-3.0212581157684326,-13.989117622375488,20.517088325554315,10,675,hallucinated
-0.07598789036273956,-0.31106624007225037,1.0789495083910043,8,676,grounded
-0.7180345058441162,-5.379554271697998,2.05039919988567,8,676,hallucinated
-2.9318959712982178,-16.050647735595703,18.763171228034984,10,677,grounded
-2.0018723011016846,-14.988146781921387,7.402903596101979,11,677,hallucinated
-3.1676149368286133,-8.194156646728516,23.750769663235044,8,678,grounded
-3.2012810707092285,-8.194156646728516,24.563978242251984,4,678,hallucinated
-1.6588873863220215,-5.964664459228516,5.253462517332305,14,679,grounded
-1.2731294631958008,-8.436185836791992,3.5720135742742825,13,679,hallucinated
-0.16208411753177643,-0.5281394720077515,1.175959155942382,9,680,grounded
-0.3073425889015198,-1.3222730159759521,1.359806742981125,8,680,hallucinated
-1.2974597215652466,-7.351850509643555,3.659987461417694,11,681,grounded
-0.9849122166633606,-5.842945098876953,2.677576827476135,9,681,hallucinated
-3.765303134918213,-8.928060531616211,43.17679226967929,14,682,grounded
-5.974422931671143,-12.962886810302734,393.24110861292473,4,682,hallucinated
-1.8823410272598267,-12.500033378601074,6.5688647676848,20,683,grounded
-1.237969994544983,-4.125285625457764,3.448605665920265,6,683,hallucinated
-2.7356207370758057,-10.377883911132812,15.419311804421959,14,684,grounded
-0.5845497846603394,-1.7113006114959717,1.7941830350531336,6,684,hallucinated
-0.45849496126174927,-4.130758285522461,1.5816916854590404,17,685,grounded
-1.3030792474746704,-8.969019889831543,3.680612753690185,11,685,hallucinated
-4.685245990753174,-13.750083923339844,108.33691891091992,4,686,grounded
-3.5148441791534424,-13.750083923339844,33.6106902696543,7,686,hallucinated
-1.51439368724823,-6.262845516204834,4.546663590852361,9,687,grounded
-2.0302605628967285,-8.918985366821289,7.616070565671681,7,687,hallucinated
-2.182511568069458,-8.90646743774414,8.868552283561819,9,688,grounded
-1.2458935976028442,-10.33248519897461,3.4760395925596357,15,688,hallucinated
-0.9105413556098938,-6.1877617835998535,2.4856677994258547,16,689,grounded
-0.40746328234672546,-2.369215965270996,1.503000257878582,10,689,hallucinated
-2.5194284915924072,-16.728586196899414,12.421495645428795,9,690,grounded
-1.644309639930725,-11.009836196899414,5.177434378933122,9,690,hallucinated
-1.4962432384490967,-8.85624885559082,4.46488401920499,11,691,grounded
-1.4162139892578125,-8.086769104003906,4.121486870927711,12,691,hallucinated
-0.839736819267273,-4.457478046417236,2.3157574338363753,9,692,grounded
-4.470212459564209,-17.270095825195312,87.37528475648327,13,692,hallucinated
-2.1064071655273438,-7.036503791809082,8.218659891346077,9,693,grounded
-2.8336474895477295,-8.140853881835938,17.007382075687218,6,693,hallucinated
-2.8248376846313477,-9.106220245361328,16.85820841768735,8,694,grounded
-2.073831081390381,-9.106220245361328,7.955241991603642,14,694,hallucinated
-1.9715025424957275,-9.162440299987793,7.18145883293039,13,695,grounded
-1.1577646732330322,-7.224940299987793,3.1828106964914578,11,695,hallucinated
-1.0387308597564697,-8.859559059143066,2.825628618751256,14,696,grounded
-2.630817174911499,-11.611088752746582,13.885111832361098,13,696,hallucinated
-2.2139475345611572,-8.003093719482422,9.151772117339,8,697,grounded
-3.3529446125030518,-9.172285079956055,28.586786840939897,7,697,hallucinated
-1.276344656944275,-11.34456729888916,3.5835167725839034,14,698,grounded
-1.6838812828063965,-13.510824203491211,5.386421677919937,11,698,hallucinated
-1.29072904586792,-5.09524393081665,3.635435989442308,9,699,grounded
-2.0790822505950928,-11.639827728271484,7.9971261876205535,10,699,hallucinated
-1.7807233333587646,-10.022551536560059,5.934147233208988,17,700,grounded
-1.5480544567108154,-12.647551536560059,4.702312724398995,16,700,hallucinated
-0.45953574776649475,-2.7986361980438232,1.5833387457903374,18,701,grounded
-0.6293962597846985,-4.298636436462402,1.8764773323767483,18,701,hallucinated
-1.044691562652588,-5.227484226226807,2.8425216485909592,25,702,grounded
-1.4883416891098022,-7.549165725708008,4.4297435328078665,18,702,hallucinated
-3.0391786098480225,-8.197656631469727,20.88807892443766,13,703,grounded
-3.634977340698242,-11.410996437072754,37.900994077350326,7,703,hallucinated
-1.2788455486297607,-3.7904908657073975,3.592489975712929,6,704,grounded
-1.4989497661590576,-7.838557243347168,4.476984719578403,6,704,hallucinated
-0.11314950883388519,-0.9604593515396118,1.119799340327391,15,705,grounded
-0.2588132321834564,-2.9604592323303223,1.2953918447271637,15,705,hallucinated
-2.1446776390075684,-6.479167938232422,8.539288060185742,14,706,grounded
-1.1288084983825684,-2.6719274520874023,3.091970216940099,11,706,hallucinated
-0.33162808418273926,-1.6747136116027832,1.393234586163759,6,707,grounded
-1.633031964302063,-6.186738967895508,5.119372967681907,7,707,hallucinated
-1.5530072450637817,-10.16297435760498,4.725660053556334,7,708,grounded
-0.3455056846141815,-1.4814249277114868,1.4127041218107126,10,708,hallucinated
-1.8890466690063477,-6.047293663024902,6.613061238738852,8,709,grounded
-2.9200546741485596,-9.673637390136719,18.542301216564823,4,709,hallucinated
-0.24944420158863068,-2.395728826522827,1.2833119556895995,10,710,grounded
-0.07130895555019379,-0.5207288265228271,1.0739129659905104,9,710,hallucinated
-2.9084763526916504,-10.944541931152344,18.32885057713792,12,711,grounded
-3.5415103435516357,-14.267119407653809,34.51901541169443,11,711,hallucinated
-2.8753883838653564,-11.649836540222168,17.732309727239556,9,712,grounded
-3.4542291164398193,-13.315216064453125,31.63389323222003,8,712,hallucinated
-1.2730308771133423,-5.8205742835998535,3.571661440807521,14,713,grounded
-1.2213850021362305,-5.9455742835998535,3.391882246072671,15,713,hallucinated
-1.6840959787368774,-10.520029067993164,5.387578244884709,11,714,grounded
-1.5439728498458862,-10.37570571899414,4.683158848389132,13,714,hallucinated
-1.3036279678344727,-11.071089744567871,3.6826329350513154,14,715,grounded
-1.6322468519210815,-10.009866714477539,5.115355261963746,19,715,hallucinated
-2.7928950786590576,-9.692673683166504,16.328222930179766,21,716,grounded
-1.8524640798568726,-7.696940898895264,6.375509949073778,12,716,hallucinated
-0.4463360011577606,-7.680753707885742,1.5625764058201463,23,717,grounded
-0.1807827353477478,-1.8682537078857422,1.198154834318921,21,717,hallucinated
-2.9604992866516113,-11.971274375915527,19.307609380972117,8,718,grounded
-3.1039695739746094,-8.408707618713379,22.286242815087242,10,718,hallucinated
-2.5261614322662354,-9.217074394226074,12.505411020302503,10,719,grounded
-1.357499122619629,-9.921529769897461,3.886461574098202,13,719,hallucinated
-1.2683383226394653,-8.452548027038574,3.5549404876091866,16,720,grounded
-1.5417487621307373,-7.391411781311035,4.672754666521625,14,720,hallucinated
-0.9661698937416077,-4.537529945373535,2.6278601760372036,15,721,grounded
-1.1180646419525146,-6.217270374298096,3.058928349220635,14,721,hallucinated
-2.4711971282958984,-12.468886375427246,11.836608312150512,9,722,grounded
-4.138628959655762,-12.468886375427246,62.71677524714885,7,722,hallucinated
-1.2623291015625,-5.336155414581299,3.5336421216899856,11,723,grounded
-0.8607774972915649,-9.51369857788086,2.3649987591975616,14,723,hallucinated
-1.4918591976165771,-9.058266639709473,4.445352629839042,24,724,grounded
-0.5426878333091736,-5.0884809494018555,1.7206254067462294,11,724,hallucinated
-1.183428168296814,-6.837757587432861,3.2655498904819,9,725,grounded
-1.5536552667617798,-6.252603530883789,4.728723376250989,9,725,hallucinated
-0.9480730891227722,-7.3772149085998535,2.5807320245174328,10,726,grounded
-1.0938715934753418,-9.959981918334961,2.9858115724994945,10,726,hallucinated
-0.602744460105896,-2.8701937198638916,1.827126401183556,11,727,grounded
-0.8186535835266113,-2.8701937198638916,2.2674448562484044,11,727,hallucinated
-2.996500015258789,-11.870877265930176,20.01536072987793,13,728,grounded
-1.2276426553726196,-8.707778930664062,3.4131740177703427,10,728,hallucinated
-0.8454533815383911,-3.1369967460632324,2.3290335160328377,6,729,grounded
-0.7070205211639404,-2.965273380279541,2.027940043948479,8,729,hallucinated
-1.1275904178619385,-5.615355968475342,3.0882062411266764,9,730,grounded
-1.943664312362671,-4.898615837097168,6.984296783182065,4,730,hallucinated
-2.3567261695861816,-11.410204887390137,10.556335168297444,8,731,grounded
-4.99579381942749,-12.222704887390137,147.79021757674727,5,731,hallucinated
-2.379302978515625,-9.803120613098145,10.79737423861012,10,732,grounded
-1.5063536167144775,-9.186431884765625,4.510254656220791,16,732,hallucinated
-3.9850261211395264,-11.275826454162598,53.786694429290044,5,733,grounded
-2.2841920852661133,-8.322409629821777,9.817751113224519,9,733,hallucinated
-0.18106158077716827,-1.4920432567596436,1.1984889809036676,13,734,grounded
-0.37638765573501587,-4.242043495178223,1.4570118433046126,13,734,hallucinated
-2.0123298168182373,-11.709832191467285,7.480725780951067,13,735,grounded
-2.7087302207946777,-13.143675804138184,15.010203764374163,12,735,hallucinated
-1.3097999095916748,-4.346358299255371,3.7054322165843536,16,736,grounded
-1.3136799335479736,-3.8980870246887207,3.719837310335677,12,736,hallucinated
-2.7523140907287598,-8.272202491760254,15.678872269201939,13,737,grounded
-1.4426171779632568,-6.009097576141357,4.231756596779447,8,737,hallucinated
-1.4687496423721313,-6.08468770980835,4.343800440096671,11,738,grounded
-0.9372347593307495,-7.307340145111084,2.5529122321039828,11,738,hallucinated
-0.37905004620552063,-2.080889940261841,1.4608961462227437,9,739,grounded
-0.5454291701316833,-2.830889940261841,1.7253486916309493,10,739,hallucinated
-0.5010964870452881,-2.5538344383239746,1.6505300636925602,6,740,grounded
-0.10279518365859985,-0.30383437871932983,1.1082643951699993,6,740,hallucinated
-0.8842565417289734,-4.969940185546875,2.4211836731615404,13,741,grounded
-2.2513794898986816,-9.1635160446167,9.500833103803211,10,741,hallucinated
-2.5788841247558594,-6.407077312469482,13.182420013227338,6,742,grounded
-1.8414647579193115,-4.469577312469482,6.305767923268976,6,742,hallucinated
-2.243405818939209,-11.314327239990234,9.425377814400802,10,743,grounded
-2.418785810470581,-7.044756889343262,11.232212996537337,6,743,hallucinated
-1.3206875324249268,-9.707613945007324,3.745995985799901,13,744,grounded
-1.6652778387069702,-9.345392227172852,5.287142018412887,14,744,hallucinated
-1.0850985050201416,-4.829563617706299,2.9597313527769917,11,745,grounded
-0.2278309017419815,-1.345276117324829,1.2558729415492693,7,745,hallucinated
-1.2600106000900269,-5.463213920593262,3.525458857348593,10,746,grounded
-2.833737373352051,-13.820612907409668,17.00891083259394,5,746,hallucinated
-1.7226961851119995,-11.198253631591797,5.599605703158919,11,747,grounded
-1.2484575510025024,-6.424816131591797,3.4849634313550646,11,747,hallucinated
-0.5450699329376221,-4.090545177459717,1.7247289935241594,11,748,grounded
-0.2493191659450531,-2.340545177459717,1.2831515059844842,11,748,hallucinated
-1.9795358180999756,-8.924856185913086,7.239381815118271,9,749,grounded
-2.741852283477783,-5.445771217346191,15.515697966933082,8,749,hallucinated
-1.3146023750305176,-4.10046911239624,3.723270225667378,7,750,grounded
-3.9242732524871826,-11.51384162902832,50.61627943361714,6,750,hallucinated
-1.9225109815597534,-11.24833869934082,6.838107291404716,12,751,grounded
-1.8778053522109985,-13.041345596313477,6.539137998104856,9,751,hallucinated
-1.0037184953689575,-4.115748882293701,2.728408563289273,17,752,grounded
-0.14018143713474274,-0.8866608738899231,1.1504825201737878,8,752,hallucinated
-1.6427409648895264,-10.01031494140625,5.1693190336793675,15,753,grounded
-1.4781242609024048,-5.697815418243408,4.384713384185575,7,753,hallucinated
-0.9065187573432922,-8.253286361694336,2.475689040170148,10,754,grounded
-0.3462032973766327,-2.3782858848571777,1.4136899860714183,9,754,hallucinated
-2.0204334259033203,-8.726249694824219,7.5415929471255,20,755,grounded
-1.1243515014648438,-5.511791706085205,3.0782199803566948,15,755,hallucinated
-0.7814834713935852,-4.807548522949219,2.1847108187566047,15,756,grounded
-1.0009058713912964,-5.391770362854004,2.720745357852862,10,756,hallucinated
-1.6369930505752563,-13.319029808044434,5.139691460756786,9,757,grounded
-1.9268684387207031,-14.83243465423584,6.867969064437507,12,757,hallucinated
-0.40887731313705444,-3.4128341674804688,1.505127049841381,12,758,grounded
-1.0207791328430176,-6.287834167480469,2.7753562930347857,12,758,hallucinated
-0.8010854721069336,-7.2531843185424805,2.2279580026891694,16,759,grounded
-1.8218681812286377,-11.193565368652344,6.183399376900458,17,759,hallucinated
-1.2939701080322266,-7.328125,3.647237778313165,9,760,grounded
-2.2018139362335205,-9.210896492004395,9.041399155203212,9,760,hallucinated
-2.8891801834106445,-13.783856391906738,17.978564432834368,10,761,grounded
-0.46469253301620483,-3.235475540161133,1.591524772329857,9,761,hallucinated
-1.7626298666000366,-6.95166540145874,5.827743446987528,15,762,grounded
-0.9832279086112976,-4.91914176940918,2.6730707591344647,15,762,hallucinated
-0.9467144012451172,-8.39841365814209,2.5772279961797033,16,763,grounded
-2.2531635761260986,-11.752189636230469,9.517798538692029,13,763,hallucinated
-1.3106657266616821,-8.234843254089355,3.7086418323187686,9,764,grounded
-1.7172977924346924,-7.4223432540893555,5.569458279764623,7,764,hallucinated
-0.7075774073600769,-2.3216822147369385,2.0290696902785763,8,765,grounded
-2.234038829803467,-13.75918197631836,9.337502608379923,9,765,hallucinated
-4.103970527648926,-7.54306697845459,60.58034664277073,10,766,grounded
-1.577263593673706,-4.304214954376221,4.841688839632701,10,766,hallucinated
-2.197448492050171,-12.954401969909668,9.0020154580625,12,767,grounded
-2.546109199523926,-19.188032150268555,12.757370710638085,12,767,hallucinated
-1.0730880498886108,-4.771188735961914,2.9243962522422224,7,768,grounded
-2.0266165733337402,-13.015323638916016,7.588368188260666,9,768,hallucinated
-1.2784900665283203,-8.567133903503418,3.5912131367870974,10,769,grounded
-2.0234639644622803,-6.670067310333252,7.564482701971475,10,769,hallucinated
-1.2831817865371704,-7.148406982421875,3.608101690520183,12,770,grounded
-2.7612156867980957,-11.689715385437012,15.819062288726807,5,770,hallucinated
-0.8071722984313965,-3.700608968734741,2.2415605522910056,10,771,grounded
-0.9408272504806519,-3.838804006576538,2.562100040382778,9,771,hallucinated
-0.558931291103363,-3.8599534034729004,1.7488025404192948,14,772,grounded
-0.7661451697349548,-6.4849534034729,2.1514567476220634,15,772,hallucinated
-3.1976962089538574,-6.089598178863525,24.47607742636428,6,773,grounded
-5.561896324157715,-7.397303104400635,260.3160121069825,4,773,hallucinated
-0.9712616205215454,-4.193619251251221,2.6412746444920083,6,774,grounded
-3.0414235591888428,-12.221874237060547,20.935024278704883,5,774,hallucinated
-1.515737771987915,-8.79585075378418,4.55277880076084,9,775,grounded
-1.3317296504974365,-8.981011390686035,3.787588930263654,15,775,hallucinated
-0.9064508080482483,-4.509130477905273,2.475520824560251,11,776,grounded
-1.3472214937210083,-5.966405868530273,3.846722525708158,11,776,hallucinated
-2.042591094970703,-6.041107654571533,7.710562136510741,8,777,grounded
-1.6335197687149048,-6.041107654571533,5.121870829591026,8,777,hallucinated
-0.6470964550971985,-4.963885307312012,1.9099870369478305,8,778,grounded
-0.41620615124702454,-2.963885545730591,1.516198402846311,8,778,hallucinated
-3.644254684448242,-16.24647331237793,38.25425073589581,11,779,grounded
-2.539968490600586,-9.518007278442383,12.679271448311209,10,779,hallucinated
-3.333470106124878,-13.295390129089355,28.035459120317395,13,780,grounded
-2.801586627960205,-10.877150535583496,16.47075901719176,9,780,hallucinated
-2.552337408065796,-10.618217468261719,12.83707422327369,12,781,grounded
-0.9520671367645264,-5.700527191162109,2.59106020306259,11,781,hallucinated
-1.2529186010360718,-10.341102600097656,3.500544756282266,11,782,grounded
-3.9652814865112305,-9.766597747802734,52.735111523181125,7,782,hallucinated
-2.112567901611328,-4.05996561050415,8.269449174945995,4,783,grounded
-0.4712992310523987,-1.5288219451904297,1.6020743063380225,7,783,hallucinated
-1.0300183296203613,-2.170212507247925,2.801117177642983,3,784,grounded
-0.5719853639602661,-1.7952125072479248,1.771781192379872,5,784,hallucinated
-1.0983998775482178,-6.727394104003906,2.9993628343132586,8,785,grounded
-0.6687251925468445,-2.8523941040039062,1.9517476316085953,10,785,hallucinated
-1.2544974088668823,-6.646990776062012,3.506075808841226,11,786,grounded
-2.5998237133026123,-8.119248390197754,13.461364766283005,10,786,hallucinated
-1.5453457832336426,-5.043293476104736,4.689592929303848,9,787,grounded
-2.715121269226074,-7.0720319747924805,15.106441907339361,7,787,hallucinated
-1.3139235973358154,-7.818698883056641,3.720743810421006,8,788,grounded
-2.9302287101745605,-13.906876564025879,18.731914186155926,7,788,hallucinated
-1.890168309211731,-7.267622947692871,6.620482875529908,11,789,grounded
-2.5338852405548096,-14.096000671386719,12.602374398819874,18,789,hallucinated
-0.9022257924079895,-6.999508857727051,2.465083774234895,15,790,grounded
-1.1479823589324951,-9.24950885772705,3.1518272339599513,15,790,hallucinated
-2.138550043106079,-6.4921746253967285,8.487122740887587,9,791,grounded
-3.6495726108551025,-11.116975784301758,38.45822590782841,14,791,hallucinated
-1.9801034927368164,-4.853187561035156,7.243492595243535,6,792,grounded
-3.2122440338134766,-10.715963363647461,24.834753768507795,9,792,hallucinated
-2.265042543411255,-9.104413986206055,9.631534350721049,11,793,grounded
-3.223676919937134,-18.539958953857422,25.120315969816037,13,793,hallucinated
-0.8369462490081787,-3.951796531677246,2.3093041583613316,7,794,grounded
-2.415464162826538,-13.737039566040039,11.194965438578654,7,794,hallucinated
-2.4775915145874023,-8.802468299865723,11.912538663357106,8,795,grounded
-3.12520432472229,-13.855551719665527,22.764545977900212,9,795,hallucinated
-1.85171377658844,-15.429523468017578,6.37072817723491,20,796,grounded
-2.2888975143432617,-8.429201126098633,9.864056703181719,11,796,hallucinated
-4.460116386413574,-16.878002166748047,86.49757565312593,12,797,grounded
-1.6825624704360962,-9.432981491088867,5.37932268053115,7,797,hallucinated
-3.084362506866455,-9.328836441040039,21.85353092461322,9,798,grounded
-1.4193400144577026,-11.45728588104248,4.134390901401251,10,798,hallucinated
-1.1128389835357666,-9.314254760742188,3.042985127741841,12,799,grounded
-3.564094066619873,-8.422472953796387,35.307452711241936,9,799,hallucinated
-1.325085997581482,-8.569864273071289,3.762508907753705,9,800,grounded
-1.2798675298690796,-5.267477512359619,3.596163309790089,17,800,hallucinated
-1.3847603797912598,-10.34341812133789,3.993868778477426,11,801,grounded
-1.7781727313995361,-8.181900024414062,5.919030871755231,14,801,hallucinated
-0.934258222579956,-8.463674545288086,2.545324692920177,14,802,grounded
-0.7395379543304443,-5.282695770263672,2.094967320258426,17,802,hallucinated
-1.3403282165527344,-9.36362361907959,3.8202971843882585,11,803,grounded
-2.7119874954223633,-6.84212064743042,15.059175834694505,8,803,hallucinated
-1.1658351421356201,-8.102980613708496,3.208601402802735,15,804,grounded
-1.1822601556777954,-6.019232273101807,3.261737913653677,18,804,hallucinated
-2.4995546340942383,-9.291520118713379,12.177069501270534,19,805,grounded
-2.409176826477051,-8.341487884521484,11.124799734277863,13,805,hallucinated
-2.404414415359497,-6.003077507019043,11.071944822650366,9,806,grounded
-1.513788104057312,-5.988615989685059,4.543911041339961,11,806,hallucinated
-0.23559318482875824,-1.253098964691162,1.2656593160088883,6,807,grounded
-0.12133962661027908,-0.7530989646911621,1.1290082885192942,7,807,hallucinated
-0.6237022876739502,-3.185394525527954,1.8658230840615102,6,808,grounded
-0.12937653064727783,-0.5603945255279541,1.138118580022904,7,808,hallucinated
-0.5474154353141785,-2.0506482124328613,1.7287790973847375,6,809,grounded
-0.2664186358451843,-1.1756482124328613,1.3052813818982236,7,809,hallucinated
-1.9833062887191772,-5.869744777679443,7.266729215439501,8,810,grounded
-0.8185376524925232,-2.1719796657562256,2.2671820042581277,11,810,hallucinated
-0.9025751352310181,-3.9636664390563965,2.465945083997021,13,811,grounded
-1.292041540145874,-7.272724628448486,3.640210611022658,11,811,hallucinated
-0.5777324438095093,-11.722776412963867,1.7819930765173588,31,812,grounded
-0.6845858693122864,-13.222776412963867,1.9829504648317886,29,812,hallucinated
-0.49809524416923523,-7.052372932434082,1.645583848206922,23,813,grounded
-0.3801555335521698,-5.677372932434082,1.462512041438453,23,813,hallucinated
-1.2053494453430176,-7.258078098297119,3.337925296740992,12,814,grounded
-1.6257811784744263,-9.633077621459961,5.0823877387463385,13,814,hallucinated
-2.445829391479492,-7.250881195068359,11.540116905402824,11,815,grounded
-0.22624382376670837,-1.1281259059906006,1.2538813540843328,11,815,hallucinated
-1.4243040084838867,-11.381074905395508,4.154965015780535,16,816,grounded
-0.6642336845397949,-5.525502681732178,1.9430009989830046,11,816,hallucinated
