mean_logprob,min_logprob,perplexity,n_answer_tokens,example_id,label
-4.335476875305176,-19.91458511352539,76.3613650577421,11,0,grounded
-7.603910446166992,-20.15677261352539,2006.0250303122527,8,0,hallucinated
-3.657580614089966,-17.620365142822266,38.76743593031599,9,1,grounded
-3.6200435161590576,-12.225401878356934,37.33919264494659,8,1,hallucinated
-3.315870523452759,-15.397459030151367,27.54636330542237,17,2,grounded
-2.7957921028137207,-17.56285858154297,16.37559477196451,13,2,hallucinated
-2.735398530960083,-15.942475318908691,15.415885919679148,14,3,grounded
-2.5511038303375244,-11.375838279724121,12.821248457578598,13,3,hallucinated
-3.6936635971069336,-17.765216827392578,40.19182421107458,16,4,grounded
-2.6093666553497314,-18.172155380249023,13.590440692612141,13,4,hallucinated
-4.4986958503723145,-21.359878540039062,89.89981200983367,13,5,grounded
-3.552932024002075,-21.359878540039062,34.91554075737537,17,5,hallucinated
-3.4643168449401855,-13.171278953552246,31.954622352862938,12,6,grounded
-7.276063919067383,-18.438701629638672,1445.2880439679238,9,6,hallucinated
-3.427351474761963,-16.42408561706543,30.794973381520443,20,7,grounded
-2.5829970836639404,-13.677963256835938,13.236750417821895,22,7,hallucinated
-3.1693673133850098,-21.04024314880371,23.792426443711978,13,8,grounded
-2.7136850357055664,-14.749227523803711,15.084761102172871,14,8,hallucinated
-3.3458609580993652,-13.375164985656738,28.385003448115647,11,9,grounded
-5.477302551269531,-24.093759536743164,239.20060498374372,11,9,hallucinated
-0.6546434760093689,-8.134928703308105,1.9244562802208076,18,10,grounded
-1.4907599687576294,-15.375659942626953,4.440468854625209,18,10,hallucinated
-3.526902198791504,-13.231168746948242,34.0184219108479,8,11,grounded
-3.841618537902832,-15.793668746948242,46.600838657085944,8,11,hallucinated
-2.4628243446350098,-16.687637329101562,11.737916689827347,19,12,grounded
-1.6213535070419312,-10.375138282775879,5.059934340563346,18,12,hallucinated
-2.2144062519073486,-8.637689590454102,9.155971156970143,15,13,grounded
-2.4498775005340576,-11.706396102905273,11.586927239883634,17,13,hallucinated
-1.68626070022583,-9.524734497070312,5.3992534835456345,14,14,grounded
-4.030900001525879,-16.377531051635742,56.31156894568118,12,14,hallucinated
-3.2152369022369385,-16.72492218017578,24.909192255601027,21,15,grounded
-4.366316318511963,-15.381823539733887,78.75299577047026,18,15,hallucinated
-2.1463444232940674,-16.20990562438965,8.553533079731794,16,16,grounded
-2.959625244140625,-18.168964385986328,19.2907410824665,17,16,hallucinated
-7.638204097747803,-17.030065536499023,2076.0121518227256,10,17,grounded
-4.696589469909668,-20.593944549560547,109.57283302292299,11,17,hallucinated
-1.9993643760681152,-17.938405990600586,7.384360930378956,14,18,grounded
-4.162169456481934,-21.974746704101562,64.21067386668045,17,18,hallucinated
-1.8181427717208862,-7.4334306716918945,6.160406537535227,6,19,grounded
-3.4599146842956543,-15.572105407714844,31.814262142697117,8,19,hallucinated
-3.5802392959594727,-14.908321380615234,35.882126267626695,17,20,grounded
-4.121457099914551,-18.916133880615234,61.649005612273385,15,20,hallucinated
-1.9542545080184937,-26.21963119506836,7.058654891139137,15,21,grounded
-2.202791690826416,-24.387535095214844,9.050243747969391,17,21,hallucinated
-9.324474334716797,-26.422245025634766,11209.022739673184,6,22,grounded
-6.13132381439209,-24.355838775634766,460.044771636779,7,22,hallucinated
-5.784860134124756,-18.51119613647461,325.3365334512916,6,23,grounded
-5.92039680480957,-17.8311824798584,372.55951795813456,6,23,hallucinated
-6.530623435974121,-15.699399948120117,685.8256466188243,12,24,grounded
-3.560368537902832,-15.699399948120117,35.1761585042687,9,24,hallucinated
-6.668227195739746,-22.57890510559082,786.9991715431199,16,25,grounded
-4.022721290588379,-19.28978729248047,55.85289115416626,14,25,hallucinated
-3.199172258377075,-24.056665420532227,24.51223200273867,17,26,grounded
-2.0743720531463623,-14.354714393615723,7.95954671709557,15,26,hallucinated
-2.964078426361084,-17.973304748535156,19.376837827641047,16,27,grounded
-2.307506799697876,-17.973304748535156,10.049338381966539,15,27,hallucinated
-2.2487192153930664,-23.788612365722656,9.475591868908044,15,28,grounded
-3.5169761180877686,-23.788612365722656,33.68242264620335,14,28,hallucinated
-3.7628467082977295,-17.604082107543945,43.070861806231775,9,29,grounded
-1.7517201900482178,-17.032793045043945,5.764510205233957,22,29,hallucinated
-3.2725934982299805,-18.562416076660156,26.379666319928994,21,30,grounded
-1.2701423168182373,-9.397514343261719,3.5613593676250086,17,30,hallucinated
-0.6142995953559875,-7.001561164855957,1.8483615450701996,14,31,grounded
-3.042386770248413,-26.126562118530273,20.955198840243114,15,31,hallucinated
-6.031139373779297,-24.608610153198242,416.18895412356574,11,32,grounded
-6.382758140563965,-17.535186767578125,591.5570571533179,12,32,hallucinated
-2.9168365001678467,-13.377676010131836,18.482724780333257,10,33,grounded
-5.9530720710754395,-23.250001907348633,384.9340693091594,14,33,hallucinated
-5.232595443725586,-13.99721908569336,187.27824342351792,14,34,grounded
-3.2145025730133057,-18.937503814697266,24.890907422156086,19,34,hallucinated
-3.3304851055145264,-20.978219985961914,27.9518980347232,14,35,grounded
-5.737522602081299,-21.095407485961914,310.2947344482237,11,35,hallucinated
-5.321298122406006,-20.250032424926758,204.6493695700141,6,36,grounded
-5.790929794311523,-22.40625,327.3172206238851,6,36,hallucinated
-2.5474836826324463,-15.582428932189941,12.774917557348735,13,37,grounded
-3.3607425689697266,-15.582428932189941,28.810576778322964,11,37,hallucinated
-2.132387399673462,-16.56253433227539,8.434980461825726,11,38,grounded
-3.587198495864868,-18.218923568725586,36.132708070467814,7,38,hallucinated
-3.94366455078125,-15.402375221252441,51.60737304666824,16,39,grounded
-3.6129367351531982,-15.402375221252441,37.07477188301697,14,39,hallucinated
-0.9353639483451843,-7.758796215057373,2.548140680582158,14,40,grounded
-3.963592290878296,-16.542083740234375,52.64610679745456,15,40,hallucinated
-4.60852575302124,-19.198745727539062,100.33612032506778,12,41,grounded
-4.122779846191406,-11.181254386901855,61.730605561035404,11,41,hallucinated
-3.989638090133667,-19.365510940551758,54.0353299051364,11,42,grounded
-3.068096160888672,-20.509904861450195,21.500929373819975,15,42,hallucinated
-4.1787004470825195,-17.796098709106445,65.2809620010211,11,43,grounded
-5.263829231262207,-17.796098709106445,193.21996042330088,12,43,hallucinated
-3.7194173336029053,-17.06869888305664,41.240357736040565,13,44,grounded
-3.9428744316101074,-17.06869888305664,51.56661317654965,14,44,hallucinated
-3.19071626663208,-20.532745361328125,24.305830665147322,16,45,grounded
-3.8131778240203857,-20.532745361328125,45.29414723449388,16,45,hallucinated
-2.075695276260376,-12.595457077026367,7.9700859446256604,16,46,grounded
-5.409961700439453,-21.829832077026367,223.62302285302906,10,46,hallucinated
-1.9182236194610596,-13.580904006958008,6.808852606901524,21,47,grounded
-3.202759027481079,-14.282205581665039,24.600309581699914,14,47,hallucinated
-3.0669548511505127,-14.320181846618652,21.476404151845685,15,48,grounded
-3.383011817932129,-14.320181846618652,29.459363874072604,16,48,hallucinated
-6.207700729370117,-19.619747161865234,496.558215994574,15,49,grounded
-3.748542070388794,-15.04425048828125,42.45913442408982,21,49,hallucinated
-2.515977382659912,-15.570642471313477,12.3787015967873,12,50,grounded
-5.3727922439575195,-22.47005844116211,215.46365563126432,8,50,hallucinated
-4.468720436096191,-19.728410720825195,87.24501598729857,15,51,grounded
-7.872543811798096,-19.720054626464844,2624.2326587041302,7,51,hallucinated
-4.01643705368042,-23.715351104736328,55.5029989085249,14,52,grounded
-4.20604944229126,-18.531757354736328,67.09096883466283,13,52,hallucinated
-5.002423286437988,-18.5196533203125,148.77324281502686,8,53,grounded
-2.658170223236084,-16.18228530883789,14.270153999065485,12,53,hallucinated
-6.57853889465332,-20.437501907348633,719.4873141223204,12,54,grounded
-5.76016092300415,-23.27975082397461,317.3994016735825,8,54,hallucinated
-5.824418067932129,-24.594507217407227,338.46411263626413,12,55,grounded
-10.065556526184082,-24.42306137084961,23518.82694976779,9,55,hallucinated
-3.3490467071533203,-14.504888534545898,28.475575138734875,13,56,grounded
-7.347978115081787,-22.438541412353516,1553.0532562852297,13,56,hallucinated
-6.986976623535156,-19.210859298706055,1082.4438886146556,8,57,grounded
-6.45335578918457,-16.7746639251709,634.829074843731,9,57,hallucinated
-2.2368361949920654,-10.946456909179688,9.363659581370824,10,58,grounded
-3.7449214458465576,-22.282394409179688,42.30568380112859,9,58,hallucinated
-2.476278305053711,-14.813714027404785,11.89690527122039,24,59,grounded
-3.6643388271331787,-20.018718719482422,39.030321840390705,15,59,hallucinated
-3.75603985786438,-17.32807731628418,42.77868043746052,10,60,grounded
-13.760614395141602,-24.148353576660156,946583.4334023832,5,60,hallucinated
-12.52911376953125,-15.75387954711914,276264.43104628194,4,61,grounded
-3.73309063911438,-18.207195281982422,41.80812251167214,17,61,hallucinated
-3.91446852684021,-26.114513397216797,50.12242570693237,18,62,grounded
-5.185695171356201,-25.927026748657227,178.6976320960877,5,62,hallucinated
-8.86510944366455,-16.313140869140625,7080.5682421980355,5,63,grounded
-3.026308536529541,-20.375154495239258,20.620970357569128,16,63,hallucinated
-3.3077101707458496,-16.11717414855957,27.32248995016225,18,64,grounded
-3.2844979763031006,-18.11717414855957,26.695579136980616,12,64,hallucinated
-3.055600643157959,-15.19114875793457,21.233935715576017,12,65,grounded
-3.9897191524505615,-18.623714447021484,54.03971031171322,10,65,hallucinated
-2.7127349376678467,-12.793694496154785,15.070435906497973,17,66,grounded
-2.855680227279663,-12.838669776916504,17.386259794380834,9,66,hallucinated
-1.6484684944152832,-11.503355026245117,5.199011411888774,7,67,grounded
-3.84529185295105,-21.854156494140625,46.77233300252995,6,67,hallucinated
-2.525811195373535,-16.457508087158203,12.501031930908908,16,68,grounded
-4.044485092163086,-16.070789337158203,57.08178660652787,12,68,hallucinated
-5.885639190673828,-18.656511306762695,359.8326962083468,9,69,grounded
-7.673999786376953,-19.001901626586914,2151.6704789162723,8,69,hallucinated
-13.274984359741211,-15.421029090881348,582441.6919419481,4,70,grounded
-1.2961888313293457,-17.10428237915039,3.6553389735740365,15,70,hallucinated
-7.9267730712890625,-15.28427505493164,2770.4722479896805,5,71,grounded
-5.030077934265137,-15.23740005493164,152.94493188202478,7,71,hallucinated
-2.891899347305298,-15.013378143310547,18.027517621827133,10,72,grounded
-6.862430572509766,-20.036815643310547,955.687113655183,16,72,hallucinated
-4.956583023071289,-19.43756675720215,142.1073876823197,8,73,grounded
-5.7638068199157715,-19.140933990478516,318.558719263914,8,73,hallucinated
-2.9335315227508545,-17.816638946533203,18.793884469690003,20,74,grounded
-3.6810014247894287,-18.361495971679688,39.68611684077105,19,74,hallucinated
-4.315205097198486,-20.158370971679688,74.82896908213982,14,75,grounded
-3.2184910774230957,-14.509212493896484,24.990383164017544,21,75,hallucinated
-1.6314808130264282,-12.90536880493164,5.1114382013750435,10,76,grounded
-5.394277095794678,-19.792274475097656,220.14294729795245,8,76,hallucinated
-3.2396833896636963,-14.278329849243164,25.525638786763967,11,77,grounded
-3.872763156890869,-22.18699073791504,48.075041604893435,14,77,hallucinated
-4.463852882385254,-19.721006393432617,86.8213780625853,14,78,grounded
-4.70166015625,-18.44801902770996,110.12985353525312,11,78,hallucinated
-3.118752956390381,-10.616374969482422,22.6181562217366,12,79,grounded
-5.118663787841797,-16.689937591552734,167.11192338475405,13,79,hallucinated
-10.055728912353516,-20.23593521118164,23288.825036914754,4,80,grounded
-6.598746299743652,-20.23593521118164,734.1741776716357,8,80,hallucinated
-3.1023802757263184,-18.143798828125,22.250851459579383,11,81,grounded
-10.8169584274292,-24.635986328125,49859.20575405933,6,81,hallucinated
-10.566685676574707,-17.43263816833496,38819.79890716406,5,82,grounded
-12.994939804077148,-17.445600509643555,440180.3481510384,4,82,hallucinated
-10.153298377990723,-18.93770980834961,25675.650694750326,4,83,grounded
-10.78527545928955,-18.147451400756836,48304.28051870746,4,83,hallucinated
-2.7195370197296143,-9.571914672851562,15.173295681961914,11,84,grounded
-3.0863306522369385,-24.430503845214844,21.896584203989875,18,84,hallucinated
-1.576540231704712,-8.152138710021973,4.838187812468019,11,85,grounded
-1.335681438446045,-6.277139186859131,3.80258629223235,10,85,hallucinated
-3.297208547592163,-14.512553215026855,27.03706081487936,8,86,grounded
-3.6435344219207764,-18.81179428100586,38.226707552926484,8,86,hallucinated
-12.142656326293945,-15.065483093261719,187710.53096353143,4,87,grounded
-4.265248775482178,-19.9621524810791,71.18262626302955,13,87,hallucinated
-0.8214312791824341,-7.5761284828186035,2.273751883421209,11,88,grounded
-3.9113926887512207,-19.498003005981445,49.96849409654502,10,88,hallucinated
-3.18729829788208,-13.048545837402344,24.222895910431507,7,89,grounded
-6.903912544250488,-18.893829345703125,996.1646391251777,7,89,hallucinated
-4.511981010437012,-13.401154518127441,91.1021141067172,12,90,grounded
-4.169543266296387,-19.615312576293945,64.6859011282588,18,90,hallucinated
-3.3704473972320557,-21.908246994018555,29.09153962099031,17,91,grounded
-3.2229223251342773,-25.203168869018555,25.10136746006172,15,91,hallucinated
-5.290400981903076,-25.144115447998047,198.42297348116722,19,92,grounded
-7.050562381744385,-18.095237731933594,1153.507271837541,7,92,hallucinated
-3.028756618499756,-13.861825942993164,20.67151402558823,12,93,grounded
-4.681818008422852,-20.193857192993164,107.96617767742073,10,93,hallucinated
-3.0114493370056152,-7.7545552253723145,20.31682452262851,8,94,grounded
-3.613435745239258,-16.96733283996582,37.093277184907095,12,94,hallucinated
-2.9490363597869873,-13.273188591003418,19.087551330980208,11,95,grounded
-1.7579928636550903,-10.602263450622559,5.800782740208439,11,95,hallucinated
-2.774299383163452,-21.31024932861328,16.027393999020173,13,96,grounded
-10.745670318603516,-28.913131713867188,46428.57172325146,10,96,hallucinated
-5.974395751953125,-19.745132446289062,393.2304205757293,13,97,grounded
-4.490108013153076,-18.116256713867188,89.1310726869363,10,97,hallucinated
-2.3829939365386963,-11.252305030822754,10.837300531492861,10,98,grounded
-5.62142276763916,-21.15388298034668,276.2821890907048,8,98,hallucinated
-2.304908037185669,-21.588903427124023,10.023256443168238,19,99,grounded
-2.7422986030578613,-18.18753433227539,15.522624472336814,12,99,hallucinated
-0.9329110383987427,-6.50366735458374,2.541897980482481,7,100,grounded
-3.9791362285614014,-26.1696834564209,53.47082770065892,8,100,hallucinated
-1.6233341693878174,-8.070318222045898,5.0699662936606025,7,101,grounded
-5.055948257446289,-21.64848518371582,156.95329192867194,6,101,hallucinated
-2.542942762374878,-11.375652313232422,12.717039185413693,12,102,grounded
-8.774864196777344,-12.125594139099121,6469.565290661491,4,102,hallucinated
-3.209712028503418,-11.187790870666504,24.771951581379913,7,103,grounded
-5.052437782287598,-19.666275024414062,156.403277267523,5,103,hallucinated
-6.9981608390808105,-17.847227096557617,1094.6181271321843,12,104,grounded
-5.38119649887085,-11.815046310424805,217.2820977399989,6,104,hallucinated
-8.445158004760742,-20.110870361328125,4652.49077058593,8,105,grounded
-7.554665565490723,-14.692399978637695,1909.6314904537144,6,105,hallucinated
-7.284878730773926,-23.031707763671875,1458.0843013804138,13,106,grounded
-7.125672817230225,-25.843772888183594,1243.4845234788534,7,106,hallucinated
-2.262925863265991,-10.56252670288086,9.61116903422661,5,107,grounded
-4.624490737915039,-10.56252670288086,101.95084016266375,4,107,hallucinated
-7.493795871734619,-24.593660354614258,1796.8598124254963,13,108,grounded
-7.698362350463867,-15.817092895507812,2204.73445148665,4,108,hallucinated
-8.680285453796387,-21.894908905029297,5885.726454524035,5,109,grounded
-1.9672434329986572,-9.441225051879883,7.150937256917837,8,109,hallucinated
-9.575443267822266,-16.74365234375,14406.622386829022,5,110,grounded
-1.8531838655471802,-10.3352689743042,6.380100601848426,8,110,hallucinated
-11.387386322021484,-12.347402572631836,88202.12388391775,4,111,grounded
-3.4782607555389404,-16.200475692749023,32.4033157504493,10,111,hallucinated
-9.489557266235352,-14.806609153747559,13220.940673873702,4,112,grounded
-5.164690017700195,-21.19755744934082,174.98320846655818,10,112,hallucinated
-2.978182554244995,-13.431358337402344,19.652067601789508,14,113,grounded
-5.343841552734375,-18.10161018371582,209.31526339953254,11,113,hallucinated
-3.2309024333953857,-16.562517166137695,25.302480474434322,11,114,grounded
-5.5959625244140625,-16.471233367919922,269.33676858369085,9,114,hallucinated
-9.537229537963867,-12.989782333374023,13866.477809258447,4,115,grounded
-1.8639047145843506,-27.89066505432129,6.448868664589711,15,115,hallucinated
-5.096215724945068,-23.14070701599121,163.4023762649101,8,116,grounded
-3.035367250442505,-22.32820701599121,20.80861847072952,11,116,hallucinated
-4.1341400146484375,-18.783143997192383,62.43587403876064,8,117,grounded
-2.434752941131592,-18.642518997192383,11.412998682484826,12,117,hallucinated
-5.754342079162598,-16.751976013183594,315.5578671168804,8,118,grounded
-3.7750885486602783,-21.450681686401367,43.60136898760246,9,118,hallucinated
-3.2370476722717285,-17.279943466186523,25.458449002211776,8,119,grounded
-1.8535776138305664,-18.122800827026367,6.38261325015125,10,119,hallucinated
-3.634007215499878,-22.22315788269043,37.86424319731255,8,120,grounded
-3.6262309551239014,-20.363906860351562,37.57094285119418,9,120,hallucinated
-3.847193717956543,-17.436933517456055,46.86137230942508,8,121,grounded
-3.010164499282837,-12.271018981933594,20.290737462482973,11,121,hallucinated
-3.9154539108276367,-20.180673599243164,50.17183988460633,6,122,grounded
-8.219621658325195,-22.72234344482422,3713.097297276742,10,122,hallucinated
-6.483598232269287,-15.916671752929688,654.3211148592192,6,123,grounded
-4.798049449920654,-20.375001907348633,121.27363636602284,11,123,hallucinated
-5.532201766967773,-17.442007064819336,252.69968477555162,6,124,grounded
-1.9001590013504028,-7.637320041656494,6.686957593043206,8,124,hallucinated
-6.294118881225586,-21.57961082458496,541.3786173124391,6,125,grounded
-8.158349990844727,-22.749250411987305,3492.4193231816143,8,125,hallucinated
-1.7784405946731567,-18.65431022644043,5.920616575107565,21,126,grounded
-1.6542381048202515,-16.04884147644043,5.2290943822847336,21,126,hallucinated
-11.43740463256836,-15.5886812210083,92726.04132712205,4,127,grounded
-0.9952864646911621,-14.398469924926758,2.7054992602907237,19,127,hallucinated
-1.2586737871170044,-18.718767166137695,3.5207491269279796,25,128,grounded
-2.214806079864502,-17.906309127807617,9.159632702158875,18,128,hallucinated
-1.838957667350769,-14.87674331665039,6.289978592892089,18,129,grounded
-1.9325593709945679,-18.45486831665039,6.90716563797763,19,129,hallucinated
-1.4225651025772095,-21.270036697387695,4.147746200811569,19,130,grounded
-0.5047078728675842,-8.701677322387695,1.6565015407275516,20,130,hallucinated
-1.7149555683135986,-11.284231185913086,5.556428625382463,16,131,grounded
-1.7815972566604614,-15.105254173278809,5.939335489490612,14,131,hallucinated
-1.6742740869522095,-18.438365936279297,5.334921054313072,29,132,grounded
-1.032191276550293,-11.125189781188965,2.8072104744222273,23,132,hallucinated
-1.7968178987503052,-13.258700370788574,6.030427469858668,16,133,grounded
-2.610008716583252,-22.405311584472656,13.599169389606445,14,133,hallucinated
-1.265230417251587,-15.627370834350586,3.5439092198617126,21,134,grounded
-0.9943909645080566,-9.939870834350586,2.703077569681767,21,134,hallucinated
-1.0703704357147217,-16.500244140625,2.916459660718462,26,135,grounded
-0.40463367104530334,-7.952112674713135,1.4987533627277398,28,135,hallucinated
-3.999912977218628,-10.255435943603516,54.593398956999515,10,136,grounded
-5.336189270019531,-19.173965454101562,207.71963670705546,11,136,hallucinated
-12.465999603271484,-16.681297302246094,259367.07188449352,4,137,grounded
-1.7070361375808716,-13.017159461975098,5.512598657036409,14,137,hallucinated
-3.677264451980591,-23.580081939697266,39.53808766402143,13,138,grounded
-5.412757873535156,-21.923831939697266,224.24918655618458,15,138,hallucinated
-5.049393177032471,-22.928775787353516,155.92781519208137,8,139,grounded
-4.774752616882324,-21.401601791381836,118.4810007956379,8,139,hallucinated
-4.368664264678955,-19.389324188232422,78.93812081179706,9,140,grounded
-7.85302209854126,-18.032699584960938,2573.499947110588,11,140,hallucinated
-4.267909049987793,-24.033918380737305,71.37224369430112,11,141,grounded
-7.446811676025391,-25.369855880737305,1714.3883967503766,10,141,hallucinated
-5.446263313293457,-23.793787002563477,231.89004452221477,11,142,grounded
-4.238563537597656,-24.528162002563477,69.30822164380757,12,142,hallucinated
-4.656968593597412,-21.55293083190918,105.31634113820373,10,143,grounded
-4.426742076873779,-21.41230583190918,83.65841974944959,12,143,hallucinated
-2.9218575954437256,-12.76732063293457,18.57576168051738,18,144,grounded
-5.258131504058838,-21.692787170410156,192.1221762059418,9,144,hallucinated
-2.273796796798706,-8.845510482788086,9.716221387982932,10,145,grounded
-3.2767446041107178,-18.690692901611328,26.489398705724795,13,145,hallucinated
-6.580104827880859,-18.627275466918945,720.6148658192212,12,146,grounded
-5.079404354095459,-12.816390037536621,160.67832003581375,5,146,hallucinated
-8.209638595581055,-22.190692901611328,3676.2136263068105,8,147,grounded
-6.793430805206299,-18.984792709350586,891.968488539262,8,147,hallucinated
-5.76088809967041,-20.42319679260254,317.6302910508739,9,148,grounded
-4.435185432434082,-17.92942237854004,84.36776795845013,14,148,hallucinated
-5.834592342376709,-25.152307510375977,341.92531717288665,10,149,grounded
-4.928048133850098,-26.417922973632812,138.10967748041614,10,149,hallucinated
-9.13293743133545,-23.2006778717041,9255.168501098153,8,150,grounded
-5.129013538360596,-21.01584243774414,168.85047135033275,11,150,hallucinated
-7.0117597579956055,-17.6250057220459,1109.6054248420949,8,151,grounded
-7.951558589935303,-19.3125057220459,2839.9978949361252,5,151,hallucinated
-2.7442517280578613,-11.610527992248535,15.552971724600754,13,152,grounded
-3.122154474258423,-20.993183135986328,22.695223282451476,15,152,hallucinated
-5.948311805725098,-22.17347526550293,383.1060354120261,13,153,grounded
-4.9219841957092285,-20.859346389770508,137.2747230540471,7,153,hallucinated
-3.3861496448516846,-25.56911277770996,29.551947438705884,10,154,grounded
-1.426806092262268,-7.244962215423584,4.1653741031201115,10,154,hallucinated
-5.76889181137085,-14.810395240783691,320.18271312745327,5,155,grounded
-3.284586191177368,-22.576047897338867,26.697934188011423,7,155,hallucinated
-4.601568222045898,-14.976188659667969,99.64045153482029,14,156,grounded
-5.072268009185791,-18.56993865966797,159.53574587520492,15,156,hallucinated
-0.7271535396575928,-7.2227559089660645,2.06918237154715,10,157,grounded
-3.7716424465179443,-19.976661682128906,43.45137281603112,10,157,hallucinated
-6.895650386810303,-15.056873321533203,987.9680773094145,9,158,grounded
-10.24934196472168,-21.15634536743164,28263.93713196571,6,158,hallucinated
-7.59299898147583,-16.657075881958008,1984.255344594187,9,159,grounded
-10.419221878051758,-20.75002098083496,33497.35897210347,6,159,hallucinated
-1.1516120433807373,-6.877724647521973,3.163288159443332,6,160,grounded
-5.135432243347168,-26.533979415893555,169.93775846739825,7,160,hallucinated
-2.154712200164795,-6.6287336349487305,8.62540743088146,6,161,grounded
-5.556407451629639,-26.61309814453125,258.891084898896,7,161,hallucinated
-7.709279537200928,-16.682409286499023,2228.9358142279234,6,162,grounded
-3.5129611492156982,-16.880958557128906,33.547459884685765,11,162,hallucinated
-1.7557101249694824,-6.892004013061523,5.787556171184476,6,163,grounded
-6.317044258117676,-25.149816513061523,553.9332865563821,7,163,hallucinated
-1.1257059574127197,-6.75277042388916,3.0823921185688348,6,164,grounded
-6.867428779602051,-26.99532699584961,960.4757932014371,7,164,hallucinated
-1.2357580661773682,-6.506728649139404,3.4409860273730963,6,165,grounded
-6.052098274230957,-25.623329162597656,425.0038697728973,7,165,hallucinated
-0.8622488975524902,-6.878454685211182,2.368481180378358,8,166,grounded
-3.898284912109375,-26.79251480102539,49.31779218108676,9,166,hallucinated
-1.1108415126800537,-13.836824417114258,3.036912920182577,24,167,grounded
-6.795196533203125,-17.26341438293457,893.5448535781385,8,167,hallucinated
-2.3049392700195312,-16.732133865356445,10.023569502760331,9,168,grounded
-8.485063552856445,-22.663715362548828,4841.9051720941625,5,168,hallucinated
-6.230556964874268,-15.625398635864258,508.03836423482255,5,169,grounded
-8.091102600097656,-24.928133010864258,3265.285890649842,5,169,hallucinated
-6.963479042053223,-15.531803131103516,1057.3055765476827,4,170,grounded
-6.615835666656494,-20.750553131103516,746.8285693721874,5,170,hallucinated
-3.108048677444458,-18.842561721801758,22.37733636919105,9,171,grounded
-6.367547035217285,-19.08197784423828,582.626911318652,12,171,hallucinated
-3.361947774887085,-19.455053329467773,28.84532038833541,10,172,grounded
-6.347688674926758,-19.423782348632812,571.1710202756353,13,172,hallucinated
-3.871795654296875,-16.597042083740234,48.02855137077186,11,173,grounded
-1.0299724340438843,-7.940792560577393,2.8009886217054323,11,173,hallucinated
-3.3670620918273926,-13.532299995422363,28.99322238551106,11,174,grounded
-3.0119757652282715,-16.375255584716797,20.327522688113035,12,174,hallucinated
-3.882452964782715,-15.375181198120117,48.54314376986718,11,175,grounded
-5.178955554962158,-19.068401336669922,177.49732794339963,10,175,hallucinated
-3.012448787689209,-11.125218391418457,20.337140337422472,16,176,grounded
-4.046703815460205,-20.174339294433594,57.20857589947952,17,176,hallucinated
-3.8342888355255127,-17.76233673095703,46.260517130580304,13,177,grounded
-5.278153896331787,-19.53227424621582,196.00769062272678,13,177,hallucinated
-5.3208699226379395,-19.296031951904297,204.56175751649846,8,178,grounded
-7.310495853424072,-18.289335250854492,1495.9187617607618,5,178,hallucinated
-3.7020511627197266,-18.070348739624023,40.530353507424174,10,179,grounded
-7.000017166137695,-17.2552433013916,1096.6519835458344,7,179,hallucinated
-2.7329602241516113,-13.92383098602295,15.378343049201344,10,180,grounded
-10.015315055847168,-21.97736358642578,22366.398750396063,6,180,hallucinated
-0.7133245468139648,-8.263545036315918,2.0407646107297595,16,181,grounded
-3.3854713439941406,-19.1112003326416,29.53190912418737,15,181,hallucinated
-3.7908716201782227,-22.250001907348633,44.29499186363943,15,182,grounded
-3.158406972885132,-16.69359588623047,23.53307722273215,21,183,grounded
-2.740565538406372,-18.875707626342773,15.495746058307557,15,183,hallucinated
-5.599600791931152,-28.177043914794922,270.3184725679452,12,184,grounded
-2.9000508785247803,-12.89000129699707,18.175070066672017,8,184,hallucinated
-7.752597808837891,-22.091278076171875,2327.611256429711,17,185,grounded
-2.990574598312378,-13.00050163269043,19.897112054554196,14,185,hallucinated
-4.265196323394775,-26.302873611450195,71.17889268361314,18,186,grounded
-3.5330147743225098,-14.313904762268066,34.22699890611084,10,186,hallucinated
-3.738528251647949,-24.747278213500977,42.0360780880209,21,187,grounded
-0.6044427156448364,-6.3881635665893555,1.830231964988788,18,187,hallucinated
-5.197094440460205,-20.786191940307617,180.7463090180917,23,188,grounded
-3.623046398162842,-18.03619384765625,37.451486352570655,16,188,hallucinated
-3.5733251571655273,-20.751298904418945,35.63488797127979,16,189,grounded
-3.854727268218994,-13.478496551513672,47.21573795279645,16,189,hallucinated
-2.5674784183502197,-18.725231170654297,13.032919401591954,21,190,grounded
-4.725846290588379,-23.937639236450195,112.8259415144857,16,190,hallucinated
-3.056791305541992,-13.756643295288086,21.25923322150325,17,191,grounded
-2.983788251876831,-17.97097396850586,19.762540500147768,19,191,hallucinated
-1.7602003812789917,-13.509596824645996,5.813602214741936,20,192,grounded
-3.605151653289795,-15.3691987991333,36.78726234359253,18,192,hallucinated
-6.045622825622559,-23.853561401367188,422.2606703647247,20,193,grounded
-1.1625950336456299,-6.880905628204346,3.1982220104157153,14,193,hallucinated
-5.733579158782959,-20.270601272583008,309.07351424603803,10,194,grounded
-6.1647210121154785,-17.601102828979492,475.66841869613825,13,194,hallucinated
-5.223247528076172,-18.954113006591797,185.53573928072524,10,195,grounded
-3.8530445098876953,-18.828548431396484,47.13635208873295,8,195,hallucinated
-1.7580927610397339,-10.125040054321289,5.801362252178454,13,196,grounded
-6.19989538192749,-20.813199996948242,492.6974933348066,10,196,hallucinated
-0.8287340998649597,-6.627762794494629,2.2904174645113176,8,197,grounded
-3.1524081230163574,-25.275880813598633,23.392328413096124,9,197,hallucinated
-1.0607117414474487,-6.753897190093994,2.8884260703901856,7,198,grounded
-4.665224075317383,-25.722646713256836,106.18937697465162,8,198,hallucinated
-1.5368375778198242,-7.156559467315674,4.649862167768407,6,199,grounded
-3.238821029663086,-19.664230346679688,25.503635985415684,10,199,hallucinated
-1.809362769126892,-15.493992805480957,6.106554906828688,16,200,grounded
-4.677850723266602,-22.711292266845703,107.53869359965555,17,200,hallucinated
-4.2343902587890625,-14.452759742736816,69.0195818173144,21,201,grounded
-3.41817045211792,-17.170530319213867,30.513537943023092,16,201,hallucinated
-4.041295051574707,-13.269572257995605,56.899983524176186,11,202,grounded
-6.408178806304932,-23.318143844604492,606.7875964251526,11,202,hallucinated
-3.2372944355010986,-17.333650588989258,25.464731986475176,19,203,grounded
-4.522055149078369,-20.622358322143555,92.02452789577848,12,203,hallucinated
-7.485703468322754,-18.66094398498535,1782.3775750355092,6,204,grounded
-4.399891376495361,-20.208005905151367,81.44202166666254,16,204,hallucinated
-1.4666026830673218,-7.375659942626953,4.334484481394121,11,205,grounded
-5.088144779205322,-14.527932167053223,162.08887229212482,9,205,hallucinated
-10.12559700012207,-14.505127906799316,24974.160769318347,4,206,grounded
-6.910579204559326,-16.970273971557617,1002.8279166109318,13,206,hallucinated
-3.501173257827759,-13.55820083618164,33.15432772311059,7,207,grounded
-1.219649076461792,-6.339451313018799,3.3859992982544456,8,207,hallucinated
-3.6941442489624023,-14.194250106811523,40.21114712938257,8,208,grounded
-6.451586723327637,-20.188533782958984,633.7070131955448,11,208,hallucinated
-5.292996406555176,-16.186084747314453,198.93863424794887,17,209,grounded
-3.2075448036193848,-20.328229904174805,24.71832332472322,13,209,hallucinated
-1.8189270496368408,-17.35099220275879,6.16523990343924,13,210,grounded
-3.562839984893799,-24.28067970275879,35.26320203278565,11,210,hallucinated
-4.3741631507873535,-19.073169708251953,79.37338819384082,14,211,grounded
-3.4376089572906494,-18.040258407592773,31.112477897592616,17,211,hallucinated
-5.3253092765808105,-17.779756546020508,205.47189828505103,10,212,grounded
-1.9788448810577393,-8.433403015136719,7.234381585680106,14,212,hallucinated
-3.438296318054199,-16.85633087158203,31.13387074561613,13,213,grounded
-4.24808931350708,-16.959400177001953,69.97159076848955,10,213,hallucinated
-2.5137381553649902,-25.802520751953125,12.351013881409255,16,214,grounded
-3.3755674362182617,-17.755645751953125,29.24087140406908,12,214,hallucinated
-2.458690643310547,-13.313589096069336,11.689495795766392,14,215,grounded
-5.3802103996276855,-20.064289093017578,217.06794163480467,12,215,hallucinated
-6.179157257080078,-20.817678451538086,482.5850897672375,11,216,grounded
-5.7687578201293945,-22.46877098083496,320.13981432232515,14,216,hallucinated
-2.2746591567993164,-16.421815872192383,9.724603882509516,15,217,grounded
-2.6657326221466064,-14.484315872192383,14.378479680869487,11,217,hallucinated
-2.3667712211608887,-22.500272750854492,10.662908470532074,15,218,grounded
-3.965000629425049,-22.94649314880371,52.72030257311589,13,218,hallucinated
-2.335031032562256,-19.042194366455078,10.32978048395165,19,219,grounded
-1.9654666185379028,-15.502212524414062,7.138242649512617,15,219,hallucinated
-4.694728851318359,-27.188568115234375,109.36914932030119,9,220,grounded
-5.142522811889648,-26.085973739624023,171.1469958156041,12,220,hallucinated
-4.983405113220215,-24.833078384399414,145.9705827247491,17,221,grounded
-5.172451019287109,-21.343713760375977,176.34653697940274,6,221,hallucinated
-4.617023468017578,-17.67825698852539,101.19238105663264,10,222,grounded
-2.3774421215057373,-15.397006034851074,10.777300551992628,10,222,hallucinated
-3.867217779159546,-17.974288940429688,47.80918515823842,10,223,grounded
-3.6653454303741455,-17.974288940429688,39.06962966922612,10,223,hallucinated
-1.632675290107727,-12.312640190124512,5.117547345048749,13,224,grounded
-2.9012157917022705,-25.746232986450195,18.19625478207588,13,224,hallucinated
-5.1482672691345215,-22.421998977661133,172.13297165234206,8,225,grounded
-4.9920172691345215,-22.421998977661133,147.2331329783718,8,225,hallucinated
-3.8358731269836426,-23.24825096130371,46.33386535986364,23,226,grounded
-1.3612127304077148,-12.596793174743652,3.900921200140231,18,226,hallucinated
-2.2424285411834717,-11.852333068847656,9.41617110181383,13,227,grounded
-2.4808802604675293,-11.852333068847656,11.951780468601289,14,227,hallucinated
-2.7434377670288086,-12.500467300415039,15.540317362508425,14,228,grounded
-5.431691646575928,-19.75002670288086,228.53551994169283,12,228,hallucinated
-1.0878865718841553,-8.505858421325684,2.9679947958510975,10,229,grounded
-3.732617139816284,-19.08984375,41.7883310809922,8,229,hallucinated
-4.177422046661377,-21.02292823791504,65.19756011356911,13,230,grounded
-3.0743651390075684,-19.29908561706543,21.63614160804853,14,230,hallucinated
-2.740007162094116,-16.84111976623535,15.48709601598198,11,231,grounded
-4.197657108306885,-14.939974784851074,66.53027507238563,13,231,hallucinated
-4.523745536804199,-10.159589767456055,92.18021657825557,8,232,grounded
-5.434872150421143,-20.37233543395996,229.26353515553632,11,232,hallucinated
-6.514398097991943,-20.456708908081055,674.7876832040314,12,233,grounded
-6.269761562347412,-18.527021408081055,528.3513839937003,12,233,hallucinated
-8.145075798034668,-20.240711212158203,3446.3666082423692,5,234,grounded
-10.586563110351562,-20.470691680908203,39599.157048087975,5,234,hallucinated
-4.960127353668213,-15.935003280639648,142.61195689637137,11,235,grounded
-6.985628128051758,-18.778135299682617,1080.985201657258,8,235,hallucinated
-3.6702423095703125,-20.54271125793457,39.26141812515732,10,236,grounded
-4.521101951599121,-15.566147804260254,91.93685214055208,12,236,hallucinated
-3.0864036083221436,-19.99775505065918,21.89818175132745,20,237,grounded
-3.7274928092956543,-22.343780517578125,41.5747415796109,22,237,hallucinated
-3.521397352218628,-14.521956443786621,33.83167020891023,6,238,grounded
-2.3556747436523438,-11.084456443786621,10.545241796686488,7,238,hallucinated
-1.4097588062286377,-8.028725624084473,4.094967604270305,10,239,grounded
-4.4205546379089355,-17.497474670410156,83.14238649183156,10,239,hallucinated
-1.3856779336929321,-15.860074996948242,3.997535050101581,18,240,grounded
-3.346756935119629,-17.38254165649414,28.410447155711793,16,240,hallucinated
-1.2369486093521118,-13.564403533935547,3.4450851093852624,11,241,grounded
-3.761652708053589,-20.708934783935547,43.01946587620228,10,241,hallucinated
-4.72676944732666,-16.543880462646484,112.93014563361471,15,242,grounded
-4.299379348754883,-16.437705993652344,73.65406602280892,14,242,hallucinated
-2.7399542331695557,-14.812233924865723,15.486276322338231,20,243,grounded
-3.5926685333251953,-16.79431915283203,36.33089689312624,16,243,hallucinated
-6.087887763977051,-19.031261444091797,440.49000895696554,9,244,grounded
-2.4622795581817627,-16.067720413208008,11.731523773370643,11,244,hallucinated
-2.47621488571167,-11.687868118286133,11.896150801240013,8,245,grounded
-5.741241931915283,-24.074974060058594,311.4509717925179,7,245,hallucinated
-3.2716779708862305,-19.34393882751465,26.35552606631141,14,246,grounded
-2.4451966285705566,-19.70114517211914,11.53281705724045,12,246,hallucinated
-4.2008771896362305,-16.696779251098633,66.74485326318336,16,247,grounded
-4.977087020874023,-19.395771026611328,145.0512344252265,14,247,hallucinated
-2.715444564819336,-17.10614013671875,15.111326542985912,22,248,grounded
-2.3382322788238525,-17.10614013671875,10.362901641314206,17,248,hallucinated
-1.1316425800323486,-8.836129188537598,3.1007455421139887,20,249,grounded
-3.0630321502685547,-20.95917510986328,21.392323661461106,19,249,hallucinated
-2.6937310695648193,-17.56583023071289,14.786743494700868,18,250,grounded
-1.355707049369812,-11.008551597595215,3.8795029872857683,17,250,hallucinated
-3.3946869373321533,-25.908424377441406,29.805321080868598,17,251,grounded
-2.286032199859619,-14.43967342376709,9.835833532082496,14,251,hallucinated
-2.169358253479004,-14.201565742492676,8.752665245541765,16,252,grounded
-2.0458531379699707,-14.201565742492676,7.7357553901469345,17,252,hallucinated
-2.3757855892181396,-18.28952980041504,10.759462384484465,11,253,grounded
-7.465054035186768,-22.99265480041504,1745.9498884016216,7,253,hallucinated
-3.802579879760742,-18.303686141967773,44.81665706308249,16,254,grounded
-3.687615156173706,-16.09702491760254,39.949460037907905,11,254,hallucinated
-0.47137150168418884,-8.885499954223633,1.6021900934442694,19,255,grounded
-1.2718799114227295,-13.875068664550781,3.5675529458525843,19,255,hallucinated
-3.6415531635284424,-16.633007049560547,38.151045545519736,14,256,grounded
-5.442829608917236,-20.701021194458008,231.09516812780134,11,256,hallucinated
-1.3677295446395874,-13.621665000915527,3.9264257930191095,11,257,grounded
-2.8213698863983154,-17.21541404724121,16.799848800497315,10,257,hallucinated
-2.7175393104553223,-15.32461929321289,15.14301410542038,12,258,grounded
-5.4994401931762695,-25.43804359436035,244.55499038490262,12,258,hallucinated
-2.323864459991455,-10.481407165527344,10.21507387230601,6,259,grounded
-7.7164130210876465,-28.42688751220703,2244.892738508299,6,259,hallucinated
-3.2783455848693848,-9.418108940124512,26.53184168949589,6,260,grounded
-5.054625988006592,-9.497541427612305,156.7458945351302,5,260,hallucinated
-3.789114236831665,-14.625421524047852,44.21721694279435,9,261,grounded
-2.312866687774658,-10.459754943847656,10.103346319894124,9,261,hallucinated
-1.2954967021942139,-7.751909255981445,3.6528098823014825,6,262,grounded
-4.857769012451172,-21.865922927856445,128.73667157675663,6,262,hallucinated
-0.4448398947715759,-7.957839012145996,1.5602403731928984,18,263,grounded
-2.2263858318328857,-17.754714965820312,9.266315464842828,18,263,hallucinated
-2.561948537826538,-13.284826278686523,12.961047818211084,9,264,grounded
-3.5845024585723877,-20.597326278686523,36.03542414150837,9,264,hallucinated
-3.499122142791748,-22.879804611206055,33.086394076687526,11,265,grounded
-2.6328823566436768,-17.12647819519043,13.913816741891784,12,265,hallucinated
-2.4826996326446533,-14.687503814697266,11.97354499833929,10,266,grounded
-6.519537448883057,-26.393789291381836,678.2645807303014,10,266,hallucinated
-2.7345023155212402,-6.139580249786377,15.402076153901477,6,267,grounded
-5.5782670974731445,-21.46184539794922,264.6126602995083,6,267,hallucinated
-2.403623580932617,-12.331421852111816,11.063192208902409,12,268,grounded
-4.7117919921875,-20.533979415893555,111.25134292255827,11,268,hallucinated
-2.9772818088531494,-16.642261505126953,19.63437406234031,11,269,grounded
-6.192867279052734,-19.532886505126953,489.2469044157197,11,269,hallucinated
-1.8549017906188965,-16.081289291381836,6.391070556714725,16,270,grounded
-3.383166790008545,-20.907939910888672,29.463929606633453,21,270,hallucinated
-3.559061050415039,-23.71426773071289,35.13019617129119,13,271,grounded
-2.520986318588257,-18.22989273071289,12.440861266901619,14,271,hallucinated
-2.93881893157959,-26.195316314697266,18.893518591408753,30,272,grounded
-4.010241985321045,-23.09416389465332,55.160216911386755,14,272,hallucinated
-3.0667614936828613,-22.30954360961914,21.472251930169097,11,273,grounded
-3.758443593978882,-17.423568725585938,42.88163278212216,9,273,hallucinated
-0.4656861126422882,-8.130839347839355,1.5931068647552975,18,274,grounded
-2.9900753498077393,-21.318340301513672,19.88718093037006,18,274,hallucinated
-1.0945848226547241,-9.564430236816406,2.9879419000527174,22,275,grounded
-4.077342510223389,-19.513845443725586,58.98850003364429,20,275,hallucinated
-6.022154808044434,-23.95369529724121,412.46642480274136,9,276,grounded
-6.21270227432251,-23.95369529724121,499.04799541495277,8,276,hallucinated
-3.629239320755005,-15.687761306762695,37.68414016848319,15,277,grounded
-2.046151876449585,-15.235581398010254,7.738066703172735,18,277,hallucinated
-1.1427018642425537,-7.88077974319458,3.1352278919269443,29,278,grounded
-2.1172635555267334,-19.749208450317383,8.308370956434354,28,278,hallucinated
-2.0149173736572266,-14.275151252746582,7.500107649134762,15,279,grounded
-0.7746747732162476,-12.212651252746582,2.169886307269072,17,279,hallucinated
-3.397545099258423,-16.344141006469727,29.89063137201961,15,280,grounded
-4.453529357910156,-16.60930824279785,85.92968606262464,10,280,hallucinated
-7.885843276977539,-17.707334518432617,2659.366663446335,7,281,grounded
-7.63750696182251,-19.566497802734375,2074.5653935225323,15,281,hallucinated
-4.524086952209473,-16.566373825073242,92.21169369733775,15,282,grounded
-5.73532247543335,-21.347639083862305,309.6127971834997,10,282,hallucinated
-3.0438308715820312,-14.99649715423584,20.985482131642488,16,283,grounded
-2.6778945922851562,-19.886199951171875,14.55441803123464,16,283,hallucinated
-2.370781183242798,-17.305843353271484,10.705752172582294,16,284,grounded
-3.72617244720459,-17.305843353271484,41.51988409072743,16,284,hallucinated
-2.0788512229919434,-18.632354736328125,7.99527884412723,16,285,grounded
-4.917108058929443,-14.511361122131348,136.60698204932115,17,285,hallucinated
-2.281341314315796,-12.920646667480469,9.789802809587293,10,286,grounded
-4.704651832580566,-17.22417449951172,110.45981974130429,12,286,hallucinated
-3.880648136138916,-16.726343154907227,48.45561072836246,19,287,grounded
-3.6309337615966797,-14.006058692932129,37.74804784326459,12,287,hallucinated
-1.254777193069458,-7.696379661560059,3.507056890704776,13,288,grounded
-7.343575954437256,-21.687658309936523,1546.2314926278857,11,288,hallucinated
-0.8634104132652283,-7.654669761657715,2.3712338067846344,17,289,grounded
-3.6086857318878174,-19.6859188079834,36.9175014221369,11,289,hallucinated
-1.2882421016693115,-10.18433952331543,3.6264060960734916,10,290,grounded
-6.689085483551025,-21.77418327331543,803.5870224551837,9,290,hallucinated
-3.3601911067962646,-17.71922492980957,28.794693215028797,10,291,grounded
-3.703782796859741,-17.67234992980957,40.60059805263813,12,291,hallucinated
-2.7330079078674316,-19.75090217590332,15.37907636322452,12,292,grounded
-4.316079616546631,-20.53215217590332,74.89443708574937,17,292,hallucinated
-1.5880979299545288,-6.642139434814453,4.89443051932226,7,293,grounded
-4.738916397094727,-26.173389434814453,114.31026760654343,8,293,hallucinated
-2.3513290882110596,-19.642141342163086,10.499515237190192,15,294,grounded
-6.486752510070801,-20.782604217529297,656.3882839256946,16,294,hallucinated
-5.474665641784668,-15.104547500610352,238.57068552497591,18,295,grounded
-3.3537518978118896,-23.187620162963867,28.609873851631914,18,295,hallucinated
-6.718633651733398,-25.44557762145996,827.6858314219337,17,296,grounded
-7.518502235412598,-25.64088249206543,1841.8066344063836,5,296,hallucinated
-4.476095199584961,-21.57645606994629,87.89080569206179,19,297,grounded
-2.3079886436462402,-13.474905014038086,10.054181761633837,26,297,hallucinated
-4.8870038986206055,-18.626876831054688,132.55582780624383,16,298,grounded
-3.3891072273254395,-14.909515380859375,29.639479137820075,11,298,hallucinated
-5.129082679748535,-21.538589477539062,168.86214630988295,16,299,grounded
-8.765579223632812,-28.148439407348633,6409.77356253262,9,299,hallucinated
-3.535278797149658,-12.75000286102295,34.30457739954142,11,300,grounded
-2.7283239364624023,-14.062065124511719,15.307209651508531,11,300,hallucinated
-5.66583251953125,-22.00574493408203,288.828336283682,12,301,grounded
-5.351383686065674,-19.812545776367188,210.89991534073826,7,301,hallucinated
-3.9335341453552246,-16.548084259033203,51.08720862147789,17,302,grounded
-5.882160186767578,-21.29598045349121,358.583011941324,13,302,hallucinated
-5.1617960929870605,-16.180944442749023,174.47755225359614,14,303,grounded
-3.4737329483032227,-16.159778594970703,32.256931433004816,9,303,hallucinated
-8.870715141296387,-18.757854461669922,7120.371224336558,11,304,grounded
-5.183270454406738,-18.265336990356445,178.2648657986322,7,304,hallucinated
-3.099109649658203,-13.38527774810791,22.17819612374175,13,305,grounded
-4.431274890899658,-16.31329917907715,84.03848854770887,11,305,hallucinated
-3.760355234146118,-18.34667205810547,42.96368543637244,15,306,grounded
-4.850539207458496,-18.218957901000977,127.80928699024275,10,306,hallucinated
-7.397932529449463,-20.890411376953125,1632.6055744115383,9,307,grounded
-4.6133222579956055,-13.890944480895996,100.81853906235679,8,307,hallucinated
-7.287729263305664,-19.189504623413086,1462.2465476062785,9,308,grounded
-5.360169887542725,-14.312682151794434,212.76108883795914,11,308,hallucinated
-8.522064208984375,-17.014802932739258,5024.414501299891,9,309,grounded
-6.698896884918213,-17.30960464477539,811.5101421608126,8,309,hallucinated
-3.671696901321411,-13.116609573364258,39.318569015628704,11,310,grounded
-4.967720985412598,-12.644840240478516,143.6990217408086,11,310,hallucinated
-2.9286468029022217,-7.943974494934082,18.70230546018397,10,311,grounded
-2.696349859237671,-16.465463638305664,14.825517614332329,10,311,hallucinated
-8.048535346984863,-23.354633331298828,3129.2084087159838,16,312,grounded
-9.071903228759766,-14.035557746887207,8707.179800806955,3,312,hallucinated
-6.0170111656188965,-19.137672424316406,410.35029198184606,12,313,grounded
-4.5082597732543945,-18.97032928466797,90.7637315236955,10,313,hallucinated
-2.9589056968688965,-14.079710960388184,19.2768654750274,14,314,grounded
-5.8355231285095215,-16.376516342163086,342.24372467822593,12,314,hallucinated
-4.794395446777344,-16.59541893005371,120.83131073930714,11,315,grounded
-4.868259429931641,-16.95728874206543,130.0942815038357,11,315,hallucinated
-6.335071563720703,-14.314985275268555,564.0097641780909,11,316,grounded
-8.907240867614746,-20.15634536743164,7385.256061953976,8,316,hallucinated
-5.8498945236206055,-23.840755462646484,347.19775738495,8,317,grounded
-5.735236644744873,-22.158321380615234,309.586224044368,10,317,hallucinated
-8.631457328796387,-21.644418716430664,5605.2409825714385,13,318,grounded
-11.683317184448242,-23.171022415161133,118576.92492689347,2,318,hallucinated
-4.747696399688721,-21.07131576538086,115.31833097632163,11,319,grounded
-4.612973690032959,-17.422317504882812,100.78340307359458,13,319,hallucinated
-4.9568634033203125,-18.988235473632812,142.1472373733382,11,320,grounded
-5.9743876457214355,-16.035503387451172,393.2272329717525,12,320,hallucinated
-7.12379789352417,-17.287456512451172,1241.1552691371053,10,321,grounded
-4.989438056945801,-16.469438552856445,146.8538767885491,11,321,hallucinated
-4.569884300231934,-16.67140007019043,96.53294028790162,12,322,grounded
-5.254509925842285,-21.470012664794922,191.42764911887036,13,322,hallucinated
-4.908576488494873,-23.012805938720703,135.4464675051565,9,323,grounded
-5.238842964172363,-17.694969177246094,188.45193057822863,9,323,hallucinated
-6.560042858123779,-20.740224838256836,706.3019647237306,11,324,grounded
-5.681804180145264,-17.599599838256836,293.47844053931175,10,324,hallucinated
-5.9481024742126465,-21.342992782592773,383.02584763941076,11,325,grounded
-7.001589298248291,-18.882055282592773,1098.3774212959786,11,325,hallucinated
-13.592214584350586,-17.006731033325195,799878.071452968,4,326,grounded
-2.8669753074645996,-11.339388847351074,17.583752239727325,12,326,hallucinated
-4.537233352661133,-17.48474884033203,93.43194895669858,11,327,grounded
-2.333160877227783,-13.703364372253418,10.310480242725385,11,328,grounded
-5.743335247039795,-20.45363998413086,312.10361968284144,9,328,hallucinated
-3.8305323123931885,-16.864606857299805,46.08706442139582,13,329,grounded
-8.43555736541748,-19.888044357299805,4608.037615449927,5,329,hallucinated
-2.574443817138672,-17.249223709106445,13.124015775580036,12,330,grounded
-5.718339920043945,-21.995317459106445,304.399176311887,9,330,hallucinated
-3.9114415645599365,-15.812603950500488,49.97093640678876,12,331,grounded
-4.167226314544678,-17.37618064880371,64.53620050785553,12,332,grounded
-4.2089152336120605,-24.7366886138916,67.28351331522717,10,332,hallucinated
-2.982630491256714,-16.31294059753418,19.73967344884324,17,333,grounded
-7.826389312744141,-22.2187557220459,2505.865123913777,7,333,hallucinated
-2.116070032119751,-15.769994735717773,8.298460636499799,18,334,grounded
-7.266185283660889,-27.1328182220459,1431.0808596578802,8,334,hallucinated
-3.16813325881958,-15.93769645690918,23.76308340041859,14,335,grounded
-13.66430377960205,-22.885597229003906,859669.9191414275,5,335,hallucinated
-4.470620155334473,-18.344562530517578,87.41091455306923,13,336,grounded
-11.149550437927246,-22.39215850830078,69532.56186851623,5,336,hallucinated
-4.493109226226807,-13.736061096191406,89.3989758436984,13,337,grounded
-5.5345683097839355,-15.062596321105957,253.29841758318116,8,337,hallucinated
-3.9451544284820557,-19.157615661621094,51.684319026784294,17,338,grounded
-7.754234313964844,-22.33596420288086,2331.423522730267,8,338,hallucinated
-5.432470798492432,-15.564894676208496,228.7136532174745,13,339,grounded
-3.63531756401062,-15.564894676208496,37.91389107290261,6,339,hallucinated
-2.588411331176758,-7.1452250480651855,13.30861182302075,7,340,grounded
-4.014101982116699,-18.343881607055664,55.37354663305655,16,340,hallucinated
-6.250159740447998,-17.846839904785156,518.0955788784446,7,341,grounded
-6.109796524047852,-21.440317153930664,450.24709139069654,16,341,hallucinated
-4.496905326843262,-15.070913314819336,89.73898830345418,12,342,grounded
-6.9795145988464355,-17.750093460083008,1074.3967269930163,10,342,hallucinated
-4.5382513999938965,-19.78897476196289,93.52711553695107,13,343,grounded
-4.599781513214111,-19.78897476196289,99.46258200790525,15,343,hallucinated
-2.3164665699005127,-15.832110404968262,10.13978271974598,22,344,grounded
-2.8771493434906006,-17.37704849243164,17.76356311863541,24,344,hallucinated
-5.064295291900635,-20.7533016204834,158.26886941106812,10,345,grounded
-7.263059616088867,-19.084135055541992,1426.6147600293716,8,345,hallucinated
-4.316954612731934,-23.0587215423584,74.95999811114046,13,346,grounded
-4.864826202392578,-19.7618465423584,129.6484040712075,11,346,hallucinated
-4.655033111572266,-20.31258201599121,105.11270038805367,11,347,grounded
-4.367542743682861,-20.31258201599121,78.84963967791352,11,347,hallucinated
-2.6793456077575684,-22.040674209594727,14.575552046173206,17,348,grounded
-4.454874038696289,-18.993799209594727,86.04531178285112,15,348,hallucinated
-2.940887689590454,-15.564023971557617,18.932645167102233,14,349,grounded
-2.3981332778930664,-16.978809356689453,11.00261836762171,14,349,hallucinated
-6.8501811027526855,-24.101224899291992,944.0518615817191,10,350,grounded
-6.143548011779785,-24.101224899291992,465.70296269570395,10,350,hallucinated
-3.709580659866333,-23.177640914916992,40.83667847779065,15,351,grounded
-4.932584762573242,-23.177640914916992,138.73765317948465,15,351,hallucinated
-6.267703056335449,-19.19199562072754,527.2648881560913,9,352,grounded
-8.388994216918945,-19.19199562072754,4398.391640883772,9,352,hallucinated
-4.771236896514893,-14.25391960144043,118.06518610038266,11,353,grounded
-5.031510353088379,-19.039663314819336,153.16417006433514,10,353,hallucinated
-2.9678308963775635,-16.83675765991211,19.449685424333886,21,354,grounded
-3.021516799926758,-18.779541015625,20.522396457814356,13,354,hallucinated
-14.532848358154297,-19.842262268066406,2048971.1726850371,4,355,grounded
-3.0335538387298584,-12.506507873535156,20.770918071774588,15,355,hallucinated
-4.900651454925537,-19.625408172607422,134.37729192540561,15,356,grounded
-5.1078267097473145,-19.625408172607422,165.31069606937197,18,356,hallucinated
-3.5349812507629395,-16.6875,34.29437171489587,14,357,grounded
-4.414847373962402,-16.06572914123535,82.6692224673251,18,357,hallucinated
-5.527523517608643,-22.12659454345703,251.52025362479714,14,358,grounded
-5.189560890197754,-22.12659454345703,179.38976383084437,17,358,hallucinated
-5.377548694610596,-21.835886001586914,216.49093905149758,14,359,grounded
-5.080981254577637,-21.835886001586914,160.93189363377317,17,359,hallucinated
-2.592087745666504,-12.625268936157227,13.35762984644037,11,360,grounded
-2.6302452087402344,-19.369966506958008,13.877172288900347,9,360,hallucinated
-2.7345571517944336,-15.08950424194336,15.402920769514772,13,361,grounded
-6.619058132171631,-25.95595359802246,749.2390804912334,10,361,hallucinated
-5.05181360244751,-12.701194763183594,156.3056839559863,14,362,grounded
-4.989131927490234,-12.625015258789062,146.8089273717213,11,362,hallucinated
-4.147244930267334,-11.750008583068848,63.25947572795321,14,363,grounded
-5.87539005279541,-15.375110626220703,356.1635561714369,11,363,hallucinated
-4.770241737365723,-19.431352615356445,117.94775089328856,22,364,grounded
-4.547372341156006,-17.160921096801758,94.38407304336097,12,364,hallucinated
-5.045198917388916,-21.590381622314453,155.27518306056754,21,365,grounded
-7.003787994384766,-21.55301284790039,1100.7950763590309,11,365,hallucinated
-7.657805442810059,-22.999221801757812,2117.106216100882,14,366,grounded
-4.017106533050537,-16.86443519592285,55.54016946234495,23,366,hallucinated
-2.811708688735962,-21.57139015197754,16.638323660070085,13,367,grounded
-4.418989181518555,-21.707073211669922,83.01233253504505,8,367,hallucinated
-2.2938039302825928,-15.647908210754395,9.912572790942885,7,368,grounded
-4.889224052429199,-21.952594757080078,132.85044906343455,7,368,hallucinated
-6.071334362030029,-17.801130294799805,433.2584196172272,17,369,grounded
-4.8340044021606445,-17.117393493652344,125.71336093118161,11,369,hallucinated
-5.94401216506958,-20.957693099975586,381.4623532802697,18,370,grounded
-4.736849308013916,-20.957693099975586,114.07422214809331,9,370,hallucinated
-4.665476322174072,-17.704627990722656,106.21616628982551,14,371,grounded
-4.986820697784424,-16.055051803588867,146.47001002648818,9,371,hallucinated
-1.804368019104004,-8.242687225341797,6.076130236630786,10,372,grounded
-3.967587471008301,-17.442110061645508,52.856858191820436,9,372,hallucinated
-4.948280334472656,-19.743515014648438,140.932398827889,9,373,grounded
-3.7266132831573486,-14.400214195251465,41.538191583393,18,373,hallucinated
-7.009466648101807,-19.273723602294922,1107.0638927840198,9,374,grounded
-7.15048360824585,-15.125679016113281,1274.7222723354805,7,374,hallucinated
-4.242779731750488,-17.20524024963379,69.60105545094657,14,375,grounded
-3.5492165088653564,-12.70671558380127,34.78605224441586,8,375,hallucinated
-4.2376604080200195,-20.410280227661133,69.24565559574457,13,376,grounded
-4.742395401000977,-16.294557571411133,114.7086460523423,12,376,hallucinated
-4.9907379150390625,-17.170791625976562,147.04489010702835,9,377,grounded
-5.49755334854126,-15.59431266784668,244.09398816987905,9,377,hallucinated
-8.566911697387695,-24.21902847290039,5254.876057434419,9,378,grounded
-3.946221113204956,-24.935222625732422,51.73947931439153,13,378,hallucinated
-11.842803955078125,-17.18993377685547,139079.91223447368,4,379,grounded
-2.3623180389404297,-11.467812538146973,10.615530166519159,19,379,hallucinated
-14.102557182312012,-23.631072998046875,1332486.3383337932,4,380,grounded
-4.611580848693848,-18.0466251373291,100.64312549837851,15,380,hallucinated
-13.414424896240234,-22.867469787597656,669592.7001160556,4,381,grounded
-5.909081935882568,-20.4375,368.3678148511264,15,381,hallucinated
-4.640790939331055,-18.805309295654297,103.62627727673036,23,382,grounded
-6.605070114135742,-19.312925338745117,738.8316699396876,7,382,hallucinated
-2.0818557739257812,-8.295708656311035,8.0193371908101,19,383,grounded
-1.8855944871902466,-9.506170272827148,6.590271109450228,11,383,hallucinated
-5.125271797180176,-18.63497543334961,168.21985712171139,7,384,grounded
-11.42651081085205,-19.976451873779297,91721.38258671331,8,384,hallucinated
-5.649724006652832,-21.1875057220459,284.2130140972721,23,385,grounded
-3.1746327877044678,-16.908937454223633,23.918035258933493,19,385,hallucinated
-4.183651924133301,-21.468887329101562,65.60500075941867,22,386,grounded
-9.322837829589844,-17.445343017578125,11190.69411802379,7,386,hallucinated
-2.4867141246795654,-18.021326065063477,12.021709312306937,12,387,grounded
-5.491330623626709,-15.738360404968262,242.57977458166323,9,387,hallucinated
-4.865972518920898,-13.500596046447754,129.79710739391945,12,388,grounded
-5.265257835388184,-19.907550811767578,193.4961925221603,11,388,hallucinated
-4.772436141967773,-24.000009536743164,118.20686017197063,19,389,grounded
-8.420985221862793,-24.921875,4541.375514288715,10,389,hallucinated
-3.3666770458221436,-25.238712310791016,28.982060810050147,19,390,grounded
-2.3474671840667725,-13.20547866821289,10.459045311567806,15,390,hallucinated
-4.080573558807373,-17.607149124145508,59.17940298542501,17,391,grounded
-3.9953246116638184,-17.607149124145508,54.343478287866965,16,391,hallucinated
-7.156774520874023,-24.345455169677734,1282.7667156907992,16,392,grounded
-3.613790273666382,-11.571023941040039,37.106430137534375,23,392,hallucinated
-1.4655441045761108,-8.589616775512695,4.329898517081469,12,393,grounded
-2.7437586784362793,-19.131813049316406,15.545305227914417,19,393,hallucinated
-3.132117748260498,-19.217214584350586,22.922472202326986,12,394,grounded
-5.528215408325195,-16.294696807861328,251.69433837017002,7,394,hallucinated
-2.6864383220672607,-22.116676330566406,14.67929976427263,14,395,grounded
-1.8881561756134033,-10.273133277893066,6.607174972628132,17,395,hallucinated
-4.640995025634766,-21.40655517578125,103.64742813885431,22,396,grounded
-3.3806369304656982,-15.207204818725586,29.38948421105095,14,396,hallucinated
-4.715935230255127,-19.508544921875,111.71323993551361,13,397,grounded
-4.3118815422058105,-15.80059814453125,74.58068371193798,21,397,hallucinated
-3.218672513961792,-22.983484268188477,24.994917743996325,14,398,grounded
-3.774383068084717,-17.815353393554688,43.57061991642536,14,398,hallucinated
-15.80794906616211,-20.54707145690918,7333394.519311199,4,399,grounded
-3.4473214149475098,-12.805033683776855,31.41612873272106,18,399,hallucinated
-3.5582475662231445,-14.384299278259277,35.10162993271477,8,400,grounded
-2.844527006149292,-9.801288604736328,17.19342436134283,10,400,hallucinated
-5.542346000671387,-21.015790939331055,255.27617560274032,11,401,grounded
-4.919367790222168,-21.5036563873291,136.91602616828771,8,401,hallucinated
-5.231456756591797,-20.538881301879883,187.06511346449287,11,402,grounded
-5.825773239135742,-21.874378204345703,338.92310038841373,8,402,hallucinated
-3.6683757305145264,-22.265642166137695,39.188201937543425,15,403,grounded
-5.787113189697266,-22.42201805114746,326.07036110774544,8,403,hallucinated
-5.948526859283447,-18.31268310546875,383.188432587752,10,404,grounded
-5.450699806213379,-18.31268310546875,232.92110852585742,9,404,hallucinated
-6.465941429138184,-22.05793571472168,642.869294537403,12,405,grounded
-7.033982753753662,-22.05793571472168,1134.5402182089113,11,405,hallucinated
-6.4542694091796875,-22.79694938659668,635.4093324070842,12,406,grounded
-8.188862800598145,-22.79694938659668,3600.62528845147,11,406,hallucinated
-1.5723060369491577,-10.699584007263184,4.817745292353616,13,407,grounded
-3.629410982131958,-17.250823974609375,37.690609635136695,22,407,hallucinated
-4.8343610763549805,-22.37500762939453,125.75820764026548,19,408,grounded
-5.5712480545043945,-17.42414665222168,262.76183577392976,12,408,hallucinated
-4.395109176635742,-13.438586235046387,81.05347942588398,12,409,grounded
-14.654799461364746,-23.606136322021484,2314720.401607031,2,409,hallucinated
-6.87796688079834,-22.85940933227539,970.6509033134743,16,410,grounded
-6.9675116539001465,-17.987756729125977,1061.577888038776,11,410,hallucinated
-6.465958118438721,-18.577322006225586,642.8800236657961,16,411,grounded
-4.980835914611816,-17.384851455688477,145.59603665439167,12,411,hallucinated
-3.1889147758483887,-10.3401517868042,24.262083352235955,12,412,grounded
-4.885939121246338,-29.531261444091797,132.41476047594713,16,412,hallucinated
-2.9824604988098145,-15.043270111083984,19.73631813864945,10,413,grounded
-1.7210208177566528,-12.077665328979492,5.59023216081697,13,413,hallucinated
-2.3861701488494873,-12.762653350830078,10.871776821881717,12,414,grounded
-5.819857597351074,-22.91996955871582,336.9240713335045,17,414,hallucinated
-2.61433744430542,-11.392952919006348,13.658164085008801,11,415,grounded
-3.5960865020751953,-14.580452919006348,36.455287223397995,14,415,hallucinated
-4.935400485992432,-23.78817367553711,139.12885053197823,18,416,grounded
-8.945272445678711,-21.657194137573242,7671.538382861726,6,416,hallucinated
-1.685995101928711,-15.978819847106934,5.397819641436131,16,417,grounded
-2.6862902641296387,-17.625001907348633,14.677126538309443,20,417,hallucinated
-4.315451622009277,-14.343894958496094,74.84741855361727,5,418,grounded
-4.866561412811279,-14.343894958496094,129.87356662843123,4,418,hallucinated
-11.116721153259277,-20.758272171020508,67286.92068336532,3,419,grounded
-8.224714279174805,-16.297334671020508,3732.0549250228228,2,419,hallucinated
-12.115473747253418,-20.159807205200195,182676.79946612174,2,420,grounded
-10.670416831970215,-21.292619705200195,43062.88774571968,2,420,hallucinated
-3.97886323928833,-6.721001148223877,53.45623273050018,2,421,grounded
-10.09273624420166,-19.90850067138672,24166.82839119372,2,421,hallucinated
-17.372140884399414,-23.6645450592041,35044908.05896215,2,422,hallucinated
-8.46347713470459,-22.850507736206055,4738.505808430042,5,423,grounded
-7.004394054412842,-13.959662437438965,1101.4624264605989,2,423,hallucinated
-13.746600151062012,-21.484275817871094,933410.3034526539,3,424,grounded
-6.023987770080566,-11.984275817871094,413.22315341612597,2,424,hallucinated
-18.60875129699707,-20.717267990112305,120691866.41322827,2,425,grounded
-6.410090923309326,-12.811017990112305,607.9489552794938,2,425,hallucinated
-8.534492492675781,-22.406494140625,5087.249003822345,4,426,grounded
-15.587411880493164,-22.797119140625,5882026.365518754,2,426,hallucinated
-9.566251754760742,-21.339237213134766,14274.810432635191,3,427,grounded
-7.817059516906738,-20.600955963134766,2482.5946371550663,3,427,hallucinated
-14.578054428100586,-20.94466209411621,2143722.6420748197,2,428,grounded
-7.341455459594727,-21.31966209411621,1542.9561905802443,3,428,hallucinated
-5.233480453491211,-20.85858917236328,187.44405986159745,4,429,grounded
-6.124568462371826,-12.241402626037598,456.94748068331455,2,429,hallucinated
-9.869585990905762,-21.45916175842285,19333.33314087609,3,430,grounded
-12.71329116821289,-21.84978675842285,332133.1322302605,2,430,hallucinated
-5.588119029998779,-10.339118003845215,267.23249037864184,2,431,grounded
-7.673131942749023,-15.245368003845215,2149.803975435463,2,431,hallucinated
-10.128534317016602,-23.49254035949707,25047.625635649125,3,432,grounded
-10.908147811889648,-21.06675910949707,54619.58581057027,2,432,hallucinated
-11.18116283416748,-24.12870979309082,71765.76524590088,3,433,grounded
-12.527584075927734,-22.05058479309082,275842.15417269047,2,433,hallucinated
-7.951878547668457,-16.09280776977539,2840.90671960974,4,434,grounded
-7.88920259475708,-15.27934741973877,2668.3153434756337,2,434,hallucinated
-6.965261459350586,-23.664915084838867,1059.1918168301893,4,435,grounded
-8.887121200561523,-20.391477584838867,7238.1519738125035,3,435,hallucinated
-14.249883651733398,-21.134187698364258,1543994.815513842,2,436,grounded
-3.410918712615967,-6.821688175201416,30.293062097469303,2,436,hallucinated
-7.577805519104004,-22.552736282348633,1954.335504223442,5,437,grounded
-5.875097274780273,-17.490236282348633,356.05929457589326,3,437,hallucinated
-9.36491870880127,-22.153152465820312,11671.657065321395,4,438,grounded
-5.915792465209961,-17.746902465820312,370.84807048262866,3,438,hallucinated
-9.074898719787598,-19.527942657470703,8733.301183429443,4,439,grounded
-7.454982757568359,-16.486865997314453,1728.454192257243,3,439,hallucinated
-13.94155216217041,-23.509082794189453,1134329.3601738545,2,440,grounded
-7.794861316680908,-15.587207794189453,2428.0926651779378,2,440,hallucinated
-13.4939603805542,-23.39733123779297,725024.2492756329,3,441,grounded
-2.4050350189208984,-9.619987487792969,11.078818243653112,4,441,hallucinated
-11.905072212219238,-22.14862823486328,148015.49041259702,2,442,grounded
-10.21381950378418,-18.38300323486328,27277.555598555402,2,442,hallucinated
-3.871060371398926,-21.51786994934082,47.993249778254736,15,443,grounded
-11.67109203338623,-19.997220993041992,117136.1290253524,6,443,hallucinated
-4.352217197418213,-22.109806060791016,77.65043855473452,13,444,grounded
-3.9149913787841797,-16.89665412902832,50.1486391669318,13,445,grounded
-6.442665100097656,-11.06381607055664,628.0784632205448,3,445,hallucinated
-6.099690914154053,-19.05388641357422,445.71998305158627,10,446,grounded
-4.36173152923584,-19.05388641357422,78.39275632200732,12,446,hallucinated
-3.2481327056884766,-21.660587310791016,25.74222669692474,10,447,grounded
-1.661747932434082,-9.711368560791016,5.268511803437533,11,447,hallucinated
-3.2595181465148926,-17.562559127807617,26.036988105902104,20,448,grounded
-3.0985898971557617,-16.680479049682617,22.166671945926357,16,448,hallucinated
-6.188604831695557,-21.595455169677734,487.1659533637797,18,449,grounded
-7.142903804779053,-24.781387329101562,1265.0966542683725,9,449,hallucinated
-1.4786921739578247,-7.669524192810059,4.387204227384968,13,450,grounded
-2.037598133087158,-15.857024192810059,7.6721595447810955,13,450,hallucinated
-3.1803364753723145,-19.255157470703125,24.054846053806298,8,451,grounded
-5.393722057342529,-17.435413360595703,220.02079340042386,16,451,hallucinated
-3.520212173461914,-20.005788803100586,33.79159738349587,8,452,grounded
-6.717464923858643,-19.0930233001709,826.7190569773766,16,452,hallucinated
-3.294426202774048,-19.14852523803711,26.961938944759673,9,453,grounded
-5.448215961456299,-17.29500961303711,232.34328655873594,17,453,hallucinated
-3.6946628093719482,-21.979143142700195,40.23200444572816,8,454,grounded
-7.325446128845215,-17.86997413635254,1518.4511724448112,16,454,hallucinated
-3.1352522373199463,-18.629636764526367,22.994435165300956,8,455,grounded
-5.623496055603027,-16.048885345458984,276.8555958412344,16,455,hallucinated
-9.836061477661133,-22.298036575317383,18695.93646067581,8,456,grounded
-6.6857099533081055,-23.110185623168945,800.879063128623,12,456,hallucinated
-5.981720924377441,-16.85609245300293,396.12147702503904,12,457,grounded
-4.418997287750244,-18.28296661376953,83.01300545497307,16,457,hallucinated
-2.2955424785614014,-20.47370147705078,9.92982126661646,10,458,grounded
-5.283571243286133,-17.362091064453125,197.0724136717083,12,458,hallucinated
-4.843249797821045,-19.227384567260742,126.88102011099106,10,459,grounded
-4.689445972442627,-21.344154357910156,108.79288884906336,16,459,hallucinated
-2.524463653564453,-21.49203872680664,12.484197612746524,18,460,grounded
-3.1802704334259033,-21.49203872680664,24.0532574774092,23,460,hallucinated
-4.915681838989258,-19.87261199951172,136.41228931788385,20,461,grounded
-4.433633804321289,-19.87261199951172,84.23696206516635,23,461,hallucinated
-5.288768768310547,-19.29945945739746,198.09936897446187,14,462,grounded
-5.196883678436279,-19.29945945739746,180.70821857433646,22,462,hallucinated
-5.082765102386475,-20.155202865600586,161.21922784366012,14,463,grounded
-6.750736713409424,-19.98005485534668,854.6881908946318,17,463,hallucinated
-2.3323333263397217,-14.656525611877441,10.301951325187563,13,464,grounded
-4.626582145690918,-19.250816345214844,102.16428406385461,12,464,hallucinated
-4.451902389526367,-16.15772819519043,85.78999484758087,15,465,grounded
-4.064111709594727,-16.15772819519043,58.21317534379214,12,465,hallucinated
-4.066547393798828,-18.0688533782959,58.355137072234385,15,466,grounded
-4.279175758361816,-18.0688533782959,72.18092096111833,12,466,hallucinated
-5.411006927490234,-18.663331985473633,223.85688188229335,11,467,grounded
-4.009806156158447,-18.663331985473633,55.13618171824106,11,467,hallucinated
-2.7539708614349365,-21.71095085144043,15.704870095755407,19,468,grounded
-3.4602930545806885,-21.71095085144043,31.82630199174912,19,468,hallucinated
-3.0514261722564697,-20.221485137939453,21.1454800251141,17,469,grounded
-2.685863971710205,-13.501132011413574,14.670871123939687,16,469,hallucinated
-1.7180259227752686,-19.418834686279297,5.573515048067503,17,470,grounded
-3.070966958999634,-23.00010871887207,21.56274288585415,17,470,hallucinated
-1.4570517539978027,-10.001014709472656,4.293283196035219,16,471,grounded
-2.4062705039978027,-15.187545776367188,11.092514417229733,16,471,hallucinated
-1.9627187252044678,-16.27267074584961,7.118654445596798,18,472,grounded
-2.2151997089385986,-21.100582122802734,9.163238909605978,18,472,hallucinated
-1.525481939315796,-9.907990455627441,4.597358683386871,12,473,grounded
-2.9225287437438965,-16.771432876586914,18.588232955963168,12,473,hallucinated
-1.3513624668121338,-9.203039169311523,3.8626847268894013,12,474,grounded
-5.316318035125732,-28.24401092529297,203.63273142221558,12,474,hallucinated
-2.583625078201294,-14.444405555725098,13.245065635458948,9,475,grounded
-1.5437663793563843,-7.743904113769531,4.682192014104099,10,475,hallucinated
-4.15569543838501,-20.380584716796875,63.79631553097983,21,476,grounded
-3.7368149757385254,-19.727468490600586,41.9641203474393,20,476,hallucinated
-2.996295928955078,-17.749170303344727,20.011276285692862,25,477,grounded
-3.228753089904785,-17.749170303344727,25.248155155529616,23,477,hallucinated
-2.849078416824341,-15.66729736328125,17.27185705081516,16,478,grounded
-4.916132926940918,-20.18487548828125,136.4738371387501,16,478,hallucinated
-3.8191187381744385,-20.04723358154297,45.564036776394765,17,479,grounded
-6.4666361808776855,-20.091571807861328,643.3160842840607,11,479,hallucinated
-4.301499843597412,-18.43756103515625,73.810414799744,20,480,grounded
-5.715574264526367,-18.923124313354492,303.5584761297882,18,480,hallucinated
-4.66318416595459,-18.02239227294922,105.97298105939811,19,481,grounded
-6.08062219619751,-17.70806121826172,437.3011972322359,18,481,hallucinated
-4.447216510772705,-13.315950393676758,85.38893372919128,10,482,grounded
-6.241951942443848,-18.48521614074707,513.8605588898292,10,482,hallucinated
-3.503767490386963,-16.31359100341797,33.24044942112471,13,483,grounded
-5.937058925628662,-24.281415939331055,378.8191542474373,12,483,hallucinated
-4.743215560913086,-21.837461471557617,114.802764076046,19,484,grounded
-6.2242655754089355,-22.403867721557617,504.8521304505972,11,484,hallucinated
-2.1749987602233887,-9.927860260009766,8.80217420945113,14,485,grounded
-10.994521141052246,-18.50197982788086,59546.9967470403,5,485,hallucinated
-11.31491470336914,-18.43817901611328,82036.10246922313,7,486,grounded
-12.09725570678711,-19.984899520874023,179378.9178243737,6,486,hallucinated
-1.459451675415039,-11.229259490966797,4.303599112070245,9,487,grounded
-5.7552490234375,-19.699052810668945,315.8441903378393,9,487,hallucinated
-2.30496883392334,-17.70456886291504,10.023865842985394,14,488,grounded
-8.51136302947998,-24.03914451599121,4970.934002386479,10,488,hallucinated
-6.230797290802002,-19.997283935546875,508.1604736984793,14,489,grounded
-3.288278818130493,-17.35320281982422,26.796701943395746,25,489,hallucinated
-3.5131747722625732,-15.03642463684082,33.55462716080167,12,490,grounded
-5.117439270019531,-22.408212661743164,166.90741709260988,9,490,hallucinated
-1.278733253479004,-16.50101089477539,3.5920865791596763,17,491,grounded
-5.1015706062316895,-27.01663589477539,164.27972354053915,17,491,hallucinated
-1.238214135169983,-16.62565803527832,3.4494477134477437,17,492,grounded
-3.805908203125,-22.84050178527832,44.96606989908032,15,492,hallucinated
-1.4502453804016113,-11.828725814819336,4.264160728275511,15,493,grounded
-4.451557636260986,-23.281850814819336,85.76042356441127,17,493,hallucinated
-2.2413480281829834,-12.952066421508789,9.406002301273437,13,494,grounded
-4.137267589569092,-23.219100952148438,62.631452596424765,14,494,hallucinated
-9.450254440307617,-21.28170394897461,12711.399144542323,7,495,grounded
-5.459487438201904,-15.196197509765625,234.97695328375283,5,495,hallucinated
-11.746393203735352,-24.258846282958984,126297.20821946765,7,496,grounded
-14.06635570526123,-22.906139373779297,1285111.0660000483,4,496,hallucinated
-5.112931251525879,-20.438886642456055,166.156688789538,14,497,grounded
-7.912465572357178,-19.3125,2731.115935823536,10,497,hallucinated
-5.907202243804932,-26.438974380493164,367.6760471467131,15,498,grounded
-6.281094074249268,-17.316484451293945,534.3729878458494,11,498,hallucinated
-2.8230385780334473,-21.62346076965332,16.827905970534154,13,499,grounded
-7.24495792388916,-21.248497009277344,1401.0229451384587,6,499,hallucinated
-2.6990370750427246,-19.004619598388672,14.865410556049408,15,500,grounded
-4.6590423583984375,-18.398534774780273,105.53496907253549,16,500,hallucinated
-12.247889518737793,-19.562639236450195,208540.70286319277,4,501,grounded
-6.415950775146484,-20.359413146972656,611.5219043340803,11,501,hallucinated
-1.3267104625701904,-11.099420547485352,3.768625938850301,17,502,grounded
-4.666027069091797,-22.645360946655273,106.27468062783875,19,502,hallucinated
-5.794197082519531,-16.15983772277832,328.38840930725746,12,503,grounded
-8.074747085571289,-19.358112335205078,3212.314825168728,5,503,hallucinated
-5.903087139129639,-16.829999923706055,366.16613058920314,14,504,grounded
-3.489640712738037,-20.276288986206055,32.77417024872158,23,504,hallucinated
-4.538400650024414,-19.538129806518555,93.54107550353599,17,505,grounded
-7.629145622253418,-23.236570358276367,2057.2915646207657,15,505,hallucinated
-2.2214062213897705,-12.804677963256836,9.220287519315043,11,506,grounded
-7.810829162597656,-25.639692306518555,2467.175276876788,12,506,hallucinated
-4.278000831604004,-14.635425567626953,72.09616346735156,12,507,grounded
-4.864459037780762,-18.72964859008789,129.6008105031257,10,507,hallucinated
-5.876754283905029,-13.997170448303223,356.64977715836693,10,508,grounded
-3.1964499950408936,-24.498777389526367,24.445593996523144,20,508,hallucinated
-7.227156162261963,-18.768815994262695,1376.302951170878,9,509,grounded
-4.40344762802124,-22.117773056030273,81.73216558707949,18,509,hallucinated
-6.901463985443115,-17.86206817626953,993.7284552114095,8,510,grounded
-3.707444190979004,-24.492544174194336,40.74952531791911,18,510,hallucinated
-9.265179634094238,-28.26776695251465,10563.708022229157,8,511,grounded
-5.188209533691406,-27.844018936157227,179.14750803016221,18,511,hallucinated
-4.769797325134277,-23.515928268432617,117.89534511586687,25,512,grounded
-5.4814066886901855,-23.515928268432617,240.18433443730848,22,512,hallucinated
-4.3839311599731445,-22.28897476196289,80.15250720475787,21,513,grounded
-3.2168545722961426,-17.187658309936523,24.949519719583133,26,513,hallucinated
-2.7071239948272705,-16.726091384887695,14.986113337825461,14,514,grounded
-3.5941014289855957,-16.726091384887695,36.38299259256014,14,514,hallucinated
-1.2229454517364502,-17.831775665283203,3.3971792391380533,17,515,grounded
-3.1565680503845215,-17.831775665283203,23.489841483289673,17,515,hallucinated
-0.8599427342414856,-6.795942783355713,2.36302536939094,18,516,grounded
-1.5852683782577515,-20.124067306518555,4.880601049967769,19,516,hallucinated
-3.5507900714874268,-18.700733184814453,34.840833365455666,8,517,grounded
-6.264948844909668,-18.953811645507812,525.8146871735065,8,517,hallucinated
-2.373734951019287,-8.600534439086914,10.73742122686341,11,518,grounded
-4.070559501647949,-15.64120101928711,58.58973447606812,12,518,hallucinated
-5.2010111808776855,-16.469606399536133,181.45563360526953,8,519,grounded
-9.099154472351074,-18.562501907348633,8947.723956140986,6,519,hallucinated
-3.0191853046417236,-10.830050468444824,20.474604322453807,7,520,grounded
-8.129804611206055,-20.250003814697266,3394.1363241456706,6,520,hallucinated
-3.305647373199463,-9.937958717346191,27.266187275406168,6,521,grounded
-2.8691298961639404,-9.937958717346191,17.62167883703196,7,521,hallucinated
-8.799849510192871,-17.875036239624023,6633.245695296632,5,522,grounded
-11.131098747253418,-17.875036239624023,68261.3327753621,5,522,hallucinated
-1.8555655479431152,-8.257020950317383,6.395314084786964,11,523,grounded
-12.451555252075195,-18.7501277923584,255647.61008428733,5,523,hallucinated
-2.6532201766967773,-12.315462112426758,14.199690615042222,11,524,grounded
-9.756799697875977,-18.3128662109375,17271.26985340132,5,524,hallucinated
-3.626174211502075,-13.753941535949707,37.568811000306425,10,525,grounded
-4.679211616516113,-14.00016975402832,107.68514190949253,6,525,hallucinated
-2.1600143909454346,-8.780051231384277,8.671262445230251,11,526,grounded
-8.749518394470215,-18.261823654174805,6307.649577544706,5,526,hallucinated
-2.742072105407715,-9.289331436157227,15.519109032504183,10,527,grounded
-10.22513484954834,-24.478904724121094,27587.963445845813,5,527,hallucinated
-2.852630615234375,-10.825702667236328,17.333319212237413,12,528,grounded
-5.873199462890625,-16.872568130493164,355.3842018153839,6,528,hallucinated
-2.8058483600616455,-10.925294876098633,16.54110276626986,11,529,grounded
-8.98193645477295,-18.75005531311035,7958.027564857326,5,529,hallucinated
-3.4212300777435303,-16.1850643157959,30.607040914743266,19,530,grounded
-6.93307638168335,-21.1694393157959,1025.6444048434362,10,530,hallucinated
-7.124605178833008,-20.53126335144043,1242.1576400971035,9,531,grounded
-8.811393737792969,-18.375452041625977,6710.265102757571,5,531,hallucinated
-2.29183030128479,-12.500042915344238,9.89302834292867,24,532,grounded
-1.8312770128250122,-12.19737434387207,6.2418524968936735,19,532,hallucinated
-2.1792352199554443,-17.946895599365234,8.839543366618274,24,533,grounded
-1.72754967212677,-17.946895599365234,5.626849376654736,19,533,hallucinated
-1.8121716976165771,-13.000015258789062,6.123731896053522,24,534,grounded
-0.7742646932601929,-11.212902069091797,2.1689966628126904,19,534,hallucinated
-6.8158464431762695,-18.372671127319336,912.18830466634,7,535,grounded
-5.825724124908447,-18.280597686767578,338.9064548509955,8,535,hallucinated
-4.48431396484375,-19.05431365966797,88.61613617003057,10,536,grounded
-5.489863872528076,-18.532230377197266,242.22423124132376,10,536,hallucinated
-13.13287353515625,-19.000871658325195,505282.79173369426,4,537,grounded
-6.42793083190918,-21.161535263061523,618.8920305774259,14,537,hallucinated
-3.541224956512451,-16.758975982666016,34.50916553767056,9,538,grounded
-5.606428623199463,-16.782392501831055,272.1704768788982,13,538,hallucinated
-2.98512601852417,-14.584589004516602,19.788995859298687,17,539,grounded
-3.0130321979522705,-21.9713077545166,20.34900869554098,14,539,hallucinated
-4.202618598937988,-10.951350212097168,66.86118463236654,3,540,grounded
-8.412860870361328,-16.80291175842285,4504.629255192897,2,540,hallucinated
-7.754810333251953,-20.03659439086914,2332.7668545011416,14,541,grounded
-7.887235164642334,-18.435405731201172,2663.0707803606592,9,541,hallucinated
-5.141145706176758,-21.875761032104492,170.9114705187595,11,542,grounded
-5.922891139984131,-19.439237594604492,373.4899662108826,12,542,hallucinated
-4.017152309417725,-16.878084182739258,55.542711947728336,12,543,grounded
-4.813509464263916,-22.46932029724121,123.16309643005387,11,543,hallucinated
-4.951448917388916,-20.88463592529297,141.3796630418283,9,544,grounded
-2.7155537605285645,-20.88463592529297,15.112976725099921,11,544,hallucinated
-2.718764305114746,-13.252735137939453,15.161575583361644,13,545,grounded
-5.157411575317383,-23.51165199279785,173.7142269722165,11,545,hallucinated
-1.168654203414917,-11.578694343566895,3.2176594083156345,20,546,grounded
-4.253302574157715,-15.765899658203125,70.33732341077582,18,546,hallucinated
-16.01879119873047,-25.010496139526367,9054669.946111418,2,547,grounded
-6.1849517822265625,-12.36987018585205,485.3895586408962,2,547,hallucinated
-13.875638008117676,-24.474599838256836,1061971.8864004638,2,548,grounded
-10.622913360595703,-20.341787338256836,41065.07820513969,2,548,hallucinated
-2.7062509059906006,-12.147233009338379,14.973034839741269,11,549,grounded
-6.267615795135498,-19.470441818237305,527.2188803966341,12,549,hallucinated
-2.9514472484588623,-14.307734489440918,19.13362480895457,11,550,grounded
-6.080137252807617,-18.0186710357666,437.08918231901634,11,550,hallucinated
-2.016108512878418,-16.538814544677734,7.509046644255751,14,551,grounded
-8.574682235717773,-19.986312866210938,5295.868333019274,10,551,hallucinated
-10.288527488708496,-25.21879768371582,29393.46026767916,10,552,grounded
-13.097192764282227,-18.938568115234375,487571.7627767429,5,552,hallucinated
-6.392906665802002,-17.20607566833496,597.5910551802198,7,553,grounded
-14.313119888305664,-19.22101593017578,1644784.430499988,5,553,hallucinated
-2.0313830375671387,-13.244367599487305,7.624624211697109,11,554,grounded
-7.327127456665039,-22.016197204589844,1521.0063340743288,9,554,hallucinated
-6.518532752990723,-22.010244369506836,677.5834733023369,11,555,grounded
-6.829107284545898,-22.010244369506836,924.365248894278,11,555,hallucinated
-7.692794322967529,-20.37459373474121,2192.492542708894,15,556,grounded
-8.530081748962402,-20.37459373474121,5064.859864934886,14,556,hallucinated
-4.817078590393066,-18.254079818725586,123.60346645627602,13,557,grounded
-5.935258865356445,-18.254079818725586,378.13787029756685,13,557,hallucinated
-7.980868339538574,-20.53666114807129,2924.4693942601416,3,558,grounded
-7.365291595458984,-11.185098648071289,1580.1761315284546,3,558,hallucinated
-8.931373596191406,-21.66616439819336,7565.650390771743,4,559,grounded
-3.7667903900146484,-11.298975944519043,43.241054949683914,3,559,hallucinated
-7.825753211975098,-23.476215362548828,2504.2716480406816,3,560,grounded
-9.742145538330078,-19.007465362548828,17020.019338181162,2,560,hallucinated
-12.556502342224121,-19.535158157348633,283935.48965078505,2,561,grounded
-3.5587189197540283,-7.117188453674316,35.11817910987347,2,561,hallucinated
-10.967955589294434,-19.595624923706055,57985.9250944814,3,562,grounded
-5.745691776275635,-11.119062423706055,312.839968259951,2,562,hallucinated
-7.751251220703125,-20.096355438232422,2324.4790321108126,4,563,grounded
-9.295979499816895,-15.240887641906738,10894.13118495731,3,563,hallucinated
-3.390434980392456,-16.951501846313477,29.678859184853856,5,564,grounded
-10.6168212890625,-17.357751846313477,40815.6672971159,3,564,hallucinated
-6.4434814453125,-12.8850679397583,628.5914014073725,2,565,hallucinated
-5.533905982971191,-20.562028884887695,253.13070679539683,7,566,grounded
-3.0553526878356934,-9.166010856628418,21.228671300899485,3,566,hallucinated
-9.594461441040039,-10.438462257385254,14683.231994364842,2,567,grounded
-8.573029518127441,-25.329086303710938,5287.122987053408,3,567,hallucinated
-6.5581207275390625,-21.292936325073242,704.9456640263966,4,568,grounded
-7.619212627410889,-22.855436325073242,2036.9576536221439,3,568,hallucinated
-6.423837661743164,-12.847664833068848,616.363977587012,2,569,grounded
-10.590014457702637,-26.347665786743164,39736.063614027255,3,569,hallucinated
-4.730022430419922,-13.75002384185791,113.29810364419968,3,570,grounded
-11.948077201843262,-24.296899795532227,154519.75046014308,3,570,hallucinated
-3.3777339458465576,-10.133056640625,29.304290707965745,3,571,grounded
-9.176977157592773,-23.664306640625,9671.871994810714,3,571,hallucinated
-1.920974612236023,-9.523594856262207,6.827609499437539,6,572,grounded
-9.120966911315918,-26.898595809936523,9145.039785326298,3,572,hallucinated
-4.123688220977783,-12.370932579040527,61.7867055627308,3,573,grounded
-9.477181434631348,-27.402183532714844,13058.328842249894,3,573,hallucinated
-2.2901830673217773,-10.167438507080078,9.876745625049866,8,574,grounded
-9.195297241210938,-27.464313507080078,9850.694518875258,3,574,hallucinated
-2.137298583984375,-11.937612533569336,8.476508096998284,9,575,grounded
-9.008134841918945,-26.292436599731445,8169.2700763185485,3,575,hallucinated
-3.271987199783325,-15.128608703613281,26.36367721678993,11,576,grounded
-3.9896249771118164,-14.163308143615723,54.03462134332035,9,576,hallucinated
-0.5639165639877319,-6.597237586975098,1.7575425659089294,12,577,grounded
-3.470470905303955,-18.3125,32.151879370971926,10,577,hallucinated
-5.906637668609619,-18.687641143798828,367.4685249570361,11,578,grounded
-5.611636638641357,-13.440035820007324,273.59164243916473,7,578,hallucinated
-2.676705837249756,-18.5625,14.537126673143444,11,579,grounded
-8.547012329101562,-20.757057189941406,5151.340902070065,8,579,hallucinated
-1.4173487424850464,-10.76310920715332,4.126166396006452,13,580,grounded
-5.361558437347412,-19.76701545715332,213.0567234104738,9,580,hallucinated
-3.6677181720733643,-17.687517166137695,39.16244187486694,11,581,grounded
-5.478921413421631,-14.487774848937988,239.58815139738445,7,581,hallucinated
-1.2964493036270142,-6.923242568969727,3.6562912121257383,10,582,grounded
-7.0579304695129395,-15.416536331176758,1162.0378029163592,7,582,hallucinated
-12.131213188171387,-23.467815399169922,185574.77660228443,4,583,grounded
-4.7056779861450195,-22.260087966918945,110.57322665556396,10,583,hallucinated
-11.887112617492676,-24.363740921020508,145380.9209058464,4,584,grounded
-11.83843994140625,-27.937562942504883,138474.28803330258,4,584,hallucinated
-11.986781120300293,-23.041484832763672,160617.51274753836,4,585,grounded
-8.514496803283691,-17.410314559936523,4986.536219283918,8,585,hallucinated
-12.17712116241455,-26.873733520507812,194292.71914204292,4,586,grounded
-6.607548713684082,-11.82740306854248,740.6652091491386,7,586,hallucinated
-11.721540451049805,-21.252012252807617,123197.05813841273,4,587,grounded
-5.446249008178711,-16.001394271850586,231.88672733224584,9,587,hallucinated
-10.994342803955078,-21.719482421875,59536.37825535899,4,588,grounded
-6.109073638916016,-23.411176681518555,449.9217320755519,11,588,hallucinated
-9.762173652648926,-21.77882957458496,17364.334715674042,4,589,grounded
-5.486345291137695,-11.993036270141602,241.37344323016922,8,589,hallucinated
-11.405221939086914,-23.61122703552246,89789.37592324405,4,590,grounded
-9.217026710510254,-13.222228050231934,10067.08742000119,8,590,hallucinated
-10.947633743286133,-24.46701431274414,56819.43679601662,4,591,grounded
-5.408847332000732,-16.645349502563477,223.37396321206583,9,591,hallucinated
-12.212480545043945,-24.575477600097656,201285.69480497006,4,592,grounded
-4.708232402801514,-17.83648681640625,110.85603780246778,8,592,hallucinated
-8.245695114135742,-12.509990692138672,3811.1837451704737,4,593,grounded
-7.015920162200928,-23.05984878540039,1114.2314483089617,9,593,hallucinated
-8.525494575500488,-13.518134117126465,5041.6796805841395,4,594,grounded
-7.629275321960449,-18.742130279541016,2057.558412038617,11,594,hallucinated
-9.708542823791504,-16.319231033325195,16457.602768348053,4,595,grounded
-4.480406761169434,-28.587997436523438,88.27057041470182,17,595,hallucinated
-10.460227012634277,-18.327674865722656,34899.473169063596,4,596,grounded
-6.624540328979492,-18.024412155151367,753.3578361857038,8,596,hallucinated
-11.872154235839844,-20.009817123413086,143222.4415320966,4,597,grounded
-3.827373504638672,-13.625001907348633,45.94171393290341,11,597,hallucinated
-10.61690616607666,-17.471445083618164,40819.13175611142,4,598,grounded
-6.071765422821045,-23.203153610229492,433.44522059269724,10,598,hallucinated
-13.834444046020508,-19.68318748474121,1019113.8631192051,4,599,grounded
-3.583634853363037,-20.032384872436523,36.0041731785115,11,599,hallucinated
-13.019784927368164,-20.710590362548828,451253.67262089025,4,600,grounded
-5.316620349884033,-18.36281394958496,203.69430190856204,10,600,hallucinated
-7.086783409118652,-16.435962677001953,1196.054388867905,6,601,grounded
-5.08507776260376,-15.25528335571289,161.59250460294183,7,601,hallucinated
-3.5006532669067383,-18.61992835998535,33.1370922552338,15,602,grounded
-4.2299723625183105,-18.61992835998535,68.71533302884443,16,602,hallucinated
-16.916990280151367,-22.718414306640625,22230822.396522123,4,603,grounded
-7.993495941162109,-17.384323120117188,2961.6325758330186,7,603,hallucinated
-5.574697494506836,-14.630849838256836,263.6697820141271,7,604,grounded
-7.937525272369385,-27.126502990722656,2800.421645121115,9,604,hallucinated
-6.326554298400879,-17.83376121520996,559.2263431240051,8,605,grounded
-6.7017364501953125,-19.938817977905273,813.817752937677,10,605,hallucinated
-2.8504011631011963,-21.672555923461914,17.294718452006858,18,606,grounded
-4.800490379333496,-21.95380973815918,121.5700183285989,17,606,hallucinated
-4.756109714508057,-20.313066482543945,116.29263320790108,11,607,grounded
-6.263737201690674,-26.010025024414062,525.1779731863332,10,607,hallucinated
-3.8346753120422363,-18.41651725769043,46.278399189378085,12,608,grounded
-8.904170989990234,-18.41651725769043,7362.6189939103515,8,608,hallucinated
-11.292247772216797,-18.27643585205078,80197.51210323724,3,609,grounded
-7.447074890136719,-19.61627960205078,1714.8397073617537,6,609,hallucinated
-11.545795440673828,-20.51233673095703,103341.61612960347,4,610,grounded
-14.373275756835938,-20.20600128173828,1746764.4638856852,3,610,hallucinated
-9.06466293334961,-18.381824493408203,8644.364920410802,6,611,grounded
-11.076044082641602,-20.250032424926758,64604.805958222976,4,611,hallucinated
-3.2617027759552,-15.951067924499512,26.093931454065267,10,612,grounded
-2.2065391540527344,-22.098018646240234,9.084222831521789,11,612,hallucinated
-3.591078281402588,-10.121187210083008,36.2731675287742,6,613,grounded
-3.181030511856079,-23.327312469482422,24.071546789368497,10,613,hallucinated
-4.798346042633057,-9.716340065002441,121.30961057735628,5,614,grounded
-4.416806221008301,-18.596284866333008,82.83131753743555,13,614,hallucinated
-2.6946892738342285,-10.125471115112305,14.800919005881205,6,615,grounded
-3.271953582763672,-22.453594207763672,26.362790963431483,10,615,hallucinated
-3.1549739837646484,-9.838714599609375,23.452426939635302,6,616,grounded
-2.054460287094116,-20.46770477294922,7.802625558304349,11,616,hallucinated
-10.224285125732422,-20.132299423217773,27564.531253129204,4,617,grounded
-2.3954851627349854,-21.171913146972656,10.973520711120429,12,617,hallucinated
-11.084320068359375,-21.61789321899414,65141.692979928644,4,618,grounded
-7.918026924133301,-15.794692993164062,2746.3469455292925,7,618,hallucinated
-11.79802131652832,-17.424558639526367,132988.9493992564,4,619,grounded
-5.007651329040527,-16.846681594848633,149.55307238146082,12,619,hallucinated
-11.252928733825684,-15.14504337310791,77105.41062638683,4,620,grounded
-5.527529716491699,-21.234451293945312,251.52181277426823,12,620,hallucinated
-11.457287788391113,-15.578303337097168,94588.1788936556,4,621,grounded
-4.357070446014404,-17.190265655517578,78.0282114079231,14,621,hallucinated
-11.44933795928955,-16.2601261138916,93839.20010770141,4,622,grounded
-5.753204345703125,-17.596467971801758,315.1990505305852,13,622,hallucinated
-11.541059494018555,-15.984635353088379,102853.35285536635,4,623,grounded
-5.0698699951171875,-18.775497436523438,159.1536352485899,14,623,hallucinated
-10.263914108276367,-15.858633041381836,28678.81879730634,4,624,grounded
-3.9877891540527344,-16.787696838378906,53.93551433876624,11,624,hallucinated
-9.813460350036621,-15.039998054504395,18278.12648793504,4,625,grounded
-4.30929708480835,-21.160045623779297,74.38818197562915,10,625,hallucinated
-9.520505905151367,-15.767240524291992,13636.508249012411,4,626,grounded
-4.243038654327393,-19.036767959594727,69.6190790688393,10,626,hallucinated
-12.325063705444336,-19.055192947387695,225271.96969792215,4,627,grounded
-8.6353178024292,-22.17188262939453,5626.921689562968,9,627,hallucinated
-11.352128982543945,-17.76340675354004,85146.5341635188,4,628,grounded
-6.142175197601318,-21.73612403869629,465.0640777010887,11,628,hallucinated
-3.384662628173828,-16.288501739501953,29.508035856720284,17,629,grounded
-7.694506645202637,-17.962129592895508,2196.2500125215456,12,629,hallucinated
-12.183996200561523,-16.401792526245117,195633.09127307453,4,630,grounded
-3.6000046730041504,-17.058979034423828,36.59840546777904,14,630,hallucinated
-9.589579582214355,-12.884957313537598,14611.725213683436,4,631,grounded
-7.393176078796387,-21.13735580444336,1624.8586052047835,12,631,hallucinated
-9.535463333129883,-13.492230415344238,13842.008384490542,4,632,grounded
-8.828483581542969,-23.471027374267578,6825.92800025266,7,632,hallucinated
-9.715591430664062,-14.853200912475586,16574.015732961074,4,633,grounded
-9.165706634521484,-20.441152572631836,9563.47692034623,7,633,hallucinated
-12.357542037963867,-19.372621536254883,232708.5376109356,4,634,grounded
-8.199113845825195,-20.096282958984375,3637.7252931581847,9,634,hallucinated
-15.63838005065918,-22.126373291015625,6189593.9864462735,4,635,grounded
-6.18589448928833,-22.437559127807617,485.84735455535247,11,635,hallucinated
-5.713644981384277,-19.77553939819336,302.9733904585941,9,636,grounded
-8.155817031860352,-16.483274459838867,3483.5843623001983,6,636,hallucinated
-3.882127285003662,-17.292327880859375,48.52733682367077,14,637,grounded
-4.704097270965576,-18.661548614501953,110.39857994746598,20,637,hallucinated
-1.6242446899414062,-13.867406845092773,5.0745847044368775,11,638,grounded
-4.869681358337402,-20.338045120239258,130.2793978380299,9,638,hallucinated
-3.056063175201416,-15.063251495361328,21.24375936295389,12,639,grounded
-4.249424934387207,-27.47690773010254,70.0651087245009,9,639,hallucinated
-2.3903539180755615,-12.071635246276855,10.917357109397825,12,640,grounded
-5.104205131530762,-24.212261199951172,164.7130932393908,11,640,hallucinated
-2.328248977661133,-8.647004127502441,10.259960375120423,10,641,grounded
-4.234583854675293,-16.073165893554688,69.03294501791217,12,641,hallucinated
-1.6700632572174072,-10.125288009643555,5.312503840762896,11,642,grounded
-5.9118876457214355,-24.93605613708496,369.40279930766224,8,642,hallucinated
-0.7998020648956299,-6.379528522491455,2.2251004594100916,8,643,grounded
-3.7840416431427,-25.840465545654297,43.99348888767948,8,643,hallucinated
-5.751672267913818,-19.006532669067383,314.7165108046423,8,644,grounded
-2.9116923809051514,-17.846988677978516,18.38789156556971,7,644,hallucinated
-3.661677598953247,-15.371712684631348,38.92659133452936,9,645,grounded
-2.465376853942871,-12.000789642333984,11.76791610203454,11,645,hallucinated
-3.4021573066711426,-20.1718807220459,30.028811576533663,11,646,grounded
-3.948199510574341,-11.99465274810791,51.84194188658175,7,646,hallucinated
-2.397273302078247,-12.454028129577637,10.993160449299268,9,647,grounded
-2.438985586166382,-12.454028129577637,11.46140823263881,9,647,hallucinated
-4.606645584106445,-17.56334686279297,100.14764870536295,9,648,grounded
-6.71580696105957,-22.14256477355957,825.3495231673976,8,648,hallucinated
-3.7279958724975586,-12.005792617797852,41.595661563824216,8,649,grounded
-4.921658992767334,-24.293949127197266,137.23008816835357,10,649,hallucinated
-3.7952306270599365,-19.33619499206543,44.48849547338597,10,650,grounded
-5.183982849121094,-18.47308921813965,178.39190599279104,12,650,hallucinated
-2.1109719276428223,-20.958215713500977,8.256261875421426,15,651,grounded
-6.158883094787598,-20.958215713500977,472.8995957358231,13,651,hallucinated
-2.076667547225952,-11.384017944335938,7.977838796108227,12,652,grounded
-6.882023334503174,-19.025480270385742,974.5963005168078,11,652,hallucinated
-9.692209243774414,-17.708187103271484,16190.97462042762,6,653,grounded
-7.72329568862915,-22.669124603271484,2260.3968826245236,10,653,hallucinated
-4.621096134185791,-19.93763542175293,101.60534420315595,8,654,grounded
-5.960517883300781,-16.271604537963867,387.8109130364351,9,654,hallucinated
-5.934130668640137,-19.601858139038086,377.71149695571233,6,655,grounded
-5.54352331161499,-19.601858139038086,255.5768920215498,12,655,hallucinated
-4.157487869262695,-19.500093460083008,63.91076856074946,18,656,grounded
-3.8481192588806152,-19.500093460083008,46.90476450478436,13,656,hallucinated
-2.9114346504211426,-19.2476749420166,18.383153056032025,11,657,grounded
-3.8967015743255615,-23.71170425415039,49.23976724352848,11,657,hallucinated
-1.8676685094833374,-14.319849014282227,6.473186618762018,14,658,grounded
-5.32701301574707,-17.649572372436523,205.82226718958555,13,658,hallucinated
-3.3735923767089844,-11.572770118713379,29.183175937687835,11,659,grounded
-7.3014631271362305,-22.854387283325195,1482.467379820783,12,659,hallucinated
-3.7142627239227295,-18.833799362182617,41.028326726858474,11,660,grounded
-7.617663860321045,-22.638521194458008,2033.8053223883635,9,660,hallucinated
-2.864262580871582,-16.57768440246582,17.536116967368503,13,661,grounded
-5.431514739990234,-26.140676498413086,228.49509407905637,12,661,hallucinated
-0.936633288860321,-7.5391106605529785,2.5513771924695594,12,662,grounded
-6.3977227210998535,-20.53126335144043,600.4760282661631,10,662,hallucinated
-2.0808331966400146,-17.500272750854492,8.011140990090423,14,663,grounded
-3.281557083129883,-15.032458305358887,26.617185620521422,11,663,hallucinated
-2.0597240924835205,-9.355209350585938,7.843805346883307,9,664,grounded
-5.494421482086182,-21.285688400268555,243.33071425631303,9,664,hallucinated
-1.461662769317627,-8.066500663757324,4.313125301594835,9,665,grounded
-2.7741622924804688,-16.895803451538086,16.025196943231784,9,665,hallucinated
-4.317359447479248,-22.531654357910156,74.99035066650448,17,666,grounded
-3.6467270851135254,-12.00964069366455,38.348947586905574,6,666,hallucinated
-4.594475746154785,-16.749019622802734,98.93625423765279,9,667,grounded
-4.679544925689697,-17.514644622802734,107.721040337455,9,667,hallucinated
-1.3649640083312988,-14.668075561523438,3.915582121122093,20,668,grounded
-3.6642162799835205,-23.039657592773438,39.02553907876181,20,668,hallucinated
-4.08276891708374,-19.87505531311035,59.30946569244219,16,669,grounded
-5.011670112609863,-19.87505531311035,150.15530311845336,11,669,hallucinated
-4.980434894561768,-14.545666694641113,145.53766143008562,11,670,grounded
-3.4800403118133545,-21.662853240966797,32.461030612496224,12,670,hallucinated
-4.168028354644775,-20.93754768371582,64.58798189116793,19,671,grounded
-5.592536926269531,-20.90629768371582,268.41570754217344,16,671,hallucinated
-4.6587419509887695,-17.68768310546875,105.50327034735137,14,672,grounded
-5.106585502624512,-17.89263916015625,165.10563854169303,8,672,hallucinated
-3.3633193969726562,-19.125,28.884912413286152,24,673,grounded
-4.339938163757324,-12.940125465393066,76.7027961789291,14,673,hallucinated
-2.372204065322876,-10.10346508026123,10.720996038042031,8,674,grounded
-4.342020511627197,-17.875,76.86268449693954,11,674,hallucinated
-3.7160720825195312,-18.937795639038086,41.102628881884854,14,675,grounded
-6.505884647369385,-17.686281204223633,669.0672962488488,11,675,hallucinated
-0.7671542167663574,-6.125377655029297,2.1536287643156498,8,676,grounded
-2.7199907302856445,-15.62524127960205,15.180181528355064,8,676,hallucinated
-2.864718437194824,-23.907142639160156,17.544112739496374,16,677,grounded
-2.53401780128479,-19.188392639160156,12.60404508950121,16,677,hallucinated
-7.186084270477295,-21.854536056518555,1320.9206974069664,9,678,grounded
-7.126227378845215,-21.856372833251953,1244.174303509495,6,678,hallucinated
-2.990061044692993,-14.064539909362793,19.886896443999685,15,679,grounded
-4.5544867515563965,-20.7346248626709,95.0579543660336,13,679,hallucinated
-1.5499297380447388,-9.250317573547363,4.711139157112942,9,680,grounded
-2.962414503097534,-9.799057960510254,19.344623065284452,8,680,hallucinated
-2.4919798374176025,-16.940717697143555,12.085179140450878,11,681,grounded
-5.111958980560303,-21.970014572143555,165.99521797470422,9,681,hallucinated
-9.923431396484375,-21.443220138549805,20402.881023121605,14,682,grounded
-13.126134872436523,-21.443220138549805,501889.3080345438,4,682,hallucinated
-2.92700457572937,-24.173664093017578,18.67161723138085,24,683,grounded
-2.649930477142334,-20.954912185668945,14.15305465036713,8,683,hallucinated
-3.4385104179382324,-18.625022888183594,31.140537217352215,22,684,grounded
-4.294236183166504,-18.81254005432129,73.2762234513473,10,684,hallucinated
-2.3842825889587402,-10.688760757446289,10.851275047262428,17,685,grounded
-2.8624165058135986,-24.324989318847656,17.503773842324815,11,685,hallucinated
-9.819491386413574,-25.843751907348633,18388.695621772757,5,686,grounded
-7.117460250854492,-25.843751907348633,1233.3141439139717,7,686,hallucinated
-3.664433002471924,-20.266077041625977,39.033997707256646,13,687,grounded
-5.214285373687744,-20.266077041625977,183.8803682659867,9,687,hallucinated
-5.443183898925781,-19.51582908630371,231.1770573423007,9,688,grounded
-2.170161247253418,-21.930545806884766,8.759696403853834,18,688,hallucinated
-2.5162174701690674,-18.5362548828125,12.381673925215434,15,689,grounded
-2.4137725830078125,-13.372193336486816,11.1760442688177,11,689,hallucinated
-4.499925136566162,-24.933677673339844,90.01039256121415,13,690,grounded
-4.429459571838379,-19.656333923339844,83.88607026333196,11,690,hallucinated
-2.606473207473755,-18.883691787719727,13.551174295887602,11,691,grounded
-4.569610118865967,-19.272777557373047,96.50647638259333,12,691,hallucinated
-1.9923433065414429,-9.625418663024902,7.3326964012375075,10,692,grounded
-8.08101749420166,-20.7254695892334,3232.520634909493,17,692,hallucinated
-4.258143424987793,-19.33318328857422,70.67864136932366,9,693,grounded
-7.395881175994873,-19.35669708251953,1629.2599560226174,6,693,hallucinated
-4.738227367401123,-19.158130645751953,114.23153156672852,8,694,grounded
-4.865110874176025,-19.158130645751953,129.6853165673393,15,694,hallucinated
-3.634573459625244,-21.372989654541016,37.88568967398214,14,695,grounded
-1.923236608505249,-17.224552154541016,6.843071006996643,12,695,hallucinated
-1.8653804063796997,-11.455349922180176,6.458392232364482,16,696,grounded
-5.301074981689453,-21.414371490478516,200.55228417189636,15,696,hallucinated
-3.790360689163208,-20.119338989257812,44.27236595911687,11,697,grounded
-7.538853168487549,-22.071216583251953,1879.6731202284316,9,697,hallucinated
-1.698360800743103,-10.798734664916992,5.46498185139143,14,698,grounded
-3.769688129425049,-15.003804206848145,43.36653797951371,11,698,hallucinated
-4.9892144203186035,-16.069839477539062,146.82103855490604,11,699,grounded
-4.687191963195801,-24.977487564086914,108.54794482835679,11,699,hallucinated
-3.2839348316192627,-21.018573760986328,26.680549895723498,20,700,grounded
-3.403313159942627,-21.018573760986328,30.063540543561782,18,700,hallucinated
-2.433363199234009,-19.339738845825195,11.397148576368044,18,701,grounded
-1.4394327402114868,-7.995011329650879,4.218302264927129,18,701,hallucinated
-2.250300168991089,-16.00385856628418,9.490584187924265,26,702,grounded
-4.07682466506958,-18.992570877075195,58.95796103269071,19,702,hallucinated
-7.703366279602051,-18.310401916503906,2215.794435059585,15,703,grounded
-6.355470657348633,-18.068634033203125,575.6332029098693,8,703,hallucinated
-5.754237174987793,-14.226191520690918,315.52476551550586,6,704,grounded
-5.638211250305176,-22.265254974365234,280.95970214278066,6,704,hallucinated
-0.5778549313545227,-7.376778602600098,1.782211361842876,15,705,grounded
-1.8411482572555542,-26.212717056274414,6.303772459335249,15,705,hallucinated
-3.6750733852386475,-17.28241539001465,39.451551912524174,18,706,grounded
-5.137182712554932,-17.491138458251953,170.23548978956336,13,706,hallucinated
-0.9778409004211426,-6.756525993347168,2.6587096215748005,7,707,grounded
-4.913156032562256,-26.64715003967285,136.06817304929058,9,707,hallucinated
-3.9963533878326416,-14.062505722045898,54.39941433116118,8,708,grounded
-3.8876540660858154,-14.062505722045898,48.79627929931115,12,708,hallucinated
-3.9796903133392334,-13.167940139770508,53.50046328189996,12,709,grounded
-5.743760585784912,-18.470237731933594,312.2363976805956,7,709,hallucinated
-0.8027426600456238,-7.884517669677734,2.2316532087989622,10,710,grounded
-2.1728322505950928,-17.165767669677734,8.783124857030227,9,710,hallucinated
-7.45094633102417,-22.76460075378418,1721.4914755758912,13,711,grounded
-4.561115264892578,-14.598026275634766,95.6901401956563,16,711,hallucinated
-4.0274248123168945,-18.797771453857422,56.1162152311068,11,712,grounded
-5.890893936157227,-19.47988510131836,361.7285020698682,9,712,hallucinated
-2.6802282333374023,-18.500635147094727,14.588422480301016,16,713,grounded
-4.576724052429199,-18.500635147094727,97.19546484738848,15,713,hallucinated
-4.07106876373291,-20.10194206237793,58.61957960525604,12,714,grounded
-3.9020750522613525,-20.370067596435547,49.50506820243571,14,714,hallucinated
-2.1415257453918457,-19.223548889160156,8.512415504631134,14,715,grounded
-3.757659912109375,-20.9738826751709,42.8480403885701,22,715,hallucinated
-3.211052656173706,-21.875024795532227,24.805183816166387,23,716,grounded
-4.747489929199219,-17.537315368652344,115.2945236019211,13,716,hallucinated
-1.0917729139328003,-18.518787384033203,2.979551881674489,23,717,grounded
-1.4946792125701904,-18.581287384033203,4.457906283154916,22,717,hallucinated
-5.7285075187683105,-15.369978904724121,307.509972854651,10,718,grounded
-3.23669695854187,-10.400988578796387,25.449521940118924,12,718,hallucinated
-3.239980936050415,-18.376163482666016,25.5332349784073,11,719,grounded
-3.1685078144073486,-15.925056457519531,23.77198566318088,14,719,hallucinated
-3.1135172843933105,-12.773821830749512,22.500044441659952,17,720,grounded
-3.9639458656311035,-15.193721771240234,52.664724422818935,14,720,hallucinated
-3.1980533599853516,-19.97972869873047,24.484820643895677,17,721,grounded
-4.501989364624023,-20.10394859313965,90.19638643988569,17,721,hallucinated
-4.431652069091797,-14.202592849731445,84.07019201144107,9,722,grounded
-7.888525009155273,-15.313474655151367,2666.5079438209577,7,722,hallucinated
-4.12612247467041,-16.063833236694336,61.93729328890629,11,723,grounded
-1.4104140996932983,-10.085305213928223,4.097651889180505,14,723,hallucinated
-2.9115164279937744,-19.204423904418945,18.384656447137267,26,724,grounded
-2.7817001342773438,-22.7041072845459,16.14644875693097,11,724,hallucinated
-3.306323289871216,-13.486867904663086,27.284623175825086,10,725,grounded
-4.293156147003174,-20.145374298095703,73.19712520228119,10,725,hallucinated
-3.5585598945617676,-16.87590217590332,35.11259487871716,11,726,grounded
-2.9825122356414795,-18.219135284423828,19.737339259633234,11,726,hallucinated
-1.0716673135757446,-10.706226348876953,2.92024440633095,14,727,grounded
-0.7859529852867126,-10.706226348876953,2.1944972681576616,14,727,hallucinated
-5.169301986694336,-15.371952056884766,175.7920894317084,14,728,grounded
-2.8465187549591064,-14.364277839660645,17.227703470206027,10,728,hallucinated
-3.3209941387176514,-13.611124038696289,27.687862457006663,6,729,grounded
-3.5843896865844727,-19.305837631225586,36.03136058422459,9,729,hallucinated
-1.7195831537246704,-8.502695083618164,5.582201059504954,10,730,grounded
-6.356795787811279,-10.329614639282227,576.3964976232006,4,730,hallucinated
-2.7640044689178467,-18.32955551147461,15.8632397788543,10,731,grounded
-6.358397006988525,-13.887561798095703,577.3201740557497,8,731,hallucinated
-4.262449741363525,-20.783369064331055,70.98366224689896,13,732,grounded
-3.5921666622161865,-20.629066467285156,36.312668040261116,19,732,hallucinated
-4.60874605178833,-21.93838119506836,100.35822668358233,11,733,grounded
-5.699877738952637,-21.57900619506836,298.8308633592039,11,733,hallucinated
-0.5943829417228699,-7.251574516296387,1.811912544303554,13,734,grounded
-2.1682403087615967,-27.657825469970703,8.742885717171855,13,734,hallucinated
-4.940830707550049,-21.394935607910156,139.88640600092117,15,735,grounded
-5.865705966949463,-21.394935607910156,352.73108471754335,14,735,hallucinated
-2.1575350761413574,-9.104195594787598,8.649790285001236,16,736,grounded
-5.635817527770996,-17.857038497924805,280.2879668672465,12,736,hallucinated
-5.316030502319336,-20.492572784423828,203.57418874834858,14,737,grounded
-4.344338417053223,-13.699472427368164,77.0410515695374,8,737,hallucinated
-1.4147931337356567,-8.091975212097168,4.115634991869494,14,738,grounded
-2.8345513343811035,-15.715621948242188,17.022761059165955,13,738,hallucinated
-2.3778231143951416,-8.079273223876953,10.781407409161922,9,739,grounded
-1.8772125244140625,-8.141683578491211,6.5352625641775575,10,739,hallucinated
-1.3736772537231445,-10.987855911254883,3.949848618400833,8,740,grounded
-2.352241039276123,-13.01741886138916,10.509094648606723,8,740,hallucinated
-1.758764386177063,-9.261728286743164,5.805259901630931,14,741,grounded
-6.432702541351318,-20.651268005371094,621.8522605852967,11,741,hallucinated
-5.393979072570801,-21.375,220.07734936242457,8,742,grounded
-7.806615352630615,-21.375,2456.800942192814,9,742,hallucinated
-4.717979431152344,-19.6250057220459,111.9418378112075,11,743,grounded
-5.033962249755859,-13.438722610473633,153.54017355497476,7,743,hallucinated
-3.415393590927124,-23.142005920410156,30.428923619202685,13,744,grounded
-4.5799150466918945,-24.659584045410156,97.50611038855209,17,744,hallucinated
-2.388397693634033,-10.982099533081055,10.896021184316641,12,745,grounded
-4.890313625335693,-20.82682228088379,132.99527819997323,8,745,hallucinated
-3.401264190673828,-13.25001335144043,30.002004337303333,10,746,grounded
-6.483374118804932,-26.28912925720215,654.1744891183822,5,746,hallucinated
-1.7691103219985962,-15.734922409057617,5.865632515077935,14,747,grounded
-2.902350425720215,-15.734922409057617,18.21691258905985,13,747,hallucinated
-1.4975175857543945,-9.47588062286377,4.470577459062708,12,748,grounded
-2.9044244289398193,-17.07056427001953,18.254733731449083,12,748,hallucinated
-3.6072616577148438,-20.922216415405273,36.86496557817869,10,749,grounded
-7.528383255004883,-20.826513290405273,1860.0957706991167,9,749,hallucinated
-1.739160180091858,-6.620936393737793,5.692560688840756,8,750,grounded
-4.935844421386719,-23.5709285736084,139.19062846478676,8,750,hallucinated
-4.758885383605957,-22.693859100341797,116.6158714699092,12,751,grounded
-5.761067867279053,-20.660192489624023,317.6873958213688,10,751,hallucinated
-2.2144734859466553,-19.417987823486328,9.156586770589664,20,752,grounded
-1.6738412380218506,-6.667986869812012,5.332612339139656,9,752,hallucinated
-2.6827070713043213,-20.305706024169922,14.62462967316481,17,753,grounded
-3.6567914485931396,-20.397714614868164,38.73685407613859,10,753,hallucinated
-2.3211669921875,-15.112343788146973,10.187556170163887,14,754,grounded
-2.8367791175842285,-10.987343788146973,17.0607263538454,10,754,hallucinated
-4.377126216888428,-21.596105575561523,79.60892557380834,23,755,grounded
-4.025783538818359,-21.588130950927734,56.024188715209,17,755,hallucinated
-2.5944483280181885,-15.140313148498535,13.389198877705775,21,756,grounded
-3.050677537918091,-15.902323722839355,21.129655716715185,13,756,hallucinated
-3.953213691711426,-24.117023468017578,52.10253956969721,9,757,grounded
-3.2398173809051514,-14.381488800048828,25.5290592279434,12,757,hallucinated
-1.9615083932876587,-14.003238677978516,7.110043722883977,14,758,grounded
-5.738354682922363,-21.44277000427246,310.5530321992433,14,758,hallucinated
-3.245062828063965,-15.77330493927002,25.663322386438512,17,759,grounded
-3.3724524974823,-15.77330493927002,29.14992959367605,20,759,hallucinated
-3.8741955757141113,-12.993773460388184,48.14395454372872,10,760,grounded
-7.527629375457764,-15.729207992553711,1858.6940109872812,9,760,hallucinated
-5.066628456115723,-19.59361457824707,158.63856778934453,11,761,grounded
-1.904046654701233,-13.359722137451172,6.713004764517314,9,761,hallucinated
-3.4603347778320312,-14.068780899047852,31.827629916248902,16,762,grounded
-3.3371877670288086,-18.343900680541992,28.139879429998096,16,762,hallucinated
-1.9658653736114502,-15.657665252685547,7.141089627571071,16,763,grounded
-6.228948593139648,-23.719158172607422,507.22190644950246,13,763,hallucinated
-4.751733779907227,-14.687761306762695,115.78485606049621,9,764,grounded
-5.752255439758301,-14.687762260437012,314.9000981390165,8,764,hallucinated
-4.246004104614258,-18.626270294189453,69.82583740109555,9,765,grounded
-4.519191265106201,-21.20342445373535,91.76135735011862,10,765,hallucinated
-6.583134651184082,-17.129013061523438,722.8015124360134,10,766,grounded
-5.201653957366943,-16.316513061523438,181.57230651367854,12,766,hallucinated
-5.4560089111328125,-18.980533599853516,234.16099957244194,13,767,grounded
-5.427839756011963,-22.87568473815918,227.6569193518799,13,767,hallucinated
-4.062592506408691,-13.812559127807617,58.124804845708184,8,768,grounded
-3.749351978302002,-18.23716163635254,42.49353634236027,10,768,hallucinated
-3.286789655685425,-22.791563034057617,26.756826998713915,12,769,grounded
-6.231536865234375,-22.18793487548828,508.53643520099,12,769,hallucinated
-3.379209518432617,-11.113947868347168,29.34756323401343,12,770,grounded
-9.529026985168457,-18.45953941345215,13753.202501402031,5,770,hallucinated
-1.9368377923965454,-10.398232460021973,6.936780710976186,10,771,grounded
-4.759125232696533,-26.65799903869629,116.643845035211,10,771,hallucinated
-1.758912444114685,-10.992690086364746,5.806119480071462,15,772,grounded
-2.065528392791748,-17.64893913269043,7.889465533202132,16,772,hallucinated
-5.587512493133545,-19.48238182067871,267.0704531673775,6,773,grounded
-13.818490982055664,-19.48238182067871,1002984.8699710439,4,773,hallucinated
-1.088814377784729,-7.001078128814697,2.9707497967909937,7,774,grounded
-6.406816005706787,-16.631975173950195,605.9612291406085,6,774,hallucinated
-4.155796527862549,-19.906532287597656,63.80276499316666,10,775,grounded
-3.337780475616455,-17.687782287597656,28.15656312198693,16,775,hallucinated
-1.8812735080718994,-7.628665447235107,6.561856120100872,11,776,grounded
-5.006533622741699,-18.66425132751465,149.3860093515436,11,776,hallucinated
-4.566205978393555,-15.32641887664795,96.17851331337582,8,777,grounded
-4.222189903259277,-14.701709747314453,68.18263429083592,8,777,hallucinated
-1.1927826404571533,-7.267024993896484,3.296240710428366,8,778,grounded
-4.091553688049316,-17.509212493896484,59.83278100176339,8,778,hallucinated
-6.227725028991699,-19.676847457885742,506.60166743820554,11,779,grounded
-5.732066631317139,-20.25104331970215,308.6063854284224,10,779,hallucinated
-7.481052875518799,-27.89081573486328,1774.107707509383,15,780,grounded
-9.122312545776367,-25.138708114624023,9157.35394932719,9,780,hallucinated
-3.1867055892944336,-15.159893989562988,24.208543045960926,14,781,grounded
-3.5069098472595215,-22.9862003326416,33.345067062706214,11,781,hallucinated
-2.52429461479187,-18.602903366088867,12.482087477657728,11,782,grounded
-9.699519157409668,-23.062557220458984,16309.76288359369,8,782,hallucinated
-2.582033634185791,-6.594122886657715,13.224003618973802,5,783,grounded
-2.4471354484558105,-17.76599884033203,11.55519880235915,11,783,hallucinated
-6.242490768432617,-10.779415130615234,514.1375149224159,3,784,grounded
-1.9128086566925049,-7.94797420501709,6.772082567582532,7,784,hallucinated
-2.087824583053589,-11.676815032958984,8.067346219664948,8,785,grounded
-1.9181549549102783,-9.145565032958984,6.808385096146827,10,785,hallucinated
-1.6919536590576172,-11.541474342346191,5.430078871929738,11,786,grounded
-8.51312255859375,-20.128061294555664,4979.688204864827,9,786,hallucinated
-4.5998125076293945,-14.801834106445312,99.46566484025219,9,787,grounded
-8.948036193847656,-20.51803970336914,7692.7699088014215,8,787,hallucinated
-6.188486576080322,-30.031267166137695,487.1083466604686,9,788,grounded
-5.211501121520996,-27.320987701416016,183.36911101704598,9,788,hallucinated
-4.875121593475342,-14.35461139678955,130.99007978155137,13,789,grounded
-4.223313331604004,-17.250003814697266,68.25927563728617,21,789,hallucinated
-2.298128843307495,-11.680075645446777,9.955536646616796,17,790,grounded
-4.554823398590088,-20.938100814819336,95.08996073152142,15,790,hallucinated
-6.94342041015625,-18.812536239624023,1036.308760882079,9,791,grounded
-6.961071014404297,-18.80205535888672,1054.7626184714702,15,791,hallucinated
-0.9775795936584473,-7.358789920806885,2.658014973532708,8,792,grounded
-8.778013229370117,-22.890039443969727,6489.970273739238,9,792,hallucinated
-5.767500400543213,-19.12859535217285,319.7375172306071,11,793,grounded
-3.448080539703369,-14.722540855407715,31.43998654815878,14,793,hallucinated
-2.058580160140991,-17.72567367553711,7.8348376944302505,9,794,grounded
-7.0139288902282715,-26.823415756225586,1112.0149180445967,9,794,hallucinated
-4.832530498504639,-19.355892181396484,125.5282080311832,9,795,grounded
-4.847358226776123,-19.17657470703125,127.40337406016735,10,795,hallucinated
-4.814877033233643,-22.744670867919922,123.33164568404283,23,796,grounded
-6.051753520965576,-23.37720489501953,424.85737355496934,14,796,hallucinated
-6.906117916107178,-19.901470184326172,998.3639768723156,12,797,grounded
-3.8227968215942383,-14.507450103759766,45.73193368473867,8,797,hallucinated
-4.264056205749512,-22.750839233398438,71.09778661610918,13,798,grounded
-2.975437879562378,-14.566411018371582,19.59820302356842,11,798,hallucinated
-4.536298751831055,-24.000873565673828,93.34466817234774,13,799,grounded
-11.884476661682129,-25.486225128173828,144998.2078515908,9,799,hallucinated
-4.049821853637695,-14.111821174621582,57.387232808000405,9,800,grounded
-4.7385125160217285,-17.847370147705078,114.2641091748937,17,800,hallucinated
-3.081037759780884,-12.398026466369629,21.780994111459375,11,801,grounded
-4.9106364250183105,-17.882400512695312,135.72576620056955,14,801,hallucinated
-2.246023178100586,-21.25320816040039,9.450079726158439,15,802,grounded
-2.3158822059631348,-18.700572967529297,10.133859127327174,19,802,hallucinated
-2.81636381149292,-15.909802436828613,16.715957656875236,14,803,grounded
-8.25052547454834,-17.501564025878906,3829.6376699309367,8,803,hallucinated
-3.797602891921997,-25.062511444091797,44.594159249642075,15,804,grounded
-5.23527193069458,-23.272045135498047,187.78016259204585,19,804,hallucinated
-5.267443656921387,-16.251935958862305,193.91960324792743,20,805,grounded
-4.878314971923828,-21.49833106994629,131.40904928734395,13,805,hallucinated
-5.14933443069458,-15.594074249267578,172.3167633932062,9,806,grounded
-5.462852478027344,-20.219579696655273,235.7689919630758,12,806,hallucinated
-0.6979689002037048,-6.87711763381958,2.009666725679617,10,807,grounded
-3.3110549449920654,-26.970867156982422,27.414030516812346,11,807,hallucinated
-1.1671671867370605,-6.630509376525879,3.2128782508232883,6,808,grounded
-6.080244541168213,-25.614891052246094,437.1360794165328,7,808,hallucinated
-1.120368242263794,-6.504225254058838,3.0659830199692695,6,809,grounded
-4.538022518157959,-24.476938247680664,93.50571132864772,7,809,hallucinated
-3.6371910572052,-21.725664138793945,37.984989069818404,8,810,grounded
-7.43350887298584,-23.602622985839844,1691.7332481604415,11,810,hallucinated
-2.731959581375122,-10.377358436584473,15.362962517806967,13,811,grounded
-5.301483154296875,-18.625003814697266,200.63416082941885,11,811,hallucinated
-1.1119349002838135,-20.144723892211914,3.040235259094306,33,812,grounded
-2.3050506114959717,-21.800973892211914,10.024685603920995,32,812,hallucinated
-0.7859664559364319,-16.66574478149414,2.1945268296607767,25,813,grounded
-1.3047404289245605,-16.41185760498047,3.686732000503307,24,813,hallucinated
-3.2024760246276855,-19.375064849853516,24.593348608927965,14,814,grounded
-3.3153953552246094,-19.375064849853516,27.533277258061762,15,814,hallucinated
-3.1781787872314453,-13.875003814697266,24.00299915258247,13,815,grounded
-2.0972836017608643,-11.336722373962402,8.144017444081449,12,815,hallucinated
-2.6097540855407715,-22.66815948486328,13.595707059754938,15,816,grounded
-4.115181922912598,-27.00604820251465,61.263358457635164,11,816,hallucinated
