mean_logprob,min_logprob,perplexity,n_answer_tokens,example_id,label
-0.00037557550240308046,-0.0006654431927017868,1.0003756460397124,2,0,grounded
-1.0262854099273682,-2.7165818214416504,2.7906803242554727,6,0,hallucinated
-2.932324171066284,-11.268967628479004,18.771207334009585,11,1,hallucinated
-8.284989235107787e-06,-1.490105023549404e-05,1.0000082850235557,2,2,grounded
-2.7587506771087646,-13.067349433898926,15.780116167912151,22,2,hallucinated
-0.647527813911438,-3.828930377960205,1.9108111044129055,7,3,hallucinated
-4.2660698890686035,-14.133398056030273,71.24109928778378,5,4,hallucinated
-0.6704923510551453,-4.34768533706665,1.9551997283445428,8,5,hallucinated
-7.735585677437484e-05,-0.0002961912250611931,1.0000773588488159,4,6,grounded
-1.9277790784835815,-10.014090538024902,6.874226158704824,15,6,hallucinated
-5.984097515465692e-05,-8.415821503149346e-05,1.0000598427656615,2,7,grounded
-2.991811513900757,-10.214095115661621,19.92173832979029,9,7,hallucinated
-0.0076463245786726475,-0.016093941405415535,1.007675632369793,4,8,grounded
-1.7733967304229736,-21.248950958251953,5.890828974283878,18,8,hallucinated
-0.3729002773761749,-2.6068899631500244,1.451939541392352,7,9,grounded
-2.7021684646606445,-11.008410453796387,14.912032906606314,12,9,hallucinated
-7.926818216219544e-05,-0.00015472168161068112,1.0000792713239675,2,10,grounded
-1.760738730430603,-18.116544723510742,5.816732805161787,15,10,hallucinated
-0.49087437987327576,-0.9817091822624207,1.6337441085724904,2,11,grounded
-1.741459608078003,-10.090229988098145,5.705665383077733,21,11,hallucinated
-0.5978307127952576,-11.625032424926758,1.8181703855625568,20,12,hallucinated
-0.0002010440657613799,-0.00039641151670366526,1.000201064276474,4,13,grounded
-1.6170505285263062,-12.990069389343262,5.038208328609309,17,13,hallucinated
-0.005354182329028845,-0.01605980470776558,1.0053685415791442,3,14,grounded
-1.6651188135147095,-14.193448066711426,5.286301296486654,20,14,hallucinated
-9.365497680846602e-05,-0.000328367663314566,1.0000936593625727,4,15,grounded
-2.5292582511901855,-10.250038146972656,12.544198040993573,14,15,hallucinated
-0.3111721873283386,-4.573127746582031,1.3650242408290243,21,16,grounded
-3.26969313621521,-10.765644073486328,26.303266584774082,13,16,hallucinated
-2.723477840423584,-19.500442504882812,15.233208895659299,21,17,hallucinated
-4.6250926970969886e-05,-0.0001245659514097497,1.0000462519965616,4,18,grounded
-2.2466118335723877,-15.500001907348633,9.45564420491796,10,18,hallucinated
-2.3165459632873535,-22.187572479248047,10.140587783395873,14,19,hallucinated
-2.710369825363159,-16.951509475708008,15.034834750060435,14,20,hallucinated
-3.5166619909432484e-06,-6.9141146923357155e-06,1.0000035166681744,2,21,grounded
-2.2354319095611572,-19.68035125732422,9.350519558971092,9,21,hallucinated
-0.0012094896519556642,-0.003558733267709613,1.0012102213795406,3,22,grounded
-0.7428803443908691,-6.751436233520508,2.101981233293478,16,22,hallucinated
-1.045598030090332,-4.181819915771484,2.8450994700855996,4,23,grounded
-6.431554317474365,-11.982864379882812,621.1386447455321,9,23,hallucinated
-5.2033454267075285e-05,-6.174850568640977e-05,1.0000520348080308,2,24,grounded
-3.5903079509735107,-9.003833770751953,36.24523596371626,7,24,hallucinated
-2.5676345825195312,-24.437501907348633,13.034954835550797,18,25,hallucinated
-1.9891111850738525,-14.294318199157715,7.309034495459446,23,26,hallucinated
-1.82184636592865,-14.695653915405273,6.183264485659459,13,27,hallucinated
-1.0385499000549316,-10.631784439086914,2.8251173401015603,16,28,hallucinated
-0.0006809965707361698,-0.0013610394671559334,1.0006812285015458,2,29,grounded
-1.0259509086608887,-18.453861236572266,2.7897469942614053,22,29,hallucinated
-1.603349664947018e-05,-2.3007127310847864e-05,1.0000160336251867,2,30,grounded
-4.458428382873535,-12.625030517578125,86.35169060110066,6,30,hallucinated
-0.00026380069903098047,-0.0005255748401395977,1.0002638354974953,2,31,grounded
-0.5360007286071777,-2.8255069255828857,1.7091577898094126,6,31,hallucinated
-1.3148117065429688,-6.797613143920898,3.724049705036933,20,32,hallucinated
-0.44549572467803955,-1.8288600444793701,1.5612639611040042,13,33,hallucinated
-0.17633740603923798,-0.7630941867828369,1.1928404623359747,5,34,grounded
-4.892328262329102,-26.250001907348633,133.26348548682873,7,34,hallucinated
-0.00010045009548775852,-0.00032205163734033704,1.0001004551407675,4,35,grounded
-1.0503871440887451,-2.9898641109466553,2.8587576549820106,8,35,hallucinated
-4.172309672867414e-06,-7.867782187531702e-06,1.000004172318377,2,36,grounded
-0.6969570517539978,-6.505281448364258,2.0076342759577686,14,36,hallucinated
-0.01794634945690632,-0.03585192933678627,1.0181083528584567,2,37,grounded
-2.500875234603882,-10.444282531738281,12.193161168453182,8,37,hallucinated
-0.33863890171051025,-7.1993842124938965,1.403036619605926,27,38,hallucinated
-0.8823831081390381,-19.37500762939453,2.416651992567582,44,39,hallucinated
-2.35331654548645,-13.113375663757324,10.520403325352175,18,40,hallucinated
-3.1693577766418457,-13.34968090057373,23.792199542533687,9,41,hallucinated
-2.6908414363861084,-5.381680011749268,14.744076905178606,2,42,grounded
-2.6338107585906982,-21.187549591064453,13.92674035467082,19,42,hallucinated
-1.1563224688870832e-05,-1.597391747054644e-05,1.0000115632915432,2,43,grounded
-1.8840564489364624,-15.05876350402832,6.58014281123273,14,43,hallucinated
-9.567610686644912e-05,-0.00023183519078884274,1.0000956806839711,3,44,grounded
-1.4283759593963623,-8.55577564239502,4.171918322459226,24,44,hallucinated
-0.0001969394797924906,-0.0005490464391186833,1.000196958873645,5,45,grounded
-0.4044632017612457,-1.0486044883728027,1.4984978930904984,5,45,hallucinated
-2.5809316635131836,-5.1612043380737305,13.2094391810768,2,46,grounded
-2.3781208992004395,-11.328640937805176,10.78461842654046,12,46,hallucinated
-7.629365427419543e-06,-8.34461570775602e-06,1.000007629394531,2,47,grounded
-5.687273025512695,-18.074710845947266,295.0878254768183,9,47,hallucinated
-0.4693995416164398,-1.4081335067749023,1.5990337516718416,3,48,grounded
-6.119997024536133,-10.64555835723877,454.86334106807556,6,48,hallucinated
-1.0262399911880493,-8.017049789428711,2.7905535779516537,14,49,hallucinated
-2.0600709915161133,-7.2540693283081055,7.8465268273821716,6,50,hallucinated
-0.0020319486502557993,-0.018253324553370476,1.0020340144568818,9,51,grounded
-0.598076581954956,-9.251215934753418,1.8186174725476423,23,51,hallucinated
-0.04190951958298683,-0.08065701276063919,1.0428001214922316,2,52,grounded
-3.744198799133301,-15.375055313110352,42.275122781517766,8,52,hallucinated
-0.0002965565072372556,-0.000651147507596761,1.0002966004844653,3,53,grounded
-2.510873556137085,-18.25025177001953,12.315683803996633,12,53,hallucinated
-1.432037115097046,-11.757031440734863,4.187220359485881,15,54,hallucinated
-0.5576532483100891,-5.207370758056641,1.7465689235686435,22,55,hallucinated
-1.0410824870632496e-05,-2.658331868587993e-05,1.0000104108790635,3,56,grounded
-2.3696932792663574,-12.899221420288086,10.694111675242706,31,56,hallucinated
-1.1473644008219708e-05,-4.470248313737102e-05,1.0000114737098307,4,57,grounded
-2.5897881984710693,-12.758871078491211,13.326948636154842,8,57,hallucinated
-2.0265517832740443e-06,-7.033323527139146e-06,1.0000020265538367,4,58,grounded
-2.8266396522521973,-18.5000057220459,16.888613749886222,10,58,hallucinated
-1.2764348983764648,-12.350543975830078,3.5838401688613906,31,59,hallucinated
-4.708744654635666e-06,-9.417489309271332e-06,1.0000047087557409,2,60,grounded
-5.7031121253967285,-9.007904052734375,299.7989626123185,5,60,hallucinated
-1.2442469596862793,-9.500406265258789,3.4703205238769477,24,61,hallucinated
-4.302241802215576,-17.23557472229004,73.8651993945528,8,62,hallucinated
-1.5852938890457153,-3.170567035675049,4.8807255595344525,2,63,grounded
-1.5272910594940186,-17.500368118286133,4.605683385670449,31,63,hallucinated
-1.0631577968597412,-3.5203123092651367,2.895499968659206,7,64,hallucinated
-1.3825193643569946,-12.570128440856934,3.984928478319376,21,65,hallucinated
-2.0980396584491245e-05,-4.184158387943171e-05,1.0000209806166747,2,66,grounded
-4.377499103546143,-8.754968643188477,79.63861621526783,2,66,hallucinated
-0.9997459053993225,-8.306397438049316,2.717591215467546,23,67,hallucinated
-0.0010485723614692688,-0.0041328975930809975,1.00104912230567,4,68,grounded
-3.4216222763061523,-10.463891983032227,30.619047306487033,6,68,hallucinated
-0.01357547752559185,-0.027121391147375107,1.0136680427185538,2,69,grounded
-0.5128358006477356,-15.125053405761719,1.6700203310696071,36,69,hallucinated
-9.814756595005747e-06,-2.9205850296420977e-05,1.0000098148047598,3,70,grounded
-2.867290496826172,-17.7508544921875,17.589295324884656,11,70,hallucinated
-1.683471441268921,-10.127716064453125,5.384214550895028,13,71,hallucinated
-0.6065621376037598,-3.9753053188323975,1.8341151123656438,12,72,hallucinated
-8.940691031966708e-07,-1.4305104514278355e-06,1.0000008940695029,2,73,grounded
-4.242422103881836,-17.64000701904297,69.57616862420636,6,73,hallucinated
-0.7338124513626099,-1.5051231384277344,2.08300685117277,4,74,grounded
-1.113903284072876,-13.502823829650879,3.0462255025081406,16,74,hallucinated
-0.00022586877457797527,-0.00034671969478949904,1.0002258942848503,2,75,grounded
-4.040486812591553,-17.223777770996094,56.85401331930943,11,75,hallucinated
-5.7099252444459125e-05,-8.415821503149346e-05,1.0000571008826378,2,76,grounded
-5.052483558654785,-12.473003387451172,156.4104370052447,7,76,hallucinated
-0.02122696489095688,-0.06335524469614029,1.0214538594942486,3,77,grounded
-3.151305675506592,-11.17896842956543,23.366553809074013,14,77,hallucinated
-0.9727140069007874,-9.639528274536133,2.6451135829456365,22,78,hallucinated
-2.980224962811917e-06,-5.364403477869928e-06,1.0000029802294037,2,79,grounded
-2.1555497646331787,-17.8539981842041,8.632634791938802,12,79,hallucinated
-2.8341455459594727,-19.062532424926758,17.015854821154434,17,80,hallucinated
-0.4887326657772064,-0.9765546321868896,1.6302488400547661,2,81,grounded
-4.082544326782227,-15.187795639038086,59.296146857356284,10,81,hallucinated
-0.3058968186378479,-1.2235562801361084,1.3578421953122828,4,82,grounded
-0.6401771903038025,-4.511114597320557,1.8968169471012093,13,82,hallucinated
-0.00023793712898623198,-0.0007102350937202573,1.00023796543827,3,83,grounded
-1.7643245458602905,-19.411134719848633,5.8376279761288385,40,83,hallucinated
-0.0006949185626581311,-0.004073418211191893,1.0006951600745029,7,84,grounded
-1.2417134046554565,-14.000001907348633,3.461539404277075,28,84,hallucinated
-3.0576251447200775e-05,-6.103329360485077e-05,1.0000305767189055,2,85,grounded
-2.424342155456543,-6.027026653289795,11.294796754364283,6,85,hallucinated
-3.5725839138031006,-19.351516723632812,35.60848363432898,6,86,hallucinated
-1.0377306938171387,-8.53117561340332,2.822803934061758,16,87,hallucinated
-0.8222259879112244,-2.46665096282959,2.2755595720879094,3,88,grounded
-2.0037686824798584,-13.338141441345215,7.416955644436198,14,88,hallucinated
-4.471979141235352,-16.38921356201172,87.52978550721048,6,89,hallucinated
-3.236445627408102e-05,-5.8530047681415454e-05,1.0000323649800087,2,90,grounded
-2.118680477142334,-6.654029369354248,8.32015161099403,10,90,hallucinated
-0.00019774865359067917,-0.00019929806876461953,1.0001977682071446,2,91,grounded
-1.3233941793441772,-8.509223937988281,3.756148808148813,9,91,hallucinated
-4.793755215359852e-05,-0.00022849810193292797,1.0000479387011765,6,92,grounded
-1.8175709247589111,-14.096270561218262,6.156884734834265,23,92,hallucinated
-2.145762891814229e-06,-5.245195097813848e-06,1.000002145765194,5,93,grounded
-2.594235897064209,-12.663658142089844,13.38635489950036,21,93,hallucinated
-0.0001618667010916397,-0.00025614796322770417,1.000161879802213,3,94,grounded
-5.87345027923584,-18.37533950805664,355.47334916136873,9,94,hallucinated
-9.579640754964203e-05,-0.00020489977032411844,1.000095800996172,3,95,grounded
-2.127912759780884,-14.493617057800293,8.39732128023185,9,95,hallucinated
-2.349453926086426,-7.01278829574585,10.479845391728647,3,96,grounded
-1.5374025106430054,-2.847191333770752,4.652489769669645,5,96,hallucinated
-0.001922305440530181,-0.007666214369237423,1.0019241542541053,4,97,grounded
-1.935743808746338,-21.077497482299805,6.929196135750384,15,97,hallucinated
-2.8219573497772217,-6.7595930099487305,16.809720995931496,10,98,hallucinated
-0.00036372296744957566,-0.0004593271005433053,1.0003637891226687,4,99,grounded
-1.7801669836044312,-5.7424139976501465,5.9308466900669305,10,99,hallucinated
-0.37103796005249023,-3.483193874359131,1.449238085496303,16,100,hallucinated
-0.08269207179546356,-0.576197624206543,1.0862072831875182,7,101,grounded
-1.5459873676300049,-14.250035285949707,4.692602664348859,19,101,hallucinated
-3.177821636199951,-14.386306762695312,23.99442798736753,9,102,hallucinated
-2.374445915222168,-19.906620025634766,10.745057863352875,12,103,hallucinated
-3.5017453683394706e-06,-1.9788545614574105e-05,1.0000035017514994,8,104,grounded
-1.4611997604370117,-14.125000953674316,4.31112874852356,26,104,hallucinated
-0.04275083169341087,-0.25635549426078796,1.0436778110168383,6,105,grounded
-1.593343734741211,-21.43818473815918,4.92017320789482,23,105,hallucinated
-9.258463251171634e-06,-2.7417760065873154e-05,1.0000092585061109,3,106,grounded
-2.578075885772705,-16.163894653320312,13.171769772030164,15,106,hallucinated
-0.0013234938960522413,-0.0060030873864889145,1.0013243701006065,8,107,grounded
-1.0686900615692139,-10.378954887390137,2.9115630325440662,27,107,hallucinated
-1.1141730546951294,-12.129793167114258,3.047047395513786,38,108,hallucinated
-0.3150339722633362,-2.1270201206207275,1.3703058625578743,22,109,hallucinated
-1.147419810295105,-10.131553649902344,3.150054676465845,15,110,hallucinated
-0.9252104163169861,-3.700265645980835,2.5223989584212245,4,111,grounded
-2.39795184135437,-8.668509483337402,11.000622271716336,10,111,hallucinated
-0.8603729605674744,-6.023964881896973,2.364042223836923,20,112,hallucinated
-0.0008318097679875791,-0.0024801704566925764,1.0008321558176752,3,113,grounded
-2.1027002334594727,-16.07132911682129,8.188250275452495,10,113,hallucinated
-1.3807220458984375,-19.68756866455078,3.97777272531904,16,114,hallucinated
-0.00014329308760352433,-0.0008197046699933708,1.0001433033545484,6,115,grounded
-7.074155807495117,-17.713003158569336,1181.0460496204098,6,115,hallucinated
-3.1086513996124268,-15.203951835632324,22.390827751249955,13,116,hallucinated
-1.159702181816101,-17.812541961669922,3.188983397433726,18,117,hallucinated
-0.0003881736774928868,-0.0007759897271171212,1.000388249026644,2,118,grounded
-5.977351665496826,-22.531251907348633,394.3944953062508,6,118,hallucinated
-1.645072734390851e-05,-2.253030106658116e-05,1.000016450862658,2,119,grounded
-1.0025546550750732,-12.500006675720215,2.7252349785962338,21,119,hallucinated
-1.3411681652069092,-8.807692527770996,3.823507385880308,12,120,hallucinated
-1.120360255241394,-7.39046049118042,3.0659585319920044,11,121,hallucinated
-2.9007533157709986e-06,-5.245195097813848e-06,1.0000029007575229,3,122,grounded
-4.59088134765625,-20.1250057220459,98.5812762623051,12,122,hallucinated
-2.5788041966734454e-05,-7.343022298300639e-05,1.0000257883744812,3,123,grounded
-2.183119058609009,-19.375,8.873941481951375,13,123,hallucinated
-0.0010027968091890216,-0.0038946031127125025,1.0010032997780205,4,124,grounded
-1.5027427673339844,-10.631739616394043,4.493998173507757,22,124,hallucinated
-0.0004647719324566424,-0.0045533073134720325,1.000464879955666,10,125,grounded
-2.029232978820801,-6.549116611480713,7.608248432475312,7,125,hallucinated
-0.47765645384788513,-1.9106208086013794,1.6122914916901567,4,126,grounded
-1.3982512950897217,-7.712863445281982,4.048114815475501,8,126,hallucinated
-0.8541755080223083,-4.264672756195068,2.3494364902588574,5,127,grounded
-3.6475727558135986,-13.226234436035156,38.381391884921,14,127,hallucinated
-2.5548393726348877,-14.039556503295898,12.869232340610866,7,128,hallucinated
-1.1753273010253906,-2.350611448287964,3.2392029648073524,2,129,grounded
-5.1939191818237305,-17.649581909179688,180.17330294205024,7,129,hallucinated
-4.651226043701172,-21.503751754760742,104.71328997724689,8,130,hallucinated
-0.04514074698090553,-0.1800891011953354,1.0461750955331839,4,131,grounded
-1.4087419509887695,-9.643798828125,4.090805731374556,12,131,hallucinated
-0.0005163871101103723,-0.0013260389678180218,1.0005165204608866,5,132,grounded
-4.255740642547607,-20.75,70.50901983437532,12,132,hallucinated
-0.0019330017967149615,-0.0037984142545610666,1.0019348712490455,2,133,grounded
-1.597306251525879,-24.937700271606445,4.939708155031814,21,133,hallucinated
-0.728405773639679,-4.018166542053223,2.0717750950373635,11,134,hallucinated
-0.0008125182939693332,-0.003177833277732134,1.0008128484763787,4,135,grounded
-1.639539122581482,-12.523066520690918,5.152794158433369,12,135,hallucinated
-0.0005267279921099544,-0.0024278471246361732,1.0005268667376581,8,136,grounded
-0.6777809858322144,-11.75057315826416,1.9695025256950978,31,136,hallucinated
-1.5849446058273315,-11.022627830505371,4.87902110168956,12,137,hallucinated
-2.463653572704061e-06,-5.006777428206988e-06,1.0000024636566076,3,138,grounded
-0.6918995380401611,-4.661173343658447,1.9975062709251257,23,138,hallucinated
-5.357164627639577e-05,-0.0002790300059132278,1.0000535730812627,9,139,grounded
-1.0017496347427368,-9.79788589477539,2.7230419918459625,34,139,hallucinated
-0.06326010078191757,-0.3145342469215393,1.0653038895738962,5,140,grounded
-5.02385950088501,-16.688175201416016,151.99680499946697,6,140,hallucinated
-1.1622733836702537e-05,-3.6000557884108275e-05,1.000011622801381,4,141,grounded
-1.4034311771392822,-8.033652305603027,4.069137974478393,15,141,hallucinated
-3.469181537628174,-14.18259048461914,32.11045049126407,9,142,hallucinated
-2.2915172576904297,-15.695582389831543,9.889931878466559,13,143,hallucinated
-2.4377772206207737e-05,-4.589452510117553e-05,1.0000243780693465,2,144,grounded
-4.361217021942139,-14.614822387695312,78.35243305130427,6,144,hallucinated
-2.7655874873744324e-05,-5.209310256759636e-05,1.000027656257301,2,145,grounded
-1.0927019119262695,-18.375009536743164,2.9823211655244055,37,145,hallucinated
-3.8146822589624207e-06,-9.298280929215252e-06,1.000003814689535,3,146,grounded
-1.0484036207199097,-17.173784255981445,2.8530928623490803,32,146,hallucinated
-1.2516819879238028e-05,-2.4914430468925275e-05,1.000012516898215,2,147,grounded
-4.4521589279174805,-14.876397132873535,85.81200609807736,6,147,hallucinated
-0.6573782563209534,-1.31475031375885,1.9297264484579852,2,148,grounded
-2.0852766036987305,-8.790764808654785,8.046816953228943,10,148,hallucinated
-2.465813636779785,-10.827081680297852,11.77305724851469,5,149,grounded
-2.216015338897705,-19.37515640258789,9.170715770544493,14,149,hallucinated
-0.00021147463121451437,-0.0009891861118376255,1.0002114969935507,5,150,grounded
-1.9603506326675415,-7.20468807220459,7.101816757601482,11,150,hallucinated
-1.186118879559217e-05,-2.3245540432981215e-05,1.0000118612591398,2,151,grounded
-3.624873399734497,-13.875004768371582,37.51997282038952,15,151,hallucinated
-4.392314434051514,-14.875242233276367,80.8272720582485,9,152,hallucinated
-0.00048192738904617727,-0.0031632171012461185,1.0004820435347075,7,153,grounded
-1.9830513000488281,-12.125015258789062,7.26487651803753,15,153,hallucinated
-6.7650889832293615e-06,-1.3947389561508317e-05,1.0000067651118665,4,154,grounded
-1.7068896293640137,-15.375024795532227,5.511791075197046,26,154,hallucinated
-6.884294634801336e-06,-1.537788011773955e-05,1.0000068843183316,4,155,grounded
-4.156101226806641,-22.500003814697266,63.822208590361555,10,155,hallucinated
-2.345592737197876,-10.540842056274414,10.439458749551678,15,156,hallucinated
-9.249746653949842e-05,-0.00022849810193292797,1.000092501744562,3,157,grounded
-0.553409218788147,-4.388453960418701,1.7391721406798215,8,157,hallucinated
0.0,0.0,1.0,2,158,grounded
-3.9042067527770996,-15.562862396240234,49.61071074097728,12,158,hallucinated
-2.125669002532959,-6.376704692840576,8.37850085187831,3,159,grounded
-2.4160256385803223,-17.25209617614746,11.201252905201718,14,159,hallucinated
-1.6138767004013062,-8.676180839538574,5.0222432698941235,11,160,hallucinated
-0.16186565160751343,-0.4855906367301941,1.1757022769991532,3,161,grounded
-2.1329922676086426,-18.62819480895996,8.440084054385105,20,161,hallucinated
-4.891003482043743e-05,-0.0002559096028562635,1.0000489112309356,6,162,grounded
-1.21039879322052,-12.625011444091797,3.354822266191477,19,162,hallucinated
-1.0745642185211182,-14.507387161254883,2.9287163420648645,28,163,hallucinated
-2.3662829399108887,-14.659832954406738,10.657703243166328,9,164,hallucinated
-1.629191501706373e-06,-4.172316494077677e-06,1.0000016291928289,9,165,grounded
-2.0585403442382812,-15.494403839111328,7.834525749505086,13,165,hallucinated
-7.390898645098787e-06,-2.1576648578047752e-05,1.000007390925958,3,166,grounded
-4.187772750854492,-23.1875,65.87590539175845,11,166,hallucinated
-1.5466324090957642,-6.14853048324585,4.6956305641051586,4,167,grounded
-1.6758993864059448,-12.646623611450195,5.343598948766633,15,167,hallucinated
-2.4437858883175068e-06,-4.291525328881107e-06,1.0000024437888744,2,168,grounded
-1.227718710899353,-21.500024795532227,3.4134336183900027,22,168,hallucinated
-0.11885317414999008,-0.47520458698272705,1.1262045502081262,4,169,grounded
-2.2681705951690674,-12.37501049041748,9.661709458722518,9,169,hallucinated
-0.001198236714117229,-0.008144973777234554,1.001198954886547,7,170,grounded
-2.331080675125122,-6.0241217613220215,10.289054652550027,5,170,hallucinated
-3.160852793371305e-05,-0.00014411364099942148,1.0000316090274886,6,171,grounded
-3.0661020278930664,-18.384571075439453,21.45809638265397,16,171,hallucinated
-0.984013020992279,-4.906444549560547,2.675170244140693,5,172,grounded
-1.8613201379776,-16.875,6.432222590292682,19,172,hallucinated
-2.8266806602478027,-10.500194549560547,16.88930633228527,12,173,hallucinated
-2.398648262023926,-9.327016830444336,11.008286000724233,15,174,hallucinated
-2.6115455627441406,-8.699455261230469,13.620085289017227,9,175,hallucinated
-4.285974502563477,-13.708171844482422,72.67333257254337,6,176,hallucinated
-0.14177310466766357,-0.9912664294242859,1.152315163941231,7,177,grounded
-4.76300573348999,-28.280906677246094,117.09736093372649,13,177,hallucinated
-0.09658559411764145,-0.1931699961423874,1.1014038508000488,2,178,grounded
-1.3599680662155151,-9.655203819274902,3.8960688835845865,13,178,hallucinated
-0.00011133242514915764,-0.00018690270371735096,1.0001113386228335,2,179,grounded
-0.5961875319480896,-20.724748611450195,1.8151852560336115,40,179,hallucinated
-4.768354756379267e-06,-8.106198947643861e-06,1.000004768366125,2,180,grounded
-0.7339969873428345,-17.223756790161133,2.0833912763529137,29,180,hallucinated
-0.0002806313568726182,-0.0005834784242324531,1.0002806707375356,3,181,grounded
-0.8108372092247009,-3.6692845821380615,2.2497907440001237,10,181,hallucinated
-0.8117725253105164,-18.62691879272461,2.2518959938562575,25,182,hallucinated
-0.00030665117083117366,-0.001141968765296042,1.000306698193108,4,183,grounded
-2.359677314758301,-23.500654220581055,10.587534460040684,15,183,hallucinated
-4.905214786529541,-17.121015548706055,134.99190133522967,7,184,hallucinated
-1.9406911134719849,-9.874258041381836,6.963561919445543,14,185,hallucinated
-1.8841907978057861,-18.755237579345703,6.581026905366602,20,186,hallucinated
-2.139761454600375e-05,-4.255681051290594e-05,1.0000213978434767,2,187,grounded
-3.2105484008789062,-17.398950576782227,24.79267882400783,12,187,hallucinated
-8.94068989509833e-07,-1.6689286894688848e-06,1.0000008940693892,2,188,grounded
-6.724919319152832,-24.81305503845215,832.9047743726732,6,188,hallucinated
-2.121055841445923,-14.107718467712402,8.339938493354534,25,189,hallucinated
-0.0001920445210998878,-0.0006287504802457988,1.0001920629628294,5,190,grounded
-2.4441182613372803,-33.313453674316406,11.520387148426277,24,190,hallucinated
-0.1876443326473236,-1.3132623434066772,1.206404360390808,7,191,grounded
-1.6188186407089233,-10.75004768371582,5.047124326052755,11,191,hallucinated
-0.43772006034851074,-5.5045695304870605,1.549171172274445,23,192,hallucinated
-1.214024305343628,-4.778634071350098,3.367007290117405,8,193,hallucinated
-0.000191697952686809,-0.0003815161471720785,1.0001917163279135,3,194,grounded
-2.039088010787964,-16.00584602355957,7.6835986435169685,22,194,hallucinated
-0.003152425168082118,-0.014165917411446571,1.0031573992857734,5,196,grounded
-1.5498605966567993,-18.000001907348633,4.710813433673459,28,196,hallucinated
-1.8357415199279785,-5.506985664367676,6.26978159012949,3,197,grounded
-1.6455217599868774,-6.512857437133789,5.183713855954424,4,197,hallucinated
-0.0011557522229850292,-0.0033639054745435715,1.0011564203619618,3,198,grounded
-2.0191078186035156,-15.058691024780273,7.531602379710163,11,198,hallucinated
-3.341754199936986e-05,-6.425174069590867e-05,1.0000334181003716,3,199,grounded
-2.938232898712158,-10.703227996826172,18.882449612242347,5,199,hallucinated
-0.004851287230849266,-0.014452655799686909,1.004863073777013,3,200,grounded
-2.138437271118164,-21.35686683654785,8.486165685149972,13,200,hallucinated
-1.3138861656188965,-10.626775741577148,3.7206045391985634,32,201,hallucinated
-9.63644270086661e-05,-0.00036006642039865255,1.0000963690702092,4,202,grounded
-0.6198795437812805,-10.178932189941406,1.8587041358892529,19,202,hallucinated
-9.547830268274993e-05,-0.0001823735801735893,1.000095482860881,2,203,grounded
-2.707885265350342,-9.167108535766602,14.997526167739275,6,203,hallucinated
-0.9690439105033875,-9.15720272064209,2.6354235536616755,19,204,hallucinated
-0.20077955722808838,-1.8067376613616943,1.2223552827341708,9,205,grounded
-0.8834741711616516,-2.0889995098114014,2.4192901511321168,7,205,hallucinated
-1.2172874212265015,-12.488414764404297,3.378012170418461,13,206,hallucinated
-0.5802783370018005,-3.7760207653045654,1.7865356205219343,8,207,hallucinated
-0.5815914869308472,-10.889904022216797,1.7888831506374314,35,208,hallucinated
-3.993499376520049e-06,-8.106198947643861e-06,1.0000039935073506,4,209,grounded
-1.2622355222702026,-12.625004768371582,3.5333114614327235,17,209,hallucinated
-4.148350238800049,-19.694110870361328,63.329435622762176,11,210,hallucinated
-3.366548776626587,-18.125032424926758,28.978343542835002,23,211,hallucinated
-1.39947509765625,-18.93947982788086,4.053071941429327,25,212,hallucinated
-0.001802316983230412,-0.0035569514147937298,1.0018039421326825,2,213,grounded
-1.4892929792404175,-10.517576217651367,4.433959509102165,15,213,hallucinated
-0.0006663600797764957,-0.0013218722306191921,1.0006665821469773,2,214,grounded
-0.6381235122680664,-13.094195365905762,1.8929254930636916,31,214,hallucinated
-0.009085950441658497,-0.06341342628002167,1.0091273529882003,7,215,grounded
-3.3618266582489014,-10.65925407409668,28.84182695166357,11,215,hallucinated
-1.084782797988737e-05,-4.172238186583854e-05,1.0000108478868177,4,216,grounded
-2.5246663093566895,-17.25,12.486727864080555,12,216,hallucinated
-0.05546170473098755,-0.10075244307518005,1.05702853710515,4,217,grounded
-1.614282250404358,-10.000129699707031,5.024280453729589,11,217,hallucinated
-1.8351991176605225,-10.877523422241211,6.266381768497383,11,218,hallucinated
-0.005245676264166832,-0.0157222468405962,1.0052594589131338,3,219,grounded
-3.5097172260284424,-18.508575439453125,33.43881082157634,10,219,hallucinated
-7.783458568155766e-05,-0.00023338454775512218,1.0000778376148716,3,220,grounded
-1.0549225807189941,-3.5800228118896484,2.8717528162565857,15,220,hallucinated
-3.97364090076735e-07,-1.1920922133867862e-06,1.0000003973641691,3,221,grounded
-3.8529064655303955,-20.16282844543457,47.129845630403665,14,221,hallucinated
-3.706230640411377,-22.000808715820312,40.7001037022192,12,222,hallucinated
-3.051700332434848e-05,-4.51792984677013e-05,1.0000305174689728,2,223,grounded
-1.513343334197998,-9.873531341552734,4.541890496037503,23,223,hallucinated
-0.0004704774764832109,-0.0009388091857545078,1.0004705881683698,2,224,grounded
-0.613675594329834,-4.14872932434082,1.8472085253495307,8,224,hallucinated
-2.2172662283992395e-05,-2.8490614567999728e-05,1.0000221729080994,2,225,grounded
-0.18568140268325806,-0.9004465341567993,1.2040385957977473,8,225,hallucinated
-0.00011978808470303193,-0.00031192204914987087,1.0001197952595822,5,226,grounded
-1.1592963933944702,-9.501407623291016,3.1876896074145327,12,226,hallucinated
-5.7473649978637695,-11.62588882446289,313.3638570172379,3,227,hallucinated
-4.549609366222285e-05,-0.00010954733443213627,1.0000454971286252,3,228,grounded
-2.118992328643799,-16.50066566467285,8.322746667381418,32,228,hallucinated
-3.516669511795044,-17.950998306274414,33.67209698650282,10,229,hallucinated
-1.3624012470245361,-9.143796920776367,3.9055602660648927,14,230,hallucinated
-0.28799208998680115,-1.7097265720367432,1.33374675412723,6,231,grounded
-3.3907132148742676,-16.2783145904541,29.6871180157524,13,231,hallucinated
-0.00043909839587286115,-0.0006912940880283713,1.0004391948136853,2,232,grounded
-2.576124429702759,-5.151498317718506,13.146090705890556,2,232,hallucinated
-0.005415629595518112,-0.026655463501811028,1.0054303206258959,5,233,grounded
-4.7564239501953125,-12.26302719116211,116.32918224562519,6,233,hallucinated
-2.6656904220581055,-13.000574111938477,14.377872920557206,14,234,hallucinated
-3.0935144424438477,-25.2862606048584,22.054451033333788,18,235,hallucinated
-0.9666266441345215,-16.250205993652344,2.6290607263601755,26,236,hallucinated
-0.0008812618907541037,-0.002642712788656354,1.0008816503161073,3,237,grounded
-2.8992693424224854,-17.063920974731445,18.16087114246184,15,237,hallucinated
-2.4467324692523107e-05,-4.649054244509898e-05,1.00002446762402,4,238,grounded
-1.1084798574447632,-15.250110626220703,3.02974924128496,23,238,hallucinated
-4.001955986022949,-24.008609771728516,54.70504776263884,6,239,grounded
-1.0360748767852783,-10.971362113952637,2.818133754778367,30,239,hallucinated
-8.419233927270398e-05,-0.00023362292267847806,1.0000841958835471,3,240,grounded
-0.6780906915664673,-2.9779458045959473,1.9701125863857019,6,240,hallucinated
-1.2071837186813354,-14.125255584716797,3.344053582875786,17,241,hallucinated
-0.1862272471189499,-0.558619499206543,1.2046959929675929,3,242,grounded
-2.69358229637146,-8.12559700012207,14.784543787284582,9,242,hallucinated
-0.00017072164337150753,-0.00038115866482257843,1.0001707362171406,3,243,grounded
-5.471231937408447,-15.75001335144043,237.75290912274374,5,243,hallucinated
-0.00012811935448553413,-0.0004948345012962818,1.0001281275621206,4,244,grounded
-3.1691925525665283,-17.63850212097168,23.78826882309819,11,244,hallucinated
-1.3709054655919317e-06,-2.3841830625315197e-06,1.0000013709064053,2,245,grounded
-3.495191812515259,-11.151774406433105,32.95660883680831,13,245,hallucinated
-6.643850803375244,-14.253111839294434,768.0469033669604,5,246,hallucinated
-0.1724357306957245,-0.8832815885543823,1.1881954536658388,13,247,hallucinated
-2.202477216720581,-12.000414848327637,9.047398128119491,18,248,hallucinated
-0.00017110150656662881,-0.0006518622976727784,1.0001711161452642,4,249,grounded
-2.153965711593628,-15.125273704528809,8.618971065448152,23,249,hallucinated
-1.9699065887834877e-05,-3.7431014789035544e-05,1.0000196992599157,4,251,grounded
-3.0955090522766113,-24.53127670288086,22.098484958872543,13,251,hallucinated
-4.178899765014648,-11.625855445861816,65.2939749641899,8,252,hallucinated
-3.6309456825256348,-14.000900268554688,37.74849783774329,10,253,hallucinated
-1.3589840364147676e-06,-4.0531076592742465e-06,1.00000135898496,5,254,grounded
-2.3588368892669678,-8.62528133392334,10.578640164210087,9,254,hallucinated
-7.748558346065693e-06,-1.3351351299206726e-05,1.0000077485883663,2,255,grounded
-1.2275837659835815,-4.25493049621582,3.412973023956015,8,255,hallucinated
-3.264479398727417,-15.753608703613281,26.166485138850454,6,256,hallucinated
-0.7515336871147156,-5.255300045013428,2.1202493233330135,7,257,grounded
-1.5429751873016357,-16.555381774902344,4.678488966087988,14,257,hallucinated
-0.05015959590673447,-0.10027031600475311,1.0514388883289723,2,258,grounded
-1.3216644525527954,-12.125969886779785,3.7496573127981745,13,258,hallucinated
-2.1485509872436523,-18.47991180419922,8.572427836044744,16,259,hallucinated
-3.6954745610273676e-06,-9.775113539944869e-06,1.0000036954813893,4,260,grounded
-2.553877830505371,-10.625253677368164,12.856863978844231,7,260,hallucinated
-9.007290645968169e-05,-0.00023767507809679955,1.0000900769631458,3,261,grounded
-2.199101209640503,-10.377622604370117,9.01690554852637,5,261,hallucinated
-1.1587809324264526,-13.400906562805176,3.186046901255581,21,262,hallucinated
-2.0659337043762207,-13.41202163696289,7.892663873096358,11,263,hallucinated
-0.0007805699715390801,-0.0008878341759555042,1.0007808746955602,2,264,grounded
-1.3486225605010986,-13.145156860351562,3.852115818150344,33,264,hallucinated
-0.15714219212532043,-0.7741936445236206,1.1701619898922673,5,265,grounded
-1.2218577861785889,-6.81615686416626,3.3934862530167385,12,265,hallucinated
-0.3431273400783539,-3.7735588550567627,1.4093482170126783,11,266,grounded
-1.3940805196762085,-22.250001907348633,4.031266198055666,23,266,hallucinated
-0.20538507401943207,-0.53844153881073,1.2279978439955157,5,267,hallucinated
-1.7246291637420654,-9.5011568069458,5.610440089264855,11,268,hallucinated
-7.289862696779892e-05,-0.00030989613151177764,1.0000729012841372,5,269,grounded
-3.734630823135376,-12.819730758666992,41.87256432730093,7,269,hallucinated
-2.8967740535736084,-9.628040313720703,18.115611015243754,7,270,hallucinated
-3.5042898654937744,-13.160266876220703,33.25781794048766,8,271,hallucinated
-2.6795904636383057,-8.67562198638916,14.579121392776624,8,272,hallucinated
-1.1801635082520079e-05,-1.7404405298293568e-05,1.0000118017047221,4,273,grounded
-3.8115077018737793,-14.500033378601074,45.218563610596824,8,273,hallucinated
-1.5138020515441895,-10.638628005981445,4.543974417921554,16,274,hallucinated
-2.7655025405692868e-05,-0.00011062010162277147,1.0000276554078094,4,275,grounded
-1.7107244729995728,-15.5,5.532968512249156,10,275,hallucinated
-1.5934116163407452e-05,-2.658331868587993e-05,1.000015934243112,3,276,grounded
-5.639162540435791,-27.750024795532227,281.22710350250145,9,276,hallucinated
-4.426389205036685e-05,-0.00012206286191940308,1.000044264871711,3,277,grounded
-1.5913289785385132,-8.905549049377441,4.910270237790966,11,277,hallucinated
-2.209808826446533,-13.54454231262207,9.113973875711975,12,278,hallucinated
-2.72230863571167,-10.885148048400879,15.215408564184454,4,279,grounded
-3.420308828353882,-19.348140716552734,30.57885718109862,12,279,hallucinated
-3.182737054885365e-05,-9.524368942948058e-05,1.000031827877045,3,280,grounded
-5.841254711151123,-14.784083366394043,344.210955156358,5,280,hallucinated
-0.001514944015070796,-0.013220744207501411,1.0015160921224548,9,281,grounded
-0.42197659611701965,-1.558502435684204,1.5249728339798758,7,281,hallucinated
-4.021561145782471,-25.750125885009766,55.788131285275114,13,282,hallucinated
-5.655967106577009e-05,-0.00020180096908006817,1.000056561270594,4,283,grounded
-2.25506854057312,-6.4680938720703125,9.535946887013116,14,283,hallucinated
-0.8768569827079773,-2.630533218383789,2.4033341025905375,3,284,grounded
-3.5468363761901855,-13.625017166137695,34.703355278743864,8,284,hallucinated
-3.576278118089249e-07,-3.576278118089249e-07,1.0000003576278758,2,285,grounded
-4.906521320343018,-30.375,135.16838808671818,10,285,hallucinated
-0.0017675990238785744,-0.005229247268289328,1.0017691621478897,3,286,grounded
-5.187017440795898,-17.00006103515625,178.93407479998578,10,286,hallucinated
-4.705890655517578,-17.50142478942871,110.59674469499328,6,287,hallucinated
-0.00017288464005105197,-0.00033718624035827816,1.0001728995854617,2,288,grounded
-3.913163185119629,-16.625064849853516,50.057041497172925,17,288,hallucinated
-0.15820449590682983,-0.47455984354019165,1.1714057178906252,3,289,grounded
-2.7526636123657227,-18.812545776367188,15.684353332122445,13,289,hallucinated
-2.1881229877471924,-15.353265762329102,8.918457340517193,16,290,hallucinated
-0.17425623536109924,-0.3485010266304016,1.1903605392088132,2,291,grounded
-3.8604605197906494,-23.750019073486328,47.48721513649146,23,291,hallucinated
-0.00012464381870813668,-0.00037424711626954377,1.0001246515870716,4,292,grounded
-3.524268388748169,-14.551291465759277,33.928941738176086,13,292,hallucinated
-0.0036071918439120054,-0.014163918793201447,1.0036137055901673,4,293,grounded
-1.303385853767395,-18.0,3.6817414257416834,21,293,hallucinated
-0.19519641995429993,-1.2973930835723877,1.2155497212635265,15,294,hallucinated
-0.0027445179875940084,-0.005423830822110176,1.0027482876249096,2,295,grounded
-1.2411067485809326,-6.308644771575928,3.4594400772194076,22,295,hallucinated
-2.9360783100128174,-20.55072784423828,18.8418094967805,15,296,hallucinated
-3.810558557510376,-14.333237648010254,45.175665027519315,7,297,hallucinated
-0.0018550645327195525,-0.008746527135372162,1.0018567862293848,5,298,grounded
-1.5810973644256592,-18.252395629882812,4.860286391292365,21,298,hallucinated
-0.00027212974964641035,-0.0010788579238578677,1.0002721667803056,5,299,grounded
-0.3629326820373535,-4.126972675323486,1.4375390837815378,31,299,hallucinated
-0.07794457674026489,-0.23381976783275604,1.081062740988598,3,300,grounded
-2.8948006629943848,-10.32232666015625,18.079897089481687,7,300,hallucinated
-0.00017102625861298293,-0.00048375347978435457,1.0001710408844373,3,301,grounded
-1.9089326858520508,-15.00029468536377,6.745884976368772,13,301,hallucinated
-0.0007479567429982126,-0.0022395786363631487,1.0007482365323954,3,302,grounded
-3.888078451156616,-26.095306396484375,48.81699210654862,15,302,hallucinated
-2.8238368034362793,-13.000682830810547,16.841343795049237,19,303,hallucinated
-1.0920919179916382,-2.1841604709625244,2.9805025224393304,2,304,grounded
-1.8263881206512451,-12.140864372253418,6.211411225749982,12,304,hallucinated
-0.0020580762065947056,-0.0054956781677901745,1.0020601954990698,3,305,grounded
-1.9004857540130615,-10.655217170715332,6.689142931254915,24,305,hallucinated
-2.0628762245178223,-6.932841777801514,7.868569065739568,9,306,hallucinated
-1.7761961221694946,-8.514912605285645,5.907342815866215,20,307,hallucinated
-2.621485710144043,-9.482766151428223,13.756146056123642,8,308,hallucinated
-5.8412224461790174e-06,-1.1444026313256472e-05,1.000005841239506,2,309,grounded
-1.4375964403152466,-12.308534622192383,4.210563304616387,38,309,hallucinated
-0.3668052852153778,-1.1003597974777222,1.4431168955608416,3,310,grounded
-2.225015163421631,-13.500317573547363,9.253623119432032,11,310,hallucinated
-2.205367081842269e-06,-4.410734163684538e-06,1.0000022053695137,2,311,grounded
-2.521862030029297,-9.831232070922852,12.451760643107125,11,311,hallucinated
-1.726393461227417,-17.509889602661133,5.620347311679969,15,312,hallucinated
-1.0178636312484741,-15.140185356140137,2.7672765213538977,45,313,hallucinated
-7.259254925884306e-05,-0.00019798702851403505,1.0000725951841618,4,314,grounded
-1.7547996044158936,-6.616318225860596,5.782288880687594,11,314,hallucinated
-0.000536621839273721,-0.0031212682370096445,1.000536765846531,6,315,grounded
-3.3980650901794434,-18.253345489501953,29.906178270729406,11,315,hallucinated
-0.0005990845384076238,-0.0012559153838083148,1.0005992640253905,4,316,grounded
-3.342508316040039,-11.12878704071045,28.28999804025454,11,316,hallucinated
-1.417218804359436,-8.001716613769531,4.1256302845104145,8,317,hallucinated
-7.82801362220198e-06,-1.9073304429184645e-05,1.0000078280442612,3,318,grounded
-7.1173248291015625,-13.875020027160645,1233.147137659085,6,318,hallucinated
-2.9802247354382416e-06,-5.483612312673358e-06,1.0000029802291763,2,319,grounded
-0.8547864556312561,-7.195891857147217,2.3508723114260492,28,319,hallucinated
-6.6160750975541305e-06,-1.2755313036905136e-05,1.0000066160969838,2,320,grounded
-6.655370235443115,-20.375064849853516,776.9455226134997,6,320,hallucinated
-2.2291809727903455e-05,-3.480850500636734e-05,1.000022292058192,2,321,grounded
-1.2061095237731934,-13.66220474243164,3.340463346196716,22,321,hallucinated
-3.947129726409912,-11.062546730041504,51.78651185247097,6,322,hallucinated
-4.828698635101318,-7.925971508026123,125.04812148520995,7,323,hallucinated
-7.073026608850341e-06,-1.847726889536716e-05,1.0000070730516228,3,324,grounded
-2.252562999725342,-9.149354934692383,9.512084089655913,9,324,hallucinated
-4.1283838072558865e-05,-0.00011777184408856556,1.000041284690262,3,325,grounded
-1.7239930629730225,-6.841300964355469,5.6068724188286545,9,325,hallucinated
-4.410724159242818e-06,-8.821448318485636e-06,1.0000044107338866,2,326,grounded
-0.02900858223438263,-0.10726429522037506,1.0294334292761909,5,326,hallucinated
-0.006266012787818909,-0.018767639994621277,1.0062856853139164,3,327,grounded
-1.068173885345459,-9.727103233337402,2.910060540741336,29,327,hallucinated
-0.00023836211767047644,-0.0004751745145767927,1.0002383905281773,2,328,grounded
-3.1402339935302734,-18.51144790649414,23.109273646643448,8,328,hallucinated
-0.5906795263290405,-2.9419984817504883,1.8052146896190273,5,329,grounded
-6.253780364990234,-11.88520622253418,519.9748083859047,5,329,hallucinated
-2.9404079914093018,-11.524008750915527,18.92356538960166,11,330,hallucinated
-0.006001501809805632,-0.023253483697772026,1.0060195469029505,4,331,grounded
-4.001817226409912,-17.03783416748047,54.697457438007554,10,331,hallucinated
-0.0003012783417943865,-0.002684206236153841,1.0003013237306722,9,332,grounded
-1.3966165781021118,-20.312515258789062,4.0415026993605805,22,332,hallucinated
-2.3007545471191406,-15.945027351379395,9.981711285523339,8,333,hallucinated
-2.8224711418151855,-17.125093460083008,16.81835991585369,19,334,hallucinated
-1.589456815054291e-07,-4.768370445162873e-07,1.0000001589456942,3,335,grounded
-5.6990814208984375,-25.87751579284668,298.5929936700929,11,335,hallucinated
-2.6014320850372314,-15.141357421875,13.483033065551462,6,336,hallucinated
-0.03227744996547699,-0.09680158644914627,1.032804016995811,3,337,grounded
-2.9411444664001465,-21.187681198120117,18.937507255536342,8,337,hallucinated
-2.3229687213897705,-13.251724243164062,10.205927933116435,12,338,hallucinated
-8.344642878910236e-07,-2.50339189733495e-06,1.000000834464636,5,339,grounded
-0.5224292278289795,-9.877937316894531,1.6861186450427195,30,339,hallucinated
-1.3796961307525635,-9.875189781188965,3.973693960624271,16,340,hallucinated
-6.642026424407959,-18.61226463317871,766.6469721414004,5,341,hallucinated
-2.484445095062256,-17.563268661499023,11.994462621291026,8,342,hallucinated
-0.07909974455833435,-0.31426405906677246,1.0823122714460391,4,343,grounded
-1.162121057510376,-12.125009536743164,3.1967064886964702,21,343,hallucinated
-2.5331590222776867e-05,-3.659658250398934e-05,1.0000253319110701,2,344,grounded
-3.48113751411438,-17.430561065673828,32.496666476278754,16,344,hallucinated
-1.6305266618728638,-18.7092342376709,5.10656344271696,16,345,hallucinated
-0.04617835208773613,-0.1283740997314453,1.0472611755185761,4,346,grounded
-5.03486442565918,-20.000009536743164,153.67875630335615,7,346,hallucinated
-4.976964646630222e-06,-1.0967194612021558e-05,1.0000049769770318,4,347,grounded
-2.612006902694702,-14.125005722045898,13.626370228126383,20,347,hallucinated
-0.2748648524284363,-1.0956029891967773,1.3163527609666108,4,348,grounded
-4.198264122009277,-18.907249450683594,66.57067212051899,14,348,hallucinated
-0.00011507346789585426,-0.0009198724874295294,1.0001150800891014,8,349,grounded
-2.182163715362549,-15.875,8.865467870135499,14,349,hallucinated
-1.6626076698303223,-7.288636684417725,5.273043287721611,8,350,hallucinated
-1.1980410818068776e-05,-2.2053474822314456e-05,1.0000119804825836,2,351,grounded
-3.88295316696167,-18.87501335144043,48.56743122996803,11,351,hallucinated
-8.634601593017578,-16.252553939819336,5622.893078127369,2,352,hallucinated
-0.00028459494933485985,-0.0010400369064882398,1.0002846354503194,4,353,grounded
-2.503451108932495,-15.51016616821289,12.224609705642699,23,353,hallucinated
-2.398561954498291,-22.8128662109375,11.007335943797152,13,354,hallucinated
-3.861981153488159,-8.176189422607422,47.5594807268497,3,355,grounded
-2.4657185077667236,-12.902288436889648,11.771937342466545,10,355,hallucinated
-0.49511831998825073,-5.28556489944458,1.6406923542730432,11,356,grounded
-1.686475157737732,-16.806961059570312,5.400411518184018,15,356,hallucinated
-0.4078797698020935,-2.4471476078033447,1.5036263690060678,6,357,grounded
-3.457789659500122,-19.875,31.746727828252588,18,357,hallucinated
-0.0025704398285597563,-0.010537461377680302,1.0025737462413873,5,358,grounded
-0.6067711114883423,-6.165774822235107,1.834498434576217,22,358,hallucinated
-1.1235286365263164e-05,-3.8742269680369645e-05,1.0000112353494812,4,359,grounded
-2.6020314693450928,-13.250003814697266,13.491117006444968,10,359,hallucinated
-0.036772601306438446,-0.11029991507530212,1.0374570776285061,3,360,grounded
-1.2223713397979736,-8.766730308532715,3.395229437735406,21,360,hallucinated
-0.12943270802497864,-0.38827937841415405,1.1381825183361687,3,361,grounded
-2.6144192218780518,-14.750319480895996,13.659281062185498,15,361,hallucinated
-1.6383570432662964,-4.8198933601379395,5.146706745654474,3,362,grounded
-0.22760754823684692,-1.388061761856079,1.2555924692491722,9,362,hallucinated
-0.00010662701970431954,-0.00010918975021922961,1.0001066327045671,2,363,grounded
-2.0733582973480225,-19.439430236816406,7.9514817690935535,15,363,hallucinated
-3.202692747116089,-15.23016357421875,24.59867911823642,9,364,hallucinated
-1.3862435817718506,-4.158405303955078,3.999796887764837,3,365,grounded
-0.5539423823356628,-2.357520341873169,1.7400996511034896,10,365,hallucinated
-6.55650637781946e-07,-1.311301275563892e-06,1.0000006556508527,2,366,grounded
-3.126361846923828,-5.953090667724609,22.790911701789085,6,366,hallucinated
-2.2132602680358104e-05,-5.900685573578812e-05,1.0000221328476082,3,367,grounded
-2.612095832824707,-9.524039268493652,13.627582076886402,8,367,hallucinated
-0.6050065159797668,-6.072635173797607,1.8312641413269901,18,368,hallucinated
-1.0091663599014282,-19.948442459106445,2.7433131256867607,26,369,hallucinated
-3.3295702934265137,-25.000062942504883,27.926338993160716,12,370,hallucinated
-0.8851373195648193,-1.7590022087097168,2.4233171374934983,2,371,grounded
-3.1678619384765625,-13.905096054077148,23.7566368670566,11,371,hallucinated
-0.029877739027142525,-0.21500246226787567,1.0303285572808825,8,372,grounded
-1.0673502683639526,-10.025079727172852,2.9076647522042625,30,372,hallucinated
-4.525949001312256,-15.099854469299316,92.38355635755188,7,373,hallucinated
-0.3451528251171112,-0.6897433996200562,1.412205723682209,2,374,grounded
-2.284597635269165,-15.186090469360352,9.821733509694315,17,374,hallucinated
-1.1076596975326538,-10.01648235321045,3.027265381134009,27,375,hallucinated
-5.439167499542236,-10.862083435058594,230.2504200700535,2,376,hallucinated
-0.04499855265021324,-0.17986047267913818,1.0460263459416126,4,377,grounded
-2.2650763988494873,-13.75000286102295,9.631860436057192,10,377,hallucinated
-4.689299583435059,-14.2774019241333,108.7769639316791,6,378,hallucinated
-7.450517841789406e-06,-2.2411095415009186e-05,1.000007450545597,8,379,grounded
-1.2675083875656128,-10.875065803527832,3.5519913417821205,29,379,hallucinated
-1.905779480934143,-10.750028610229492,6.724647319624129,7,380,hallucinated
-2.995016984641552e-05,-9.452849917579442e-05,1.0000299506183572,4,381,grounded
-5.260098457336426,-21.562795639038086,192.50044344516374,7,381,hallucinated
-2.3120832443237305,-22.125410079956055,10.095434019212126,28,382,hallucinated
-1.6987085473374464e-05,-3.075552376685664e-05,1.0000169872297546,2,383,grounded
-1.2620329856872559,-6.596256256103516,3.5325959090680494,21,383,hallucinated
-0.10145964473485947,-0.6941602826118469,1.106785252878364,7,384,grounded
-1.1534578800201416,-9.000275611877441,3.1691324647861423,27,384,hallucinated
-0.4842914044857025,-4.145837306976318,1.6230245333775444,11,385,hallucinated
-0.045486655086278915,-0.5445818305015564,1.0465370385742754,12,386,grounded
-2.297290325164795,-21.438871383666992,9.947192247472248,13,386,hallucinated
-0.000701210810802877,-0.0012086475035175681,1.0007014567165773,3,387,grounded
-0.9126325845718384,-4.601753234863281,2.4908713389176724,16,387,hallucinated
-1.0894997119903564,-7.807623863220215,2.972786451057797,16,388,hallucinated
-0.00044502312084659934,-0.001149589428678155,1.0004451221583264,3,389,grounded
-4.426366806030273,-14.12500286102295,83.62703107369963,7,389,hallucinated
-5.6159162521362305,-18.12516212463379,274.765017930152,8,390,hallucinated
-0.6485922336578369,-7.750890254974365,1.9128460923326087,24,391,hallucinated
-1.1763044595718384,-5.881518840789795,3.242369726630304,5,392,grounded
-6.241429328918457,-13.90059757232666,513.5920785734216,7,392,hallucinated
-3.4863924980163574,-18.694766998291016,32.667885417855025,7,393,hallucinated
-1.459099348721793e-05,-4.362964682513848e-05,1.0000145910999363,5,394,grounded
-1.5419374704360962,-11.135068893432617,4.673636537341659,34,394,hallucinated
-2.1582202911376953,-9.422669410705566,8.65571928210658,10,395,hallucinated
-0.0002681695914361626,-0.00047350639943033457,1.0002682055521155,4,396,grounded
-1.924822449684143,-12.628357887268066,6.853931640133153,18,396,hallucinated
-1.4016932249069214,-10.268302917480469,4.062072148864078,11,397,hallucinated
-0.007100507616996765,-0.014179080724716187,1.007125775991898,2,398,grounded
-4.0929274559021,-12.305341720581055,59.91503383806149,9,398,hallucinated
-0.000913844327442348,-0.0036013764329254627,1.0009142620103924,4,399,grounded
-5.835514068603516,-17.77936363220215,342.2406239962952,8,399,hallucinated
-1.591426189406775e-05,-2.5987286790041253e-05,1.0000159143885266,2,400,grounded
-0.7100052833557129,-4.95878267288208,2.034002004974475,11,400,hallucinated
-1.4008333683013916,-8.735692024230957,4.05858085051782,14,401,hallucinated
-0.03025609813630581,-0.11982763558626175,1.0307184652339223,4,402,grounded
-5.358267307281494,-14.417314529418945,212.3566786234147,9,402,hallucinated
-4.747352431877516e-05,-9.619726915843785e-05,1.0000474746512045,4,403,grounded
-5.071905136108398,-23.875019073486328,159.47786515045854,7,403,hallucinated
-0.00032647501211613417,-0.0006282739923335612,1.000326528310883,2,404,grounded
-0.7591531872749329,-3.696664333343506,2.136466267437393,8,404,hallucinated
-0.0038488106802105904,-0.007689991965889931,1.0038562268634794,2,405,grounded
-4.05387544631958,-17.319965362548828,57.62032939507497,8,405,hallucinated
-3.540010929107666,-12.875101089477539,34.4672958855866,7,406,hallucinated
-5.451663494110107,-11.33363151550293,233.1456799700479,5,407,hallucinated
-0.002231379970908165,-0.004462640732526779,1.0022338713519234,2,408,grounded
-1.6342833042144775,-6.661011219024658,5.12578305316437,8,408,hallucinated
-4.666779518127441,-25.531526565551758,106.3546770016134,8,409,hallucinated
-0.014934059232473373,-0.04472922161221504,1.015046129488013,3,410,grounded
-1.2184312343597412,-11.694233894348145,3.381878195686971,16,410,hallucinated
-4.13799524307251,-7.732475280761719,62.677043177392086,13,411,hallucinated
-5.483609584189253e-06,-7.748573807475623e-06,1.0000054836246193,2,412,grounded
-2.0815494060516357,-18.37569808959961,8.016880699837069,13,412,hallucinated
-2.3836541175842285,-18.878705978393555,10.844457474067466,12,413,hallucinated
-2.0026813217555173e-05,-4.851700214203447e-05,1.0000200270137556,4,414,grounded
-1.3832532167434692,-8.730255126953125,3.987853900875996,34,414,hallucinated
-0.00024810354807414114,-0.0007354891858994961,1.000248134328305,3,415,grounded
-2.127314567565918,-13.088770866394043,8.392299570139135,32,415,hallucinated
-0.19611702859401703,-0.33007127046585083,1.2166692820985452,2,416,grounded
-1.9562723636627197,-17.011585235595703,7.0729126179312924,15,416,hallucinated
-0.0007396001601591706,-0.0014280608156695962,1.000739873731798,2,417,grounded
-2.561187267303467,-19.490684509277344,12.951184709282343,17,417,hallucinated
-0.00012498957221396267,-0.0003567297535482794,1.000124997383736,3,418,grounded
-2.4149281978607178,-18.16582679748535,11.18896693694696,14,418,hallucinated
-0.5931773781776428,-2.368968963623047,1.8097294847659018,4,419,grounded
-5.4748854637146,-13.691147804260254,238.62313435798376,5,419,hallucinated
-4.705883502960205,-17.940044403076172,110.59595364826058,9,420,hallucinated
-0.048578109592199326,-0.09713654965162277,1.0497773662999874,2,421,grounded
-3.563356876373291,-23.250019073486328,35.281433993022524,16,421,hallucinated
-1.234729528427124,-18.12509536743164,3.4374486628142185,38,422,hallucinated
-0.5755113959312439,-4.146849632263184,1.7780395766571497,14,423,hallucinated
-0.0004477883339859545,-0.0019647832959890366,1.0004478886061483,5,424,grounded
-2.582289457321167,-13.252974510192871,13.227387057804343,6,424,hallucinated
-6.772852793801576e-05,-0.00023719835735391825,1.0000677308215666,5,425,grounded
-2.3346948623657227,-22.625003814697266,10.326308503237131,27,425,hallucinated
-0.00014299663598649204,-0.00025507534155622125,1.0001430068604928,3,426,grounded
-2.1059625148773193,-8.916095733642578,8.215006271235536,8,426,hallucinated
-0.00018631821149028838,-0.0007236960809677839,1.0001863355698062,4,428,grounded
-1.9441988468170166,-10.395581245422363,6.988031128431234,22,428,hallucinated
-1.9794009923934937,-17.7573184967041,7.238405826146235,21,429,hallucinated
-0.22673717141151428,-0.2520602345466614,1.2545001061146148,2,430,grounded
-1.4068406820297241,-5.875415802001953,4.083035398507048,10,430,hallucinated
-1.697862148284912,-12.849523544311523,5.462257404089891,11,431,hallucinated
-0.0013448706595227122,-0.0046672215685248375,1.0013457754036106,4,432,grounded
-2.194795608520508,-14.210681915283203,8.978165808678456,11,432,hallucinated
-6.069102764129639,-8.176701545715332,432.2926390554211,2,433,hallucinated
-1.0254592895507812,-3.9007503986358643,2.7883758383974904,5,434,grounded
-0.9875561594963074,-13.250165939331055,2.6846655545038756,23,434,hallucinated
-1.567211627960205,-6.267394065856934,4.79326413888052,4,435,grounded
-7.21213960647583,-22.879764556884766,1355.7900233538874,9,435,hallucinated
-3.093430132139474e-05,-3.85038583772257e-05,1.0000309347797918,2,436,grounded
-1.3887087106704712,-10.77249813079834,4.00966906575779,23,436,hallucinated
-0.7330610752105713,-6.298346042633057,2.0814423173505743,16,437,hallucinated
-0.00010451042180648074,-0.0007110689766705036,1.000104515883211,7,438,grounded
-1.8133795261383057,-14.875337600708008,6.13113278269825,11,438,hallucinated
-8.59012216096744e-05,-0.00023052419419400394,1.0000859049112252,3,439,grounded
-2.819568157196045,-20.8752384185791,16.769607274021325,13,439,hallucinated
-0.001208975212648511,-0.004818138666450977,1.0012097063177805,4,440,grounded
-1.3079586029052734,-13.714248657226562,3.6986156570821556,24,440,hallucinated
-0.0022185626439750195,-0.008862210437655449,1.0022210254750559,4,441,grounded
-0.8120652437210083,-4.860774993896484,2.252555261757391,15,441,hallucinated
-2.700315237045288,-7.318243980407715,14.884423106946324,8,442,hallucinated
-0.35674822330474854,-8.32837963104248,1.428676117215735,32,443,grounded
-1.091327428817749,-5.092003345489502,2.9782248312742268,26,443,hallucinated
-2.5132880210876465,-14.500079154968262,12.34545551780013,8,445,hallucinated
-0.0003387856704648584,-0.001032772590406239,1.0003388430648115,5,446,grounded
-5.460593223571777,-23.750490188598633,235.23693107427908,10,446,hallucinated
-0.005130222998559475,-0.01732618547976017,1.005143405125343,5,447,grounded
-1.961270809173584,-12.625571250915527,7.108354690096667,16,447,hallucinated
-0.4931808114051819,-17.500030517578125,1.6375165762964805,48,448,hallucinated
-1.5352578163146973,-6.700108051300049,4.642522293663379,15,449,hallucinated
-5.467285154736601e-05,-0.00016389934171456844,1.000054674346135,3,450,grounded
-3.248640298843384,-15.478854179382324,25.755296591802132,9,450,hallucinated
-0.018130511045455933,-0.07211775332689285,1.0182958665759168,4,451,grounded
-0.7147899270057678,-13.500035285949707,2.0437572989439436,31,451,hallucinated
-1.3272182941436768,-7.502978324890137,3.7705402521239293,8,452,hallucinated
-1.497883915901184,-5.792574882507324,4.472215466366931,7,453,hallucinated
-0.0008269011741504073,-0.0038921094965189695,1.0008272431511802,8,454,grounded
-0.0006298862281255424,-0.0029498895164579153,1.0006300846481142,5,454,hallucinated
-4.3239597289357334e-05,-0.00016902448260225356,1.0000432405321342,4,455,grounded
-2.257493019104004,-12.521597862243652,9.559094634782358,29,455,hallucinated
-0.9580867886543274,-10.060527801513672,2.606704522949555,13,456,hallucinated
-2.5424745082855225,-19.3405818939209,12.711085773774084,10,457,hallucinated
-2.873404026031494,-11.28027629852295,17.697157368483957,8,458,hallucinated
-2.0264980776119046e-05,-5.9960475482512265e-05,1.0000202651861123,3,459,grounded
-1.5277963876724243,-15.11213207244873,4.608011355410859,19,459,hallucinated
-1.1324875686113955e-06,-1.1920922133867862e-06,1.0000011324882099,2,460,grounded
-1.1432639360427856,-22.93756103515625,3.1369906104530774,29,460,hallucinated
-3.737239360809326,-27.367244720458984,41.981933073084114,14,461,hallucinated
-0.0022169577423483133,-0.005932698491960764,1.0022194170101926,4,462,grounded
-3.696833372116089,-15.382555961608887,40.31942537768665,9,462,hallucinated
-0.0006341016851365566,-0.0015254301251843572,1.0006343027701106,3,463,grounded
-4.064280986785889,-13.251602172851562,58.22303034069253,10,463,hallucinated
-0.009398399852216244,-0.056383006274700165,1.0094427034977942,6,464,grounded
-1.3172565698623657,-20.133930206298828,3.733165636623003,22,464,hallucinated
-0.028260476887226105,-0.08476831763982773,1.0286635926185719,3,465,grounded
-2.0139780044555664,-13.125157356262207,7.493065587065976,11,465,hallucinated
-4.359488010406494,-21.71883773803711,78.21707783979396,11,466,hallucinated
-1.0571144819259644,-9.500548362731934,2.8780543183327345,9,467,grounded
-1.0135468244552612,-13.563855171203613,2.755356470057687,53,467,hallucinated
-0.0032352101989090443,-0.015781857073307037,1.0032404491395925,5,468,grounded
-2.3186440467834473,-6.757227897644043,10.161885918084565,8,468,hallucinated
-2.3205633624456823e-05,-4.8993817472364753e-05,1.0000232059028773,3,469,grounded
-1.450905442237854,-17.18790054321289,4.2669762671485065,18,469,hallucinated
-0.01992381364107132,-0.03984369337558746,1.0201236175620183,2,470,grounded
-2.09529972076416,-10.23923110961914,8.12787669859031,18,470,hallucinated
-3.447214365005493,-20.708690643310547,31.412765817964964,15,471,hallucinated
-0.018784496933221817,-0.03902384638786316,1.0189620355110258,4,472,grounded
-2.8893516063690186,-9.662840843200684,17.981646635709385,10,472,hallucinated
-0.00011049746535718441,-0.00022504181833937764,1.000110503570427,3,473,grounded
-2.517033100128174,-15.723057746887207,12.391776909000768,12,473,hallucinated
-0.0001157992664957419,-0.00022396916756406426,1.0001158059714896,2,474,grounded
-1.8276954889297485,-8.205524444580078,6.219537138374059,10,474,hallucinated
-2.482060670852661,-11.530718803405762,11.965896804282755,18,475,hallucinated
-0.07206565886735916,-0.5764456391334534,1.0747259070330233,8,476,grounded
-2.97562313079834,-25.281570434570312,19.601833951207702,21,476,hallucinated
-1.6735912561416626,-9.141773223876953,5.331279449286901,20,477,hallucinated
-0.0001348102668998763,-0.0002475670480635017,1.0001348193542123,2,478,grounded
-2.833155632019043,-14.625589370727539,16.999018923678285,12,478,hallucinated
-6.322474655462429e-05,-0.0005024601123295724,1.0000632267452811,8,479,grounded
-2.080824136734009,-4.748965740203857,8.011068410234838,7,479,hallucinated
-1.395209550857544,-6.580685138702393,4.035820193611272,8,480,hallucinated
-2.918609619140625,-9.259323120117188,18.515525921879345,11,481,hallucinated
-2.533543586730957,-15.500007629394531,12.59806948485393,13,482,hallucinated
-3.6476536479312927e-05,-9.42901024245657e-05,1.0000364772017563,3,484,grounded
-2.7967612743377686,-16.42167854309082,16.391473225336394,7,484,hallucinated
-1.2366888523101807,-16.34381103515625,3.4441903404843397,17,485,hallucinated
-2.7987632751464844,-9.453363418579102,16.42432183849316,9,486,hallucinated
-4.589545726776123,-8.025862693786621,98.44969694094428,5,487,hallucinated
-3.4531190395355225,-13.13514518737793,31.598796661500277,8,488,hallucinated
-0.6399542689323425,-3.1741034984588623,1.8963941531926027,12,489,hallucinated
-0.00010315517283743247,-0.00040463366894982755,1.0001031604935153,4,490,grounded
-2.7676029205322266,-17.375001907348633,15.920425708338275,11,490,hallucinated
-3.333921432495117,-10.000077247619629,28.0481151180981,3,491,grounded
-2.4802558422088623,-17.947463989257812,11.944319888156844,14,491,hallucinated
-1.288468837738037,-12.925521850585938,3.6272284263577625,12,492,hallucinated
-1.263411521911621,-6.6712751388549805,3.5374690786434058,6,493,hallucinated
-1.6689273252268322e-06,-3.3378546504536644e-06,1.000001668928718,2,494,grounded
-3.1883068084716797,-15.877019882202148,24.24733728008641,20,494,hallucinated
-1.3124504089355469,-7.128007411956787,3.715266489352666,17,495,hallucinated
-2.1542351245880127,-10.752714157104492,8.62129344107645,5,496,grounded
-2.4767518043518066,-11.535379409790039,11.902539781378854,17,496,hallucinated
-1.2765065431594849,-9.751976013183594,3.5840969415107673,8,497,hallucinated
-5.7696793192008045e-06,-2.1576648578047752e-05,1.0000057696959639,5,498,grounded
-0.6973708271980286,-5.83936882019043,2.0084651576091117,26,498,hallucinated
-0.009594633243978024,-0.03834467753767967,1.0096408093001417,4,499,grounded
-0.6173934936523438,-4.387993812561035,1.8540890432852952,9,499,hallucinated
-3.0027546882629395,-15.125000953674316,20.140942593643594,10,500,hallucinated
-5.272060394287109,-21.361371994018555,194.81694893702,9,501,hallucinated
-1.2872200012207031,-10.29462718963623,3.6227014383645297,8,502,grounded
-2.4432284832000732,-9.250967979431152,11.510141118831996,10,502,hallucinated
-2.384130311838817e-05,-4.708655978902243e-05,1.0000238415873246,2,503,grounded
-1.051539659500122,-15.251208305358887,2.862054316598518,17,503,hallucinated
-6.079394370317459e-05,-0.00010430268594063818,1.0000607957916925,2,504,grounded
-0.5842231512069702,-8.683405876159668,1.7935970905521652,22,504,hallucinated
-1.1586147546768188,-9.40883731842041,3.1855174951402794,14,505,grounded
-3.085165500640869,-14.000001907348633,21.87108622134834,16,505,hallucinated
-2.1263012886047363,-6.378166675567627,8.383800136424684,3,506,grounded
-2.6498653888702393,-15.939910888671875,14.152133482474014,22,506,hallucinated
-0.5480380058288574,-3.2880451679229736,1.7298557193789428,6,507,grounded
-2.3463802337646484,-17.063528060913086,10.447683025345363,16,507,hallucinated
-3.293069312348962e-05,-6.890059739816934e-05,1.0000329312353446,4,508,grounded
-2.314387798309326,-11.007003784179688,10.118726320791916,13,508,hallucinated
-0.00010510181891731918,-0.00021526881027966738,1.000105107342307,4,509,grounded
-1.0331203937530518,-13.250001907348633,2.8098199140156668,23,509,hallucinated
-3.278174699516967e-05,-5.4834770708112046e-05,1.0000327822843225,3,510,grounded
-1.5382990837097168,-20.12505340576172,4.656662937185532,25,510,hallucinated
-7.628984894836321e-05,-0.0001250427303602919,1.000076292759093,2,511,grounded
-2.6318767070770264,-14.145706176757812,13.899831351494399,7,511,hallucinated
-3.4842448234558105,-12.375628471374512,32.59780071789867,6,512,hallucinated
-0.0007252315990626812,-0.00625829491764307,1.0007254946430844,9,513,grounded
-1.6866472959518433,-17.375003814697266,5.4013412153941385,28,513,hallucinated
-0.0019024097127839923,-0.008296193554997444,1.0019042204422093,5,514,grounded
-1.6918286085128784,-5.889465808868408,5.429399880063865,25,514,hallucinated
-0.00020645414770115167,-0.0005324853118509054,1.0002064754608253,4,515,grounded
-1.0373886823654175,-14.916715621948242,2.821838667865801,30,515,hallucinated
-1.8225747346878052,-9.250934600830078,6.187769822914679,8,516,hallucinated
-0.22844372689723969,-1.141611099243164,1.256642807952314,5,517,grounded
-0.24092546105384827,-1.4361677169799805,1.2724261864663116,7,517,hallucinated
-0.0019391283858567476,-0.007751149125397205,1.0019410097111523,4,518,grounded
-1.6724464893341064,-9.87683391571045,5.325179869495914,18,518,hallucinated
-4.241239070892334,-10.030476570129395,69.4939063905032,5,519,hallucinated
-5.2906413078308105,-13.48001766204834,198.4706653969253,10,520,hallucinated
-3.6452648639678955,-13.294906616210938,38.292913921620226,7,521,hallucinated
-4.367053031921387,-23.680566787719727,78.81103553519807,13,522,hallucinated
-0.0006583341164514422,-0.0017037175130099058,1.0006585508659178,3,523,grounded
-1.2488336563110352,-6.2190470695495605,3.4862743911156486,7,523,hallucinated
-3.7489917303901166e-05,-7.497983460780233e-05,1.0000374906200595,2,524,grounded
-2.656890392303467,-11.424530029296875,14.25190229660227,8,524,hallucinated
-1.9825822114944458,-11.505241394042969,7.2614694467854575,13,525,hallucinated
-0.0015057948185130954,-0.002923145890235901,1.0015069290967895,5,526,grounded
-1.9293925762176514,-15.305052757263184,6.885326659943946,12,526,hallucinated
-4.380911832413403e-06,-1.5258672647178173e-05,1.0000043809214285,4,527,grounded
-3.9543426036834717,-22.37518310546875,52.161391963727205,10,527,hallucinated
-2.1814870706293732e-05,-5.23315102327615e-05,1.0000218151086524,5,528,grounded
-3.1557486057281494,-16.463958740234375,23.47060074264488,17,528,hallucinated
-0.00028007093351334333,-0.0006481691962108016,1.0002801101570389,4,529,grounded
-0.2980065643787384,-4.409583568572998,1.347170631188777,18,529,hallucinated
-1.716588667477481e-05,-3.158996332786046e-05,1.0000171660340094,2,530,grounded
-4.241102695465088,-13.693546295166016,69.48442977553158,7,530,hallucinated
-5.845261573791504,-24.875505447387695,345.5929280117279,7,531,hallucinated
-5.962057548458688e-05,-0.0002809368306770921,1.0000596223528264,5,532,grounded
-0.8705413341522217,-8.55078125,2.388203319684072,16,532,hallucinated
-0.14852361381053925,-4.254508972167969,1.160120192309405,47,533,grounded
-1.2881897687911987,-10.6965913772583,3.626216320771065,9,533,hallucinated
-8.066411282925401e-06,-2.2411095415009186e-05,1.0000080664438165,3,534,grounded
-0.7880580425262451,-7.532142162322998,2.1991216761332097,19,534,hallucinated
-0.0019502306822687387,-0.0038902093656361103,1.0019521336189798,2,535,grounded
-8.082396507263184,-21.973220825195312,3236.9813981051216,5,535,hallucinated
-0.0008126994362100959,-0.004866659641265869,1.000813029765877,6,536,grounded
-5.012694835662842,-11.42293643951416,150.30924958185977,5,536,hallucinated
-1.4901156930591242e-07,-5.960462772236497e-07,1.0000001490115804,4,537,grounded
-5.439044952392578,-24.000001907348633,230.22220526622354,9,537,hallucinated
-4.3310996261425316e-05,-9.858122211880982e-05,1.0000433119341963,3,538,grounded
-4.44683837890625,-9.409550666809082,85.35665155614947,7,538,hallucinated
-1.3775146007537842,-17.502046585083008,3.965034676721183,19,539,hallucinated
-2.0327138900756836,-17.943416595458984,7.6347782171991,20,540,hallucinated
-2.9510300159454346,-17.251953125,19.125643303772065,9,541,hallucinated
-2.3841241272748448e-05,-6.603976362384856e-05,1.0000238415254774,5,542,grounded
-2.9957616329193115,-14.011096000671387,20.00058719592622,15,542,hallucinated
-3.7437803745269775,-14.975056648254395,42.25743753014084,4,543,grounded
-1.6933097839355469,-8.257829666137695,5.437447732395259,8,543,hallucinated
-4.738535608339589e-06,-1.6331539882230572e-05,1.0000047385468351,4,544,grounded
-2.5802853107452393,-19.001081466674805,13.200903982170983,18,544,hallucinated
-4.09227991104126,-13.300454139709473,59.87624872471828,9,545,hallucinated
-0.027384061366319656,-0.21482793986797333,1.0277624508252174,8,546,grounded
-0.3746602237224579,-8.12811279296875,1.4544971270298404,35,546,hallucinated
-0.8217059373855591,-6.127905368804932,2.27437647379837,16,547,hallucinated
-0.42572271823883057,-1.2642889022827148,1.53069628212296,3,548,grounded
-1.853804588317871,-7.889481544494629,6.384062104941684,12,548,hallucinated
-0.0004092587041668594,-0.002305113710463047,1.0004093424619362,6,549,grounded
-1.7011748552322388,-11.69484806060791,5.480382266744498,17,549,hallucinated
-0.5254657864570618,-1.5675761699676514,1.6912464246238217,3,550,grounded
-3.6310853958129883,-18.71314239501953,37.75377217290763,9,550,hallucinated
-1.4901136182743357e-06,-4.410734163684538e-06,1.0000014901147285,4,551,grounded
-4.838769435882568,-11.659658432006836,126.313818800169,5,551,hallucinated
-2.32457637139305e-06,-4.410734163684538e-06,1.0000023245790732,2,552,grounded
-2.833378314971924,-15.125042915344238,17.00280473691068,15,552,hallucinated
-0.0019608265720307827,-0.0058777108788490295,1.0019627502495807,3,553,grounded
-4.757528305053711,-9.527252197265625,116.45772190684744,4,553,hallucinated
-1.7255022612516768e-05,-6.4490144723095e-05,1.0000172551714812,4,554,grounded
-5.300580978393555,-17.18802833557129,200.4532351498015,6,554,hallucinated
-0.3381357789039612,-2.0273985862731934,1.402330897431526,6,555,grounded
-2.7156002521514893,-7.7855329513549805,15.113679368248478,7,555,hallucinated
-1.6906883716583252,-9.155755996704102,5.423212606371616,14,556,hallucinated
-0.0001285491161979735,-0.0004259632551111281,1.0001285573789898,6,557,grounded
-0.9183329939842224,-9.662586212158203,2.5051108723692797,22,557,hallucinated
-2.545541286468506,-14.951913833618164,12.750127690156301,15,558,hallucinated
-2.04357820621226e-06,-1.1324817933200393e-05,1.0000020435802943,7,559,grounded
-0.9272834658622742,-13.158862113952637,2.5276334402304683,24,559,hallucinated
-0.542518675327301,-4.882648468017578,1.720334373840829,9,560,grounded
-2.4855589866638184,-14.37708854675293,12.0078305963255,8,560,hallucinated
-0.0043569267727434635,-0.01678358018398285,1.0043664319776753,4,561,grounded
-2.0437371730804443,-11.08397102355957,7.719404108816825,17,561,hallucinated
-0.6532796025276184,-5.5797038078308105,1.9218333544094919,19,562,hallucinated
-2.1553328037261963,-12.489222526550293,8.630762050827846,23,563,hallucinated
-0.40079376101493835,-3.170165777206421,1.4930093200187122,8,564,grounded
-0.5444610118865967,-10.500028610229492,1.7236790894194849,46,564,hallucinated
-0.00026434363098815084,-0.00082923355512321,1.0002643785728447,4,565,grounded
-1.9553614854812622,-14.56296443939209,7.066472989452048,25,565,hallucinated
-0.4920119643211365,-1.9675211906433105,1.635603687975951,4,566,grounded
-4.5341925621032715,-25.455978393554688,93.1482734859365,9,566,hallucinated
-5.006027698516846,-23.750234603881836,149.3104504657055,9,567,hallucinated
-5.852682807017118e-05,-0.0001720042055239901,1.0000585285407984,3,568,grounded
-2.042649745941162,-16.1250057220459,7.711014381725012,13,568,hallucinated
-0.6109378337860107,-3.054611921310425,1.842158227140672,5,569,grounded
-1.0676285028457642,-3.6159040927886963,2.9084738773579124,11,569,hallucinated
-0.014190174639225006,-0.028338506817817688,1.014291333086364,2,570,grounded
-4.017038822174072,-20.189281463623047,55.53640891610802,7,570,hallucinated
-3.7043752670288086,-29.312501907348633,40.624659823067354,13,571,hallucinated
-1.6212286936934106e-05,-2.5629668016335927e-05,1.0000162124183567,2,572,grounded
-1.90622079372406,-8.023624420166016,6.727615647426297,12,572,hallucinated
-1.0212815999984741,-5.754679203033447,2.7767511688270137,10,573,hallucinated
-3.8667500019073486,-15.250378608703613,47.786826338856564,9,574,hallucinated
-1.6689074982423335e-05,-2.9801878554280847e-05,1.000016689214246,2,575,grounded
-1.9607045650482178,-17.00004005432129,7.1043307653817624,11,575,hallucinated
-2.8315117359161377,-15.207205772399902,16.971097259162125,9,576,hallucinated
-2.0223946571350098,-9.751293182373047,7.556398268333632,10,577,hallucinated
-0.003939283546060324,-0.007814076729118824,1.0039470527218006,2,578,grounded
-3.83121919631958,-15.37663745880127,46.11873175980925,9,578,hallucinated
-1.4314717054367065,-5.7243852615356445,4.1848535338207595,8,579,hallucinated
-3.7564475536346436,-11.180747032165527,42.796124680262714,10,580,hallucinated
-2.031264543533325,-22.395849227905273,7.623720792743888,13,581,hallucinated
-3.1090965270996094,-9.327226638793945,22.400796742714263,3,582,grounded
-1.482007622718811,-13.931004524230957,4.401773917389105,11,583,hallucinated
-0.009322866797447205,-0.03804313391447067,1.0093664600862697,5,584,grounded
-0.7176332473754883,-20.9375,2.049576624886277,50,584,hallucinated
-4.529922989604529e-06,-1.537788011773955e-05,1.0000045299332496,4,585,grounded
-2.3127973079681396,-14.12500286102295,10.102645375997216,11,585,hallucinated
-4.7809338866500184e-05,-0.00036840804386883974,1.0000478104817512,8,586,grounded
-1.3565504550933838,-11.273844718933105,3.8827763625075193,18,586,hallucinated
-1.9354650974273682,-22.187501907348633,6.927265159460963,18,587,hallucinated
-0.004071893636137247,-0.01571614295244217,1.0040801950587082,4,588,grounded
-1.9578214883804321,-11.294641494750977,7.083877932821248,37,588,hallucinated
-3.5567860322771594e-05,-0.0001062098381225951,1.0000355684928666,8,589,grounded
-3.3245577812194824,-14.389081001281738,27.786708121140304,8,589,hallucinated
-1.7920836398843676e-05,-4.0649541915627196e-05,1.000017920996978,3,590,grounded
-2.859025716781616,-14.166625022888184,17.444522748710835,17,590,hallucinated
-0.001583313918672502,-0.014225387014448643,1.0015845680219475,9,591,grounded
-2.008928060531616,-11.73015308380127,7.455321409235986,14,591,hallucinated
-3.151827812194824,-16.635635375976562,23.3787575298232,14,592,hallucinated
-3.665671556518646e-06,-1.0132738680113107e-05,1.0000036656782751,4,593,grounded
-1.4368773698806763,-7.5016093254089355,4.207536701332033,18,593,hallucinated
-4.702628211816773e-05,-8.380061626667157e-05,1.0000470273878712,2,594,grounded
-4.150956630706787,-15.608975410461426,63.4947122454894,10,594,hallucinated
-0.7513062953948975,-2.9597630500793457,2.1197672510046424,4,595,grounded
-5.336188793182373,-14.982908248901367,207.7195376586378,3,595,hallucinated
-0.014202038757503033,-0.07017363607883453,1.014303366830093,5,596,grounded
-0.9357730150222778,-9.510997772216797,2.5491832532494603,30,596,hallucinated
-1.1104788780212402,-6.426505088806152,3.0358118299607253,7,597,hallucinated
-2.7463109493255615,-14.389921188354492,15.585031732748385,34,598,hallucinated
-0.8377111554145813,-9.076942443847656,2.311071235644605,17,599,hallucinated
-0.9236587882041931,-14.125039100646973,2.518488168116367,18,600,hallucinated
-0.059282928705215454,-0.15869556367397308,1.0610754069663648,8,601,hallucinated
-0.34267911314964294,-1.713386058807373,1.408716650742961,5,602,grounded
-2.224708080291748,-8.898625373840332,9.250781924145658,4,602,hallucinated
-0.014124331064522266,-0.07061938941478729,1.0142245507178227,5,603,grounded
-1.9723622798919678,-13.03435230255127,7.187635656491257,17,603,hallucinated
-5.54320195078617e-06,-1.0967194612021558e-05,1.0000055432173143,2,604,grounded
-1.631975769996643,-7.306813716888428,5.113968769550153,7,604,hallucinated
-0.00015778694069013,-0.0006688979919999838,1.0001577993897042,5,605,grounded
-7.257535457611084,-18.25015640258789,1418.7556415022868,9,605,hallucinated
-0.009305162355303764,-0.06994945555925369,1.0093485899743664,8,606,grounded
-1.664431095123291,-22.131046295166016,5.282667059671465,17,606,hallucinated
-0.00017932718037627637,-0.000647692708298564,1.0001793432604562,4,607,grounded
-2.2052266597747803,-28.075990676879883,9.072307662042101,20,607,hallucinated
-3.307854422018863e-05,-0.00012754580529872328,1.0000330790913212,4,608,grounded
-2.407409906387329,-8.928074836730957,11.105160457758847,17,608,hallucinated
-4.7979883674997836e-05,-8.5588610090781e-05,1.000047981034728,2,609,grounded
-1.1017833948135376,-8.375602722167969,3.009528418264396,38,609,hallucinated
-2.3444426915375516e-06,-6.318072337307967e-06,1.0000023444454398,3,610,grounded
-1.8583632707595825,-9.984182357788086,6.413231453148605,9,610,hallucinated
-0.000432007567724213,-0.0008617501589469612,1.0004321008964325,2,611,grounded
-0.4691377580165863,-1.3166285753250122,1.5986152056466745,3,611,hallucinated
-2.771610752461129e-06,-4.768360213347478e-06,1.0000027716145934,4,612,grounded
-1.3819406032562256,-14.627106666564941,3.982622824002653,41,612,hallucinated
-2.578777551651001,-13.375371932983398,13.181015196656142,21,613,hallucinated
-0.0006434686365537345,-0.0028248426970094442,1.0006436757069088,5,614,grounded
-2.60255765914917,-17.562685012817383,13.498217762668299,14,614,hallucinated
-0.00036053822259418666,-0.0008660380262881517,1.0003606032243109,5,615,grounded
-1.2750945091247559,-11.288883209228516,3.579039646022549,11,615,hallucinated
-3.0626232624053955,-15.313090324401855,21.383578387991097,5,616,grounded
-2.8876092433929443,-14.704474449157715,17.95034335911684,16,616,hallucinated
-0.9578913450241089,-2.8736724853515625,2.606195108937166,3,617,grounded
-2.965808153152466,-23.028799057006836,19.410383467195597,13,617,hallucinated
-3.153977155685425,-11.18277359008789,23.429060550007442,5,618,hallucinated
-1.8415794372558594,-23.81250762939453,6.306491106017107,18,619,hallucinated
-3.988036632537842,-26.9375,53.94886386994103,8,620,hallucinated
-3.289970845798962e-05,-0.0001282609737245366,1.0000329002496593,4,621,grounded
-3.129089117050171,-19.353076934814453,22.853153510959316,20,621,hallucinated
-1.966949412235408e-06,-3.933898824470816e-06,1.0000019669513467,2,622,grounded
-1.8103322982788086,-5.419574737548828,6.112478260796822,5,622,hallucinated
-1.2385847568511963,-9.63528823852539,3.4507263904966416,16,623,hallucinated
-0.014765492640435696,-0.03842268884181976,1.0148750410415075,5,624,grounded
-5.502925395965576,-20.625015258789062,245.4088011070421,6,624,hallucinated
-7.819607708370313e-05,-0.00014399446081370115,1.0000781991344767,2,625,grounded
-4.661397457122803,-15.233576774597168,105.78380724779385,11,625,hallucinated
-0.007418099790811539,-0.024474499747157097,1.0074456820535418,4,626,grounded
-1.656245470046997,-10.673419952392578,5.239601626925605,40,626,hallucinated
-2.2813615798950195,-19.56256103515625,9.790001207622034,25,627,hallucinated
-0.28296786546707153,-1.4133167266845703,1.327062516597831,5,628,grounded
-4.624308109283447,-13.752047538757324,101.93222272032597,7,628,hallucinated
-0.0009860891150310636,-0.0036529258359223604,1.0009865754607494,4,629,grounded
-2.400466203689575,-11.512362480163574,11.028316624248262,18,629,hallucinated
-2.2649696802545805e-06,-6.437280717364047e-06,1.0000022649722453,3,630,grounded
-2.1135289669036865,-14.260825157165527,8.277400475782573,30,630,hallucinated
-0.010711971670389175,-0.03177892416715622,1.0107695502486322,3,631,grounded
-4.281617641448975,-14.751587867736816,72.35739370644568,7,631,hallucinated
-1.7881387748275301e-07,-7.152555099310121e-07,1.0000001788138935,4,632,grounded
-0.40550681948661804,-4.4111480712890625,1.500062568372578,20,632,hallucinated
-2.8488142490386963,-17.90345573425293,17.267294985185995,15,633,hallucinated
-1.695396065711975,-10.750165939331055,5.448803622183653,13,634,hallucinated
-1.704672467894852e-05,-2.7894584491150454e-05,1.0000170468699752,2,635,grounded
-1.510393738746643,-12.000101089477539,4.528513494559645,14,635,hallucinated
-0.0009542118641547859,-0.0022278032265603542,1.000954667269135,3,636,grounded
-0.6146883964538574,-6.834953784942627,1.849080329791273,19,636,hallucinated
-0.002586245071142912,-0.0077567086555063725,1.0025895922878791,3,637,grounded
-4.496218204498291,-21.000133514404297,89.67734781907814,15,637,hallucinated
-0.018217120319604874,-0.034808237105607986,1.0183840642611035,2,638,grounded
-2.3207554817199707,-13.297675132751465,10.183364746627799,19,638,hallucinated
-0.00015250510477926582,-0.0003045333724003285,1.000152516734274,2,639,grounded
-4.806163787841797,-20.93754768371582,122.26169493161986,15,639,hallucinated
-0.00011322358477627859,-0.0004493180604185909,1.0001132299948083,4,640,grounded
-2.3248636722564697,-17.18759536743164,10.2252860005995,21,640,hallucinated
-0.038773227483034134,-0.348921000957489,1.039534719013994,9,641,grounded
-1.5270824432373047,-10.380529403686523,4.604722665457333,18,641,hallucinated
-3.0367376893991604e-05,-9.572047565598041e-05,1.0000303678379874,4,642,grounded
-1.754400610923767,-13.384001731872559,5.779982245251469,14,642,hallucinated
-1.8698810338974,-3.7397618293762207,6.487524557863967,2,643,grounded
-2.65313720703125,-22.638578414916992,14.198512520335038,32,643,hallucinated
-0.0001420133630745113,-0.00042524831951595843,1.0001420234474496,4,644,grounded
-0.5945278406143188,-6.048899173736572,1.8121751074447208,30,644,hallucinated
-4.467030521482229e-05,-0.00021634146105498075,1.0000446713029478,8,645,grounded
-1.7024030685424805,-10.875038146972656,5.48711748048263,19,645,hallucinated
-1.6769388914108276,-14.376310348510742,5.3491565346867045,14,646,hallucinated
-3.4272541142854607e-06,-9.775113539944869e-06,1.0000034272599874,4,647,grounded
-4.321454048156738,-19.171142578125,75.29803570094315,13,647,hallucinated
-1.2694541215896606,-12.751520156860352,3.558909300259996,25,648,hallucinated
-0.7309852838516235,-8.64898681640625,2.077126158646369,14,649,hallucinated
-3.844353705062531e-05,-7.64102369430475e-05,1.0000384442760129,2,650,grounded
-1.421924352645874,-11.607057571411133,4.1450893839867,19,650,hallucinated
-2.2189133167266846,-24.126171112060547,9.197330847848649,11,651,hallucinated
-3.1590366234013345e-06,-6.198863957251888e-06,1.0000031590416132,2,652,grounded
-2.425356388092041,-33.406253814697266,11.306258117105452,15,652,hallucinated
-0.0016916489694267511,-0.0025239300448447466,1.0016930806147113,2,653,grounded
-1.0046242475509644,-12.004088401794434,2.7308809448123323,18,653,hallucinated
-1.3863252401351929,-8.826188087463379,4.000123517968256,10,654,hallucinated
-3.190729330526665e-05,-7.772143726469949e-05,1.0000319078023483,3,655,grounded
-1.428641676902771,-7.169777870178223,4.173027021486658,12,655,hallucinated
-0.00029992323834449053,-0.0006548406090587378,1.000299968219816,5,656,grounded
-1.1946314573287964,-16.439617156982422,3.3023404928196176,20,656,hallucinated
-2.3416688442230225,-12.25212287902832,10.398575693527338,15,657,hallucinated
-0.006048806477338076,-0.014170853421092033,1.0060671374487666,4,658,grounded
-5.5559983253479,-16.000707626342773,258.78518741615494,10,658,hallucinated
-0.0014656740240752697,-0.002931109629571438,1.0014667486492004,2,659,grounded
-2.2679474353790283,-15.556977272033691,9.659553594228372,17,659,hallucinated
-1.9609567971201614e-05,-3.790783375734463e-05,1.00001960976024,2,660,grounded
-0.5564108490943909,-10.968308448791504,1.744400335113082,45,660,hallucinated
-3.656525950646028e-05,-0.00013195598148740828,1.0000365659280237,4,661,grounded
-2.3345088958740234,-13.957051277160645,10.324388334421643,29,661,hallucinated
-0.9094449877738953,-3.6363065242767334,2.4829440865680033,4,662,grounded
-1.7299925088882446,-12.755938529968262,5.640611653817786,19,662,hallucinated
-0.19862185418605804,-4.1359639167785645,1.219720646425731,35,663,hallucinated
-1.855945110321045,-6.805840969085693,6.397741966145655,7,664,grounded
-1.57809317111969,-8.76347827911377,4.845707061977403,13,664,hallucinated
-5.2451828196353745e-06,-1.1086402082582936e-05,1.0000052451965755,4,665,grounded
-3.1201374530792236,-18.929386138916016,22.649492671733398,11,665,hallucinated
-5.144777297973633,-20.000009536743164,171.5332796080895,4,666,grounded
-2.4063870906829834,-16.750703811645508,11.09380773210614,16,666,hallucinated
-0.12006048858165741,-0.24007663130760193,1.1275650543274738,2,667,grounded
-2.645402193069458,-13.500142097473145,14.089110486347524,18,667,hallucinated
-4.542186737060547,-14.38827133178711,93.89590143392047,12,668,hallucinated
-3.754689931869507,-17.875656127929688,42.72097134497728,8,669,hallucinated
-3.993500286014751e-06,-6.318072337307967e-06,1.00000399350826,2,670,grounded
-1.454255223274231,-24.375045776367188,4.2812936700251925,23,670,hallucinated
-0.2638309895992279,-0.5276574492454529,1.3019081416888636,2,671,grounded
-1.2254849672317505,-6.6501688957214355,3.4058173921755146,10,671,hallucinated
-0.01614854484796524,-0.08978794515132904,1.016279637298467,10,672,grounded
-2.1829233169555664,-16.077678680419922,8.87220465196368,22,672,hallucinated
-0.13256795704364777,-1.298567533493042,1.1417566038562006,10,673,grounded
-1.9292621612548828,-16.000030517578125,6.884428768874427,24,673,hallucinated
-0.00010648458555806428,-0.0002150304353563115,1.0001064902552428,3,674,grounded
-3.0082595348358154,-9.904597282409668,20.252121122068747,10,674,hallucinated
-0.6927370429039001,-20.18755340576172,1.9991798928778122,35,675,hallucinated
-1.8715632904786617e-05,-2.884823152271565e-05,1.0000187158080434,2,676,grounded
-2.7239296436309814,-15.06265640258789,15.24009286327954,7,676,hallucinated
-9.887757187243551e-05,-0.00015615197480656207,1.0000988824604207,2,677,grounded
-3.185619592666626,-18.9979248046875,24.182266920323276,18,677,hallucinated
-3.1115853786468506,-18.828990936279297,22.456618437487435,10,678,hallucinated
-1.251695152859611e-06,-4.410734163684538e-06,1.0000012516959362,4,679,grounded
-2.7328991889953613,-14.125090599060059,15.377404458274285,24,679,hallucinated
-0.17099644243717194,-5.629143238067627,1.1864865280138355,71,680,grounded
-2.858825206756592,-16.376863479614258,17.44102529766667,8,680,hallucinated
-8.106190762191545e-06,-1.2159273865108844e-05,1.0000081062236175,2,681,grounded
-1.1240215301513672,-7.049090385437012,3.077204423628115,10,681,hallucinated
-3.95763672713656e-05,-6.544376083184034e-05,1.000039577150426,2,682,grounded
-4.668084144592285,-11.317012786865234,106.49352067776356,9,682,hallucinated
-0.00017026174464263022,-0.0003389737685211003,1.0001702762399962,2,683,grounded
-1.416750192642212,-9.627073287963867,4.123697418735304,18,683,hallucinated
-1.4513574569718912e-05,-2.7656173188006505e-05,1.0000145136798921,4,684,grounded
-3.1665244102478027,-15.62500286102295,23.724882935250534,10,684,hallucinated
-0.1907721906900406,-5.756278991699219,1.2101837295560587,38,685,grounded
-0.1562405675649643,-0.6105175614356995,1.1691074185877204,8,685,hallucinated
-3.4049952030181885,-13.265002250671387,30.114151266535398,8,686,hallucinated
-5.532463073730469,-36.51644515991211,252.76572554018787,8,687,hallucinated
-8.020868301391602,-15.428995132446289,3043.819138229355,2,688,hallucinated
-4.6551008224487305,-18.375165939331055,105.11981790208837,6,689,hallucinated
-2.6475019454956055,-26.755245208740234,14.118725211187813,16,690,hallucinated
-6.943899734324077e-06,-1.3708974620385561e-05,1.0000069439238433,4,691,grounded
-3.09883189201355,-30.312501907348633,22.17203681566081,13,691,hallucinated
-4.288335549063049e-05,-0.0001234931987710297,1.0000428842749949,4,692,grounded
-1.880479097366333,-10.628193855285645,6.5566453813580345,19,692,hallucinated
-10.483080863952637,-12.322649955749512,35706.24433984084,2,693,hallucinated
-6.357826123348786e-07,-1.1920922133867862e-06,1.0000006357828144,3,694,grounded
-2.6314756870269775,-15.875019073486328,13.894258357945915,26,694,hallucinated
-1.6864866018295288,-11.250033378601074,5.4004733213428135,29,695,hallucinated
-0.4389455318450928,-0.8778691291809082,1.551070801122162,2,696,grounded
-7.850487232208252,-20.878887176513672,2566.984729827784,4,696,hallucinated
-2.026812791824341,-14.74385929107666,7.589857312504766,17,697,hallucinated
-0.15825381875038147,-0.6330145597457886,1.171463496376472,4,698,grounded
-4.744289875030518,-21.112878799438477,114.92616457979614,8,698,hallucinated
-0.02739209495484829,-0.10031894594430923,1.0277707074790179,4,699,grounded
-0.974960207939148,-8.125296592712402,2.6510617176745304,9,699,hallucinated
-2.801377058029175,-6.86620569229126,16.467307603029457,13,700,hallucinated
-2.7148718800162897e-05,-9.738924563862383e-05,1.00002714908733,4,701,grounded
-1.2106071710586548,-5.753749847412109,3.355521409643103,10,701,hallucinated
-0.03089718520641327,-0.21520540118217468,1.0313794573690218,7,702,grounded
-0.8548226356506348,-9.250120162963867,2.3509573675704907,13,702,hallucinated
-3.5166635825589765e-06,-6.437280717364047e-06,1.000003516669766,2,703,grounded
-5.552407741546631,-18.33925437927246,257.8576636865414,7,703,hallucinated
-0.0010938693303614855,-0.00983016099780798,1.001094467823622,9,704,grounded
-1.8397077322006226,-10.875040054321289,6.294698254545831,12,704,hallucinated
-0.0029688430950045586,-0.005935898050665855,1.0029732544741499,2,705,grounded
-3.7310562133789062,-13.288897514343262,41.72315345220965,16,705,hallucinated
-0.05102292448282242,-0.1020394116640091,1.0523470175178113,2,706,grounded
-1.6145143508911133,-5.053150177001953,5.025446727009558,8,706,hallucinated
-11.14384651184082,-17.187692642211914,69137.0822405378,4,707,hallucinated
-0.0005518572288565338,-0.002736159600317478,1.000552009530072,5,708,grounded
-2.010495662689209,-15.000018119812012,7.467017552216986,20,708,hallucinated
-3.868793249130249,-15.348869323730469,47.884566458674584,11,709,hallucinated
-0.000645445310510695,-0.0025091851130127907,1.0006456536551578,4,710,grounded
-2.18369722366333,-10.624922752380371,8.879073568263852,9,710,hallucinated
-3.806798219680786,-19.937503814697266,45.006108260498436,9,711,hallucinated
-1.5894570992713852e-07,-2.3841855067985307e-07,1.0000001589457226,3,712,grounded
-3.2008209228515625,-15.881641387939453,24.5526777804291,9,712,hallucinated
-0.0002368723799008876,-0.00047362555051222444,1.0002369004363783,2,713,grounded
-2.0322232246398926,-11.788541793823242,7.631033014313933,13,713,hallucinated
-1.100127100944519,-8.513839721679688,3.0045478805522223,31,714,hallucinated
-1.8655935491551645e-05,-3.564294092939235e-05,1.0000186561095146,2,715,grounded
-2.2635726928710938,-27.687501907348633,9.617387833932648,25,715,hallucinated
-4.438614368438721,-8.877228736877441,84.6575561843401,2,716,grounded
-2.637641429901123,-19.814716339111328,13.980191430785151,13,716,hallucinated
-3.167647361755371,-18.37510108947754,23.751539792687442,14,717,hallucinated
-1.982809044420719e-05,-4.756337511935271e-05,1.000019828287022,3,718,grounded
-0.8301076889038086,-5.810485363006592,2.293565718543577,18,718,hallucinated
-1.834786057472229,-8.129586219787598,6.263793910171588,10,719,hallucinated
-1.7754937410354614,-12.42812442779541,5.903195066541042,7,720,grounded
-1.1093924045562744,-1.9528074264526367,3.032515292087582,2,720,hallucinated
-0.956048846244812,-11.22031307220459,2.6013976186725287,17,721,hallucinated
-1.83744341484271e-05,-0.00010668662434909493,1.0000183746029594,7,722,grounded
-2.25392746925354,-11.375027656555176,9.525071897264734,21,722,hallucinated
-0.0018116467399522662,-0.0054967449977993965,1.0018132887633464,5,723,grounded
-0.920377254486084,-11.679279327392578,2.5102372095775376,30,723,hallucinated
-1.668928234721534e-06,-2.622600959512056e-06,1.0000016689296274,2,724,grounded
-2.807225227355957,-25.500097274780273,16.56389335588885,10,724,hallucinated
-0.13854342699050903,-0.5473281741142273,1.148599560709342,4,725,grounded
-0.9844580888748169,-4.992595672607422,2.676361141492104,18,725,hallucinated
-6.563945498783141e-05,-0.00017474555352237076,1.000065641609304,3,726,grounded
-4.434460163116455,-23.705821990966797,84.30660078897007,10,726,hallucinated
-2.136540651321411,-12.399446487426758,8.470085908744256,20,727,hallucinated
-0.015384241938591003,-0.03874441236257553,1.015503188573749,5,728,grounded
-2.4756505489349365,-13.000051498413086,11.88943925980426,16,728,hallucinated
-2.8769752979278564,-5.753903388977051,17.76047171832614,2,729,grounded
-5.129731178283691,-22.910152435302734,168.97168867960238,8,729,hallucinated
-6.0515925724757835e-05,-0.00010466027742950246,1.0000605177568502,3,730,grounded
-2.373440742492676,-10.89161491394043,10.734262650647459,13,730,hallucinated
-0.0035718833096325397,-0.014164037071168423,1.0035782700868316,4,731,grounded
-2.7886860370635986,-10.375576972961426,16.25964119362728,9,731,hallucinated
-6.993561328272335e-06,-1.7046782886609435e-05,1.0000069935857834,3,732,grounded
-1.0884249210357666,-8.408947944641113,2.969593043500464,20,732,hallucinated
-0.010034874081611633,-0.030102476477622986,1.0100853922703463,3,733,grounded
-1.994255781173706,-23.937641143798828,7.346733415529401,26,733,hallucinated
-2.234933376312256,-16.707313537597656,9.345859175850933,12,734,hallucinated
-0.32218360900878906,-0.5761920213699341,1.3801381584941494,3,735,grounded
-3.1685163974761963,-13.838907241821289,23.772189700646106,17,735,hallucinated
-0.0007608282030560076,-0.001498172408901155,1.0007611177062494,2,736,grounded
-3.9991378784179688,-16.361495971679688,54.55110007396848,6,736,hallucinated
-2.622597548906924e-06,-5.245195097813848e-06,1.000002622600988,2,737,grounded
-3.3032310009002686,-12.001100540161133,27.200381553350354,12,737,hallucinated
-0.7728595733642578,-23.386913299560547,2.16595110263724,34,738,hallucinated
-1.8298431314178742e-05,-2.5629668016335927e-05,1.0000182985987316,2,739,grounded
-4.796781063079834,-19.045873641967773,121.11991199311299,10,739,hallucinated
-4.074913522345014e-05,-0.00035982808913104236,1.0000407499654806,9,740,grounded
-2.3438286781311035,-13.125007629394531,10.421059161443926,16,740,hallucinated
-5.603636741638184,-12.955574989318848,271.41166888688,6,741,hallucinated
-0.2361939400434494,-2.3502211570739746,1.2664198958812904,10,742,grounded
-1.0002890825271606,-13.750000953674316,2.719067749832146,39,742,hallucinated
-1.865594276750926e-05,-3.516612196108326e-05,1.0000186561167907,2,743,grounded
-1.683655858039856,-14.842586517333984,5.385207581919499,11,743,hallucinated
-1.8209772109985352,-12.875046730041504,6.1778926056837005,21,744,hallucinated
-1.2151267528533936,-16.394237518310547,3.370721285786233,15,745,hallucinated
-3.018842835444957e-05,-0.00010215714428341016,1.0000301888840297,4,746,grounded
-1.0264239311218262,-11.152083396911621,2.7910669194025317,29,746,hallucinated
-3.572723150253296,-12.503626823425293,35.61344197837016,10,747,hallucinated
-0.9074507355690002,-7.38063383102417,2.4779974039545185,27,748,hallucinated
-1.377776861190796,-7.341713905334473,3.9660746848187944,19,749,hallucinated
-8.1134625361301e-05,-0.00020358874462544918,1.000081137916864,3,750,grounded
-3.851346969604492,-21.625,47.056404108915686,14,750,hallucinated
-2.5775773525238037,-12.500754356384277,13.1652048434055,6,751,hallucinated
-0.00044592804624699056,-0.0017692878609523177,1.000446027486939,4,752,grounded
-1.2615628242492676,-18.500017166137695,3.5309354090777303,24,752,hallucinated
-4.2256349843228236e-05,-0.000163541772053577,1.0000422572426553,4,753,grounded
-2.0662448406219482,-18.375,7.8951199489699215,23,753,hallucinated
-2.303464889526367,-14.25599193572998,10.008801836668155,13,754,hallucinated
-1.0991753339767456,-7.922119140625,3.001689611545198,36,755,hallucinated
-2.0574352741241455,-11.088223457336426,7.825872831162176,21,756,hallucinated
-1.9622052907943726,-11.154428482055664,7.1150004215819544,10,757,hallucinated
-6.800732612609863,-19.500001907348633,898.5053069037175,7,758,hallucinated
-2.9016562621109188e-05,-0.00018225439998786896,1.0000290169836057,7,759,grounded
-2.8934273719787598,-13.77220630645752,18.055085170137694,13,759,hallucinated
-0.5143651962280273,-3.171351432800293,1.6725764069102567,10,760,hallucinated
-3.4947304725646973,-8.791659355163574,32.94140814313009,7,761,hallucinated
-3.993502559751505e-06,-5.006777428206988e-06,1.0000039935105338,2,762,grounded
-0.5522546768188477,-20.250003814697266,1.7371653521352848,43,762,hallucinated
-3.582138742785901e-05,-6.282132380874828e-05,1.0000358220290215,2,763,grounded
-2.667250871658325,-29.187639236450195,14.400326380798441,18,763,hallucinated
-1.632588267326355,-12.375049591064453,5.117102021221919,19,764,hallucinated
-2.077470064163208,-8.597518920898438,7.98424371654962,13,765,hallucinated
-0.08063621073961258,-0.16124893724918365,1.0839764858258583,2,766,grounded
-3.1278951168060303,-19.93873405456543,22.825883123752146,12,766,hallucinated
-0.8778823614120483,-6.3868842124938965,2.4057996940645694,12,767,hallucinated
-1.5497192862312659e-06,-2.3841830625315197e-06,1.000001549720487,2,768,grounded
-1.776269793510437,-21.68785858154297,5.907778033764212,25,768,hallucinated
-7.313479423522949,-24.312501907348633,1500.3886049782225,6,769,hallucinated
-3.1888366720522754e-06,-9.298280929215252e-06,1.0000031888417564,4,770,grounded
-0.9096167683601379,-14.625001907348633,2.483370644794964,20,770,hallucinated
-7.073042979754973e-06,-1.4781842764932662e-05,1.0000070730679937,3,771,grounded
-1.690408706665039,-9.173747062683105,5.421696135716228,16,771,hallucinated
-9.536738616588991e-07,-1.1920922133867862e-06,1.0000009536743164,2,772,grounded
-5.723790168762207,-21.68811798095703,306.0627568782633,8,772,hallucinated
-3.6639373302459717,-15.350343704223633,39.014654433083194,13,773,hallucinated
-1.513942152087111e-05,-2.4437606043647975e-05,1.0000151395361225,2,774,grounded
-8.669891357421875,-25.125024795532227,5824.866486635084,3,774,hallucinated
-1.4196971654891968,-13.466902732849121,4.13586776709264,12,775,hallucinated
-6.4968767219397705e-06,-1.0609570381348021e-05,1.0000064968978266,2,776,grounded
-4.183848857879639,-15.571454048156738,65.61792187025634,6,776,hallucinated
-0.00034015378332696855,-0.0018542492762207985,1.0003402116421853,6,777,grounded
-6.092028617858887,-11.91059684753418,442.31779540706987,8,777,hallucinated
-6.441040022764355e-05,-9.011816291604191e-05,1.000064412474622,3,778,grounded
-1.5657240152359009,-12.184993743896484,4.786138919254265,25,778,hallucinated
-0.0027418895624578,-0.004631862044334412,1.002745651979569,3,779,grounded
-2.326787233352661,-9.71013069152832,10.244973892308387,9,779,hallucinated
-1.2092453241348267,-9.349858283996582,3.3509548133418816,15,780,hallucinated
-4.004517555236816,-17.000003814697266,54.8453581595051,16,781,hallucinated
-0.4065242409706116,-1.9590909481048584,1.5015895409125886,5,782,grounded
-2.47243595123291,-10.875699043273926,11.851280860492267,18,782,hallucinated
-0.8657509088516235,-5.1941142082214355,2.3767901688277027,6,783,grounded
-1.3506207466125488,-19.141389846801758,3.8598207578659776,27,783,hallucinated
-1.797953486442566,-29.687501907348633,6.037279438841998,23,784,hallucinated
-6.437280717364047e-06,-6.6756979322235566e-06,1.0000064373014368,2,785,grounded
-1.096374273300171,-7.664247035980225,2.9932934613637108,19,785,hallucinated
-2.516035556793213,-16.37674331665039,12.379421737970674,17,786,hallucinated
-2.400130033493042,-25.19060516357422,11.024609855968677,24,787,hallucinated
-0.14001533389091492,-0.34849604964256287,1.150291437165413,3,788,grounded
-4.2042999267578125,-18.84374237060547,66.97369475885395,5,788,hallucinated
-1.32320674310904e-05,-2.610649426060263e-05,1.0000132321549753,4,789,grounded
-4.076543807983398,-10.771920204162598,58.94140459665288,7,789,hallucinated
-2.7418095669418108e-06,-4.172316494077677e-06,1.0000027418133257,3,790,grounded
-2.9729526042938232,-16.625158309936523,19.549556569239865,9,790,hallucinated
-0.0006272979080677032,-0.0010356307029724121,1.0006274947005473,4,791,grounded
-1.3104723691940308,-10.00009536743164,3.707924808048878,10,791,hallucinated
-5.907027721405029,-19.141830444335938,367.61188503960375,5,792,hallucinated
-1.940886378288269,-14.625129699707031,6.964921790847627,13,793,hallucinated
-0.002617589198052883,-0.005234820768237114,1.0026210180758028,2,794,grounded
-1.1161004304885864,-13.504518508911133,3.052925864094671,24,794,hallucinated
-2.6923913955688477,-11.75586223602295,14.766947342112058,7,795,hallucinated
-7.54351494833827e-05,-0.0001419681793777272,1.0000754379947858,6,796,grounded
-0.5851051211357117,-11.750040054321289,1.7951796870489822,31,796,hallucinated
-0.2618362009525299,-2.351827383041382,1.2993136986518496,9,797,grounded
-3.887296438217163,-11.976827621459961,48.77883151004098,8,797,hallucinated
-6.624277591705322,-28.577241897583008,753.1599270015481,8,798,hallucinated
-6.0001689234923106e-06,-1.3470558769768104e-05,1.0000060001869246,3,799,grounded
-2.1950888633728027,-17.949241638183594,8.980799085458285,10,799,hallucinated
-1.869070291519165,-10.885327339172363,6.4822669783343185,13,800,hallucinated
-2.5391060262336396e-05,-5.328513361746445e-05,1.000025391382618,3,801,grounded
-0.5797085165977478,-8.152915000915527,1.7855179060575648,20,801,hallucinated
-4.132394678890705e-05,-0.00010656742961145937,1.000041324800635,3,802,grounded
-1.1852635145187378,-13.125004768371582,3.2715488084977133,27,802,hallucinated
-0.00010615013161441311,-0.0004012971476186067,1.000106155765739,5,803,grounded
-3.763439893722534,-12.819493293762207,43.096418392836966,10,803,hallucinated
-3.9415249824523926,-15.766012191772461,51.49707358445705,4,804,grounded
-2.620285749435425,-9.828697204589844,13.739649121170663,15,804,hallucinated
-0.00030875400989316404,-0.0011887634173035622,1.0003088016793185,4,805,grounded
-0.6392875909805298,-5.2555155754089355,1.8951302903642748,14,805,hallucinated
-3.535522937774658,-11.588147163391113,34.31295356294739,8,806,hallucinated
-0.006142627447843552,-0.016235753893852234,1.006161532072024,3,807,grounded
-1.135537028312683,-19.875017166137695,3.1128447798939627,21,807,hallucinated
-1.3431144952774048,-17.130220413208008,3.8309564400877667,17,808,hallucinated
-1.9885739088058472,-11.970658302307129,7.3051085794282,12,809,hallucinated
-2.427052277198527e-05,-5.3165931603871286e-05,1.0000242708173035,5,810,grounded
-0.6057614684104919,-10.00005054473877,1.8326471806405413,21,810,hallucinated
-0.00026939812232740223,-0.00045110538485459983,1.0002694344132603,3,811,grounded
-1.976024866104126,-14.054051399230957,7.214009260060669,10,811,hallucinated
-6.806356395827606e-05,-0.00016985881666187197,1.0000680658803351,3,812,grounded
-9.761608123779297,-19.51852798461914,17354.517459323022,6,812,hallucinated
-3.209240436553955,-18.500011444091797,24.7602720826369,10,813,hallucinated
-3.04970121383667,-12.188315391540527,21.109036392216225,4,814,hallucinated
-0.0006418865523301065,-0.002755656372755766,1.0006420926055883,5,815,grounded
-4.90954065322876,-12.125177383422852,135.57712318913428,14,815,hallucinated
-2.1915156841278076,-15.125007629394531,8.948766344007897,9,816,hallucinated
-0.0005241511389613152,-0.0015670888824388385,1.000524288530173,3,817,grounded
-1.1323713064193726,-8.8988037109375,3.103005960723286,13,817,hallucinated
-0.07988607883453369,-0.31945621967315674,1.0831636653788745,4,818,grounded
-2.305103063583374,-16.52967643737793,10.025211433396779,14,818,hallucinated
-0.9949816465377808,-6.194619655609131,2.704674700678981,23,819,hallucinated
-1.600404977798462,-16.648387908935547,4.9550386987829285,13,820,hallucinated
-1.3381071767071262e-05,-3.218599158572033e-05,1.000013381161294,4,821,grounded
-5.114551544189453,-10.393370628356934,166.4261294808272,8,821,hallucinated
-3.6177620887756348,-12.006247520446777,37.25410308810098,10,822,hallucinated
-2.6874403953552246,-16.815444946289062,14.694016871030685,11,823,hallucinated
-2.9025841286056675e-05,-0.00011383838864276186,1.0000290262625398,4,824,grounded
-2.0009050369262695,-15.250000953674316,7.395746494621364,15,824,hallucinated
-6.063576438464224e-05,-8.49926145747304e-05,1.0000606376027699,3,825,grounded
-1.4906425476074219,-13.443136215209961,4.439947480275625,20,825,hallucinated
-0.37558963894844055,-0.6936196088790894,1.4558495872070345,2,826,grounded
-2.582493305206299,-20.469743728637695,13.230083707525731,9,826,hallucinated
-0.2720620334148407,-1.3145228624343872,1.3126684280906395,6,827,grounded
-2.432243824005127,-9.150541305541992,11.384398028227015,16,827,hallucinated
-0.6529295444488525,-4.15505838394165,1.921160718855363,15,828,hallucinated
-0.00022629099839832634,-0.0008348317351192236,1.0002263166041376,4,829,grounded
-8.210411071777344,-15.534506797790527,3679.0545109422173,6,829,hallucinated
-0.616169273853302,-2.463951349258423,1.8518206195772369,4,830,grounded
-2.0795273780822754,-11.875016212463379,8.000686720691911,18,830,hallucinated
-0.616254985332489,-2.0184128284454346,1.8519793486640852,5,831,hallucinated
-0.9993107318878174,-10.592218399047852,2.7164088490414096,13,832,hallucinated
-2.8534812927246094,-6.863155841827393,17.348070550148297,6,833,hallucinated
-2.5152823582175188e-05,-3.1470757676288486e-05,1.0000251531399171,2,834,grounded
-1.0046604871749878,-6.009995937347412,2.730979912704294,21,834,hallucinated
-0.021183548495173454,-0.0529104620218277,1.0214095126119083,3,835,grounded
-1.243805170059204,-9.728424072265625,3.468787710882244,16,835,hallucinated
-1.4412977695465088,-8.647416114807129,4.226176863291142,6,836,grounded
-0.8235634565353394,-10.233070373535156,2.2786050978114387,19,836,hallucinated
-6.437262527470011e-06,-1.2516897186287679e-05,1.0000064372832467,2,837,grounded
-4.11022424697876,-9.132808685302734,60.960386219421956,5,837,hallucinated
-3.063599797314964e-05,-5.602679812000133e-05,1.0000306364672602,2,838,grounded
-10.10855484008789,-20.43860626220703,24552.153297969377,4,838,hallucinated
-0.032156769186258316,-0.16371089220046997,1.032679384922759,7,839,grounded
-5.892299652099609,-20.187885284423828,362.23734715407426,8,839,hallucinated
-2.920623273894307e-06,-3.099436753473128e-06,1.000002920627539,2,840,grounded
-4.951056480407715,-19.500173568725586,141.32419131895057,12,840,hallucinated
-0.0009667157428339124,-0.002396213822066784,1.0009671831631064,3,841,grounded
-1.8198394775390625,-13.326807975769043,6.170867807488925,22,841,hallucinated
-0.0001217581593664363,-0.00023767507809679955,1.000121765572192,2,842,grounded
-2.6787619590759277,-10.125076293945312,14.567047526504538,19,842,hallucinated
-0.004633048083633184,-0.01850835047662258,1.0046437972449551,4,843,grounded
-1.3026705980300903,-8.642087936401367,3.6791089806116184,18,843,hallucinated
-6.650911331176758,-17.496273040771484,773.4889089895895,9,844,hallucinated
-2.4434926509857178,-10.479538917541504,11.513182128974586,15,845,hallucinated
-0.18292519450187683,-0.7177668213844299,1.2007245839205933,4,846,grounded
-2.496040105819702,-11.759064674377441,12.134347963208423,10,846,hallucinated
-9.238713118975284e-07,-1.7881377516459906e-06,1.0000009238717387,4,847,grounded
-1.7375919818878174,-15.400205612182617,5.683640621437019,40,847,hallucinated
-0.00722639262676239,-0.020719047635793686,1.0072525660103577,3,848,grounded
-0.9062471389770508,-4.589009761810303,2.475016688873349,9,848,hallucinated
-2.522731304168701,-7.654053688049316,12.46258934249652,7,849,hallucinated
-1.482182502746582,-8.880398750305176,4.402543767047722,6,850,grounded
-1.0573147535324097,-11.62559700012207,2.8786307686158894,28,850,hallucinated
-0.22339174151420593,-2.838231086730957,1.250310276252165,18,851,hallucinated
-4.418550491333008,-10.710970878601074,82.9759238261381,6,852,hallucinated
-0.1580899953842163,-0.4741462171077728,1.1712715990022222,3,853,grounded
-6.461295127868652,-10.403772354125977,639.8892585516545,2,853,hallucinated
-0.3569023609161377,-0.7137969732284546,1.428896346912295,2,854,grounded
-1.0269328355789185,-13.384937286376953,2.7924876672796595,33,854,hallucinated
-0.08237302303314209,-0.16429995000362396,1.0858607853759807,2,855,grounded
-0.7320890426635742,-4.258596897125244,2.079420070677431,11,855,hallucinated
-3.712175130844116,-17.726207733154297,40.94276561542168,10,856,hallucinated
-1.6300315856933594,-3.7499170303344727,5.104035930504512,3,857,grounded
-1.706743597984314,-11.345935821533203,5.510986239508781,11,857,hallucinated
-7.625716686248779,-22.002262115478516,2050.2493240988247,6,858,hallucinated
-0.0004457515897229314,-0.0023569681216031313,1.0004458509517258,6,859,grounded
-2.0884737968444824,-7.001941680908203,8.072585352561315,6,859,hallucinated
-1.2218817573739216e-05,-2.992108420585282e-05,1.0000122188922238,4,860,grounded
-1.1842046976089478,-3.8674564361572266,3.2680866705066456,10,860,hallucinated
-0.00017813094018492848,-0.0003296785580459982,1.000178146806443,2,861,grounded
-4.687788009643555,-18.18766975402832,108.6126637311027,17,861,hallucinated
-4.533292770385742,-22.169116973876953,93.06449713723633,7,862,hallucinated
-1.7440714836120605,-5.230410575866699,5.720587349573913,3,863,grounded
-5.147541046142578,-22.359752655029297,172.00801011112083,8,863,hallucinated
-0.9295940399169922,-4.766781330108643,2.5334804768815706,6,864,hallucinated
-2.4114177227020264,-11.752899169921875,11.14975720911769,10,865,hallucinated
-0.44499361515045166,-2.6822049617767334,1.5604802323693523,15,866,hallucinated
-2.300686901435256e-05,-4.577531944960356e-05,1.0000230071336744,2,867,grounded
-1.5326814651489258,-21.312685012817383,4.630576920285662,17,867,hallucinated
-6.485742092132568,-21.00003433227539,655.7253923843207,8,868,hallucinated
-0.0004259595007169992,-0.0017030035378411412,1.0004260502343476,4,869,grounded
-1.4381051063537598,-17.125,4.2127056199878,23,869,hallucinated
-1.0391578674316406,-2.0783097743988037,2.8268354415015966,2,870,grounded
-1.2902162075042725,-7.9184465408325195,3.6335720763822503,9,870,hallucinated
-1.621194496692624e-05,-6.437094270950183e-05,1.0000162120763811,4,871,grounded
-2.2651498317718506,-14.112823486328125,9.632567757686836,13,871,hallucinated
-1.4362711906433105,-18.968673706054688,4.20498695282361,17,872,hallucinated
-0.8734920024871826,-4.789752006530762,2.3952605222086634,9,873,hallucinated
-0.7271061539649963,-11.133618354797363,2.0690843242304044,25,874,hallucinated
-0.0005960505804978311,-0.0011888825101777911,1.0005962282539442,2,875,grounded
-5.553483486175537,-29.562517166137695,258.1352019366509,8,875,hallucinated
-4.404593346407637e-05,-8.713819261174649e-05,1.0000440469035003,2,876,grounded
-3.337400436401367,-13.490878105163574,28.14586455690438,13,876,hallucinated
-9.377513379149605e-06,-7.1403817855753e-05,1.0000093775573482,9,877,grounded
-1.2922314405441284,-17.0,3.6409019541085073,15,877,hallucinated
-0.0020739343017339706,-0.005257352255284786,1.0020760863909848,4,878,grounded
-4.918973922729492,-15.185508728027344,136.86211001496076,7,878,hallucinated
-3.224508327548392e-05,-6.41325386823155e-05,1.0000322456031538,2,879,grounded
-4.9074859619140625,-10.294010162353516,135.29884004253174,7,879,hallucinated
-0.00018761820683721453,-0.0005993238883093,1.0001876358082338,4,880,grounded
-1.2806367874145508,-13.648367881774902,3.598930749851495,16,880,hallucinated
-0.011643759906291962,-0.023286327719688416,1.0117118123509588,2,881,grounded
-3.649825096130371,-18.440282821655273,38.46793726951941,8,881,hallucinated
-0.00039490722701884806,-0.0035359261091798544,1.0003949852131433,9,882,grounded
-1.5820860862731934,-16.716564178466797,4.865094239053102,38,882,hallucinated
-2.6436755657196045,-14.054281234741211,14.064804832288635,9,883,hallucinated
-0.6346234083175659,-5.16505241394043,1.886311638408862,20,884,hallucinated
-0.00023464480182155967,-0.0009297577198594809,1.0002346723330664,4,885,grounded
-4.135146141052246,-10.523970603942871,62.49872403239306,4,885,hallucinated
-0.03619563207030296,-0.3256199061870575,1.036858669459056,9,886,grounded
-1.2616761922836304,-8.69546890258789,3.5313357269757173,13,886,hallucinated
-1.5488905906677246,-12.2572021484375,4.7062461319425175,16,887,hallucinated
-3.5682267480297014e-05,-7.068861305015162e-05,1.0000356829041,3,888,grounded
-1.459147334098816,-11.925870895385742,4.302289548339264,10,888,hallucinated
-0.00022470981639344245,-0.0008434075862169266,1.0002247350655356,4,889,grounded
-1.2618486881256104,-8.893024444580078,3.5319449202453983,13,889,hallucinated
-0.00021621538326144218,-0.0006480501033365726,1.0002162387594922,3,890,grounded
-2.736027240753174,-9.75145435333252,15.425581085529524,6,890,hallucinated
-1.9904779195785522,-17.9134521484375,7.319030834715257,9,891,grounded
-1.0486514568328857,-4.636946201324463,2.853800049423673,9,891,hallucinated
-4.2912761273328215e-05,-0.0001245659514097497,1.000042913682039,3,892,grounded
-3.9281132221221924,-24.06374168395996,50.81101806560521,15,892,hallucinated
-5.706815242767334,-22.56273651123047,300.91121148148227,9,893,hallucinated
-9.280024096369743e-05,-0.000398198957554996,1.0000928045470392,5,894,grounded
-2.6881730556488037,-13.625944137573242,14.704786538517386,14,894,hallucinated
-1.5020146747701801e-05,-2.992108420585282e-05,1.0000150202595506,2,895,grounded
-0.66957026720047,-18.875015258789062,1.9533977011801273,31,895,hallucinated
-0.0014262989861890674,-0.005675274413079023,1.0014273166343541,4,896,grounded
-1.3464479446411133,-8.890758514404297,3.843748047638494,13,896,hallucinated
-1.9436979293823242,-15.882454872131348,6.984531578370825,15,897,hallucinated
-0.8358679413795471,-6.396170616149902,2.306815360156739,18,898,hallucinated
-2.708981990814209,-8.126866340637207,15.013983359443484,3,899,grounded
-1.8846105337142944,-9.416051864624023,6.583789778471607,12,899,hallucinated
-9.179062544717453e-06,-1.4424220353248529e-05,1.0000091791046724,5,900,grounded
-8.185005187988281,-28.75,3586.7622272866765,5,900,hallucinated
-1.8097766637802124,-13.0879545211792,6.109082900380249,20,901,hallucinated
-2.703101873397827,-26.43755340576172,14.925958426500411,10,902,hallucinated
-0.37344861030578613,-4.894437789916992,1.4527359059712097,17,903,grounded
-2.6569082736968994,-7.483799934387207,14.252157142752894,9,903,hallucinated
-0.00017717327864374965,-0.00035398892941884696,1.000177188974756,2,904,grounded
-1.879178524017334,-7.246151924133301,6.548123525966426,12,904,hallucinated
-4.2554612159729,-8.510913848876953,70.48932049286499,2,905,grounded
-1.6789854764938354,-7.281275272369385,5.3601152488026305,12,905,hallucinated
-0.5039858818054199,-10.000075340270996,1.6553059930599838,23,906,hallucinated
-1.8693536520004272,-6.236899375915527,6.484104056890409,9,907,hallucinated
-1.4948103427886963,-13.500094413757324,4.458490887708728,21,908,hallucinated
-1.643045425415039,-3.964947462081909,5.170893126881367,4,909,hallucinated
-2.504181146621704,-9.757173538208008,12.233537389840155,8,910,hallucinated
-0.001459232997149229,-0.0032234634272754192,1.0014602981956804,3,911,grounded
-1.5103553533554077,-5.175868511199951,4.528339669133642,27,911,hallucinated
-0.0007242331630550325,-0.002877739956602454,1.0007244954832155,4,912,grounded
-1.495766282081604,-8.170310020446777,4.462754972113559,9,912,hallucinated
-1.491986632347107,-9.737096786499023,4.445919158250467,15,913,hallucinated
-0.0027689076960086823,-0.013238037936389446,1.002772744661507,5,914,grounded
-1.9601192474365234,-13.082673072814941,7.100173692188243,12,914,hallucinated
-2.7330925464630127,-18.313011169433594,15.380378081736273,23,915,hallucinated
-2.0339438915252686,-7.590211868286133,7.644174783183732,10,916,hallucinated
-2.9026903575868346e-05,-4.565611743601039e-05,1.0000290273248604,2,917,grounded
-2.8516499996185303,-20.382509231567383,17.316330219940436,12,917,hallucinated
-2.7990670204162598,-8.397015571594238,16.42931140630132,3,918,grounded
-3.666337013244629,-7.940234661102295,39.108389658457085,4,918,hallucinated
-0.00036462803836911917,-0.0017716678557917476,1.0003646945232527,8,919,grounded
-2.798252582550049,-9.82541275024414,16.415936200352675,10,919,hallucinated
-1.800268530845642,-7.2671990394592285,6.051272199498381,10,920,hallucinated
-2.057494202745147e-05,-7.080780778778717e-05,1.000020575153693,5,921,grounded
-0.63890141248703,-5.8891801834106445,1.8943985730995854,15,921,hallucinated
-4.927942276000977,-11.12513542175293,138.09505826080849,6,922,hallucinated
-1.7667081356048584,-11.632067680358887,5.851559082730957,9,923,hallucinated
-2.391852617263794,-12.701391220092773,10.933731210496513,9,924,hallucinated
-0.0016444454668089747,-0.00567491864785552,1.0016457983087121,4,926,grounded
-2.6541011333465576,-15.170015335083008,14.212205438613509,11,926,hallucinated
-2.723320722579956,-14.52334976196289,15.230815674739858,12,927,hallucinated
-0.9433910846710205,-4.38803768157959,2.5686772679230687,6,928,hallucinated
-0.1668613851070404,-0.49962007999420166,1.1815904679200122,3,929,grounded
-5.260550498962402,-23.032882690429688,192.58748132951115,8,929,hallucinated
-1.501542329788208,-7.396115303039551,4.48860664611304,19,930,hallucinated
-2.0265558760002023e-06,-2.145764938177308e-06,1.0000020265579295,2,931,grounded
-2.363431453704834,-9.593457221984863,10.627356236977542,17,931,hallucinated
-7.241701678140089e-05,-7.4741430580616e-05,1.0000724196389568,2,932,grounded
-3.8436439037323,-8.298835754394531,46.69531804869518,5,932,hallucinated
-1.6570390462875366,-6.628122329711914,5.243761300577415,4,933,grounded
-2.9735352993011475,-15.726667404174805,19.56095131775729,18,933,hallucinated
-0.0020595116075128317,-0.01820673607289791,1.0020616338582269,9,934,grounded
-1.429984211921692,-10.987914085388184,4.178633218813974,26,934,hallucinated
-0.00010945623216684908,-0.0003252692404203117,1.000109462222719,3,935,grounded
-1.9443609714508057,-11.76411247253418,6.989164152261893,15,935,hallucinated
-0.6936129331588745,-4.15445613861084,2.0009317221570235,6,936,grounded
-3.057828426361084,-9.173279762268066,21.281293052252735,3,936,hallucinated
-0.0011140526039525867,-0.004434395115822554,1.0011146733910632,4,937,grounded
-2.572286367416382,-18.87506103515625,13.095731892887931,9,937,hallucinated
-1.6831321716308594,-10.12830924987793,5.3823881602100725,19,938,hallucinated
-3.3143444061279297,-6.62638521194458,27.50435638504337,2,939,grounded
-0.8674010038375854,-3.9303512573242188,2.3807153359266184,8,939,hallucinated
-2.2055649757385254,-24.689443588256836,9.075377487808428,12,940,hallucinated
-5.30479519511573e-06,-8.106198947643861e-06,1.0000053048092656,2,941,grounded
-0.899901270866394,-13.040777206420898,2.4593602886597954,16,941,hallucinated
-0.000329074653564021,-0.0011724510695785284,1.0003291288045675,5,942,grounded
-0.40636396408081055,-3.3967580795288086,1.5013488900971106,18,942,hallucinated
-0.016455652192234993,-0.06544128805398941,1.0165917921689864,4,943,grounded
-4.41172456741333,-13.833684921264648,82.41146515058486,9,943,hallucinated
-6.760016441345215,-21.129844665527344,862.6563789039694,6,944,hallucinated
-4.404853343963623,-14.000046730041504,81.84713858600692,6,945,hallucinated
-6.977391242980957,-9.68430233001709,1072.1178207216344,5,946,hallucinated
-6.8097052574157715,-14.647612571716309,906.6035528898816,3,947,hallucinated
-4.55753252026625e-05,-0.00011753345461329445,1.0000455763637737,3,948,grounded
-1.3305988311767578,-9.631868362426758,3.7833082723040445,24,948,hallucinated
-0.38238853216171265,-1.9118248224258423,1.465781477758275,5,949,grounded
-3.3961117267608643,-15.255223274230957,29.84781765440923,15,949,hallucinated
-2.0225391387939453,-18.190065383911133,7.557490108164535,13,950,hallucinated
-0.0001172462580143474,-0.0007340597221627831,1.0001172531316256,7,951,grounded
-5.005999565124512,-8.875140190124512,149.30624991531113,7,951,hallucinated
-0.0004753282410092652,-0.0031254275236278772,1.0004754412273789,8,953,grounded
-2.3829543590545654,-12.875020027160645,10.836871626890593,11,953,hallucinated
-3.627138137817383,-25.000585556030273,37.60504202507819,11,954,hallucinated
-1.6224080324172974,-15.252891540527344,5.065272984095969,21,955,hallucinated
-0.8911845088005066,-3.5632526874542236,2.4380157927847494,4,956,grounded
-0.9125219583511353,-4.399298191070557,2.49059579847647,17,956,hallucinated
-1.9280716180801392,-9.62863826751709,6.876237436226751,5,957,hallucinated
-1.7232764959335327,-18.125957489013672,5.602856157990619,19,958,hallucinated
-0.0024966788478195667,-0.009438770823180676,1.0024997981458759,4,959,grounded
-1.87480890750885,-9.876482963562012,6.519573159810712,15,959,hallucinated
-1.9510105630615726e-05,-5.364274329622276e-05,1.000019510295954,3,960,grounded
-2.637063980102539,-13.62501335144043,13.97212090244602,10,960,hallucinated
-1.2019238471984863,-4.267991065979004,3.326510468507585,7,961,grounded
-3.00665020942688,-18.18854331970215,20.21955508066975,16,961,hallucinated
-5.722021796827903e-06,-9.059865078597795e-06,1.0000057220381677,3,962,grounded
-1.2400838136672974,-8.625216484069824,3.4559031045376356,33,962,hallucinated
-0.475596159696579,-0.9272060394287109,1.6089731165478987,2,963,grounded
-3.059556007385254,-19.506986618041992,21.318089985990028,8,963,hallucinated
-0.3919934630393982,-3.452564001083374,1.479928037139396,16,964,hallucinated
-3.486750938463956e-05,-6.949660019017756e-05,1.0000348681172633,2,965,grounded
-2.404816150665283,-11.790010452270508,11.076393707366538,11,965,hallucinated
-0.004029490053653717,-0.007593575865030289,1.0040376193640241,2,966,grounded
-2.393545150756836,-25.000118255615234,10.952252586377236,16,966,hallucinated
-2.384180106673739e-06,-4.768360213347478e-06,1.0000023841829488,2,967,grounded
-1.981916904449463,-8.796760559082031,7.256639946733928,8,967,hallucinated
-0.00029421012732200325,-0.0008119623525999486,1.0002942534113664,5,968,grounded
-2.970010757446289,-15.12948989868164,19.492129280437076,12,968,hallucinated
-1.2072316408157349,-8.652170181274414,3.344213840900946,10,969,hallucinated
-0.008436601608991623,-0.12304067611694336,1.008472290024728,18,970,grounded
-1.8720757961273193,-16.383649826049805,6.501778768308737,19,970,hallucinated
-2.3176867961883545,-4.635042190551758,10.152163101070842,2,971,grounded
-4.020509719848633,-22.50037956237793,55.729505023228505,10,971,hallucinated
-0.9917847514152527,-13.405793190002441,2.6960419456788602,24,972,hallucinated
-1.2823030948638916,-11.375168800354004,3.604932674106447,19,973,hallucinated
-0.1601894497871399,-0.4795393943786621,1.1737332134372254,3,974,grounded
-6.18800687789917,-13.238907814025879,486.87473770792593,7,974,hallucinated
-1.4184882640838623,-7.78070068359375,4.130870931685946,7,975,hallucinated
-5.403488830779679e-05,-0.0004312062228564173,1.0000540363482187,8,976,grounded
-1.3799899816513062,-11.625011444091797,3.9748618057436946,16,976,hallucinated
-1.9784212112426758,-16.505001068115234,7.231317245751605,17,977,hallucinated
-9.000335558084771e-05,-0.00048303857329301536,1.0000900074060044,6,978,grounded
-3.7974860668182373,-10.603063583374023,44.58894983666169,5,978,hallucinated
-3.6284122467041016,-19.296045303344727,37.65298547941263,10,979,hallucinated
-0.0001925458782352507,-0.0003833036171272397,1.0001925644163827,2,980,grounded
-2.594857931137085,-7.234872341156006,13.39468425866349,8,980,hallucinated
-0.005373745691031218,-0.012906116433441639,1.0053882101602603,3,981,grounded
-0.7874254584312439,-11.818267822265625,2.197730986648315,17,981,hallucinated
-5.930605311732506e-06,-2.13382354559144e-05,1.0000059306228979,4,982,grounded
-1.87308669090271,-14.000019073486328,6.508354705726756,14,982,hallucinated
-2.550581932067871,-18.815006256103516,12.814558816001815,15,983,hallucinated
-0.1531427800655365,-0.3053959310054779,1.1654913759984111,2,984,grounded
-2.708946466445923,-9.262542724609375,15.01345000664275,11,984,hallucinated
-1.3149149417877197,-10.9015531539917,3.724434178064939,13,985,hallucinated
-0.00010000674956245348,-0.0001984637783607468,1.0001000117504042,2,986,grounded
-2.7905290126800537,-8.256603240966797,16.2896349462672,8,986,hallucinated
-1.6059690713882446,-6.328254699707031,4.982685842162975,5,987,grounded
-1.3095077276229858,-9.753193855285645,3.7043497142560002,22,987,hallucinated
-4.052916483487934e-05,-0.0001209901092806831,1.0000405299861526,4,988,grounded
-4.26409387588501,-22.62558364868164,71.10046492981051,12,988,hallucinated
-3.194719465682283e-05,-5.972207145532593e-05,1.000031947704974,2,989,grounded
-1.218854308128357,-10.500205993652344,3.3833092823464868,27,989,hallucinated
-0.874774158000946,-7.001796245574951,2.39833358834747,17,990,hallucinated
-1.0073093108076137e-05,-1.9192511899746023e-05,1.000010073143842,2,991,grounded
-2.6298904418945312,-8.688905715942383,13.872250001443959,7,991,hallucinated
-1.760291343089193e-05,-4.327203714638017e-05,1.0000176030683632,3,992,grounded
-2.4594357013702393,-18.688541412353516,11.69820839411554,37,992,hallucinated
-1.2353326082229614,-15.14133358001709,3.439522343886718,27,993,hallucinated
-6.854525622657093e-07,-2.622600959512056e-06,1.0000006854527972,4,994,grounded
-3.6808745861053467,-15.25,39.6810834251573,10,994,hallucinated
-7.9472818015347e-07,-1.311301275563892e-06,1.000000794728496,3,995,grounded
-0.9848721027374268,-8.1270170211792,2.677469421511847,38,995,hallucinated
-3.7013698602095246e-05,-5.1020273531321436e-05,1.0000370143836175,2,996,grounded
-0.2904648780822754,-1.5466649532318115,1.337048908304348,6,996,hallucinated
-0.0014995366800576448,-0.005972159560769796,1.0015006615473747,4,997,grounded
-2.2793467044830322,-14.904546737670898,9.770295433911595,17,997,hallucinated
-8.360040374100208e-05,-0.00015209948469419032,1.000083603898352,3,998,grounded
-4.397216320037842,-22.07693099975586,81.22445079761222,7,998,hallucinated
-0.00014065498544368893,-0.0002051381452474743,1.00014066487782,2,999,grounded
-2.1953327655792236,-19.75054359436035,8.982989789318543,18,999,hallucinated
-3.516657216096064e-06,-1.2516897186287679e-05,1.0000035166633996,8,1000,grounded
-1.6283130645751953,-14.388757705688477,5.095272069566991,24,1000,hallucinated
-6.505156488856301e-05,-0.0002343380037928,1.0000650536807876,4,1001,grounded
-3.234465839341283e-05,-6.05564855504781e-05,1.0000323451814874,3,1001,hallucinated
-3.16449236869812,-20.635536193847656,23.676721936512173,17,1002,hallucinated
-10.808581352233887,-14.489923477172852,49443.27600799153,3,1003,hallucinated
-0.007402078248560429,-0.031228046864271164,1.007429541349281,6,1004,grounded
-0.274988055229187,-4.066143989562988,1.3165149493043613,31,1004,hallucinated
-8.478677045786753e-06,-3.0278701160568744e-05,1.00000847871299,8,1005,grounded
-2.7300682067871094,-18.500011444091797,15.333932862534311,11,1005,hallucinated
-1.1324833631515503,-5.756701946258545,3.103353692913675,13,1006,hallucinated
-0.5603833198547363,-6.155131816864014,1.7513436964577946,11,1007,grounded
-2.9968247413635254,-10.090353965759277,20.021861295397173,10,1007,hallucinated
-3.4544100761413574,-7.56176233291626,31.63961821007734,4,1008,hallucinated
-0.00041059523937292397,-0.0036548261996358633,1.0004106795451364,9,1009,grounded
-1.9634040594100952,-11.625024795532227,7.12353477512377,10,1009,hallucinated
-5.501199722290039,-18.375709533691406,244.9856707966506,6,1010,hallucinated
-1.799915662559215e-05,-0.00016139635408762842,1.0000179993186114,9,1011,grounded
-3.9917914867401123,-18.59011459350586,54.15181477523143,20,1011,hallucinated
-6.735275292157894e-06,-1.8954096958623268e-05,1.0000067352979742,4,1012,grounded
-1.2711788415908813,-3.6189661026000977,3.565052718628071,6,1012,hallucinated
-1.760526180267334,-20.00001335144043,5.815496589037981,16,1013,hallucinated
-0.047568973153829575,-0.14269380271434784,1.0487185320514454,3,1014,grounded
-7.985069274902344,-23.812509536743164,2936.780742642409,3,1014,hallucinated
-8.23684167698957e-05,-0.00014256415306590497,1.0000823718091412,2,1015,grounded
-12.10843563079834,-23.500139236450195,181395.6127371743,5,1015,hallucinated
-1.4493564367294312,-6.150778770446777,4.2603718138941895,13,1016,hallucinated
-3.701350215123966e-05,-6.139089964563027e-05,1.0000370141871593,2,1017,grounded
-3.054805040359497,-11.74567699432373,21.217048655485247,11,1017,hallucinated
-1.5258570783771574e-05,-2.95634672511369e-05,1.0000152586871964,2,1018,grounded
-1.6816591024398804,-7.428541660308838,5.374465366881417,11,1018,hallucinated
-0.1380632221698761,-0.8279034495353699,1.1480481300737337,6,1019,grounded
-5.746189594268799,-16.204252243041992,312.9957443959963,7,1019,hallucinated
-0.002483647782355547,-0.02763371728360653,1.0024867345904946,13,1020,grounded
-0.7224881052970886,-8.8478422164917,2.059551221232108,50,1020,hallucinated
-6.221933364868164,-21.76534652709961,503.6760809210486,9,1021,hallucinated
-1.823872298700735e-05,-3.4450891689630225e-05,1.0000182388893135,2,1022,grounded
-2.4776217937469482,-18.62543296813965,11.912899370476817,12,1022,hallucinated
-2.7418011541158194e-06,-9.894321920000948e-06,1.0000027418049129,4,1023,grounded
-3.8547637462615967,-14.035263061523438,47.21746032191114,8,1023,hallucinated
-2.300283193588257,-15.265380859375,9.977007479329563,13,1024,hallucinated
-0.007769217249006033,-0.02327677607536316,1.007799475928662,3,1025,grounded
-1.7215819358825684,-16.12543487548828,5.593369821627332,14,1025,hallucinated
-0.01780390553176403,-0.05019296705722809,1.0179633398368126,3,1026,grounded
-0.5961962342262268,-15.378588676452637,1.815201052349312,34,1026,hallucinated
-0.00021289462165441364,-0.0007601470570079982,1.0002129172853227,4,1027,grounded
-1.2081794738769531,-12.1250638961792,3.347385100017836,11,1027,hallucinated
-1.6618080139160156,-22.750024795532227,5.2688283529435544,22,1028,hallucinated
-0.02907148376107216,-0.14289388060569763,1.0294981842470896,5,1029,grounded
-1.4214162826538086,-8.125299453735352,4.142983923362239,15,1029,hallucinated
-0.41732144355773926,-1.2519094944000244,1.5178903505993018,3,1030,grounded
-4.079993724822998,-12.199522972106934,59.1450987027546,8,1030,hallucinated
-0.0009366621961817145,-0.0035766696091741323,1.00093710100121,4,1031,grounded
-0.18093812465667725,-1.8925451040267944,1.1983410292365915,21,1031,hallucinated
-1.977708339691162,-21.56722640991211,7.226164082397147,28,1032,hallucinated
-5.957677058177069e-05,-0.0001668790791882202,1.0000595785453128,5,1033,grounded
-2.2681736946105957,-11.493234634399414,9.661739404672456,12,1033,hallucinated
-2.6821953724720515e-06,-1.0490362910786644e-05,1.0000026821989696,4,1034,grounded
-0.7989562749862671,-7.541980743408203,2.223219287544438,21,1034,hallucinated
-0.0886041447520256,-0.5293065905570984,1.0926480402443866,6,1035,grounded
-2.7796661853790283,-18.63413429260254,16.113641081148415,17,1035,hallucinated
-2.1566669940948486,-6.720399856567383,8.642284815501744,7,1036,hallucinated
-0.00031282988493330777,-0.0028093892615288496,1.0003128788213045,9,1037,grounded
-2.9399330615997314,-20.37530517578125,18.91458015814081,18,1037,hallucinated
-3.1967618465423584,-13.809435844421387,24.45321858052235,18,1038,hallucinated
-1.3543950319290161,-2.6902403831481934,3.8744163493133708,2,1039,grounded
-5.398460388183594,-6.754401683807373,221.06579854633986,2,1039,hallucinated
-0.15806278586387634,-0.4741506576538086,1.1712397296974018,3,1040,grounded
-2.3010737895965576,-13.000444412231445,9.984898380463965,18,1040,hallucinated
-1.60118567943573,-10.55935001373291,4.958908616036606,15,1041,hallucinated
-2.189846992492676,-15.252731323242188,8.93384606459979,18,1042,hallucinated
-0.13502663373947144,-0.27005302906036377,1.14456726805179,2,1043,grounded
-2.6605072021484375,-16.125001907348633,14.303542046422987,17,1043,hallucinated
-1.0764607191085815,-3.1681389808654785,2.9342759245374643,4,1044,grounded
-2.244337320327759,-16.08000946044922,9.434161657368342,8,1044,hallucinated
-1.1795378923416138,-3.5383849143981934,3.2528706790689528,3,1045,grounded
-4.026623725891113,-19.98530387878418,56.07127929400666,8,1045,hallucinated
-2.2589301806874573e-05,-8.260862523457035e-05,1.000022589556947,4,1046,grounded
-2.3064799308776855,-13.625005722045898,10.039024326215998,10,1046,hallucinated
-1.299369159823982e-05,-2.1576648578047752e-05,1.0000129937760167,2,1047,grounded
-2.642749071121216,-5.6367573738098145,14.051779901279948,7,1047,hallucinated
-4.708748747361824e-06,-8.583032467868179e-06,1.0000047087598336,2,1048,grounded
-6.0679731369018555,-22.75,431.80458523131676,7,1048,hallucinated
-2.4465439319610596,-7.223008632659912,11.54836573280334,3,1049,grounded
-1.8218837976455688,-17.016582489013672,6.183495940197164,21,1049,hallucinated
-1.6474368749186397e-05,-5.495397272170521e-05,1.0000164745044524,5,1050,grounded
-2.338447332382202,-19.25368309020996,10.365130459836084,14,1050,hallucinated
-1.1444067240518052e-06,-4.887569048150908e-06,1.0000011444073789,5,1051,grounded
-3.7203309535980225,-12.137165069580078,41.27805296841098,10,1051,hallucinated
-7.797642707824707,-21.75887107849121,2434.8555413552626,6,1052,hallucinated
-5.99019631408737e-06,-2.372236667724792e-05,1.0000059902142553,4,1053,grounded
-3.034843921661377,-21.25,20.797731570750795,18,1053,hallucinated
-0.10670304298400879,-0.32009875774383545,1.1126038099104658,3,1054,grounded
-0.8853350877761841,-5.753183841705322,2.4237964399831857,22,1054,hallucinated
-2.6225970941595733e-06,-7.152531907195225e-06,1.0000026226005332,4,1055,grounded
-0.7833102941513062,-13.375001907348633,2.188705545917632,24,1055,hallucinated
-0.7827622294425964,-10.643535614013672,2.187506322306245,34,1056,hallucinated
-6.0116624808870256e-05,-0.00016544880054425448,1.0000601184318494,3,1057,grounded
-1.5849378108978271,-12.505082130432129,4.878987949197758,10,1057,hallucinated
-2.4636542548250873e-06,-3.814689989667386e-06,1.0000024636572897,3,1058,grounded
-1.2837644815444946,-19.552982330322266,3.6102047260158048,18,1058,hallucinated
-0.0020304517820477486,-0.008091408759355545,1.0020325145451447,4,1059,grounded
-1.1382349729537964,-7.94924259185791,3.121254402032917,20,1059,hallucinated
-5.841236998094246e-06,-7.152531907195225e-06,1.0000058412540582,2,1060,grounded
-4.5562825202941895,-18.92836570739746,95.22880983129993,7,1060,hallucinated
-1.8323856592178345,-12.168403625488281,6.248776341487377,10,1061,hallucinated
-8.026714567677118e-06,-1.3232143828645349e-05,1.000008026746782,3,1062,grounded
-1.920857310295105,-14.18765926361084,6.826808654562672,23,1062,hallucinated
-4.562099456787109,-19.93750762939453,95.78436401557765,14,1063,hallucinated
-4.0350714698433876e-05,-8.070142939686775e-05,1.0000403515287994,2,1064,grounded
-6.78203010559082,-29.875019073486328,881.8571712990096,6,1064,hallucinated
-7.104371616151184e-05,-0.00014172980445437133,1.0000710462398261,2,1065,grounded
-3.0606727600097656,-16.315454483032227,21.341910317164537,10,1065,hallucinated
-0.0001583762641530484,-0.00037091050762683153,1.0001583888063357,4,1066,grounded
-8.921343803405762,-27.656463623046875,7490.147755897157,7,1066,hallucinated
-0.02977990359067917,-0.11899981647729874,1.0302277595676548,4,1067,grounded
-1.709180474281311,-10.875569343566895,5.524432207675552,23,1067,hallucinated
-4.673336982727051,-13.651183128356934,107.05438568119499,11,1068,hallucinated
-2.2589703803532757e-05,-5.447716102935374e-05,1.0000225899589528,4,1069,grounded
-3.274989366531372,-8.750618934631348,26.442944298849195,10,1069,hallucinated
-2.5152821763185784e-05,-3.182837463100441e-05,1.0000251531380981,2,1070,grounded
-6.9235382080078125,-20.500019073486328,1015.9081373004767,6,1070,hallucinated
-0.0004755166301038116,-0.003181754844263196,1.000475629706059,7,1071,grounded
-0.8083561062812805,-12.625007629394531,2.244215700551398,22,1071,hallucinated
-0.23803696036338806,-0.6933658123016357,1.2687560856442939,4,1072,grounded
-2.0944900512695312,-10.377198219299316,8.121298468226954,11,1072,hallucinated
-0.11875075846910477,-0.4543400704860687,1.1260892151084627,7,1073,grounded
-1.3539222478866577,-12.877069473266602,3.8725850200357046,25,1073,hallucinated
-1.0251907042402308e-05,-1.9073304429184645e-05,1.0000102519595935,2,1074,grounded
-2.61787748336792,-10.576571464538574,13.706600201681352,13,1074,hallucinated
-0.0039903223514556885,-0.011463252827525139,1.0039982942876948,3,1075,grounded
-5.630295753479004,-13.625483512878418,278.7445451123026,5,1075,hallucinated
-0.0008248078520409763,-0.003238316625356674,1.0008251480995771,4,1076,grounded
-2.56008243560791,-7.752284526824951,12.936883731462016,8,1076,hallucinated
-2.182300090789795,-7.796712875366211,8.866676984548898,6,1077,hallucinated
-0.04880356043577194,-0.20094716548919678,1.050014066173874,5,1078,grounded
-2.0920867919921875,-7.796701908111572,8.101804316472263,13,1078,hallucinated
-0.006515737157315016,-0.01277842465788126,1.0065370107519513,2,1079,grounded
-0.7785300612449646,-3.5084922313690186,2.178267990493078,8,1079,hallucinated
-0.022329656407237053,-0.06162760779261589,1.022580829235178,3,1080,grounded
-0.23711147904396057,-2.8878097534179688,1.2675824187752733,29,1080,hallucinated
-5.9417829513549805,-17.414995193481445,380.6129392851536,6,1081,hallucinated
-0.758532702922821,-7.570065975189209,2.135141034735229,16,1082,hallucinated
-0.01925380900502205,-0.23093506693840027,1.0194403589276948,12,1083,grounded
-1.4842532873153687,-9.000550270080566,4.411669932644181,10,1083,hallucinated
-1.5641216039657593,-7.818591594696045,4.77847569776558,5,1084,grounded
-1.8349480628967285,-11.12431812286377,6.26480876096643,19,1084,hallucinated
-5.7220277085434645e-06,-7.748573807475623e-06,1.0000057220440794,2,1085,grounded
-0.0001417205494362861,-0.00032824851223267615,1.0001417305922677,3,1086,grounded
-2.077702760696411,-15.50003719329834,7.986101838563601,22,1086,hallucinated
-0.0010437961900606751,-0.004140614531934261,1.001044341134891,4,1087,grounded
-2.4762940406799316,-6.630795955657959,11.897092477947824,7,1087,hallucinated
-3.457063030509744e-06,-4.410734163684538e-06,1.0000034570690062,2,1088,grounded
-2.185255527496338,-19.43754768371582,8.892920648816101,11,1088,hallucinated
-0.19671258330345154,-0.5901268720626831,1.2173940910295862,3,1089,grounded
-1.5135221481323242,-7.902182102203369,4.54270272196287,16,1089,hallucinated
-0.244008406996727,-0.974355936050415,1.276355060757168,4,1090,grounded
-2.567653179168701,-7.876627445220947,13.035197244286808,8,1090,hallucinated
-2.826996326446533,-22.95153045654297,16.89463855697165,15,1091,hallucinated
-1.74198317527771,-5.224810600280762,5.7086534644872655,3,1092,grounded
-5.890556335449219,-17.50011444091797,361.6064028830085,8,1092,hallucinated
-1.4255096912384033,-7.126748085021973,4.159977606635635,5,1093,grounded
-2.9904379844665527,-17.2500057220459,19.894394019220467,7,1093,hallucinated
-3.081502654822543e-05,-4.494089080253616e-05,1.000030815501336,2,1094,grounded
-1.3809500932693481,-14.250350952148438,3.9786799493722276,27,1094,hallucinated
-0.4878538250923157,-0.9756776094436646,1.6288167404335108,2,1095,grounded
-2.785644054412842,-16.125024795532227,16.210254801566382,6,1095,hallucinated
-0.0004635184886865318,-0.0017509619938209653,1.0004636259299808,4,1096,grounded
-1.692326545715332,-14.214801788330078,5.432104053449539,22,1096,hallucinated
-0.00370054435916245,-0.03163236752152443,1.0037073998271522,10,1097,grounded
-1.9216771125793457,-13.054605484008789,6.832407582585173,9,1097,hallucinated
-2.8873963356018066,-15.56203556060791,17.9465219979753,9,1098,hallucinated
-2.428591728210449,-17.0658016204834,11.342896945156433,10,1099,hallucinated
-0.0001826825609896332,-0.000498289882671088,1.0001826992484648,4,1100,grounded
-1.7349464893341064,-10.570240020751953,5.668624463819331,16,1100,hallucinated
-0.005996254738420248,-0.023750798776745796,1.0060142682604216,4,1101,grounded
-3.308232545852661,-20.0,27.336766267240016,11,1101,hallucinated
-5.761754437116906e-06,-1.2278481335670222e-05,1.000005761771036,3,1102,grounded
-2.9393208026885986,-12.076859474182129,18.903003082334216,8,1102,hallucinated
-2.32457637139305e-06,-5.483612312673358e-06,1.0000023245790732,4,1103,grounded
-3.9109878540039062,-13.375005722045898,49.94826920800881,10,1103,hallucinated
-7.167688454501331e-05,-0.00021407696476671845,1.0000716794533944,3,1104,grounded
-3.781737804412842,-21.31366539001465,43.8922516460354,13,1104,hallucinated
-1.3669729232788086,-10.816356658935547,3.923456099001236,12,1105,hallucinated
-1.8860796689987183,-16.62761878967285,6.593469364910375,10,1106,hallucinated
-5.557677268981934,-15.000024795532227,259.22003810189636,5,1107,hallucinated
-1.053007144946605e-05,-1.764281842042692e-05,1.000010530126891,3,1108,grounded
-3.280000925064087,-22.375,26.575797284178236,14,1108,hallucinated
-2.9802313861182483e-07,-5.960462772236497e-07,1.000000298023183,2,1109,grounded
-1.096994400024414,-5.229709625244141,2.995150258297801,12,1109,hallucinated
-0.00282600917853415,-0.011292354203760624,1.0028300061067044,4,1110,grounded
-2.127056121826172,-5.810263633728027,8.390130896322885,7,1110,hallucinated
-4.516636636253679e-06,-3.528532761265524e-05,1.0000045166468363,9,1111,grounded
-2.3724374771118164,-9.251252174377441,10.723498736974848,12,1111,hallucinated
-0.8296778798103333,-9.125109672546387,2.292580134962829,11,1112,grounded
-0.9831034541130066,-15.375,2.672738104154874,25,1112,hallucinated
-2.6881276426138356e-05,-3.755022044060752e-05,1.000026881637731,2,1113,grounded
-1.1313209533691406,-10.750299453735352,3.099748420030941,16,1113,hallucinated
-7.378646841971204e-05,-0.00011753345461329445,1.000073789190708,3,1114,grounded
-2.947232961654663,-14.257723808288574,19.053159896604317,13,1114,hallucinated
-0.8463694453239441,-3.177952289581299,2.331168036821542,5,1115,grounded
-2.190241575241089,-22.875001907348633,8.93737190170536,18,1115,hallucinated
-2.2233476638793945,-14.37502670288086,9.238205565071217,12,1116,hallucinated
-1.7666336297988892,-14.766545295715332,5.851123123846257,10,1117,hallucinated
-1.545515775680542,-4.635148525238037,4.6903901924432985,3,1118,grounded
-3.646925210952759,-12.976980209350586,38.35654625705154,11,1118,hallucinated
-0.4000369608402252,-1.4255669116973877,1.4918798377545701,7,1119,hallucinated
-0.00010295970423612744,-0.00016830935783218592,1.0001029650047684,4,1120,grounded
-2.053154468536377,-9.770639419555664,7.792443394527288,10,1120,hallucinated
-1.9788381905527785e-05,-5.495397272170521e-05,1.000019788577697,6,1121,grounded
-2.0196380615234375,-26.531274795532227,7.535597017518286,14,1121,hallucinated
-0.00034202373353764415,-0.0013446108205243945,1.0003420822303237,4,1122,grounded
-1.5270812511444092,-12.750179290771484,4.60471717620343,22,1122,hallucinated
-3.260319499531761e-05,-3.755022044060752e-05,1.0000326037264853,2,1123,grounded
-2.8825440406799316,-24.22838020324707,17.859651112443725,60,1123,hallucinated
-0.8228093981742859,-2.4683897495269775,2.2768875442350964,3,1124,grounded
-2.550875186920166,-14.965567588806152,12.818317298624326,11,1124,hallucinated
-5.722019068343798e-06,-1.0251946150674485e-05,1.000005722035439,2,1125,grounded
-1.4742048978805542,-7.2532172203063965,4.3675617344132425,11,1125,hallucinated
-2.252910614013672,-18.015439987182617,9.51539120076351,8,1126,grounded
-2.1301639080047607,-10.5001802444458,8.416246188511904,15,1126,hallucinated
-1.4901137319611735e-06,-4.172316494077677e-06,1.0000014901148422,4,1127,grounded
-1.6401337385177612,-10.1250638961792,5.155859003068769,19,1127,hallucinated
-2.8286354541778564,-10.655582427978516,16.922353735694788,8,1128,hallucinated
-1.4782001972198486,-12.875006675720215,4.385046355815176,20,1129,hallucinated
-0.00045707394019700587,-0.0015287628630176187,1.0004571784144072,4,1130,grounded
-1.1602566242218018,-13.250699043273926,3.190751995307862,22,1130,hallucinated
-0.1553044319152832,-1.2418873310089111,1.1680134875686754,8,1131,grounded
-0.42528849840164185,-1.0737510919570923,1.530031767715661,5,1131,hallucinated
-0.07007795572280884,-0.14014840126037598,1.0725917926636561,2,1132,grounded
-3.88258695602417,-20.527788162231445,48.54964856174787,11,1132,hallucinated
-4.513859748840332,-15.478157997131348,91.27343202750049,7,1133,hallucinated
-0.010260486975312233,-0.030466319993138313,1.0103133062677825,3,1134,grounded
-2.3600802421569824,-12.342966079711914,10.591801327320262,10,1134,hallucinated
-1.1788458778028144e-06,-4.0531076592742465e-06,1.0000011788465726,9,1135,grounded
-1.7838257551193237,-12.375199317932129,5.952586048416932,16,1135,hallucinated
-5.165732659406785e-07,-1.4305104514278355e-06,1.0000005165733994,3,1136,grounded
-0.9035612940788269,-5.51319694519043,2.4683780970313034,10,1136,hallucinated
-0.11948355287313461,-0.35377123951911926,1.1269147094055931,4,1137,grounded
-2.652559280395508,-11.625029563903809,14.190309192450787,11,1137,hallucinated
-1.752360913087614e-05,-2.038458114839159e-05,1.0000175237626703,2,1138,grounded
-1.4634085893630981,-17.308490753173828,4.320661818992356,16,1138,hallucinated
-1.503564476966858,-9.15150260925293,4.497692452701578,13,1139,hallucinated
-8.958176476880908e-05,-9.333651541965082e-05,1.0000895857773349,2,1140,grounded
-2.3051347732543945,-17.75001335144043,10.025529334593488,9,1140,hallucinated
-1.3487919569015503,-2.6975839138031006,3.8527684079756845,2,1141,grounded
-0.5221145749092102,-4.704658031463623,1.6855881863475446,15,1141,hallucinated
-0.7305378317832947,-3.651533842086792,2.0761969521536896,5,1142,grounded
-2.963923454284668,-26.693445205688477,19.37383519151691,17,1142,hallucinated
-0.058555226773023605,-0.1171019896864891,1.0603035412206732,2,1143,grounded
-2.690605401992798,-14.757615089416504,14.740597206611792,10,1143,hallucinated
-1.9000751972198486,-11.586457252502441,6.686397221857106,20,1144,hallucinated
-0.00013196130748838186,-0.0005150898941792548,1.0001319700147646,4,1145,grounded
-1.049156904220581,-18.50000762939453,2.8552428598053106,33,1145,hallucinated
-0.0026389663107693195,-0.010253610089421272,1.002642451447409,8,1146,grounded
-1.9009888172149658,-11.001989364624023,6.692508839477207,17,1146,hallucinated
-0.0009059194708243012,-0.0023284247145056725,1.0009063299398093,5,1147,grounded
-6.114571571350098,-14.000090599060059,452.4021837889897,6,1147,hallucinated
-1.2182466983795166,-6.75441312789917,3.3812541750580296,17,1148,hallucinated
-2.67842698097229,-15.70353889465332,14.562168701743865,17,1149,hallucinated
-2.8758593543898314e-05,-6.222531374078244e-05,1.0000287590070762,4,1150,grounded
-2.341588258743286,-11.000325202941895,10.39773775307987,18,1150,hallucinated
-4.446170806884766,-14.581032752990723,85.29968885918984,8,1151,hallucinated
-7.430678124364931e-06,-1.0132738680113107e-05,1.0000074307057318,3,1152,grounded
-1.5523395538330078,-20.8125057220459,4.722505824921538,18,1152,hallucinated
-0.0014860837254673243,-0.005420036613941193,1.0014871884950791,6,1153,grounded
-3.1317601203918457,-19.66266441345215,22.91427595313995,11,1153,hallucinated
-2.326974868774414,-12.625534057617188,10.24689639266446,8,1154,hallucinated
-0.00046797774848528206,-0.003603158053010702,1.0004680872671552,8,1155,grounded
-2.172254800796509,-12.500777244567871,8.778054507427667,23,1155,hallucinated
-3.695478881127201e-06,-6.6756979322235566e-06,1.0000036954857094,3,1156,grounded
-3.7066776752471924,-13.500048637390137,40.718302133758755,17,1156,hallucinated
-1.4691417217254639,-14.376522064208984,4.345503888485879,18,1157,hallucinated
-4.015997886657715,-11.234838485717773,55.478629173326745,9,1158,hallucinated
-0.00010456612653797492,-0.0009161804337054491,1.000104571593766,9,1159,grounded
-1.8538315296173096,-18.875076293945312,6.384234102187391,20,1159,hallucinated
-0.01474347710609436,-0.062375158071517944,1.0148526982711341,6,1160,grounded
-2.3194758892059326,-13.000025749206543,10.170342522677272,14,1160,hallucinated
-2.5354230403900146,-14.569950103759766,12.621769236960898,8,1161,hallucinated
-5.6822873375494964e-06,-1.0490362910786644e-05,1.0000056823034817,3,1162,grounded
-4.108531951904297,-15.632763862609863,60.857310499951204,11,1162,hallucinated
-5.370141298044473e-05,-9.691245941212401e-05,1.0000537028549272,2,1163,grounded
-1.494724154472351,-12.7271728515625,4.458106634444985,21,1163,hallucinated
-2.956266689579934e-05,-8.618460560683161e-05,1.0000295631038758,3,1164,grounded
-1.4414656162261963,-14.589287757873535,4.226886272579749,17,1164,hallucinated
-0.1988617479801178,-0.7950294017791748,1.2200132849389735,4,1165,grounded
-0.3435535728931427,-4.640213966369629,1.4099490555096788,21,1165,hallucinated
-1.933711051940918,-12.575336456298828,6.9151250715203885,11,1166,hallucinated
-4.172323428974778e-07,-1.0728830375228426e-06,1.00000041723243,4,1167,grounded
-1.8781156539916992,-17.687503814697266,6.541167419120109,12,1167,hallucinated
-2.1493618488311768,-8.989412307739258,8.579381707421396,8,1168,hallucinated
-2.7509186267852783,-16.065824508666992,15.65700822706507,13,1169,hallucinated
-0.004516742192208767,-0.01351410523056984,1.0045269580472276,3,1170,grounded
-0.9657522439956665,-3.7105050086975098,2.626762880060956,10,1170,hallucinated
-5.757470353273675e-05,-0.00014029949670657516,1.0000575763609878,3,1171,grounded
-2.138171911239624,-17.750307083129883,8.483914096008412,26,1171,hallucinated
-1.673311710357666,-6.378706932067871,5.329789320882806,6,1172,hallucinated
-7.187952041625977,-13.271636009216309,1323.3901804719765,6,1173,hallucinated
-0.13306550681591034,-0.7983695268630981,1.142324825942091,6,1174,grounded
-0.24797891080379486,-1.1564059257507324,1.2814329075190474,11,1174,hallucinated
-0.0002098396944347769,-0.0008382858941331506,1.0002098617123234,4,1175,grounded
-4.250247955322266,-13.695101737976074,70.12279751208192,11,1175,hallucinated
-3.5165892768418416e-05,-5.6622808187967166e-05,1.0000351665110956,2,1176,grounded
-0.8497606515884399,-9.752646446228027,2.3390869281794737,16,1176,hallucinated
-3.0227859020233154,-10.329649925231934,20.548458008071453,9,1177,hallucinated
-8.606214396422729e-05,-0.00016675988445058465,1.0000860658474169,2,1178,grounded
-3.015045166015625,-14.000223159790039,20.39001185534608,11,1178,hallucinated
-1.1801610526163131e-05,-2.074220174108632e-05,1.0000118016801653,2,1179,grounded
-3.5830888748168945,-9.648506164550781,35.98452103769625,6,1179,hallucinated
-0.266117662191391,-2.3855020999908447,1.3048885857051031,14,1180,hallucinated
-1.4900977475917898e-05,-3.528532761265524e-05,1.000014901088496,4,1181,grounded
-1.675006628036499,-13.153688430786133,5.338830534919555,25,1181,hallucinated
-1.8421658277511597,-11.4804048538208,6.310190256927842,13,1182,hallucinated
-2.7336087226867676,-15.40829086303711,15.388319116524785,11,1183,hallucinated
-3.765630006790161,-14.700483322143555,43.19090785546149,8,1184,hallucinated
-9.139276698988397e-06,-2.4676019165781327e-05,1.0000091393184622,3,1185,grounded
-1.805147647857666,-11.424461364746094,6.080869209553999,26,1185,hallucinated
-0.0029275950510054827,-0.026345614343881607,1.0029318846424375,9,1186,grounded
-1.2182538509368896,-6.876072883605957,3.381278359759001,12,1186,hallucinated
-0.00010965570254484192,-0.0003631647559814155,1.0001096617149512,4,1187,grounded
-3.243335485458374,-25.906368255615234,25.619031300232187,24,1187,hallucinated
-7.817678451538086,-18.68770408630371,2484.1316765659926,6,1188,hallucinated
-1.787693738937378,-11.151117324829102,5.9756551416054,8,1189,hallucinated
-1.56948826770531e-05,-0.00013469743134919554,1.0000156950058423,9,1190,grounded
-1.032321810722351,-11.750021934509277,2.8075769352346076,33,1190,hallucinated
-0.00012290749873500317,-0.00046492734691128135,1.000122915052171,4,1191,grounded
-4.85453987121582,-15.690057754516602,128.3216331515587,7,1191,hallucinated
-6.734843918820843e-05,-0.00016604475968051702,1.0000673507071454,3,1192,grounded
-3.45158314704895,-30.25,31.550301558288673,13,1192,hallucinated
-1.9394900798797607,-12.037555694580078,6.955203468053949,8,1193,hallucinated
-3.5166676752851345e-06,-3.814689989667386e-06,1.0000035166738588,2,1194,grounded
-3.151921033859253,-20.75,23.380937038099525,12,1194,hallucinated
-3.260580539703369,-18.765216827392578,26.064664323623724,10,1195,hallucinated
-0.00021228202967904508,-0.0006677066558040679,1.0002123045631035,4,1196,grounded
-4.25477933883667,-19.87555694580078,70.44127182037978,12,1196,hallucinated
-2.5986968466895632e-05,-5.125868119648658e-05,1.000025987306131,2,1197,grounded
-0.9872462749481201,-9.567020416259766,2.6838337470202838,30,1197,hallucinated
-0.010734361596405506,-0.021436894312500954,1.0107921815574377,2,1198,grounded
-0.5428560972213745,-7.88353967666626,1.7209149502677805,25,1198,hallucinated
-2.4482898712158203,-11.625056266784668,11.568546089576788,13,1199,hallucinated
-4.896333848591894e-05,-0.00046719127567484975,1.0000489645372097,11,1200,grounded
-1.125455617904663,-20.25,3.0816205706207307,30,1200,hallucinated
-4.11554538004566e-05,-0.00010263393050990999,1.0000411563006977,4,1201,grounded
-2.546393394470215,-19.160255432128906,12.76099680615659,8,1201,hallucinated
-1.5297504663467407,-9.777103424072266,4.617024575534066,11,1202,hallucinated
-4.435958385467529,-15.449687957763672,84.43300549014475,10,1203,hallucinated
-2.692406415939331,-10.375062942504883,14.767169148797851,11,1204,hallucinated
-0.0015241908840835094,-0.00988705549389124,1.00152535305339,7,1205,grounded
-3.800652265548706,-17.875364303588867,44.73035104706718,7,1205,hallucinated
-0.00016969833814073354,-0.0006673493189737201,1.0001697127377183,4,1206,grounded
-1.169629693031311,-13.375003814697266,3.2207997330856193,13,1206,hallucinated
-1.2211484909057617,-14.29931926727295,3.3910801226883804,15,1207,hallucinated
-0.0002956851094495505,-0.0008916454971767962,1.0002957288286005,4,1208,grounded
-0.9514285326004028,-9.500137329101562,2.5894060694519405,29,1208,hallucinated
-2.7023677825927734,-6.757406234741211,14.9150054383987,6,1209,hallucinated
-1.286691427230835,-12.840238571166992,3.6207870785961136,11,1210,hallucinated
-5.1259526117064524e-06,-1.9311717551317997e-05,1.0000051259657494,4,1211,grounded
-5.789571285247803,-14.288908004760742,326.87285911586457,9,1211,hallucinated
-0.012202342972159386,-0.04876979440450668,1.0122770953009197,4,1212,grounded
-5.072458267211914,-17.914457321166992,159.5661017189411,8,1212,hallucinated
-2.1467959880828857,-10.378836631774902,8.557396426300585,13,1213,hallucinated
-0.5733078122138977,-4.143274307250977,1.774125831313678,9,1214,hallucinated
-0.9156420826911926,-7.125988960266113,2.4983789028611003,47,1215,hallucinated
-5.690007674274966e-05,-9.941560711013153e-05,1.000056901695583,3,1216,grounded
-0.7740107774734497,-9.004040718078613,2.1684459902337982,23,1216,hallucinated
-0.0036934437230229378,-0.012661075219511986,1.0037002728914184,4,1217,grounded
-2.3198535442352295,-12.375198364257812,10.174184129035956,15,1217,hallucinated
-0.02756156027317047,-0.19257105886936188,1.0279448937279703,7,1218,grounded
-1.2326080799102783,-8.902371406555176,3.430164022173869,27,1218,hallucinated
-2.434699296951294,-14.259937286376953,11.412386457947052,12,1219,hallucinated
-1.0560702085494995,-3.1682052612304688,2.8750504115549984,3,1220,grounded
-3.8100671768188477,-17.271013259887695,45.15347203104937,15,1220,hallucinated
-1.508146047592163,-16.00965118408203,4.518346225555801,24,1221,hallucinated
-1.8136117458343506,-7.00351095199585,6.132556717815951,9,1222,hallucinated
-3.5822784900665283,-20.35921859741211,35.95537154334618,9,1223,hallucinated
-0.0005212414544075727,-0.0008181562297977507,1.0005213773243404,2,1224,grounded
-1.994958519935608,-15.486713409423828,7.351898064360772,18,1224,hallucinated
-4.237773895263672,-17.125226974487305,69.25351454026956,9,1225,hallucinated
-3.086733341217041,-13.43183708190918,21.90540349274673,14,1226,hallucinated
-0.011880561709403992,-0.0577518455684185,1.0119514159005099,5,1227,grounded
-1.126405954360962,-9.429360389709473,3.0845505390008414,22,1227,hallucinated
-1.5179575681686401,-15.33432674407959,4.562896266956385,13,1228,hallucinated
-4.599547863006592,-11.80742359161377,99.43934526971873,7,1229,hallucinated
-9.308972221333534e-05,-0.00027640812913887203,1.000093094055196,3,1230,grounded
-2.0028014183044434,-16.291227340698242,7.409784957484068,24,1230,hallucinated
-7.2007880210876465,-23.966398239135742,1340.4866800694708,11,1231,hallucinated
-0.3247332274913788,-1.2934420108795166,1.3836614738979853,4,1232,grounded
-0.8401194214820862,-19.31268310546875,2.3166436172765947,32,1232,hallucinated
-1.4483405351638794,-13.378094673156738,4.256045893225462,15,1233,hallucinated
-0.1045680046081543,-0.31365060806274414,1.1102308921158524,3,1234,grounded
-2.439347982406616,-22.687501907348633,11.465562556600336,13,1234,hallucinated
-3.4823403358459473,-10.447020530700684,32.53577769011345,3,1235,grounded
-6.0546650886535645,-21.562658309936523,426.0961771108834,8,1235,hallucinated
-0.8003692626953125,-15.972700119018555,2.226362889484677,25,1236,hallucinated
-0.0004766221099998802,-0.0013388964580371976,1.0004767357123654,5,1237,grounded
-2.622514486312866,-18.18792724609375,13.770305333475763,18,1237,hallucinated
-2.7875022888183594,-14.000523567199707,16.240405259394016,13,1238,hallucinated
-0.06297332048416138,-0.18830978870391846,1.0649984252099174,3,1239,grounded
-3.1487975120544434,-14.53040885925293,23.30802010953611,21,1239,hallucinated
-0.0008828322170302272,-0.002476127352565527,1.000883222028096,3,1240,grounded
-2.2755064964294434,-7.034397602081299,9.732847416809877,6,1240,hallucinated
-0.002385936211794615,-0.004771157167851925,1.002388784822682,2,1241,grounded
-0.8921833634376526,-6.887433052062988,2.440452232786933,14,1241,hallucinated
-0.720253586769104,-6.827478408813477,2.0549542537861463,15,1242,hallucinated
-0.00024333434703294188,-0.0012205539969727397,1.0002433639552366,8,1243,grounded
-1.2897385358810425,-12.514179229736328,3.6318368365808023,27,1243,hallucinated
-5.7019882660824805e-05,-7.962863310240209e-05,1.0000570215083253,3,1244,grounded
-3.4655239582061768,-11.500079154968262,31.993218491683805,5,1244,hallucinated
-1.6393260955810547,-3.278651714324951,5.1516965910598715,2,1245,grounded
-2.3772804737091064,-10.328479766845703,10.775558565902669,13,1245,hallucinated
-0.06678733974695206,-1.3247205018997192,1.0690681057050289,22,1246,grounded
-1.603919506072998,-17.3931884765625,4.972483960366916,22,1246,hallucinated
-1.7219232320785522,-14.0513334274292,5.595279143273759,9,1247,hallucinated
-2.738201141357422,-28.4375057220459,15.459151241442736,18,1248,hallucinated
-3.2517945766448975,-6.259765625,25.836664212689517,7,1249,hallucinated
-0.0024461164139211178,-0.00976133905351162,1.0024491105975526,4,1250,grounded
-0.9270085096359253,-7.875845909118652,2.526938547215108,36,1250,hallucinated
-0.05842018872499466,-0.3504355251789093,1.0601603695671764,6,1251,grounded
-2.5391156673431396,-7.149712562561035,12.668462880286805,5,1251,hallucinated
-0.9839556813240051,-7.1718220710754395,2.6750168551639963,21,1252,hallucinated
-1.5927038192749023,-11.406734466552734,4.917025720132626,32,1253,hallucinated
-1.6944564580917358,-16.64553451538086,5.443686289298041,20,1254,hallucinated
-1.7730684280395508,-8.030474662780762,5.88889531852055,13,1255,hallucinated
-1.2967427968978882,-12.254107475280762,3.657364466481615,19,1256,hallucinated
-2.447195529937744,-13.056634902954102,11.55589307668354,12,1257,hallucinated
-4.5536911784438416e-05,-4.577531944960356e-05,1.0000455379486053,2,1258,grounded
-1.422057032585144,-2.843738555908203,4.1456393906810565,2,1258,hallucinated
-5.2749860515177716e-06,-1.2040065485052764e-05,1.0000052749999644,4,1259,grounded
-1.252802848815918,-14.362088203430176,3.500139583905232,24,1259,hallucinated
-1.7872215509414673,-13.375025749206543,5.972834175045519,20,1260,hallucinated
-0.027090230956673622,-0.09578204900026321,1.0274605073255363,4,1261,grounded
-3.7064504623413086,-9.630008697509766,40.709051460984206,12,1261,hallucinated
-0.0006806235178373754,-0.0019848900847136974,1.0006808551945825,3,1262,grounded
-2.1480977535247803,-6.171647548675537,8.568543403041353,5,1262,hallucinated
-1.7557787895202637,-17.13738441467285,5.787953584773048,32,1263,hallucinated
-2.3841852225814364e-07,-5.960462772236497e-07,1.0000002384185507,3,1264,grounded
-2.6979081630706787,-15.31299877166748,14.84863828509332,25,1264,hallucinated
-0.1623290628194809,-0.614572286605835,1.1762472368767565,7,1265,grounded
-1.1032402515411377,-5.397942066192627,3.0139160652979577,13,1265,hallucinated
-0.6935756802558899,-6.978664398193359,2.0008571830301074,15,1266,hallucinated
-0.7023725509643555,-5.134800434112549,2.0185361105885855,8,1267,hallucinated
-5.418591499328613,-13.844688415527344,225.56119555905383,5,1268,hallucinated
-1.1818513870239258,-3.5455386638641357,3.2604048899051605,3,1269,grounded
-1.1920593976974487,-15.003089904785156,3.29385759009145,26,1269,hallucinated
-0.002452681539580226,-0.009806315414607525,1.0024556918235337,4,1270,grounded
-2.1856703758239746,-12.382612228393555,8.896610627412873,13,1270,hallucinated
-0.00021751649910584092,-0.00040082051418721676,1.0002175401575348,2,1271,grounded
-1.3589509725570679,-13.577280044555664,3.892108231148891,24,1271,hallucinated
-0.007504111621528864,-0.02988949604332447,1.0075323380276697,4,1272,grounded
-2.0774083137512207,-24.12512969970703,7.983750701432816,18,1272,hallucinated
-2.892556667327881,-13.555758476257324,18.039371365542166,15,1273,hallucinated
-0.7079540491104126,-1.4159051179885864,2.029834066577253,2,1274,grounded
-2.4546124935150146,-13.767024993896484,11.64192135466105,7,1275,hallucinated
-0.07409708201885223,-0.14773757755756378,1.0769113491493836,2,1276,grounded
-1.8109935522079468,-7.429736137390137,6.1165214977193685,10,1276,hallucinated
-0.007233019918203354,-0.019068149849772453,1.007259241388787,5,1277,grounded
-2.201848030090332,-13.750006675720215,9.041707416626267,12,1277,hallucinated
-3.5028061866760254,-12.942632675170898,33.20851060765248,12,1278,hallucinated
-2.08609490073286e-05,-7.295342220459133e-05,1.0000208611665984,4,1279,grounded
-2.2113680839538574,-17.375009536743164,9.128195992989303,12,1279,hallucinated
-3.516666993164108e-06,-4.887569048150908e-06,1.0000035166731767,2,1280,grounded
-3.4703369140625,-13.958297729492188,32.14757158934884,9,1280,hallucinated
-0.9514259099960327,-4.9618330001831055,2.5893992784731714,11,1281,hallucinated
-0.0006863977177999914,-0.002497769659385085,1.0006866333426212,4,1282,grounded
-1.8797481060028076,-14.978676795959473,6.551854281550197,19,1282,hallucinated
-2.542227268218994,-7.626645088195801,12.707943472549116,3,1283,grounded
-2.101619243621826,-12.880739212036133,8.179403642538233,12,1283,hallucinated
-0.045085303485393524,-0.3606380820274353,1.0461170935369015,8,1284,grounded
-1.5961236953735352,-16.61695098876953,4.933870125341606,30,1284,hallucinated
-0.00018246636318508536,-0.0012471048394218087,1.0001824830111845,7,1285,grounded
-1.6634453535079956,-10.651752471923828,5.2774622806161045,15,1285,hallucinated
-0.00950059574097395,-0.06395547091960907,1.0095458696635173,8,1286,grounded
-3.290754556655884,-14.908620834350586,26.863125760824808,18,1286,hallucinated
-0.00019350585353095084,-0.0005541696446016431,1.0001935245769964,5,1287,grounded
-1.2989438772201538,-13.916383743286133,3.6654234854605225,20,1287,hallucinated
-0.004308152943849564,-0.008614994585514069,1.0043174463757927,2,1288,grounded
-3.4392149448394775,-11.597796440124512,31.16248429378614,8,1288,hallucinated
-4.085902214050293,-8.171795845031738,59.495591302514136,2,1289,grounded
-4.382209300994873,-16.782094955444336,80.01461464043997,12,1289,hallucinated
-1.7205668687820435,-10.337148666381836,5.587695056561245,13,1290,hallucinated
-1.4900939277140424e-05,-2.9801878554280847e-05,1.0000149010502968,2,1291,grounded
-3.5108046531677246,-19.70633316040039,33.47519286979722,12,1291,hallucinated
-2.0169589519500732,-14.034353256225586,7.515435347129127,16,1292,hallucinated
-0.0001331395178567618,-0.0002627027570270002,1.0001331483813156,2,1293,grounded
-0.5100136995315552,-4.730584144592285,1.6653140088114293,21,1293,hallucinated
-0.0004930695286020637,-0.0009333306807093322,1.0004931911073636,2,1294,grounded
-2.9022057056427,-11.875027656555176,18.214276426815285,9,1294,hallucinated
-2.0920791939715855e-05,-4.184158387943171e-05,1.000020921010781,2,1295,grounded
-9.553521156311035,-12.836196899414062,14094.235405930725,2,1295,hallucinated
-0.0008443427504971623,-0.004160202573984861,1.0008446993081825,5,1296,grounded
-1.6653274297714233,-10.010566711425781,5.287404219914867,7,1296,hallucinated
-0.00019361363956704736,-0.0007569308509118855,1.0001936323838974,4,1297,grounded
-2.2783374786376953,-18.439054489135742,9.760439973272426,14,1297,hallucinated
-0.8288571238517761,-4.144071102142334,2.2906992581326078,5,1298,grounded
-1.4208521842956543,-5.590404987335205,4.140647531972439,8,1298,hallucinated
-0.4832627773284912,-4.294229507446289,1.6213559046112518,12,1299,hallucinated
-0.8721429109573364,-7.610512733459473,2.3920312752909907,17,1300,hallucinated
-1.344117283821106,-20.249168395996094,3.8348000061372196,28,1301,hallucinated
-3.4380319118499756,-6.876059532165527,31.125639845228008,2,1302,grounded
-3.0008392333984375,-12.08432674407959,20.102400451827616,19,1302,hallucinated
-3.384843349456787,-20.25008773803711,29.51336906871585,18,1303,hallucinated
-0.26679620146751404,-2.4952497482299805,1.305774304324921,13,1304,hallucinated
-3.5612449645996094,-11.967534065246582,35.20700134244104,5,1305,hallucinated
-0.002937589306384325,-0.00870965700596571,1.0029419082499094,3,1306,grounded
-1.5784751176834106,-11.258173942565918,4.847558216637098,21,1306,hallucinated
-1.5396959781646729,-13.839030265808105,4.663172349243398,9,1307,grounded
-2.8171887397766113,-17.06267547607422,16.72975281236004,22,1307,hallucinated
-6.848243713378906,-22.75,942.2246361319166,10,1308,hallucinated
-0.5896964073181152,-3.4111742973327637,1.8034408208437929,6,1309,grounded
-2.047273874282837,-33.937503814697266,7.746753669714752,23,1309,hallucinated
-1.9514774084091187,-14.164650917053223,7.039079497388323,19,1310,hallucinated
-3.367651061125798e-06,-6.9141146923357155e-06,1.0000033676567317,4,1311,grounded
-9.279864311218262,-29.5625057220459,10719.977237106152,5,1311,hallucinated
-7.83792984293541e-06,-2.4676019165781327e-05,1.0000078379605597,4,1312,grounded
-1.567757487297058,-11.750231742858887,4.795881301100963,17,1312,hallucinated
-0.35326239466667175,-1.4116034507751465,1.4237046669376912,4,1313,grounded
-1.9358247518539429,-6.600312232971191,6.929757029118736,9,1313,hallucinated
-0.015848739072680473,-0.047461699694395065,1.0159749964627234,3,1314,grounded
-2.859348773956299,-13.289191246032715,17.450159237348746,11,1314,hallucinated
-6.861949077574536e-05,-0.0001776060671545565,1.0000686218451469,3,1315,grounded
-0.4642446041107178,-6.781298637390137,1.5908120420187026,16,1315,hallucinated
-0.0033469751942902803,-0.01618238538503647,1.0033525825699363,5,1316,grounded
-2.4770753383636475,-9.944517135620117,11.906391280837358,15,1316,hallucinated
-4.702481965068728e-05,-0.00015841660206206143,1.000047025925335,4,1317,grounded
-6.639586448669434,-22.5,764.7786523837188,4,1317,hallucinated
-1.314416766166687,-5.257594585418701,3.72257921784163,4,1318,grounded
-4.382667064666748,-8.1239013671875,80.0512508089552,5,1318,hallucinated
-0.0012525171041488647,-0.008040087297558784,1.0012533018312908,9,1319,grounded
-3.329498291015625,-10.521891593933105,27.924328301814096,9,1319,hallucinated
-1.329172300756909e-05,-2.038458114839159e-05,1.000013291811343,2,1320,grounded
-1.2055007219314575,-17.18760108947754,3.338430284887829,18,1320,hallucinated
-0.7941129207611084,-15.929272651672363,2.212477483194897,22,1321,hallucinated
-0.002313740085810423,-0.004625692032277584,1.002316418847991,2,1322,grounded
-4.5608344078063965,-20.335914611816406,95.6632687154041,7,1322,hallucinated
-2.12872314453125,-4.635379314422607,8.404129099445141,10,1323,hallucinated
-1.1659971475601196,-8.125936508178711,3.209121255743407,7,1324,grounded
-3.465916156768799,-14.750439643859863,32.005768646905445,15,1324,hallucinated
-5.364393473428208e-06,-9.775113539944869e-06,1.000005364407862,2,1325,grounded
-7.576901912689209,-21.5902042388916,1952.5703517468194,5,1325,hallucinated
-0.00020684389164671302,-0.000567275274079293,1.0002068652853195,4,1326,grounded
-2.0902516841888428,-9.788475036621094,8.086950265710732,9,1326,hallucinated
-0.8413877487182617,-9.880996704101562,2.3195837435999085,15,1327,hallucinated
-0.00048391259042546153,-0.0017197832930833101,1.0004840296950117,4,1328,grounded
-1.9117319583892822,-14.25001335144043,6.7647950017316525,13,1328,hallucinated
-3.8752360343933105,-7.750431537628174,48.194072407346525,2,1329,grounded
-4.276732921600342,-21.59781837463379,72.00480994672527,13,1329,hallucinated
-1.3915215730667114,-7.51039457321167,4.0209635906193215,25,1330,hallucinated
-1.4383706911758054e-05,-0.00012599628826137632,1.0000143838103577,9,1331,grounded
-1.9065022468566895,-14.393272399902344,6.729509422417342,16,1331,hallucinated
-1.4376850128173828,-11.875149726867676,4.210936261260287,21,1332,hallucinated
-0.3071466088294983,-2.456862449645996,1.3595402740698512,8,1333,grounded
-1.6397978067398071,-10.50621223449707,5.154127277074169,13,1333,hallucinated
-3.85031416954007e-05,-7.64102369430475e-05,1.000038503882951,2,1334,grounded
-1.882267713546753,-18.43805694580078,6.568383197471068,12,1334,hallucinated
-0.0015691129956394434,-0.009052189998328686,1.0015703446975783,6,1335,grounded
-2.732387065887451,-26.154830932617188,15.36953135028386,13,1335,hallucinated
-1.0527453422546387,-4.785017967224121,2.865507127209364,5,1336,grounded
-2.3962812423706055,-15.137470245361328,10.982259985607294,8,1336,hallucinated
-8.106196219159756e-06,-1.0371154530730564e-05,1.0000081062290744,2,1337,grounded
-3.2491402626037598,-13.475290298461914,25.768176526217697,7,1337,hallucinated
-0.00014994433149695396,-0.0003357561945449561,1.0001499555737101,3,1338,grounded
-1.0275264978408813,-5.137550354003906,2.794145954007142,5,1338,hallucinated
-2.52719983109273e-05,-3.5523738915799186e-05,1.0000252723176506,2,1339,grounded
-0.3893817663192749,-3.7878618240356445,1.476067956812466,22,1339,hallucinated
-0.0053806547075510025,-0.01613171212375164,1.0053951564280088,3,1340,grounded
-2.49542236328125,-13.503462791442871,12.126854375087543,19,1340,hallucinated
-1.0443315505981445,-4.887281894683838,2.841498490718085,13,1341,hallucinated
-0.011041920632123947,-0.04325384274125099,1.011103107637721,4,1342,grounded
-0.4827554225921631,-5.181665420532227,1.6205335106541494,20,1342,hallucinated
-1.4901140730216866e-06,-2.861018856492592e-06,1.0000014901151832,2,1343,grounded
-6.717339992523193,-10.965904235839844,826.6157803129272,2,1343,hallucinated
-0.0006123663624748588,-0.0012153151910752058,1.0006125538970339,2,1344,grounded
-2.7943332195281982,-13.221674919128418,16.35172210841022,11,1344,hallucinated
-0.2040506899356842,-2.0305323600769043,1.2263603160062335,10,1345,grounded
-5.555078029632568,-14.625238418579102,258.5471380716815,5,1345,hallucinated
-0.07617182284593582,-0.39069944620132446,1.0791479805055009,11,1346,hallucinated
-7.662355899810791,-29.132450103759766,2126.7619692865464,18,1347,hallucinated
-1.9073461317020701e-06,-3.4570634852570947e-06,1.0000019073479507,3,1348,grounded
-2.5260109901428223,-18.00028419494629,12.503529821223795,13,1348,hallucinated
-8.858445167541504,-14.623282432556152,7033.538264761875,3,1349,hallucinated
-2.2910752296447754,-13.643158912658691,9.885561217255248,11,1350,hallucinated
-0.5010754466056824,-5.010044574737549,1.6504953361797798,10,1351,grounded
-2.250870943069458,-9.629611015319824,9.496002713597205,9,1351,hallucinated
-2.681189775466919,-11.131492614746094,14.602456609240841,9,1352,hallucinated
-2.1637532711029053,-12.500007629394531,8.703743940697551,15,1354,hallucinated
-0.015305508859455585,-0.05509014055132866,1.0154232380282584,4,1355,grounded
-1.288974404335022,-5.97801399230957,3.6290626955233036,10,1355,hallucinated
-0.7817954421043396,-2.6743369102478027,2.185392490868863,15,1356,hallucinated
-0.002689983928576112,-0.018779221922159195,1.0026936051816537,7,1357,grounded
-1.0762664079666138,-13.12502384185791,2.933705817422595,23,1357,hallucinated
-2.151677108486183e-05,-6.007967749610543e-05,1.0000215170025721,4,1358,grounded
-1.2836337089538574,-13.437673568725586,3.6097326410596122,23,1358,hallucinated
-0.012271486222743988,-0.06994345784187317,1.0123470898495786,6,1359,grounded
-3.1863696575164795,-11.87503719329834,24.200411992869846,10,1359,hallucinated
-0.00046547781676054,-0.0011614966206252575,1.0004655861683707,3,1360,grounded
-1.480759620666504,-13.758573532104492,4.396283920982363,10,1360,hallucinated
-0.5663167834281921,-2.8289761543273926,1.7617661204442354,5,1361,grounded
-7.848913669586182,-16.252580642700195,2562.9485949937803,4,1361,hallucinated
-2.104858875274658,-15.672676086425781,8.205944866160987,9,1362,hallucinated
-5.781292202300392e-05,-0.00014351768186315894,1.0000578145932222,3,1363,grounded
-3.2565388679504395,-15.263514518737793,25.959532104150387,9,1363,hallucinated
-9.810055780690163e-05,-0.00018606838420964777,1.000098105369824,2,1364,grounded
-0.5901221036911011,-4.642570495605469,1.8042087024907405,18,1364,hallucinated
-0.16751401126384735,-0.5025113821029663,1.1823618564527982,3,1365,grounded
-1.5708086490631104,-16.27281379699707,4.810536657323085,13,1365,hallucinated
-1.281484219362028e-05,-2.5033637939486653e-05,1.0000128149243042,2,1366,grounded
-3.4470584392547607,-19.689558029174805,31.40786814071914,12,1366,hallucinated
-9.953876542567741e-06,-1.9907753085135482e-05,1.0000099539260825,2,1367,grounded
-3.153059959411621,-18.187524795532227,23.40758135479694,11,1367,hallucinated
-0.0655764788389206,-0.5244477987289429,1.0677743963369255,8,1368,grounded
-1.0112682580947876,-8.250527381896973,2.749085354783285,19,1368,hallucinated
-4.4703472212859197e-07,-8.344646857949556e-07,1.000000447034822,4,1369,grounded
-2.7063887119293213,-11.375067710876465,14.975098355041922,11,1369,hallucinated
-5.319234848022461,-12.449594497680664,204.22755707527074,6,1370,hallucinated
-7.235776424407959,-25.351713180541992,1388.2183264467049,8,1371,hallucinated
-1.5694799003540538e-05,-0.0001401803019689396,1.0000156949221675,9,1372,grounded
-3.769047737121582,-16.625,43.33877527282427,18,1372,hallucinated
-1.7669305801391602,-14.902803421020508,5.8528608748489575,14,1373,hallucinated
-0.00030544790206477046,-0.0006224363460205495,1.0003054945560252,4,1374,grounded
-1.0393463373184204,-13.125006675720215,2.8273682650662226,23,1374,hallucinated
-7.128332799766213e-05,-0.00012206286191940308,1.0000712858687144,2,1375,grounded
-1.0781950950622559,-10.682619094848633,2.939369477933883,17,1375,hallucinated
-0.0001984072005143389,-0.0015872034709900618,1.0001984268845248,18,1376,grounded
-3.859996795654297,-13.107277870178223,47.4651992737025,10,1376,hallucinated
-1.8095510005950928,-11.058826446533203,6.107704460812171,13,1377,hallucinated
-1.428674578666687,-12.375843048095703,4.173164323695264,20,1378,hallucinated
-0.0009549359674565494,-0.0018797124503180385,1.0009553920639769,2,1379,grounded
-1.6094363927841187,-5.380051612854004,4.999992401755865,13,1379,hallucinated
-0.005389403086155653,-0.01607177034020424,1.0054039520439582,3,1380,grounded
-4.584251880645752,-15.081306457519531,97.92989647952959,19,1380,hallucinated
-1.0090382099151611,-10.238396644592285,2.7429615926723345,18,1381,hallucinated
-0.0024089503567665815,-0.0033721032086759806,1.0024118542089544,2,1382,grounded
-2.3590517044067383,-12.444811820983887,10.580912860371576,10,1382,hallucinated
-2.01115345954895,-17.24359130859375,7.471930948745703,15,1383,hallucinated
-1.09987211227417,-19.007238388061523,3.0037818525515414,21,1384,hallucinated
-1.9430504835327156e-05,-6.949660019017756e-05,1.0000194306936088,4,1386,grounded
-1.7832187414169312,-19.00000762939453,5.948973843560708,22,1386,hallucinated
-2.379683256149292,-4.7591233253479,10.801481019344335,2,1387,grounded
-0.5950068831443787,-3.25885009765625,1.8130434243568625,24,1387,hallucinated
-0.6572880148887634,-3.7854225635528564,1.9295523150366845,6,1388,grounded
-3.072598934173584,-17.9429988861084,21.597961477042773,20,1388,hallucinated
-2.447664499282837,-18.449525833129883,11.561313707247109,13,1389,hallucinated
-6.169042080728104e-06,-1.4305012882687151e-05,1.0000061690611093,4,1390,grounded
-2.5371451377868652,-18.313060760498047,12.643523879337689,24,1390,hallucinated
-0.10554560273885727,-0.38844209909439087,1.111316782456335,5,1391,grounded
-6.33524227142334,-9.94041919708252,564.1060532076041,6,1391,hallucinated
-1.0967080015689135e-05,-3.242440288886428e-05,1.0000109671401542,3,1392,grounded
-0.9297499656677246,-5.753330230712891,2.533875542526548,7,1392,hallucinated
-1.5359575748443604,-8.022689819335938,4.645772075136066,11,1393,hallucinated
-0.00033573067048564553,-0.0005616756388917565,1.0003357870343348,2,1394,grounded
-1.2908201217651367,-5.088842868804932,3.6357671051149203,7,1395,hallucinated
-3.734043275471777e-05,-0.00011860620725201443,1.0000373411299173,4,1396,grounded
-0.7507667541503906,-3.8977108001708984,2.1186238576256513,16,1396,hallucinated
-8.582995178585406e-06,-1.7165990357170813e-05,1.0000085830320127,2,1397,grounded
-2.0228383541107178,-8.725387573242188,7.55975176330531,8,1397,hallucinated
-0.019229430705308914,-0.03844872862100601,1.0194155070080102,2,1398,grounded
-6.076610565185547,-9.3074951171875,435.55042027139007,4,1398,hallucinated
-0.0011174160754308105,-0.0053370376117527485,1.0011180406173763,6,1399,grounded
-3.707352876663208,-12.001490592956543,40.745804472781494,5,1399,hallucinated
-6.603939255001023e-05,-9.345571743324399e-05,1.0000660415731988,2,1400,grounded
-1.3648567199707031,-16.18842887878418,3.91516204727046,21,1400,hallucinated
-0.050373852252960205,-0.10074198246002197,1.051664189918751,2,1401,grounded
-2.612978458404541,-19.75001335144043,13.63961543911421,13,1401,hallucinated
-6.660310464212671e-05,-0.000192504478036426,1.000066605322678,4,1402,grounded
-1.1995753049850464,-12.362836837768555,3.3187071850058807,26,1402,hallucinated
-3.8077597618103027,-4.459555625915527,45.04940434184379,2,1403,hallucinated
-0.00021782606199849397,-0.0009265420376323164,1.0002178497878178,5,1404,grounded
-2.2067184448242188,-8.093310356140137,9.085851694857308,16,1404,hallucinated
-0.0009353524073958397,-0.0036434237845242023,1.0009357899858782,4,1405,grounded
-1.407227873802185,-6.9971113204956055,4.084616622318688,10,1405,hallucinated
-4.025270462036133,-20.56306266784668,55.99545137759692,18,1406,hallucinated
-0.9133386611938477,-8.225849151611328,2.492630705989401,29,1407,hallucinated
-6.567727565765381,-13.500683784484863,711.7505975906996,5,1408,hallucinated
-0.00022936644381843507,-0.0004552758182398975,1.0002293927503125,2,1409,grounded
-0.5174704194068909,-7.125944137573242,1.677778202125131,36,1409,hallucinated
-0.7930544018745422,-3.1715986728668213,2.210136773054335,4,1410,grounded
-4.7207489013671875,-8.704568862915039,112.25228708840582,7,1410,hallucinated
-1.1980427188973408e-05,-2.0265373677830212e-05,1.0000119804989547,2,1411,grounded
-2.0122714042663574,-16.68768882751465,7.4802888254302555,14,1411,hallucinated
-0.8946853876113892,-5.367895126342773,2.4465659484109716,6,1412,grounded
-5.8395514488220215,-11.434239387512207,343.62517261546157,5,1412,hallucinated
-0.4493245482444763,-2.6959011554718018,1.5672532239502472,6,1413,grounded
-1.4776042699813843,-11.528508186340332,4.382433965724335,22,1413,hallucinated
-1.6689284620952094e-06,-2.264974000354414e-06,1.0000016689298548,2,1414,grounded
-2.1745853424072266,-12.864445686340332,8.798535985917011,24,1414,hallucinated
-2.5569959689164534e-05,-4.017272294731811e-05,1.0000255702866034,2,1415,grounded
-2.490502119064331,-21.43857192993164,12.067333837845377,13,1415,hallucinated
-4.713507652282715,-14.639484405517578,111.44237623941014,7,1416,hallucinated
-3.7281457480276003e-05,-8.272782724816352e-05,1.0000372821524424,4,1417,grounded
-1.0953905582427979,-9.461588859558105,2.9903503613378715,13,1417,hallucinated
-9.953926564776339e-06,-1.0013530300057027e-05,1.0000099539761054,2,1418,grounded
-8.628375053405762,-15.0082368850708,5587.990684973309,5,1418,hallucinated
-1.712442398071289,-8.751437187194824,5.542481906887235,18,1419,hallucinated
-1.736160397529602,-9.125295639038086,5.675509831769932,9,1420,hallucinated
-1.0549918442848139e-05,-2.038458114839159e-05,1.0000105499740934,2,1421,grounded
-3.64692759513855,-13.001395225524902,38.356637706293135,5,1421,hallucinated
-0.0023148045875132084,-0.008948462083935738,1.0023174858160933,4,1422,grounded
-4.265869140625,-11.917861938476562,71.22679918339102,7,1422,hallucinated
-0.6013357639312744,-4.402853488922119,1.8245543472582586,8,1423,hallucinated
-3.0572702884674072,-12.393519401550293,21.269418470309173,7,1424,hallucinated
-6.55650637781946e-07,-1.311301275563892e-06,1.0000006556508527,2,1425,grounded
-3.4691715240478516,-18.383708953857422,32.110128952298766,9,1425,hallucinated
-2.367802619934082,-7.6728363037109375,10.67391185471029,7,1426,hallucinated
-0.00029542602715082467,-0.002839107532054186,1.0002954696697173,10,1427,grounded
-2.100647211074829,-11.725379943847656,8.171456858874551,13,1427,hallucinated
-2.5475082397460938,-22.06254768371582,12.775231276303026,19,1428,hallucinated
-0.01434798538684845,-0.04304204881191254,1.0144514117906842,3,1429,grounded
-2.3566830158233643,-17.739578247070312,10.555879632542483,23,1429,hallucinated
-0.00011975793313467875,-0.0003543464408721775,1.0001197651044023,4,1430,grounded
-3.710775136947632,-8.957749366760254,40.885486098297655,6,1430,hallucinated
-2.177745819091797,-10.349437713623047,8.826387542673537,7,1431,hallucinated
-0.0008963546133600175,-0.0023409125860780478,1.000896756459213,3,1432,grounded
-1.1784700155258179,-14.51203727722168,3.2493988679492207,23,1432,hallucinated
-1.9490344129735604e-05,-3.8742269680369645e-05,1.0000194905340678,2,1433,grounded
-1.111950159072876,-8.875829696655273,3.0402816497567566,22,1433,hallucinated
-3.9605295658111572,-11.1041898727417,52.4851129123299,7,1434,hallucinated
-0.00042366923298686743,-0.0008469808381050825,1.0004237589934721,2,1435,grounded
-3.0116472244262695,-12.51672077178955,20.320845364453067,9,1435,hallucinated
-3.2189834117889404,-14.752164840698242,25.0026898177105,10,1436,hallucinated
-3.051682870136574e-05,-6.842378934379667e-05,1.0000305172943444,4,1437,grounded
-3.169387102127075,-28.375015258789062,23.792897270560506,20,1437,hallucinated
-2.0117785930633545,-12.900794982910156,7.476603363488441,16,1438,hallucinated
-1.5799800157546997,-9.210596084594727,4.854858789579035,19,1439,hallucinated
-6.925391789991409e-05,-0.00022754464589525014,1.0000692563160078,4,1440,grounded
-1.331055998802185,-10.500036239624023,3.785038273783356,15,1440,hallucinated
-1.845854640007019,-12.01301383972168,6.333510349362103,13,1441,hallucinated
-0.2955431342124939,-2.4116828441619873,1.3438560547068803,16,1442,hallucinated
-0.11890902370214462,-0.5912469029426575,1.1262674499843355,5,1443,grounded
-1.2680504322052002,-11.378721237182617,3.5539172015526233,21,1443,hallucinated
-1.5053240060806274,-11.137648582458496,4.505613239901203,14,1444,hallucinated
-0.6598994135856628,-11.156264305114746,1.9345977303660522,44,1445,hallucinated
-3.080240639974363e-05,-0.00010954733443213627,1.0000308028807987,5,1446,grounded
-1.4895614385604858,-5.936479568481445,4.435150006650121,13,1446,hallucinated
-2.340384006500244,-23.313364028930664,10.385223790564211,16,1447,hallucinated
-3.749108076095581,-7.4928812980651855,42.48317333891882,2,1448,hallucinated
-0.0007799764280207455,-0.0014081810368224978,1.0007802806887351,4,1449,grounded
-2.3708841800689697,-6.188780784606934,10.706854887864965,9,1449,hallucinated
-0.10321920365095139,-0.2064286321401596,1.1087344210735104,2,1450,grounded
-0.845485270023346,-7.433902740478516,2.3291077865672545,19,1450,hallucinated
-0.0013625582214444876,-0.007667988538742065,1.0013634869256545,6,1451,grounded
-3.6836297512054443,-13.12543773651123,39.79056210801367,6,1451,hallucinated
-0.004758745431900024,-0.03477714955806732,1.0047700862431512,8,1452,grounded
-1.7783972024917603,-11.130842208862305,5.920359672212988,15,1452,hallucinated
-2.2649737729807384e-06,-2.861018856492592e-06,1.000002264976338,2,1453,grounded
-3.013317584991455,-10.688660621643066,20.35481686763204,16,1453,hallucinated
-1.4752922058105469,-7.375948905944824,4.3723132016076685,5,1454,grounded
-1.767874836921692,-6.41648530960083,5.858390088515171,13,1454,hallucinated
-3.79803729057312,-23.658308029174805,44.613535100385114,11,1455,hallucinated
-0.06408695131540298,-0.19224809110164642,1.066185100928148,3,1456,grounded
-1.2734768390655518,-17.126089096069336,3.5732546211387954,25,1456,hallucinated
-1.214123010635376,-11.000314712524414,3.3673396479567628,17,1457,hallucinated
-2.205367081842269e-06,-4.410734163684538e-06,1.0000022053695137,2,1458,grounded
-3.7135255336761475,-29.3125,40.998092190233855,15,1458,hallucinated
-1.813768744468689,-8.534090042114258,6.133519596428987,13,1459,hallucinated
-2.044418033619877e-05,-2.3007127310847864e-05,1.00002044438932,2,1460,grounded
-0.43562281131744385,-7.625510215759277,1.545925579132604,35,1460,hallucinated
-3.240478038787842,-10.26138687133789,25.545930774706534,9,1461,hallucinated
-0.6728784441947937,-2.018632173538208,1.9598705873391853,3,1462,grounded
-2.2477364540100098,-17.625059127807617,9.466284197496819,26,1462,hallucinated
-0.056504324078559875,-0.22542452812194824,1.058131190232727,4,1463,grounded
-1.5114312171936035,-10.86288833618164,4.533214167708924,19,1463,hallucinated
-6.061528256395832e-05,-0.00010072677832795307,1.0000606171197073,2,1464,grounded
-2.7347519397735596,-22.782215118408203,15.405921365554635,9,1464,hallucinated
-1.1396383047103882,-1.9910720586776733,3.1256376322994672,5,1465,hallucinated
-2.504483222961426,-24.81250762939453,12.237233410248779,14,1466,hallucinated
-3.486806963337585e-05,-4.386805812828243e-05,1.0000348686775316,2,1467,grounded
-1.0123927593231201,-13.1278076171875,2.752178443406573,24,1467,hallucinated
-0.000287206145003438,-0.0015754204941913486,1.000287247392637,6,1468,grounded
-1.5827654600143433,-10.250434875488281,4.868400579320543,12,1468,hallucinated
-0.0009277629433199763,-0.0011712603736668825,1.0009281934484848,2,1469,grounded
-2.0801427364349365,-18.380924224853516,8.005611525196903,21,1469,hallucinated
-2.8817188649554737e-05,-0.00011514954530866817,1.0000288176038687,4,1470,grounded
-3.450279712677002,-15.014471054077148,31.509204600204583,11,1470,hallucinated
-5.086501598358154,-17.12547492980957,161.82274966531557,10,1471,hallucinated
-0.7304447889328003,-1.6005972623825073,2.0760037858575844,3,1472,grounded
-0.5998685956001282,-5.290682792663574,1.821879381693728,10,1472,hallucinated
-9.566379958414473e-06,-3.635817120084539e-05,1.0000095664257165,4,1473,grounded
-1.9327360391616821,-12.687520027160645,6.908386022069182,11,1473,hallucinated
-0.00326351635158062,-0.018150195479393005,1.0032688474188334,6,1474,grounded
-2.2855050563812256,-15.269149780273438,9.830650002933321,18,1474,hallucinated
-9.596261406841222e-06,-1.8596476365928538e-05,1.0000095963074511,2,1475,grounded
-4.411121845245361,-23.706911087036133,82.36180889960868,13,1475,hallucinated
-1.3239612579345703,-10.500572204589844,3.7582794437820732,17,1476,hallucinated
-2.9500720500946045,-8.633737564086914,19.107330363598034,5,1477,hallucinated
-0.03975557163357735,-0.07951078563928604,1.0405564016043019,2,1478,grounded
-8.737456321716309,-23.875076293945312,6232.023271364244,6,1478,hallucinated
-0.00019666968728415668,-0.00030894274823367596,1.000196689028035,2,1479,grounded
-5.219787120819092,-14.658496856689453,184.89481962314088,5,1479,hallucinated
-1.4540423154830933,-3.9222488403320312,4.280382246274748,7,1480,hallucinated
-0.0024080732837319374,-0.004493022337555885,1.002410975020933,2,1481,grounded
-2.0340707302093506,-4.896347522735596,7.6451444217466635,6,1481,hallucinated
-2.562993131505209e-06,-7.033323527139146e-06,1.000002562996416,4,1482,grounded
-2.070880174636841,-12.502193450927734,7.931801416769615,17,1482,hallucinated
-0.00208128965459764,-0.004161983262747526,1.002083457041303,2,1483,grounded
-1.8871582746505737,-10.768367767333984,6.600584955000696,16,1483,hallucinated
-4.902194268652238e-05,-0.00014530557382386178,1.0000490231442816,4,1484,grounded
-4.2066826820373535,-13.275147438049316,67.13346695706286,11,1484,hallucinated
-0.42910560965538025,-1.7147411108016968,1.5358832299311087,4,1485,grounded
-2.146825075149536,-16.125322341918945,8.55764533948085,10,1485,hallucinated
-0.0003877252747770399,-0.0011525661684572697,1.000387800449937,3,1486,grounded
-5.603226661682129,-14.725302696228027,271.3003912195601,7,1486,hallucinated
-0.00011949659528909251,-0.0002040654799202457,1.0001195037352917,2,1487,grounded
-2.818567991256714,-13.515914916992188,16.75284326880087,17,1487,hallucinated
-0.0004592878103721887,-0.0009039129945449531,1.0004593932991679,2,1488,grounded
-9.392948150634766,-19.791133880615234,12003.435153960174,7,1488,hallucinated
-1.6214627027511597,-16.875,5.060486893849989,35,1489,hallucinated
-0.0007917015464045107,-0.003159176791086793,1.0007920150247955,4,1490,grounded
-1.0863397121429443,-14.5,2.963407273231041,16,1490,hallucinated
-0.00404497841373086,-0.012072590179741383,1.0040531703806335,3,1491,grounded
-2.4550700187683105,-13.251731872558594,11.647249046361503,9,1491,hallucinated
-4.881145650870167e-05,-0.00019488819816615433,1.0000488126478073,4,1492,grounded
-1.64315664768219,-14.680981636047363,5.171468277322309,27,1492,hallucinated
-1.3885548114776611,-4.712988376617432,4.009052028407128,4,1493,grounded
-1.6922457218170166,-11.250091552734375,5.431665027366022,15,1493,hallucinated
-1.066741943359375,-4.265254020690918,2.9058964849256976,4,1494,grounded
-2.442636728286743,-12.000141143798828,11.503331951149718,15,1494,hallucinated
-1.2432336807250977,-13.317251205444336,3.466805902048439,18,1495,hallucinated
-3.8626255989074707,-13.173044204711914,47.59014009443236,6,1496,hallucinated
-3.4716622829437256,-14.25018310546875,32.19020722807358,8,1497,hallucinated
-1.3947164006822277e-05,-6.723177648382261e-05,1.000013947261269,8,1498,grounded
-3.853177309036255,-13.662610054016113,47.142612171814186,11,1498,hallucinated
-0.00831756554543972,-0.024925515055656433,1.0083522525976554,3,1499,grounded
-2.9473845958709717,-14.84660530090332,19.056049226628552,10,1499,hallucinated
-1.0761555433273315,-11.356404304504395,2.9333805912137625,29,1500,hallucinated
-1.0119876861572266,-5.4383955001831055,2.7510638355355086,6,1501,grounded
-2.595834732055664,-10.658158302307129,13.40777459083484,14,1501,hallucinated
-0.00014924138667993248,-0.0009116546134464443,1.0001492525237297,7,1502,grounded
-0.9537747502326965,-11.24690055847168,2.5954885122062885,34,1502,hallucinated
-0.03086923621594906,-0.27457454800605774,1.031350631757228,9,1503,grounded
-2.4082045555114746,-10.752477645874023,11.113988670991498,23,1503,hallucinated
-2.9573837309726514e-05,-0.00024399164249189198,1.00002957427462,9,1504,grounded
-0.9631229639053345,-14.692480087280273,2.6198654563214006,21,1504,hallucinated
-2.754462718963623,-5.508921146392822,15.712596554351695,2,1505,grounded
-1.6130155324935913,-7.383853912353516,5.017920136904222,15,1505,hallucinated
-3.6834616661071777,-13.584589958190918,39.78387446953359,17,1506,hallucinated
-4.880553722381592,-22.202411651611328,131.70357091379134,7,1507,hallucinated
-0.04412461817264557,-0.11049505323171616,1.0451125867944193,4,1508,grounded
-2.0313801765441895,-10.011839866638184,7.624602397503465,6,1508,hallucinated
-2.413929905742407e-05,-4.827859811484814e-05,1.0000241395904126,2,1509,grounded
-1.3705304861068726,-5.952608585357666,3.937438898172381,6,1509,hallucinated
-1.8967149257659912,-8.234373092651367,6.663966819369866,26,1510,hallucinated
-0.0005379575304687023,-0.001043133088387549,1.0005381022555717,2,1511,grounded
-1.9021214246749878,-9.411866188049316,6.700093119110148,12,1511,hallucinated
-2.5926947593688965,-11.500304222106934,13.36574057220044,5,1512,hallucinated
-0.00665032584220171,-0.03320847451686859,1.0066724883611904,5,1513,grounded
-1.8541182279586792,-18.32515525817871,6.386064713919538,13,1513,hallucinated
-2.50338939622452e-06,-6.198863957251888e-06,1.0000025033925297,4,1514,grounded
-2.818183660507202,-10.225834846496582,16.74640587311471,7,1514,hallucinated
-0.00011186877236468717,-0.00018785618885885924,1.0001118750299092,2,1515,grounded
-2.135939836502075,-8.62905216217041,8.464998484062342,6,1515,hallucinated
-0.00016276798851322383,-0.0006025406182743609,1.000162781235941,7,1516,grounded
-1.6334285736083984,-16.125001907348633,5.121403761332703,18,1516,hallucinated
-7.54978391341865e-05,-0.0003003622987307608,1.0000755006891677,5,1517,grounded
-4.0320940017700195,-17.93783187866211,56.37884512864709,7,1517,hallucinated
-5.960445832897676e-06,-7.271740287251305e-06,1.0000059604635965,2,1518,grounded
-0.7999910712242126,-19.064035415649414,2.2255210572252246,29,1518,hallucinated
-2.3529510498046875,-12.250017166137695,10.516558865975805,6,1519,hallucinated
-0.8626866340637207,-11.193147659301758,2.3695181780164773,15,1520,hallucinated
-2.1469528675079346,-25.478233337402344,8.558739011041066,17,1521,hallucinated
-2.7073848247528076,-15.509389877319336,14.990022674465285,20,1522,hallucinated
-0.23756517469882965,-2.593294620513916,1.2681576458900143,11,1523,grounded
-3.0870819091796875,-9.847733497619629,21.913040345516926,10,1523,hallucinated
-0.033778563141822815,-0.10128669440746307,1.03435553692647,3,1524,grounded
-2.51639723777771,-17.01503562927246,12.383899949205473,23,1524,hallucinated
-0.0013592232717201114,-0.002718208124861121,1.0013601474343383,2,1525,grounded
-2.1649622917175293,-21.54573631286621,8.714273310376173,19,1525,hallucinated
-3.307948281872086e-05,-6.615896563744172e-05,1.0000330800299508,2,1526,grounded
-2.678248167037964,-7.376732349395752,14.55956501586058,9,1526,hallucinated
-0.00025420880410820246,-0.0005082983989268541,1.0002542411179043,2,1527,grounded
-1.6928291320800781,-11.25039291381836,5.4348348410495095,21,1527,hallucinated
-1.1908044815063477,-7.496458530426025,3.2897266673934715,16,1528,hallucinated
-9.543334007263184,-24.750953674316406,13951.384187859157,7,1529,hallucinated
-3.3459720611572266,-15.12514591217041,28.388157283993298,6,1530,hallucinated
-0.5657810568809509,-7.811217308044434,1.760822548334365,27,1531,hallucinated
-9.110563405556604e-05,-0.00030119650182314217,1.0000911097843,6,1532,grounded
-3.293363332748413,-15.50004768371582,26.933297131980805,9,1532,hallucinated
-2.1053218841552734,-8.149346351623535,8.209745171227464,7,1533,hallucinated
-0.050694845616817474,-0.1013738363981247,1.0520018213305435,2,1534,grounded
-5.947558403015137,-14.513211250305176,382.8175109879333,6,1534,hallucinated
-0.013839992694556713,-0.027679985389113426,1.0139362087575767,2,1535,grounded
-2.5840306282043457,-7.571739196777344,13.25043826122839,8,1535,hallucinated
-3.751535654067993,-14.835755348205566,42.58642983560427,9,1536,hallucinated
-0.6026881337165833,-1.808046579360962,1.8270234886489323,3,1537,grounded
-1.091351866722107,-15.052774429321289,2.9782976137371313,23,1537,hallucinated
-2.0821385987801477e-05,-5.447716102935374e-05,1.0000208216027544,3,1538,grounded
-0.544716477394104,-6.804447174072266,1.7241194862235447,19,1538,hallucinated
-1.549703665659763e-05,-2.5629668016335927e-05,1.0000154971567363,2,1539,grounded
-4.387763500213623,-38.71876525878906,80.46026822930388,11,1539,hallucinated
-0.00020599762501660734,-0.0015180503251031041,1.0002060188439843,8,1540,grounded
-2.1088924407958984,-13.379544258117676,8.239110926213812,11,1540,hallucinated
-5.041903018951416,-15.12502670288086,154.76425427454538,3,1541,grounded
-1.8011877536773682,-7.880068778991699,6.056837224422277,18,1541,hallucinated
-1.2808932065963745,-6.764807224273682,3.599853703056208,17,1542,hallucinated
-2.3841135771363042e-05,-6.568216485902667e-05,1.0000238414199736,3,1543,grounded
-0.4932260811328888,-1.870043158531189,1.6375907079039513,7,1543,hallucinated
-3.819122076034546,-13.198805809020996,45.56418886302927,8,1544,hallucinated
-0.00019538453489076346,-0.0015410225605592132,1.0001954036236922,8,1545,grounded
-1.2534801959991455,-6.773480415344238,3.502511196705244,10,1545,hallucinated
-1.0634900331497192,-2.126974582672119,2.896462118648146,2,1546,grounded
-0.9763507843017578,-14.437911033630371,2.6547507858059567,19,1546,hallucinated
-2.2291871573543176e-05,-2.8371408916427754e-05,1.0000222921200392,2,1547,grounded
-3.3683319091796875,-11.265889167785645,29.030061867151538,8,1547,hallucinated
-2.676666021347046,-15.747018814086914,14.536547875844889,12,1548,hallucinated
-1.2284095287322998,-7.768107891082764,3.4157924938879862,20,1549,hallucinated
-2.018977403640747,-3.967289924621582,7.530620210112424,2,1550,grounded
-4.340142726898193,-24.31743812561035,76.71848834879397,19,1550,hallucinated
-3.7799153327941895,-12.132383346557617,43.812332110794536,6,1551,hallucinated
-1.6093231351987924e-06,-2.9802276912960224e-06,1.0000016093244302,2,1552,grounded
-4.24845552444458,-12.089438438415527,69.99721982287683,9,1552,hallucinated
-0.8942446708679199,-9.953441619873047,2.445487943398383,30,1553,hallucinated
-3.8534493446350098,-9.918905258178711,47.155438385057415,7,1554,hallucinated
-0.0020081419497728348,-0.013950103893876076,1.0020101596171795,9,1555,grounded
-1.5180267095565796,-9.214851379394531,4.563211762844092,12,1555,hallucinated
-0.0009647771366871893,-0.0031901916954666376,1.0009652426838533,4,1556,grounded
-2.436321258544922,-17.19814682006836,11.430911930214405,16,1556,hallucinated
-3.03810977935791,-15.127314567565918,20.86576503580989,18,1557,hallucinated
-1.7236741781234741,-7.277498722076416,5.6050847572051925,9,1558,hallucinated
-0.004539681598544121,-0.018153004348278046,1.0045500015635944,4,1559,grounded
-4.020833969116211,-12.375004768371582,55.7475782043643,16,1559,hallucinated
-3.665673602881725e-06,-9.059865078597795e-06,1.0000036656803215,4,1560,grounded
-0.8120947480201721,-24.50002670288086,2.2526217228021554,41,1560,hallucinated
-1.4996936321258545,-7.0380167961120605,4.48031623509205,8,1561,hallucinated
-4.508751226239838e-05,-0.0001646144810365513,1.0000450885287195,4,1562,grounded
-1.7528718709945679,-16.125,5.771152906204213,14,1562,hallucinated
-1.2814681213058066e-05,-5.0424259825376794e-05,1.0000128147633214,4,1563,grounded
-2.6681771278381348,-9.750067710876465,14.413670951391337,8,1563,hallucinated
-0.0001492721785325557,-0.0005448763840831816,1.0001492833201786,4,1564,grounded
-1.394224762916565,-13.292332649230957,4.031847722894318,19,1564,hallucinated
-0.00010103925160365179,-0.00040415700641460717,1.0001010443562408,4,1565,grounded
-4.290411949157715,-20.625,72.99653316700469,13,1565,hallucinated
-1.2329720258712769,-6.77346658706665,3.4314126437169032,14,1566,hallucinated
-0.00753131415694952,-0.03919924050569534,1.0075597458345615,7,1567,grounded
-0.8186652064323425,-4.327912330627441,2.2674712106993766,18,1567,hallucinated
-2.562995177868288e-06,-4.172316494077677e-06,1.0000025629984624,2,1568,grounded
-0.884070098400116,-17.625009536743164,2.4207323016966473,47,1568,hallucinated
-0.001137909246608615,-0.00199607340618968,1.0011385569109732,2,1569,grounded
-1.7787482738494873,-10.644947052001953,5.922438505809459,11,1569,hallucinated
-1.8806861639022827,-13.05511474609375,6.5580031837774735,31,1570,hallucinated
-3.653907060623169,-12.871197700500488,38.62528294481449,8,1571,hallucinated
-0.002257515676319599,-0.010245704092085361,1.002260065783442,6,1572,grounded
-2.733365774154663,-15.626214027404785,15.384581001087087,14,1572,hallucinated
-6.204458622960374e-05,-0.00012408917245920748,1.0000620465110348,2,1573,grounded
-0.735867440700531,-13.875008583068848,2.0872918093064445,33,1573,hallucinated
-0.0001035017121466808,-0.00026043839170597494,1.0001035070686337,3,1574,grounded
-2.169772148132324,-17.877643585205078,8.756288676696862,21,1574,hallucinated
-3.695438408612972e-06,-2.8132995794294402e-05,1.0000036954452367,8,1575,grounded
-2.601133108139038,-21.961790084838867,13.479002552692425,26,1575,hallucinated
-1.8437329345033504e-05,-4.684815212385729e-05,1.0000184374993137,3,1576,grounded
-0.8597075343132019,-10.626241683959961,2.3624696513485106,61,1576,hallucinated
-2.02174032892799e-05,-5.709961988031864e-05,1.0000202176076625,5,1577,grounded
-2.4579620361328125,-14.133748054504395,11.680981847264144,10,1577,hallucinated
-0.29954808950424194,-2.695786476135254,1.3492489300284798,9,1578,grounded
-0.11319524794816971,-0.49742451310157776,1.1198505601287592,9,1578,hallucinated
-1.2525510787963867,-14.78089714050293,3.4992584646181943,13,1579,hallucinated
-5.109026824356988e-05,-0.0001461399078834802,1.0000510915733736,5,1580,grounded
-3.015455484390259,-16.75,20.39837996854723,17,1580,hallucinated
-0.7207255363464355,-4.324338912963867,2.0559243174702235,6,1581,grounded
-2.984851360321045,-26.937503814697266,19.783561395598504,19,1581,hallucinated
-6.622737203088036e-08,-4.768370445162873e-07,1.0000000662273743,9,1582,grounded
-1.315302848815918,-18.125,3.7258791925061816,15,1582,hallucinated
-1.1645917892456055,-7.281035423278809,3.2046144580789044,11,1583,hallucinated
-0.0006372187053784728,-0.0025118011981248856,1.0006374217723482,4,1584,grounded
-1.356074333190918,-11.750021934509277,3.880928127666412,10,1584,hallucinated
-3.5506904125213623,-13.3777494430542,34.8373613370379,13,1585,hallucinated
-2.4612488746643066,-11.500588417053223,11.71943851429131,12,1586,hallucinated
-0.04459352791309357,-0.08904055505990982,1.0456027651819608,2,1587,grounded
-3.197462558746338,-10.566584587097168,24.470359253846457,6,1587,hallucinated
-0.00034089101245626807,-0.0006540066679008305,1.0003409491224002,2,1588,grounded
-2.507504940032959,-19.44268226623535,12.274266791374231,12,1588,hallucinated
-3.3596160411834717,-8.907620429992676,28.778139137426503,7,1589,hallucinated
-1.8114697933197021,-17.512845993041992,6.119435130458296,24,1590,hallucinated
-0.0016245306469500065,-0.0032333259005099535,1.0016258509117015,2,1591,grounded
-2.7879903316497803,-19.75319480895996,16.24833320719192,13,1591,hallucinated
-7.116535562090576e-05,-8.237022848334163e-05,1.0000711678879348,2,1592,grounded
-3.2682158946990967,-7.967458724975586,26.264438993291648,9,1592,hallucinated
-0.00016294256784021854,-0.000243634101934731,1.0001629558437015,2,1593,grounded
-3.025691270828247,-19.09318733215332,20.6082456675014,22,1593,hallucinated
-1.5724056959152222,-5.775243759155273,4.818225447793714,9,1594,hallucinated
-0.3309858739376068,-0.9929264783859253,1.3923401238858133,3,1595,grounded
-1.8722859621047974,-18.87504005432129,6.503145364599917,17,1595,hallucinated
-0.0004051578580401838,-0.000783613184466958,1.000405239945571,2,1596,grounded
-3.458416700363159,-10.375157356262207,31.766640566266393,3,1596,hallucinated
-4.422635078430176,-9.655902862548828,83.31553933636503,5,1597,hallucinated
-0.2568090558052063,-2.7204766273498535,1.2927982508693017,14,1598,grounded
-2.3700196743011475,-12.692268371582031,10.697602749898719,14,1598,hallucinated
-3.720245599746704,-14.875,41.274529877972014,4,1599,grounded
-5.0365800857543945,-14.875,153.9426431183381,12,1599,hallucinated
-0.001346214790828526,-0.002684919396415353,1.0013471213447198,2,1600,grounded
-6.426341533660889,-21.87508773803711,617.9092077635097,9,1600,hallucinated
-4.665249824523926,-23.500001907348633,106.19211130205524,7,1601,hallucinated
-0.7970396876335144,-15.750536918640137,2.218962374251703,21,1602,hallucinated
-2.6611266136169434,-14.568928718566895,14.312404568897469,14,1603,hallucinated
-0.3918916881084442,-2.350872278213501,1.4797774252299876,6,1604,grounded
-0.8087345957756042,-20.3751277923584,2.2450652733841063,36,1604,hallucinated
-0.14560356736183167,-0.4362652897834778,1.1567375286328774,3,1605,grounded
-0.5643512606620789,-8.484189987182617,1.7583067298950918,40,1605,hallucinated
-0.0008688308298587799,-0.0017214493127539754,1.0008692083726967,2,1606,grounded
-2.0463554859161377,-27.833850860595703,7.739642407215003,23,1606,hallucinated
-1.273901104927063,-10.041715621948242,3.574770952730151,10,1607,hallucinated
-5.185584086575545e-06,-8.702239938429557e-06,1.0000051855975318,2,1608,grounded
-1.7320038080215454,-21.8750057220459,5.651968027852672,16,1608,hallucinated
-8.225368219427764e-06,-2.2411095415009186e-05,1.000008225402048,4,1609,grounded
-2.1751620769500732,-17.00821304321289,8.803611869124465,17,1609,hallucinated
-3.6373527109390125e-05,-0.00015138434537220746,1.0000363741886342,7,1610,grounded
-2.6273603439331055,-22.253734588623047,13.837196213453113,19,1610,hallucinated
-3.216128607164137e-05,-0.00011300401820335537,1.0000321618032513,5,1611,grounded
-1.9116510152816772,-11.500054359436035,6.76424746036205,18,1611,hallucinated
-0.0268607959151268,-0.16058701276779175,1.0272247989222678,6,1612,grounded
-3.7885422706604004,-17.14438247680664,44.19193342186421,12,1612,hallucinated
-2.258650541305542,-4.517175197601318,9.570165905433349,2,1613,grounded
-4.955904483795166,-20.254507064819336,142.01099494517743,13,1613,hallucinated
-0.04456353187561035,-0.08911895751953125,1.045571401712616,2,1614,grounded
-1.415433406829834,-17.319047927856445,4.118270966001848,18,1614,hallucinated
-1.46031231906818e-06,-2.3841830625315197e-06,1.0000014603133853,4,1615,grounded
-2.0094356536865234,-21.1250057220459,7.459106639948274,27,1615,hallucinated
-1.4584649801254272,-13.750123023986816,4.299354865331459,21,1616,hallucinated
-0.005161679815500975,-0.015470733866095543,1.0051750242347537,3,1617,grounded
-3.0182480812072754,-15.437984466552734,20.455424032984112,13,1617,hallucinated
-0.06834818422794342,-0.46547141671180725,1.0707380576862562,7,1618,grounded
-1.6579906940460205,-15.375,5.248753889481365,20,1618,hallucinated
-0.00014952986384741962,-0.0003135904553346336,1.0001495410439947,4,1619,grounded
-0.9173325300216675,-9.817609786987305,2.502605852519258,23,1619,hallucinated
-3.9457474485971034e-05,-4.589452510117553e-05,1.0000394582529424,2,1620,grounded
-2.8637521266937256,-9.52349853515625,17.52716786744617,7,1620,hallucinated
-1.11085045337677,-9.476265907287598,3.03694007242133,30,1621,hallucinated
-0.034953732043504715,-0.1383289396762848,1.0355717939004616,4,1622,grounded
-5.529031276702881,-18.688838958740234,251.8997716135368,5,1622,hallucinated
-2.0764575004577637,-11.000020027160645,7.976163252829362,11,1623,hallucinated
-0.1796666830778122,-0.8981265425682068,1.1968183768132827,5,1624,grounded
-3.46467924118042,-20.000009536743164,31.966204686432036,16,1624,hallucinated
-0.00018397659005131572,-0.0002936885575763881,1.000183993514782,2,1625,grounded
-1.983119010925293,-18.12539291381836,7.265368445848219,12,1625,hallucinated
-2.0087945461273193,-18.375,7.454326082885871,10,1626,hallucinated
-0.25411373376846313,-3.07224440574646,1.2893184349735733,18,1627,hallucinated
-0.8965052962303162,-19.125003814697266,2.451022528921858,23,1628,hallucinated
-0.005008848384022713,-0.00997180212289095,1.0050214136354765,2,1629,grounded
-2.5638039112091064,-13.829748153686523,12.985117723769362,15,1629,hallucinated
-0.20949378609657288,-0.8379694223403931,1.2330537130103252,4,1630,grounded
-0.9358102083206177,-14.813791275024414,2.5492780675459388,27,1630,hallucinated
-7.247403846122324e-05,-0.00014435203047469258,1.0000724766647677,2,1631,grounded
-3.3387107849121094,-10.280294418334961,28.182769622578455,4,1631,hallucinated
-0.0013455144362524152,-0.0026737437583506107,1.0013464200469266,2,1632,grounded
-8.068717002868652,-17.090850830078125,3193.0025868223556,5,1632,hallucinated
-2.0924923419952393,-18.45404624938965,8.105090669582747,21,1633,hallucinated
-3.3432812690734863,-14.887524604797363,28.311873333253885,12,1634,hallucinated
-0.0001442533393856138,-0.0004215544031467289,1.000144263744399,3,1635,grounded
-1.9698095321655273,-7.273908615112305,7.1693108351848025,10,1635,hallucinated
-8.920219261199236e-05,-0.0001546025014249608,1.0000892061712459,3,1636,grounded
-0.0007350370869971812,-0.0022260190453380346,1.0007353072929566,4,1637,grounded
-3.7608916759490967,-12.74039363861084,42.986739136181825,6,1637,hallucinated
-3.755050329345977e-06,-2.253030106658116e-05,1.0000037550573795,6,1638,grounded
-3.0110325813293457,-16.669944763183594,20.308359134806672,34,1638,hallucinated
-0.0019108530832454562,-0.007608246058225632,1.0019126799264226,4,1639,grounded
-0.7423369884490967,-5.360705375671387,2.1008394195346107,9,1639,hallucinated
-1.1443823495937977e-05,-6.210611172718927e-05,1.0000114438889767,9,1640,grounded
-1.6979409456253052,-12.449124336242676,5.462687832403956,33,1640,hallucinated
-0.0035725291818380356,-0.014166622422635555,1.0035789182703516,4,1641,grounded
-3.490990161895752,-24.875598907470703,32.818427179681585,11,1641,hallucinated
-0.1485813707113266,-3.0865890979766846,1.16018719919129,40,1642,hallucinated
-3.3676537896099035e-06,-6.9141146923357155e-06,1.0000033676594602,4,1643,grounded
-0.6386802792549133,-6.684539794921875,1.8939797049347409,14,1643,hallucinated
-0.5744633078575134,-7.441036224365234,1.7761770108192558,24,1644,hallucinated
-0.8511330485343933,-1.702170968055725,2.342299287748058,2,1645,grounded
-2.0536623001098633,-18.53912925720215,7.796401648295686,15,1645,hallucinated
-0.1603747010231018,-0.6413639783859253,1.1739506691070483,4,1646,grounded
-3.5605216026306152,-14.293469429016113,35.181543145483424,15,1646,hallucinated
-0.0002890595933422446,-0.0005745429079979658,1.0002891013750923,2,1647,grounded
-1.8528022766113281,-11.636974334716797,6.377666490493654,17,1647,hallucinated
-5.960437192698009e-06,-1.0490362910786644e-05,1.000005960454956,4,1648,grounded
-2.5497841835021973,-10.875028610229492,12.804340096612911,22,1648,hallucinated
-0.2627609670162201,-1.313740849494934,1.3005158156192687,5,1649,grounded
-2.384129047393799,-13.877920150756836,10.849609053412985,12,1649,hallucinated
-1.3559865692513995e-05,-3.707340147229843e-05,1.0000135599576279,4,1650,grounded
-1.3848423957824707,-12.875070571899414,3.994196353017051,27,1650,hallucinated
-3.813398838043213,-11.439496040344238,45.3041589825123,3,1651,hallucinated
-2.771552863123361e-05,-4.994744449504651e-05,1.00002771591271,2,1652,grounded
-7.1198930740356445,-18.51321029663086,1236.3182318786749,6,1652,hallucinated
-0.5638193488121033,-2.2552602291107178,1.7573717144045238,4,1653,grounded
-2.91691255569458,-18.04487419128418,18.484130547159385,38,1653,hallucinated
-0.026907742023468018,-0.16137433052062988,1.027273024260956,6,1654,grounded
-2.7572853565216064,-14.34908676147461,15.757010171803818,13,1654,hallucinated
-2.5803029537200928,-12.37505054473877,13.20113688744255,12,1655,hallucinated
-9.476970262767281e-06,-3.671578815556131e-05,1.0000094770151693,4,1656,grounded
-0.3521815240383148,-4.656379222869873,1.4221666577239718,31,1656,hallucinated
-3.7033489206805825e-05,-5.4834770708112046e-05,1.000037034174955,3,1657,grounded
-2.4198803901672363,-8.394418716430664,11.244514279971213,7,1657,hallucinated
-0.9228662848472595,-5.379891872406006,2.5164930484626704,6,1658,grounded
-0.26276934146881104,-2.138929605484009,1.3005267067729138,13,1658,hallucinated
-1.3611433506011963,-4.861711502075195,3.9006505643705585,8,1659,hallucinated
-0.06292794644832611,-0.5033491849899292,1.0649501030295019,8,1660,grounded
-2.1695985794067383,-18.50225067138672,8.754768990719178,10,1660,hallucinated
-0.00023919630621094257,-0.00047636605449952185,1.0002392249159284,2,1661,grounded
-2.303429365158081,-13.968314170837402,10.00844628662099,15,1661,hallucinated
-1.886218786239624,-14.19635009765625,6.594386693983083,22,1662,hallucinated
-2.0706841945648193,-4.141366481781006,7.930247094069809,2,1663,grounded
-1.496605396270752,-13.652166366577148,4.466501304713951,17,1663,hallucinated
-4.306595802307129,-20.510345458984375,74.18750963971978,9,1664,hallucinated
-1.035502314567566,-4.141604423522949,2.816520659708634,4,1665,grounded
-0.2870047986507416,-2.186974048614502,1.332430607329457,20,1665,hallucinated
-0.6570236086845398,-15.12546443939209,1.92904219687539,34,1666,hallucinated
-2.816291726048803e-06,-2.098061486321967e-05,1.0000028162956918,8,1667,grounded
-5.738582134246826,-17.197938919067383,310.6236759314337,10,1667,hallucinated
-1.839678406715393,-18.504423141479492,6.294513662171787,11,1668,hallucinated
-1.4722130799782462e-05,-2.9444261599564925e-05,1.0000147222391709,2,1669,grounded
-1.5815074443817139,-8.500893592834473,4.862279906044404,32,1669,hallucinated
-0.0001158534869318828,-0.000327652640407905,1.0001158601982063,3,1670,grounded
-1.910672664642334,-10.153711318969727,6.757632890746341,7,1670,hallucinated
-2.666930675506592,-14.202371597290039,14.395716189829695,27,1671,hallucinated
-2.158900737762451,-7.411933898925781,8.661611041363445,12,1672,hallucinated
-3.886106424033642e-05,-6.747018051100895e-05,1.0000388618193412,4,1673,grounded
-4.602395057678223,-10.656038284301758,99.72287187991361,5,1673,hallucinated
-4.440386692294851e-05,-8.046303264563903e-05,1.0000444048527892,4,1674,grounded
-1.1675136089324951,-8.65762710571289,3.2139914559689546,31,1674,hallucinated
-0.003701374866068363,-0.009904643520712852,1.0037082334134255,3,1675,grounded
-1.929257869720459,-9.650202751159668,6.884399224174773,22,1675,hallucinated
-9.708655124995857e-05,-0.00019405389321036637,1.0000970912643017,2,1676,grounded
-1.7082653045654297,-19.875011444091797,5.519378727370421,27,1676,hallucinated
-1.8894321328843944e-05,-3.7431014789035544e-05,1.0000188944998276,2,1677,grounded
-2.86726450920105,-23.88201904296875,17.588838226811063,13,1677,hallucinated
-5.513384166988544e-06,-1.8954096958623268e-05,1.0000055133993657,4,1678,grounded
-4.05084228515625,-11.296284675598145,57.44582243738855,4,1678,hallucinated
-0.016444707289338112,-0.05576525256037712,1.0165806657314242,5,1679,grounded
-0.6909825205802917,-12.12501335144043,1.9956753624143289,25,1679,hallucinated
-0.0005754119483754039,-0.0011152960360050201,1.0005755775295881,3,1680,grounded
-1.61356782913208,-9.630088806152344,5.020692282780998,27,1680,hallucinated
-7.748598136458895e-07,-2.0265558760002023e-06,1.0000007748601139,4,1681,grounded
-1.665494680404663,-19.75,5.288288615574648,19,1681,hallucinated
-7.092044688761234e-05,-0.00026925752172246575,1.000070922961802,4,1682,grounded
-1.0964882373809814,-13.25000286102295,2.9936346087405354,22,1682,hallucinated
-0.0004148271109443158,-0.0007445423980243504,1.0004149131636089,2,1683,grounded
-2.5567994117736816,-12.876233100891113,12.894481276052186,20,1683,hallucinated
-0.00214135623537004,-0.024782370775938034,1.002143650576008,12,1684,grounded
-0.4359612464904785,-1.80672025680542,1.54644886326736,7,1684,hallucinated
-0.38034185767173767,-1.1381406784057617,1.4627845680952876,7,1685,hallucinated
-2.4242324829101562,-16.798368453979492,11.293558093168118,11,1686,hallucinated
-0.02006690762937069,-0.07151563465595245,1.0202696015634811,5,1687,grounded
-1.6782948970794678,-5.932254791259766,5.356414941378293,12,1687,hallucinated
-0.09880882501602173,-0.39501968026161194,1.1038552498761054,4,1688,grounded
-1.9612889289855957,-10.125896453857422,7.1084834933143055,7,1688,hallucinated
-0.0001547468127682805,-0.0006095697171986103,1.000154758786674,4,1689,grounded
-0.7221939563751221,-8.114057540893555,2.058945495551793,14,1689,hallucinated
-0.0011661001481115818,-0.011026638559997082,1.0011667803072415,11,1690,grounded
-1.7598785161972046,-15.875837326049805,5.811731320293559,25,1690,hallucinated
-3.0696985721588135,-6.003441333770752,21.53541032432082,5,1691,hallucinated
-1.9073459043283947e-06,-3.2186455882765586e-06,1.0000019073477233,2,1692,grounded
-4.441037654876709,-10.995887756347656,84.86295446103034,6,1692,hallucinated
-0.0007232446223497391,-0.00212479243054986,1.0007235062268058,3,1693,grounded
-0.7594629526138306,-3.603886842727661,2.1371281731472,9,1693,hallucinated
-5.6155924797058105,-10.919235229492188,274.6760709925625,4,1694,hallucinated
-0.6813992261886597,-9.330327987670898,1.976641566810532,38,1695,hallucinated
-0.9100300669670105,-6.884406566619873,2.484397230551424,12,1696,hallucinated
-8.489705942338333e-05,-0.00027259447961114347,1.0000849006632808,4,1697,grounded
-1.5313029289245605,-16.988449096679688,4.624197900126726,18,1697,hallucinated
-0.83342444896698,-16.125680923461914,2.301185555320838,26,1698,hallucinated
-0.39484235644340515,-1.5792298316955566,1.4841502057613152,4,1699,grounded
-0.9154518842697144,-14.657525062561035,2.4979037603246343,19,1699,hallucinated
-1.0132781653737766e-06,-1.7881377516459906e-06,1.0000010132786787,2,1700,grounded
-1.4160799980163574,-13.405735969543457,4.120934664781454,13,1700,hallucinated
-0.15424135327339172,-4.452175617218018,1.1667724571499436,34,1701,grounded
-4.346044540405273,-8.340481758117676,77.17260529821984,6,1701,hallucinated
-0.0005134342354722321,-0.0009753713966347277,1.0005135660653903,2,1702,grounded
-7.096182823181152,-8.380859375,1207.3496003349796,2,1702,hallucinated
-0.0005339589552022517,-0.001053255284205079,1.0005341015366616,2,1703,grounded
-2.2073874473571777,-11.669597625732422,9.09193218636058,20,1703,hallucinated
-0.008787600323557854,-0.139719620347023,1.0088263246314135,20,1704,grounded
-1.9742306470870972,-13.321894645690918,7.201077352263917,18,1704,hallucinated
-0.0034449915401637554,-0.005445053335279226,1.0034509323435665,3,1705,grounded
-3.300215482711792,-11.285226821899414,27.11848185511942,5,1705,hallucinated
-4.867855072021484,-14.644693374633789,130.04168748616368,6,1706,hallucinated
-0.003938564099371433,-0.007875936105847359,1.0039463304356777,2,1707,grounded
-2.0532386302948,-13.763202667236328,7.793099247864279,13,1707,hallucinated
-2.774228096008301,-11.97933578491211,16.026251492421,12,1708,hallucinated
-2.0861602934019174e-06,-2.50339189733495e-06,1.0000020861624694,2,1709,grounded
-3.114367961883545,-9.324615478515625,22.519192866407966,3,1709,hallucinated
-0.2676374316215515,-1.3155632019042969,1.3068732232011284,6,1710,grounded
-2.1357390880584717,-9.523079872131348,8.463299319349602,20,1710,hallucinated
-0.00013417750597000122,-0.00067473528906703,1.000134186508174,8,1711,grounded
-1.7986104488372803,-7.514128684997559,6.041247007528712,14,1711,hallucinated
-0.016482867300510406,-0.06492596864700317,1.016619459201161,4,1712,grounded
-3.060368299484253,-9.313359260559082,21.335413536990668,6,1712,hallucinated
-0.002164637902751565,-0.01731388457119465,1.0021669824227504,8,1713,grounded
-1.703467607498169,-17.0,5.492961841017849,21,1713,hallucinated
-2.8549813578138128e-05,-5.6980417866725475e-05,1.000028550221128,2,1714,grounded
-3.4566779136657715,-16.750656127929688,31.711453147708074,32,1714,hallucinated
-5.104797310195863e-05,-0.0001586549769854173,1.000051049276072,4,1715,grounded
-3.9826107025146484,-20.25,53.65693382197671,16,1715,hallucinated
-1.66892743891367e-06,-3.2186455882765586e-06,1.0000016689288316,2,1716,grounded
-1.3330880403518677,-15.709659576416016,3.792737448695201,22,1716,hallucinated
-1.1396509408950806,-13.75961971282959,3.125677128683412,14,1717,hallucinated
-6.25581693649292,-21.75,521.0348533250461,6,1718,hallucinated
-0.0008161569130606949,-0.001630644896067679,1.0008164900597412,2,1719,grounded
-2.1157171726226807,-5.992496490478516,8.295532962412326,17,1720,hallucinated
-0.0013831043615937233,-0.0029142312705516815,1.0013840612915583,3,1721,grounded
-2.4403226375579834,-13.000113487243652,11.47674297385001,7,1721,hallucinated
-1.3817189931869507,-9.459879875183105,3.9817403324708462,19,1722,hallucinated
-0.4022786319255829,-8.68382740020752,1.4952278928668383,30,1723,hallucinated
-3.0683691875310615e-05,-7.223821739898995e-05,1.0000306841626245,5,1724,grounded
-1.609349012374878,-10.720602989196777,4.999555519461354,11,1724,hallucinated
-0.00022210850147530437,-0.0008835464250296354,1.0002221331693948,4,1725,grounded
-3.202382802963257,-8.377928733825684,24.591056082894973,5,1725,hallucinated
-4.589546733768657e-06,-5.722029527532868e-06,1.0000045895572658,2,1726,grounded
-1.9413630962371826,-6.832308769226074,6.968242885627952,21,1726,hallucinated
-3.051187038421631,-7.432403564453125,21.14042402994004,6,1727,hallucinated
-0.15105175971984863,-1.0539509057998657,1.1630568560209282,7,1728,grounded
-1.9118626117706299,-7.78272819519043,6.7656789028138276,10,1728,hallucinated
-0.05394785851240158,-0.16181865334510803,1.0554295690525528,3,1729,grounded
-0.48324012756347656,-5.684465408325195,1.6213191816968915,27,1729,hallucinated
-3.43299652740825e-05,-0.0001358893496217206,1.000034330554554,4,1730,grounded
-2.640951633453369,-14.250005722045898,14.026545388311101,14,1730,hallucinated
-8.583023372921161e-06,-1.2874520507466514e-05,1.0000085830602072,2,1731,grounded
-2.4920341968536377,-12.168078422546387,12.0858361018292,10,1731,hallucinated
-3.6884994506835938,-18.625028610229492,39.98480275047265,8,1732,hallucinated
-5.40585424460005e-05,-0.00010716341057559475,1.0000540600036354,2,1733,grounded
-0.753889262676239,-5.041447639465332,2.125249617797004,13,1733,hallucinated
-1.816672444343567,-19.375051498413086,6.151355378861483,13,1734,hallucinated
-3.058678150177002,-10.601458549499512,21.29938395884134,9,1735,hallucinated
-2.5512726306915283,-14.65761661529541,12.82341287152879,8,1736,hallucinated
-4.666204929351807,-9.415616035461426,106.29358435122842,5,1737,hallucinated
-1.2920464277267456,-10.370960235595703,3.6402284028898886,16,1738,hallucinated
-1.8762786388397217,-5.6287360191345215,6.5291622256967585,3,1739,grounded
-4.166929244995117,-13.979951858520508,64.51703161522843,9,1739,hallucinated
-0.02213578298687935,-0.14649906754493713,1.0223825972088034,7,1740,grounded
-0.6872630715370178,-2.0214991569519043,1.9882663368849254,10,1740,hallucinated
-3.9316070079803467,-8.233014106750488,50.98885135678611,10,1741,hallucinated
-5.9604641222676946e-08,-1.1920928244535389e-07,1.000000059604643,2,1742,grounded
-1.7379765510559082,-18.91402244567871,5.68582679472301,30,1742,hallucinated
-0.021032802760601044,-0.04206298291683197,1.0212555510894432,2,1743,grounded
-2.3952651023864746,-19.750001907348633,10.971106140013774,11,1743,hallucinated
-2.071648359298706,-10.893851280212402,7.937896845866763,10,1744,hallucinated
-0.00031931247212924063,-0.001258891774341464,1.0003193634577834,4,1745,grounded
-1.9077814817428589,-12.625340461730957,6.738123554211546,12,1745,hallucinated
-2.279736280441284,-14.125082969665527,9.774102447630026,19,1746,hallucinated
-1.140476107597351,-4.380506992340088,3.1282573978017205,6,1747,hallucinated
-0.0009470535442233086,-0.0028297165408730507,1.000947502141035,3,1748,grounded
-2.2653026580810547,-19.312776565551758,9.634039979959685,14,1748,hallucinated
-4.827858356293291e-05,-5.328513361746445e-05,1.0000482797489925,2,1749,grounded
-1.3190337419509888,-8.634045600891113,3.7398060131928506,11,1749,hallucinated
-3.803591971518472e-05,-0.0003014348621945828,1.0000380366430899,9,1750,grounded
-0.054699767380952835,-0.35128384828567505,1.0562234543329432,9,1750,hallucinated
-0.8837872743606567,-3.520965814590454,2.420047757216013,4,1751,grounded
-1.2396036386489868,-9.625116348266602,3.4542440645477903,14,1751,hallucinated
-2.4711754322052,-7.587475299835205,11.836351506808857,9,1752,hallucinated
-3.6557398743752856e-06,-7.748573807475623e-06,1.0000036557465566,3,1753,grounded
-3.0451247692108154,-7.468188762664795,21.01265277143402,7,1753,hallucinated
-0.007893809117376804,-0.038044169545173645,1.0079250473707388,5,1754,grounded
-2.058932065963745,-14.375001907348633,7.837595304616334,14,1754,hallucinated
-0.0035446134861558676,-0.006986592896282673,1.00355090305771,2,1755,grounded
-0.9757182002067566,-17.313932418823242,2.6530719637367173,22,1755,hallucinated
-3.6939990520477295,-7.817569255828857,40.20530901873201,6,1756,hallucinated
-0.7426825761795044,-8.018476486206055,2.1015655693285615,37,1757,hallucinated
-0.00507035106420517,-0.038069989532232285,1.0050832270468817,12,1758,grounded
-0.7239928841590881,-4.925112724304199,2.062652723327177,15,1758,hallucinated
-8.781691576587036e-06,-1.5139465176616795e-05,1.0000087817301357,3,1759,grounded
-3.306013345718384,-15.51607608795166,27.276167776827943,14,1759,hallucinated
-3.4887620131485164e-05,-6.568216485902667e-05,1.0000348882287116,3,1760,grounded
-3.110539197921753,-6.921543121337891,22.433137041161068,6,1760,hallucinated
-0.17991241812705994,-0.6482388377189636,1.197112513174376,4,1761,grounded
-0.8880133032798767,-7.8851470947265625,2.4302965897020443,9,1761,hallucinated
-0.00010227114398730919,-0.00020418466010596603,1.000102276373859,2,1762,grounded
-3.4827890396118164,-10.036099433898926,32.55037989187495,8,1762,hallucinated
-2.9384473236859776e-05,-4.8636207793606445e-05,1.0000293849049646,2,1763,grounded
-3.872584819793701,-12.374931335449219,48.066468805974154,7,1763,hallucinated
-0.002262328052893281,-0.004509754944592714,1.002264889047909,2,1764,grounded
-5.868509769439697,-17.146818161010742,353.72146077187693,4,1764,hallucinated
-0.015142161399126053,-0.045210618525743484,1.0152573847673902,3,1765,grounded
-1.5954316854476929,-6.881674766540527,4.930457019329877,9,1765,hallucinated
-1.1020764112472534,-6.128503322601318,3.010410388758296,8,1766,hallucinated
-2.2387804985046387,-23.064897537231445,9.381883087858375,12,1767,hallucinated
-1.6791019439697266,-20.875001907348633,5.36073956425166,20,1768,hallucinated
-1.1186034679412842,-2.4436728954315186,3.06057702344735,4,1769,grounded
-1.2157995700836182,-11.080982208251953,3.3729899282508833,29,1769,hallucinated
-0.00011647171777440235,-0.00043525759247131646,1.0001164785008683,5,1770,grounded
-5.433228492736816,-17.500017166137695,228.88701390503329,6,1770,hallucinated
-1.6130980253219604,-16.12508773803711,5.018334096402956,13,1771,hallucinated
-0.45196786522865295,-0.9039356112480164,1.5714014511399648,2,1772,grounded
-3.087895393371582,-18.14128875732422,21.930873509949596,13,1772,hallucinated
-3.1829185485839844,-13.010392189025879,24.11703768453136,9,1773,hallucinated
-0.22756797075271606,-0.8814718723297119,1.2555427770414986,6,1774,grounded
-1.2194817066192627,-12.125985145568848,3.3854326315078773,16,1774,hallucinated
-0.9217978715896606,-3.5892133712768555,2.5138058297127297,10,1775,hallucinated
-0.41836977005004883,-2.5089263916015625,1.5194824296297624,6,1776,grounded
-2.550734043121338,-7.527040481567383,12.81650820030072,10,1776,hallucinated
-7.538851059507579e-05,-0.00030155404238030314,1.0000753913523803,4,1777,grounded
-1.4376250505447388,-18.0,4.210683771522108,17,1777,hallucinated
-0.0007269890047609806,-0.004293391015380621,1.0007272533253164,6,1778,grounded
-1.6266942024230957,-13.579663276672363,5.087030199484654,14,1778,hallucinated
-0.00037395101389847696,-0.0007139279623515904,1.000374020942295,2,1779,grounded
-1.8893660306930542,-13.625543594360352,6.61517353440555,23,1779,hallucinated
-0.00010991812450811267,-0.0003840185818262398,1.0001099241657265,5,1780,grounded
-3.241382360458374,-9.551301956176758,25.569042962351,11,1780,hallucinated
-0.9611107110977173,-1.9222211837768555,2.6145989252743678,2,1781,grounded
-2.057011365890503,-13.328364372253418,7.822556082281854,26,1781,hallucinated
-0.0012900703586637974,-0.00254568993113935,1.0012909028573844,2,1782,grounded
-0.9749876260757446,-11.253190040588379,2.6511344058433144,32,1782,hallucinated
-2.00125789642334,-15.063277244567871,7.398356614485626,10,1783,hallucinated
-7.763007306493819e-05,-0.0003415954706724733,1.000077633086357,10,1784,grounded
-2.2959365844726562,-18.294544219970703,9.933735439123936,13,1784,hallucinated
-1.311301275563892e-06,-2.0265558760002023e-06,1.0000013113021353,3,1785,grounded
-3.1180055141448975,-23.625,22.601256772729357,9,1785,hallucinated
-3.5762664083449636e-06,-8.4638240878121e-06,1.0000035762728032,4,1786,grounded
-3.4043080806732178,-18.50863265991211,30.09346626767664,10,1786,hallucinated
-0.0004342900065239519,-0.001735848723910749,1.0004343843240822,4,1787,grounded
-1.8184047937393188,-15.625,6.162020911182042,28,1787,hallucinated
-0.0020706034265458584,-0.00600202102214098,1.0020727486061707,3,1788,grounded
-1.0152853727340698,-7.12606954574585,2.7601509568219345,12,1788,hallucinated
-0.0017281403997913003,-0.00343732675537467,1.0017296344949567,2,1789,grounded
-4.808216571807861,-23.50046730041504,122.51292955561969,8,1789,hallucinated
-3.1996328830718994,-10.278343200683594,24.523525542966468,9,1790,hallucinated
-2.3077290058135986,-27.94553565979004,10.0515716545282,18,1791,hallucinated
-2.1576537619694136e-05,-3.6477376852417365e-05,1.0000215767703948,2,1792,grounded
-1.3290742635726929,-16.0,3.7775447576261283,31,1792,hallucinated
-1.477113962173462,-9.649674415588379,4.380285750819543,13,1793,hallucinated
-0.02847016230225563,-0.14279364049434662,1.0288793109866232,7,1794,grounded
-0.7862051725387573,-6.927611351013184,2.195050762182473,34,1794,hallucinated
-0.9820572733879089,-6.559901714324951,2.6699433992051973,12,1795,hallucinated
-3.9062552452087402,-15.625,49.71244206881127,4,1796,grounded
-2.7734978199005127,-15.886846542358398,16.014552176244162,13,1796,hallucinated
-6.432816735468805e-05,-0.00017450717859901488,1.0000643302364556,3,1797,grounded
-0.9042119979858398,-6.598325252532959,2.4699848029912572,11,1797,hallucinated
-5.998727798461914,-9.752777099609375,402.91587709683887,2,1798,grounded
-1.62992525100708,-11.115772247314453,5.103493223299895,16,1798,hallucinated
-5.930619408900384e-06,-1.7523612768854946e-05,1.000005930636995,4,1799,grounded
-2.3671212196350098,-9.406980514526367,10.666641125400103,13,1799,hallucinated
-6.55650637781946e-07,-1.311301275563892e-06,1.0000006556508527,2,1800,grounded
-2.622797966003418,-11.378397941589355,13.774209488718714,8,1800,hallucinated
-4.988302707672119,-13.25035285949707,146.6872409590336,7,1801,hallucinated
-0.0014552561333402991,-0.0023059463128447533,1.0014563155323837,2,1802,grounded
-2.5343639850616455,-7.683106899261475,12.608409160775704,8,1802,hallucinated
-8.076380254351534e-06,-1.6212332411669195e-05,1.0000080764128685,4,1803,grounded
-1.5156807899475098,-11.500072479248047,4.552519381526448,26,1803,hallucinated
-2.57719349861145,-12.224555015563965,13.16015229780116,9,1804,hallucinated
-3.094252347946167,-16.06337547302246,22.070731139953327,12,1805,hallucinated
-1.9282803535461426,-17.000396728515625,6.877672900663309,14,1806,hallucinated
-4.603606700897217,-10.973734855651855,99.8437736515203,5,1807,hallucinated
-1.7523545466247015e-05,-2.8967437174287625e-05,1.0000175236990045,2,1808,grounded
-0.6901167631149292,-10.75003433227539,1.9939483392703405,18,1808,hallucinated
-2.131392478942871,-20.625062942504883,8.426592498273454,17,1809,hallucinated
-0.9241917729377747,-6.098876953125,2.5198308416421398,15,1810,hallucinated
-0.0005488706519827247,-0.001558043179102242,1.0005490213090416,3,1811,grounded
-1.0683701038360596,-4.469660758972168,2.910631604452994,7,1811,hallucinated
-0.019548920914530754,-0.03908460959792137,1.0197412523150755,2,1812,grounded
-3.050405263900757,-11.251341819763184,21.1239034436011,7,1812,hallucinated
-5.675369739532471,-16.520959854125977,291.59613323408524,7,1813,hallucinated
-4.7683701609457785e-07,-8.344646857949556e-07,1.0000004768371298,3,1814,grounded
-1.387787938117981,-9.186335563659668,4.00597877175891,36,1814,hallucinated
-0.6865009665489197,-6.517079830169678,1.9867516464418005,10,1815,hallucinated
-9.161628986475989e-05,-0.0005470209871418774,1.0000916204867651,7,1816,grounded
-0.5898810625076294,-5.783103942871094,1.8037738662986826,15,1816,hallucinated
-0.11969545483589172,-0.8378183245658875,1.1271535301467743,7,1817,grounded
-1.4383097887039185,-25.406286239624023,4.213567974726012,29,1817,hallucinated
-1.7760437726974487,-14.20571231842041,5.906442903859324,8,1818,grounded
-2.529402732849121,-9.279930114746094,12.54601057847261,15,1818,hallucinated
-0.27632594108581543,-3.656733751296997,1.3182774748011417,16,1819,hallucinated
-1.3261922597885132,-8.010244369506836,3.7666735323206257,13,1820,hallucinated
-0.6192499399185181,-2.9659132957458496,1.8575342569043733,12,1821,hallucinated
-6.214286258909851e-05,-0.0001711698860162869,1.0000621447934968,3,1822,grounded
-3.306854486465454,-13.295146942138672,27.299120524861486,7,1822,hallucinated
-1.1682402146107052e-05,-2.276871418871451e-05,1.0000116824703857,4,1823,grounded
-3.3033668994903564,-25.687528610229492,27.204078298038812,10,1823,hallucinated
-2.047795057296753,-18.375009536743164,7.750792198455274,19,1824,hallucinated
-0.43892860412597656,-1.7022348642349243,1.5510445452535377,4,1825,grounded
-1.466204047203064,-16.62782859802246,4.332756944778671,22,1825,hallucinated
-1.6389834880828857,-15.958526611328125,5.149931883497767,19,1826,hallucinated
-0.8278948664665222,-2.9824161529541016,2.2884960760381956,4,1827,grounded
-1.3351126909255981,-14.452837944030762,3.8004241956091867,18,1827,hallucinated
-5.381305694580078,-10.761970520019531,217.30582530821505,2,1828,grounded
-5.699861526489258,-8.875967025756836,298.8260186140479,3,1828,hallucinated
-5.9718538977904245e-05,-0.00020346954988781363,1.0000597203221653,4,1829,grounded
-1.8403037786483765,-9.625065803527832,6.298451305465358,21,1829,hallucinated
-3.9186060428619385,-20.687589645385742,50.33023766252893,14,1830,hallucinated
-0.0001588493469171226,-0.00022575691400561482,1.0001588619641426,3,1831,grounded
-0.8908249735832214,-10.991077423095703,2.4371393978038163,17,1831,hallucinated
-7.5101261245436035e-06,-1.847726889536716e-05,1.0000075101543255,3,1832,grounded
-0.22987759113311768,-1.9995341300964355,1.2584459555574072,10,1832,hallucinated
-0.3875598907470703,-2.323826551437378,1.4733811928769922,6,1833,grounded
-0.6103307604789734,-5.935849189758301,1.8410402414376097,26,1833,hallucinated
-0.00031604175455868244,-0.0012957995058968663,1.0003160917010157,5,1834,grounded
-1.5341072082519531,-9.911612510681152,4.637183642017622,11,1834,hallucinated
-3.2018885612487793,-14.379630088806152,24.578905160169533,16,1835,hallucinated
-1.5009435415267944,-13.816499710083008,4.485919725671737,31,1836,hallucinated
-0.23252762854099274,-2.087041139602661,1.2617853071644904,9,1837,grounded
-1.2891607284545898,-10.752235412597656,3.629738940433316,14,1837,hallucinated
-2.1099189325468615e-05,-8.272782724816352e-05,1.000021099411915,4,1838,grounded
-3.1982104778289795,-25.687501907348633,24.48866794834904,19,1838,hallucinated
-0.0033647888340055943,-0.014974331483244896,1.0033704560905454,8,1839,grounded
-1.8072619438171387,-11.076066017150879,6.09373956783262,13,1839,hallucinated
-0.00045387784484773874,-0.0014649622607976198,1.000453980862982,4,1840,grounded
-1.7811802625656128,-13.351699829101562,5.936859337970331,24,1840,hallucinated
-3.2025184631347656,-14.375246047973633,24.59439233607398,6,1841,hallucinated
-4.583407280733809e-05,-8.701899787411094e-05,1.0000458351232044,2,1842,grounded
-3.1213319301605225,-6.3939690589904785,22.676563135938743,6,1842,hallucinated
-3.608931365306489e-05,-8.940297266235575e-05,1.0000360899648801,4,1843,grounded
-3.7144336700439453,-19.64019012451172,41.035340959683275,8,1843,hallucinated
-3.006077527999878,-14.188286781311035,20.207979032023214,13,1844,hallucinated
-0.0015905116451904178,-0.014255120418965816,1.0015917771796974,9,1845,grounded
-1.3034831285476685,-11.875016212463379,3.6820995837494843,15,1845,hallucinated
-1.633127249078825e-05,-4.8993817472364753e-05,1.0000163314058468,3,1846,grounded
-4.4748125076293945,-11.43652057647705,87.77814113504004,10,1846,hallucinated
-1.3683778047561646,-16.625009536743164,3.9289719634626303,22,1847,hallucinated
-5.352992534637451,-17.46556282043457,211.23949446076628,7,1848,hallucinated
-6.155241012573242,-19.766077041625977,471.1803891752415,8,1849,hallucinated
-1.7955878973007202,-15.37501049041748,6.023014595187001,16,1850,hallucinated
-6.596215371246217e-06,-1.1444026313256472e-05,1.0000065962371263,3,1851,grounded
-3.066776990890503,-21.173954010009766,21.47258469269423,10,1851,hallucinated
-2.9802316703353426e-07,-3.576278118089249e-07,1.0000002980232114,2,1852,grounded
-2.704754590988159,-12.125189781188965,14.950647216723661,11,1852,hallucinated
-2.361879348754883,-10.269288063049316,10.610874258945877,17,1853,hallucinated
-0.03918253257870674,-0.14720165729522705,1.039960292960466,6,1854,grounded
-0.22600798308849335,-1.6638600826263428,1.253585672723601,11,1854,hallucinated
-1.168164849281311,-10.668523788452148,3.2160852185831796,23,1855,hallucinated
-4.312900543212891,-11.872279167175293,74.65672023781792,7,1856,hallucinated
-0.9388054609298706,-2.8161864280700684,2.556925246228172,3,1857,grounded
-1.1207351684570312,-7.933824062347412,3.0671082158666163,14,1857,hallucinated
-2.9341742992401123,-8.802265167236328,18.805968620056763,3,1858,grounded
-2.058668613433838,-15.194783210754395,7.8355307422739715,26,1858,hallucinated
-0.0002473088097758591,-0.000446696620201692,1.0002473393931206,2,1859,grounded
-2.496368885040283,-21.87500762939453,12.138338140581785,16,1859,hallucinated
-0.1190888062119484,-0.4762395918369293,1.1264699513757628,4,1860,grounded
-0.7070375680923462,-3.3645975589752197,2.0279746143918786,7,1860,hallucinated
-0.5777471661567688,-4.04422664642334,1.7820193118313674,7,1861,grounded
-3.983955144882202,-21.13763427734375,53.729120991991536,15,1861,hallucinated
-1.3112784472468775e-05,-3.7788631743751466e-05,1.0000131128704455,3,1862,grounded
-5.042503356933594,-15.125120162963867,154.8571930292107,11,1862,hallucinated
-1.5840040445327759,-13.376370429992676,4.874434240736078,18,1863,hallucinated
-1.1183332204818726,-1.693547010421753,3.059750022034979,2,1864,grounded
-7.748607158660889,-14.755114555358887,2318.341083468444,3,1864,hallucinated
-0.0022472436539828777,-0.0060912445187568665,1.0022497705985352,4,1865,grounded
-3.5883865356445312,-10.56822395324707,36.17566067465161,8,1865,hallucinated
-0.22700411081314087,-0.6808412671089172,1.2548350263219925,3,1866,grounded
-2.0550875663757324,-18.376174926757812,7.807521519066119,24,1866,hallucinated
-0.9729926586151123,-14.125520706176758,2.645850751081921,25,1867,grounded
-1.836714744567871,-12.250029563903809,6.275886466285837,20,1867,hallucinated
-0.00020756351295858622,-0.0005959880072623491,1.000207585055755,3,1868,grounded
-1.539911150932312,-13.625070571899414,4.664175844902361,30,1868,hallucinated
-2.534428119659424,-17.77198028564453,12.609217821957158,12,1869,hallucinated
-0.06795423477888107,-0.4750038683414459,1.070316324094653,7,1870,grounded
-0.974273145198822,-11.62502670288086,2.649240897526479,15,1870,hallucinated
-0.00010377175931353122,-0.0005931286723352969,1.0001037771437888,10,1871,grounded
-0.6849473714828491,-10.620308876037598,1.9836674353143284,19,1871,hallucinated
-4.309256109991111e-05,-7.962863310240209e-05,1.0000430934895976,2,1872,grounded
-4.045005798339844,-13.473348617553711,57.11151718517048,8,1872,hallucinated
-0.7100679874420166,-2.130192995071411,2.034129549210468,3,1873,grounded
-2.3616042137145996,-14.598915100097656,10.607955237210197,16,1873,hallucinated
-3.8841445446014404,-17.83329963684082,48.625327863085445,6,1874,hallucinated
-2.2345776557922363,-16.0234375,9.342535253193669,16,1875,hallucinated
-0.0013051360147073865,-0.005929617211222649,1.0013059880753605,7,1876,grounded
-1.843078851699829,-10.750052452087402,6.315954242681182,11,1876,hallucinated
-0.000314184813760221,-0.0003688847064040601,1.0003142341749782,2,1877,grounded
-2.435908555984497,-15.294564247131348,11.426195336934821,18,1877,hallucinated
-3.455219268798828,-9.19078254699707,31.665231118309155,8,1878,hallucinated
-3.1887684599496424e-05,-6.317892984952778e-05,1.000031888193017,4,1879,grounded
-2.262404203414917,-14.580487251281738,9.606156580731106,9,1879,hallucinated
-0.5023331046104431,-7.001410484313965,1.6525724006957792,17,1880,hallucinated
-0.7054904699325562,-5.17012882232666,2.0248395643382517,8,1881,hallucinated
-0.0014441366074606776,-0.004256237763911486,1.0014451798748776,3,1882,grounded
-1.0746495723724365,-6.394209861755371,2.9289663299526416,14,1882,hallucinated
-6.920957088470459,-21.27304458618164,1013.2893381298945,9,1883,hallucinated
-1.75003981590271,-15.764720916748047,5.754831805267477,19,1884,hallucinated
-0.3951462209224701,-1.5057615041732788,1.4846012548158654,11,1885,hallucinated
-0.00015786784933879972,-0.0003152588615193963,1.0001578803111235,2,1886,grounded
-1.1286537647247314,-4.78260612487793,3.0914918220913563,6,1886,hallucinated
-0.12475921958684921,-0.8384886980056763,1.132875645958758,7,1887,grounded
-0.6893866658210754,-2.7849977016448975,1.9924930942836105,9,1887,hallucinated
-0.0007296106778085232,-0.004223119001835585,1.0007298769084234,9,1888,grounded
-2.9914753437042236,-8.062531471252441,19.915042360656372,9,1888,hallucinated
-0.4781242907047272,-1.911184549331665,1.613045957543648,4,1889,grounded
-0.5355948209762573,-3.8849616050720215,1.7084641704023105,10,1889,hallucinated
-7.175884820753708e-05,-0.00014602071314584464,1.0000717614229353,4,1890,grounded
-3.338172674179077,-12.525023460388184,28.167608251372105,11,1890,hallucinated
-0.0033768631983548403,-0.006751819048076868,1.0033825712241506,2,1891,grounded
-2.9042327404022217,-22.324111938476562,18.25123484359493,11,1891,hallucinated
-0.06434226036071777,-0.2573542594909668,1.0664573423797685,4,1892,grounded
-2.5094587802886963,-19.375,12.298272191662896,19,1892,hallucinated
-2.0682215690612793,-9.728581428527832,7.910741892187862,8,1893,hallucinated
-2.0861214579781517e-05,-4.053033626405522e-05,1.0000208614321764,2,1894,grounded
-4.613114356994629,-10.300414085388184,100.79758096584884,3,1894,hallucinated
-0.011117738671600819,-0.020088203251361847,1.0111797703992245,2,1895,grounded
-0.34722089767456055,-18.000009536743164,1.415129289616079,57,1895,hallucinated
-1.7942416667938232,-5.973808288574219,6.014911684611946,12,1896,hallucinated
-0.0010978145292028785,-0.00988009199500084,1.0010984173481474,9,1898,grounded
-1.4678829908370972,-18.875,4.3400375095876536,26,1898,hallucinated
-0.0003104439238086343,-0.0006205302197486162,1.0003104921165105,2,1899,grounded
-2.163973808288574,-25.375083923339844,8.705663651567052,19,1899,hallucinated
-0.002992890076711774,-0.0119492681697011,1.0029973732436437,4,1900,grounded
-1.7408860921859741,-9.510454177856445,5.702394031481671,8,1900,hallucinated
-1.1751766204833984,-2.3503479957580566,3.238714916719591,2,1901,grounded
-3.924696207046509,-18.408843994140625,50.63769234780534,18,1901,hallucinated
-0.0006062109605409205,-0.0023877699859440327,1.0006063947435404,4,1902,grounded
-2.961383581161499,-15.75,19.324690545223564,10,1902,hallucinated
-0.00013940622739028186,-0.0005573864909820259,1.00013941594489,4,1903,grounded
-1.2705764770507812,-18.875028610229492,3.562905903934218,33,1903,hallucinated
-0.9655845165252686,-5.791196823120117,2.6263223367143915,6,1904,grounded
-6.53544282913208,-13.39012622833252,689.1388875400778,7,1904,hallucinated
-0.0003157235332764685,-0.0004707658663392067,1.000315773379197,2,1905,grounded
-0.33628779649734497,-1.9140111207962036,1.3997418076378325,12,1905,hallucinated
-1.962299108505249,-10.219863891601562,7.115667965947645,9,1906,hallucinated
-2.454413652420044,-16.250024795532227,11.639606692403941,27,1907,hallucinated
-0.45619237422943115,-1.3685252666473389,1.5780538924697287,3,1908,grounded
-2.141376495361328,-17.075286865234375,8.511145121162034,10,1908,hallucinated
-0.7092353105545044,-12.337347030639648,2.0324364815356195,20,1909,hallucinated
-0.06669262051582336,-0.2664129137992859,1.0689668491915776,4,1910,grounded
-2.604428291320801,-9.930147171020508,13.523491594726513,24,1910,hallucinated
-4.16658353805542,-15.282547950744629,64.49473148454744,7,1911,hallucinated
-1.6093223393909284e-06,-4.768360213347478e-06,1.0000016093236344,4,1912,grounded
-2.0321831703186035,-19.133872985839844,7.6307273645871465,27,1912,hallucinated
-2.7682385444641113,-9.679871559143066,15.930548328673346,9,1913,hallucinated
-1.6380733251571655,-10.127289772033691,5.145246738873322,30,1914,hallucinated
-8.861115929903463e-06,-2.5510462364763953e-05,1.0000088611551896,3,1915,grounded
-1.3675073385238647,-12.00030517578125,3.925553414122522,15,1915,hallucinated
-0.35666579008102417,-2.8479037284851074,1.4285583516916975,8,1916,grounded
-2.685945749282837,-26.75,14.672070921226183,20,1916,hallucinated
-0.8685680031776428,-8.502856254577637,2.383495250916494,34,1917,hallucinated
-7.019913482508855e-06,-5.829164365422912e-05,1.0000070199381221,9,1918,grounded
-2.4020183086395264,-24.025192260742188,11.045447019717217,12,1918,hallucinated
-2.285212516784668,-8.755220413208008,9.827774569157189,16,1919,hallucinated
-1.3756618500337936e-05,-2.372236667724792e-05,1.000013756713123,5,1920,grounded
-3.299342632293701,-15.091981887817383,27.094821804238997,9,1920,hallucinated
-0.0011712723644450307,-0.003975228406488895,1.0011719585718066,6,1921,grounded
-2.4735794067382812,-10.000749588012695,11.864840023510324,11,1921,hallucinated
-0.6228179931640625,-10.153595924377441,1.8641738762520288,35,1922,hallucinated
-0.0001478266203776002,-0.00044252615771256387,1.0001478375472708,3,1923,grounded
-2.629601001739502,-7.5153069496154785,13.868235396274935,19,1923,hallucinated
-0.0018537368159741163,-0.0036988905631005764,1.0018554560482362,2,1924,grounded
-1.0647857189178467,-8.875144004821777,2.9002174557362363,13,1924,hallucinated
-0.9713438153266907,-11.875046730041504,2.641491752469199,18,1925,hallucinated
-1.4699516296386719,-2.9398951530456543,4.34902477207532,2,1926,grounded
-0.5091856122016907,-2.5044515132904053,1.6639355541996566,9,1926,hallucinated
-2.586754271760583e-05,-8.999896090244874e-05,1.0000258678772853,5,1927,grounded
-1.5733529329299927,-9.990104675292969,4.822791611561623,28,1927,hallucinated
-0.6741322875022888,-2.6962778568267822,1.9623294991816131,4,1928,grounded
-3.68254017829895,-15.933156967163086,39.74723100009398,10,1928,hallucinated
-7.92735499999253e-06,-1.585470999998506e-05,1.0000079273864215,2,1929,grounded
-0.49786877632141113,-2.811980962753296,1.6452112185703132,7,1929,hallucinated
-2.448857307434082,-12.95329475402832,11.575112364415538,9,1930,hallucinated
-1.2464792728424072,-5.04286527633667,3.4780760191648477,13,1931,hallucinated
-1.77363920211792,-16.951004028320312,5.892257506752257,26,1932,hallucinated
-1.0050193071365356,-3.5644772052764893,2.73196001864183,11,1933,hallucinated
-1.2993636119063012e-05,-3.373566141817719e-05,1.0000129937205366,4,1934,grounded
-1.381638765335083,-11.957905769348145,3.9814208988111863,24,1934,hallucinated
-3.5660340785980225,-17.637683868408203,35.37601607779185,10,1935,hallucinated
-2.7017369270324707,-10.634733200073242,14.905599191589449,14,1936,hallucinated
-0.432575523853302,-1.7302815914154053,1.54122186991176,4,1937,grounded
-1.6949678659439087,-14.25000286102295,5.446470945197909,13,1937,hallucinated
-7.589620054204715e-06,-1.2040065485052764e-05,1.0000075896488554,3,1938,grounded
-7.932676792144775,-10.853072166442871,2786.876718842011,5,1938,hallucinated
-0.0005099556874483824,-0.004567547235637903,1.0005100857369555,9,1939,grounded
-7.244017601013184,-14.83823299407959,1399.7061504165035,6,1939,hallucinated
-0.6250397562980652,-4.089442729949951,1.8683202334518252,14,1940,hallucinated
-3.163118600845337,-14.391757011413574,23.64421794863522,16,1941,hallucinated
-1.4901156930591242e-07,-5.960462772236497e-07,1.0000001490115804,4,1942,grounded
-3.9071526527404785,-19.875,49.757074412450244,14,1942,hallucinated
-8.940691600400896e-07,-1.311301275563892e-06,1.0000008940695597,2,1943,grounded
-3.1546075344085693,-20.753826141357422,23.44383438734856,23,1943,hallucinated
-1.3271761417854577e-05,-3.4927710657939315e-05,1.000013271849488,3,1944,grounded
-1.2039159536361694,-15.680066108703613,3.333143836420678,25,1944,hallucinated
-0.0011106746969744563,-0.009856365621089935,1.0011112917245335,9,1945,grounded
-0.7746961116790771,-12.375062942504883,2.1699326098013945,35,1945,hallucinated
-0.01741277240216732,-0.2390155792236328,1.0175652585063608,14,1946,grounded
-1.6875519752502441,-10.545982360839844,5.4062299079913725,32,1946,hallucinated
-9.997486631618813e-05,-0.000288087350782007,1.0000999798639696,4,1947,grounded
-0.28459542989730835,-0.9545132517814636,1.3292241549722352,9,1947,hallucinated
-4.200031253276393e-05,-6.961580220377073e-05,1.0000420011945583,3,1948,grounded
-0.8311261534690857,-5.5874786376953125,2.2959028238835177,10,1948,hallucinated
-5.0036032916978e-05,-0.00011431517486926168,1.00005003728474,4,1949,grounded
-0.9031261801719666,-7.875380516052246,2.467304305021755,24,1949,hallucinated
-0.007459169253706932,-0.014916550368070602,1.0074870581562414,2,1950,grounded
-2.6642444133758545,-14.337674140930176,14.357097415881878,14,1950,hallucinated
-4.052854637848213e-05,-0.00014399446081370115,1.000040529367671,4,1951,grounded
-1.7702142000198364,-7.0314812660217285,5.872111032980898,31,1951,hallucinated
-1.8278349671163596e-05,-4.9232225137529895e-05,1.0000182785167213,3,1952,grounded
-1.0502101182937622,-13.024232864379883,2.8582516259268935,16,1952,hallucinated
-4.355382442474365,-12.67874813079834,77.89661061339524,6,1953,hallucinated
-4.553591861622408e-05,-0.00011097769311163574,1.000045536955392,4,1954,grounded
-4.674814224243164,-15.331969261169434,107.21264773105997,8,1954,hallucinated
-3.194745659129694e-05,-4.768258077092469e-05,1.0000319479669166,2,1955,grounded
-5.586594104766846,-20.25,266.82529136420504,7,1955,hallucinated
-2.0036840438842773,-15.164204597473145,7.416327910292609,27,1956,hallucinated
-4.8475278163095936e-05,-0.00013767725613433868,1.0000484764531083,3,1957,grounded
-3.1532273292541504,-16.232404708862305,23.411499405874935,19,1957,hallucinated
-4.052952499478124e-05,-8.082063141046092e-05,1.0000405303463271,2,1958,grounded
-2.255645275115967,-15.913434982299805,9.541448183222897,16,1958,hallucinated
-2.5629087758716196e-05,-7.390703103737906e-05,1.0000256294161867,3,1959,grounded
-1.5996999740600586,-21.750118255615234,4.951546609089138,18,1959,hallucinated
-9.655112080508843e-05,-0.00018308870494365692,1.0000965557820145,2,1960,grounded
-1.9523066282272339,-10.629799842834473,7.044918862332816,8,1960,hallucinated
-0.9206893444061279,-10.625990867614746,2.511020751568985,21,1961,hallucinated
-0.23177488148212433,-2.3086304664611816,1.2608358593774456,10,1962,grounded
-1.2568608522415161,-29.312517166137695,3.5143720204339646,27,1962,hallucinated
-0.00111051753628999,-0.0033066379837691784,1.00111113438921,3,1963,grounded
-1.9213308095932007,-7.666316509246826,6.830041909080306,9,1963,hallucinated
-5.3879535698797554e-05,-0.00013279033009894192,1.000053880987227,3,1964,grounded
-3.420957565307617,-17.822921752929688,30.598701251850034,12,1964,hallucinated
-1.9662678241729736,-8.04000186920166,7.143964141487648,7,1965,hallucinated
-12.981721878051758,-28.258615493774414,434400.3607475842,4,1966,hallucinated
-0.22750627994537354,-1.326568841934204,1.2554653239830251,11,1967,hallucinated
-0.008338987827301025,-0.016669631004333496,1.0083738540352014,2,1968,grounded
-1.5063937902450562,-24.34747886657715,4.510435852713767,24,1968,hallucinated
-1.148935317993164,-9.692965507507324,3.1548322278708936,12,1969,hallucinated
-2.3020644187927246,-12.41125774383545,9.99479461325968,6,1970,hallucinated
-0.012949085794389248,-0.02582879364490509,1.0130332882616369,2,1971,grounded
-2.868008613586426,-12.25005054473877,17.60193102907098,11,1971,hallucinated
-1.5849488973617554,-12.355489730834961,4.879042040221502,24,1972,hallucinated
-0.00015406383317895234,-0.00022194306075107306,1.0001540757016207,2,1973,grounded
-6.0539774894714355,-17.183530807495117,425.80329443247814,6,1973,hallucinated
-0.10296665877103806,-0.9250054359436035,1.1084544512262484,9,1974,grounded
-1.4791086912155151,-8.522327423095703,4.389031954272158,14,1974,hallucinated
-0.07300632447004318,-0.4286866784095764,1.0757373403617727,6,1975,grounded
-0.807380199432373,-3.8099281787872314,2.2420266234202253,12,1975,hallucinated
-2.2925949096679688,-10.654200553894043,9.900595527932579,11,1976,hallucinated
-0.6505007743835449,-6.254896640777588,1.9165003230166582,15,1977,hallucinated
-0.5755259990692139,-1.7262747287750244,1.7780655418039897,3,1978,grounded
-2.6231722831726074,-18.125001907348633,13.77936637691804,7,1978,hallucinated
-0.012146825902163982,-0.060703493654727936,1.0122208982025287,5,1979,grounded
-1.8464887142181396,-15.876723289489746,6.337527538403893,15,1979,hallucinated
-0.10207432508468628,-0.20395125448703766,1.1074657811570394,2,1980,grounded
-2.3016366958618164,-22.36922836303711,9.990520524541909,24,1980,hallucinated
-1.5497195136049413e-06,-1.5497195136049413e-06,1.0000015497207144,2,1981,grounded
-3.759214401245117,-15.256265640258789,42.91469899846139,8,1981,hallucinated
-0.00034964230144396424,-0.0006861716392450035,1.000349703433438,2,1982,grounded
-1.5185071229934692,-13.001956939697266,4.565404517762625,18,1982,hallucinated
-0.00043975707376375794,-0.0008594871615059674,1.000439853781081,2,1983,grounded
-1.7533152103424072,-20.447851181030273,5.773712052613164,30,1983,hallucinated
-2.796513795852661,-15.187735557556152,16.387417190285316,9,1984,hallucinated
-0.04190700873732567,-0.2094809114933014,1.0427975031853582,5,1985,grounded
-2.28069806098938,-13.909406661987305,9.783507511317916,19,1985,hallucinated
-5.344058445189148e-05,-0.0002374367177253589,1.0000534420124254,6,1986,grounded
-9.923383186105639e-05,-0.00021610308613162488,1.0000992387557006,4,1986,hallucinated
-0.8955360651016235,-8.500213623046875,2.4486480724741337,17,1987,hallucinated
-1.989046359085478e-05,-6.878139538457617e-05,1.0000198906614075,7,1988,grounded
-1.5154703855514526,-11.625046730041504,4.5515616121984115,22,1988,hallucinated
-1.24618661403656,-9.468668937683105,3.477058278523078,30,1989,hallucinated
-7.032429857645184e-05,-0.00027092601521871984,1.000070326771388,4,1990,grounded
-4.112343788146973,-17.44951629638672,61.08973129532775,10,1990,hallucinated
-1.9868210188178637e-07,-5.960462772236497e-07,1.0000001986821216,3,1991,grounded
-2.7984752655029297,-17.064706802368164,16.419592156544528,18,1991,hallucinated
-0.9452937245368958,-3.7810885906219482,2.573569188000922,4,1992,grounded
-2.6829164028167725,-11.01929759979248,14.627691389459002,14,1992,hallucinated
-2.7147433757781982,-9.786177635192871,15.100734360412073,16,1993,hallucinated
-3.5135923099005595e-05,-6.913899414939806e-05,1.0000351365403728,4,1994,grounded
-1.1487030982971191,-10.130339622497559,3.1540996987470016,30,1994,hallucinated
-3.5015556812286377,-17.69209861755371,33.16700913855278,19,1995,hallucinated
-0.0012776039075106382,-0.004816833417862654,1.00127842039106,4,1996,grounded
-1.3218110799789429,-13.625018119812012,3.7502071557089254,18,1996,hallucinated
-10.181131362915039,-17.446365356445312,26400.318749732927,3,1997,hallucinated
-2.014082193374634,-14.265222549438477,7.493846322141258,15,1998,hallucinated
-2.3352372646331787,-7.560124397277832,10.331911035659527,5,1999,hallucinated
