mean_logprob,min_logprob,perplexity,n_answer_tokens,example_id,label
-1.2979093790054321,-11.516936302185059,3.6616335720759228,14,0,grounded
-3.256687879562378,-12.865184783935547,25.963400664097414,11,0,hallucinated
-2.006213665008545,-8.740974426269531,7.4351121585378905,8,1,grounded
-0.4696793854236603,-2.3909096717834473,1.599481293982835,8,1,hallucinated
-1.498997688293457,-8.665210723876953,4.477199271382688,18,2,grounded
-1.0559766292572021,-9.319916725158691,2.8747813789603023,14,2,hallucinated
-0.8406040668487549,-12.25296401977539,2.317766639983825,16,3,grounded
-0.22056567668914795,-2.0810890197753906,1.2467818065504805,15,3,hallucinated
-1.559854507446289,-6.506524085998535,4.758128922447365,16,4,grounded
-0.4917791783809662,-3.994892120361328,1.6352229867463657,14,4,hallucinated
-1.3008407354354858,-4.330131530761719,3.6723828725101417,12,5,grounded
-1.7969187498092651,-10.457435607910156,6.031035675523562,17,5,hallucinated
-2.185446262359619,-9.62808895111084,8.894617000591793,12,6,grounded
-1.8940454721450806,-12.830557823181152,6.6462013915567475,9,6,hallucinated
-1.4645764827728271,-5.796394348144531,4.3257108392412675,20,7,grounded
-0.33666568994522095,-3.8579554557800293,1.4002708608522325,22,7,hallucinated
-0.6363471150398254,-3.557194948196411,1.8895658903424875,14,8,grounded
-0.7253100275993347,-4.877190113067627,2.0653713228309316,14,8,hallucinated
-1.2020108699798584,-8.641819953918457,3.3267999632969563,11,9,grounded
-1.605264663696289,-10.535640716552734,4.9791772358188835,12,9,hallucinated
-0.6548541784286499,-8.127997398376465,1.9248618105364597,18,10,grounded
-0.20529060065746307,-3.484523296356201,1.2278818363906032,18,10,hallucinated
-0.9196935892105103,-4.61732292175293,2.508521634070419,8,11,grounded
-1.0112583637237549,-5.55482292175293,2.74905815444735,8,11,hallucinated
-0.6696651577949524,-6.847629547119141,1.953583069043947,22,12,grounded
-0.6677577495574951,-11.548101425170898,1.9498603401160783,21,12,hallucinated
-1.3108878135681152,-7.853109359741211,3.7094655645770653,16,13,grounded
-0.7833475470542908,-5.182001113891602,2.1887870830717344,17,13,hallucinated
-0.7694911956787109,-5.240213871002197,2.158667634896735,16,14,grounded
-0.5005378127098083,-3.422928810119629,1.6496082124373332,14,14,hallucinated
-0.9941422343254089,-5.87638521194458,2.702405316312467,22,15,grounded
-0.19768394529819489,-2.0356569290161133,1.2185771959007652,19,15,hallucinated
-0.6143072843551636,-3.350757360458374,1.848375757175235,17,16,grounded
-0.9019308090209961,-10.801651954650879,2.464356722713281,18,16,hallucinated
-1.0843732357025146,-5.275035381317139,2.9575855286826536,12,17,grounded
-1.2731808423995972,-6.952540874481201,3.5721971062025,13,17,hallucinated
-0.5161031484603882,-3.4179022312164307,1.6754857922645148,16,18,grounded
-1.5213278532028198,-11.01743221282959,4.578300471656574,19,18,hallucinated
-1.6293284893035889,-4.719298839569092,5.100448562549028,6,19,grounded
-1.3850034475326538,-7.618461608886719,3.9948396771331263,8,19,hallucinated
-1.3356565237045288,-7.6215128898620605,3.8024915529579935,18,20,grounded
-1.3287622928619385,-8.840263366699219,3.7763664581102105,15,20,hallucinated
-1.2895874977111816,-13.386497497558594,3.6312883320153775,15,21,grounded
-0.9148195385932922,-7.667747497558594,2.4963247209836408,18,21,hallucinated
-5.402819633483887,-10.610233306884766,222.03158210402614,6,22,grounded
-1.9292596578598022,-6.422733306884766,6.884411534450887,7,22,hallucinated
-4.59820032119751,-11.580338478088379,99.30543683836831,7,23,grounded
-2.7297487258911133,-7.797473430633545,15.329034746393175,6,23,hallucinated
-0.7670108079910278,-2.97762393951416,2.1533199371968332,13,24,grounded
-0.5898778438568115,-2.7315187454223633,1.803768060589796,10,24,hallucinated
-2.9068539142608643,-9.927803993225098,18.29913725610429,17,25,grounded
-1.0465967655181885,-7.926676273345947,2.8479423911488304,14,25,hallucinated
-1.009473204612732,-5.985236167907715,2.744155025970547,17,26,grounded
-1.0243182182312012,-8.985236167907715,2.7851959173034975,15,26,hallucinated
-1.0397591590881348,-8.764630317687988,2.8285357051928113,17,27,grounded
-0.9744686484336853,-8.764630317687988,2.6497588833241776,16,27,hallucinated
-0.7528335452079773,-3.745164632797241,2.1230071385716016,15,28,grounded
-1.0758265256881714,-5.17603063583374,2.9324156160125194,14,28,hallucinated
-1.7638872861862183,-8.257193565368652,5.835075974806935,10,29,grounded
-0.6454050540924072,-5.1145219802856445,1.9067592134958367,23,29,hallucinated
-1.487653136253357,-11.88547134399414,4.42669447008592,21,30,grounded
-1.096073031425476,-11.634466171264648,2.9923918918319634,18,30,hallucinated
-0.24703370034694672,-3.082366704940796,1.280222255985491,15,31,grounded
-0.19667913019657135,-2.582948923110962,1.2173533660961353,15,31,hallucinated
-2.201032876968384,-9.924147605895996,9.034340043774304,16,32,grounded
-2.367219924926758,-14.24299144744873,10.667694031287194,15,32,hallucinated
-0.7166631817817688,-2.243382453918457,2.047589365162764,11,33,grounded
-2.736577272415161,-10.876259803771973,15.434067977346757,14,33,hallucinated
-1.4241855144500732,-6.314986705780029,4.154472706383901,14,34,grounded
-0.24004845321178436,-2.2076704502105713,1.2713107479180046,19,34,hallucinated
-0.9237615466117859,-11.883931159973145,2.5187469772472433,16,35,grounded
-2.504171371459961,-13.475883483886719,12.233417805617956,12,35,hallucinated
-1.926077127456665,-7.363473892211914,6.862536512858858,6,36,grounded
-2.376237630844116,-11.480436325073242,10.764327208824092,6,36,hallucinated
-0.6515204310417175,-3.080355405807495,1.9184554919625296,13,37,grounded
-1.0465377569198608,-10.672295570373535,2.847774343018402,12,37,hallucinated
-0.739876925945282,-3.9342446327209473,2.0956775750853183,12,38,grounded
-0.5895352363586426,-3.4967446327209473,1.8031501819782467,9,38,hallucinated
-1.3763912916183472,-11.262792587280273,3.960583217696871,20,39,grounded
-0.6398141980171204,-6.190316677093506,1.8961285421305696,16,39,hallucinated
-0.7459098100662231,-3.604984760284424,2.1083587686746728,15,40,grounded
-1.1607884168624878,-5.585280418395996,3.1924492649949863,17,40,hallucinated
-1.7442741394042969,-8.02309513092041,5.721746777213694,15,41,grounded
-1.7691148519515991,-3.7691335678100586,5.865659086177743,10,41,hallucinated
-1.725420594215393,-8.714067459106445,5.614882120067688,11,42,grounded
-1.5716246366500854,-11.231341361999512,4.814463597471466,15,42,hallucinated
-1.574711561203003,-9.198335647583008,4.829348445741488,12,43,grounded
-1.4033174514770508,-8.712862014770508,4.068675235380688,13,43,hallucinated
-1.4352984428405762,-9.091256141662598,4.200898549819627,13,44,grounded
-1.0337233543395996,-5.065953731536865,2.8115146355529173,14,44,hallucinated
-1.0091211795806885,-7.465056419372559,2.74318918471972,16,45,grounded
-1.1374797821044922,-10.416089057922363,3.1188981490924643,16,45,hallucinated
-1.0908628702163696,-7.352652072906494,2.9768415926345972,16,46,grounded
-3.29191255569458,-10.213470458984375,26.894251252798938,10,46,hallucinated
-1.5257514715194702,-10.739885330200195,4.5985979866124485,21,47,grounded
-0.3896888196468353,-1.8849141597747803,1.476521257980565,14,47,hallucinated
-0.6232132911682129,-3.9202053546905518,1.8649109261322763,16,48,grounded
-0.4468940794467926,-4.781027793884277,1.5634486891657473,17,48,hallucinated
-2.9262781143188477,-13.119277000427246,18.65805794773469,17,49,grounded
-1.1113026142120361,-4.258758544921875,3.038313568278245,23,49,hallucinated
-1.2851566076278687,-6.650414943695068,3.615234086120656,13,50,grounded
-1.5663726329803467,-10.280134201049805,4.789244300878617,10,50,hallucinated
-1.9860341548919678,-6.569113731384277,7.2865789416425475,16,51,grounded
-4.147575378417969,-14.834085464477539,63.280383158938335,8,51,hallucinated
-2.4659335613250732,-14.761430740356445,11.774469211714699,14,52,grounded
-1.2480357885360718,-7.511430740356445,3.4834939144981463,13,52,hallucinated
-1.9895644187927246,-7.877347469329834,7.312347947172488,8,53,grounded
-0.9478814005851746,-5.202401638031006,2.58023737518054,12,53,hallucinated
-2.1099753379821777,-10.797395706176758,8.248037868861429,14,54,grounded
-2.1734187602996826,-13.108243942260742,8.7882777559604,8,54,hallucinated
-0.9926196932792664,-3.624627113342285,2.6982939239710944,12,55,grounded
-2.510970115661621,-16.302106857299805,12.31687305798506,10,55,hallucinated
-1.0094890594482422,-4.8693037033081055,2.7441985344420075,13,56,grounded
-0.9604067802429199,-4.422324180603027,2.612759076057236,13,56,hallucinated
-2.4978182315826416,-6.752699851989746,12.155943554086575,8,57,grounded
-0.17175698280334473,-0.8665143251419067,1.1873892421440653,9,57,hallucinated
-1.2947179079055786,-10.714393615722656,3.64996620229228,10,58,grounded
-1.5565797090530396,-11.776893615722656,4.742572495480929,9,58,hallucinated
-1.670838713645935,-7.717804908752441,5.316625053721817,25,59,grounded
-0.37554189562797546,-2.0127012729644775,1.455780081772867,15,59,hallucinated
-1.503364086151123,-6.931603908538818,4.496791246741771,10,60,grounded
-3.7324721813201904,-8.820830345153809,41.782273946391605,6,60,hallucinated
-6.163435935974121,-11.917533874511719,475.0575411562185,4,61,grounded
-0.7883954644203186,-3.7061219215393066,2.1998638331374383,18,61,hallucinated
-1.269980549812317,-4.712591171264648,3.560783303778419,18,62,grounded
-1.9497485160827637,-8.505719184875488,7.026920200946589,6,62,hallucinated
-2.0175673961639404,-4.433101177215576,7.520009461686436,5,63,grounded
-1.07805335521698,-9.467289924621582,2.9389528816837136,16,63,hallucinated
-1.5267950296401978,-7.350106716156006,4.60339939572434,18,64,grounded
-0.12162463366985321,-0.7251068353652954,1.1293301097103172,12,64,hallucinated
-0.6895479559898376,-3.2362849712371826,1.9928144897493127,12,65,grounded
-1.7706259489059448,-9.27613353729248,5.874529365996629,11,65,hallucinated
-0.971095621585846,-5.974929332733154,2.6408362321011345,19,66,grounded
-0.6743653416633606,-2.812077283859253,1.9627868815321512,10,66,hallucinated
-0.42836567759513855,-2.2150487899780273,1.5347472010324281,8,67,grounded
-0.6837402582168579,-2.933436393737793,1.981274368679669,7,67,hallucinated
-1.1988977193832397,-6.42881441116333,3.316459238474817,18,68,grounded
-0.42122796177864075,-2.937209129333496,1.5238316141827275,13,68,hallucinated
-2.2026662826538086,-8.926018714904785,9.049108844603873,9,69,grounded
-0.7847443222999573,-4.222963809967041,2.191846462822956,9,69,hallucinated
-6.183960437774658,-11.759151458740234,484.9086088277781,4,70,grounded
-0.9603365063667297,-10.13385009765625,2.612575473800707,14,70,hallucinated
-2.1917378902435303,-3.9486658573150635,8.950755035559238,5,71,grounded
-2.2355570793151855,-4.773136615753174,9.351690034456862,6,71,hallucinated
-1.6158716678619385,-12.992517471313477,5.0322724824470235,10,72,grounded
-2.8182806968688965,-10.252189636230469,16.74803096225719,17,72,hallucinated
-0.5512616634368896,-2.0356154441833496,1.7354411798986729,8,73,grounded
-0.5086318850517273,-2.0356154441833496,1.663014442953195,9,73,hallucinated
-1.2511130571365356,-9.270419120788574,3.4942300714882943,21,74,grounded
-0.7957431674003601,-7.521357536315918,2.216087308829863,21,74,hallucinated
-1.7963082790374756,-8.166678428649902,6.027355028098179,14,75,grounded
-1.4874755144119263,-8.631363868713379,4.425908262288598,21,75,hallucinated
-0.7678027153015137,-3.285461902618408,2.155025842367152,11,76,grounded
-0.6831915974617004,-4.560555458068848,1.9801876193439925,9,76,hallucinated
-1.4602423906326294,-9.426671028137207,4.307003379104071,11,77,grounded
-1.38954496383667,-14.23782730102539,4.013023566619934,15,77,hallucinated
-1.9046467542648315,-7.0837321281433105,6.717034444730675,15,78,grounded
-2.6751160621643066,-10.667719841003418,14.514034272070022,14,78,hallucinated
-1.8398971557617188,-8.793121337890625,6.295890731643297,12,79,grounded
-0.8523248434066772,-3.6185197830200195,2.345092492161282,15,79,hallucinated
-3.168416738510132,-6.283513069152832,23.76982070684715,5,80,grounded
-1.70536470413208,-5.473278999328613,5.503392411208165,8,80,hallucinated
-1.572513222694397,-7.705489158630371,4.8187435639126335,13,81,grounded
-4.226431369781494,-10.3346586227417,68.47244282369996,6,81,hallucinated
-3.8273849487304688,-6.223931312561035,45.94223969710341,5,82,grounded
-6.69211483001709,-11.962818145751953,806.0250569229087,4,82,hallucinated
-4.955153465270996,-9.974040031433105,141.904382096461,4,83,grounded
-5.689192295074463,-13.488621711730957,295.6547223982889,4,83,hallucinated
-0.7767131924629211,-2.8610634803771973,2.174313956450427,11,84,grounded
-1.4647932052612305,-14.68853759765625,4.326648419652171,19,84,hallucinated
-0.2708017826080322,-1.5443781614303589,1.311015178618369,11,85,grounded
-0.11298171430826187,-0.7943781614303589,1.1196114598913824,10,85,hallucinated
-1.6218887567520142,-7.5845842361450195,5.062643393897501,10,86,grounded
-1.7819665670394897,-10.51736068725586,5.941529352814725,10,86,hallucinated
-5.460450649261475,-11.26893424987793,235.2033947218414,4,87,grounded
-0.5310653448104858,-2.746055841445923,1.7007432217891023,13,87,hallucinated
-0.2599460482597351,-1.7972813844680786,1.296860116918106,11,88,grounded
-0.28661471605300903,-1.6722813844680786,1.3319109506979452,10,88,hallucinated
-1.3258968591690063,-9.349024772644043,3.7655610189523574,9,89,grounded
-0.34462329745292664,-1.3215292692184448,1.4114581196399796,9,89,hallucinated
-0.7420406937599182,-4.811099052429199,2.1002170441795953,14,90,grounded
-0.7179357409477234,-6.589360237121582,2.0501967024211147,21,90,hallucinated
-1.0421098470687866,-8.036234855651855,2.835192531072825,18,91,grounded
-0.7413412928581238,-8.259730339050293,2.098748664037986,15,91,hallucinated
-3.206690549850464,-10.928112983703613,24.697216620386083,19,92,grounded
-1.9227508306503296,-4.520561218261719,6.839747601925452,7,92,hallucinated
-1.4988486766815186,-7.5234527587890625,4.4765321664067175,12,93,grounded
-1.0485354661941528,-7.291021347045898,2.8534690545296497,10,93,hallucinated
-1.9975907802581787,-8.494938850402832,7.371275666188777,9,94,grounded
-2.210125684738159,-8.43094253540039,9.116862171470222,13,94,hallucinated
-0.842012345790863,-5.447892665863037,2.3210330013697793,12,95,grounded
-0.5255219340324402,-1.9983347654342651,1.6913413866758513,12,95,hallucinated
-1.3124464750289917,-7.729253768920898,3.7152518738702174,12,96,grounded
-4.284679412841797,-13.225676536560059,72.57927500612878,10,96,hallucinated
-3.356058120727539,-10.025309562683105,28.675930739999366,13,97,grounded
-1.5975862741470337,-5.758795738220215,4.941091578743053,11,97,hallucinated
-1.0315070152282715,-4.463497638702393,2.8052902659089365,10,98,grounded
-1.0091255903244019,-6.556631088256836,2.7432012842508553,8,98,hallucinated
-0.8998731970787048,-4.372296333312988,2.459291246070348,20,99,grounded
-1.102493166923523,-8.311663627624512,3.0116652558440395,14,99,hallucinated
-0.5118096470832825,-3.1008949279785156,1.668307512711801,7,100,grounded
-0.22088761627674103,-1.1008949279785156,1.2471832595894454,8,100,hallucinated
-0.6761893630027771,-2.1239240169525146,1.966370313823754,7,101,grounded
-0.8109089732170105,-2.590353012084961,2.2499522037592032,6,101,hallucinated
-0.9281370043754578,-2.722951889038086,2.529791793706789,13,102,grounded
-1.3737235069274902,-3.3459548950195312,3.950031315781252,4,102,hallucinated
-0.4412156641483307,-1.7277452945709229,1.554595936800688,7,103,grounded
-0.4145011901855469,-1.209803819656372,1.5136155460687737,5,103,hallucinated
-1.968076467514038,-5.824655055999756,7.15689671634324,13,104,grounded
-0.374133437871933,-1.1431257724761963,1.4537311203021588,6,104,hallucinated
-3.5331475734710693,-7.980035781860352,34.23154452424375,8,105,grounded
-2.7306277751922607,-5.473207950592041,15.342515647994734,6,105,hallucinated
-1.9534419775009155,-6.8554229736328125,7.052921848078673,14,106,grounded
-0.9925016164779663,-3.501164674758911,2.697975336864828,7,106,hallucinated
-0.5512062907218933,-1.5929718017578125,1.735345086469327,5,107,grounded
-1.3771482706069946,-4.201295852661133,3.963582431002968,4,107,hallucinated
-3.8638625144958496,-10.297980308532715,47.6490415010926,13,108,grounded
-2.1711971759796143,-6.719089508056641,8.768775526841564,4,108,hallucinated
-3.0484745502471924,-6.834903240203857,21.08315858079433,5,109,grounded
-0.2394448071718216,-1.1553596258163452,1.2705435577983968,9,109,hallucinated
-2.785273313522339,-4.45827579498291,16.20424611116841,5,110,grounded
-0.9256529808044434,-3.0307435989379883,2.5235155296825904,8,110,hallucinated
-6.024369716644287,-9.785326957702637,413.3810127246142,4,111,grounded
-0.4530242085456848,-3.789994478225708,1.5730622676029997,10,111,hallucinated
-5.099164009094238,-11.954691886901855,163.88484377696525,4,112,grounded
-1.6867389678955078,-6.775331497192383,5.4018363895381905,10,112,hallucinated
-1.129128336906433,-8.362783432006836,3.092959306296127,14,113,grounded
-1.9562788009643555,-8.362783432006836,7.072958148549804,11,113,hallucinated
-0.6543561220169067,-4.144077777862549,1.9239033594711643,12,114,grounded
-1.1936086416244507,-5.584763526916504,3.2989645338886846,10,114,hallucinated
-5.553633213043213,-9.632549285888672,258.173854605473,4,115,grounded
-0.37364131212234497,-3.897186517715454,1.4530158777939437,16,115,hallucinated
-1.643814206123352,-4.822678089141846,5.174869938214113,8,116,grounded
-0.504990816116333,-2.939272165298462,1.6569703029684708,11,116,hallucinated
-1.6143314838409424,-5.087070465087891,5.024527822412046,8,117,grounded
-0.4946777820587158,-1.6196401119232178,1.6399697262445025,13,117,hallucinated
-1.5190881490707397,-5.388117790222168,4.568057907610434,8,118,grounded
-0.11065749078989029,-0.6822141408920288,1.1170122543422767,10,118,hallucinated
-1.4537211656570435,-5.375639915466309,4.279007822970645,8,119,grounded
-0.10144925117492676,-0.6591199040412903,1.1067737494992862,11,119,hallucinated
-1.2754065990447998,-4.038891315460205,3.5801568025370867,8,120,grounded
-0.8121954798698425,-4.577238082885742,2.252848644983855,9,120,hallucinated
-2.1265783309936523,-7.581964492797852,8.386123126211135,8,121,grounded
-1.1340365409851074,-9.852747917175293,3.108177498223206,11,121,hallucinated
-2.409271717071533,-6.1461286544799805,11.12585542322483,6,122,grounded
-1.8216346502304077,-5.876824855804443,6.181955530069573,10,122,hallucinated
-1.2782087326049805,-4.144524097442627,3.5902029488125113,6,123,grounded
-1.288914680480957,-5.47984504699707,3.6288459603846768,11,123,hallucinated
-3.1742515563964844,-6.174040794372559,23.90891869293794,6,124,grounded
-0.1001662164926529,-0.4731442630290985,1.1053546309770663,8,124,hallucinated
-3.2197816371917725,-6.699912071228027,25.022655567386295,6,125,grounded
-1.0293458700180054,-4.574214458465576,2.799234172692891,8,125,hallucinated
-0.47811585664749146,-6.900508403778076,1.6130323530790889,21,126,grounded
-0.3609701991081238,-4.463008403778076,1.4347207042848857,21,126,hallucinated
-6.284915447235107,-12.24862003326416,536.4189330160423,4,127,grounded
-0.326406866312027,-4.7742815017700195,1.3859791624010627,19,127,hallucinated
-0.27761632204055786,-4.661005020141602,1.3199796529406282,27,128,grounded
-0.555923342704773,-6.129348278045654,1.7435501360592365,19,128,hallucinated
-0.39036378264427185,-4.448534965515137,1.4775181916034354,18,129,grounded
-0.33416947722435,-3.7610347270965576,1.3967798458874223,19,129,hallucinated
-0.5386872887611389,-6.788798809051514,1.713755718564937,19,130,grounded
-0.2296142429113388,-4.041963577270508,1.2581145896870278,20,130,hallucinated
-1.362706184387207,-14.013154029846191,3.9067513989134035,16,131,grounded
-0.5882927179336548,-5.744256019592285,1.8009111259763515,14,131,hallucinated
-0.8807982802391052,-11.17740249633789,2.412825048390289,31,132,grounded
-0.1673039346933365,-2.2643346786499023,1.1821134960171593,25,132,hallucinated
-0.45581236481666565,-3.715517282485962,1.577454331063443,17,133,grounded
-0.7510588765144348,-4.875877380371094,2.1192428454411516,14,133,hallucinated
-0.4401147961616516,-4.762665748596191,1.5528854735714925,20,134,grounded
-0.360748827457428,-4.762665748596191,1.4344031329462335,20,134,hallucinated
-0.2724817395210266,-5.1461076736450195,1.3132194786768654,27,135,grounded
-0.11191369593143463,-1.6273993253707886,1.1184163325998702,29,135,hallucinated
-1.456035852432251,-5.5166096687316895,4.288923857619293,10,136,grounded
-0.845537543296814,-6.635441780090332,2.329229539837711,11,136,hallucinated
-6.7858686447143555,-12.864396095275879,885.2487196836294,4,137,grounded
-0.7408634424209595,-8.980371475219727,2.097746015648442,15,137,hallucinated
-0.9253993630409241,-7.780837535858154,2.5228756024696306,15,138,grounded
-0.3300568163394928,-3.0113167762756348,1.3910471604263228,17,138,hallucinated
-1.8392107486724854,-10.973721504211426,6.291570670441994,10,139,grounded
-0.5118465423583984,-1.7608517408370972,1.6683690665119757,9,139,hallucinated
-1.43869149684906,-7.147317886352539,4.215176634941895,11,140,grounded
-1.0385757684707642,-4.8826470375061035,2.825190422356947,11,140,hallucinated
-1.5673235654830933,-10.25345230102539,4.793800715025717,13,141,grounded
-1.170149326324463,-6.847202301025391,3.222473802771008,10,141,hallucinated
-1.8219819068908691,-8.795442581176758,6.184102628077532,13,142,grounded
-0.5280040502548218,-4.482942581176758,1.6955447069760374,12,142,hallucinated
-1.4125503301620483,-7.059980392456055,4.1064147744353034,11,143,grounded
-2.618448257446289,-16.185998916625977,13.714425806892889,11,143,hallucinated
-1.3949440717697144,-7.374261856079102,4.034748909955624,18,144,grounded
-0.35261356830596924,-1.8642972707748413,1.4227812294276216,9,144,hallucinated
-1.9676870107650757,-3.906277894973755,7.154109957311714,10,145,grounded
-1.1683703660964966,-7.846006870269775,3.2167462460984764,16,145,hallucinated
-2.308267116546631,-7.632513999938965,10.056981968662845,12,146,grounded
-1.2253724336624146,-4.459840774536133,3.4054341449523604,5,146,hallucinated
-2.2701632976531982,-11.267518043518066,9.680981566573218,11,147,grounded
-2.5417861938476562,-7.896313667297363,12.702339560332845,9,147,hallucinated
-1.6896394491195679,-6.657559394836426,5.417527058807101,11,148,grounded
-1.247318983078003,-9.515252113342285,3.48099782176041,14,148,hallucinated
-1.609562873840332,-9.563167572021484,5.000624846071167,13,149,grounded
-1.1406147480010986,-8.703291893005371,3.1286911307361382,11,149,hallucinated
-2.504457473754883,-9.707897186279297,12.236918315254924,11,150,grounded
-0.48693668842315674,-3.520707130432129,1.6273235776953325,12,150,hallucinated
-2.713102340698242,-10.97667407989502,15.075973847585276,8,151,grounded
-2.7827024459838867,-9.867547988891602,16.16264064484297,5,151,hallucinated
-1.5674175024032593,-7.933925628662109,4.794251051052035,13,152,grounded
-0.7913910150527954,-8.567416191101074,2.2064635165419637,15,152,hallucinated
-1.8635709285736084,-5.513295650482178,6.446716481648619,13,153,grounded
-2.040449857711792,-6.17161750793457,7.694069657034028,8,153,hallucinated
-0.3460051119327545,-2.3361687660217285,1.4134098410552716,10,154,grounded
-0.2118598222732544,-1.083080530166626,1.2359746168225108,10,154,hallucinated
-1.6974493265151978,-3.7911911010742188,5.460002930701563,5,155,grounded
-2.080604076385498,-9.253499984741211,8.00930568568854,8,155,hallucinated
-2.2695183753967285,-11.939628601074219,9.674740098943488,13,156,grounded
-2.547089099884033,-13.689628601074219,12.769877789636292,15,156,hallucinated
-0.29557761549949646,-1.3319462537765503,1.343902393392097,10,157,grounded
-0.29889771342277527,-1.4569462537765503,1.348371696093351,10,157,hallucinated
-2.4148080348968506,-6.658946990966797,11.187622518293487,10,158,grounded
-0.8392197489738464,-2.8815016746520996,2.3145603339796157,6,158,hallucinated
-3.1363141536712646,-7.147067546844482,23.018866301608035,10,159,grounded
-1.7468284368515015,-5.782564163208008,5.736380501886671,7,159,hallucinated
-0.5385206937789917,-3.3955042362213135,1.7134702392419696,8,160,grounded
-0.11869034916162491,-0.4512284994125366,1.126021190893486,9,160,hallucinated
-0.8389689326286316,-2.295269012451172,2.313979877212933,6,161,grounded
-0.2734377980232239,-1.0191328525543213,1.314475593688745,7,161,hallucinated
-4.203107833862305,-9.295585632324219,66.8939034619143,6,162,grounded
-0.8299404978752136,-6.430395126342773,2.293182286985995,11,162,hallucinated
-0.6152624487876892,-2.405611276626587,1.8501421033976828,6,163,grounded
-0.19527867436408997,-0.7806112170219421,1.215649709700608,7,163,hallucinated
-0.5691790580749512,-2.216256856918335,1.7668160025714479,6,164,grounded
-0.1569920778274536,-0.528756856918335,1.1699863450304966,7,164,hallucinated
-0.5682051181793213,-2.3131866455078125,1.76509606767087,6,165,grounded
-0.16847918927669525,-0.4381866753101349,1.1835035970226895,7,165,hallucinated
-0.7281773090362549,-3.856171131134033,2.0713018218270385,8,166,grounded
-0.36447036266326904,-1.8375697135925293,1.4397512601541558,9,166,hallucinated
-0.8097168803215027,-8.688740730285645,2.2472716497739924,25,167,grounded
-1.848056435585022,-11.457115173339844,6.347470807840524,9,167,hallucinated
-0.9986542463302612,-4.526599407196045,2.7146261510853513,9,168,grounded
-3.508741855621338,-12.588878631591797,33.406211495845454,5,168,hallucinated
-1.0480157136917114,-3.136359691619873,2.8519863422030185,5,169,grounded
-1.4835655689239502,-7.980109691619873,4.408636989119692,8,169,hallucinated
-2.4280998706817627,-7.4617919921875,11.337319227730445,5,170,grounded
-2.29097056388855,-11.3055419921875,9.88452659166061,7,170,hallucinated
-0.4811941385269165,-3.832097053527832,1.618005371591934,9,171,grounded
-0.9274095892906189,-3.461383581161499,2.5279522541300774,13,171,hallucinated
-0.47157737612724304,-4.06447172164917,1.6025199773935963,10,172,grounded
-1.0990394353866577,-5.98202657699585,3.0012817138760943,13,172,hallucinated
-0.7985783815383911,-3.2109546661376953,2.22237930626419,11,173,grounded
-0.5644478797912598,-5.770481109619141,1.7584766241675533,11,173,hallucinated
-0.7387626767158508,-3.0675435066223145,2.0933437684247416,11,174,grounded
-0.8005661964416504,-8.303227424621582,2.22680137864445,12,174,hallucinated
-1.5420148372650146,-4.7159833908081055,4.673998135767753,14,175,grounded
-1.4624087810516357,-8.627130508422852,4.316344144177961,12,175,hallucinated
-1.3614906072616577,-7.065781593322754,3.9020053264706362,18,176,grounded
-1.814817190170288,-13.226540565490723,6.139953630964085,19,176,hallucinated
-1.4446687698364258,-10.103346824645996,4.2404473461096766,13,177,grounded
-1.3518381118774414,-9.73253059387207,3.8645224308313444,13,177,hallucinated
-0.5530950427055359,-2.266298770904541,1.738625820214582,10,178,grounded
-2.358456611633301,-12.139036178588867,10.57461810875836,7,178,hallucinated
-0.6960787177085876,-3.2730963230133057,2.0058716766112856,10,179,grounded
-1.9211713075637817,-10.943069458007812,6.82895259041137,7,179,hallucinated
-1.702881097793579,-7.750545978546143,5.489741110178423,10,180,grounded
-2.3172245025634766,-11.359848976135254,10.14747090546012,7,180,hallucinated
-0.7976670265197754,-5.763277053833008,2.2203548523683883,15,181,grounded
-0.9775555729866028,-7.659824371337891,2.6579511269940927,14,181,hallucinated
-1.663770318031311,-6.568492889404297,5.279177547315758,16,182,grounded
-2.229627847671509,-12.647223472595215,9.296405756590998,21,183,grounded
-0.40406012535095215,-4.648771286010742,1.4978940056534855,16,183,hallucinated
-2.435309886932373,-13.242472648620605,11.419356874595204,12,184,grounded
-1.0144098997116089,-6.1702117919921875,2.7577355765757123,8,184,hallucinated
-2.462671995162964,-8.837017059326172,11.736128560630462,18,185,grounded
-0.38999536633491516,-2.0226480960845947,1.476973950064163,14,185,hallucinated
-1.4928487539291382,-6.042992115020752,4.4497537338064275,18,186,grounded
-0.587958037853241,-4.302142143249512,1.800308497745349,10,186,hallucinated
-1.192915439605713,-10.851713180541992,3.296678477455059,22,187,grounded
-0.06148261949419975,-0.6349291205406189,1.063412013729507,19,187,hallucinated
-1.4036906957626343,-6.062267780303955,4.070194128603664,24,188,grounded
-0.33799242973327637,-2.008082389831543,1.4021298888679032,16,188,hallucinated
-1.74427330493927,-6.302046775817871,5.721742002618107,17,189,grounded
-0.10542985796928406,-0.5856796503067017,1.1111881607952128,17,189,hallucinated
-1.211478352546692,-7.573817253112793,3.358445951496291,22,190,grounded
-1.6175023317337036,-7.781723976135254,5.040485121584166,17,190,hallucinated
-1.6899172067642212,-8.400483131408691,5.419032027361386,17,191,grounded
-0.287405788898468,-2.303997039794922,1.3329650061459644,20,191,hallucinated
-0.5306422114372253,-5.736217498779297,1.7000237328032524,20,192,grounded
-0.2840002477169037,-3.5037221908569336,1.3284332598281279,18,192,hallucinated
-2.3166959285736084,-7.814659595489502,10.142108633580118,21,193,grounded
-0.45762696862220764,-3.6256613731384277,1.5803193843778156,14,193,hallucinated
-2.8185324668884277,-6.400309085845947,16.752248145197505,12,194,grounded
-1.308287262916565,-6.566837787628174,3.69983144392509,13,194,hallucinated
-1.3135814666748047,-7.702358245849609,3.7194710476196997,11,195,grounded
-1.707162857055664,-9.98360824584961,5.513297254905013,9,195,hallucinated
-1.0106229782104492,-5.628617763519287,2.7473119975209324,13,196,grounded
-0.9809636473655701,-4.6795759201049805,2.6670250756937857,11,196,hallucinated
-0.42017000913619995,-2.328648567199707,1.522220324983989,8,197,grounded
-0.24781683087348938,-0.8286485075950623,1.281225229793356,9,197,hallucinated
-0.32194769382476807,-1.9643335342407227,1.3798126013499608,7,198,grounded
-0.220580592751503,-0.8393335342407227,1.2468004037643485,8,198,hallucinated
-1.2630857229232788,-4.859091758728027,3.536316762518198,8,199,grounded
-0.36312374472618103,-2.576239824295044,1.437813770104498,12,199,hallucinated
-1.206158995628357,-9.555876731872559,3.340628609203458,15,200,grounded
-1.4478917121887207,-7.132855415344238,4.254136110654459,16,200,hallucinated
-1.985013484954834,-10.101350784301758,7.279145543740468,22,201,grounded
-1.843460202217102,-9.991458892822266,6.318363294416069,17,201,hallucinated
-2.0226354598999023,-9.189699172973633,7.558218089029411,11,202,grounded
-1.067353367805481,-5.485759735107422,2.907673764355112,12,202,hallucinated
-1.3419549465179443,-6.128842830657959,3.826516833767557,18,203,grounded
-1.729670763015747,-11.378843307495117,5.638797102227705,13,203,hallucinated
-2.561830520629883,-5.797895431518555,12.959518281939431,6,204,grounded
-1.1714370250701904,-5.657731056213379,3.2266260510936937,16,204,hallucinated
-0.28944844007492065,-1.8327564001083374,1.335690571425817,12,205,grounded
-1.4123691320419312,-7.187217712402344,4.105670767206146,10,205,hallucinated
-5.9032182693481445,-11.100563049316406,366.2141491821922,4,206,grounded
-1.8336308002471924,-5.134232997894287,6.256561795281554,13,206,hallucinated
-1.5428754091262817,-4.570107936859131,4.678022178283543,7,207,grounded
-0.41268065571784973,-2.252973794937134,1.510862463597468,8,207,hallucinated
-1.8443958759307861,-6.815432548522949,6.324277987544083,10,208,grounded
-1.3886367082595825,-6.772189140319824,4.009380370311699,11,208,hallucinated
-2.1379339694976807,-8.94775676727295,8.48189565885466,19,209,grounded
-1.3519883155822754,-7.300802707672119,3.8651029400140926,13,209,hallucinated
-0.7828561067581177,-8.447272300720215,2.187711689166963,13,210,grounded
-0.8844940066337585,-8.322272300720215,2.421758687582125,11,210,hallucinated
-2.7441766262054443,-14.432547569274902,15.551803711474172,14,211,grounded
-0.14937056601047516,-1.7544381618499756,1.1611031748693323,18,211,hallucinated
-2.9963905811309814,-7.7119622230529785,20.013170486179593,10,212,grounded
-0.11700233817100525,-0.7739249467849731,1.1241220580770666,14,212,hallucinated
-1.3743382692337036,-4.570728302001953,3.9524603927185242,14,213,grounded
-1.2801505327224731,-6.191009521484375,3.59718117829108,11,213,hallucinated
-0.9682384729385376,-11.213235855102539,2.633301739141533,17,214,grounded
-0.9498995542526245,-8.869190216064453,2.585449948820246,14,214,hallucinated
-1.6013559103012085,-5.977261543273926,4.959752847197204,14,215,grounded
-0.9774913191795349,-6.132672309875488,2.6577803490018095,12,215,hallucinated
-3.022274971008301,-7.027972221374512,20.537961845200314,12,216,grounded
-1.797149419784546,-9.915206909179688,6.032427014837685,16,216,hallucinated
-0.8891171216964722,-5.6032490730285645,2.432980676935479,16,217,grounded
-0.19493624567985535,-1.023223638534546,1.215233507633855,12,217,hallucinated
-1.02511727809906,-7.097324371337891,2.787422344991182,15,218,grounded
-1.119582176208496,-10.826944351196289,3.0635739017782178,13,218,hallucinated
-0.9096814393997192,-10.363595008850098,2.4835312521494948,19,219,grounded
-0.5062909126281738,-6.78619909286499,1.65912592523445,15,219,hallucinated
-1.8393563032150269,-10.432143211364746,6.2924865037830315,10,220,grounded
-1.978053331375122,-10.467004776000977,7.228657478988318,14,220,hallucinated
-2.223851442337036,-9.03730583190918,9.242860746513774,17,221,grounded
-1.0793856382369995,-6.1533660888671875,2.942871008151751,6,221,hallucinated
-1.1367712020874023,-7.145420074462891,3.1166889429807654,12,222,grounded
-0.1620420217514038,-1.7024118900299072,1.175909654065944,12,222,hallucinated
-1.6487230062484741,-8.84080696105957,5.200334790214573,11,223,grounded
-1.069991111755371,-5.903306484222412,2.9153535874859733,11,223,hallucinated
-0.9180284738540649,-10.586183547973633,2.5043481318211867,13,224,grounded
-0.44627615809440613,-4.117433547973633,1.5624828992591842,12,224,hallucinated
-1.4004979133605957,-4.147236347198486,4.057219607849448,8,225,grounded
-1.2598729133605957,-4.147236347198486,3.524973481864429,8,225,hallucinated
-2.1255109310150146,-11.177546501159668,8.377176554200185,23,226,grounded
-0.08760155737400055,-0.9074868559837341,1.0915531140819057,18,226,hallucinated
-0.4179958403110504,-2.245898485183716,1.5189143561778362,13,227,grounded
-0.346296101808548,-2.245898485183716,1.4138211888554857,14,227,hallucinated
-0.910419225692749,-8.744412422180176,2.4853642435604653,16,228,grounded
-1.4729411602020264,-6.593775749206543,4.362045768187443,12,228,hallucinated
-0.16764704883098602,-1.1173542737960815,1.1825191654614302,10,229,grounded
-0.4026741683483124,-1.6173542737960815,1.4958194269376714,8,229,hallucinated
-1.302763819694519,-9.38431167602539,3.6794519692611436,13,230,grounded
-1.8246692419052124,-9.980992317199707,6.200743733700315,14,230,hallucinated
-1.2898105382919312,-7.632180213928223,3.6320983470035677,11,231,grounded
-1.3065645694732666,-8.878278732299805,3.693463255348576,13,231,hallucinated
-1.6999702453613281,-5.706884384155273,5.4737845188235745,8,232,grounded
-2.771122455596924,-10.163551330566406,15.976556924813954,11,232,hallucinated
-1.8144325017929077,-9.42981243133545,6.13759211641732,14,233,grounded
-1.4499480724334717,-5.461062431335449,4.262893147753799,12,233,hallucinated
-2.976783037185669,-5.928621292114258,19.62458343469611,5,234,grounded
-2.809854507446289,-4.866121292114258,16.60750177515966,6,234,hallucinated
-1.8553065061569214,-7.235726356506348,6.393657645755895,12,235,grounded
-2.474626302719116,-9.287040710449219,11.877267780993806,9,235,hallucinated
-1.6631792783737183,-8.131546020507812,5.276058265926128,10,236,grounded
-1.7980310916900635,-7.742584228515625,6.037747981587514,12,236,hallucinated
-0.8352766036987305,-8.687933921813965,2.305451656555992,20,237,grounded
-0.7760694622993469,-8.063597679138184,2.172914735380302,22,237,hallucinated
-1.0191458463668823,-2.7465672492980957,2.7708270409248863,6,238,grounded
-0.33427536487579346,-1.1264898777008057,1.3969277554556472,7,238,hallucinated
-0.30197572708129883,-2.331106424331665,1.352528396499232,12,239,grounded
-0.28889453411102295,-1.4135736227035522,1.3349509293173807,12,239,hallucinated
-0.26231899857521057,-2.305222511291504,1.2999411556718659,20,240,grounded
-0.1912059336900711,-1.5202019214630127,1.2107087521317066,18,240,hallucinated
-0.3197118043899536,-2.8242850303649902,1.3767309393441594,11,241,grounded
-0.26493316888809204,-1.4438090324401855,1.303343868947718,10,241,hallucinated
-1.441760778427124,-7.0073018074035645,4.22813407377785,15,242,grounded
-0.6917047500610352,-3.7486259937286377,1.997117218607908,16,242,hallucinated
-1.6136906147003174,-7.703209400177002,5.021308789184154,20,243,grounded
-0.18356908857822418,-1.9018125534057617,1.2014979723308918,17,243,hallucinated
-1.183915376663208,-10.31734848022461,3.2671412813474126,9,244,grounded
-0.9567422866821289,-8.94234848022461,2.6032021585730143,11,244,hallucinated
-0.4775649607181549,-1.2667335271835327,1.612143984843579,8,245,grounded
-1.4155415296554565,-6.207734107971191,4.118716269168656,7,245,hallucinated
-2.0272068977355957,-9.862586975097656,7.59284910964095,14,246,grounded
-0.14259260892868042,-0.777456521987915,1.1532598781739132,12,246,hallucinated
-1.2780213356018066,-10.953015327453613,3.589530218574902,16,247,grounded
-1.1343460083007812,-11.471073150634766,3.1091395264206834,14,247,hallucinated
-1.3037500381469727,-10.497841835021973,3.6830825026433898,22,248,grounded
-0.9250653982162476,-5.058356761932373,2.522033191437027,17,248,hallucinated
-0.6349051594734192,-6.57412576675415,1.886843183771527,21,249,grounded
-0.7505834698677063,-6.63662576675415,2.118235582755056,21,249,hallucinated
-0.6182602643966675,-3.3352653980255127,1.8556968101073503,18,250,grounded
-0.9384173154830933,-7.995200157165527,2.555932979920381,19,250,hallucinated
-1.3504059314727783,-6.703534126281738,3.8589916989807755,17,251,grounded
-1.128162145614624,-6.155564308166504,3.089972359161985,14,251,hallucinated
-1.0175923109054565,-5.613135814666748,2.7665258047858434,17,252,grounded
-1.152917742729187,-7.622929573059082,3.167421160373207,18,252,hallucinated
-0.8376708030700684,-4.481029987335205,2.310977980383457,12,253,grounded
-0.62282794713974,-3.265932083129883,1.8641924322858046,8,253,hallucinated
-1.1764827966690063,-6.293140888214111,3.24294801299872,15,254,grounded
-1.2181209325790405,-7.8142523765563965,3.38082895565968,10,254,hallucinated
-0.368177205324173,-1.7171316146850586,1.4450980953623818,19,255,grounded
-0.1670670360326767,-1.7171316146850586,1.181833488081267,19,255,hallucinated
-1.5162206888198853,-6.414030075073242,4.5549779452351675,14,256,grounded
-1.9974651336669922,-12.250611305236816,7.370349548711594,11,256,hallucinated
-0.25858190655708313,-2.263923168182373,1.2950922220538208,11,257,grounded
-0.18284273147583008,-0.8889232277870178,1.2006255726203963,10,257,hallucinated
-1.2797527313232422,-14.145332336425781,3.595750499167014,14,258,grounded
-1.070000171661377,-11.255181312561035,2.915380000435099,15,258,hallucinated
-0.47342222929000854,-1.0667588710784912,1.6054791201949812,6,259,grounded
-2.2254889011383057,-9.968025207519531,9.258007948266995,6,259,hallucinated
-1.0266199111938477,-4.342862606048584,2.791613966501827,6,260,grounded
-1.1128158569335938,-4.592862606048584,3.0429147546491224,5,260,hallucinated
-0.5974159240722656,-2.0437731742858887,1.8174163853763452,9,261,grounded
-0.705720067024231,-2.5151450634002686,2.0253045149869475,9,261,hallucinated
-0.3898361921310425,-1.3543903827667236,1.4767388726211497,6,262,grounded
-0.3613783121109009,-1.7293903827667236,1.4353063519567442,6,262,hallucinated
-0.1909429430961609,-2.460383415222168,1.210390388983023,18,263,grounded
-0.09712490439414978,-0.835383415222168,1.1019980094188944,18,263,hallucinated
-1.5386441946029663,-4.16412878036499,4.658270279631086,9,264,grounded
-2.469817638397217,-11.12872314453125,11.82029108785992,10,264,hallucinated
-1.3444722890853882,-7.351341724395752,3.836161622002968,12,265,grounded
-0.23751486837863922,-1.1776349544525146,1.268093851150081,13,265,hallucinated
-0.19917239248752594,-1.1927978992462158,1.2203923342366476,11,266,grounded
-0.19298025965690613,-1.0479207038879395,1.21285885103296,12,266,hallucinated
-0.8746351003646851,-2.477168560028076,2.3980001049349537,6,267,grounded
-0.6838865280151367,-2.0386061668395996,1.981564190477482,6,267,hallucinated
-0.7600650191307068,-4.450238227844238,2.138415253877752,12,268,grounded
-0.6410603523254395,-3.2057883739471436,1.8984928837437507,11,268,hallucinated
-1.4088491201400757,-6.810512542724609,4.091244163045701,11,269,grounded
-1.3827149868011475,-9.43778133392334,3.985708096020953,11,269,hallucinated
-0.9209839701652527,-7.001948356628418,2.511760671958545,17,270,grounded
-0.7852873802185059,-6.449660778045654,2.193037085660154,22,270,hallucinated
-0.6912807822227478,-4.102010250091553,1.996270684602205,14,271,grounded
-0.592737078666687,-4.036093235015869,1.808932837153444,14,271,hallucinated
-1.3725638389587402,-14.496880531311035,3.94545324602227,32,272,grounded
-0.38133737444877625,-2.471095085144043,1.4642415197636078,14,272,hallucinated
-1.574694037437439,-11.305763244628906,4.829263818112997,12,273,grounded
-1.1899925470352173,-5.0557637214660645,3.287056708973935,10,273,hallucinated
-0.1501106321811676,-1.6605955362319946,1.1619627860950967,18,274,grounded
-0.1352604329586029,-1.4105955362319946,1.144834898269953,18,274,hallucinated
-0.37550660967826843,-6.113016128540039,1.4557287140964008,24,275,grounded
-0.26627668738365173,-2.725853681564331,1.3050961123638698,21,275,hallucinated
-1.5530959367752075,-10.324972152709961,4.726079199021189,11,276,grounded
-1.4563171863555908,-8.763153076171875,4.29013064714252,10,276,hallucinated
-0.6099618077278137,-6.317956924438477,1.8403611098669703,16,277,grounded
-0.45975470542907715,-4.6766767501831055,1.5836854678985377,19,277,hallucinated
-0.33173879981040955,-4.539697647094727,1.3933888475448732,30,278,grounded
-0.2390897274017334,-2.7418417930603027,1.270092493570637,29,278,hallucinated
-1.0734925270080566,-8.678509712219238,2.9255793428648618,15,279,grounded
-0.08312780410051346,-0.47174251079559326,1.086680681920854,17,279,hallucinated
-1.4251278638839722,-6.974575996398926,4.158389516599003,18,280,grounded
-0.48432016372680664,-2.6932859420776367,1.6230712110026209,10,280,hallucinated
-2.2120845317840576,-8.298515319824219,9.134738212501768,9,281,grounded
-1.0542861223220825,-8.2577543258667,2.869925646583244,16,281,hallucinated
-2.35982608795166,-8.217432975769043,10.58910971852732,16,282,grounded
-0.258582204580307,-1.8478902578353882,1.2950926080214376,11,282,hallucinated
-1.373190999031067,-10.598641395568848,3.947928452859726,16,283,grounded
-0.5698744058609009,-5.332877159118652,1.7680449814013521,16,283,hallucinated
-0.9643183946609497,-3.9192609786987305,2.62299919677513,16,284,grounded
-0.9390397667884827,-3.6991710662841797,2.557524418985499,16,284,hallucinated
-0.9969114661216736,-9.330065727233887,2.7098992745054065,17,285,grounded
-1.7970679998397827,-8.148660659790039,6.031935874957911,19,285,hallucinated
-1.3685871362686157,-5.913285732269287,3.9297945071952785,11,286,grounded
-0.5937420725822449,-4.712059020996094,1.8107517174771743,13,286,hallucinated
-1.442753791809082,-10.548982620239258,4.23233475281389,20,287,grounded
-0.30356940627098083,-3.1518051624298096,1.3546856113558223,13,287,hallucinated
-0.4755057096481323,-2.7003679275512695,1.6088275914330337,13,288,grounded
-0.634181022644043,-5.184322357177734,1.8854773457174037,11,288,hallucinated
-0.4228239953517914,-3.350233554840088,1.5262656424775416,17,289,grounded
-0.787891149520874,-7.227484703063965,2.19875468873217,11,289,hallucinated
-0.39319324493408203,-2.79569149017334,1.4817046935907914,12,290,grounded
-0.4001762270927429,-2.35819149017334,1.4920876207370237,11,290,hallucinated
-1.4092415571212769,-6.768133163452148,4.0928500336352975,10,291,grounded
-1.421191930770874,-9.598795890808105,4.142054541376263,12,291,hallucinated
-1.382822036743164,-8.676277160644531,3.986134788679832,12,292,grounded
-1.460910677909851,-9.290719032287598,4.309882656650394,17,292,hallucinated
-0.22826507687568665,-0.5537636280059814,1.2564183287397939,7,293,grounded
-0.2852158546447754,-1.3037636280059814,1.3300490944128713,8,293,hallucinated
-0.9487418532371521,-6.35677433013916,2.5824585027232483,15,294,grounded
-2.7852182388305664,-13.409104347229004,16.203353691883514,16,294,hallucinated
-2.253373861312866,-12.139039039611816,9.519800201187964,18,295,grounded
-0.4238088130950928,-5.518457412719727,1.5277694763428384,22,295,hallucinated
-3.1875317096710205,-11.922740936279297,24.22855047979518,17,296,grounded
-5.005391597747803,-10.345921516418457,149.21550417424407,6,296,hallucinated
-2.418139696121216,-13.400492668151855,11.224958046561179,22,297,grounded
-0.20995685458183289,-1.7312391996383667,1.2336248335492088,28,297,hallucinated
-2.564556121826172,-10.692723274230957,12.994888941731242,17,298,grounded
-1.4811439514160156,-6.442723274230957,4.397973872806204,12,298,hallucinated
-2.9743409156799316,-13.136926651000977,19.576716289930726,16,299,grounded
-2.8986237049102783,-12.875968933105469,18.14914958714299,9,299,hallucinated
-1.0722706317901611,-5.418901443481445,2.9220067745528047,11,300,grounded
-0.26975327730178833,-1.1689016819000244,1.3096412926362593,11,300,hallucinated
-1.8582175970077515,-7.527514457702637,6.4122972817052455,12,301,grounded
-2.3798561096191406,-7.277266979217529,10.803348254192395,7,301,hallucinated
-1.4951438903808594,-5.993768215179443,4.459978254649046,18,302,grounded
-1.6825796365737915,-7.654300689697266,5.379415023517575,13,302,hallucinated
-1.2420378923416138,-7.57279634475708,3.4626628134452746,15,303,grounded
-1.1087180376052856,-8.733258247375488,3.0304709533909326,10,303,hallucinated
-3.3692004680633545,-10.316727638244629,29.055287138510604,12,304,grounded
-0.6586834788322449,-2.6627862453460693,1.9322468153211212,9,304,hallucinated
-1.0638642311096191,-7.266998767852783,2.8975461716764377,14,305,grounded
-0.5030391216278076,-2.579498767852783,1.6537395569006867,13,305,hallucinated
-0.9945120811462402,-4.522695541381836,2.703404977176604,16,306,grounded
-0.6180171966552734,-2.3316879272460938,1.8552458048896356,11,306,hallucinated
-2.1539242267608643,-8.287741661071777,8.618613516291392,11,307,grounded
-1.6708323955535889,-7.616999626159668,5.316591462899873,8,307,hallucinated
-2.706990957260132,-9.293076515197754,14.984119754379819,11,308,grounded
-2.50919771194458,-8.875,12.295061921174561,12,308,hallucinated
-2.3326072692871094,-7.545088768005371,10.304773858686351,11,309,grounded
-1.8664480447769165,-5.709227561950684,6.465291142011148,8,309,hallucinated
-1.303290843963623,-7.530650615692139,3.681391640828046,11,310,grounded
-0.5064302682876587,-2.9056508541107178,1.6593571499327904,11,310,hallucinated
-0.31581759452819824,-2.0086488723754883,1.3713800855790141,10,311,grounded
-0.3552188575267792,-1.2586488723754883,1.4264928188107489,10,311,hallucinated
-3.9071366786956787,-13.089049339294434,49.7562795970627,15,312,grounded
-1.0009703636169434,-2.3638627529144287,2.720920830434656,3,312,hallucinated
-2.2271745204925537,-9.419682502746582,9.273626585486848,12,313,grounded
-0.4853678345680237,-1.8230228424072266,1.6247725464477583,12,313,hallucinated
-0.9148686528205872,-4.570986747741699,2.4964473290542646,15,314,grounded
-1.505976915359497,-8.420048713684082,4.508555957151694,13,314,hallucinated
-1.260087490081787,-8.696456909179688,3.525729940272734,11,315,grounded
-1.2657692432403564,-8.758956909179688,3.5458192848013157,11,315,hallucinated
-1.5610716342926025,-6.962943077087402,4.763923694668152,11,316,grounded
-1.2085037231445312,-3.288874626159668,3.348470663171836,8,316,hallucinated
-1.1298271417617798,-7.979683876037598,3.095121436642363,9,317,grounded
-0.7926309108734131,-3.4171836376190186,2.209200998179787,11,317,hallucinated
-4.4526143074035645,-16.691726684570312,85.85109202410315,13,318,grounded
-4.939132213592529,-9.68803596496582,139.6490114492665,2,318,hallucinated
-1.6716779470443726,-6.6715545654296875,5.321088815841006,12,319,grounded
-0.8018743991851807,-6.789741516113281,2.2297163926161994,14,319,hallucinated
-0.9612323045730591,-8.202454566955566,2.614916862773488,13,320,grounded
-0.4819439649581909,-3.0774543285369873,1.6192190497526149,14,320,hallucinated
-2.8354434967041016,-10.875284194946289,17.037954901895553,10,321,grounded
-2.0832436084747314,-9.229459762573242,8.030474430558634,11,321,hallucinated
-1.0138057470321655,-6.544159889221191,2.756069986423966,12,322,grounded
-0.9071171879768372,-4.314354419708252,2.4771710117152757,13,322,hallucinated
-0.9413095116615295,-4.774868965148926,2.563335939762974,9,323,grounded
-1.1001248359680176,-7.274868965148926,3.0045410753295823,9,323,hallucinated
-1.3449820280075073,-7.044595718383789,3.8381175613601006,10,324,grounded
-0.7977333068847656,-2.3664491176605225,2.2205020231756247,10,324,hallucinated
-1.5981024503707886,-7.57069730758667,4.943642711095684,10,325,grounded
-0.7013460397720337,-2.5451676845550537,2.0164651238063707,11,325,hallucinated
-6.07579231262207,-12.008155822753906,435.1941757923354,4,326,grounded
-0.3066219389438629,-2.952157497406006,1.3588271513231123,13,326,hallucinated
-1.877582311630249,-8.376991271972656,6.537679667607644,13,327,grounded
-1.3577543497085571,-4.998978137969971,3.887453630966499,11,328,grounded
-0.3244325816631317,-1.2930378913879395,1.3832455443750225,9,328,hallucinated
-1.962120771408081,-5.989231586456299,7.11439909152524,13,329,grounded
-1.595629096031189,-5.827760219573975,4.931430439805556,7,329,hallucinated
-1.6258461475372314,-5.960965156555176,5.082717947441096,12,330,grounded
-0.9162083864212036,-4.794694900512695,2.4997941448433556,9,330,hallucinated
-1.26515793800354,-5.1320061683654785,3.5436523692945907,12,331,grounded
-1.2366336584091187,-7.379681587219238,3.4440002474294853,12,332,grounded
-0.9756109118461609,-7.493443012237549,2.6527873352641196,10,332,hallucinated
-0.9605388641357422,-6.950525283813477,2.613104202239312,17,333,grounded
-0.2218741476535797,-1.094736933708191,1.2484142521142356,7,333,hallucinated
-0.8266752362251282,-7.461119174957275,2.285706658391378,18,334,grounded
-0.14390575885772705,-0.6854808926582336,1.154775276055662,8,334,hallucinated
-1.337445616722107,-5.663455963134766,3.809300653285472,13,335,grounded
-2.9649758338928223,-5.444853782653809,19.39423455265735,6,335,hallucinated
-1.5743510723114014,-6.023813247680664,4.827607833027748,12,336,grounded
-2.5911307334899902,-5.102920055389404,13.344852547018727,6,336,hallucinated
-1.5777045488357544,-5.968512058258057,4.843824278101275,13,337,grounded
-0.2945786118507385,-0.9364089965820312,1.3425605003871295,8,337,hallucinated
-2.03725266456604,-9.04277515411377,7.669509512947023,17,338,grounded
-2.4822635650634766,-8.494183540344238,11.968324861782635,8,338,hallucinated
-2.6555633544921875,-10.063405990600586,14.233002026831995,14,339,grounded
-2.290534019470215,-6.432048320770264,9.880212498464301,6,339,hallucinated
-0.6022899150848389,-1.9432796239852905,1.8262960786988276,8,340,grounded
-1.0568997859954834,-6.575443744659424,2.8774364781091495,17,340,hallucinated
-1.8471481800079346,-9.350627899169922,6.34170829939026,7,341,grounded
-1.4380125999450684,-9.469674110412598,4.212315935744444,16,341,hallucinated
-2.3635878562927246,-11.570880889892578,10.629018512984187,12,342,grounded
-2.3393120765686035,-6.007343769073486,10.374097522691471,10,342,hallucinated
-1.6919082403182983,-6.040454387664795,5.42983225019364,12,343,grounded
-2.1195271015167236,-7.129977226257324,8.327198636817503,14,343,hallucinated
-0.885556697845459,-5.131405353546143,2.4243336372021167,19,344,grounded
-1.1745550632476807,-6.444484710693359,3.2367024955109476,21,344,hallucinated
-1.5674508810043335,-6.804976463317871,4.79441107911606,11,345,grounded
-1.7071805000305176,-8.179976463317871,5.513394526727921,8,345,hallucinated
-0.9663402438163757,-7.107976913452148,2.6283078703459686,17,346,grounded
-1.3627861738204956,-8.732976913452148,3.9070639102424374,12,346,hallucinated
-1.38961923122406,-8.232513427734375,4.0133216144632415,11,347,grounded
-1.1625118255615234,-8.232513427734375,3.1979559035609557,11,347,hallucinated
-1.3104888200759888,-8.736797332763672,3.7079858071839475,18,348,grounded
-1.4455432891845703,-13.813033103942871,4.244157321344756,17,348,hallucinated
-0.7997081279754639,-4.112850189208984,2.2248914501428714,15,349,grounded
-0.6524986624717712,-6.507140636444092,1.9203331036415758,15,349,hallucinated
-1.7249119281768799,-12.946305274963379,5.612026746500302,12,350,grounded
-1.7563852071762085,-12.946305274963379,5.791464566471695,12,350,hallucinated
-2.0446157455444336,-13.665566444396973,7.726189144841705,16,351,grounded
-2.0754666328430176,-13.978995323181152,7.968263845252093,16,351,hallucinated
-1.7677332162857056,-11.722834587097168,5.857560478331327,11,352,grounded
-2.0302798748016357,-11.722834587097168,7.616217647922427,10,352,hallucinated
-1.724236249923706,-5.029343128204346,5.60823610284342,11,353,grounded
-0.8175100684165955,-5.251918315887451,2.264853480715075,10,353,hallucinated
-1.8779240846633911,-13.078418731689453,6.539914452090135,21,354,grounded
-1.1234582662582397,-9.444324493408203,3.075471633539372,13,354,hallucinated
-5.74176549911499,-9.559104919433594,311.6140800009934,4,355,grounded
-0.6126657128334045,-6.871676445007324,1.8453440052703598,17,355,hallucinated
-1.6434204578399658,-8.253015518188477,5.172832743156542,16,356,grounded
-1.8450461626052856,-8.253015518188477,6.328391918717553,19,356,hallucinated
-1.5960073471069336,-5.783820629119873,4.933296111498291,15,357,grounded
-2.289395809173584,-7.286568641662598,9.868973136457834,19,357,hallucinated
-1.8146193027496338,-5.807127952575684,6.138738731587733,15,358,grounded
-1.9020358324050903,-5.807127952575684,6.699519667473423,18,358,hallucinated
-1.9562700986862183,-5.710617542266846,7.072896597968558,15,359,grounded
-2.0841352939605713,-5.710617542266846,8.037638281529071,18,359,hallucinated
-1.0255546569824219,-3.709475040435791,2.7886417713201155,11,360,grounded
-0.4710899591445923,-2.2534749507904053,1.6017390722702474,9,360,hallucinated
-1.4003098011016846,-7.63140869140625,4.056456466884453,15,361,grounded
-0.9013534784317017,-5.687548637390137,2.4629343848134213,12,361,hallucinated
-0.8419064283370972,-2.5381205081939697,2.3207871764829706,14,362,grounded
-0.9615505933761597,-3.214317560195923,2.6157492940016893,11,362,hallucinated
-1.276505947113037,-6.13226842880249,3.584094805223154,14,363,grounded
-1.8743255138397217,-6.13226842880249,6.5164224010096214,11,363,hallucinated
-1.9818347692489624,-7.242040157318115,7.256043945633614,23,364,grounded
-1.3075392246246338,-4.437345027923584,3.697064863214504,12,364,hallucinated
-2.097301483154297,-6.823099136352539,8.144163071763497,22,365,grounded
-1.8115415573120117,-5.942257881164551,6.119874301312076,11,365,hallucinated
-3.7781982421875,-12.700335502624512,43.73716691806122,16,366,grounded
-1.6273248195648193,-9.154239654541016,5.090239179641517,24,366,hallucinated
-1.3583217859268188,-8.769233703613281,3.889660138920582,14,367,grounded
-1.113702416419983,-6.2692341804504395,3.045613675791424,8,367,hallucinated
-1.785164475440979,-7.720181465148926,5.960560232736722,7,368,grounded
-1.3027044534683228,-5.657681465148926,3.679233540566966,7,368,hallucinated
-2.371330738067627,-9.613265991210938,10.711637187263156,18,369,grounded
-2.1505730152130127,-5.484570026397705,8.5897790613141,11,369,hallucinated
-1.7020103931427002,-6.951236724853516,5.484963247417186,18,370,grounded
-0.9225971698760986,-3.6108195781707764,2.515815913626154,9,370,hallucinated
-1.4564353227615356,-6.438743591308594,4.290637497696369,16,371,grounded
-1.2397907972335815,-5.9173665046691895,3.454890616479741,10,371,hallucinated
-0.3698815107345581,-2.3992726802825928,1.447563083814761,10,372,grounded
-0.8186027407646179,-5.305522918701172,2.2673295760198524,9,372,hallucinated
-2.4415812492370605,-7.450475215911865,11.491196830583078,10,373,grounded
-1.0853633880615234,-9.376211166381836,2.9605154392604103,19,373,hallucinated
-2.4323947429656982,-5.824594497680664,11.386116279399245,10,374,grounded
-1.8297815322875977,-13.300527572631836,6.2325249043221325,8,374,hallucinated
-1.7862149477005005,-6.107982158660889,5.96682492577946,14,375,grounded
-0.973185658454895,-4.326564788818359,2.6463614491337046,8,375,hallucinated
-2.0663185119628906,-12.2888765335083,7.895701614469239,16,376,grounded
-1.4551395177841187,-6.386857032775879,4.285081268942459,12,376,hallucinated
-1.1835473775863647,-5.638737678527832,3.2659391975683865,10,377,grounded
-0.9389714598655701,-4.134549140930176,2.5573497283285227,10,377,hallucinated
-2.273128032684326,-9.256409645080566,9.709725700074863,9,378,grounded
-1.089851975440979,-10.392765045166016,2.97383383953852,13,378,hallucinated
-5.297857284545898,-10.037393569946289,199.90800476387133,4,379,grounded
-0.5594277381896973,-2.119896173477173,1.7496709438854094,19,379,hallucinated
-6.000603675842285,-12.067846298217773,403.6724072339159,4,380,grounded
-1.1940867900848389,-4.898304462432861,3.300542305876002,16,380,hallucinated
-5.983888149261475,-11.946798324584961,396.9808922838353,4,381,grounded
-1.7245466709136963,-8.563199996948242,5.60997728728268,16,381,hallucinated
-2.959113121032715,-10.72953987121582,19.280864377449753,23,382,grounded
-2.271167516708374,-7.501152038574219,9.690708275791133,7,382,hallucinated
-1.7476633787155151,-13.410493850708008,5.741172046167705,19,383,grounded
-0.5251148343086243,-2.7175333499908447,1.690652982198601,11,383,hallucinated
-2.7856597900390625,-4.070992946624756,16.2105098820838,5,384,grounded
-2.5847558975219727,-5.721396446228027,13.26005188335554,8,384,hallucinated
-2.5325229167938232,-14.845661163330078,12.585217573960083,23,385,grounded
-0.9623602032661438,-6.671525955200195,2.617867888001437,18,385,hallucinated
-2.5218851566314697,-10.585034370422363,12.452048613351742,22,386,grounded
-1.506704568862915,-5.753584384918213,4.511837817573082,7,386,hallucinated
-2.0072226524353027,-9.772831916809082,7.442617879174494,13,387,grounded
-0.5820067524909973,-2.210331916809082,1.7896261664647886,9,387,hallucinated
-2.1680240631103516,-9.574935913085938,8.740995310559656,14,388,grounded
-0.5078874826431274,-3.041886329650879,1.6617769516492227,13,388,hallucinated
-2.691976547241211,-16.003856658935547,14.76082256921662,19,389,grounded
-4.978965759277344,-13.426984786987305,145.32400390080278,11,389,hallucinated
-2.6816108226776123,-11.43401050567627,14.60860622741437,19,390,grounded
-0.5294939279556274,-2.6262638568878174,1.6980727439910368,16,390,hallucinated
-2.103121757507324,-8.747909545898438,8.191702547410133,17,391,grounded
-1.7437546253204346,-8.747909545898438,5.718775021180033,16,391,hallucinated
-3.6081759929656982,-12.217968940734863,36.89868793014658,17,392,grounded
-2.6444125175476074,-12.043317794799805,14.075173736142341,23,392,hallucinated
-1.2625055313110352,-4.868330955505371,3.534265616280808,12,393,grounded
-1.7397675514221191,-11.193474769592285,5.696019237204169,19,393,hallucinated
-2.1346137523651123,-11.315546989440918,8.453780623410626,12,394,grounded
-2.3174476623535156,-6.815547466278076,10.149735665629114,7,394,hallucinated
-2.225226402282715,-11.849968910217285,9.25557805071214,14,395,grounded
-0.9065007567405701,-6.741034507751465,2.4756444766763583,17,395,hallucinated
-2.394653081893921,-12.510766983032227,10.964393652529576,23,396,grounded
-1.3657842874526978,-9.063101768493652,3.918795309059493,13,396,hallucinated
-1.3919986486434937,-4.914004325866699,4.022882351804194,14,397,grounded
-1.2779877185821533,-6.1724066734313965,3.5894095512952466,21,397,hallucinated
-2.2050342559814453,-10.928959846496582,9.070562283547728,13,398,grounded
-1.2160581350326538,-7.269241809844971,3.373862177981523,13,398,hallucinated
-6.196364402770996,-10.873697280883789,490.9608565738255,4,399,grounded
-1.6639121770858765,-10.906490325927734,5.279926499573077,20,399,hallucinated
-1.1750973463058472,-7.965426445007324,3.2384581804346584,8,400,grounded
-0.8523181676864624,-3.0425925254821777,2.3450768370321815,11,400,hallucinated
-1.2250604629516602,-4.548571586608887,3.404371914942673,12,401,grounded
-1.1512184143066406,-6.861071586608887,3.162043242287897,9,401,hallucinated
-1.2533540725708008,-8.715913772583008,3.5020694758415596,12,402,grounded
-1.1579539775848389,-7.153414249420166,3.1834132734407,9,402,hallucinated
-0.9944918751716614,-6.454668045043945,2.70335035279623,15,403,grounded
-1.9653809070587158,-8.517168045043945,7.1376308463959806,8,403,hallucinated
-1.6665422916412354,-5.825503826141357,5.293831589084281,11,404,grounded
-0.9142386317253113,-3.6136393547058105,2.494875009922834,10,404,hallucinated
-1.670191764831543,-5.961938381195068,5.313186581824332,12,405,grounded
-1.4766227006912231,-6.1550092697143555,4.378134413626782,11,405,hallucinated
-2.3031272888183594,-5.926241397857666,10.005423428390387,12,406,grounded
-2.349081516265869,-6.285445213317871,10.475943321016677,11,406,hallucinated
-0.7595699429512024,-7.281512260437012,2.1373568374436687,13,407,grounded
-2.1991891860961914,-11.036341667175293,9.01769885881361,22,407,hallucinated
-1.694907307624817,-9.625489234924316,5.446141126059232,19,408,grounded
-1.6910299062728882,-8.675936698913574,5.425065137532577,12,408,hallucinated
-1.4298094511032104,-6.130044460296631,4.17790302125934,12,409,grounded
-3.144322395324707,-3.4120476245880127,23.203947042055944,2,409,hallucinated
-2.5382373332977295,-10.347262382507324,12.657340623279572,18,410,grounded
-1.765939474105835,-8.626867294311523,5.8470629427810135,12,410,hallucinated
-3.29101824760437,-12.027412414550781,26.870210257953822,17,411,grounded
-1.5901674032211304,-11.634611129760742,4.904569900407607,12,411,hallucinated
-1.173413634300232,-3.9989264011383057,3.233010137271467,12,412,grounded
-1.0740827322006226,-4.651228427886963,2.9273065446358726,15,412,hallucinated
-1.2520745992660522,-8.308708190917969,3.4975915367484958,10,413,grounded
-1.0241225957870483,-7.9368062019348145,2.7846511237593696,13,413,hallucinated
-0.6880404353141785,-4.26584529876709,1.9898125440194132,12,414,grounded
-1.4400148391723633,-5.6336565017700195,4.220758449093977,17,414,hallucinated
-1.4954867362976074,-6.445562362670898,4.461507602132727,11,415,grounded
-1.8348932266235352,-9.402229309082031,6.26446523162073,16,415,hallucinated
-3.2589025497436523,-12.298996925354004,26.020964752559596,19,416,grounded
-1.5670735836029053,-4.500680923461914,4.792602501481806,7,416,hallucinated
-0.965154767036438,-6.490861415863037,2.6251939185186224,16,417,grounded
-1.22053861618042,-11.464253425598145,3.3890126191531027,21,417,hallucinated
-3.6267025470733643,-11.314947128295898,37.588665183902805,5,418,grounded
-0.14549797773361206,-0.6291804313659668,1.1566153955953857,5,418,hallucinated
-4.452812194824219,-8.864485740661621,85.868082556315,4,419,grounded
-6.012406349182129,-8.864262580871582,408.46504814467727,2,419,hallucinated
-7.344704627990723,-9.022465705871582,1547.9776684670253,2,420,grounded
-4.863678455352783,-8.147465705871582,129.49968586098922,2,420,hallucinated
-5.10767936706543,-9.986085891723633,165.28634054241726,2,421,grounded
-3.5226478576660156,-5.736085891723633,33.87400336020226,2,421,hallucinated
-6.4879255294799805,-7.878570556640625,657.1586918861044,2,422,grounded
-8.560074806213379,-11.534820556640625,5219.071576831472,2,422,hallucinated
-4.9722795486450195,-12.881793975830078,144.35557815785887,6,423,grounded
-5.619275093078613,-11.236238479614258,275.6894615823878,2,423,hallucinated
-8.43623161315918,-9.440408706665039,4611.145622071288,3,424,grounded
-3.876364231109619,-7.719274997711182,48.24847548449806,2,424,hallucinated
-5.654020309448242,-6.992513656616211,285.4367060575612,3,425,grounded
-3.35859751701355,-6.716338634490967,28.748842829181324,2,425,hallucinated
-7.026791572570801,-12.511392593383789,1126.4107990367006,4,426,grounded
-4.669422149658203,-9.330172538757324,106.63610491586242,2,426,hallucinated
-3.4366531372070312,-5.853945255279541,31.082754173895953,3,427,grounded
-3.231412887573242,-5.878843307495117,25.315399528314625,3,427,hallucinated
-8.580745697021484,-13.4249849319458,5328.077175580045,2,428,grounded
-4.7538018226623535,-7.175593376159668,116.02455185837707,3,428,hallucinated
-3.202312707901001,-6.5445098876953125,24.589332431698327,4,429,grounded
-1.7735286951065063,-3.5445098876953125,5.891606406960915,2,429,hallucinated
-5.227699279785156,-11.2425537109375,186.3635395386342,3,430,grounded
-2.5642764568328857,-5.126640796661377,12.99125523433666,2,430,hallucinated
-5.673025608062744,-5.999444007873535,290.91339408951274,2,431,grounded
-1.9395378828048706,-3.874444007873535,6.955535955071319,2,431,hallucinated
-8.062345504760742,-11.371930122375488,3172.72305099953,3,432,grounded
-3.222511053085327,-6.351428985595703,25.091046091825582,2,432,hallucinated
-7.756591796875,-16.576522827148438,2336.9262976417704,3,433,grounded
-3.428361415863037,-5.427372932434082,30.82609020127765,2,433,hallucinated
-5.567028522491455,-8.369892120361328,261.6554396745471,4,434,grounded
-7.315502643585205,-10.2528076171875,1503.4272942369776,2,434,hallucinated
-2.6274361610412598,-6.566769599914551,13.838245349425707,4,435,grounded
-3.2532501220703125,-6.002487659454346,25.874298033315718,3,435,hallucinated
-9.895176887512207,-14.165277481079102,19834.47546170836,2,436,grounded
-3.947364568710327,-7.250075817108154,51.798674944193195,2,436,hallucinated
-5.103140354156494,-10.609889030456543,164.5378038031379,5,437,grounded
-3.6113526821136475,-10.057563781738281,37.01608996782859,3,437,hallucinated
-3.9823310375213623,-9.422077178955078,53.64192995406573,5,438,grounded
-2.933598518371582,-8.797077178955078,18.795143619824234,3,438,hallucinated
-3.2242016792297363,-8.377494812011719,25.13350154837917,5,439,grounded
-3.0203282833099365,-4.752494812011719,20.49801973754529,3,439,hallucinated
-6.543586254119873,-9.440927505493164,694.7737507801852,2,440,grounded
-7.264498233795166,-9.378427505493164,1428.6685902672693,2,440,hallucinated
-3.007982015609741,-5.572239398956299,20.246501548894454,3,441,grounded
-1.850599765777588,-5.539794921875,6.363635068805764,4,441,hallucinated
-4.355405807495117,-8.695247650146484,77.89843069058172,2,442,grounded
-4.316492557525635,-8.632747650146484,74.9253704543097,2,442,hallucinated
-1.1784181594848633,-6.741962432861328,3.2492303713572674,16,443,grounded
-2.051867961883545,-4.993079662322998,7.7824248101279645,6,443,hallucinated
-1.4860830307006836,-6.759862422943115,4.419749546077061,15,444,grounded
-0.8062662482261658,-7.107522964477539,2.2395305056935104,14,445,grounded
-0.767856776714325,-1.474915862083435,2.15514234925807,3,445,hallucinated
-0.8565703630447388,-5.330552577972412,2.3550697928164923,11,446,grounded
-0.39116737246513367,-1.8787246942520142,1.4787059873687203,13,446,hallucinated
-0.6476420164108276,-4.847120761871338,1.911029336277966,10,447,grounded
-0.3129415512084961,-1.534620761871338,1.367441603382621,11,447,hallucinated
-1.1420958042144775,-6.258176326751709,3.1333283313047637,20,448,grounded
-0.7395381927490234,-3.2180795669555664,2.0949678197376174,16,448,hallucinated
-1.8374570608139038,-6.720515727996826,6.280546888307504,18,449,grounded
-2.3304388523101807,-9.7517728805542,10.28245302129524,9,449,hallucinated
-0.18918877840042114,-1.10401451587677,1.208269026048559,13,450,grounded
-0.4833913743495941,-2.7590134143829346,1.6215644195576455,13,450,hallucinated
-1.1524364948272705,-9.61419677734375,3.165897212313107,10,451,grounded
-2.756793260574341,-8.55169677734375,15.749258118490694,18,451,hallucinated
-1.2421294450759888,-10.474401473999023,3.4629798442063593,10,452,grounded
-2.9694392681121826,-8.849401473999023,19.48099291891329,18,452,hallucinated
-1.5158634185791016,-11.254545211791992,4.553350877836596,11,453,grounded
-2.5157172679901123,-8.213933944702148,12.37548213364185,19,453,hallucinated
-1.1901954412460327,-10.46964168548584,3.287723701412972,10,454,grounded
-3.023972511291504,-9.00089168548584,20.57285547105594,18,454,hallucinated
-1.3506661653518677,-10.946101188659668,3.8599960700399953,10,455,grounded
-2.769681215286255,-8.227351188659668,15.953547452020961,18,455,hallucinated
-4.921694278717041,-13.470077514648438,137.23493054777646,9,456,grounded
-2.3573544025421143,-11.776330947875977,10.562969089549831,13,456,hallucinated
-3.119330644607544,-8.7431001663208,22.631226238913833,13,457,grounded
-1.5824334621429443,-10.421783447265625,4.866784548965254,18,457,hallucinated
-1.1070356369018555,-8.662318229675293,3.025376773354839,11,458,grounded
-2.1086554527282715,-11.258030891418457,8.23715858658618,13,458,hallucinated
-1.736710786819458,-10.336813926696777,5.678634431390016,12,459,grounded
-1.5003410577774048,-9.38094711303711,4.4832178459369985,17,459,hallucinated
-2.346780776977539,-13.586221694946289,10.451868612069816,19,460,grounded
-2.288296699523926,-13.523261070251465,9.85813201173511,24,460,hallucinated
-2.5553290843963623,-10.396103858947754,12.875536098435406,20,461,grounded
-2.32562255859375,-10.364297866821289,10.233048775599528,24,461,hallucinated
-2.552504539489746,-9.789323806762695,12.839219881066407,14,462,grounded
-2.4417920112609863,-9.789323806762695,11.493618993725457,23,462,hallucinated
-1.6912293434143066,-11.719871520996094,5.426147204914241,15,463,grounded
-2.4113423824310303,-8.501720428466797,11.148917215031103,19,463,hallucinated
-1.1909785270690918,-6.552891254425049,3.2902992795514296,14,464,grounded
-0.3757775127887726,-1.8439342975616455,1.4561231289547938,13,464,hallucinated
-2.209951162338257,-9.122442245483398,9.115271213637405,16,465,grounded
-1.0078184604644775,-9.122442245483398,2.7396179064207185,13,465,hallucinated
-2.286776065826416,-10.839887619018555,9.843152795840197,16,466,grounded
-1.1151649951934814,-10.839887619018555,3.0500713847865537,13,466,hallucinated
-0.8422210216522217,-4.053046226501465,2.321517395469502,11,467,grounded
-0.5707904100418091,-2.8189496994018555,1.76966525997403,11,467,hallucinated
-1.0806925296783447,-6.873836040496826,2.9467195353411477,19,468,grounded
-1.4418261051177979,-8.922883987426758,4.228410292806755,19,468,hallucinated
-0.3749220073223114,-5.2491936683654785,1.4548779403668992,16,469,grounded
-0.3176840543746948,-4.1866936683654785,1.3739421016493243,16,469,hallucinated
-0.5237060189247131,-4.697561264038086,1.6882728412516828,16,470,grounded
-0.6174560189247131,-4.697561264038086,1.8542049743319962,16,470,hallucinated
-0.7907040119171143,-5.806303024291992,2.204948189764057,15,471,grounded
-0.6157039999961853,-5.806303024291992,1.8509592162646387,15,471,hallucinated
-0.7363172173500061,-11.178210258483887,2.0882308355831274,17,472,grounded
-0.6125612258911133,-7.865710258483887,1.8451512009907138,17,472,hallucinated
-0.7209525108337402,-3.3039422035217285,2.0563910128000815,11,473,grounded
-1.0580334663391113,-4.774104118347168,2.880700421068831,11,473,hallucinated
-0.18392090499401093,-1.143589735031128,1.201920753407393,11,474,grounded
-0.5197767019271851,-3.4548468589782715,1.681652098097822,11,474,hallucinated
-0.10882221907377243,-0.4657402038574219,1.1149641133678085,9,475,grounded
-0.2644103169441223,-2.3102834224700928,1.3026625911913974,10,475,hallucinated
-1.8521226644515991,-9.258495330810547,6.3733336232974045,19,476,grounded
-1.6675893068313599,-10.364114761352539,5.299377213842082,19,476,hallucinated
-1.2279983758926392,-11.659873962402344,3.41438836977902,25,477,grounded
-0.7901290655136108,-6.513572692871094,2.2036808271001553,23,477,hallucinated
-1.005527138710022,-8.135824203491211,2.733347746532994,15,478,grounded
-1.0412837266921997,-7.510824203491211,2.8328512879588335,16,478,hallucinated
-1.7668572664260864,-9.66496467590332,5.852431795615006,15,479,grounded
-1.8363646268844604,-7.102464199066162,6.273689552066614,11,479,hallucinated
-1.5829018354415894,-7.818356990814209,4.869064554803494,18,480,grounded
-1.7017887830734253,-7.130856990814209,5.483747859008084,17,480,hallucinated
-1.8462629318237305,-7.791889667510986,6.336096797785737,17,481,grounded
-1.6798667907714844,-7.072358131408691,5.364841277153477,17,481,hallucinated
-0.5344454050064087,-3.0826189517974854,1.7065015625434197,12,482,grounded
-0.776839554309845,-4.613552093505859,2.174588724137467,11,482,hallucinated
-0.5604078769683838,-2.6121716499328613,1.7513867049320642,15,483,grounded
-1.3438538312911987,-9.941728591918945,3.833789851443662,12,483,hallucinated
-2.5414252281188965,-13.32960319519043,12.697755278510586,21,484,grounded
-1.471353530883789,-11.47910213470459,4.35512595094423,12,484,hallucinated
-1.0123485326766968,-3.9745688438415527,2.752056726475248,15,485,grounded
-4.104135990142822,-9.590804100036621,60.59037124733252,6,485,hallucinated
-3.6680548191070557,-9.068181991577148,39.175628014169035,7,486,grounded
-5.760965347290039,-12.394577026367188,317.65482818248495,6,486,hallucinated
-1.0123579502105713,-9.167647361755371,2.7520826441847346,10,487,grounded
-0.9306405186653137,-5.792647361755371,2.5361330980736896,10,487,hallucinated
-1.0444178581237793,-10.584699630737305,2.8417437440053637,14,488,grounded
-3.0073065757751465,-12.053449630737305,20.232830872616546,10,488,hallucinated
-2.4201557636260986,-6.571516990661621,11.247611147139658,14,489,grounded
-0.7821201682090759,-6.752335548400879,2.186102260093804,26,489,hallucinated
-1.7176135778427124,-10.905930519104004,5.571217311143553,13,490,grounded
-1.0094597339630127,-10.053256034851074,2.7441180606683906,11,490,hallucinated
-0.5856106877326965,-5.443913459777832,1.7960874993948028,18,491,grounded
-0.4418642222881317,-4.249611854553223,1.555604509673322,18,491,hallucinated
-0.4886147081851959,-3.951786994934082,1.6300565511684053,18,492,grounded
-0.7934645414352417,-10.115270614624023,2.211043423493418,16,492,hallucinated
-0.46845459938049316,-4.351600170135498,1.5975234708196446,16,493,grounded
-1.1504602432250977,-7.101759433746338,3.1596467811215785,18,493,hallucinated
-0.6243403553962708,-6.185009956359863,1.8670139854444725,13,494,grounded
-1.5023382902145386,-13.820029258728027,4.492180821635144,14,494,hallucinated
-4.620449066162109,-10.640887260437012,101.53961990022754,7,495,grounded
-1.7786986827850342,-7.826013565063477,5.9221448130621255,6,495,hallucinated
-5.433752059936523,-8.739668846130371,229.00688301498172,7,496,grounded
-4.646834850311279,-10.953401565551758,104.25448176550844,4,496,hallucinated
-2.2240021228790283,-9.848421096801758,9.244253570713735,15,497,grounded
-1.233707070350647,-4.166299819946289,3.4339358118439054,11,497,hallucinated
-2.2515573501586914,-11.259652137756348,9.502523074734244,16,498,grounded
-1.881845474243164,-6.3035993576049805,6.565610353367141,12,498,hallucinated
-1.307370901107788,-7.651548385620117,3.696442612625894,14,499,grounded
-2.9147262573242188,-5.901548385620117,18.443762866643105,6,499,hallucinated
-1.131491780281067,-9.382763862609863,3.1002779857120304,17,500,grounded
-1.619577407836914,-11.947829246520996,5.050955371334055,16,500,hallucinated
-5.768797874450684,-9.590381622314453,320.1526375621168,4,501,grounded
-2.5579278469085693,-11.576798439025879,12.909040074555222,12,501,hallucinated
-0.6203973889350891,-7.831083297729492,1.8596669060798108,18,502,grounded
-0.6634767055511475,-8.328961372375488,1.9415307445978989,20,502,hallucinated
-1.6945613622665405,-9.226078987121582,5.444257384670736,13,503,grounded
-1.9532188177108765,-6.087077617645264,7.051348095125614,7,503,hallucinated
-1.5206049680709839,-7.281918048858643,4.5749920822533605,14,504,grounded
-1.0420100688934326,-13.156404495239258,2.8349096548479684,24,504,hallucinated
-2.7139594554901123,-12.944018363952637,15.088901227104571,17,505,grounded
-2.180866003036499,-8.100602149963379,8.853970504953999,15,505,hallucinated
-1.3539882898330688,-7.79508113861084,3.872840781533471,11,506,grounded
-2.0571846961975098,-11.6199951171875,7.823912085844036,12,506,hallucinated
-1.558382511138916,-7.726552963256836,4.751130126608066,15,507,grounded
-1.3420966863632202,-8.802471160888672,3.82705924211105,13,507,hallucinated
-2.00693678855896,-7.587451934814453,7.440490607646945,10,508,grounded
-0.9664737582206726,-7.640822410583496,2.6286588107328637,20,508,hallucinated
-2.197938919067383,-7.803372383117676,9.006431372405835,10,509,grounded
-1.2411706447601318,-6.753579616546631,3.459661129284626,19,509,hallucinated
-2.097184181213379,-7.6627631187438965,8.143207801656642,9,510,grounded
-1.00193190574646,-6.3900933265686035,2.7235383686791743,18,510,hallucinated
-3.6186296939849854,-16.2941951751709,37.28643896737018,8,511,grounded
-1.8404170274734497,-11.689801216125488,6.29916463806676,18,511,hallucinated
-1.6677113771438599,-8.544724464416504,5.3000241499596745,28,512,grounded
-1.464141845703125,-8.466264724731445,4.323831133482214,22,512,hallucinated
-2.449528217315674,-13.24073314666748,11.582880827359242,23,513,grounded
-1.1656187772750854,-9.751459121704102,3.2079072493056264,26,513,hallucinated
-0.5825983285903931,-3.6586012840270996,1.7906851797443102,15,514,grounded
-0.6565238833427429,-3.6586012840270996,1.9280784464295322,15,514,hallucinated
-0.4354974031448364,-4.583691596984863,1.5457317195867777,18,515,grounded
-0.624104917049408,-4.583691596984863,1.866574470499536,18,515,hallucinated
-0.05141950771212578,-0.36709487438201904,1.05276444346296,20,516,grounded
-0.2138514518737793,-2.8670949935913086,1.2384386733843733,21,516,hallucinated
-1.7387559413909912,-11.727126121520996,5.690260000548247,9,517,grounded
-2.452812671661377,-8.070876121520996,11.620986815060741,9,517,hallucinated
-1.1286749839782715,-5.242649555206299,3.0915574219361335,11,518,grounded
-0.8180882334709167,-8.067219734191895,2.2661633184655026,12,518,hallucinated
-1.8354051113128662,-6.770306587219238,6.26767273632588,8,519,grounded
-0.8154250383377075,-3.654745578765869,2.260136112719596,6,519,hallucinated
-1.0916844606399536,-6.170438766479492,2.979288342154988,8,520,grounded
-0.8369418978691101,-4.516808032989502,2.309294110279647,6,520,hallucinated
-0.3386072516441345,-1.1476422548294067,1.40299221410651,6,521,grounded
-0.32278990745544434,-1.2101422548294067,1.3809751878349679,7,521,hallucinated
-1.445247769355774,-4.697591304779053,4.242903274006821,5,522,grounded
-1.1077477931976318,-4.697591304779053,3.0275320818382405,5,522,hallucinated
-1.7593810558319092,-6.17763090133667,5.808840933294059,11,523,grounded
-2.244793653488159,-6.309685230255127,9.438467760607303,5,523,hallucinated
-1.5798377990722656,-6.029248237609863,4.854168396762147,11,524,grounded
-0.31499966979026794,-0.6542479991912842,1.3702588584841113,5,524,hallucinated
-1.7570854425430298,-5.2028727531433105,5.795521374981464,10,525,grounded
-0.3062874674797058,-0.6884235739707947,1.3583727384145845,6,525,hallucinated
-1.056383490562439,-4.73468017578125,2.875951254236769,11,526,grounded
-1.061484932899475,-2.669343948364258,2.8906602403468744,5,526,hallucinated
-1.226636528968811,-4.7319793701171875,3.4097416602525787,11,527,grounded
-0.9463688731193542,-3.2638936042785645,2.5763376452500215,6,527,hallucinated
-1.0970399379730225,-4.207335948944092,2.9952866544019137,12,528,grounded
-0.8020074367523193,-3.1953444480895996,2.230013048393226,6,528,hallucinated
-1.4468902349472046,-5.5897111892700195,4.249877822802419,11,529,grounded
-0.34563857316970825,-0.7772109508514404,1.4128918664951302,5,529,hallucinated
-1.533448576927185,-5.5302653312683105,4.634130453185561,20,530,grounded
-0.4539339542388916,-1.6440415382385254,1.574494005385992,11,530,hallucinated
-1.747153878211975,-5.7101054191589355,5.738247661170349,9,531,grounded
-1.0925861597061157,-4.810591697692871,2.9819759752069426,5,531,hallucinated
-1.0492509603500366,-6.828531742095947,2.8555114255272875,26,532,grounded
-0.7076284289360046,-6.828531742095947,2.029173219252925,21,532,hallucinated
-0.673909068107605,-5.671062469482422,1.9618915180633942,24,533,grounded
-0.3441993296146393,-2.7899978160858154,1.410859833628138,20,533,hallucinated
-0.6349601745605469,-6.524667739868164,1.886946991469147,25,534,grounded
-0.2209043949842453,-3.1036875247955322,1.24720418588812,20,534,hallucinated
-1.6431491374969482,-7.601670265197754,5.1714294387834165,8,535,grounded
-1.4006692171096802,-5.789170265197754,4.057914684312034,8,535,hallucinated
-1.971640706062317,-8.67021369934082,7.182451117443267,11,536,grounded
-2.045722246170044,-10.892266273498535,7.73474290946428,11,536,hallucinated
-6.031536102294922,-11.299201011657715,416.35410090660764,4,537,grounded
-2.1657114028930664,-5.671247959136963,8.720803715594037,14,537,hallucinated
-1.4921084642410278,-10.181805610656738,4.446460845998487,11,538,grounded
-1.7108290195465088,-9.877193450927734,5.533546995240091,14,538,hallucinated
-0.8422949910163879,-3.684948444366455,2.3216891229863554,17,539,grounded
-0.8937956690788269,-10.278698921203613,2.4443901614080734,14,539,hallucinated
-4.1125407218933105,-6.880617618560791,61.10176310967076,3,540,grounded
-4.466853141784668,-7.255617618560791,87.08225587304696,2,540,hallucinated
-1.8257795572280884,-13.782087326049805,6.207632338034854,14,541,grounded
-0.9962916970252991,-3.1023995876312256,2.7082202830280395,9,541,hallucinated
-1.3295791149139404,-7.054006099700928,3.779452337645288,11,542,grounded
-0.7639572620391846,-3.0540060997009277,2.146754704540646,12,542,hallucinated
-1.1382216215133667,-7.551504135131836,3.1212127290689002,12,543,grounded
-0.4256226122379303,-2.114003896713257,1.5305430579090231,11,543,hallucinated
-0.6135875582695007,-3.4590392112731934,1.8470459115463893,9,544,grounded
-0.3844722509384155,-1.7715390920639038,1.4688389384839233,11,544,hallucinated
-1.6232576370239258,-6.8706793785095215,5.069578292002829,13,545,grounded
-1.6981257200241089,-6.367054462432861,5.463697290522177,11,545,hallucinated
-0.6772420406341553,-8.809226036071777,1.9684413577476796,20,546,grounded
-0.6309875845909119,-4.829710006713867,1.8794657944803514,18,546,hallucinated
-9.086715698242188,-11.993005752563477,8837.114587684518,2,547,grounded
-4.076949119567871,-6.930505752563477,58.96529907276787,2,547,hallucinated
-4.4437456130981445,-7.239346981048584,85.09307122893394,2,548,grounded
-4.766386985778809,-6.739346981048584,117.49396678776233,2,548,hallucinated
-0.7164167761802673,-3.641449213027954,2.0470848898289393,11,549,grounded
-0.5482773780822754,-3.578949213027954,1.7302698484041,12,549,hallucinated
-0.5445325970649719,-3.4395833015441895,1.7238024837111112,11,550,grounded
-1.1817998886108398,-9.252083778381348,3.2602369885506763,11,550,hallucinated
-1.5499387979507446,-7.564924240112305,4.711181839784237,14,551,grounded
-2.255148410797119,-9.805997848510742,9.536708555643942,10,551,hallucinated
-3.533220052719116,-10.551855087280273,34.234025690765804,10,552,grounded
-3.286834478378296,-6.868865966796875,26.758026338631307,5,552,hallucinated
-1.9267674684524536,-4.95888614654541,6.867275638767019,7,553,grounded
-2.964463472366333,-6.26369571685791,19.384300238234434,5,553,hallucinated
-0.2672420144081116,-1.329958200454712,1.306356565187359,11,554,grounded
-1.1395766735076904,-5.492697715759277,3.1254450014290884,9,554,hallucinated
-2.31939959526062,-6.1798272132873535,10.169566616719878,11,555,grounded
-1.924951434135437,-6.504298210144043,6.854815747761805,11,555,hallucinated
-2.7393441200256348,-7.0512614250183105,15.476830823308132,15,556,grounded
-3.248950242996216,-10.832511901855469,25.763280532609187,14,556,hallucinated
-1.2150261402130127,-5.98643159866333,3.370382165677853,15,557,grounded
-1.5851428508758545,-9.267681121826172,4.879988439346391,15,557,hallucinated
-2.3224873542785645,-4.4384918212890625,10.20101631731009,3,558,grounded
-4.550750255584717,-4.5634918212890625,94.70343344792732,2,558,hallucinated
-4.890235900878906,-6.502196311950684,132.98494161592777,4,559,grounded
-3.491004228591919,-8.234121322631836,32.81888882977234,4,559,hallucinated
-2.655618667602539,-5.940096378326416,14.233789320217362,3,560,grounded
-3.6084182262420654,-5.665287971496582,36.90762710285639,3,560,hallucinated
-8.641227722167969,-10.007143020629883,5660.274805165364,2,561,grounded
-3.839573860168457,-7.632143020629883,46.50565230574938,2,561,hallucinated
-6.801935195922852,-10.201972007751465,899.5864843651176,3,562,grounded
-3.0996575355529785,-6.036179542541504,22.190350573891365,2,562,hallucinated
-5.143830299377441,-7.810719013214111,171.37091472489288,5,563,grounded
-5.216685771942139,-8.298142433166504,184.3222845563456,3,563,hallucinated
-1.390594244003296,-4.832362651824951,4.017236562576602,5,564,grounded
-3.3326921463012695,-7.582362651824951,28.013657141116905,4,564,hallucinated
-3.87912917137146,-7.747000694274902,48.382064234288016,2,565,hallucinated
-5.539377689361572,-10.12303352355957,254.519559934532,4,566,grounded
-4.143887519836426,-8.272568702697754,63.04744384249455,2,566,hallucinated
-6.005065441131592,-10.42568302154541,405.4775227751076,2,567,grounded
-4.622015953063965,-9.23818302154541,101.69884571251171,2,567,hallucinated
-5.232639312744141,-13.75513744354248,187.28645931646383,3,568,grounded
-5.781524181365967,-11.53638744354248,324.25303440063055,2,568,hallucinated
-1.2094676494598389,-2.418457508087158,3.3516998982824155,2,569,grounded
-2.9366672039031982,-7.293457508087158,18.852908591050515,3,569,hallucinated
-0.5492193102836609,-1.6294587850570679,1.7319004131115423,3,570,grounded
-1.8065872192382812,-3.2915518283843994,6.089629358754524,3,570,hallucinated
-2.305124521255493,-5.3534440994262695,10.025426553404621,3,571,grounded
-2.923694133758545,-8.47844409942627,18.609908124599404,3,571,hallucinated
-1.3906373977661133,-4.186232089996338,4.017409925191002,6,572,grounded
-2.814840078353882,-8.391376495361328,16.69050639363363,3,572,hallucinated
-1.3626782894134521,-4.069198131561279,3.9066424217056293,3,573,grounded
-2.9668426513671875,-8.381697654724121,19.43047386418768,3,573,hallucinated
-0.9077838063240051,-3.1970882415771484,2.4788228898857336,7,574,grounded
-3.2509121894836426,-9.70187759399414,25.813876327245925,3,574,hallucinated
-1.5206632614135742,-9.56673812866211,4.575258781607483,9,575,grounded
-2.69450044631958,-8.00423812866211,14.798124448983732,3,575,hallucinated
-1.8373461961746216,-4.248955249786377,6.279850636337812,11,576,grounded
-1.191286563873291,-6.13934326171875,3.291312968945167,9,576,hallucinated
-0.5085010528564453,-2.257758140563965,1.6627968813551788,12,577,grounded
-1.3072656393051147,-5.182603359222412,3.696053538890671,10,577,hallucinated
-2.7604331970214844,-8.62946891784668,15.806688875876173,11,578,grounded
-2.039396047592163,-9.215197563171387,7.685965839260855,7,578,hallucinated
-1.9851595163345337,-10.500865936279297,7.2802086050255195,11,579,grounded
-2.125992774963379,-9.127639770507812,8.381214018662998,8,579,hallucinated
-0.47476726770401,-2.1767501831054688,1.6076400041947383,14,580,grounded
-1.0579919815063477,-5.884921550750732,2.880580918172417,11,580,hallucinated
-1.4000738859176636,-4.524381637573242,4.055499600084737,11,581,grounded
-2.7582082748413086,-10.701591491699219,15.771559317959149,8,581,hallucinated
-0.8780779242515564,-3.3001859188079834,2.4062702250917205,10,582,grounded
-2.2542781829833984,-7.6025495529174805,9.528413056617977,8,582,hallucinated
-4.941665172576904,-13.279784202575684,140.00318503169353,4,583,grounded
-2.83539080619812,-11.201847076416016,17.037057187081615,10,583,hallucinated
-4.150155067443848,-10.873382568359375,63.443837609106204,4,584,grounded
-2.7650318145751953,-4.999532222747803,15.87954518356183,4,584,hallucinated
-5.157581329345703,-14.900430679321289,173.74371816507514,4,585,grounded
-2.447876453399658,-7.62703800201416,11.563764434994965,8,585,hallucinated
-4.959883689880371,-13.146552085876465,142.57721176000015,4,586,grounded
-3.2130868434906006,-7.149200916290283,24.855693562203758,7,586,hallucinated
-4.739075660705566,-13.699787139892578,114.3284745223296,4,587,grounded
-1.8926464319229126,-9.193704605102539,6.636909589803107,10,587,hallucinated
-4.031725883483887,-10.17323112487793,56.35809486431439,4,588,grounded
-1.9676923751831055,-6.683304309844971,7.154148335051093,12,588,hallucinated
-5.092271327972412,-12.441946029663086,162.75912188595188,4,589,grounded
-3.5045509338378906,-5.741725921630859,33.26650163741617,8,589,hallucinated
-4.758799076080322,-12.906293869018555,116.60580707691557,4,590,grounded
-3.1804752349853516,-6.5417070388793945,24.058184126525877,8,590,hallucinated
-4.730835437774658,-11.365140914916992,113.39025328983416,4,591,grounded
-2.7384307384490967,-10.653946876525879,15.462701025101941,9,591,hallucinated
-4.594248294830322,-12.340845108032227,98.9137536145843,4,592,grounded
-2.618295907974243,-11.718161582946777,13.712336580512105,8,592,hallucinated
-4.8733086585998535,-8.959245681762695,130.75281843224434,4,593,grounded
-1.656685709953308,-11.13840103149414,5.241908816476143,9,593,hallucinated
-5.096320152282715,-8.468602180480957,163.41944083101666,4,594,grounded
-2.3624603748321533,-10.986251831054688,10.61704124500933,11,594,hallucinated
-5.1062140464782715,-8.833280563354492,165.0443204266782,4,595,grounded
-0.5814286470413208,-4.476263046264648,1.7885918728192736,18,595,hallucinated
-3.7092175483703613,-9.476755142211914,40.82185290220942,4,596,grounded
-2.6470346450805664,-9.994070053100586,14.112129066347448,9,596,hallucinated
-4.948972702026367,-10.540899276733398,141.03000963548277,4,597,grounded
-1.3533254861831665,-5.290190696716309,3.8702746990263477,11,597,hallucinated
-4.7657647132873535,-10.853275299072266,117.42087626778688,4,598,grounded
-2.109161376953125,-16.27588653564453,8.241327019025658,11,598,hallucinated
-5.05815315246582,-10.834800720214844,157.29973925998593,4,599,grounded
-1.4242793321609497,-7.501559734344482,4.1548624877870255,11,599,hallucinated
-4.860387802124023,-11.462236404418945,129.0742476702665,4,600,grounded
-1.2278079986572266,-8.083309173583984,3.413738409831309,12,600,hallucinated
-2.9354512691497803,-9.406088829040527,18.829998615631993,7,601,grounded
-2.71720027923584,-9.406088829040527,15.137881021068672,8,601,hallucinated
-0.6796267628669739,-8.49610710144043,1.9731411452340861,15,602,grounded
-0.5098179578781128,-4.593721866607666,1.6649880693948447,16,602,hallucinated
-4.622514724731445,-9.69749641418457,101.74958286744443,4,603,grounded
-2.2857167720794678,-9.96928882598877,9.832731526200668,9,603,hallucinated
-1.61405611038208,-4.592798709869385,5.023144391295286,8,604,grounded
-2.8699662685394287,-14.202560424804688,17.636423287487005,10,604,hallucinated
-1.6446888446807861,-4.4397053718566895,5.179398058937605,9,605,grounded
-2.204331874847412,-9.631264686584473,9.06419352863317,11,605,hallucinated
-0.9029738903045654,-7.650142669677734,2.4669285881859646,19,606,grounded
-1.6727744340896606,-14.61886978149414,5.3269265206933945,19,606,hallucinated
-0.87287837266922,-6.246143341064453,2.39379116979578,11,607,grounded
-1.422715187072754,-12.449268341064453,4.14836875992483,11,607,hallucinated
-1.2672706842422485,-7.173901557922363,3.5511471219765194,13,608,grounded
-1.8856538534164429,-8.39262580871582,6.590662360589044,9,608,hallucinated
-4.523629665374756,-11.237802505493164,92.1695361435848,3,609,grounded
-2.2492756843566895,-6.112802505493164,9.480866209062247,6,609,hallucinated
-4.884961128234863,-11.067651748657227,132.28532307034155,4,610,grounded
-4.081487655639648,-5.937465667724609,59.233523422121344,3,610,hallucinated
-1.9662631750106812,-4.963919639587402,7.143930928116149,6,611,grounded
-3.0915191173553467,-7.295820713043213,22.01048910762606,5,611,hallucinated
-0.655830979347229,-3.857644557952881,1.9267429359140564,10,612,grounded
-0.38219040632247925,-2.477477550506592,1.4654910973397433,11,612,hallucinated
-0.40720242261886597,-0.7086035013198853,1.5026082367738212,6,613,grounded
-0.44928160309791565,-2.4586033821105957,1.5671859194760576,10,613,hallucinated
-0.9619379043579102,-4.203886985778809,2.616762598648104,6,614,grounded
-0.4692413806915283,-3.194361448287964,1.5987808670134753,14,614,hallucinated
-0.5297660827636719,-1.0787131786346436,1.698534945545058,6,615,grounded
-0.49242907762527466,-2.7545554637908936,1.6362860623383224,10,615,hallucinated
-0.4336126744747162,-1.123119831085205,1.5428211783503845,7,616,grounded
-0.5554678440093994,-3.623119831085205,1.7427561320945564,12,616,hallucinated
-4.2716755867004395,-9.51839542388916,71.64157677849998,4,617,grounded
-0.4730924069881439,-3.0597007274627686,1.6049496846905809,12,617,hallucinated
-4.165884971618652,-11.029451370239258,64.44969336267569,4,618,grounded
-2.1799979209899902,-5.040561676025391,8.84628786718074,7,618,hallucinated
-5.280147552490234,-9.301067352294922,196.39885235367535,4,619,grounded
-1.9232637882232666,-4.495754241943359,6.843257002264626,12,619,hallucinated
-5.164819240570068,-9.251821517944336,175.00582175998167,4,620,grounded
-2.3266468048095703,-5.805563926696777,10.2435353065623,12,620,hallucinated
-5.24227237701416,-8.958636283874512,189.09931949646187,4,621,grounded
-1.7895625829696655,-6.474783897399902,5.9868331507803285,14,621,hallucinated
-5.041284084320068,-8.689852714538574,154.6684949553166,4,622,grounded
-1.5818150043487549,-5.116842269897461,4.863775578684775,13,622,hallucinated
-5.2272748947143555,-8.875598907470703,186.28446641462585,4,623,grounded
-2.2996578216552734,-9.018725395202637,9.970770089424397,13,623,hallucinated
-6.608613967895508,-9.999137878417969,741.4546262727488,4,624,grounded
-1.0356460809707642,-7.266238689422607,2.81692560986183,13,624,hallucinated
-6.089262962341309,-9.667587280273438,441.096186808618,4,625,grounded
-0.8814345598220825,-4.587242126464844,2.414360768227653,11,625,hallucinated
-5.995231628417969,-9.903904914855957,401.50967427155814,4,626,grounded
-0.783761739730835,-5.178632736206055,2.1896938504272927,11,626,hallucinated
-4.76467227935791,-10.411657333374023,117.29267175875484,4,627,grounded
-1.5648146867752075,-5.474679470062256,4.78178872509559,9,627,hallucinated
-4.598390579223633,-10.29944133758545,99.32433229221334,4,628,grounded
-1.2320666313171387,-4.951002597808838,3.4283072674038153,11,628,hallucinated
-1.697451114654541,-13.733509063720703,5.460012693956347,16,629,grounded
-2.901771306991577,-11.16826343536377,18.206365887992384,13,629,hallucinated
-5.201588153839111,-9.873258590698242,181.56035880845823,4,630,grounded
-0.9140757322311401,-7.875423908233643,2.4944686291462075,15,630,hallucinated
-6.129912853240967,-10.063497543334961,459.3961240521049,4,631,grounded
-1.9009090662002563,-7.087525844573975,6.6919751263886695,13,631,hallucinated
-5.225720405578613,-11.266980171203613,185.99511419113747,4,632,grounded
-2.018110990524292,-4.83126974105835,7.524098407682902,7,632,hallucinated
-4.527385711669922,-9.175110816955566,92.51638016166916,4,633,grounded
-2.294971466064453,-6.518832206726074,9.924152833107962,8,633,hallucinated
-4.991062164306641,-11.358253479003906,147.09257703575472,4,634,grounded
-1.6752350330352783,-5.2049031257629395,5.340050089772276,9,634,hallucinated
-4.816140174865723,-11.559783935546875,123.48752945117091,4,635,grounded
-2.636528968811035,-11.624567985534668,13.964647659309945,10,635,hallucinated
-3.401245594024658,-15.386780738830566,30.001446405742122,10,636,grounded
-2.0307230949401855,-7.050917625427246,7.619594057154575,8,636,hallucinated
-1.911321759223938,-12.1293363571167,6.762020657523958,14,637,grounded
-2.3749537467956543,-9.96200180053711,10.750515928766497,21,637,hallucinated
-0.3366124927997589,-1.8365676403045654,1.400196372420865,13,638,grounded
-1.4835628271102905,-12.860435485839844,4.408624901475146,11,638,hallucinated
-1.3003122806549072,-5.906803131103516,3.6704426969177337,12,639,grounded
-0.45048052072525024,-2.0847878456115723,1.5690659730897372,9,639,hallucinated
-0.7070724368095398,-5.276269435882568,2.0280453284980315,12,640,grounded
-1.0825337171554565,-7.145267963409424,2.952149996162316,11,640,hallucinated
-1.3425803184509277,-5.664918422698975,3.828910578408826,11,641,grounded
-2.573734998703003,-8.949466705322266,13.114716527376924,13,641,hallucinated
-0.4521677494049072,-3.4507522583007812,1.5717155808183207,12,642,grounded
-0.5985504984855652,-2.9864721298217773,1.8194795496909066,9,642,hallucinated
-0.2045641839504242,-0.6910331845283508,1.2269902063970495,8,643,grounded
-0.545690655708313,-2.1814417839050293,1.7257999044187147,8,643,hallucinated
-1.933197259902954,-8.700239181518555,6.911573047895985,9,644,grounded
-1.1576294898986816,-5.017911911010742,3.1823804626097796,8,644,hallucinated
-1.304721474647522,-5.834537506103516,3.6866621218258544,9,645,grounded
-1.7225650548934937,-6.146055221557617,5.598871473780399,11,645,hallucinated
-1.2629649639129639,-4.127749919891357,3.53588974618935,12,646,grounded
-1.0457031726837158,-4.0611982345581055,2.8453986269491076,7,646,hallucinated
-1.295180320739746,-3.7352707386016846,3.651654383796813,9,647,grounded
-0.5031693577766418,-1.4134148359298706,1.6539549475972755,9,647,hallucinated
-0.6366488337516785,-2.6458120346069336,1.8901360937450753,10,648,grounded
-1.2221096754074097,-5.617867469787598,3.3943411433163337,9,648,hallucinated
-1.222556710243225,-6.579449653625488,3.3958588712653945,9,649,grounded
-0.4390251636505127,-1.7369941473007202,1.551194320608364,10,649,hallucinated
-1.6575740575790405,-7.500653266906738,5.246567522696497,10,650,grounded
-1.816442847251892,-8.857253074645996,6.14994320767804,12,650,hallucinated
-1.0049151182174683,-5.309922218322754,2.731675393508202,16,651,grounded
-1.5427113771438599,-8.783773422241211,4.677254895962966,14,651,hallucinated
-1.0785481929779053,-4.769158840179443,2.9404075464289905,13,652,grounded
-1.423030138015747,-6.808476448059082,4.1496754983461,12,652,hallucinated
-2.0443217754364014,-3.8334665298461914,7.723918209993953,5,653,grounded
-2.4245858192443848,-8.958466529846191,11.297549222649161,10,653,hallucinated
-1.4857456684112549,-9.576859474182129,4.418258740736386,8,654,grounded
-1.2423335313796997,-3.9393844604492188,3.463686663086162,9,654,hallucinated
-2.4853944778442383,-8.229947090148926,12.005855364764342,6,655,grounded
-2.3808958530426025,-7.573696613311768,10.8145868060838,13,655,hallucinated
-1.9305695295333862,-8.466961860656738,6.893435138700762,18,656,grounded
-1.299623966217041,-4.4463372230529785,3.66791714750186,13,656,hallucinated
-1.5240774154663086,-9.108312606811523,4.590906115924594,11,657,grounded
-2.3591372966766357,-13.992081642150879,10.581818543480065,12,657,hallucinated
-1.2163301706314087,-9.630610466003418,3.374780113449128,14,658,grounded
-1.2963513135910034,-7.624972820281982,3.6559329495715636,13,658,hallucinated
-1.948735237121582,-9.89235782623291,7.019803576716778,13,659,grounded
-1.7961723804473877,-10.723637580871582,6.026535974703262,13,659,hallucinated
-1.3106178045272827,-5.525448799133301,3.7084641105448783,13,660,grounded
-2.060131549835205,-7.0026044845581055,7.84700201424566,10,660,hallucinated
-1.2327485084533691,-7.968003749847412,3.4306457489333675,13,661,grounded
-1.4473214149475098,-6.886561870574951,4.2517106802406905,12,661,hallucinated
-0.23484176397323608,-1.239553451538086,1.2647086304300712,13,662,grounded
-1.0957589149475098,-8.803905487060547,2.9914520798431496,12,662,hallucinated
-0.683568000793457,-5.551181316375732,1.9809331088549829,16,663,grounded
-0.21134981513023376,-1.279793620109558,1.2353444216550173,12,663,hallucinated
-0.9401065707206726,-5.93585729598999,2.5602542519317097,11,664,grounded
-1.7138237953186035,-13.276506423950195,5.550143566816299,12,664,hallucinated
-0.40874606370925903,-1.9917587041854858,1.504929515740732,10,665,grounded
-0.8087460398674011,-5.991758823394775,2.245090966264201,10,665,hallucinated
-2.3470706939697266,-7.449385643005371,10.454899225672529,18,666,grounded
-0.19189856946468353,-0.6679628491401672,1.211547622808453,7,666,hallucinated
-0.7663929462432861,-6.552639961242676,2.1519898941106748,9,667,grounded
-0.5927818417549133,-4.990139961242676,1.8090138123859663,9,667,hallucinated
-1.0710896253585815,-9.423587799072266,2.9185579027297077,20,668,grounded
-0.8208374381065369,-5.236087322235107,2.2724020369932303,20,668,hallucinated
-1.7648394107818604,-9.644259452819824,5.840634339868125,16,669,grounded
-1.7889574766159058,-13.05720043182373,5.983211575831402,13,669,hallucinated
-1.6288690567016602,-7.616883277893066,5.098105788409551,12,670,grounded
-1.0615540742874146,-8.991883277893066,2.8908601115175587,13,670,hallucinated
-1.9153633117675781,-7.080615997314453,6.789405019706833,20,671,grounded
-1.7441623210906982,-4.767590045928955,5.721107016907354,16,671,hallucinated
-2.21012544631958,-7.428255081176758,9.116859997841155,15,672,grounded
-1.3666441440582275,-6.585533618927002,3.9221663601943,9,672,hallucinated
-1.1669471263885498,-5.0653767585754395,3.212171301504299,22,673,grounded
-1.4947865009307861,-4.260281562805176,4.4583845902696595,14,673,hallucinated
-0.6214913725852966,-1.9966585636138916,1.8617024645006968,8,674,grounded
-0.20457252860069275,-1.0779738426208496,1.2270004452439247,11,674,hallucinated
-1.4702383279800415,-7.0911688804626465,4.350271809017219,15,675,grounded
-3.390207290649414,-14.585609436035156,29.672102382288788,12,675,hallucinated
-0.3916195034980774,-2.6795148849487305,1.4793747073973562,9,676,grounded
-0.4611244201660156,-3.2420148849487305,1.5858561514918756,9,676,hallucinated
-1.2354711294174194,-12.226996421813965,3.439998823630668,17,677,grounded
-0.8425403237342834,-9.008246421813965,2.322258779163798,17,677,hallucinated
-2.2155535221099854,-5.839469909667969,9.16648155783676,9,678,grounded
-1.319179892539978,-3.776705026626587,3.7403526279874484,7,678,hallucinated
-1.909684419631958,-12.682909965515137,6.7509579925207825,15,679,grounded
-1.215894103050232,-8.17795467376709,3.3733088020669655,13,679,hallucinated
-0.2804318070411682,-1.443874478340149,1.3237012724781607,9,680,grounded
-0.823180079460144,-4.085013389587402,2.277731700284507,8,680,hallucinated
-0.7055912017822266,-4.115951061248779,2.0250435404461262,12,681,grounded
-1.2622849941253662,-6.597494125366211,3.5334862652294894,9,681,hallucinated
-2.6357967853546143,-8.098319053649902,13.954426717577888,16,682,grounded
-3.931786298751831,-10.852712631225586,50.99799400685487,5,682,hallucinated
-1.8058232069015503,-7.441987037658691,6.084978583649321,23,683,grounded
-0.9406869411468506,-6.325231552124023,2.5617405790514596,8,683,hallucinated
-1.7730498313903809,-10.319350242614746,5.888785805818601,22,684,grounded
-0.9517860412597656,-6.0178704261779785,2.5903319700432537,10,684,hallucinated
-0.5901378989219666,-3.616590976715088,1.8042372006087923,17,685,grounded
-1.1113548278808594,-8.92870044708252,3.0384722139183795,11,685,hallucinated
-1.9500930309295654,-7.752972602844238,7.029341496345264,6,686,grounded
-1.276702880859375,-7.752972602844238,3.584800703945735,10,686,hallucinated
-1.0730031728744507,-4.259754180908203,2.9241480487536458,14,687,grounded
-1.2602792978286743,-7.759754180908203,3.526406267449033,9,687,hallucinated
-1.8888554573059082,-8.196609497070312,6.611796864939667,9,688,grounded
-1.4265334606170654,-12.405745506286621,4.164238645113419,17,688,hallucinated
-1.2140063047409058,-6.642137050628662,3.3669466825023013,15,689,grounded
-0.7876565456390381,-7.755139350891113,2.1982389128508664,11,689,hallucinated
-2.0682568550109863,-17.093273162841797,7.911021035153298,13,690,grounded
-1.043250560760498,-10.179210662841797,2.838428519328816,11,690,hallucinated
-1.4790858030319214,-9.306078910827637,4.38893149845262,11,691,grounded
-1.282926082611084,-9.143879890441895,3.607179202699103,12,691,hallucinated
-0.6999514698982239,-2.987213134765625,2.0136549822179584,10,692,grounded
-3.169686794281006,-9.15401840209961,23.800028883782655,17,692,hallucinated
-2.586461305618286,-9.594568252563477,13.28268497704002,11,693,grounded
-2.3073151111602783,-7.532067775726318,10.047412223605413,7,693,hallucinated
-2.3897533416748047,-5.389677047729492,10.910802370866943,8,694,grounded
-2.170271396636963,-8.328886032104492,8.760661332154912,16,694,hallucinated
-1.97085440158844,-7.914703845977783,7.176805743778369,15,695,grounded
-0.7646040320396423,-5.313028812408447,2.1481436101847198,13,695,hallucinated
-1.252587080001831,-11.081872940063477,3.4993844444087805,16,696,grounded
-1.5830484628677368,-10.649481773376465,4.869778545550944,16,696,hallucinated
-1.6796389818191528,-8.20357608795166,5.363619257481499,11,697,grounded
-1.603342890739441,-6.489014148712158,4.969617576349409,10,697,hallucinated
-1.1854939460754395,-14.6737060546875,3.272302763446651,14,698,grounded
-1.3118911981582642,-12.51125717163086,3.7131894530959992,11,698,hallucinated
-1.2002780437469482,-4.880079746246338,3.321040188834286,11,699,grounded
-1.9308834075927734,-11.066433906555176,6.895599176348811,11,699,hallucinated
-1.0800929069519043,-7.792758464813232,2.9449531449761395,23,700,grounded
-1.142945647239685,-10.60525894165039,3.1359923003502304,21,700,hallucinated
-0.2988148331642151,-1.4180488586425781,1.3482599473294907,18,701,grounded
-0.523977518081665,-3.662065029144287,1.6887312681332274,18,701,hallucinated
-1.0899875164031982,-3.90921688079834,2.9742369431565203,26,702,grounded
-1.1085593700408936,-5.980833053588867,3.029990154090433,20,702,hallucinated
-2.17559552192688,-10.130093574523926,8.807428577573688,17,703,grounded
-2.6246843338012695,-10.013461112976074,13.80021723631575,9,703,hallucinated
-2.2856812477111816,-4.638646602630615,9.832382230828957,6,704,grounded
-0.905408501625061,-5.144806385040283,2.47294191754323,6,704,hallucinated
-0.13983000814914703,-1.099730372428894,1.150078278304093,15,705,grounded
-0.13711193203926086,-0.974730372428894,1.1469565225181915,15,705,hallucinated
-1.8313984870910645,-7.693411827087402,6.2426107673987845,18,706,grounded
-0.9354088306427002,-3.409832239151001,2.548255049556848,13,706,hallucinated
-0.24274592101573944,-0.6503086090087891,1.2747446971308436,7,707,grounded
-1.1099299192428589,-7.3153510093688965,3.034145751753123,9,707,hallucinated
-1.1238927841186523,-8.97675609588623,3.07680827126879,9,708,grounded
-0.27556556463241577,-1.5486714839935303,1.3172754686494752,13,708,hallucinated
-1.0200328826904297,-6.792372703552246,2.773285955568527,13,709,grounded
-0.750687301158905,-5.264196872711182,2.118455533309354,8,709,hallucinated
-0.11408783495426178,-1.0485668182373047,1.1208505704191973,10,710,grounded
-0.07338671386241913,-0.5485667586326599,1.0761466172723917,9,710,hallucinated
-2.546718120574951,-7.413137912750244,12.765141307819528,13,711,grounded
-1.5867794752120972,-10.084484100341797,4.887981686373928,17,711,hallucinated
-1.8044170141220093,-10.666696548461914,6.0764279440341635,12,712,grounded
-2.699209213256836,-11.824590682983398,14.867969681529884,9,712,hallucinated
-1.0192967653274536,-4.419064521789551,2.7712452428183294,16,713,grounded
-1.337483286857605,-5.595139980316162,3.809444152860041,15,713,hallucinated
-1.3750969171524048,-11.017670631408691,3.9554600562695934,13,714,grounded
-1.1447268724441528,-11.798786163330078,3.14158318671227,15,714,hallucinated
-0.8917940855026245,-7.948704242706299,2.4395024034670114,16,715,grounded
-1.0246047973632812,-7.178470134735107,2.7859942107138043,23,715,hallucinated
-2.223191738128662,-9.287689208984375,9.236765203230732,23,716,grounded
-1.0772098302841187,-3.945034980773926,2.9364748469404875,13,716,hallucinated
-0.4633603096008301,-8.695966720581055,1.5894059174694215,23,717,grounded
-0.30516988039016724,-5.320966720581055,1.3568554865678097,22,717,hallucinated
-1.8647540807724,-9.603639602661133,6.454348442424154,12,718,grounded
-1.5886430740356445,-5.782044887542725,4.897099416550968,13,718,hallucinated
-1.6762702465057373,-8.901874542236328,5.34558104392331,12,719,grounded
-1.2683253288269043,-11.478586196899414,3.5548942956789302,15,719,hallucinated
-0.783193826675415,-6.237678527832031,2.1884506477511914,17,720,grounded
-1.1771290302276611,-4.012861251831055,3.2450443921360104,14,720,hallucinated
-0.6915481090545654,-7.0579423904418945,1.9968044126565065,17,721,grounded
-0.7811973690986633,-6.928219318389893,2.184085857383322,17,721,hallucinated
-1.9494857788085938,-8.772305488586426,7.025074209603169,9,722,grounded
-4.030596733093262,-8.772305488586426,56.294494013703606,7,722,hallucinated
-0.31067636609077454,-0.9362362623214722,1.3643476005807962,11,723,grounded
-0.3540327847003937,-2.024000883102417,1.4248018974175094,15,723,hallucinated
-1.283656358718872,-5.625111103057861,3.6098144015816227,26,724,grounded
-0.22617360949516296,-1.368877649307251,1.253793316809224,11,724,hallucinated
-1.3708864450454712,-5.514520645141602,3.9388407142230464,10,725,grounded
-1.2504953145980835,-6.7196197509765625,3.4920722035060408,10,725,hallucinated
-0.7685582041740417,-4.490938186645508,2.156654555570954,12,726,grounded
-0.9710623621940613,-10.044180870056152,2.6407484009548656,11,726,hallucinated
-0.4201166033744812,-1.921695351600647,1.5221390318188104,14,727,grounded
-0.3263666033744812,-1.59568452835083,1.3859233599320004,14,727,hallucinated
-3.1265721321105957,-17.61202049255371,22.795704796853684,16,728,grounded
-0.9763736128807068,-11.009617805480957,2.6548113906856194,12,728,hallucinated
-0.24195773899555206,-0.9584460258483887,1.273740362131624,7,729,grounded
-0.5886146426200867,-4.237771987915039,1.8014909770550536,10,729,hallucinated
-1.193895936012268,-10.139126777648926,3.299912444042993,10,730,grounded
-1.257055640220642,-3.314439296722412,3.51505664453383,4,730,hallucinated
-2.074267625808716,-10.965483665466309,7.958715566221223,10,731,grounded
-2.716454267501831,-9.921768188476562,15.126592195520638,8,731,hallucinated
-1.6009914875030518,-9.738443374633789,4.957945729483908,13,732,grounded
-1.2263303995132446,-10.855917930603027,3.4086979976505862,20,732,hallucinated
-1.8025332689285278,-8.942340850830078,6.064992276424618,11,733,grounded
-1.7321466207504272,-8.773090362548828,5.652775258470315,12,733,hallucinated
-0.17465540766716003,-1.5413318872451782,1.190835793018062,13,734,grounded
-0.11766369640827179,-1.0413318872451782,1.1248657513565998,13,734,hallucinated
-1.5759345293045044,-9.535384178161621,4.83525819782423,16,735,grounded
-1.8464910984039307,-7.660383701324463,6.337542648265012,15,735,hallucinated
-0.9694137573242188,-3.7829952239990234,2.6363984369521716,19,736,grounded
-1.124416708946228,-3.9836063385009766,3.0784207098732224,14,736,hallucinated
-2.2196006774902344,-9.290916442871094,9.203654905408372,15,737,grounded
-0.8443177342414856,-4.504892826080322,2.3263900567187696,8,737,hallucinated
-0.7913386821746826,-3.9475350379943848,2.2063480489770937,15,738,grounded
-0.6997976899147034,-5.276330947875977,2.0133453461964983,14,738,hallucinated
-0.9852531552314758,-4.345388889312744,2.67848987232297,9,739,grounded
-0.7448850870132446,-2.657888889312744,2.1061993914112493,10,739,hallucinated
-0.6510887145996094,-4.713437557220459,1.917627441937463,9,740,grounded
-0.3403013050556183,-1.2581324577331543,1.4053709721558134,9,740,hallucinated
-1.1614363193511963,-5.144975185394287,3.194518331022987,15,741,grounded
-1.663293719291687,-12.895615577697754,5.2766620974281935,12,741,hallucinated
-1.5438635349273682,-5.629351615905762,4.682646937241486,9,742,grounded
-0.5764408111572266,-1.685210943222046,1.779692881896614,9,742,hallucinated
-1.8946120738983154,-8.489959716796875,6.64996820795917,11,743,grounded
-1.44501793384552,-5.118078231811523,4.241928216223625,7,743,hallucinated
-1.322569489479065,-10.267897605895996,3.7530524272473436,13,744,grounded
-0.9693570137023926,-5.580748558044434,2.6362488424005903,17,744,hallucinated
-0.5813514590263367,-2.7076375484466553,1.7884538202910627,12,745,grounded
-0.22179090976715088,-1.1007969379425049,1.2483103410752296,8,745,hallucinated
-1.0039591789245605,-4.113064765930176,2.7290653253961725,11,746,grounded
-2.324183702468872,-12.252294540405273,10.218335478389905,6,746,hallucinated
-0.5218175649642944,-3.7907614707946777,1.6850876242328094,14,747,grounded
-0.948135495185852,-6.415761470794678,2.5808930828684034,14,747,hallucinated
-0.5690057277679443,-4.281004905700684,1.76650978635034,12,748,grounded
-0.1984090507030487,-1.508898377418518,1.2194611132396358,12,748,hallucinated
-1.3073469400405884,-7.211029052734375,3.696354042977169,10,749,grounded
-1.7655225992202759,-5.648529052734375,5.844625957080245,9,749,hallucinated
-0.7268378138542175,-2.6083645820617676,2.068529180400639,8,750,grounded
-2.8640296459198,-12.967194557189941,17.53203266851471,8,750,hallucinated
-1.322035789489746,-7.428376197814941,3.751049957613551,12,751,grounded
-1.4826078414916992,-10.974454879760742,4.404416737784196,10,751,hallucinated
-1.0007762908935547,-4.956298828125,2.7203928251563374,19,752,grounded
-0.08422987908124924,-0.3135945796966553,1.0878789456794211,10,752,hallucinated
-1.9210387468338013,-7.520294666290283,6.828047399468694,18,753,grounded
-1.1609957218170166,-6.832794666290283,3.193111144147745,12,753,hallucinated
-0.6730043888092041,-8.677370071411133,1.9601174380290332,14,754,grounded
-0.4390684962272644,-4.146120071411133,1.5512615393116878,11,754,hallucinated
-1.708039402961731,-6.972447395324707,5.518132031685067,23,755,grounded
-0.999010443687439,-6.1966118812561035,2.715593265977753,17,755,hallucinated
-1.0750880241394043,-8.711857795715332,2.9302508219887224,20,756,grounded
-1.0123217105865479,-8.923226356506348,2.7519829115515755,13,756,hallucinated
-1.4668916463851929,-11.836800575256348,4.335737169392849,11,757,grounded
-0.9989532232284546,-10.381720542907715,2.7154378829302455,14,757,hallucinated
-0.22749708592891693,-1.8351402282714844,1.2554537812672377,15,758,grounded
-0.5967287421226501,-4.068410396575928,1.8161679186524071,15,758,hallucinated
-0.9408758282661438,-4.287441730499268,2.562224504552021,18,759,grounded
-1.644940972328186,-13.207930564880371,5.180704093021884,20,759,hallucinated
-0.7521107792854309,-5.000802993774414,2.121473255744412,11,760,grounded
-2.006568670272827,-6.933938503265381,7.437752131069047,10,760,hallucinated
-2.2534351348876953,-13.538409233093262,9.520383531249125,13,761,grounded
-0.13787835836410522,-0.5598167777061462,1.1478359171430494,12,761,hallucinated
-1.0552438497543335,-9.115944862365723,2.87267556973172,19,762,grounded
-0.6409850716590881,-5.647194862365723,1.8983499693138135,18,762,hallucinated
-1.053005576133728,-9.993427276611328,2.8662529262815197,17,763,grounded
-1.9693151712417603,-9.897948265075684,7.165767483976899,14,763,hallucinated
-1.3814635276794434,-10.374927520751953,3.9807232650743996,9,764,grounded
-0.8401621580123901,-3.843677282333374,2.3167426247023495,8,764,hallucinated
-0.5507789254188538,-3.3577964305877686,1.7346036186406668,9,765,grounded
-1.4816817045211792,-8.475967407226562,4.400339532926263,10,765,hallucinated
-3.3609156608581543,-7.910107612609863,28.81556408708311,11,766,grounded
-1.0076593160629272,-3.683974027633667,2.7391819462597544,13,766,hallucinated
-1.4458932876586914,-6.494887351989746,4.245643029913856,15,767,grounded
-1.7613956928253174,-10.744970321655273,5.82055543539955,14,767,hallucinated
-1.0348432064056396,-5.959512710571289,2.814664879600677,9,768,grounded
-1.3850219249725342,-9.288516998291016,3.994913492225047,11,768,hallucinated
-0.6911311149597168,-7.058334827423096,1.9959719305899768,13,769,grounded
-1.624941110610962,-5.551944255828857,5.078119980991406,13,769,hallucinated
-1.3540723323822021,-4.140008449554443,3.873166278622749,12,770,grounded
-2.4811763763427734,-13.861798286437988,11.955320104580814,6,770,hallucinated
-0.6696271300315857,-5.8564958572387695,1.9535087800618112,11,771,grounded
-1.22219979763031,-8.974649429321289,3.3946470626703107,11,771,hallucinated
-0.31302621960639954,-2.2538981437683105,1.3675573873739593,16,772,grounded
-0.5800361037254333,-6.9413981437683105,1.7861029145552363,17,772,hallucinated
-2.425199031829834,-4.791571617126465,11.304479146558345,7,773,grounded
-4.235856533050537,-5.774069786071777,69.12085768462472,4,773,hallucinated
-0.4159196615219116,-2.0191071033477783,1.5157640897987463,7,774,grounded
-1.6787320375442505,-8.291316032409668,5.358756958953366,7,774,hallucinated
-0.88725745677948,-8.53179931640625,2.428460352573916,11,775,grounded
-1.0294829607009888,-9.162518501281738,2.7996179479228593,17,775,hallucinated
-1.0733096599578857,-4.713771343231201,2.9250443997136197,12,776,grounded
-1.1071860790252686,-4.23574686050415,3.025831951698887,11,776,hallucinated
-1.2386791706085205,-5.373321056365967,3.4510522019209646,8,777,grounded
-1.6666829586029053,-5.373321056365967,5.294576308667002,8,777,hallucinated
-0.24309301376342773,-1.5961076021194458,1.275187228565655,8,778,grounded
-0.18296921253204346,-0.7211076021194458,1.2007774386148213,8,778,hallucinated
-3.056589126586914,-14.503023147583008,21.2549354864152,12,779,grounded
-1.5417113304138184,-7.763830661773682,4.6725797605652515,11,779,hallucinated
-2.4305522441864014,-11.342756271362305,11.365156688992858,16,780,grounded
-2.0318098068237305,-9.508208274841309,7.627878861346534,11,780,hallucinated
-1.8486568927764893,-9.25670051574707,6.351283336850401,16,781,grounded
-0.5462400317192078,-3.712559700012207,1.726748277968793,13,781,hallucinated
-0.8053153157234192,-8.001348495483398,2.2374018755969316,11,782,grounded
-3.2291994094848633,-6.708588600158691,25.25942641664154,8,782,hallucinated
-1.6760139465332031,-4.610973358154297,5.344211147208317,5,783,grounded
-0.6943557858467102,-3.1803653240203857,2.0024186718889276,11,783,hallucinated
-1.9488942623138428,-5.276994705200195,7.020919991096851,3,784,grounded
-0.11169268190860748,-0.5653016567230225,1.1181691742207467,7,784,hallucinated
-0.42577266693115234,-2.235236167907715,1.530772740310071,10,785,grounded
-0.44698894023895264,-2.411374807357788,1.5635970061815267,13,785,hallucinated
-0.5045228600502014,-2.627410888671875,1.6561950950595652,11,786,grounded
-2.7335026264190674,-11.574995040893555,15.386686559905955,11,786,hallucinated
-1.4445282220840454,-5.464936256408691,4.239851402646332,9,787,grounded
-2.1296308040618896,-7.034643173217773,8.411760650219941,8,787,hallucinated
-1.152459740638733,-5.2045512199401855,3.1659708070181947,9,788,grounded
-2.0025317668914795,-14.783348083496094,7.407787167866026,10,788,hallucinated
-1.2336729764938354,-5.732491493225098,3.433818737723802,18,789,grounded
-2.3253908157348633,-16.112653732299805,10.230677614381595,23,789,hallucinated
-0.6718753576278687,-6.186820030212402,1.9579056531444186,17,790,grounded
-0.8177804946899414,-6.311820030212402,2.265466039423791,16,790,hallucinated
-2.2349624633789062,-5.606692314147949,9.346131023433292,9,791,grounded
-2.9746484756469727,-9.165964126586914,19.58273823015403,17,791,hallucinated
-0.9071712493896484,-4.773244857788086,2.4773049346999443,11,792,grounded
-3.693878650665283,-9.929075241088867,40.200468535350765,12,792,hallucinated
-1.6877317428588867,-9.697885513305664,5.407201860373864,13,793,grounded
-1.7138330936431885,-9.210567474365234,5.5501951740926065,14,793,hallucinated
-0.5697391629219055,-2.0247669219970703,1.7678058819704108,9,794,grounded
-2.1790611743927,-14.481645584106445,8.838005017193959,9,794,hallucinated
-1.1997162103652954,-5.021831512451172,3.319174841650614,9,795,grounded
-2.231304168701172,-16.293121337890625,9.312002586055339,10,795,hallucinated
-1.6245014667510986,-11.020979881286621,5.075887907416789,23,796,grounded
-1.378350853919983,-6.4093170166015625,3.9683518363229755,13,796,hallucinated
-3.959653377532959,-15.99506664276123,52.43914621229883,14,797,grounded
-1.232377052307129,-5.1701154708862305,3.429371651134732,9,797,hallucinated
-1.9040453433990479,-11.051961898803711,6.7129959617452695,15,798,grounded
-0.4162324070930481,-3.8838415145874023,1.5162382124407323,13,798,hallucinated
-0.774679958820343,-7.2380595207214355,2.169897559469568,13,799,grounded
-3.4221909046173096,-9.182828903198242,30.636463114737715,10,799,hallucinated
-0.9485552310943604,-6.933981418609619,2.5819766037517073,9,800,grounded
-1.2528544664382935,-6.6918416023254395,3.500320257451465,17,800,hallucinated
-0.7752925157546997,-7.091639041900635,2.1712271524505904,11,801,grounded
-1.3886964321136475,-10.13831901550293,4.009619833110575,14,801,hallucinated
-0.6322668790817261,-7.282896995544434,1.8818717233345408,15,802,grounded
-0.5303317308425903,-4.122889518737793,1.699495990354932,19,802,hallucinated
-0.7291441559791565,-8.880972862243652,2.073305422092615,16,803,grounded
-1.9886394739151,-6.33453893661499,7.305587555372199,9,803,hallucinated
-0.7416106462478638,-6.764737606048584,2.099314045245111,17,804,grounded
-1.0533849000930786,-5.644030570983887,2.867340370923882,21,804,hallucinated
-1.981584906578064,-5.994166374206543,7.254231157596663,20,805,grounded
-1.3420034646987915,-5.457250595092773,3.8267024939072223,14,805,hallucinated
-1.7393769025802612,-4.539183616638184,5.693794528454195,9,806,grounded
-1.8906506299972534,-7.426403999328613,6.623676842227316,12,806,hallucinated
-0.14884690940380096,-0.7601516842842102,1.1604953146896715,10,807,grounded
-0.18017823994159698,-1.3851516246795654,1.1974307740933063,11,807,hallucinated
-0.3999785780906677,-1.9640542268753052,1.4917927402501532,6,808,grounded
-0.15996220707893372,-0.5890542268753052,1.1734665214261475,7,808,hallucinated
-0.4653480052947998,-2.069303512573242,1.5925683146679908,6,809,grounded
-0.2163829505443573,-0.7038284540176392,1.2415777508484576,7,809,hallucinated
-3.0660855770111084,-10.168946266174316,21.457743380946937,8,810,grounded
-0.6112627983093262,-1.4760571718215942,1.842756960489106,11,810,hallucinated
-0.7408327460289001,-4.474905490875244,2.0976816234026145,14,811,grounded
-1.2294976711273193,-7.718350410461426,3.419511385488034,12,811,hallucinated
-0.4073760509490967,-12.128827095031738,1.502869154783687,34,812,grounded
-0.3726961612701416,-6.847577095031738,1.4516432073912673,33,812,hallucinated
-0.479608952999115,-7.706977367401123,1.6154425646918402,25,813,grounded
-0.38128241896629333,-5.644477367401123,1.4641610538754588,25,813,hallucinated
-0.8669142127037048,-5.155248165130615,2.3795567068368593,15,814,grounded
-1.4285131692886353,-10.155247688293457,4.172490790196043,16,814,hallucinated
-1.366387963294983,-5.0615410804748535,3.9211617053146943,13,815,grounded
-0.23845522105693817,-1.3455305099487305,1.2692868674394642,12,815,hallucinated
-1.3038995265960693,-11.853099822998047,3.683633122089203,16,816,grounded
-0.3964589536190033,-3.1804704666137695,1.4865514191665752,12,816,hallucinated
