example_id,label,seq_len,layer_0_h0_max_lifetime,layer_0_h0_total_persistence,layer_0_h1_max_lifetime,layer_0_h1_total_persistence,layer_0_h1_max_birth,layer_0_h1_max_death,layer_1_h0_max_lifetime,layer_1_h0_total_persistence,layer_1_h1_max_lifetime,layer_1_h1_total_persistence,layer_1_h1_max_birth,layer_1_h1_max_death,layer_2_h0_max_lifetime,layer_2_h0_total_persistence,layer_2_h1_max_lifetime,layer_2_h1_total_persistence,layer_2_h1_max_birth,layer_2_h1_max_death,layer_3_h0_max_lifetime,layer_3_h0_total_persistence,layer_3_h1_max_lifetime,layer_3_h1_total_persistence,layer_3_h1_max_birth,layer_3_h1_max_death,layer_4_h0_max_lifetime,layer_4_h0_total_persistence,layer_4_h1_max_lifetime,layer_4_h1_total_persistence,layer_4_h1_max_birth,layer_4_h1_max_death,layer_5_h0_max_lifetime,layer_5_h0_total_persistence,layer_5_h1_max_lifetime,layer_5_h1_total_persistence,layer_5_h1_max_birth,layer_5_h1_max_death,layer_6_h0_max_lifetime,layer_6_h0_total_persistence,layer_6_h1_max_lifetime,layer_6_h1_total_persistence,layer_6_h1_max_birth,layer_6_h1_max_death,layer_7_h0_max_lifetime,layer_7_h0_total_persistence,layer_7_h1_max_lifetime,layer_7_h1_total_persistence,layer_7_h1_max_birth,layer_7_h1_max_death,layer_8_h0_max_lifetime,layer_8_h0_total_persistence,layer_8_h1_max_lifetime,layer_8_h1_total_persistence,layer_8_h1_max_birth,layer_8_h1_max_death,layer_9_h0_max_lifetime,layer_9_h0_total_persistence,layer_9_h1_max_lifetime,layer_9_h1_total_persistence,layer_9_h1_max_birth,layer_9_h1_max_death,layer_10_h0_max_lifetime,layer_10_h0_total_persistence,layer_10_h1_max_lifetime,layer_10_h1_total_persistence,layer_10_h1_max_birth,layer_10_h1_max_death,layer_11_h0_max_lifetime,layer_11_h0_total_persistence,layer_11_h1_max_lifetime,layer_11_h1_total_persistence,layer_11_h1_max_birth,layer_11_h1_max_death,layer_12_h0_max_lifetime,layer_12_h0_total_persistence,layer_12_h1_max_lifetime,layer_12_h1_total_persistence,layer_12_h1_max_birth,layer_12_h1_max_death,layer_13_h0_max_lifetime,layer_13_h0_total_persistence,layer_13_h1_max_lifetime,layer_13_h1_total_persistence,layer_13_h1_max_birth,layer_13_h1_max_death,layer_14_h0_max_lifetime,layer_14_h0_total_persistence,layer_14_h1_max_lifetime,layer_14_h1_total_persistence,layer_14_h1_max_birth,layer_14_h1_max_death,layer_15_h0_max_lifetime,layer_15_h0_total_persistence,layer_15_h1_max_lifetime,layer_15_h1_total_persistence,layer_15_h1_max_birth,layer_15_h1_max_death,layer_16_h0_max_lifetime,layer_16_h0_total_persistence,layer_16_h1_max_lifetime,layer_16_h1_total_persistence,layer_16_h1_max_birth,layer_16_h1_max_death,layer_17_h0_max_lifetime,layer_17_h0_total_persistence,layer_17_h1_max_lifetime,layer_17_h1_total_persistence,layer_17_h1_max_birth,layer_17_h1_max_death,layer_18_h0_max_lifetime,layer_18_h0_total_persistence,layer_18_h1_max_lifetime,layer_18_h1_total_persistence,layer_18_h1_max_birth,layer_18_h1_max_death,layer_19_h0_max_lifetime,layer_19_h0_total_persistence,layer_19_h1_max_lifetime,layer_19_h1_total_persistence,layer_19_h1_max_birth,layer_19_h1_max_death,layer_20_h0_max_lifetime,layer_20_h0_total_persistence,layer_20_h1_max_lifetime,layer_20_h1_total_persistence,layer_20_h1_max_birth,layer_20_h1_max_death,layer_21_h0_max_lifetime,layer_21_h0_total_persistence,layer_21_h1_max_lifetime,layer_21_h1_total_persistence,layer_21_h1_max_birth,layer_21_h1_max_death,layer_22_h0_max_lifetime,layer_22_h0_total_persistence,layer_22_h1_max_lifetime,layer_22_h1_total_persistence,layer_22_h1_max_birth,layer_22_h1_max_death,layer_23_h0_max_lifetime,layer_23_h0_total_persistence,layer_23_h1_max_lifetime,layer_23_h1_total_persistence,layer_23_h1_max_birth,layer_23_h1_max_death,layer_24_h0_max_lifetime,layer_24_h0_total_persistence,layer_24_h1_max_lifetime,layer_24_h1_total_persistence,layer_24_h1_max_birth,layer_24_h1_max_death,layer_25_h0_max_lifetime,layer_25_h0_total_persistence,layer_25_h1_max_lifetime,layer_25_h1_total_persistence,layer_25_h1_max_birth,layer_25_h1_max_death,layer_26_h0_max_lifetime,layer_26_h0_total_persistence,layer_26_h1_max_lifetime,layer_26_h1_total_persistence,layer_26_h1_max_birth,layer_26_h1_max_death,layer_27_h0_max_lifetime,layer_27_h0_total_persistence,layer_27_h1_max_lifetime,layer_27_h1_total_persistence,layer_27_h1_max_birth,layer_27_h1_max_death,layer_28_h0_max_lifetime,layer_28_h0_total_persistence,layer_28_h1_max_lifetime,layer_28_h1_total_persistence,layer_28_h1_max_birth,layer_28_h1_max_death,layer_29_h0_max_lifetime,layer_29_h0_total_persistence,layer_29_h1_max_lifetime,layer_29_h1_total_persistence,layer_29_h1_max_birth,layer_29_h1_max_death,layer_30_h0_max_lifetime,layer_30_h0_total_persistence,layer_30_h1_max_lifetime,layer_30_h1_total_persistence,layer_30_h1_max_birth,layer_30_h1_max_death,layer_31_h0_max_lifetime,layer_31_h0_total_persistence,layer_31_h1_max_lifetime,layer_31_h1_total_persistence,layer_31_h1_max_birth,layer_31_h1_max_death
0,grounded,41,0.9086742401123047,25.124731957912445,0.0,0.0,0.0,0.0,0.6370048522949219,23.09114408493042,0.0,0.0,0.0,0.0,0.873443603515625,23.901432037353516,0.05422210693359375,1.3545217514038086,0.8784637451171875,0.9326858520507812,0.8652801513671875,24.459495544433594,0.0523529052734375,1.2501487731933594,0.870513916015625,0.9228668212890625,0.85247802734375,24.092147827148438,0.0,0.0,0.0,0.0,0.8486328125,24.433853149414062,0.0,0.0,0.0,0.0,0.8271713256835938,25.36666488647461,0.0,0.0,0.0,0.0,0.7844533920288086,25.81148052215576,0.0,0.0,0.0,0.0,0.7602729797363281,25.96702766418457,0.0,0.0,0.0,0.0,0.7691879272460938,25.63027572631836,0.0,0.0,0.0,0.0,0.778778076171875,26.85917854309082,0.0,0.0,0.0,0.0,0.8300762176513672,26.039133071899414,0.0,0.0,0.0,0.0,0.75616455078125,25.798142433166504,0.0,0.0,0.0,0.0,0.8165073394775391,27.479661464691162,0.0,0.0,0.0,0.0,0.8043899536132812,25.892064571380615,0.0,0.0,0.0,0.0,0.8099260330200195,26.112552642822266,0.0,0.0,0.0,0.0,0.806300163269043,26.212672233581543,0.016048431396484375,0.016048431396484375,0.8236274719238281,0.8396759033203125,0.806610107421875,26.593524932861328,0.0,0.0,0.0,0.0,0.804473876953125,26.13055419921875,0.0,0.0,0.0,0.0,0.8089526891708374,26.368675589561462,0.0,0.0,0.0,0.0,0.752532958984375,24.93967628479004,0.0,0.0,0.0,0.0,0.745208740234375,24.71359634399414,0.0,0.0,0.0,0.0,0.7315444946289062,24.44129180908203,0.0,0.0,0.0,0.0,0.732269287109375,25.320780813694,0.0,0.0,0.0,0.0,0.6897964477539062,24.124652862548828,0.0,0.0,0.0,0.0,0.71539306640625,24.223267555236816,0.0,0.0,0.0,0.0,0.694610595703125,24.51240825653076,0.0,0.0,0.0,0.0,0.7588415145874023,25.380279541015625,0.0,0.0,0.0,0.0,0.71917724609375,25.72510528564453,0.0,0.0,0.0,0.0,0.7822775840759277,25.18720006942749,0.0,0.0,0.0,0.0,0.7688560485839844,26.430163383483887,0.0,0.0,0.0,0.0,0.7912845611572266,27.998430371284485,0.0,0.0,0.0,0.0
0,hallucinated,38,0.9033737182617188,23.181579887866974,0.0,0.0,0.0,0.0,0.6370048522949219,21.370198726654053,0.0,0.0,0.0,0.0,0.873443603515625,22.081317901611328,0.05323028564453125,1.218794822692871,0.87945556640625,0.9326858520507812,0.8652801513671875,22.51868438720703,0.0523529052734375,1.1357498168945312,0.870513916015625,0.9228668212890625,0.85247802734375,22.308284759521484,0.0,0.0,0.0,0.0,0.8486328125,22.527984619140625,0.0,0.0,0.0,0.0,0.8271713256835938,23.46572494506836,0.0,0.0,0.0,0.0,0.7844533920288086,23.85609722137451,0.0,0.0,0.0,0.0,0.7602729797363281,24.124361038208008,0.0,0.0,0.0,0.0,0.7960166931152344,23.73695945739746,0.0,0.0,0.0,0.0,0.8000059127807617,24.9974946975708,0.0,0.0,0.0,0.0,0.8300762176513672,24.206132888793945,0.0,0.0,0.0,0.0,0.7939529418945312,23.901578903198242,0.0,0.0,0.0,0.0,0.8407135009765625,25.488545894622803,0.0,0.0,0.0,0.0,0.8043899536132812,23.91525411605835,0.0,0.0,0.0,0.0,0.8107128143310547,24.25246524810791,0.0,0.0,0.0,0.0,0.8068423271179199,24.313759326934814,0.01642608642578125,0.01642608642578125,0.8232498168945312,0.8396759033203125,0.806610107421875,24.623753547668457,0.0,0.0,0.0,0.0,0.7904815673828125,24.14172649383545,0.0,0.0,0.0,0.0,0.8089526891708374,24.468223929405212,0.0,0.0,0.0,0.0,0.752532958984375,23.083824157714844,0.0,0.0,0.0,0.0,0.745208740234375,22.85411834716797,0.0,0.0,0.0,0.0,0.7315444946289062,22.589309692382812,0.0,0.0,0.0,0.0,0.732269287109375,23.273875951766968,0.0,0.0,0.0,0.0,0.6897964477539062,22.336585998535156,0.0,0.0,0.0,0.0,0.71539306640625,22.402162551879883,0.0,0.0,0.0,0.0,0.694610595703125,22.634407997131348,0.0,0.0,0.0,0.0,0.7588415145874023,23.32517433166504,0.0,0.0,0.0,0.0,0.71917724609375,23.77192974090576,0.0,0.0,0.0,0.0,0.7822775840759277,23.176637172698975,0.0,0.0,0.0,0.0,0.7692375183105469,24.207213401794434,0.0,0.0,0.0,0.0,0.7916505336761475,25.89008593559265,0.0,0.0,0.0,0.0
1,grounded,34,0.8965873718261719,20.668482840061188,0.0,0.0,0.0,0.0,0.6418876647949219,19.046018600463867,0.0,0.0,0.0,0.0,0.8780364990234375,19.770450592041016,0.05321502685546875,1.0620137453079224,0.8795623779296875,0.9327774047851562,0.8719635009765625,20.088943481445312,0.049896240234375,0.9445078372955322,0.8730926513671875,0.9229888916015625,0.8525238037109375,19.917110443115234,0.0,0.0,0.0,0.0,0.848602294921875,19.986766815185547,0.0,0.0,0.0,0.0,0.8268585205078125,20.514419555664062,0.0,0.0,0.0,0.0,0.7455902099609375,20.589269638061523,0.0,0.0,0.0,0.0,0.7601947784423828,21.17707061767578,0.0,0.0,0.0,0.0,0.7292232513427734,20.59391212463379,0.0,0.0,0.0,0.0,0.7681903839111328,21.549097061157227,0.0,0.0,0.0,0.0,0.8303365707397461,21.06623363494873,0.0,0.0,0.0,0.0,0.7569427490234375,20.756168365478516,0.0,0.0,0.0,0.0,0.8065032958984375,22.119890213012695,0.0,0.0,0.0,0.0,0.8048553466796875,21.174616813659668,0.0,0.0,0.0,0.0,0.7894668579101562,21.290742874145508,0.0,0.0,0.0,0.0,0.80950927734375,21.1878764629364,0.0,0.0,0.0,0.0,0.8072013854980469,21.60889720916748,0.0,0.0,0.0,0.0,0.80548095703125,21.192387580871582,0.0,0.0,0.0,0.0,0.8093174695968628,21.584006190299988,0.0,0.0,0.0,0.0,0.752777099609375,20.21269416809082,0.0,0.0,0.0,0.0,0.7450408935546875,19.941207885742188,0.0,0.0,0.0,0.0,0.7321548461914062,20.066625595092773,0.0,0.0,0.0,0.0,0.7318572998046875,20.324715614318848,0.0,0.0,0.0,0.0,0.6894340515136719,19.79267692565918,0.0,0.0,0.0,0.0,0.71490478515625,19.907652378082275,0.0,0.0,0.0,0.0,0.694732666015625,20.018506050109863,0.0,0.0,0.0,0.0,0.7586355209350586,20.781920671463013,0.0,0.0,0.0,0.0,0.719512939453125,21.058443069458008,0.0,0.0,0.0,0.0,0.7819626331329346,20.536200761795044,0.0,0.0,0.0,0.0,0.7704944610595703,21.77099370956421,0.0,0.0,0.0,0.0,0.8014824390411377,23.170460164546967,0.0,0.0,0.0,0.0
1,hallucinated,32,0.8915882110595703,19.30382013320923,0.0,0.0,0.0,0.0,0.6410636901855469,17.897682189941406,0.0,0.0,0.0,0.0,0.8749237060546875,18.5657958984375,0.0564117431640625,1.0037302374839783,0.876434326171875,0.9328460693359375,0.87066650390625,18.777084350585938,0.0510711669921875,0.9093928337097168,0.8718109130859375,0.922882080078125,0.8529586791992188,18.647323608398438,0.0,0.0,0.0,0.0,0.8491973876953125,18.65035629272461,0.0,0.0,0.0,0.0,0.826873779296875,19.13461685180664,0.0,0.0,0.0,0.0,0.7459716796875,19.237667083740234,0.0,0.0,0.0,0.0,0.7604351043701172,19.822616577148438,0.0,0.0,0.0,0.0,0.7286186218261719,19.352275848388672,0.0,0.0,0.0,0.0,0.7666435241699219,19.98629379272461,0.0,0.0,0.0,0.0,0.8277711868286133,19.84682559967041,0.0,0.0,0.0,0.0,0.754180908203125,19.443174362182617,0.0,0.0,0.0,0.0,0.8040771484375,20.522589683532715,0.0,0.0,0.0,0.0,0.8018264770507812,19.818413257598877,0.0,0.0,0.0,0.0,0.8044509887695312,19.758010506629944,0.0,0.0,0.0,0.0,0.8106765747070312,19.680920124053955,0.0,0.0,0.0,0.0,0.8057937622070312,20.15444564819336,0.0,0.0,0.0,0.0,0.8037567138671875,19.71035099029541,0.0,0.0,0.0,0.0,0.8084371089935303,20.151466131210327,0.0,0.0,0.0,0.0,0.752960205078125,18.91990691423416,0.0,0.0,0.0,0.0,0.74493408203125,18.68084716796875,0.0,0.0,0.0,0.0,0.7316436767578125,18.74547576904297,0.0,0.0,0.0,0.0,0.7320938110351562,19.042136192321777,0.0,0.0,0.0,0.0,0.6897659301757812,18.51172161102295,0.0,0.0,0.0,0.0,0.7156257629394531,18.6455078125,0.0,0.0,0.0,0.0,0.6943359375,18.76068115234375,0.0,0.0,0.0,0.0,0.7588987350463867,19.51979160308838,0.0,0.0,0.0,0.0,0.719512939453125,19.82443618774414,0.0,0.0,0.0,0.0,0.7820165157318115,19.209309339523315,0.0,0.0,0.0,0.0,0.7719058990478516,20.253847122192383,0.0,0.0,0.0,0.0,0.8025872707366943,21.684235215187073,0.0,0.0,0.0,0.0
2,grounded,41,0.9075736999511719,25.10072535276413,0.0,0.0,0.0,0.0,0.6376762390136719,23.00281524658203,0.0,0.0,0.0,0.0,0.8691558837890625,24.027332305908203,0.05918121337890625,1.3608866333961487,0.873504638671875,0.9326858520507812,0.8661346435546875,24.373580932617188,0.054351806640625,1.298065185546875,0.8685150146484375,0.9228668212890625,0.85247802734375,24.182205200195312,0.0,0.0,0.0,0.0,0.8486328125,24.722801208496094,0.0,0.0,0.0,0.0,0.8271713256835938,25.11630630493164,0.0,0.0,0.0,0.0,0.7588691711425781,25.655643463134766,0.0,0.0,0.0,0.0,0.7602729797363281,26.403898239135742,0.0,0.0,0.0,0.0,0.7669200897216797,25.88187026977539,0.0,0.0,0.0,0.0,0.7906112670898438,26.92869758605957,0.0,0.0,0.0,0.0,0.794769287109375,26.917156219482422,0.03494834899902344,0.11837387084960938,0.7951278686523438,0.8300762176513672,0.7821712493896484,26.76260805130005,0.0,0.0,0.0,0.0,0.8121337890625,27.904046058654785,0.010768890380859375,0.013660430908203125,0.7954063415527344,0.8061752319335938,0.7639083862304688,26.50878357887268,0.012786865234375,0.0189056396484375,0.7916030883789062,0.8043899536132812,0.8071355819702148,27.060936331748962,0.0448455810546875,0.07543563842773438,0.760467529296875,0.8053131103515625,0.8051095008850098,27.098198413848877,0.0850830078125,0.2857933044433594,0.7545928955078125,0.8396759033203125,0.806610107421875,26.792556762695312,0.0,0.0,0.0,0.0,0.7763404846191406,26.433189153671265,0.0,0.0,0.0,0.0,0.7985916137695312,27.029848098754883,0.0,0.0,0.0,0.0,0.752532958984375,25.333724975585938,0.0,0.0,0.0,0.0,0.745208740234375,24.86191749572754,0.0,0.0,0.0,0.0,0.7315444946289062,24.559215545654297,0.0,0.0,0.0,0.0,0.7504549026489258,25.294949531555176,0.0,0.0,0.0,0.0,0.6897964477539062,24.46468734741211,0.0,0.0,0.0,0.0,0.71539306640625,24.61033010482788,0.0,0.0,0.0,0.0,0.694610595703125,24.542612075805664,0.0,0.0,0.0,0.0,0.7588415145874023,25.425922393798828,0.0,0.0,0.0,0.0,0.746307373046875,26.017169952392578,0.0,0.0,0.0,0.0,0.7822775840759277,25.235317707061768,0.0,0.0,0.0,0.0,0.7557907104492188,26.592945098876953,0.0,0.0,0.0,0.0,0.8037757873535156,28.125914335250854,0.0,0.0,0.0,0.0
2,hallucinated,37,0.9028053283691406,22.576680123806,0.0,0.0,0.0,0.0,0.6376762390136719,20.707272052764893,0.0,0.0,0.0,0.0,0.8691558837890625,21.45969009399414,0.05918121337890625,1.2360697388648987,0.873504638671875,0.9326858520507812,0.8661346435546875,21.776138305664062,0.0562286376953125,1.151458740234375,0.86663818359375,0.9228668212890625,0.85247802734375,21.573455810546875,0.0,0.0,0.0,0.0,0.8486328125,22.07122802734375,0.0,0.0,0.0,0.0,0.8271713256835938,22.469074249267578,0.0,0.0,0.0,0.0,0.7403411865234375,22.813648223876953,0.0,0.0,0.0,0.0,0.7602729797363281,23.616466522216797,0.0,0.0,0.0,0.0,0.7676315307617188,23.160884857177734,0.0,0.0,0.0,0.0,0.7676486968994141,23.9912052154541,0.0,0.0,0.0,0.0,0.771820068359375,23.868885040283203,0.06963157653808594,0.2644176483154297,0.7604446411132812,0.8300762176513672,0.7998123168945312,23.940720558166504,0.0,0.0,0.0,0.0,0.8060197830200195,24.52030086517334,0.01474761962890625,0.025516510009765625,0.7914276123046875,0.8061752319335938,0.7639083862304688,23.625078439712524,0.0535736083984375,0.07403564453125,0.7508163452148438,0.8043899536132812,0.8071355819702148,23.85399043560028,0.0262908935546875,0.04325103759765625,0.779022216796875,0.8053131103515625,0.8051095008850098,23.807520389556885,0.0439453125,0.0903472900390625,0.7957305908203125,0.8396759033203125,0.7910079956054688,24.018779754638672,0.0,0.0,0.0,0.0,0.7834835052490234,23.64372420310974,0.0101776123046875,0.0101776123046875,0.7942962646484375,0.804473876953125,0.7939071655273438,24.121450424194336,0.0,0.0,0.0,0.0,0.752532958984375,22.746318817138672,0.0,0.0,0.0,0.0,0.745208740234375,22.264591217041016,0.0,0.0,0.0,0.0,0.7315444946289062,21.969406127929688,0.0,0.0,0.0,0.0,0.732269287109375,22.41289520263672,0.0,0.0,0.0,0.0,0.6897964477539062,21.77318572998047,0.0,0.0,0.0,0.0,0.71539306640625,21.939085006713867,0.0,0.0,0.0,0.0,0.694610595703125,21.87739086151123,0.0,0.0,0.0,0.0,0.7588415145874023,22.659927368164062,0.0,0.0,0.0,0.0,0.71917724609375,23.16613006591797,0.0,0.0,0.0,0.0,0.7822775840759277,22.748392581939697,0.0,0.0,0.0,0.0,0.7557907104492188,23.727625370025635,0.0,0.0,0.0,0.0,0.8037757873535156,25.21557515859604,0.0,0.0,0.0,0.0
3,grounded,45,0.9184379577636719,27.92463392019272,0.0,0.0,0.0,0.0,0.6405105590820312,25.400238037109375,0.0,0.0,0.0,0.0,0.8700103759765625,26.502952575683594,0.05474090576171875,1.4452043771743774,0.8779449462890625,0.9326858520507812,0.86846923828125,26.874710083007812,0.0543060302734375,1.3311538696289062,0.868560791015625,0.9228668212890625,0.85247802734375,26.46387481689453,0.0,0.0,0.0,0.0,0.8486328125,27.131784439086914,0.0,0.0,0.0,0.0,0.8271713256835938,28.087520599365234,0.0,0.0,0.0,0.0,0.7564773559570312,28.1633437871933,0.0,0.0,0.0,0.0,0.7602729797363281,28.77036952972412,0.0,0.0,0.0,0.0,0.7494125366210938,28.421506881713867,0.0,0.0,0.0,0.0,0.7676486968994141,29.49747657775879,0.0,0.0,0.0,0.0,0.7814865112304688,29.57957649230957,0.030523300170898438,0.05994987487792969,0.7995529174804688,0.8300762176513672,0.7823104858398438,29.181184768676758,0.0,0.0,0.0,0.0,0.8237964510917664,30.451102674007416,0.01621246337890625,0.0282135009765625,0.7899627685546875,0.8061752319335938,0.7732467651367188,28.85255002975464,0.048736572265625,0.19819355010986328,0.7556533813476562,0.8043899536132812,0.7919445037841797,29.01310896873474,0.06536865234375,0.1355290412902832,0.7399444580078125,0.8053131103515625,0.8214807510375977,29.201831102371216,0.0865936279296875,0.44334888458251953,0.753082275390625,0.8396759033203125,0.7825698852539062,29.96620202064514,0.0,0.0,0.0,0.0,0.7875270843505859,29.560806274414062,0.03371429443359375,0.03913307189941406,0.7707595825195312,0.804473876953125,0.7953696250915527,29.632084131240845,0.04829442501068115,0.06825172901153564,0.7606582641601562,0.8089526891708374,0.752532958984375,27.852310180664062,0.0,0.0,0.0,0.0,0.745208740234375,27.364140510559082,0.0,0.0,0.0,0.0,0.7315444946289062,26.86656951904297,0.0,0.0,0.0,0.0,0.732269287109375,27.304672241210938,0.0,0.0,0.0,0.0,0.6897964477539062,26.317569732666016,0.0,0.0,0.0,0.0,0.71539306640625,26.555469512939453,0.0,0.0,0.0,0.0,0.694610595703125,26.819345474243164,0.0,0.0,0.0,0.0,0.7588415145874023,27.885567903518677,0.0,0.0,0.0,0.0,0.7419338226318359,28.674577713012695,0.0,0.0,0.0,0.0,0.7822775840759277,27.63116955757141,0.0,0.0,0.0,0.0,0.7648611068725586,29.225098609924316,0.0,0.0,0.0,0.0,0.8388774991035461,30.984575390815735,0.00037217140197753906,0.00037217140197753906,0.812936544418335,0.8133087158203125
3,hallucinated,44,0.9171066284179688,27.27482980489731,0.0,0.0,0.0,0.0,0.6405105590820312,24.817596435546875,0.0,0.0,0.0,0.0,0.8700103759765625,25.899375915527344,0.05474090576171875,1.40103018283844,0.8779449462890625,0.9326858520507812,0.86846923828125,26.303604125976562,0.0543060302734375,1.3031463623046875,0.868560791015625,0.9228668212890625,0.85247802734375,25.883399963378906,0.0,0.0,0.0,0.0,0.8486328125,26.543389320373535,0.0,0.0,0.0,0.0,0.8271713256835938,27.475231170654297,0.0,0.0,0.0,0.0,0.756683349609375,27.532920956611633,0.0,0.0,0.0,0.0,0.7602729797363281,28.105887413024902,0.0,0.0,0.0,0.0,0.748748779296875,27.691060066223145,0.0,0.0,0.0,0.0,0.7676486968994141,28.805063247680664,0.0,0.0,0.0,0.0,0.7990188598632812,28.813629150390625,0.0062694549560546875,0.0062694549560546875,0.8238067626953125,0.8300762176513672,0.7820205688476562,28.427754640579224,0.0,0.0,0.0,0.0,0.8240588903427124,29.691739439964294,0.013702392578125,0.013702392578125,0.7924728393554688,0.8061752319335938,0.7721290588378906,28.186826705932617,0.041378021240234375,0.14092254638671875,0.7630119323730469,0.8043899536132812,0.7920246124267578,28.444960951805115,0.06475067138671875,0.16178512573242188,0.7405624389648438,0.8053131103515625,0.8216695785522461,28.569109439849854,0.05739593505859375,0.36647605895996094,0.7822799682617188,0.8396759033203125,0.806610107421875,29.294159054756165,0.0,0.0,0.0,0.0,0.7882375717163086,28.839473724365234,0.00919342041015625,0.015753746032714844,0.7952804565429688,0.804473876953125,0.7956807613372803,28.933811902999878,0.01790463924407959,0.029902219772338867,0.7910480499267578,0.8089526891708374,0.752532958984375,27.189620971679688,0.0,0.0,0.0,0.0,0.745208740234375,26.773591995239258,0.0,0.0,0.0,0.0,0.7315444946289062,26.292945861816406,0.0,0.0,0.0,0.0,0.732269287109375,26.73676300048828,0.0,0.0,0.0,0.0,0.6897964477539062,25.75249481201172,0.0,0.0,0.0,0.0,0.71539306640625,25.95941925048828,0.0,0.0,0.0,0.0,0.694610595703125,26.194368362426758,0.0,0.0,0.0,0.0,0.7588415145874023,27.237606525421143,0.0,0.0,0.0,0.0,0.7418580055236816,28.018646717071533,0.0,0.0,0.0,0.0,0.7822775840759277,27.004070520401,0.0,0.0,0.0,0.0,0.7654657363891602,28.59498405456543,0.0,0.0,0.0,0.0,0.8392422795295715,30.342069685459137,0.0,0.0,0.0,0.0
4,grounded,46,0.9173202514648438,28.655666530132294,0.0,0.0,0.0,0.0,0.638397216796875,26.041362762451172,0.0,0.0,0.0,0.0,0.87548828125,27.23607635498047,0.05622100830078125,1.4974538087844849,0.87646484375,0.9326858520507812,0.8686370849609375,27.493255615234375,0.0526885986328125,1.4921646118164062,0.87017822265625,0.9228668212890625,0.85247802734375,27.262264251708984,0.0,0.0,0.0,0.0,0.8486328125,27.422813415527344,0.0,0.0,0.0,0.0,0.8271713256835938,28.48764419555664,0.0,0.0,0.0,0.0,0.7583274841308594,28.874616622924805,0.0,0.0,0.0,0.0,0.7602729797363281,29.23228931427002,0.0,0.0,0.0,0.0,0.7400360107421875,28.740732192993164,0.0,0.0,0.0,0.0,0.7719345092773438,30.444429397583008,0.0,0.0,0.0,0.0,0.8180313110351562,29.509445190429688,0.0,0.0,0.0,0.0,0.7662506103515625,29.322773933410645,0.0,0.0,0.0,0.0,0.8128156661987305,30.98930835723877,0.0,0.0,0.0,0.0,0.8043899536132812,29.54319703578949,0.0,0.0,0.0,0.0,0.8038711547851562,29.533260345458984,0.0,0.0,0.0,0.0,0.8144721984863281,30.39385223388672,0.0227508544921875,0.03379631042480469,0.816925048828125,0.8396759033203125,0.806610107421875,30.822288513183594,0.0,0.0,0.0,0.0,0.804473876953125,29.787553787231445,0.0,0.0,0.0,0.0,0.8089526891708374,29.81044614315033,0.0,0.0,0.0,0.0,0.752532958984375,28.210747718811035,0.0,0.0,0.0,0.0,0.745208740234375,27.87752914428711,0.0,0.0,0.0,0.0,0.7315444946289062,27.606922149658203,0.0,0.0,0.0,0.0,0.732269287109375,28.287343502044678,0.0,0.0,0.0,0.0,0.6897964477539062,27.123886108398438,0.0,0.0,0.0,0.0,0.71539306640625,27.273120880126953,0.0,0.0,0.0,0.0,0.694610595703125,27.54945945739746,0.0,0.0,0.0,0.0,0.7588415145874023,28.24961018562317,0.0,0.0,0.0,0.0,0.721588134765625,29.1377010345459,0.0,0.0,0.0,0.0,0.7822775840759277,28.180880069732666,0.0,0.0,0.0,0.0,0.7927141189575195,29.988884925842285,0.0,0.0,0.0,0.0,0.7827847003936768,31.37530243396759,0.0,0.0,0.0,0.0
4,hallucinated,43,0.9131202697753906,26.593348443508148,0.0,0.0,0.0,0.0,0.638397216796875,24.147136688232422,0.0,0.0,0.0,0.0,0.8721923828125,25.377586364746094,0.05719757080078125,1.4145604372024536,0.87548828125,0.9326858520507812,0.8686370849609375,25.565536499023438,0.0523834228515625,1.3534164428710938,0.8704833984375,0.9228668212890625,0.85247802734375,25.454402923583984,0.0,0.0,0.0,0.0,0.8486328125,25.73151397705078,0.0,0.0,0.0,0.0,0.8271713256835938,26.63986587524414,0.0,0.0,0.0,0.0,0.7583274841308594,27.00208854675293,0.0,0.0,0.0,0.0,0.7602729797363281,27.16185474395752,0.0,0.0,0.0,0.0,0.7219619750976562,26.46649169921875,0.0,0.0,0.0,0.0,0.7676486968994141,28.056055068969727,0.0,0.0,0.0,0.0,0.7535858154296875,27.228065490722656,0.016584396362304688,0.016584396362304688,0.8134918212890625,0.8300762176513672,0.75616455078125,26.95500373840332,0.0,0.0,0.0,0.0,0.8128156661987305,28.439021110534668,0.026432037353515625,0.026432037353515625,0.7797431945800781,0.8061752319335938,0.8043899536132812,27.280442595481873,0.0,0.0,0.0,0.0,0.7996711730957031,27.22655487060547,0.0,0.0,0.0,0.0,0.8174209594726562,27.92589569091797,0.014095306396484375,0.014095306396484375,0.8255805969238281,0.8396759033203125,0.806610107421875,28.49518394470215,0.0,0.0,0.0,0.0,0.804473876953125,27.675058364868164,0.0,0.0,0.0,0.0,0.8089526891708374,27.878855109214783,0.0,0.0,0.0,0.0,0.752532958984375,26.09784507751465,0.0,0.0,0.0,0.0,0.745208740234375,25.79357147216797,0.0,0.0,0.0,0.0,0.7315444946289062,25.700767517089844,0.0,0.0,0.0,0.0,0.7362270355224609,26.135461807250977,0.0,0.0,0.0,0.0,0.6897964477539062,25.117721557617188,0.0,0.0,0.0,0.0,0.71539306640625,25.415600776672363,0.0,0.0,0.0,0.0,0.694610595703125,25.47831678390503,0.0,0.0,0.0,0.0,0.7588415145874023,26.284286499023438,0.0,0.0,0.0,0.0,0.7266311645507812,27.21784496307373,0.0,0.0,0.0,0.0,0.7822775840759277,26.285006046295166,0.0,0.0,0.0,0.0,0.7936382293701172,27.89523220062256,0.0,0.0,0.0,0.0,0.7930293083190918,29.400622308254242,0.0,0.0,0.0,0.0
5,grounded,41,0.9071445465087891,25.05598658323288,0.0,0.0,0.0,0.0,0.6371192932128906,22.937667846679688,0.0,0.0,0.0,0.0,0.8601837158203125,23.85184097290039,0.05886077880859375,1.2849512100219727,0.8738250732421875,0.9326858520507812,0.8679046630859375,24.222259521484375,0.053466796875,1.2492103576660156,0.8694000244140625,0.9228668212890625,0.85247802734375,24.185531616210938,0.0,0.0,0.0,0.0,0.8486328125,24.56024932861328,0.0,0.0,0.0,0.0,0.8271713256835938,24.915569305419922,0.0,0.0,0.0,0.0,0.7722091674804688,25.898109436035156,0.0,0.0,0.0,0.0,0.7602729797363281,26.23032569885254,0.0,0.0,0.0,0.0,0.8035736083984375,26.572016716003418,0.0,0.0,0.0,0.0,0.7685089111328125,26.782854080200195,0.0,0.0,0.0,0.0,0.7953224182128906,27.0799560546875,0.05347633361816406,0.22109222412109375,0.7765998840332031,0.8300762176513672,0.7842710018157959,26.604400873184204,0.0,0.0,0.0,0.0,0.849761962890625,28.0653018951416,0.025287628173828125,0.06171417236328125,0.7808876037597656,0.8061752319335938,0.7907791137695312,26.807037591934204,0.0,0.0,0.0,0.0,0.810699462890625,26.940287113189697,0.06797409057617188,0.18506526947021484,0.7373390197753906,0.8053131103515625,0.8368382453918457,27.4560227394104,0.08696365356445312,0.3897686004638672,0.7527122497558594,0.8396759033203125,0.805694580078125,27.19318389892578,0.0,0.0,0.0,0.0,0.792783260345459,26.964816570281982,0.01656341552734375,0.01656341552734375,0.7879104614257812,0.804473876953125,0.8094244003295898,27.326258659362793,0.0,0.0,0.0,0.0,0.752532958984375,25.528690338134766,0.0,0.0,0.0,0.0,0.745208740234375,25.099517822265625,0.0,0.0,0.0,0.0,0.7315444946289062,24.36920166015625,0.0,0.0,0.0,0.0,0.732269287109375,24.613197326660156,0.0,0.0,0.0,0.0,0.6897964477539062,24.13607406616211,0.0,0.0,0.0,0.0,0.71539306640625,24.778321266174316,0.0,0.0,0.0,0.0,0.694610595703125,24.77540397644043,0.0,0.0,0.0,0.0,0.7588415145874023,25.650463104248047,0.0,0.0,0.0,0.0,0.7197113037109375,26.28884506225586,0.0,0.0,0.0,0.0,0.7822775840759277,25.70207381248474,0.0,0.0,0.0,0.0,0.7845330238342285,27.02837896347046,0.0,0.0,0.0,0.0,0.8217220902442932,28.376270413398743,0.0,0.0,0.0,0.0
5,hallucinated,45,0.9146976470947266,27.708664417266846,0.0,0.0,0.0,0.0,0.6371192932128906,25.293411254882812,0.0,0.0,0.0,0.0,0.8601837158203125,26.397968292236328,0.05886077880859375,1.448631763458252,0.8738250732421875,0.9326858520507812,0.8679046630859375,26.814544677734375,0.0536651611328125,1.4248161315917969,0.86920166015625,0.9228668212890625,0.85247802734375,26.715133666992188,0.0,0.0,0.0,0.0,0.8486328125,27.303245544433594,0.0,0.0,0.0,0.0,0.8271713256835938,27.622447967529297,0.0,0.0,0.0,0.0,0.7722091674804688,28.900196075439453,0.0,0.0,0.0,0.0,0.7608146667480469,29.194730758666992,0.0,0.0,0.0,0.0,0.7965335845947266,29.501402616500854,0.0,0.0,0.0,0.0,0.7879428863525391,29.957584381103516,0.0,0.0,0.0,0.0,0.8146095275878906,30.103282928466797,0.05347633361816406,0.30431365966796875,0.7765998840332031,0.8300762176513672,0.8134081363677979,29.80231475830078,0.0,0.0,0.0,0.0,0.8317832946777344,31.03779411315918,0.025287628173828125,0.05170440673828125,0.7808876037597656,0.8061752319335938,0.7797493934631348,29.7337429523468,0.0270233154296875,0.06768679618835449,0.7773666381835938,0.8043899536132812,0.810699462890625,29.292946338653564,0.06797409057617188,0.2245321273803711,0.7373390197753906,0.8053131103515625,0.8368382453918457,29.30911684036255,0.08696365356445312,0.3758354187011719,0.7527122497558594,0.8396759033203125,0.8049697875976562,30.40322494506836,0.00091552734375,0.00091552734375,0.805694580078125,0.806610107421875,0.8021392822265625,29.99392318725586,0.041645050048828125,0.1314220428466797,0.7628288269042969,0.804473876953125,0.8094244003295898,30.376819610595703,0.0446399450302124,0.1056441068649292,0.764312744140625,0.8089526891708374,0.752532958984375,28.31585693359375,0.0,0.0,0.0,0.0,0.745208740234375,27.928665161132812,0.0,0.0,0.0,0.0,0.7315444946289062,27.103042602539062,0.0,0.0,0.0,0.0,0.732269287109375,27.443321228027344,0.0,0.0,0.0,0.0,0.6897964477539062,26.787185668945312,0.0,0.0,0.0,0.0,0.71539306640625,27.378167152404785,0.0,0.0,0.0,0.0,0.694610595703125,27.402193069458008,0.0,0.0,0.0,0.0,0.7588415145874023,28.399181365966797,0.0,0.0,0.0,0.0,0.7316780090332031,29.012666702270508,0.0,0.0,0.0,0.0,0.7822775840759277,28.072665452957153,0.0,0.0,0.0,0.0,0.7845330238342285,29.782474994659424,0.0,0.0,0.0,0.0,0.8217220902442932,31.186140298843384,0.0,0.0,0.0,0.0
6,grounded,41,0.9119739532470703,25.474123537540436,0.0,0.0,0.0,0.0,0.6414031982421875,23.11396026611328,0.0,0.0,0.0,0.0,0.867919921875,24.138568878173828,0.05889129638671875,1.3582032322883606,0.8737945556640625,0.9326858520507812,0.8663330078125,24.475357055664062,0.0556488037109375,1.2215423583984375,0.867218017578125,0.9228668212890625,0.85247802734375,24.299129486083984,0.0,0.0,0.0,0.0,0.8486328125,24.64267349243164,0.0,0.0,0.0,0.0,0.8271713256835938,25.152912139892578,0.0,0.0,0.0,0.0,0.7587318420410156,25.536067962646484,0.0,0.0,0.0,0.0,0.7602729797363281,25.96040153503418,0.0,0.0,0.0,0.0,0.7347784042358398,25.417476654052734,0.0,0.0,0.0,0.0,0.7676486968994141,26.769994735717773,0.0,0.0,0.0,0.0,0.8300762176513672,25.825956344604492,0.0,0.0,0.0,0.0,0.75616455078125,25.663663864135742,0.0,0.0,0.0,0.0,0.8114280700683594,27.42761993408203,0.0,0.0,0.0,0.0,0.8043899536132812,25.917715907096863,0.0,0.0,0.0,0.0,0.8053131103515625,26.475932598114014,0.0,0.0,0.0,0.0,0.7732398509979248,26.3919894695282,0.06540679931640625,0.24177169799804688,0.7742691040039062,0.8396759033203125,0.806610107421875,26.385141372680664,0.0,0.0,0.0,0.0,0.804473876953125,25.95928382873535,0.0,0.0,0.0,0.0,0.8089526891708374,25.848778128623962,0.0,0.0,0.0,0.0,0.752532958984375,24.730287551879883,0.0,0.0,0.0,0.0,0.745208740234375,24.431209564208984,0.0,0.0,0.0,0.0,0.7315444946289062,24.10931396484375,0.0,0.0,0.0,0.0,0.732269287109375,24.745620727539062,0.0,0.0,0.0,0.0,0.6897964477539062,24.01255512237549,0.0,0.0,0.0,0.0,0.71539306640625,24.182830810546875,0.0,0.0,0.0,0.0,0.694610595703125,24.536995887756348,0.0,0.0,0.0,0.0,0.7588415145874023,25.092037200927734,0.0,0.0,0.0,0.0,0.71917724609375,25.91147232055664,0.0,0.0,0.0,0.0,0.7822775840759277,24.846312999725342,0.0,0.0,0.0,0.0,0.7636153697967529,26.569530248641968,0.0,0.0,0.0,0.0,0.8012731075286865,28.2363458275795,0.0,0.0,0.0,0.0
6,hallucinated,38,0.9065933227539062,23.41124266386032,0.0,0.0,0.0,0.0,0.6414031982421875,21.370906829833984,0.0,0.0,0.0,0.0,0.8737945556640625,22.271671295166016,0.05376434326171875,1.211846649646759,0.8789215087890625,0.9326858520507812,0.8663330078125,22.612197875976562,0.0514678955078125,1.1258010864257812,0.87139892578125,0.9228668212890625,0.85247802734375,22.532222747802734,0.0,0.0,0.0,0.0,0.8486328125,22.784427642822266,0.0,0.0,0.0,0.0,0.8271713256835938,23.11667251586914,0.0,0.0,0.0,0.0,0.7587318420410156,23.44644546508789,0.0,0.0,0.0,0.0,0.7602729797363281,23.940610885620117,0.0,0.0,0.0,0.0,0.7347784042358398,23.43737894296646,0.0,0.0,0.0,0.0,0.7676486968994141,24.5669002532959,0.0,0.0,0.0,0.0,0.8300762176513672,23.723852157592773,0.0,0.0,0.0,0.0,0.75616455078125,23.463900566101074,0.0,0.0,0.0,0.0,0.8061752319335938,24.93215560913086,0.0,0.0,0.0,0.0,0.8043899536132812,23.628811240196228,0.0,0.0,0.0,0.0,0.8053131103515625,24.254583597183228,0.0,0.0,0.0,0.0,0.7931747436523438,24.145098447799683,0.008209228515625,0.008209228515625,0.8314666748046875,0.8396759033203125,0.806610107421875,24.309585571289062,0.0,0.0,0.0,0.0,0.804473876953125,23.923646926879883,0.0,0.0,0.0,0.0,0.8089526891708374,23.6162189245224,0.0,0.0,0.0,0.0,0.752532958984375,22.702146530151367,0.0,0.0,0.0,0.0,0.745208740234375,22.574321746826172,0.0,0.0,0.0,0.0,0.7315444946289062,22.326988220214844,0.0,0.0,0.0,0.0,0.732269287109375,22.839981079101562,0.0,0.0,0.0,0.0,0.6897964477539062,22.253296852111816,0.0,0.0,0.0,0.0,0.71539306640625,22.423851013183594,0.0,0.0,0.0,0.0,0.694610595703125,22.6327166557312,0.0,0.0,0.0,0.0,0.7588415145874023,23.173175811767578,0.0,0.0,0.0,0.0,0.71917724609375,23.941946029663086,0.0,0.0,0.0,0.0,0.7822775840759277,23.034965991973877,0.0,0.0,0.0,0.0,0.7242269515991211,24.399685859680176,0.0,0.0,0.0,0.0,0.7906351089477539,25.99029576778412,0.0,0.0,0.0,0.0
7,grounded,59,0.9333362579345703,37.397890985012054,0.0,0.0,0.0,0.0,0.6403656005859375,33.60380554199219,0.0,0.0,0.0,0.0,0.87884521484375,35.41808319091797,0.05303192138671875,1.994476854801178,0.8797454833984375,0.9327774047851562,0.869384765625,35.858428955078125,0.05287933349609375,1.9271163940429688,0.8701095581054688,0.9229888916015625,0.8525238037109375,35.52171516418457,0.0,0.0,0.0,0.0,0.848602294921875,36.14035606384277,0.0,0.0,0.0,0.0,0.8268585205078125,37.017866134643555,0.0,0.0,0.0,0.0,0.7959308624267578,38.69570732116699,0.0,0.0,0.0,0.0,0.7617340087890625,38.988948822021484,0.0,0.0,0.0,0.0,0.8110694885253906,38.90191459655762,0.0,0.0,0.0,0.0,0.8211135864257812,40.790693283081055,0.0,0.0,0.0,0.0,0.8178443908691406,39.96008491516113,0.04402446746826172,0.06960868835449219,0.7863121032714844,0.8303365707397461,0.8218793869018555,39.475314140319824,0.0,0.0,0.0,0.0,0.8575897216796875,41.90984344482422,0.0,0.0,0.0,0.0,0.8105926513671875,39.226370215415955,0.0,0.0,0.0,0.0,0.8314332962036133,39.744550704956055,0.0,0.0,0.0,0.0,0.8419151306152344,39.656113624572754,0.0,0.0,0.0,0.0,0.8251991271972656,39.84200191497803,0.0,0.0,0.0,0.0,0.80548095703125,39.03200054168701,0.0,0.0,0.0,0.0,0.810272216796875,39.85637843608856,0.0,0.0,0.0,0.0,0.752777099609375,37.895445346832275,0.0,0.0,0.0,0.0,0.7450408935546875,36.366851806640625,0.0,0.0,0.0,0.0,0.7321548461914062,35.89853477478027,0.0,0.0,0.0,0.0,0.7594423294067383,37.111680030822754,0.0,0.0,0.0,0.0,0.700225830078125,35.56599044799805,0.0,0.0,0.0,0.0,0.71490478515625,35.356130599975586,0.0,0.0,0.0,0.0,0.7140350341796875,35.84848690032959,0.0,0.0,0.0,0.0,0.7586355209350586,36.987637519836426,0.0,0.0,0.0,0.0,0.74658203125,38.106881856918335,0.0,0.0,0.0,0.0,0.7819626331329346,36.34874081611633,0.0,0.0,0.0,0.0,0.7650680541992188,38.675206422805786,0.0,0.0,0.0,0.0,0.8062381744384766,41.0243176817894,0.0,0.0,0.0,0.0
7,hallucinated,61,0.9355297088623047,38.785212099552155,0.0,0.0,0.0,0.0,0.6403656005859375,34.77754211425781,0.0,0.0,0.0,0.0,0.87884521484375,36.58985900878906,0.05303192138671875,2.0331807732582092,0.8797454833984375,0.9327774047851562,0.869384765625,37.049476623535156,0.05287933349609375,1.9812583923339844,0.8701095581054688,0.9229888916015625,0.8525238037109375,36.85193061828613,0.0,0.0,0.0,0.0,0.848602294921875,37.3316764831543,0.0,0.0,0.0,0.0,0.8268585205078125,38.24449920654297,0.0,0.0,0.0,0.0,0.7862339019775391,40.05356788635254,0.0,0.0,0.0,0.0,0.7605133056640625,40.26225662231445,0.0,0.0,0.0,0.0,0.7945098876953125,40.374298095703125,0.0,0.0,0.0,0.0,0.7926788330078125,41.98137092590332,0.0,0.0,0.0,0.0,0.7925376892089844,41.02762794494629,0.04402446746826172,0.10747623443603516,0.7863121032714844,0.8303365707397461,0.8168058395385742,40.77631092071533,0.0,0.0,0.0,0.0,0.8509445190429688,43.051435470581055,0.0,0.0,0.0,0.0,0.8078193664550781,40.54448223114014,0.0,0.0,0.0,0.0,0.8215417861938477,40.79689264297485,0.00109100341796875,0.00109100341796875,0.8048019409179688,0.8058929443359375,0.8361873626708984,40.920008182525635,0.0221405029296875,0.036083221435546875,0.8180999755859375,0.840240478515625,0.8176021575927734,41.053446769714355,0.0,0.0,0.0,0.0,0.80548095703125,40.537044525146484,0.0,0.0,0.0,0.0,0.8171882629394531,41.26295268535614,0.0,0.0,0.0,0.0,0.752777099609375,39.33511543273926,0.0,0.0,0.0,0.0,0.7450408935546875,37.48204040527344,0.0,0.0,0.0,0.0,0.7321548461914062,37.127586364746094,0.0,0.0,0.0,0.0,0.7594423294067383,38.41946887969971,0.0,0.0,0.0,0.0,0.700225830078125,36.560550689697266,0.0,0.0,0.0,0.0,0.71490478515625,36.4617805480957,0.0,0.0,0.0,0.0,0.7140350341796875,37.010098934173584,0.0,0.0,0.0,0.0,0.7586355209350586,38.22368144989014,0.0,0.0,0.0,0.0,0.7424218654632568,39.4660165309906,0.0,0.0,0.0,0.0,0.7819626331329346,37.59229302406311,0.0,0.0,0.0,0.0,0.7631816864013672,40.02272343635559,0.0,0.0,0.0,0.0,0.798861026763916,42.62953245639801,0.0,0.0,0.0,0.0
8,grounded,42,0.9148406982421875,26.1574005484581,0.0,0.0,0.0,0.0,0.6414718627929688,23.750598907470703,0.0,0.0,0.0,0.0,0.8560943603515625,24.800331115722656,0.06475067138671875,1.4418070316314697,0.8679351806640625,0.9326858520507812,0.8652267456054688,25.12523651123047,0.05511474609375,1.292022705078125,0.8677520751953125,0.9228668212890625,0.85247802734375,24.882827758789062,0.0,0.0,0.0,0.0,0.8486328125,25.256027221679688,0.0,0.0,0.0,0.0,0.8271713256835938,25.853404998779297,0.0,0.0,0.0,0.0,0.7556838989257812,26.196523666381836,0.0,0.0,0.0,0.0,0.7602729797363281,26.657556533813477,0.0,0.0,0.0,0.0,0.7393054962158203,25.98076820373535,0.0,0.0,0.0,0.0,0.7676486968994141,27.059457778930664,0.0,0.0,0.0,0.0,0.8300762176513672,26.629749298095703,0.0,0.0,0.0,0.0,0.75616455078125,26.2850341796875,0.0,0.0,0.0,0.0,0.8061752319335938,27.679709434509277,0.0,0.0,0.0,0.0,0.8043899536132812,26.3580379486084,0.0,0.0,0.0,0.0,0.8053131103515625,26.463233947753906,0.0,0.0,0.0,0.0,0.7660198211669922,26.49937152862549,0.0462493896484375,0.0462493896484375,0.793426513671875,0.8396759033203125,0.806610107421875,26.926548957824707,0.0,0.0,0.0,0.0,0.804473876953125,26.875694274902344,0.0,0.0,0.0,0.0,0.8089526891708374,27.127828001976013,0.0,0.0,0.0,0.0,0.752532958984375,25.524659633636475,0.0,0.0,0.0,0.0,0.745208740234375,25.15044403076172,0.0,0.0,0.0,0.0,0.7315444946289062,24.741443634033203,0.0,0.0,0.0,0.0,0.732269287109375,25.46405792236328,0.0,0.0,0.0,0.0,0.6897964477539062,24.63353729248047,0.0,0.0,0.0,0.0,0.71539306640625,24.7302303314209,0.0,0.0,0.0,0.0,0.694610595703125,24.798391938209534,0.0,0.0,0.0,0.0,0.7588415145874023,25.6434046626091,0.0,0.0,0.0,0.0,0.7537975311279297,26.456322193145752,0.0,0.0,0.0,0.0,0.7822775840759277,25.826194941997528,0.0,0.0,0.0,0.0,0.7953286170959473,27.498078107833862,0.0,0.0,0.0,0.0,0.8393129110336304,29.320812821388245,0.0,0.0,0.0,0.0
8,hallucinated,42,0.9148101806640625,26.15511554479599,0.0,0.0,0.0,0.0,0.6414718627929688,23.743724822998047,0.0,0.0,0.0,0.0,0.8560943603515625,24.795833587646484,0.06475067138671875,1.4487465620040894,0.8679351806640625,0.9326858520507812,0.8652267456054688,25.13927459716797,0.05511474609375,1.2887649536132812,0.8677520751953125,0.9228668212890625,0.85247802734375,24.873916625976562,0.0,0.0,0.0,0.0,0.8486328125,25.24374008178711,0.0,0.0,0.0,0.0,0.8271713256835938,25.820430755615234,0.0,0.0,0.0,0.0,0.7556838989257812,26.141191482543945,0.0,0.0,0.0,0.0,0.7602729797363281,26.637060165405273,0.0,0.0,0.0,0.0,0.7393054962158203,25.9099063873291,0.0,0.0,0.0,0.0,0.7676486968994141,27.021371841430664,0.0,0.0,0.0,0.0,0.8300762176513672,26.597732543945312,0.0,0.0,0.0,0.0,0.75616455078125,26.268680572509766,0.0,0.0,0.0,0.0,0.8061752319335938,27.602484703063965,0.0,0.0,0.0,0.0,0.8043899536132812,26.38961887359619,0.0,0.0,0.0,0.0,0.8053131103515625,26.509254455566406,0.0,0.0,0.0,0.0,0.7660198211669922,26.448459148406982,0.036102294921875,0.036102294921875,0.8035736083984375,0.8396759033203125,0.806610107421875,26.960869789123535,0.0,0.0,0.0,0.0,0.804473876953125,26.909259796142578,0.0,0.0,0.0,0.0,0.8089526891708374,27.130990386009216,0.0,0.0,0.0,0.0,0.752532958984375,25.52084732055664,0.0,0.0,0.0,0.0,0.745208740234375,25.11697006225586,0.0,0.0,0.0,0.0,0.7315444946289062,24.73829460144043,0.0,0.0,0.0,0.0,0.732269287109375,25.443241119384766,0.0,0.0,0.0,0.0,0.6897964477539062,24.631023406982422,0.0,0.0,0.0,0.0,0.71539306640625,24.766386032104492,0.0,0.0,0.0,0.0,0.694610595703125,24.814524292945862,0.0,0.0,0.0,0.0,0.7588415145874023,25.64138799905777,0.0,0.0,0.0,0.0,0.7508049011230469,26.433228492736816,0.0,0.0,0.0,0.0,0.7822775840759277,25.869727849960327,0.0,0.0,0.0,0.0,0.7928096055984497,27.52951753139496,0.0,0.0,0.0,0.0,0.8393129110336304,29.366507709026337,0.0,0.0,0.0,0.0
9,grounded,38,0.9033946990966797,23.07172042131424,0.0,0.0,0.0,0.0,0.6368637084960938,21.297792434692383,0.0,0.0,0.0,0.0,0.861236572265625,22.182178497314453,0.05886077880859375,1.2585850954055786,0.8738250732421875,0.9326858520507812,0.869476318359375,22.239227294921875,0.052978515625,1.1459884643554688,0.8698883056640625,0.9228668212890625,0.85247802734375,22.26177978515625,0.0,0.0,0.0,0.0,0.8486328125,22.673824310302734,0.0,0.0,0.0,0.0,0.8271713256835938,22.76372528076172,0.0,0.0,0.0,0.0,0.7510833740234375,23.401700973510742,0.0,0.0,0.0,0.0,0.7602729797363281,24.107860565185547,0.0,0.0,0.0,0.0,0.7701740264892578,24.177706718444824,0.0,0.0,0.0,0.0,0.7694244384765625,24.433900833129883,0.0,0.0,0.0,0.0,0.7737274169921875,24.523468017578125,0.0553436279296875,0.22280311584472656,0.7747325897216797,0.8300762176513672,0.7705116271972656,24.188194274902344,0.0,0.0,0.0,0.0,0.8071403503417969,25.09731674194336,0.010379791259765625,0.013101577758789062,0.7957954406738281,0.8061752319335938,0.772125244140625,24.261756896972656,0.03192901611328125,0.11363601684570312,0.7724609375,0.8043899536132812,0.7993240356445312,24.511780381202698,0.043331146240234375,0.10815048217773438,0.7619819641113281,0.8053131103515625,0.8195996284484863,24.48362970352173,0.06805419921875,0.29451751708984375,0.7716217041015625,0.8396759033203125,0.806610107421875,24.71947479248047,0.0,0.0,0.0,0.0,0.804473876953125,24.429035663604736,0.0,0.0,0.0,0.0,0.8089526891708374,24.293465971946716,0.0,0.0,0.0,0.0,0.752532958984375,23.000701427459717,0.0,0.0,0.0,0.0,0.745208740234375,22.82978916168213,0.0,0.0,0.0,0.0,0.7315444946289062,22.738622665405273,0.0,0.0,0.0,0.0,0.732269287109375,22.95004653930664,0.0,0.0,0.0,0.0,0.6897964477539062,22.38739013671875,0.0,0.0,0.0,0.0,0.71539306640625,22.61463165283203,0.0,0.0,0.0,0.0,0.694610595703125,22.602378845214844,0.0,0.0,0.0,0.0,0.7588415145874023,23.45383071899414,0.0,0.0,0.0,0.0,0.721527099609375,23.892736434936523,0.0,0.0,0.0,0.0,0.7822775840759277,23.407442569732666,0.0,0.0,0.0,0.0,0.7536611557006836,24.607040405273438,0.0,0.0,0.0,0.0,0.8290749788284302,26.039979994297028,0.0,0.0,0.0,0.0
9,hallucinated,38,0.9033966064453125,23.090311586856842,0.0,0.0,0.0,0.0,0.6368637084960938,21.34585952758789,0.0,0.0,0.0,0.0,0.861236572265625,22.186389923095703,0.05886077880859375,1.2372208833694458,0.8738250732421875,0.9326858520507812,0.869476318359375,22.270233154296875,0.052978515625,1.1379776000976562,0.8698883056640625,0.9228668212890625,0.85247802734375,22.295379638671875,0.0,0.0,0.0,0.0,0.8486328125,22.720394134521484,0.0,0.0,0.0,0.0,0.8271713256835938,22.78759002685547,0.0,0.0,0.0,0.0,0.7510833740234375,23.506698608398438,0.0,0.0,0.0,0.0,0.7602729797363281,24.065425872802734,0.0,0.0,0.0,0.0,0.7543869018554688,24.137362480163574,0.0,0.0,0.0,0.0,0.7676486968994141,24.385820388793945,0.0,0.0,0.0,0.0,0.7899322509765625,24.540111541748047,0.03936576843261719,0.153076171875,0.79071044921875,0.8300762176513672,0.7621040344238281,24.011795043945312,0.0,0.0,0.0,0.0,0.8071403503417969,25.11220932006836,0.00649261474609375,0.009214401245117188,0.7996826171875,0.8061752319335938,0.7825202941894531,24.180828094482422,0.0079498291015625,0.0135345458984375,0.7964401245117188,0.8043899536132812,0.7993240356445312,24.46135675907135,0.05367279052734375,0.22153854370117188,0.7516403198242188,0.8053131103515625,0.8195996284484863,24.44199800491333,0.06972122192382812,0.3133277893066406,0.7699546813964844,0.8396759033203125,0.806610107421875,24.812843322753906,0.0,0.0,0.0,0.0,0.7817039489746094,24.545483112335205,0.0,0.0,0.0,0.0,0.7953338623046875,24.38858127593994,0.0,0.0,0.0,0.0,0.752532958984375,22.996459484100342,0.0,0.0,0.0,0.0,0.745208740234375,22.825310707092285,0.0,0.0,0.0,0.0,0.7315444946289062,22.730558395385742,0.0,0.0,0.0,0.0,0.732269287109375,22.97439956665039,0.0,0.0,0.0,0.0,0.6897964477539062,22.360431671142578,0.0,0.0,0.0,0.0,0.71539306640625,22.560983657836914,0.0,0.0,0.0,0.0,0.694610595703125,22.574298858642578,0.0,0.0,0.0,0.0,0.7588415145874023,23.435111045837402,0.0,0.0,0.0,0.0,0.71917724609375,23.821043014526367,0.0,0.0,0.0,0.0,0.7822775840759277,23.467417240142822,0.0,0.0,0.0,0.0,0.7536611557006836,24.69520378112793,0.0,0.0,0.0,0.0,0.8290749788284302,26.098892092704773,0.0,0.0,0.0,0.0
10,grounded,49,0.9213962554931641,30.468606412410736,0.0,0.0,0.0,0.0,0.6433029174804688,27.69854736328125,0.0,0.0,0.0,0.0,0.8646392822265625,29.086288452148438,0.06282806396484375,1.7262758612632751,0.8698577880859375,0.9326858520507812,0.8658294677734375,29.34906005859375,0.05490875244140625,1.5886497497558594,0.8679580688476562,0.9228668212890625,0.85247802734375,29.080909729003906,0.0,0.0,0.0,0.0,0.8486328125,29.458681106567383,0.0,0.0,0.0,0.0,0.8271713256835938,30.162315368652344,0.0,0.0,0.0,0.0,0.7712287902832031,30.461406707763672,0.0,0.0,0.0,0.0,0.7602729797363281,31.34461498260498,0.0,0.0,0.0,0.0,0.7417411804199219,31.11096954345703,0.0,0.0,0.0,0.0,0.78570556640625,32.34140968322754,0.0,0.0,0.0,0.0,0.77215576171875,31.221940994262695,0.0,0.0,0.0,0.0,0.7626934051513672,31.277649879455566,0.0,0.0,0.0,0.0,0.8128547668457031,32.77532196044922,0.0,0.0,0.0,0.0,0.8043899536132812,31.089756965637207,0.0,0.0,0.0,0.0,0.8053131103515625,30.850499153137207,0.0,0.0,0.0,0.0,0.797175407409668,31.597739219665527,0.0416107177734375,0.04759979248046875,0.798065185546875,0.8396759033203125,0.806610107421875,32.1295051574707,0.0,0.0,0.0,0.0,0.804473876953125,31.610888481140137,0.0,0.0,0.0,0.0,0.8089526891708374,31.840085744857788,0.0,0.0,0.0,0.0,0.752532958984375,29.807003021240234,0.0,0.0,0.0,0.0,0.745208740234375,29.33757781982422,0.0,0.0,0.0,0.0,0.7315444946289062,29.219627380371094,0.0,0.0,0.0,0.0,0.732269287109375,29.979473114013672,0.0,0.0,0.0,0.0,0.6897964477539062,28.31385612487793,0.0,0.0,0.0,0.0,0.71539306640625,29.22087210416794,0.0,0.0,0.0,0.0,0.694610595703125,29.192379474639893,0.0,0.0,0.0,0.0,0.7588415145874023,30.183208465576172,0.0,0.0,0.0,0.0,0.7476577758789062,31.420979022979736,0.0,0.0,0.0,0.0,0.7822775840759277,30.458472728729248,0.0,0.0,0.0,0.0,0.7787635326385498,32.69647145271301,0.0,0.0,0.0,0.0,0.8217489123344421,34.54843783378601,0.0,0.0,0.0,0.0
10,hallucinated,49,0.9214038848876953,30.46494334936142,0.0,0.0,0.0,0.0,0.6433029174804688,27.697006225585938,0.0,0.0,0.0,0.0,0.8698577880859375,29.082962036132812,0.06269073486328125,1.704509198665619,0.8699951171875,0.9326858520507812,0.8658294677734375,29.340438842773438,0.0546875,1.5770339965820312,0.8681793212890625,0.9228668212890625,0.85247802734375,29.077369689941406,0.0,0.0,0.0,0.0,0.8486328125,29.473745346069336,0.0,0.0,0.0,0.0,0.8271713256835938,30.14051055908203,0.0,0.0,0.0,0.0,0.7694244384765625,30.48440933227539,0.0,0.0,0.0,0.0,0.7602729797363281,31.35898494720459,0.0,0.0,0.0,0.0,0.7397918701171875,31.07138442993164,0.0,0.0,0.0,0.0,0.7925186157226562,32.38226509094238,0.0,0.0,0.0,0.0,0.77215576171875,31.234804153442383,0.0,0.0,0.0,0.0,0.7614593505859375,31.309786796569824,0.0,0.0,0.0,0.0,0.8128547668457031,32.859734535217285,0.0,0.0,0.0,0.0,0.8043899536132812,31.097153663635254,0.0,0.0,0.0,0.0,0.8053131103515625,30.924156665802002,0.0,0.0,0.0,0.0,0.797175407409668,31.612717628479004,0.0416107177734375,0.04759979248046875,0.798065185546875,0.8396759033203125,0.806610107421875,32.13356018066406,0.0,0.0,0.0,0.0,0.804473876953125,31.57314395904541,0.0,0.0,0.0,0.0,0.8089526891708374,31.865940809249878,0.0,0.0,0.0,0.0,0.752532958984375,29.914554595947266,0.0,0.0,0.0,0.0,0.745208740234375,29.48834991455078,0.0,0.0,0.0,0.0,0.7315444946289062,29.31995391845703,0.0,0.0,0.0,0.0,0.732269287109375,30.074813842773438,0.0,0.0,0.0,0.0,0.6897964477539062,28.347143173217773,0.0,0.0,0.0,0.0,0.71539306640625,29.230223655700684,0.0,0.0,0.0,0.0,0.694610595703125,29.266296863555908,0.0,0.0,0.0,0.0,0.7588415145874023,30.308364868164062,0.0,0.0,0.0,0.0,0.7283668518066406,31.453347206115723,0.0,0.0,0.0,0.0,0.7822775840759277,30.475619554519653,0.0,0.0,0.0,0.0,0.7885345220565796,32.742767691612244,0.0,0.0,0.0,0.0,0.8103499412536621,34.456983625888824,0.0,0.0,0.0,0.0
11,grounded,36,0.9018707275390625,22.03528994321823,0.0,0.0,0.0,0.0,0.639617919921875,20.101825714111328,0.0,0.0,0.0,0.0,0.870513916015625,21.004859924316406,0.06201171875,1.1788801550865173,0.8706741333007812,0.9326858520507812,0.8702545166015625,21.1717529296875,0.0521087646484375,1.081024169921875,0.870758056640625,0.9228668212890625,0.85247802734375,21.332881927490234,0.0,0.0,0.0,0.0,0.8486328125,21.400306701660156,0.0,0.0,0.0,0.0,0.8271713256835938,21.830848693847656,0.0,0.0,0.0,0.0,0.7587432861328125,22.32596492767334,0.0,0.0,0.0,0.0,0.7609176635742188,22.7469482421875,0.0,0.0,0.0,0.0,0.7601776123046875,22.419418334960938,0.0,0.0,0.0,0.0,0.7676486968994141,23.366151809692383,0.0,0.0,0.0,0.0,0.8300762176513672,23.299219131469727,0.0,0.0,0.0,0.0,0.7988440990447998,22.78278422355652,0.0,0.0,0.0,0.0,0.8374862670898438,24.316717624664307,0.0,0.0,0.0,0.0,0.7828006744384766,22.87921142578125,0.0,0.0,0.0,0.0,0.8278055191040039,23.371493339538574,0.0,0.0,0.0,0.0,0.8257389068603516,23.40538787841797,0.0,0.0,0.0,0.0,0.806610107421875,23.213582515716553,0.0,0.0,0.0,0.0,0.804473876953125,23.00474977493286,0.0,0.0,0.0,0.0,0.8089526891708374,23.267171263694763,0.0,0.0,0.0,0.0,0.752532958984375,21.675192832946777,0.0,0.0,0.0,0.0,0.745208740234375,21.557533264160156,0.0,0.0,0.0,0.0,0.7315444946289062,21.21919822692871,0.0,0.0,0.0,0.0,0.732269287109375,21.81920623779297,0.0,0.0,0.0,0.0,0.6897964477539062,20.84283447265625,0.0,0.0,0.0,0.0,0.71539306640625,21.098003387451172,0.0,0.0,0.0,0.0,0.694610595703125,21.574947357177734,0.0,0.0,0.0,0.0,0.7588415145874023,22.006563186645508,0.0,0.0,0.0,0.0,0.7210845947265625,22.59246826171875,0.0,0.0,0.0,0.0,0.7822775840759277,21.734549045562744,0.0,0.0,0.0,0.0,0.7737178802490234,23.0938663482666,0.0,0.0,0.0,0.0,0.8072760105133057,24.63219541311264,0.0,0.0,0.0,0.0
11,hallucinated,36,0.9019012451171875,22.0358926653862,0.0,0.0,0.0,0.0,0.639617919921875,20.098987579345703,0.0,0.0,0.0,0.0,0.870513916015625,21.01300811767578,0.06201171875,1.1808790564537048,0.8706741333007812,0.9326858520507812,0.8699798583984375,21.163604736328125,0.0521087646484375,1.0828094482421875,0.870758056640625,0.9228668212890625,0.85247802734375,21.324657440185547,0.0,0.0,0.0,0.0,0.8486328125,21.38471221923828,0.0,0.0,0.0,0.0,0.8271713256835938,21.832740783691406,0.0,0.0,0.0,0.0,0.7587432861328125,22.316412925720215,0.0,0.0,0.0,0.0,0.7609176635742188,22.771026611328125,0.0,0.0,0.0,0.0,0.7601776123046875,22.42850112915039,0.0,0.0,0.0,0.0,0.7676486968994141,23.362031936645508,0.0,0.0,0.0,0.0,0.8300762176513672,23.317384719848633,0.0,0.0,0.0,0.0,0.8036891222000122,22.82458221912384,0.0,0.0,0.0,0.0,0.8288784027099609,24.231497287750244,0.0,0.0,0.0,0.0,0.7828006744384766,22.918859004974365,0.011882781982421875,0.011882781982421875,0.7925071716308594,0.8043899536132812,0.8278055191040039,23.40266704559326,0.0,0.0,0.0,0.0,0.8257389068603516,23.443378448486328,0.0,0.0,0.0,0.0,0.806610107421875,23.270995616912842,0.0,0.0,0.0,0.0,0.804473876953125,23.008129596710205,0.0,0.0,0.0,0.0,0.8089526891708374,23.364991545677185,0.0,0.0,0.0,0.0,0.752532958984375,21.67685604095459,0.0,0.0,0.0,0.0,0.745208740234375,21.559097290039062,0.0,0.0,0.0,0.0,0.7315444946289062,21.235754013061523,0.0,0.0,0.0,0.0,0.732269287109375,21.79581069946289,0.0,0.0,0.0,0.0,0.6897964477539062,20.848838806152344,0.0,0.0,0.0,0.0,0.71539306640625,21.079517364501953,0.0,0.0,0.0,0.0,0.694610595703125,21.551578521728516,0.0,0.0,0.0,0.0,0.7588415145874023,22.010395050048828,0.0,0.0,0.0,0.0,0.7210845947265625,22.606914520263672,0.0,0.0,0.0,0.0,0.7822775840759277,21.74136972427368,0.0,0.0,0.0,0.0,0.7737178802490234,23.13957977294922,0.0,0.0,0.0,0.0,0.8072760105133057,24.626886785030365,0.0,0.0,0.0,0.0
12,grounded,52,0.9259929656982422,32.63903111219406,0.0,0.0,0.0,0.0,0.6421241760253906,29.571706771850586,0.0,0.0,0.0,0.0,0.8691558837890625,30.86286163330078,0.05652618408203125,1.597214162349701,0.87615966796875,0.9326858520507812,0.8650054931640625,31.227569580078125,0.05316162109375,1.534353256225586,0.8697052001953125,0.9228668212890625,0.85247802734375,31.050472259521484,0.0,0.0,0.0,0.0,0.8486328125,31.51242446899414,0.0,0.0,0.0,0.0,0.8271713256835938,32.23070526123047,0.0,0.0,0.0,0.0,0.7729415893554688,32.995445251464844,0.0,0.0,0.0,0.0,0.7631912231445312,34.124303340911865,0.0,0.0,0.0,0.0,0.8134880065917969,33.91749668121338,0.0,0.0,0.0,0.0,0.7676486968994141,34.69586372375488,0.0,0.0,0.0,0.0,0.7905197143554688,34.39819145202637,0.06282997131347656,0.20325851440429688,0.7672462463378906,0.8300762176513672,0.8482017517089844,35.0361442565918,0.0,0.0,0.0,0.0,0.8429555892944336,36.03453350067139,0.033046722412109375,0.09032058715820312,0.7731285095214844,0.8061752319335938,0.7733840942382812,34.0434045791626,0.024792194366455078,0.04891633987426758,0.7795977592468262,0.8043899536132812,0.8106398582458496,34.66777324676514,0.060333251953125,0.11976242065429688,0.7449798583984375,0.8053131103515625,0.8414211273193359,34.69011306762695,0.0795440673828125,0.4239349365234375,0.7601318359375,0.8396759033203125,0.806610107421875,34.66144061088562,0.0,0.0,0.0,0.0,0.804473876953125,34.574554443359375,0.0,0.0,0.0,0.0,0.8251152038574219,35.213465094566345,0.0,0.0,0.0,0.0,0.7685890197753906,33.534356117248535,0.0,0.0,0.0,0.0,0.745208740234375,31.82805848121643,0.0,0.0,0.0,0.0,0.7315444946289062,31.456764221191406,0.0,0.0,0.0,0.0,0.732269287109375,32.03262901306152,0.0,0.0,0.0,0.0,0.6897964477539062,30.695724487304688,0.0,0.0,0.0,0.0,0.71539306640625,31.14903450012207,0.0,0.0,0.0,0.0,0.7083816528320312,31.771648406982422,0.0,0.0,0.0,0.0,0.7588415145874023,32.78046894073486,0.0,0.0,0.0,0.0,0.7750244140625,34.07952880859375,0.0,0.0,0.0,0.0,0.7822775840759277,32.63671064376831,0.0,0.0,0.0,0.0,0.8054749965667725,34.57255172729492,0.0,0.0,0.0,0.0,0.8398804664611816,36.85217076539993,0.0,0.0,0.0,0.0
12,hallucinated,51,0.9242305755615234,31.92499202489853,0.0,0.0,0.0,0.0,0.6421241760253906,28.91286277770996,0.0,0.0,0.0,0.0,0.8691558837890625,30.202560424804688,0.05652618408203125,1.5595211386680603,0.87615966796875,0.9326858520507812,0.8650054931640625,30.591796875,0.05316162109375,1.487936019897461,0.8697052001953125,0.9228668212890625,0.85247802734375,30.392391204833984,0.0,0.0,0.0,0.0,0.8486328125,30.81314468383789,0.0,0.0,0.0,0.0,0.8271713256835938,31.66893768310547,0.0,0.0,0.0,0.0,0.7729415893554688,32.19243240356445,0.0,0.0,0.0,0.0,0.7631912231445312,33.48484563827515,0.0,0.0,0.0,0.0,0.8134880065917969,33.306511878967285,0.0,0.0,0.0,0.0,0.7676486968994141,33.930192947387695,0.0,0.0,0.0,0.0,0.7905197143554688,33.56163215637207,0.06282997131347656,0.20325851440429688,0.7672462463378906,0.8300762176513672,0.8482017517089844,34.389474868774414,0.0,0.0,0.0,0.0,0.8420963287353516,35.122398376464844,0.033046722412109375,0.09032058715820312,0.7731285095214844,0.8061752319335938,0.7733840942382812,33.32868432998657,0.024792194366455078,0.04891633987426758,0.7795977592468262,0.8043899536132812,0.8106398582458496,33.82249313592911,0.060333251953125,0.14568328857421875,0.7449798583984375,0.8053131103515625,0.8414211273193359,33.95780944824219,0.0795440673828125,0.4810752868652344,0.7601318359375,0.8396759033203125,0.806610107421875,33.87171816825867,0.0,0.0,0.0,0.0,0.804473876953125,34.0753276348114,0.0,0.0,0.0,0.0,0.8251152038574219,34.656532526016235,0.0,0.0,0.0,0.0,0.7685890197753906,32.86989688873291,0.0,0.0,0.0,0.0,0.745208740234375,31.15337586402893,0.0,0.0,0.0,0.0,0.7315444946289062,30.81717300415039,0.0,0.0,0.0,0.0,0.732269287109375,31.310575485229492,0.0,0.0,0.0,0.0,0.6897964477539062,29.926254272460938,0.0,0.0,0.0,0.0,0.71539306640625,30.415613174438477,0.0,0.0,0.0,0.0,0.7083816528320312,31.04600715637207,0.0,0.0,0.0,0.0,0.7588415145874023,32.05851459503174,0.0,0.0,0.0,0.0,0.7750430107116699,33.46348714828491,0.0,0.0,0.0,0.0,0.7822775840759277,32.09334993362427,0.0,0.0,0.0,0.0,0.8050899505615234,33.99742913246155,0.0,0.0,0.0,0.0,0.8398804664611816,36.27272284030914,0.0,0.0,0.0,0.0
13,grounded,45,0.9155559539794922,27.805138766765594,0.0,0.0,0.0,0.0,0.6363487243652344,25.378501892089844,0.0,0.0,0.0,0.0,0.8645172119140625,26.30072784423828,0.05773162841796875,1.4863733053207397,0.8749542236328125,0.9326858520507812,0.8632049560546875,26.850509643554688,0.0567169189453125,1.4679489135742188,0.86614990234375,0.9228668212890625,0.85247802734375,26.698467254638672,0.0,0.0,0.0,0.0,0.8486328125,27.215423583984375,0.0,0.0,0.0,0.0,0.8271713256835938,27.77609634399414,0.0,0.0,0.0,0.0,0.7596664428710938,28.83656597137451,0.0,0.0,0.0,0.0,0.7611083984375,28.6943302154541,0.0,0.0,0.0,0.0,0.764923095703125,28.647859573364258,0.0,0.0,0.0,0.0,0.7686309814453125,29.484041213989258,0.0,0.0,0.0,0.0,0.7805633544921875,29.33742904663086,0.016702651977539062,0.04127311706542969,0.8133735656738281,0.8300762176513672,0.7968292236328125,29.17942714691162,0.0,0.0,0.0,0.0,0.8561019897460938,30.824644088745117,0.0,0.0,0.0,0.0,0.8034920692443848,29.273969650268555,0.0302581787109375,0.0420684814453125,0.7741317749023438,0.8043899536132812,0.8124237060546875,29.675862312316895,0.009988784790039062,0.028812408447265625,0.7953243255615234,0.8053131103515625,0.8332760334014893,29.99454617500305,0.077484130859375,0.29029083251953125,0.7621917724609375,0.8396759033203125,0.792144775390625,30.00191879272461,0.0,0.0,0.0,0.0,0.804473876953125,29.40629816055298,0.0,0.0,0.0,0.0,0.8089526891708374,29.980587363243103,0.0,0.0,0.0,0.0,0.752532958984375,28.109203338623047,0.0,0.0,0.0,0.0,0.745208740234375,27.561256408691406,0.0,0.0,0.0,0.0,0.7315444946289062,27.300395965576172,0.0,0.0,0.0,0.0,0.732269287109375,27.72964859008789,0.0,0.0,0.0,0.0,0.6897964477539062,26.740053176879883,0.0,0.0,0.0,0.0,0.71539306640625,27.1458683013916,0.0,0.0,0.0,0.0,0.694610595703125,27.3167986869812,0.0,0.0,0.0,0.0,0.7588415145874023,28.191659450531006,0.0,0.0,0.0,0.0,0.7281646728515625,29.010208129882812,0.0,0.0,0.0,0.0,0.7822775840759277,27.756247997283936,0.0,0.0,0.0,0.0,0.7915431261062622,29.651957631111145,0.0,0.0,0.0,0.0,0.8130050897598267,31.18385910987854,0.0025914907455444336,0.0025914907455444336,0.814100980758667,0.8166924715042114
13,hallucinated,47,0.9169425964355469,29.024899065494537,0.0,0.0,0.0,0.0,0.6363487243652344,26.593849182128906,0.0,0.0,0.0,0.0,0.8645172119140625,27.53931427001953,0.05773162841796875,1.5241464376449585,0.8749542236328125,0.9326858520507812,0.8632049560546875,28.067855834960938,0.0567169189453125,1.489288330078125,0.86614990234375,0.9228668212890625,0.85247802734375,27.952083587646484,0.0,0.0,0.0,0.0,0.8486328125,28.498031616210938,0.0,0.0,0.0,0.0,0.8271713256835938,29.152408599853516,0.0,0.0,0.0,0.0,0.7644901275634766,30.33451271057129,0.0,0.0,0.0,0.0,0.7794036865234375,30.22035026550293,0.0,0.0,0.0,0.0,0.764923095703125,30.12572193145752,0.0,0.0,0.0,0.0,0.7984542846679688,31.067514419555664,0.0,0.0,0.0,0.0,0.7960205078125,30.702098846435547,0.016702651977539062,0.03454399108886719,0.8133735656738281,0.8300762176513672,0.7968292236328125,30.678152084350586,0.0,0.0,0.0,0.0,0.8305473327636719,32.301475524902344,0.00583648681640625,0.00583648681640625,0.8003387451171875,0.8061752319335938,0.7911243438720703,30.671678066253662,0.0153045654296875,0.0271148681640625,0.7890853881835938,0.8043899536132812,0.8124237060546875,30.978373527526855,0.0022068023681640625,0.0040988922119140625,0.8031063079833984,0.8053131103515625,0.8332760334014893,31.26959729194641,0.06952667236328125,0.18759918212890625,0.7701492309570312,0.8396759033203125,0.792144775390625,31.346576690673828,0.0,0.0,0.0,0.0,0.804473876953125,30.74895715713501,0.0,0.0,0.0,0.0,0.8089526891708374,31.485382437705994,0.0,0.0,0.0,0.0,0.752532958984375,29.405067443847656,0.0,0.0,0.0,0.0,0.745208740234375,28.791038513183594,0.0,0.0,0.0,0.0,0.7315444946289062,28.460063934326172,0.0,0.0,0.0,0.0,0.732269287109375,28.90169906616211,0.0,0.0,0.0,0.0,0.6897964477539062,27.930574417114258,0.0,0.0,0.0,0.0,0.71539306640625,28.311010360717773,0.0,0.0,0.0,0.0,0.694610595703125,28.56672239303589,0.0,0.0,0.0,0.0,0.7588415145874023,29.444227695465088,0.0,0.0,0.0,0.0,0.7281646728515625,30.327178955078125,0.0,0.0,0.0,0.0,0.7822775840759277,29.17699134349823,0.0,0.0,0.0,0.0,0.7994906902313232,31.110132098197937,0.0,0.0,0.0,0.0,0.8130050897598267,32.75071668624878,0.0025914907455444336,0.0025914907455444336,0.814100980758667,0.8166924715042114
14,grounded,54,0.9277935028076172,33.95466059446335,0.0,0.0,0.0,0.0,0.6413764953613281,30.735431671142578,0.0,0.0,0.0,0.0,0.86724853515625,32.028526306152344,0.06313323974609375,1.840157687664032,0.8696441650390625,0.9327774047851562,0.855438232421875,32.61883544921875,0.0567474365234375,1.6685943603515625,0.866241455078125,0.9229888916015625,0.8525238037109375,32.53493881225586,0.0,0.0,0.0,0.0,0.848602294921875,33.36041450500488,0.0,0.0,0.0,0.0,0.8268585205078125,33.95851993560791,0.0,0.0,0.0,0.0,0.7596969604492188,34.4315185546875,0.0,0.0,0.0,0.0,0.7694244384765625,35.29296684265137,0.0,0.0,0.0,0.0,0.7937850952148438,34.846238136291504,0.0,0.0,0.0,0.0,0.7792892456054688,36.42882537841797,0.0,0.0,0.0,0.0,0.79376220703125,35.84162616729736,0.0022764205932617188,0.0022764205932617188,0.8280601501464844,0.8303365707397461,0.7799148559570312,35.48985195159912,0.0,0.0,0.0,0.0,0.8630114793777466,37.880727648735046,0.0,0.0,0.0,0.0,0.7946188449859619,35.7577691078186,0.013895034790039062,0.04214620590209961,0.7909603118896484,0.8048553466796875,0.8267048597335815,35.96526062488556,0.0304412841796875,0.04796886444091797,0.77545166015625,0.8058929443359375,0.8121509552001953,36.26259982585907,0.05760955810546875,0.3660755157470703,0.7826309204101562,0.840240478515625,0.8072013854980469,36.14568781852722,0.0,0.0,0.0,0.0,0.8030319213867188,35.94993209838867,0.00061798095703125,0.00061798095703125,0.8048629760742188,0.80548095703125,0.8115196228027344,36.24364614486694,0.0,0.0,0.0,0.0,0.7631454467773438,33.935187339782715,0.0,0.0,0.0,0.0,0.7450408935546875,33.14299964904785,0.0,0.0,0.0,0.0,0.7321548461914062,32.6634635925293,0.0,0.0,0.0,0.0,0.7416510581970215,33.76545476913452,0.0,0.0,0.0,0.0,0.6894340515136719,32.2937970161438,0.0,0.0,0.0,0.0,0.71490478515625,32.396148681640625,0.0,0.0,0.0,0.0,0.7056083679199219,32.980029582977295,0.0,0.0,0.0,0.0,0.7586355209350586,34.01494884490967,0.0,0.0,0.0,0.0,0.7345724105834961,35.09983253479004,0.0,0.0,0.0,0.0,0.7819626331329346,33.975282073020935,0.0,0.0,0.0,0.0,0.7516708374023438,35.73783457279205,0.0,0.0,0.0,0.0,0.802719235420227,37.9667244553566,0.0,0.0,0.0,0.0
14,hallucinated,51,0.9260940551757812,32.00215429067612,0.0,0.0,0.0,0.0,0.6418533325195312,28.9029483795166,0.0,0.0,0.0,0.0,0.866546630859375,30.116674423217773,0.05495452880859375,1.7019586563110352,0.8777313232421875,0.9326858520507812,0.854736328125,30.612136840820312,0.057586669921875,1.5690460205078125,0.8652801513671875,0.9228668212890625,0.85247802734375,30.625961303710938,0.0,0.0,0.0,0.0,0.8486328125,31.30071258544922,0.0,0.0,0.0,0.0,0.8271713256835938,31.884963989257812,0.0,0.0,0.0,0.0,0.75555419921875,32.338409423828125,0.0,0.0,0.0,0.0,0.7605361938476562,33.08506488800049,0.0,0.0,0.0,0.0,0.7792587280273438,32.61656856536865,0.0,0.0,0.0,0.0,0.767822265625,34.103254318237305,0.0,0.0,0.0,0.0,0.7937583923339844,33.283188819885254,0.0,0.0,0.0,0.0,0.7768020629882812,33.09258794784546,0.0,0.0,0.0,0.0,0.8637990951538086,35.30881428718567,0.0,0.0,0.0,0.0,0.7945811748504639,33.34708523750305,0.008480072021484375,0.008480072021484375,0.7959098815917969,0.8043899536132812,0.8078794479370117,33.63947343826294,0.010936737060546875,0.015642166137695312,0.7943763732910156,0.8053131103515625,0.8255338668823242,34.03390818834305,0.08611297607421875,0.4243583679199219,0.7535629272460938,0.8396759033203125,0.806610107421875,33.78868252038956,0.0,0.0,0.0,0.0,0.7949247360229492,33.637977600097656,0.0015106201171875,0.0015106201171875,0.8029632568359375,0.804473876953125,0.8089526891708374,33.68269956111908,0.0,0.0,0.0,0.0,0.752532958984375,31.668033599853516,0.0,0.0,0.0,0.0,0.745208740234375,30.914522647857666,0.0,0.0,0.0,0.0,0.7315444946289062,30.45964241027832,0.0,0.0,0.0,0.0,0.7407035827636719,31.580232620239258,0.0,0.0,0.0,0.0,0.6897964477539062,30.2864990234375,0.0,0.0,0.0,0.0,0.71539306640625,30.31058692932129,0.0,0.0,0.0,0.0,0.7053871154785156,30.844744443893433,0.0,0.0,0.0,0.0,0.7588415145874023,31.989683151245117,0.0,0.0,0.0,0.0,0.7337169647216797,32.97056770324707,0.0,0.0,0.0,0.0,0.7822775840759277,31.901288866996765,0.0,0.0,0.0,0.0,0.7509241104125977,33.465779542922974,0.0,0.0,0.0,0.0,0.7983928918838501,35.67016488313675,0.0,0.0,0.0,0.0
15,grounded,56,0.9269218444824219,35.00112634897232,0.0,0.0,0.0,0.0,0.6379280090332031,31.90152359008789,0.0,0.0,0.0,0.0,0.870849609375,33.25037384033203,0.05559539794921875,1.9604696035385132,0.8771820068359375,0.9327774047851562,0.868377685546875,33.795135498046875,0.05218505859375,1.77215576171875,0.8708038330078125,0.9229888916015625,0.8525238037109375,34.04972839355469,0.0,0.0,0.0,0.0,0.848602294921875,34.67277240753174,0.0,0.0,0.0,0.0,0.8268585205078125,35.22646522521973,0.0,0.0,0.0,0.0,0.7717475891113281,36.13380289077759,0.0,0.0,0.0,0.0,0.7601947784423828,36.6948881149292,0.0,0.0,0.0,0.0,0.7354278564453125,35.7697639465332,0.0,0.0,0.0,0.0,0.7850799560546875,37.91741752624512,0.0,0.0,0.0,0.0,0.8130722045898438,37.13143539428711,0.0,0.0,0.0,0.0,0.7807197570800781,36.510135650634766,0.0,0.0,0.0,0.0,0.8500289916992188,39.201297760009766,0.0,0.0,0.0,0.0,0.8048553466796875,36.984719038009644,0.0,0.0,0.0,0.0,0.7945899963378906,37.05017614364624,0.0,0.0,0.0,0.0,0.8113317489624023,37.22300672531128,0.03035736083984375,0.0504150390625,0.8098831176757812,0.840240478515625,0.8072013854980469,37.17590618133545,0.0,0.0,0.0,0.0,0.80548095703125,37.05839920043945,0.0,0.0,0.0,0.0,0.8093174695968628,37.08096396923065,0.0,0.0,0.0,0.0,0.752777099609375,35.0822811126709,0.0,0.0,0.0,0.0,0.7450408935546875,34.30924606323242,0.0,0.0,0.0,0.0,0.7321548461914062,33.94608688354492,0.0,0.0,0.0,0.0,0.7526931762695312,34.830939292907715,0.0,0.0,0.0,0.0,0.6894340515136719,33.92843437194824,0.0,0.0,0.0,0.0,0.71490478515625,33.741044998168945,0.0,0.0,0.0,0.0,0.700347900390625,34.228148460388184,0.0,0.0,0.0,0.0,0.7586355209350586,34.8911235332489,0.0,0.0,0.0,0.0,0.7302970886230469,36.056355476379395,0.0,0.0,0.0,0.0,0.7819626331329346,34.942620038986206,0.0,0.0,0.0,0.0,0.7472801208496094,36.8369026184082,0.0,0.0,0.0,0.0,0.805056095123291,38.89563053846359,0.0,0.0,0.0,0.0
15,hallucinated,53,0.9241714477539062,33.01589220762253,0.0,0.0,0.0,0.0,0.6376991271972656,30.143099784851074,0.0,0.0,0.0,0.0,0.8699951171875,31.576194763183594,0.05435943603515625,1.7463820576667786,0.878326416015625,0.9326858520507812,0.867706298828125,31.833892822265625,0.0527801513671875,1.6616363525390625,0.870086669921875,0.9228668212890625,0.85247802734375,32.28487014770508,0.0,0.0,0.0,0.0,0.8486328125,32.93347454071045,0.0,0.0,0.0,0.0,0.8271713256835938,33.294044494628906,0.0,0.0,0.0,0.0,0.7654991149902344,34.260297775268555,0.0,0.0,0.0,0.0,0.7810287475585938,34.91359043121338,0.0,0.0,0.0,0.0,0.7364501953125,33.92481231689453,0.0,0.0,0.0,0.0,0.7715988159179688,35.75672721862793,0.0,0.0,0.0,0.0,0.8027496337890625,35.092519760131836,0.0,0.0,0.0,0.0,0.8147287368774414,34.53987407684326,0.0,0.0,0.0,0.0,0.8579788208007812,37.24595069885254,0.0,0.0,0.0,0.0,0.8043899536132812,35.2082941532135,0.0,0.0,0.0,0.0,0.7947044372558594,34.97546720504761,0.0,0.0,0.0,0.0,0.8105583190917969,35.19665336608887,0.03047943115234375,0.03047943115234375,0.8091964721679688,0.8396759033203125,0.806610107421875,35.05924606323242,0.0,0.0,0.0,0.0,0.804473876953125,34.85525894165039,0.0,0.0,0.0,0.0,0.8089526891708374,34.850698828697205,0.0,0.0,0.0,0.0,0.752532958984375,32.9615364074707,0.0,0.0,0.0,0.0,0.745208740234375,32.30367851257324,0.0,0.0,0.0,0.0,0.7315444946289062,32.185787200927734,0.0,0.0,0.0,0.0,0.732269287109375,32.87838077545166,0.0,0.0,0.0,0.0,0.690826416015625,32.020484924316406,0.0,0.0,0.0,0.0,0.71539306640625,31.83562660217285,0.0,0.0,0.0,0.0,0.7005844116210938,32.317166328430176,0.0,0.0,0.0,0.0,0.7588415145874023,32.786649227142334,0.0,0.0,0.0,0.0,0.7263975143432617,33.868793964385986,0.0,0.0,0.0,0.0,0.7822775840759277,32.88971185684204,0.0,0.0,0.0,0.0,0.747166633605957,34.636478424072266,0.0,0.0,0.0,0.0,0.799656867980957,36.465668737888336,0.0,0.0,0.0,0.0
16,grounded,48,0.9180774688720703,29.778700053691864,0.0,0.0,0.0,0.0,0.6393966674804688,27.177356719970703,0.0,0.0,0.0,0.0,0.87518310546875,28.177608489990234,0.05655670166015625,1.5943205952644348,0.876129150390625,0.9326858520507812,0.8657073974609375,28.640792846679688,0.0561065673828125,1.5775527954101562,0.86676025390625,0.9228668212890625,0.85247802734375,28.724254608154297,0.0,0.0,0.0,0.0,0.8486328125,29.14638900756836,0.0,0.0,0.0,0.0,0.8271713256835938,30.03179168701172,0.0,0.0,0.0,0.0,0.7935791015625,31.240509033203125,0.0,0.0,0.0,0.0,0.7602729797363281,30.961950302124023,0.0,0.0,0.0,0.0,0.756439208984375,30.595760345458984,0.0,0.0,0.0,0.0,0.7961235046386719,32.051401138305664,0.0,0.0,0.0,0.0,0.8300762176513672,30.920324325561523,0.0,0.0,0.0,0.0,0.7908248901367188,31.088449478149414,0.0,0.0,0.0,0.0,0.8298530578613281,33.2566032409668,0.0,0.0,0.0,0.0,0.7995452880859375,31.571972846984863,0.0,0.0,0.0,0.0,0.8233833312988281,32.38789588212967,0.02481842041015625,0.055999755859375,0.7804946899414062,0.8053131103515625,0.8586807250976562,32.70045280456543,0.0530242919921875,0.1467742919921875,0.786651611328125,0.8396759033203125,0.8099803924560547,32.280763387680054,0.0,0.0,0.0,0.0,0.8189878463745117,31.620152950286865,0.0,0.0,0.0,0.0,0.822758674621582,31.834046483039856,0.0,0.0,0.0,0.0,0.752532958984375,29.533937454223633,0.0,0.0,0.0,0.0,0.745208740234375,29.416848182678223,0.0,0.0,0.0,0.0,0.7315444946289062,28.861948013305664,0.0,0.0,0.0,0.0,0.732269287109375,29.6756010055542,0.0,0.0,0.0,0.0,0.6897964477539062,28.943525314331055,0.0,0.0,0.0,0.0,0.71539306640625,28.79069709777832,0.0,0.0,0.0,0.0,0.694610595703125,28.901095390319824,0.0,0.0,0.0,0.0,0.7588415145874023,29.938276290893555,0.0,0.0,0.0,0.0,0.7229995727539062,30.47317886352539,0.0,0.0,0.0,0.0,0.7822775840759277,29.45716142654419,0.0,0.0,0.0,0.0,0.7523460388183594,31.323542594909668,0.0,0.0,0.0,0.0,0.7996478080749512,32.91946107149124,0.0,0.0,0.0,0.0
16,hallucinated,49,0.9201412200927734,30.46105259656906,0.0,0.0,0.0,0.0,0.6393966674804688,27.745410919189453,0.0,0.0,0.0,0.0,0.87518310546875,28.831340789794922,0.05655670166015625,1.6282485127449036,0.876129150390625,0.9326858520507812,0.8657073974609375,29.250808715820312,0.0561065673828125,1.6156463623046875,0.86676025390625,0.9228668212890625,0.85247802734375,29.324962615966797,0.0,0.0,0.0,0.0,0.8486328125,29.761411666870117,0.0,0.0,0.0,0.0,0.8271713256835938,30.645103454589844,0.0,0.0,0.0,0.0,0.7935791015625,31.921737670898438,0.0,0.0,0.0,0.0,0.7602729797363281,31.695478439331055,0.0,0.0,0.0,0.0,0.755523681640625,31.23611831665039,0.0,0.0,0.0,0.0,0.7705612182617188,32.71481132507324,0.0,0.0,0.0,0.0,0.8300762176513672,31.571462631225586,0.0,0.0,0.0,0.0,0.7910346984863281,31.824085235595703,0.0,0.0,0.0,0.0,0.8297958374023438,33.9931526184082,0.0,0.0,0.0,0.0,0.8043899536132812,32.280792236328125,0.0,0.0,0.0,0.0,0.8235549926757812,33.101665914058685,0.0212860107421875,0.04724311828613281,0.784027099609375,0.8053131103515625,0.8591156005859375,33.36979866027832,0.04996490478515625,0.11513519287109375,0.7897109985351562,0.8396759033203125,0.809077262878418,32.986164569854736,0.0,0.0,0.0,0.0,0.8191862106323242,32.3177285194397,0.0,0.0,0.0,0.0,0.8221397399902344,32.60486304759979,0.0,0.0,0.0,0.0,0.752532958984375,30.11833095550537,0.0,0.0,0.0,0.0,0.745208740234375,29.986262321472168,0.0,0.0,0.0,0.0,0.7315444946289062,29.41444206237793,0.0,0.0,0.0,0.0,0.732269287109375,30.246251106262207,0.0,0.0,0.0,0.0,0.6897964477539062,29.52450942993164,0.0,0.0,0.0,0.0,0.71539306640625,29.364334106445312,0.0,0.0,0.0,0.0,0.694610595703125,29.49783992767334,0.0,0.0,0.0,0.0,0.7588415145874023,30.59639263153076,0.0,0.0,0.0,0.0,0.72332763671875,31.169045448303223,0.0,0.0,0.0,0.0,0.7822775840759277,30.086042881011963,0.0,0.0,0.0,0.0,0.7525863647460938,31.954410076141357,0.0,0.0,0.0,0.0,0.7997581958770752,33.582581996917725,0.0,0.0,0.0,0.0
17,grounded,41,0.9087543487548828,25.28293150663376,0.0,0.0,0.0,0.0,0.6404800415039062,23.05364990234375,0.0,0.0,0.0,0.0,0.87548828125,24.029804229736328,0.05622100830078125,1.3285745978355408,0.87646484375,0.9326858520507812,0.8704833984375,24.351470947265625,0.0516510009765625,1.2816085815429688,0.8712158203125,0.9228668212890625,0.85247802734375,24.23611831665039,0.0,0.0,0.0,0.0,0.8486328125,24.5452938079834,0.0,0.0,0.0,0.0,0.8271713256835938,25.365612030029297,0.0,0.0,0.0,0.0,0.7629432678222656,25.580581665039062,0.0,0.0,0.0,0.0,0.7602729797363281,25.925012588500977,0.0,0.0,0.0,0.0,0.7486495971679688,25.56832504272461,0.0,0.0,0.0,0.0,0.7676486968994141,26.792020797729492,0.0,0.0,0.0,0.0,0.8300762176513672,25.97837257385254,0.0,0.0,0.0,0.0,0.75616455078125,25.765347957611084,0.0,0.0,0.0,0.0,0.8275527954101562,27.38514518737793,0.0,0.0,0.0,0.0,0.8010787963867188,26.127212941646576,0.0,0.0,0.0,0.0,0.8122920989990234,26.564919471740723,0.0,0.0,0.0,0.0,0.8057708740234375,26.48975419998169,0.02423095703125,0.02423095703125,0.8154449462890625,0.8396759033203125,0.806610107421875,26.905508041381836,0.0,0.0,0.0,0.0,0.804473876953125,26.535043954849243,0.0,0.0,0.0,0.0,0.8089526891708374,26.379818320274353,0.0,0.0,0.0,0.0,0.752532958984375,24.847152709960938,0.0,0.0,0.0,0.0,0.745208740234375,24.557403564453125,0.0,0.0,0.0,0.0,0.7315444946289062,24.215240478515625,0.0,0.0,0.0,0.0,0.732269287109375,24.743263244628906,0.0,0.0,0.0,0.0,0.6897964477539062,24.21401596069336,0.0,0.0,0.0,0.0,0.71539306640625,24.337913513183594,0.0,0.0,0.0,0.0,0.694610595703125,24.475587844848633,0.0,0.0,0.0,0.0,0.7588415145874023,25.247333526611328,0.0,0.0,0.0,0.0,0.71917724609375,25.82672119140625,0.0,0.0,0.0,0.0,0.7822775840759277,24.60752272605896,0.0,0.0,0.0,0.0,0.7480239868164062,26.40964984893799,0.0,0.0,0.0,0.0,0.7818717956542969,27.88884174823761,0.0,0.0,0.0,0.0
17,hallucinated,42,0.910858154296875,25.9455549120903,0.0,0.0,0.0,0.0,0.6404800415039062,23.601024627685547,0.0,0.0,0.0,0.0,0.87548828125,24.665576934814453,0.05622100830078125,1.3524622321128845,0.87646484375,0.9326858520507812,0.8704833984375,24.994842529296875,0.0516510009765625,1.307098388671875,0.8712158203125,0.9228668212890625,0.85247802734375,24.896564483642578,0.0,0.0,0.0,0.0,0.8486328125,25.289518356323242,0.0,0.0,0.0,0.0,0.8271713256835938,26.132152557373047,0.0,0.0,0.0,0.0,0.7629432678222656,26.34201431274414,0.0,0.0,0.0,0.0,0.7931747436523438,26.768877029418945,0.0,0.0,0.0,0.0,0.81549072265625,26.233543872833252,0.0,0.0,0.0,0.0,0.8292675018310547,27.535764694213867,0.0,0.0,0.0,0.0,0.8300762176513672,26.660858154296875,0.0,0.0,0.0,0.0,0.757756233215332,26.457733631134033,0.0,0.0,0.0,0.0,0.8339920043945312,28.133562088012695,0.0,0.0,0.0,0.0,0.8010787963867188,26.890322625637054,0.0,0.0,0.0,0.0,0.812934160232544,27.315465092658997,0.018317699432373047,0.018317699432373047,0.8053131103515625,0.8236308097839355,0.8036718368530273,27.095633029937744,0.035980224609375,0.07523345947265625,0.8036956787109375,0.8396759033203125,0.806610107421875,27.65607261657715,0.0,0.0,0.0,0.0,0.804473876953125,27.25329041481018,0.0,0.0,0.0,0.0,0.8089526891708374,26.86682164669037,0.0,0.0,0.0,0.0,0.752532958984375,25.428543090820312,0.0,0.0,0.0,0.0,0.745208740234375,25.412742614746094,0.0,0.0,0.0,0.0,0.7315444946289062,24.80126953125,0.0,0.0,0.0,0.0,0.732269287109375,25.468971252441406,0.0,0.0,0.0,0.0,0.6897964477539062,24.867733001708984,0.0,0.0,0.0,0.0,0.71539306640625,25.12657642364502,0.0,0.0,0.0,0.0,0.694610595703125,25.120456218719482,0.0,0.0,0.0,0.0,0.7588415145874023,26.119731903076172,0.0,0.0,0.0,0.0,0.7631454467773438,26.689891815185547,0.0,0.0,0.0,0.0,0.7822775840759277,25.350748777389526,0.0,0.0,0.0,0.0,0.7483482360839844,27.189531326293945,0.0,0.0,0.0,0.0,0.7842960357666016,28.75676190853119,0.0,0.0,0.0,0.0
18,grounded,40,0.9063243865966797,24.528993785381317,0.0,0.0,0.0,0.0,0.6368675231933594,22.446842193603516,0.0,0.0,0.0,0.0,0.873748779296875,23.316917419433594,0.05626678466796875,1.3182471990585327,0.8764190673828125,0.9326858520507812,0.864471435546875,23.78839111328125,0.0561065673828125,1.2578277587890625,0.86676025390625,0.9228668212890625,0.85247802734375,23.488845825195312,0.0,0.0,0.0,0.0,0.8486328125,23.91515350341797,0.0,0.0,0.0,0.0,0.8271713256835938,24.830638885498047,0.0,0.0,0.0,0.0,0.7645416259765625,25.35983657836914,0.0,0.0,0.0,0.0,0.7602729797363281,25.15810775756836,0.0,0.0,0.0,0.0,0.75714111328125,25.123233795166016,0.0,0.0,0.0,0.0,0.7783432006835938,26.079172134399414,0.0,0.0,0.0,0.0,0.8036041259765625,25.827817916870117,0.012762069702148438,0.022611618041992188,0.8173141479492188,0.8300762176513672,0.7678413391113281,25.67998504638672,0.0,0.0,0.0,0.0,0.8279285430908203,27.11504554748535,0.005802154541015625,0.005802154541015625,0.8003730773925781,0.8061752319335938,0.8043899536132812,25.635329723358154,0.0,0.0,0.0,0.0,0.8063240051269531,26.099811911582947,0.0144195556640625,0.0144195556640625,0.7908935546875,0.8053131103515625,0.7977418899536133,25.690316200256348,0.059539794921875,0.11423492431640625,0.7801361083984375,0.8396759033203125,0.806610107421875,26.006224632263184,0.0,0.0,0.0,0.0,0.804473876953125,25.48621940612793,0.0,0.0,0.0,0.0,0.8089526891708374,25.55675733089447,0.0,0.0,0.0,0.0,0.752532958984375,24.304759979248047,0.0,0.0,0.0,0.0,0.745208740234375,24.24056625366211,0.0,0.0,0.0,0.0,0.7315444946289062,23.82921600341797,0.0,0.0,0.0,0.0,0.732269287109375,24.693692207336426,0.0,0.0,0.0,0.0,0.6897964477539062,23.462364196777344,0.0,0.0,0.0,0.0,0.71539306640625,23.733837127685547,0.0,0.0,0.0,0.0,0.694610595703125,23.96718120574951,0.0,0.0,0.0,0.0,0.7588415145874023,24.77981185913086,0.0,0.0,0.0,0.0,0.71917724609375,25.22720718383789,0.0,0.0,0.0,0.0,0.7822775840759277,24.388973712921143,0.0,0.0,0.0,0.0,0.7662408351898193,25.98665952682495,0.0,0.0,0.0,0.0,0.8159950971603394,27.420035541057587,0.0,0.0,0.0,0.0
18,hallucinated,43,0.9115924835205078,26.48594492673874,0.0,0.0,0.0,0.0,0.6368675231933594,24.233936309814453,0.0,0.0,0.0,0.0,0.873748779296875,25.197715759277344,0.05626678466796875,1.4619239568710327,0.8764190673828125,0.9326858520507812,0.864471435546875,25.71875,0.0561065673828125,1.370208740234375,0.86676025390625,0.9228668212890625,0.85247802734375,25.337234497070312,0.0,0.0,0.0,0.0,0.8486328125,25.84130096435547,0.0,0.0,0.0,0.0,0.8271713256835938,26.734203338623047,0.0,0.0,0.0,0.0,0.7645416259765625,27.508296966552734,0.0,0.0,0.0,0.0,0.7602729797363281,27.29549789428711,0.0,0.0,0.0,0.0,0.75714111328125,27.155284881591797,0.0,0.0,0.0,0.0,0.789306640625,28.30101203918457,0.0,0.0,0.0,0.0,0.8036041259765625,27.988874435424805,0.0040950775146484375,0.0040950775146484375,0.8259811401367188,0.8300762176513672,0.7658348083496094,27.879789352416992,0.0,0.0,0.0,0.0,0.8183498382568359,29.43894863128662,0.01769256591796875,0.023494720458984375,0.788482666015625,0.8061752319335938,0.793426513671875,27.830989360809326,0.0,0.0,0.0,0.0,0.8063240051269531,28.404661536216736,0.0146942138671875,0.0146942138671875,0.790618896484375,0.8053131103515625,0.7977418899536133,27.748970985412598,0.059539794921875,0.1031646728515625,0.7801361083984375,0.8396759033203125,0.806610107421875,28.193564414978027,0.0,0.0,0.0,0.0,0.804473876953125,27.527395248413086,0.0,0.0,0.0,0.0,0.8089526891708374,27.56457555294037,0.0,0.0,0.0,0.0,0.752532958984375,26.25031280517578,0.0,0.0,0.0,0.0,0.745208740234375,26.151222229003906,0.0,0.0,0.0,0.0,0.7315444946289062,25.604881286621094,0.0,0.0,0.0,0.0,0.732269287109375,26.553260803222656,0.0,0.0,0.0,0.0,0.6897964477539062,25.363304138183594,0.0,0.0,0.0,0.0,0.71539306640625,25.561442136764526,0.0,0.0,0.0,0.0,0.694610595703125,25.905049324035645,0.0,0.0,0.0,0.0,0.7588415145874023,26.667522430419922,0.0,0.0,0.0,0.0,0.71917724609375,27.23641586303711,0.0,0.0,0.0,0.0,0.7822775840759277,26.277944087982178,0.0,0.0,0.0,0.0,0.7662408351898193,27.988733053207397,0.0,0.0,0.0,0.0,0.8159950971603394,29.50663912296295,0.0,0.0,0.0,0.0
19,grounded,35,0.9015598297119141,21.402266800403595,0.0,0.0,0.0,0.0,0.6405715942382812,19.53814697265625,0.0,0.0,0.0,0.0,0.87335205078125,20.17896270751953,0.05693817138671875,1.1428983211517334,0.8758392333984375,0.9327774047851562,0.871978759765625,20.53802490234375,0.050872802734375,1.0423049926757812,0.8721160888671875,0.9229888916015625,0.8525238037109375,20.394916534423828,0.0,0.0,0.0,0.0,0.848602294921875,20.44921875,0.0,0.0,0.0,0.0,0.8268585205078125,21.334930419921875,0.0,0.0,0.0,0.0,0.7529792785644531,21.250974655151367,0.0,0.0,0.0,0.0,0.7601947784423828,21.877229690551758,0.0,0.0,0.0,0.0,0.7421035766601562,21.24933624267578,0.0,0.0,0.0,0.0,0.7681903839111328,22.25811195373535,0.0,0.0,0.0,0.0,0.8288421630859375,21.82733154296875,0.0,0.0,0.0,0.0,0.7569427490234375,21.4449462890625,0.0,0.0,0.0,0.0,0.7901573181152344,22.309146881103516,0.0,0.0,0.0,0.0,0.7943038940429688,21.46685028076172,0.0,0.0,0.0,0.0,0.8020839691162109,21.50857663154602,0.0,0.0,0.0,0.0,0.8213355541229248,21.64902949333191,0.0741424560546875,0.0741424560546875,0.7660980224609375,0.840240478515625,0.8072013854980469,22.114089965820312,0.0,0.0,0.0,0.0,0.80548095703125,21.895028114318848,0.0,0.0,0.0,0.0,0.8093174695968628,22.067814707756042,0.0,0.0,0.0,0.0,0.752777099609375,20.812984466552734,0.0,0.0,0.0,0.0,0.7450408935546875,20.740331649780273,0.0,0.0,0.0,0.0,0.7321548461914062,20.5,0.0,0.0,0.0,0.0,0.7318572998046875,20.89336585998535,0.0,0.0,0.0,0.0,0.6894340515136719,20.269765853881836,0.0,0.0,0.0,0.0,0.71490478515625,20.513626098632812,0.0,0.0,0.0,0.0,0.694732666015625,20.566856384277344,0.0,0.0,0.0,0.0,0.7586355209350586,21.409034729003906,0.0,0.0,0.0,0.0,0.719512939453125,21.667028427124023,0.0,0.0,0.0,0.0,0.7819626331329346,21.136067628860474,0.0,0.0,0.0,0.0,0.760951042175293,22.317031860351562,0.0,0.0,0.0,0.0,0.8143562078475952,23.75826334953308,0.0,0.0,0.0,0.0
19,hallucinated,37,0.9076519012451172,22.81807941198349,0.0,0.0,0.0,0.0,0.6408882141113281,20.694122314453125,0.0,0.0,0.0,0.0,0.8726043701171875,21.510677337646484,0.05738067626953125,1.2137600779533386,0.87530517578125,0.9326858520507812,0.8709564208984375,21.77197265625,0.0513916015625,1.1143035888671875,0.8714752197265625,0.9228668212890625,0.85247802734375,21.621280670166016,0.0,0.0,0.0,0.0,0.8486328125,21.765213012695312,0.0,0.0,0.0,0.0,0.8271713256835938,22.570819854736328,0.0,0.0,0.0,0.0,0.7529716491699219,22.421688079833984,0.0,0.0,0.0,0.0,0.7602729797363281,23.200637817382812,0.0,0.0,0.0,0.0,0.7302703857421875,22.53249740600586,0.0,0.0,0.0,0.0,0.7676486968994141,23.65549659729004,0.0,0.0,0.0,0.0,0.8300762176513672,23.1640567779541,0.0,0.0,0.0,0.0,0.75616455078125,22.770069122314453,0.0,0.0,0.0,0.0,0.8061752319335938,23.830307006835938,0.0,0.0,0.0,0.0,0.8043899536132812,22.886749267578125,0.0,0.0,0.0,0.0,0.8053131103515625,22.9670193195343,0.0,0.0,0.0,0.0,0.8209788799285889,23.082735776901245,0.0,0.0,0.0,0.0,0.806610107421875,23.711498260498047,0.0,0.0,0.0,0.0,0.804473876953125,23.299410820007324,0.0,0.0,0.0,0.0,0.8089526891708374,23.65384328365326,0.0,0.0,0.0,0.0,0.752532958984375,22.360937118530273,0.0,0.0,0.0,0.0,0.745208740234375,22.075288772583008,0.0,0.0,0.0,0.0,0.7315444946289062,21.73089599609375,0.0,0.0,0.0,0.0,0.732269287109375,22.280099868774414,0.0,0.0,0.0,0.0,0.6897964477539062,21.560388565063477,0.0,0.0,0.0,0.0,0.71539306640625,21.79611587524414,0.0,0.0,0.0,0.0,0.694610595703125,21.8497314453125,0.0,0.0,0.0,0.0,0.7588415145874023,22.79130220413208,0.0,0.0,0.0,0.0,0.71917724609375,23.232780933380127,0.0,0.0,0.0,0.0,0.7822775840759277,22.43615883588791,0.0,0.0,0.0,0.0,0.7618989944458008,23.706957161426544,0.0,0.0,0.0,0.0,0.8134291172027588,25.35780119895935,0.0,0.0,0.0,0.0
20,grounded,46,0.9176120758056641,28.704025208950043,0.0,0.0,0.0,0.0,0.6393356323242188,26.129395484924316,0.0,0.0,0.0,0.0,0.854217529296875,26.966995239257812,0.07614898681640625,1.5956678986549377,0.856536865234375,0.9326858520507812,0.856170654296875,27.538803100585938,0.06458282470703125,1.4892578125,0.8582839965820312,0.9228668212890625,0.85247802734375,27.399948120117188,0.0,0.0,0.0,0.0,0.8486328125,27.66838836669922,0.0,0.0,0.0,0.0,0.8271713256835938,28.693161010742188,0.0,0.0,0.0,0.0,0.7676162719726562,29.238882064819336,0.0,0.0,0.0,0.0,0.7722110748291016,29.666654586791992,0.0,0.0,0.0,0.0,0.7633590698242188,29.157230377197266,0.0,0.0,0.0,0.0,0.7676486968994141,30.368947982788086,0.0,0.0,0.0,0.0,0.7895278930664062,30.124698638916016,0.03377342224121094,0.03377342224121094,0.7963027954101562,0.8300762176513672,0.7897186279296875,29.464990615844727,0.0,0.0,0.0,0.0,0.8282127380371094,31.25702667236328,0.0,0.0,0.0,0.0,0.7796497344970703,29.757131576538086,0.0,0.0,0.0,0.0,0.8354654312133789,30.099550247192383,0.0,0.0,0.0,0.0,0.8042316436767578,29.95379638671875,0.0490264892578125,0.14437103271484375,0.7906494140625,0.8396759033203125,0.806610107421875,30.259124755859375,0.0,0.0,0.0,0.0,0.804473876953125,30.013040781021118,0.0,0.0,0.0,0.0,0.8089526891708374,29.573471188545227,0.0,0.0,0.0,0.0,0.752532958984375,28.626614570617676,0.0,0.0,0.0,0.0,0.745208740234375,27.742141723632812,0.0,0.0,0.0,0.0,0.7315444946289062,27.472900390625,0.0,0.0,0.0,0.0,0.732269287109375,28.05999183654785,0.0,0.0,0.0,0.0,0.6897964477539062,27.158175468444824,0.0,0.0,0.0,0.0,0.71539306640625,27.230737686157227,0.0,0.0,0.0,0.0,0.694610595703125,27.685989379882812,0.0,0.0,0.0,0.0,0.7588415145874023,28.415565490722656,0.0,0.0,0.0,0.0,0.71917724609375,29.067228317260742,0.0,0.0,0.0,0.0,0.7822775840759277,28.31195878982544,0.0,0.0,0.0,0.0,0.7811353206634521,30.36147904396057,0.0,0.0,0.0,0.0,0.8170607089996338,31.983562111854553,0.0,0.0,0.0,0.0
20,hallucinated,44,0.9149570465087891,27.404841125011444,0.0,0.0,0.0,0.0,0.6393356323242188,24.94202423095703,0.0,0.0,0.0,0.0,0.854217529296875,25.793289184570312,0.07614898681640625,1.5109663605690002,0.856536865234375,0.9326858520507812,0.856170654296875,26.271469116210938,0.06458282470703125,1.3978271484375,0.8582839965820312,0.9228668212890625,0.85247802734375,26.191452026367188,0.0,0.0,0.0,0.0,0.8486328125,26.428749084472656,0.0,0.0,0.0,0.0,0.8271713256835938,27.323062896728516,0.0,0.0,0.0,0.0,0.7674636840820312,27.885164260864258,0.0,0.0,0.0,0.0,0.7723217010498047,28.339759826660156,0.0,0.0,0.0,0.0,0.7631340026855469,27.78814697265625,0.0,0.0,0.0,0.0,0.7676486968994141,28.91895866394043,0.0,0.0,0.0,0.0,0.7970962524414062,28.724048614501953,0.029119491577148438,0.029119491577148438,0.8009567260742188,0.8300762176513672,0.7904205322265625,28.055194854736328,0.0,0.0,0.0,0.0,0.8273258209228516,29.7661075592041,0.0,0.0,0.0,0.0,0.8043899536132812,28.32376480102539,0.0,0.0,0.0,0.0,0.835392951965332,28.694901943206787,0.0,0.0,0.0,0.0,0.80399489402771,28.591821432113647,0.0017547607421875,0.0017547607421875,0.837921142578125,0.8396759033203125,0.806610107421875,28.81454849243164,0.0,0.0,0.0,0.0,0.804473876953125,28.58877921104431,0.0,0.0,0.0,0.0,0.8089526891708374,28.180084347724915,0.0,0.0,0.0,0.0,0.752532958984375,27.215807914733887,0.0,0.0,0.0,0.0,0.745208740234375,26.411006927490234,0.0,0.0,0.0,0.0,0.7315444946289062,26.192153930664062,0.0,0.0,0.0,0.0,0.732269287109375,26.818355560302734,0.0,0.0,0.0,0.0,0.6897964477539062,25.922904014587402,0.0,0.0,0.0,0.0,0.71539306640625,26.015893936157227,0.0,0.0,0.0,0.0,0.694610595703125,26.402963638305664,0.0,0.0,0.0,0.0,0.7588415145874023,27.111967086791992,0.0,0.0,0.0,0.0,0.71917724609375,27.66064453125,0.0,0.0,0.0,0.0,0.7822775840759277,26.999346256256104,0.0,0.0,0.0,0.0,0.7808334827423096,28.987897634506226,0.0,0.0,0.0,0.0,0.8174429535865784,30.546368777751923,0.0,0.0,0.0,0.0
21,grounded,63,0.9376487731933594,40.12519645690918,0.0,0.0,0.0,0.0,0.6431770324707031,36.055434226989746,0.0,0.0,0.0,0.0,0.8670196533203125,37.616756439208984,0.06385040283203125,2.240411937236786,0.868927001953125,0.9327774047851562,0.8681640625,38.07160949707031,0.05413818359375,2.0306396484375,0.8688507080078125,0.9229888916015625,0.8525238037109375,38.04469299316406,0.0,0.0,0.0,0.0,0.848602294921875,38.64888000488281,0.0,0.0,0.0,0.0,0.8268585205078125,39.71998405456543,0.0,0.0,0.0,0.0,0.7931404113769531,39.83242416381836,0.0,0.0,0.0,0.0,0.7641334533691406,40.80922508239746,0.0,0.0,0.0,0.0,0.732421875,39.78987789154053,0.0,0.0,0.0,0.0,0.7780914306640625,42.59692192077637,0.0,0.0,0.0,0.0,0.7925872802734375,41.112831115722656,0.03566265106201172,0.120880126953125,0.7946739196777344,0.8303365707397461,0.7679977416992188,40.901089668273926,0.0,0.0,0.0,0.0,0.8591737747192383,43.165345191955566,0.0075664520263671875,0.0075664520263671875,0.7989368438720703,0.8065032958984375,0.7838859558105469,40.893768310546875,0.009510040283203125,0.009510040283203125,0.7953453063964844,0.8048553466796875,0.8019866943359375,41.43060541152954,0.026519775390625,0.040393829345703125,0.7793731689453125,0.8058929443359375,0.8117485046386719,41.3091436624527,0.06470489501953125,0.4679412841796875,0.7755355834960938,0.840240478515625,0.8072013854980469,42.48394775390625,0.0,0.0,0.0,0.0,0.7662506103515625,41.40660572052002,0.0,0.0,0.0,0.0,0.8093174695968628,42.03506076335907,0.0,0.0,0.0,0.0,0.7550457715988159,39.6467319726944,0.0,0.0,0.0,0.0,0.7450408935546875,38.18098306655884,0.0,0.0,0.0,0.0,0.7321548461914062,37.85407543182373,0.0,0.0,0.0,0.0,0.7346954345703125,39.02451157569885,0.0,0.0,0.0,0.0,0.6894340515136719,37.582616329193115,0.0,0.0,0.0,0.0,0.71490478515625,37.34782695770264,0.0,0.0,0.0,0.0,0.6987953186035156,37.63515901565552,0.0,0.0,0.0,0.0,0.7586355209350586,39.29483914375305,0.0,0.0,0.0,0.0,0.738677978515625,40.649977684020996,0.0,0.0,0.0,0.0,0.7819626331329346,40.10320061445236,0.0,0.0,0.0,0.0,0.7667732238769531,41.501713275909424,0.0,0.0,0.0,0.0,0.7981711626052856,43.835763931274414,0.0,0.0,0.0,0.0
21,hallucinated,66,0.9398403167724609,42.13908487558365,0.0,0.0,0.0,0.0,0.6431655883789062,37.88652038574219,0.0,0.0,0.0,0.0,0.865753173828125,39.59769248962402,0.06475830078125,2.3764021396636963,0.8681182861328125,0.9328765869140625,0.8670654296875,39.95161437988281,0.05535125732421875,2.169177293777466,0.867584228515625,0.9229354858398438,0.8526535034179688,39.87641906738281,0.0,0.0,0.0,0.0,0.849029541015625,40.63678550720215,0.0,0.0,0.0,0.0,0.8273086547851562,41.83487510681152,0.0,0.0,0.0,0.0,0.79180908203125,41.97801876068115,0.0,0.0,0.0,0.0,0.7630405426025391,43.015329360961914,0.0,0.0,0.0,0.0,0.7433967590332031,41.8118314743042,0.0,0.0,0.0,0.0,0.7857894897460938,44.887001037597656,0.0,0.0,0.0,0.0,0.7822227478027344,43.267019271850586,0.02775287628173828,0.0846700668334961,0.7999801635742188,0.827733039855957,0.7696990966796875,43.045321464538574,0.0,0.0,0.0,0.0,0.8595247268676758,45.60037899017334,0.0,0.0,0.0,0.0,0.7740020751953125,43.15887451171875,0.009639739990234375,0.009639739990234375,0.7921638488769531,0.8018035888671875,0.8009872436523438,43.65830755233765,0.0155487060546875,0.01630401611328125,0.78839111328125,0.8039398193359375,0.8102207183837891,43.66760873794556,0.061641693115234375,0.6177315711975098,0.7768592834472656,0.8385009765625,0.8052711486816406,44.74059319496155,0.0,0.0,0.0,0.0,0.773371696472168,43.67244482040405,0.028905868530273438,0.0759735107421875,0.7742862701416016,0.803192138671875,0.8075559139251709,44.11588168144226,0.0,0.0,0.0,0.0,0.7547935247421265,41.5533002614975,0.0,0.0,0.0,0.0,0.74456787109375,40.01957416534424,0.0,0.0,0.0,0.0,0.731048583984375,39.73749828338623,0.0,0.0,0.0,0.0,0.741546630859375,41.131932497024536,0.0,0.0,0.0,0.0,0.6895751953125,39.52335834503174,0.0,0.0,0.0,0.0,0.7148208618164062,39.36149024963379,0.0,0.0,0.0,0.0,0.7017326354980469,39.636783838272095,0.0,0.0,0.0,0.0,0.7583684921264648,41.381619691848755,0.0,0.0,0.0,0.0,0.7573404312133789,42.917019844055176,0.0,0.0,0.0,0.0,0.7815134525299072,42.184704661369324,0.0,0.0,0.0,0.0,0.7666206359863281,43.81029796600342,0.0,0.0,0.0,0.0,0.7976105213165283,46.07140135765076,0.0,0.0,0.0,0.0
22,grounded,42,0.9106235504150391,25.864356458187103,0.0,0.0,0.0,0.0,0.6414375305175781,23.60087299346924,0.0,0.0,0.0,0.0,0.8664703369140625,24.53748321533203,0.06150054931640625,1.4307166934013367,0.871185302734375,0.9326858520507812,0.86614990234375,24.866371154785156,0.052947998046875,1.2582921981811523,0.8699188232421875,0.9228668212890625,0.85247802734375,24.719127655029297,0.0,0.0,0.0,0.0,0.8486328125,24.90842056274414,0.0,0.0,0.0,0.0,0.8271713256835938,25.854747772216797,0.0,0.0,0.0,0.0,0.7871284484863281,25.973289489746094,0.0,0.0,0.0,0.0,0.7602729797363281,26.438100814819336,0.0,0.0,0.0,0.0,0.746185302734375,26.1561222076416,0.0,0.0,0.0,0.0,0.7676486968994141,27.321821212768555,0.0,0.0,0.0,0.0,0.7628555297851562,26.604202270507812,0.0,0.0,0.0,0.0,0.75616455078125,26.219993591308594,0.0,0.0,0.0,0.0,0.831268310546875,27.462631940841675,0.0,0.0,0.0,0.0,0.7973136901855469,26.49414825439453,0.0,0.0,0.0,0.0,0.8020391464233398,26.383610725402832,0.0,0.0,0.0,0.0,0.8191251754760742,26.781444549560547,0.03845977783203125,0.07408905029296875,0.8012161254882812,0.8396759033203125,0.806610107421875,27.41916799545288,0.0,0.0,0.0,0.0,0.804473876953125,26.819347381591797,0.0,0.0,0.0,0.0,0.8089526891708374,27.317488074302673,0.0,0.0,0.0,0.0,0.752532958984375,25.62546730041504,0.0,0.0,0.0,0.0,0.745208740234375,25.223876953125,0.0,0.0,0.0,0.0,0.7315444946289062,25.05613899230957,0.0,0.0,0.0,0.0,0.732269287109375,25.456738591194153,0.0,0.0,0.0,0.0,0.6897964477539062,24.67010498046875,0.0,0.0,0.0,0.0,0.71539306640625,24.87513256072998,0.0,0.0,0.0,0.0,0.6968841552734375,25.151339054107666,0.0,0.0,0.0,0.0,0.7588415145874023,26.040571928024292,0.0,0.0,0.0,0.0,0.71917724609375,26.70210361480713,0.0,0.0,0.0,0.0,0.7822775840759277,26.028340578079224,0.0,0.0,0.0,0.0,0.7606868743896484,27.1722469329834,0.0,0.0,0.0,0.0,0.7974934577941895,28.769237399101257,0.0,0.0,0.0,0.0
22,hallucinated,42,0.9107742309570312,25.83847278356552,0.0,0.0,0.0,0.0,0.6414375305175781,23.55662250518799,0.0,0.0,0.0,0.0,0.8664703369140625,24.463172912597656,0.06150054931640625,1.415862262248993,0.871185302734375,0.9326858520507812,0.86614990234375,24.836708068847656,0.052947998046875,1.2719030380249023,0.8699188232421875,0.9228668212890625,0.85247802734375,24.69558334350586,0.0,0.0,0.0,0.0,0.8486328125,24.903308868408203,0.0,0.0,0.0,0.0,0.8271713256835938,25.80825424194336,0.0,0.0,0.0,0.0,0.7871284484863281,26.033363342285156,0.0,0.0,0.0,0.0,0.7602729797363281,26.550642013549805,0.0,0.0,0.0,0.0,0.746185302734375,26.182863235473633,0.0,0.0,0.0,0.0,0.7676486968994141,27.27791404724121,0.0,0.0,0.0,0.0,0.7628555297851562,26.668235778808594,0.012052536010742188,0.012052536010742188,0.818023681640625,0.8300762176513672,0.75616455078125,26.317367553710938,0.0,0.0,0.0,0.0,0.831268310546875,27.66236186027527,0.0,0.0,0.0,0.0,0.7973136901855469,26.611276626586914,0.0,0.0,0.0,0.0,0.7991905212402344,26.609666109085083,0.031524658203125,0.05447578430175781,0.7737884521484375,0.8053131103515625,0.8191251754760742,27.060894012451172,0.05055999755859375,0.249359130859375,0.7891159057617188,0.8396759033203125,0.806610107421875,27.44053030014038,0.0,0.0,0.0,0.0,0.804473876953125,26.68271255493164,0.0,0.0,0.0,0.0,0.8089526891708374,27.376127243041992,0.0,0.0,0.0,0.0,0.752532958984375,25.583208084106445,0.0,0.0,0.0,0.0,0.745208740234375,25.26378631591797,0.0,0.0,0.0,0.0,0.7315444946289062,25.0323429107666,0.0,0.0,0.0,0.0,0.732269287109375,25.480385899543762,0.0,0.0,0.0,0.0,0.6897964477539062,24.62881851196289,0.0,0.0,0.0,0.0,0.71539306640625,24.878252029418945,0.0,0.0,0.0,0.0,0.7443084716796875,25.253695011138916,0.0,0.0,0.0,0.0,0.7588415145874023,26.07863140106201,0.0,0.0,0.0,0.0,0.71917724609375,26.71144962310791,0.0,0.0,0.0,0.0,0.7822775840759277,26.14227557182312,0.0,0.0,0.0,0.0,0.7606868743896484,27.12524700164795,0.0,0.0,0.0,0.0,0.7974934577941895,28.789523243904114,0.0,0.0,0.0,0.0
23,grounded,47,0.9198112487792969,29.21313637495041,0.0,0.0,0.0,0.0,0.6408309936523438,26.557865142822266,0.0,0.0,0.0,0.0,0.8699951171875,27.518959045410156,0.05832672119140625,1.6725019812583923,0.874359130859375,0.9326858520507812,0.8694992065429688,28.142005920410156,0.0489044189453125,1.4815521240234375,0.87396240234375,0.9228668212890625,0.85247802734375,27.764251708984375,0.0,0.0,0.0,0.0,0.8486328125,28.35854721069336,0.0,0.0,0.0,0.0,0.8271713256835938,29.1246337890625,0.0,0.0,0.0,0.0,0.7751579284667969,29.67735481262207,0.0,0.0,0.0,0.0,0.7650985717773438,30.56728172302246,0.0,0.0,0.0,0.0,0.8205530643463135,30.702475786209106,0.0,0.0,0.0,0.0,0.7864532470703125,31.551836013793945,0.0,0.0,0.0,0.0,0.7810020446777344,31.10567283630371,0.06593132019042969,0.3782491683959961,0.7641448974609375,0.8300762176513672,0.781097412109375,30.879314184188843,0.0,0.0,0.0,0.0,0.8348026275634766,32.068071603775024,0.039119720458984375,0.10039901733398438,0.7670555114746094,0.8061752319335938,0.7813558578491211,30.682034373283386,0.04100608825683594,0.15663719177246094,0.7633838653564453,0.8043899536132812,0.8010787963867188,31.04889154434204,0.0545654296875,0.23123681545257568,0.7507476806640625,0.8053131103515625,0.8166531324386597,31.858312606811523,0.08011627197265625,0.4112687110900879,0.7595596313476562,0.8396759033203125,0.806610107421875,31.310137629508972,0.0,0.0,0.0,0.0,0.7923126220703125,30.884196281433105,0.0,0.0,0.0,0.0,0.8089526891708374,30.468044638633728,0.0,0.0,0.0,0.0,0.752532958984375,28.977277755737305,0.0,0.0,0.0,0.0,0.745208740234375,28.932987213134766,0.0,0.0,0.0,0.0,0.7315444946289062,28.37120819091797,0.0,0.0,0.0,0.0,0.7465190887451172,29.045283317565918,0.0,0.0,0.0,0.0,0.6897964477539062,28.208375930786133,0.0,0.0,0.0,0.0,0.71539306640625,28.088594436645508,0.0,0.0,0.0,0.0,0.694610595703125,28.43477487564087,0.0,0.0,0.0,0.0,0.7588415145874023,29.433899879455566,0.0,0.0,0.0,0.0,0.7462310791015625,30.433982849121094,0.0,0.0,0.0,0.0,0.7822775840759277,29.527316570281982,0.0,0.0,0.0,0.0,0.7643651962280273,30.722003936767578,0.0,0.0,0.0,0.0,0.7849120497703552,32.467343747615814,0.0,0.0,0.0,0.0
23,hallucinated,47,0.919921875,29.243883192539215,0.0,0.0,0.0,0.0,0.6408309936523438,26.590740203857422,0.0,0.0,0.0,0.0,0.8699951171875,27.56385040283203,0.05832672119140625,1.661965787410736,0.874359130859375,0.9326858520507812,0.8694992065429688,28.197242736816406,0.0489044189453125,1.4715919494628906,0.87396240234375,0.9228668212890625,0.85247802734375,27.8472900390625,0.0,0.0,0.0,0.0,0.8486328125,28.506153106689453,0.0,0.0,0.0,0.0,0.8271713256835938,29.14080810546875,0.0,0.0,0.0,0.0,0.7751579284667969,29.77013397216797,0.0,0.0,0.0,0.0,0.7650985717773438,30.698972702026367,0.0,0.0,0.0,0.0,0.7883377075195312,30.67861318588257,0.0,0.0,0.0,0.0,0.7864532470703125,31.376123428344727,0.0,0.0,0.0,0.0,0.7810020446777344,31.07249641418457,0.07602119445800781,0.39993953704833984,0.7540550231933594,0.8300762176513672,0.781097412109375,30.83893322944641,0.0,0.0,0.0,0.0,0.8348026275634766,32.20701622962952,0.039119720458984375,0.10246658325195312,0.7670555114746094,0.8061752319335938,0.7813558578491211,30.612277030944824,0.024017333984375,0.05368804931640625,0.7803726196289062,0.8043899536132812,0.8010787963867188,31.058534622192383,0.04080963134765625,0.18465936183929443,0.7645034790039062,0.8053131103515625,0.8166531324386597,31.858631014823914,0.08011627197265625,0.32324886322021484,0.7595596313476562,0.8396759033203125,0.806610107421875,31.183306574821472,0.0,0.0,0.0,0.0,0.7955703735351562,30.7637882232666,0.0,0.0,0.0,0.0,0.8089526891708374,30.501469016075134,0.0,0.0,0.0,0.0,0.752532958984375,28.942842483520508,0.0,0.0,0.0,0.0,0.745208740234375,28.871448516845703,0.0,0.0,0.0,0.0,0.7315444946289062,28.329818725585938,0.0,0.0,0.0,0.0,0.7465190887451172,29.021132469177246,0.0,0.0,0.0,0.0,0.6897964477539062,28.112712860107422,0.0,0.0,0.0,0.0,0.71539306640625,28.056472778320312,0.0,0.0,0.0,0.0,0.694610595703125,28.4484543800354,0.0,0.0,0.0,0.0,0.7588415145874023,29.48253345489502,0.0,0.0,0.0,0.0,0.7462310791015625,30.424423217773438,0.0,0.0,0.0,0.0,0.7822775840759277,29.395263195037842,0.0,0.0,0.0,0.0,0.7643651962280273,30.71786880493164,0.0,0.0,0.0,0.0,0.7849120497703552,32.64708453416824,0.0,0.0,0.0,0.0
24,grounded,46,0.9170475006103516,28.589249789714813,0.0,0.0,0.0,0.0,0.6436653137207031,26.05558156967163,0.0,0.0,0.0,0.0,0.8760986328125,26.96527099609375,0.05568695068359375,1.5941645503044128,0.8769989013671875,0.9326858520507812,0.86376953125,27.363143920898438,0.05224609375,1.4690017700195312,0.8706207275390625,0.9228668212890625,0.85247802734375,27.297821044921875,0.0,0.0,0.0,0.0,0.8486328125,27.743682861328125,0.0,0.0,0.0,0.0,0.8271713256835938,28.486602783203125,0.0,0.0,0.0,0.0,0.7885360717773438,29.044071197509766,0.0,0.0,0.0,0.0,0.7602729797363281,29.61783790588379,0.0,0.0,0.0,0.0,0.7728729248046875,29.381723403930664,0.0,0.0,0.0,0.0,0.78375244140625,30.4362735748291,0.0,0.0,0.0,0.0,0.7789115905761719,30.06611442565918,0.0,0.0,0.0,0.0,0.7760086059570312,29.655733585357666,0.0,0.0,0.0,0.0,0.8470973968505859,30.925713002681732,0.0,0.0,0.0,0.0,0.7920597791671753,29.719359517097473,0.0,0.0,0.0,0.0,0.8080863952636719,29.595368087291718,0.0,0.0,0.0,0.0,0.8129615783691406,29.944175124168396,0.036956787109375,0.08310317993164062,0.8027191162109375,0.8396759033203125,0.8051681518554688,30.215043663978577,0.0,0.0,0.0,0.0,0.7739162445068359,29.629179000854492,0.005199432373046875,0.005199432373046875,0.7992744445800781,0.804473876953125,0.7894973754882812,29.62934970855713,0.021976828575134277,0.021976828575134277,0.7869758605957031,0.8089526891708374,0.752532958984375,28.038867950439453,0.0,0.0,0.0,0.0,0.745208740234375,27.489498138427734,0.0,0.0,0.0,0.0,0.7315444946289062,27.205420970916748,0.0,0.0,0.0,0.0,0.732269287109375,27.888233184814453,0.0,0.0,0.0,0.0,0.6897964477539062,27.119064331054688,0.0,0.0,0.0,0.0,0.71539306640625,27.285810470581055,0.0,0.0,0.0,0.0,0.6982059478759766,27.50630283355713,0.0,0.0,0.0,0.0,0.7588415145874023,28.318013906478882,0.0,0.0,0.0,0.0,0.71917724609375,28.935004234313965,0.0,0.0,0.0,0.0,0.7822775840759277,28.199538230895996,0.0,0.0,0.0,0.0,0.7819366455078125,29.682332515716553,0.0,0.0,0.0,0.0,0.793731689453125,31.419589161872864,0.0,0.0,0.0,0.0
24,hallucinated,43,0.9137630462646484,26.601965725421906,0.0,0.0,0.0,0.0,0.6436653137207031,24.270511627197266,0.0,0.0,0.0,0.0,0.8769989013671875,25.161544799804688,0.05406951904296875,1.4733759760856628,0.8786163330078125,0.9326858520507812,0.863739013671875,25.495254516601562,0.05224609375,1.3293075561523438,0.8706207275390625,0.9228668212890625,0.85247802734375,25.41497039794922,0.0,0.0,0.0,0.0,0.8486328125,25.903064727783203,0.0,0.0,0.0,0.0,0.8271713256835938,26.54326057434082,0.0,0.0,0.0,0.0,0.788421630859375,26.805110931396484,0.0,0.0,0.0,0.0,0.7602729797363281,27.27677631378174,0.0,0.0,0.0,0.0,0.7732620239257812,27.240047454833984,0.0,0.0,0.0,0.0,0.7886581420898438,28.223630905151367,0.0,0.0,0.0,0.0,0.8076629638671875,27.827576637268066,0.0,0.0,0.0,0.0,0.7669601440429688,27.35911989212036,0.0,0.0,0.0,0.0,0.8366942405700684,28.508562922477722,0.0,0.0,0.0,0.0,0.8043899536132812,27.363582730293274,0.0,0.0,0.0,0.0,0.8053131103515625,27.183982610702515,0.0,0.0,0.0,0.0,0.8073229789733887,27.748823761940002,0.0,0.0,0.0,0.0,0.806610107421875,28.018994569778442,0.0,0.0,0.0,0.0,0.804473876953125,27.443379402160645,0.0,0.0,0.0,0.0,0.8089526891708374,27.606951117515564,0.0,0.0,0.0,0.0,0.752532958984375,26.056438446044922,0.0,0.0,0.0,0.0,0.745208740234375,25.54483985900879,0.0,0.0,0.0,0.0,0.7315444946289062,25.2619571685791,0.0,0.0,0.0,0.0,0.732269287109375,25.908954620361328,0.0,0.0,0.0,0.0,0.6897964477539062,25.21489906311035,0.0,0.0,0.0,0.0,0.71539306640625,25.35167360305786,0.0,0.0,0.0,0.0,0.694610595703125,25.536605834960938,0.0,0.0,0.0,0.0,0.7588415145874023,26.388818502426147,0.0,0.0,0.0,0.0,0.71917724609375,26.937108993530273,0.0,0.0,0.0,0.0,0.7822775840759277,26.37702703475952,0.0,0.0,0.0,0.0,0.781275749206543,27.605846881866455,0.0,0.0,0.0,0.0,0.7936344146728516,29.506075263023376,0.0,0.0,0.0,0.0
25,grounded,44,0.9167060852050781,27.31209284067154,0.0,0.0,0.0,0.0,0.6454696655273438,24.84310007095337,0.0,0.0,0.0,0.0,0.8792266845703125,25.795032501220703,0.05323028564453125,1.5306043028831482,0.87945556640625,0.9326858520507812,0.869110107421875,26.340072631835938,0.0497283935546875,1.3507095575332642,0.873138427734375,0.9228668212890625,0.85247802734375,25.901832580566406,0.0,0.0,0.0,0.0,0.8486328125,26.267799377441406,0.0,0.0,0.0,0.0,0.8271713256835938,27.134368896484375,0.0,0.0,0.0,0.0,0.7820968627929688,27.645252227783203,0.0,0.0,0.0,0.0,0.7780303955078125,28.409245491027832,0.0,0.0,0.0,0.0,0.7647705078125,27.89075469970703,0.0,0.0,0.0,0.0,0.8085479736328125,29.33399200439453,0.0,0.0,0.0,0.0,0.7806015014648438,28.71289563179016,0.03751564025878906,0.07085800170898438,0.7925605773925781,0.8300762176513672,0.8050918579101562,28.810869216918945,0.0,0.0,0.0,0.0,0.8656301498413086,30.592049717903137,0.0,0.0,0.0,0.0,0.7760705947875977,28.967902541160583,0.023593902587890625,0.03110504150390625,0.7807960510253906,0.8043899536132812,0.8173866271972656,29.041292548179626,0.028844833374023438,0.03693962097167969,0.7764682769775391,0.8053131103515625,0.8516731262207031,29.455911874771118,0.0616455078125,0.22060394287109375,0.7780303955078125,0.8396759033203125,0.8150978088378906,29.22779369354248,0.00516510009765625,0.00516510009765625,0.8014450073242188,0.806610107421875,0.7789573669433594,28.699503898620605,0.0333404541015625,0.06259536743164062,0.7711334228515625,0.804473876953125,0.7602386474609375,28.66400146484375,0.0,0.0,0.0,0.0,0.752532958984375,27.146930694580078,0.0,0.0,0.0,0.0,0.745208740234375,26.259126663208008,0.0,0.0,0.0,0.0,0.7315444946289062,26.084311485290527,0.0,0.0,0.0,0.0,0.732269287109375,26.960729598999023,0.0,0.0,0.0,0.0,0.6897964477539062,25.727569580078125,0.0,0.0,0.0,0.0,0.71539306640625,26.063232421875,0.0,0.0,0.0,0.0,0.6980667114257812,26.123394012451172,0.0,0.0,0.0,0.0,0.7588415145874023,27.196828842163086,0.0,0.0,0.0,0.0,0.7495689392089844,27.91065788269043,0.0,0.0,0.0,0.0,0.7822775840759277,27.347712993621826,0.0,0.0,0.0,0.0,0.7491021156311035,28.313801288604736,0.0,0.0,0.0,0.0,0.7981710433959961,30.32038301229477,0.0,0.0,0.0,0.0
25,hallucinated,41,0.9092350006103516,25.304053246974945,0.0,0.0,0.0,0.0,0.6454696655273438,23.212936401367188,0.0,0.0,0.0,0.0,0.87945556640625,23.942508697509766,0.05318450927734375,1.2960500121116638,0.8795013427734375,0.9326858520507812,0.869110107421875,24.285110473632812,0.0497283935546875,1.20562744140625,0.873138427734375,0.9228668212890625,0.85247802734375,24.01415252685547,0.0,0.0,0.0,0.0,0.8486328125,24.281681060791016,0.0,0.0,0.0,0.0,0.8271713256835938,25.073883056640625,0.0,0.0,0.0,0.0,0.7820968627929688,25.656753540039062,0.0,0.0,0.0,0.0,0.769500732421875,26.36949634552002,0.0,0.0,0.0,0.0,0.7804107666015625,25.82735824584961,0.0,0.0,0.0,0.0,0.7676486968994141,26.62534523010254,0.0,0.0,0.0,0.0,0.7995452880859375,26.283934593200684,0.026149749755859375,0.04767608642578125,0.8039264678955078,0.8300762176513672,0.7676849365234375,26.145715713500977,0.0,0.0,0.0,0.0,0.8091421127319336,27.327603340148926,0.04595947265625,0.04595947265625,0.7602157592773438,0.8061752319335938,0.7748311758041382,26.35379159450531,0.04261016845703125,0.0668792724609375,0.76177978515625,0.8043899536132812,0.7785720825195312,26.15616273880005,0.0352630615234375,0.08768463134765625,0.770050048828125,0.8053131103515625,0.80413818359375,26.45241951942444,0.07928466796875,0.3087940216064453,0.7603912353515625,0.8396759033203125,0.7793865203857422,26.67710590362549,0.0,0.0,0.0,0.0,0.7708892822265625,26.22093105316162,0.05797576904296875,0.09351348876953125,0.7464981079101562,0.804473876953125,0.8020248413085938,26.39509391784668,0.0,0.0,0.0,0.0,0.752532958984375,25.124818801879883,0.0,0.0,0.0,0.0,0.745208740234375,24.322487831115723,0.0,0.0,0.0,0.0,0.7315444946289062,24.22663688659668,0.0,0.0,0.0,0.0,0.732269287109375,24.8822078704834,0.0,0.0,0.0,0.0,0.6897964477539062,23.85619354248047,0.0,0.0,0.0,0.0,0.71539306640625,24.185128211975098,0.0,0.0,0.0,0.0,0.694610595703125,24.31092858314514,0.0,0.0,0.0,0.0,0.7588415145874023,25.361282348632812,0.0,0.0,0.0,0.0,0.71917724609375,25.876002311706543,0.0,0.0,0.0,0.0,0.7822775840759277,25.03967809677124,0.0,0.0,0.0,0.0,0.7429943084716797,26.318856239318848,0.0,0.0,0.0,0.0,0.7785062789916992,27.929148852825165,0.0,0.0,0.0,0.0
26,grounded,48,0.9223384857177734,30.0786013007164,0.0,0.0,0.0,0.0,0.6421852111816406,27.174884796142578,0.0,0.0,0.0,0.0,0.8753662109375,28.22552490234375,0.05403900146484375,1.5730555653572083,0.8786468505859375,0.9326858520507812,0.86578369140625,28.697769165039062,0.0512542724609375,1.4963226318359375,0.871612548828125,0.9228668212890625,0.85247802734375,28.491207122802734,0.0,0.0,0.0,0.0,0.8486328125,28.876026153564453,0.0,0.0,0.0,0.0,0.8271713256835938,29.531856536865234,0.0,0.0,0.0,0.0,0.7872161865234375,30.728988647460938,0.0,0.0,0.0,0.0,0.7703018188476562,31.048863172531128,0.0,0.0,0.0,0.0,0.7979049682617188,29.93180274963379,0.0,0.0,0.0,0.0,0.8014984130859375,31.780229568481445,0.0,0.0,0.0,0.0,0.8246726989746094,31.074143409729004,0.0,0.0,0.0,0.0,0.75616455078125,30.791532516479492,0.0,0.0,0.0,0.0,0.8159637451171875,32.51455211639404,0.017927169799804688,0.017927169799804688,0.7882480621337891,0.8061752319335938,0.8043899536132812,30.944091796875,0.0,0.0,0.0,0.0,0.8111989498138428,30.967987298965454,0.0,0.0,0.0,0.0,0.804473876953125,31.186486959457397,0.06969165802001953,0.3255319595336914,0.769984245300293,0.8396759033203125,0.806610107421875,31.431281089782715,0.0,0.0,0.0,0.0,0.8080952167510986,31.535346508026123,0.0,0.0,0.0,0.0,0.8089526891708374,31.7051123380661,0.0,0.0,0.0,0.0,0.7643885612487793,30.468363761901855,0.0,0.0,0.0,0.0,0.745208740234375,29.284034729003906,0.0,0.0,0.0,0.0,0.7315444946289062,29.128010392189026,0.0,0.0,0.0,0.0,0.732269287109375,29.387516021728516,0.0,0.0,0.0,0.0,0.6897964477539062,28.55685043334961,0.0,0.0,0.0,0.0,0.71539306640625,28.50916814804077,0.0,0.0,0.0,0.0,0.694610595703125,28.71478843688965,0.0,0.0,0.0,0.0,0.7588415145874023,29.54446029663086,0.0,0.0,0.0,0.0,0.736053466796875,30.67206871509552,0.0,0.0,0.0,0.0,0.7822775840759277,29.63136076927185,0.0,0.0,0.0,0.0,0.7499895095825195,31.348055362701416,0.0,0.0,0.0,0.0,0.7876176834106445,32.87764072418213,0.0,0.0,0.0,0.0
26,hallucinated,47,0.9211444854736328,29.484977662563324,0.0,0.0,0.0,0.0,0.6421852111816406,26.71150779724121,0.0,0.0,0.0,0.0,0.8753662109375,27.773284912109375,0.05429840087890625,1.5160830616950989,0.878387451171875,0.9326858520507812,0.86578369140625,28.141464233398438,0.0512542724609375,1.4579238891601562,0.871612548828125,0.9228668212890625,0.85247802734375,27.987682342529297,0.0,0.0,0.0,0.0,0.8486328125,28.450767517089844,0.0,0.0,0.0,0.0,0.8271713256835938,29.01583480834961,0.0,0.0,0.0,0.0,0.7872161865234375,30.365690231323242,0.0,0.0,0.0,0.0,0.7644729614257812,30.451515913009644,0.0,0.0,0.0,0.0,0.7937202453613281,29.34346580505371,0.0,0.0,0.0,0.0,0.789276123046875,31.045368194580078,0.0,0.0,0.0,0.0,0.8197402954101562,30.473186016082764,0.0054035186767578125,0.0054035186767578125,0.8246726989746094,0.8300762176513672,0.7630462646484375,30.21615219116211,0.0,0.0,0.0,0.0,0.82354736328125,31.928860664367676,0.00234222412109375,0.00234222412109375,0.8038330078125,0.8061752319335938,0.8043899536132812,30.471221923828125,0.0,0.0,0.0,0.0,0.8111989498138428,30.527933835983276,0.0,0.0,0.0,0.0,0.7839260101318359,30.49477744102478,0.071044921875,0.38710689544677734,0.7686309814453125,0.8396759033203125,0.806610107421875,30.726317405700684,0.0,0.0,0.0,0.0,0.8080952167510986,30.88649833202362,0.0,0.0,0.0,0.0,0.8089526891708374,30.907625555992126,0.0,0.0,0.0,0.0,0.7549405097961426,29.646839141845703,0.0,0.0,0.0,0.0,0.745208740234375,28.64496612548828,0.0,0.0,0.0,0.0,0.7315444946289062,28.36124861240387,0.0,0.0,0.0,0.0,0.732269287109375,28.77217388153076,0.0,0.0,0.0,0.0,0.6897964477539062,27.905277252197266,0.0,0.0,0.0,0.0,0.71539306640625,27.881112575531006,0.0,0.0,0.0,0.0,0.696624755859375,28.02444076538086,0.0,0.0,0.0,0.0,0.7588415145874023,28.97612762451172,0.0,0.0,0.0,0.0,0.72393798828125,30.030823826789856,0.0,0.0,0.0,0.0,0.7822775840759277,29.004064977169037,0.0,0.0,0.0,0.0,0.7492389678955078,30.771164894104004,0.0,0.0,0.0,0.0,0.7876176834106445,32.18992853164673,0.0,0.0,0.0,0.0
27,grounded,46,0.9178466796875,28.596823155879974,0.0,0.0,0.0,0.0,0.6401481628417969,26.03601837158203,0.0,0.0,0.0,0.0,0.8640594482421875,27.21466827392578,0.0658416748046875,1.5754504799842834,0.8668441772460938,0.9326858520507812,0.8635101318359375,27.554794311523438,0.0558929443359375,1.3963699340820312,0.866973876953125,0.9228668212890625,0.85247802734375,27.319599151611328,0.0,0.0,0.0,0.0,0.8486328125,27.68537139892578,0.0,0.0,0.0,0.0,0.8271713256835938,28.623123168945312,0.0,0.0,0.0,0.0,0.7738761901855469,28.724781036376953,0.0,0.0,0.0,0.0,0.7602729797363281,29.52555274963379,0.0,0.0,0.0,0.0,0.752288818359375,29.189014434814453,0.0,0.0,0.0,0.0,0.8132400512695312,30.742403030395508,0.0,0.0,0.0,0.0,0.7560329437255859,29.90226459503174,0.05290794372558594,0.07285308837890625,0.7771682739257812,0.8300762176513672,0.7899093627929688,29.583492279052734,0.0,0.0,0.0,0.0,0.8322734832763672,31.272785186767578,0.01734161376953125,0.01734161376953125,0.7888336181640625,0.8061752319335938,0.793701171875,29.901531219482422,0.017887115478515625,0.024379730224609375,0.7865028381347656,0.8043899536132812,0.8160266876220703,29.65632438659668,0.0,0.0,0.0,0.0,0.8109771013259888,30.23914396762848,0.048030853271484375,0.21653366088867188,0.7916450500488281,0.8396759033203125,0.806610107421875,30.240163803100586,0.0,0.0,0.0,0.0,0.804473876953125,29.772183775901794,0.0,0.0,0.0,0.0,0.8089526891708374,30.214507460594177,0.0,0.0,0.0,0.0,0.752532958984375,28.519275665283203,0.0,0.0,0.0,0.0,0.745208740234375,28.12940740585327,0.0,0.0,0.0,0.0,0.7315444946289062,27.907825469970703,0.0,0.0,0.0,0.0,0.732269287109375,28.493579864501953,0.0,0.0,0.0,0.0,0.6897964477539062,27.469608306884766,0.0,0.0,0.0,0.0,0.71539306640625,27.787500381469727,0.0,0.0,0.0,0.0,0.7611427307128906,28.059407353401184,0.0,0.0,0.0,0.0,0.7588415145874023,28.527275562286377,0.0,0.0,0.0,0.0,0.7285919189453125,29.540191650390625,0.0,0.0,0.0,0.0,0.7822775840759277,28.54629874229431,0.0,0.0,0.0,0.0,0.76611328125,30.19500470161438,0.0,0.0,0.0,0.0,0.8001119494438171,31.960103929042816,0.0,0.0,0.0,0.0
27,hallucinated,45,0.9157562255859375,27.904617726802826,0.0,0.0,0.0,0.0,0.6401481628417969,25.44970703125,0.0,0.0,0.0,0.0,0.8640594482421875,26.631393432617188,0.0658416748046875,1.5324947237968445,0.8668441772460938,0.9326858520507812,0.8635101318359375,26.895736694335938,0.0558929443359375,1.34814453125,0.866973876953125,0.9228668212890625,0.85247802734375,26.703632354736328,0.0,0.0,0.0,0.0,0.8486328125,26.98302459716797,0.0,0.0,0.0,0.0,0.8271713256835938,27.974510192871094,0.0,0.0,0.0,0.0,0.7738761901855469,28.033878326416016,0.0,0.0,0.0,0.0,0.7602729797363281,28.823759078979492,0.0,0.0,0.0,0.0,0.7375335693359375,28.415699005126953,0.0,0.0,0.0,0.0,0.8133621215820312,29.972021102905273,0.0,0.0,0.0,0.0,0.765716552734375,29.16501522064209,0.05315208435058594,0.06634902954101562,0.7769241333007812,0.8300762176513672,0.7920646667480469,28.887855529785156,0.0,0.0,0.0,0.0,0.8154716491699219,30.46257972717285,0.01128387451171875,0.01128387451171875,0.794891357421875,0.8061752319335938,0.7989768981933594,29.165172576904297,0.00757598876953125,0.022439956665039062,0.79681396484375,0.8043899536132812,0.803680419921875,28.90699577331543,0.0,0.0,0.0,0.0,0.8109771013259888,29.49824631214142,0.054981231689453125,0.20711517333984375,0.7846946716308594,0.8396759033203125,0.806610107421875,29.54148292541504,0.0,0.0,0.0,0.0,0.804473876953125,29.04419994354248,0.0,0.0,0.0,0.0,0.8089526891708374,29.508740782737732,0.0,0.0,0.0,0.0,0.752532958984375,27.847261428833008,0.0,0.0,0.0,0.0,0.745208740234375,27.44775938987732,0.0,0.0,0.0,0.0,0.7315444946289062,27.250883102416992,0.0,0.0,0.0,0.0,0.732269287109375,27.79333806037903,0.0,0.0,0.0,0.0,0.6897964477539062,26.821839332580566,0.0,0.0,0.0,0.0,0.71539306640625,27.131021976470947,0.0,0.0,0.0,0.0,0.7670173645019531,27.393767654895782,0.0,0.0,0.0,0.0,0.7588415145874023,27.81591272354126,0.0,0.0,0.0,0.0,0.7303619384765625,28.825261116027832,0.0,0.0,0.0,0.0,0.7822775840759277,27.86445188522339,0.0,0.0,0.0,0.0,0.7645339965820312,29.43133544921875,0.0,0.0,0.0,0.0,0.8009442090988159,31.180127441883087,0.0,0.0,0.0,0.0
28,grounded,52,0.9237575531005859,32.525783360004425,0.0,0.0,0.0,0.0,0.6430168151855469,29.5883150100708,0.0,0.0,0.0,0.0,0.869476318359375,30.760469436645508,0.05919647216796875,1.8293845057487488,0.8734893798828125,0.9326858520507812,0.870361328125,31.4342041015625,0.049713134765625,1.6404056549072266,0.8731536865234375,0.9228668212890625,0.85247802734375,31.092144012451172,0.0,0.0,0.0,0.0,0.8486328125,31.722455978393555,0.0,0.0,0.0,0.0,0.8271713256835938,32.45985412597656,0.0,0.0,0.0,0.0,0.7909164428710938,33.25779342651367,0.0,0.0,0.0,0.0,0.7623519897460938,33.92864990234375,0.0,0.0,0.0,0.0,0.7438430786132812,33.052035331726074,0.0,0.0,0.0,0.0,0.8085136413574219,34.77625846862793,0.0,0.0,0.0,0.0,0.8069667816162109,34.343278884887695,0.0045375823974609375,0.0045375823974609375,0.8255386352539062,0.8300762176513672,0.7732696533203125,33.66787338256836,0.0,0.0,0.0,0.0,0.8474464416503906,36.112929821014404,0.0,0.0,0.0,0.0,0.8093643188476562,34.21475791931152,0.0,0.0,0.0,0.0,0.8138885498046875,34.36122989654541,0.0,0.0,0.0,0.0,0.8420710563659668,34.50464391708374,0.02487945556640625,0.050079345703125,0.8147964477539062,0.8396759033203125,0.806610107421875,34.220726013183594,0.0,0.0,0.0,0.0,0.804473876953125,34.2520751953125,0.0,0.0,0.0,0.0,0.8089526891708374,34.64380967617035,0.0,0.0,0.0,0.0,0.752532958984375,32.79311943054199,0.0,0.0,0.0,0.0,0.745208740234375,31.695656538009644,0.0,0.0,0.0,0.0,0.7315444946289062,31.288333415985107,0.0,0.0,0.0,0.0,0.732269287109375,31.714064478874207,0.0,0.0,0.0,0.0,0.6897964477539062,30.502216339111328,0.0,0.0,0.0,0.0,0.71539306640625,30.92862892150879,0.0,0.0,0.0,0.0,0.7122726440429688,31.714486360549927,0.0,0.0,0.0,0.0,0.7588415145874023,32.553077697753906,0.0,0.0,0.0,0.0,0.7193088531494141,33.42202568054199,0.0,0.0,0.0,0.0,0.7822775840759277,32.682640075683594,0.0,0.0,0.0,0.0,0.7518520355224609,34.01770806312561,0.0,0.0,0.0,0.0,0.8048496246337891,36.116883754730225,0.0,0.0,0.0,0.0
28,hallucinated,51,0.9219646453857422,31.838811695575714,0.0,0.0,0.0,0.0,0.6430168151855469,28.983059883117676,0.0,0.0,0.0,0.0,0.869476318359375,30.076295852661133,0.06049346923828125,1.8109557032585144,0.8721923828125,0.9326858520507812,0.870361328125,30.789947509765625,0.04979705810546875,1.5875988006591797,0.8730697631835938,0.9228668212890625,0.85247802734375,30.45180892944336,0.0,0.0,0.0,0.0,0.8486328125,31.1339168548584,0.0,0.0,0.0,0.0,0.8271713256835938,31.860919952392578,0.0,0.0,0.0,0.0,0.7909164428710938,32.7150993347168,0.0,0.0,0.0,0.0,0.7723464965820312,33.33768081665039,0.0,0.0,0.0,0.0,0.7529792785644531,32.474488258361816,0.0,0.0,0.0,0.0,0.7847747802734375,34.08111000061035,0.0,0.0,0.0,0.0,0.7926025390625,33.638444900512695,5.7220458984375e-06,5.7220458984375e-06,0.8300704956054688,0.8300762176513672,0.7899322509765625,33.028324127197266,0.0,0.0,0.0,0.0,0.851776123046875,35.319594860076904,0.0,0.0,0.0,0.0,0.8203010559082031,33.5011043548584,0.0,0.0,0.0,0.0,0.8138885498046875,33.72115230560303,0.0,0.0,0.0,0.0,0.8420710563659668,33.714964389801025,0.02935028076171875,0.0311431884765625,0.8103256225585938,0.8396759033203125,0.806610107421875,33.5730094909668,0.0,0.0,0.0,0.0,0.804473876953125,33.64626455307007,0.0,0.0,0.0,0.0,0.8089526891708374,34.0075067281723,0.0,0.0,0.0,0.0,0.752532958984375,32.1977653503418,0.0,0.0,0.0,0.0,0.745208740234375,31.022913694381714,0.0,0.0,0.0,0.0,0.7315444946289062,30.576690196990967,0.0,0.0,0.0,0.0,0.732269287109375,31.04767882823944,0.0,0.0,0.0,0.0,0.6897964477539062,29.85503387451172,0.0,0.0,0.0,0.0,0.71539306640625,30.280317306518555,0.0,0.0,0.0,0.0,0.6982498168945312,30.910943269729614,0.0,0.0,0.0,0.0,0.7588415145874023,31.764543533325195,0.0,0.0,0.0,0.0,0.7193088531494141,32.67127799987793,0.0,0.0,0.0,0.0,0.7822775840759277,31.974732398986816,0.0,0.0,0.0,0.0,0.77777099609375,33.38357675075531,0.0,0.0,0.0,0.0,0.8125728368759155,35.42924278974533,0.0,0.0,0.0,0.0
29,grounded,48,0.9188232421875,29.920919120311737,0.0,0.0,0.0,0.0,0.642303466796875,27.240821838378906,0.0,0.0,0.0,0.0,0.8751068115234375,28.175472259521484,0.05731964111328125,1.6167641878128052,0.8753662109375,0.9326858520507812,0.86578369140625,28.955917358398438,0.05572509765625,1.4939758777618408,0.8671417236328125,0.9228668212890625,0.85247802734375,28.929401397705078,0.0,0.0,0.0,0.0,0.8486328125,29.122623443603516,0.0,0.0,0.0,0.0,0.8271713256835938,30.124778747558594,0.0,0.0,0.0,0.0,0.7882919311523438,30.40594482421875,0.0,0.0,0.0,0.0,0.7602729797363281,30.564981698989868,0.0,0.0,0.0,0.0,0.7460479736328125,29.9191312789917,0.0,0.0,0.0,0.0,0.7966232299804688,31.878707885742188,0.0,0.0,0.0,0.0,0.8300762176513672,30.610033988952637,0.0,0.0,0.0,0.0,0.7904386520385742,30.195591926574707,0.0,0.0,0.0,0.0,0.8262410163879395,32.34664487838745,0.0,0.0,0.0,0.0,0.8043899536132812,30.681819438934326,0.0,0.0,0.0,0.0,0.8053131103515625,30.319401502609253,0.0,0.0,0.0,0.0,0.81072998046875,30.506622076034546,0.004909515380859375,0.005687713623046875,0.8347663879394531,0.8396759033203125,0.806610107421875,31.26565718650818,0.0,0.0,0.0,0.0,0.804473876953125,30.829603374004364,0.0,0.0,0.0,0.0,0.8089526891708374,31.176737666130066,0.0,0.0,0.0,0.0,0.7611784934997559,30.140357613563538,0.0,0.0,0.0,0.0,0.745208740234375,29.46086585521698,0.0,0.0,0.0,0.0,0.7394404411315918,29.81306117773056,0.0,0.0,0.0,0.0,0.7585868835449219,30.104012489318848,0.0,0.0,0.0,0.0,0.6897964477539062,29.01011848449707,0.0,0.0,0.0,0.0,0.71539306640625,29.172637939453125,0.0,0.0,0.0,0.0,0.7146415710449219,29.312978446483612,0.0,0.0,0.0,0.0,0.759601354598999,30.375481963157654,0.0,0.0,0.0,0.0,0.7614398002624512,31.186448097229004,0.0,0.0,0.0,0.0,0.7822775840759277,30.159412503242493,0.0,0.0,0.0,0.0,0.7612190246582031,31.8783118724823,0.0,0.0,0.0,0.0,0.8105735778808594,33.282716035842896,0.0,0.0,0.0,0.0
29,hallucinated,60,0.9316234588623047,37.881432235240936,0.0,0.0,0.0,0.0,0.6423835754394531,34.286086082458496,0.0,0.0,0.0,0.0,0.87567138671875,35.8226432800293,0.05669403076171875,1.9094120264053345,0.8760833740234375,0.9327774047851562,0.8663787841796875,36.36332702636719,0.0548553466796875,1.8635234832763672,0.868133544921875,0.9229888916015625,0.8525238037109375,36.84763979911804,0.0,0.0,0.0,0.0,0.848602294921875,37.017356872558594,0.0,0.0,0.0,0.0,0.8268585205078125,38.04458236694336,0.0,0.0,0.0,0.0,0.78582763671875,38.844669342041016,0.0,0.0,0.0,0.0,0.7709503173828125,39.08475923538208,0.0,0.0,0.0,0.0,0.7785816192626953,38.45729303359985,0.0,0.0,0.0,0.0,0.8121719360351562,41.10796546936035,0.0,0.0,0.0,0.0,0.8303365707397461,39.3472638130188,0.0,0.0,0.0,0.0,0.7907829284667969,39.25905799865723,0.0,0.0,0.0,0.0,0.8276214599609375,41.43108510971069,0.0,0.0,0.0,0.0,0.7860260009765625,39.7038631439209,0.0057830810546875,0.0057830810546875,0.799072265625,0.8048553466796875,0.7839889526367188,38.72252142429352,0.01648712158203125,0.025463104248046875,0.7894058227539062,0.8058929443359375,0.8026199340820312,39.3004355430603,0.03864097595214844,0.1258106231689453,0.8015995025634766,0.840240478515625,0.8072013854980469,40.27409625053406,0.0,0.0,0.0,0.0,0.80548095703125,39.597727596759796,0.0,0.0,0.0,0.0,0.8093174695968628,39.73402202129364,0.0,0.0,0.0,0.0,0.7713452577590942,38.651569068431854,0.0,0.0,0.0,0.0,0.7597575187683105,37.686319410800934,0.0,0.0,0.0,0.0,0.7387228012084961,37.878607869148254,0.0,0.0,0.0,0.0,0.7586517333984375,38.355692625045776,0.0,0.0,0.0,0.0,0.6894340515136719,36.685020446777344,0.0,0.0,0.0,0.0,0.71490478515625,37.072917222976685,0.0,0.0,0.0,0.0,0.7203140258789062,37.22231066226959,0.0,0.0,0.0,0.0,0.7601199150085449,38.73568034172058,0.0,0.0,0.0,0.0,0.7600970268249512,39.87287211418152,0.0,0.0,0.0,0.0,0.7819626331329346,38.10541868209839,0.0,0.0,0.0,0.0,0.7820320129394531,40.90185385942459,0.0,0.0,0.0,0.0,0.8080911636352539,42.44276636838913,0.0,0.0,0.0,0.0
30,grounded,52,0.9244918823242188,32.6564479470253,0.0,0.0,0.0,0.0,0.6423912048339844,29.533218383789062,0.0,0.0,0.0,0.0,0.874847412109375,30.68450164794922,0.05455780029296875,1.813998281955719,0.8781280517578125,0.9326858520507812,0.8726043701171875,31.151199340820312,0.0497283935546875,1.596923828125,0.873138427734375,0.9228668212890625,0.85247802734375,31.211261749267578,0.0,0.0,0.0,0.0,0.8486328125,31.431035041809082,0.0,0.0,0.0,0.0,0.8271713256835938,32.666603088378906,0.0,0.0,0.0,0.0,0.7915611267089844,33.559221267700195,0.0,0.0,0.0,0.0,0.7751617431640625,33.74434280395508,0.0,0.0,0.0,0.0,0.7643356323242188,32.80638885498047,0.0,0.0,0.0,0.0,0.7707061767578125,34.75535202026367,0.0,0.0,0.0,0.0,0.8058586120605469,34.10983848571777,0.0072956085205078125,0.0072956085205078125,0.8227806091308594,0.8300762176513672,0.75616455078125,33.593289375305176,0.0,0.0,0.0,0.0,0.821873664855957,35.89223098754883,0.0,0.0,0.0,0.0,0.7990531921386719,34.386521339416504,0.0,0.0,0.0,0.0,0.8046417236328125,34.593061447143555,0.0311737060546875,0.0830535888671875,0.774139404296875,0.8053131103515625,0.8318262100219727,34.382199347019196,0.0769195556640625,0.4611520767211914,0.76275634765625,0.8396759033203125,0.806610107421875,34.63580775260925,0.0,0.0,0.0,0.0,0.7918853759765625,34.21312713623047,0.015062332153320312,0.029680252075195312,0.7894115447998047,0.804473876953125,0.8146514892578125,34.811591148376465,0.0,0.0,0.0,0.0,0.7675247192382812,33.242056369781494,0.0,0.0,0.0,0.0,0.745208740234375,31.968192219734192,0.0,0.0,0.0,0.0,0.7315444946289062,31.882170736789703,0.0,0.0,0.0,0.0,0.732269287109375,31.920563220977783,0.0,0.0,0.0,0.0,0.6897964477539062,30.753162384033203,0.0,0.0,0.0,0.0,0.71539306640625,31.092552185058594,0.0,0.0,0.0,0.0,0.7126312255859375,31.367145538330078,0.0,0.0,0.0,0.0,0.7588415145874023,32.39737892150879,0.0,0.0,0.0,0.0,0.7534751892089844,33.65499830245972,0.0,0.0,0.0,0.0,0.7822775840759277,32.497623324394226,0.0,0.0,0.0,0.0,0.7497282028198242,34.17107176780701,0.0,0.0,0.0,0.0,0.818112850189209,36.10784560441971,0.0,0.0,0.0,0.0
30,hallucinated,46,0.9171390533447266,28.654103577136993,0.0,0.0,0.0,0.0,0.6423912048339844,25.996959686279297,0.0,0.0,0.0,0.0,0.874847412109375,27.015769958496094,0.05455780029296875,1.5554571747779846,0.8781280517578125,0.9326858520507812,0.8726043701171875,27.419647216796875,0.0497283935546875,1.3675765991210938,0.873138427734375,0.9228668212890625,0.85247802734375,27.332767486572266,0.0,0.0,0.0,0.0,0.8486328125,27.56677532196045,0.0,0.0,0.0,0.0,0.8271713256835938,28.57758331298828,0.0,0.0,0.0,0.0,0.7913932800292969,29.355632781982422,0.0,0.0,0.0,0.0,0.775360107421875,29.780675888061523,0.0,0.0,0.0,0.0,0.7659378051757812,28.68429183959961,0.0,0.0,0.0,0.0,0.7763519287109375,30.268770217895508,0.0,0.0,0.0,0.0,0.8186721801757812,29.852810859680176,0.0,0.0,0.0,0.0,0.75616455078125,29.228278160095215,0.0,0.0,0.0,0.0,0.8096609115600586,31.30355739593506,0.0,0.0,0.0,0.0,0.8043899536132812,29.828333854675293,0.0,0.0,0.0,0.0,0.7998790740966797,30.07882070541382,0.0276336669921875,0.06679916381835938,0.777679443359375,0.8053131103515625,0.8143310546875,30.30192404985428,0.09180450439453125,0.5936660766601562,0.7478713989257812,0.8396759033203125,0.806610107421875,30.28042197227478,0.0,0.0,0.0,0.0,0.804473876953125,29.817250728607178,0.0,0.0,0.0,0.0,0.8089526891708374,30.2304824590683,0.0,0.0,0.0,0.0,0.756933867931366,29.018456637859344,0.0,0.0,0.0,0.0,0.745208740234375,27.98186433315277,0.0,0.0,0.0,0.0,0.7315444946289062,27.91707992553711,0.0,0.0,0.0,0.0,0.732269287109375,27.833838939666748,0.0,0.0,0.0,0.0,0.6897964477539062,26.98261070251465,0.0,0.0,0.0,0.0,0.71539306640625,27.262767791748047,0.0,0.0,0.0,0.0,0.694610595703125,27.468530654907227,0.0,0.0,0.0,0.0,0.7588415145874023,28.41998863220215,0.0,0.0,0.0,0.0,0.7478828430175781,29.526617169380188,0.0,0.0,0.0,0.0,0.7822775840759277,28.47107684612274,0.0,0.0,0.0,0.0,0.7395402193069458,29.920317769050598,0.0,0.0,0.0,0.0,0.8158369064331055,31.606546759605408,0.0,0.0,0.0,0.0
31,grounded,46,0.9184989929199219,28.48515099287033,0.0,0.0,0.0,0.0,0.6376762390136719,26.03534698486328,0.0,0.0,0.0,0.0,0.861297607421875,27.15943145751953,0.05710601806640625,1.5751973986625671,0.875579833984375,0.9326858520507812,0.8654327392578125,27.517913818359375,0.0550537109375,1.4577865600585938,0.8678131103515625,0.9228668212890625,0.85247802734375,27.587234497070312,0.0,0.0,0.0,0.0,0.8486328125,27.933502197265625,0.0,0.0,0.0,0.0,0.8271713256835938,28.337387084960938,0.0,0.0,0.0,0.0,0.7592010498046875,29.439762115478516,0.0,0.0,0.0,0.0,0.7602729797363281,29.474721908569336,0.0,0.0,0.0,0.0,0.7666168212890625,28.743621826171875,0.0,0.0,0.0,0.0,0.7798080444335938,30.598604202270508,0.0,0.0,0.0,0.0,0.8147792816162109,29.22417640686035,0.0,0.0,0.0,0.0,0.7640228271484375,29.388959884643555,0.0,0.0,0.0,0.0,0.8020133972167969,30.567352294921875,0.0,0.0,0.0,0.0,0.8043899536132812,29.378664255142212,0.0,0.0,0.0,0.0,0.8053131103515625,29.168559074401855,0.0,0.0,0.0,0.0,0.7932891845703125,29.88034963607788,0.0025157928466796875,0.0025157928466796875,0.8371601104736328,0.8396759033203125,0.806610107421875,29.951362133026123,0.0,0.0,0.0,0.0,0.804473876953125,29.740952491760254,0.0,0.0,0.0,0.0,0.8089526891708374,30.329934000968933,0.0,0.0,0.0,0.0,0.752532958984375,28.448698043823242,0.0,0.0,0.0,0.0,0.745208740234375,27.910465240478516,0.0,0.0,0.0,0.0,0.7315444946289062,27.249835968017578,0.0,0.0,0.0,0.0,0.732269287109375,27.754051208496094,0.0,0.0,0.0,0.0,0.6897964477539062,27.350229263305664,0.0,0.0,0.0,0.0,0.71539306640625,27.77208113670349,0.0,0.0,0.0,0.0,0.694610595703125,27.655895233154297,0.0,0.0,0.0,0.0,0.7588415145874023,28.36275339126587,0.0,0.0,0.0,0.0,0.7472419738769531,30.02531623840332,0.0,0.0,0.0,0.0,0.7822775840759277,29.062829613685608,0.0,0.0,0.0,0.0,0.8015739917755127,30.88847303390503,0.0,0.0,0.0,0.0,0.8336222767829895,32.545280039310455,0.0,0.0,0.0,0.0
31,hallucinated,47,0.9192714691162109,29.123923003673553,0.0,0.0,0.0,0.0,0.6376762390136719,26.626800537109375,0.0,0.0,0.0,0.0,0.861297607421875,27.75798797607422,0.05547332763671875,1.5904561877250671,0.8772125244140625,0.9326858520507812,0.8654327392578125,28.151412963867188,0.0550537109375,1.4801254272460938,0.8678131103515625,0.9228668212890625,0.85247802734375,28.202003479003906,0.0,0.0,0.0,0.0,0.8486328125,28.524627685546875,0.0,0.0,0.0,0.0,0.8271713256835938,28.952312469482422,0.0,0.0,0.0,0.0,0.7609481811523438,30.17691421508789,0.0,0.0,0.0,0.0,0.7602729797363281,30.17683982849121,0.0,0.0,0.0,0.0,0.73809814453125,29.40475845336914,0.0,0.0,0.0,0.0,0.7772750854492188,31.30722999572754,0.0,0.0,0.0,0.0,0.7983894348144531,30.10871696472168,0.0,0.0,0.0,0.0,0.75616455078125,30.165863037109375,0.0,0.0,0.0,0.0,0.8029422760009766,31.485973358154297,0.003948211669921875,0.003948211669921875,0.8022270202636719,0.8061752319335938,0.8043899536132812,30.27957558631897,0.0,0.0,0.0,0.0,0.8053131103515625,30.12897777557373,0.0,0.0,0.0,0.0,0.8292617797851562,30.56221914291382,0.0,0.0,0.0,0.0,0.806610107421875,30.663105010986328,0.0,0.0,0.0,0.0,0.804473876953125,30.548681259155273,0.0,0.0,0.0,0.0,0.8240989446640015,31.36178469657898,0.0,0.0,0.0,0.0,0.752532958984375,29.427473068237305,0.0,0.0,0.0,0.0,0.745208740234375,28.794708251953125,0.0,0.0,0.0,0.0,0.7315444946289062,27.973962783813477,0.0,0.0,0.0,0.0,0.732269287109375,28.44721031188965,0.0,0.0,0.0,0.0,0.6897964477539062,28.081987380981445,0.0,0.0,0.0,0.0,0.71539306640625,28.369929552078247,0.0,0.0,0.0,0.0,0.694610595703125,28.062562942504883,0.0,0.0,0.0,0.0,0.7588415145874023,28.989877462387085,0.0,0.0,0.0,0.0,0.7354927062988281,30.512261390686035,0.0,0.0,0.0,0.0,0.7822775840759277,29.546720802783966,0.0,0.0,0.0,0.0,0.7813849449157715,31.406794786453247,0.0,0.0,0.0,0.0,0.8179279565811157,33.2443825006485,0.0,0.0,0.0,0.0
32,grounded,36,0.9044532775878906,22.073380410671234,0.0,0.0,0.0,0.0,0.6426773071289062,20.078960418701172,0.0,0.0,0.0,0.0,0.873138427734375,20.830081939697266,0.05609893798828125,1.1706883907318115,0.8765869140625,0.9326858520507812,0.8649444580078125,21.30669403076172,0.0533447265625,1.0668199062347412,0.8695220947265625,0.9228668212890625,0.85247802734375,21.056228637695312,0.0,0.0,0.0,0.0,0.8486328125,21.393157958984375,0.0,0.0,0.0,0.0,0.8271713256835938,21.843521118164062,0.0,0.0,0.0,0.0,0.7535476684570312,22.210010528564453,0.0,0.0,0.0,0.0,0.7602729797363281,22.414749145507812,0.0,0.0,0.0,0.0,0.7351036071777344,22.087600708007812,0.0,0.0,0.0,0.0,0.792510986328125,23.245004653930664,0.0,0.0,0.0,0.0,0.8029632568359375,22.986740112304688,0.018690109252929688,0.027118682861328125,0.8113861083984375,0.8300762176513672,0.7833671569824219,22.716339111328125,0.0,0.0,0.0,0.0,0.8196277618408203,23.80109214782715,0.0,0.0,0.0,0.0,0.7712917327880859,22.659899711608887,0.0140228271484375,0.0140228271484375,0.7903671264648438,0.8043899536132812,0.7773513793945312,22.74146556854248,0.0,0.0,0.0,0.0,0.7736968994140625,22.86076283454895,0.030094146728515625,0.030094146728515625,0.8095817565917969,0.8396759033203125,0.806610107421875,23.229260444641113,0.0,0.0,0.0,0.0,0.804473876953125,23.21416664123535,0.0,0.0,0.0,0.0,0.8089526891708374,22.977527022361755,0.0,0.0,0.0,0.0,0.752532958984375,21.625457763671875,0.0,0.0,0.0,0.0,0.745208740234375,21.390552520751953,0.0,0.0,0.0,0.0,0.7315444946289062,21.178466796875,0.0,0.0,0.0,0.0,0.732269287109375,21.61246681213379,0.0,0.0,0.0,0.0,0.6897964477539062,20.843015670776367,0.0,0.0,0.0,0.0,0.71539306640625,21.066972732543945,0.0,0.0,0.0,0.0,0.6986083984375,21.295841455459595,0.0,0.0,0.0,0.0,0.7588415145874023,21.991450309753418,0.0,0.0,0.0,0.0,0.7737350463867188,22.606550216674805,0.0,0.0,0.0,0.0,0.7822775840759277,22.029314517974854,0.0,0.0,0.0,0.0,0.7337989807128906,23.06172275543213,0.0,0.0,0.0,0.0,0.8127278089523315,24.82726389169693,0.0,0.0,0.0,0.0
32,hallucinated,37,0.9077663421630859,22.77652782201767,0.0,0.0,0.0,0.0,0.6426773071289062,20.678146362304688,0.0,0.0,0.0,0.0,0.873138427734375,21.42819595336914,0.05609893798828125,1.2060201168060303,0.8765869140625,0.9326858520507812,0.8649444580078125,21.910423278808594,0.0533447265625,1.0854241847991943,0.8695220947265625,0.9228668212890625,0.85247802734375,21.633285522460938,0.0,0.0,0.0,0.0,0.8486328125,22.087448120117188,0.0,0.0,0.0,0.0,0.8271713256835938,22.558517456054688,0.0,0.0,0.0,0.0,0.7535476684570312,22.765331268310547,0.0,0.0,0.0,0.0,0.7602729797363281,23.004470825195312,0.0,0.0,0.0,0.0,0.7351036071777344,22.756103515625,0.0,0.0,0.0,0.0,0.805877685546875,24.163667678833008,0.0,0.0,0.0,0.0,0.8300762176513672,23.577836990356445,0.0,0.0,0.0,0.0,0.75616455078125,23.254026412963867,0.0,0.0,0.0,0.0,0.8069381713867188,24.6827392578125,0.0,0.0,0.0,0.0,0.8043899536132812,23.40789222717285,0.0,0.0,0.0,0.0,0.8053131103515625,23.508673667907715,0.0,0.0,0.0,0.0,0.8283233642578125,23.687060117721558,0.0,0.0,0.0,0.0,0.806610107421875,23.90652084350586,0.0,0.0,0.0,0.0,0.804473876953125,23.79803466796875,0.0,0.0,0.0,0.0,0.8089526891708374,23.761220335960388,0.0,0.0,0.0,0.0,0.752532958984375,22.16967010498047,0.0,0.0,0.0,0.0,0.745208740234375,21.784099578857422,0.0,0.0,0.0,0.0,0.7315444946289062,21.750938415527344,0.0,0.0,0.0,0.0,0.732269287109375,22.16791534423828,0.0,0.0,0.0,0.0,0.6897964477539062,21.407737731933594,0.0,0.0,0.0,0.0,0.71539306640625,21.5289249420166,0.0,0.0,0.0,0.0,0.6962966918945312,21.78009796142578,0.0,0.0,0.0,0.0,0.7588415145874023,22.509553909301758,0.0,0.0,0.0,0.0,0.71917724609375,23.088973999023438,0.0,0.0,0.0,0.0,0.7822775840759277,22.557016849517822,0.0,0.0,0.0,0.0,0.7260112762451172,23.52416229248047,0.0,0.0,0.0,0.0,0.8134211301803589,25.470443606376648,0.0,0.0,0.0,0.0
33,grounded,38,0.9069194793701172,23.317834079265594,0.0,0.0,0.0,0.0,0.6401748657226562,21.29485321044922,0.0,0.0,0.0,0.0,0.8728790283203125,22.034679412841797,0.05924224853515625,1.2742370963096619,0.873443603515625,0.9326858520507812,0.8677825927734375,22.49677276611328,0.0548858642578125,1.1456332206726074,0.86798095703125,0.9228668212890625,0.85247802734375,22.295326232910156,0.0,0.0,0.0,0.0,0.8486328125,22.157333374023438,0.0,0.0,0.0,0.0,0.8271713256835938,22.920085906982422,0.0,0.0,0.0,0.0,0.7496261596679688,23.062240600585938,0.0,0.0,0.0,0.0,0.7602729797363281,23.885452270507812,0.0,0.0,0.0,0.0,0.7343177795410156,23.17980194091797,0.0,0.0,0.0,0.0,0.7676486968994141,24.160104751586914,0.0,0.0,0.0,0.0,0.8300762176513672,23.73973274230957,0.0,0.0,0.0,0.0,0.75616455078125,23.2369384765625,0.0,0.0,0.0,0.0,0.8061752319335938,24.360076904296875,0.0,0.0,0.0,0.0,0.8043899536132812,23.402198791503906,0.0,0.0,0.0,0.0,0.8053131103515625,23.34929609298706,0.0,0.0,0.0,0.0,0.8143768310546875,23.74114179611206,0.0,0.0,0.0,0.0,0.806610107421875,24.140941619873047,0.0,0.0,0.0,0.0,0.804473876953125,23.76604652404785,0.0,0.0,0.0,0.0,0.8089526891708374,24.088112235069275,0.0,0.0,0.0,0.0,0.752532958984375,22.475173950195312,0.0,0.0,0.0,0.0,0.745208740234375,22.35121726989746,0.0,0.0,0.0,0.0,0.7315444946289062,22.289592742919922,0.0,0.0,0.0,0.0,0.732269287109375,22.609786987304688,0.0,0.0,0.0,0.0,0.6897964477539062,21.680198669433594,0.0,0.0,0.0,0.0,0.71539306640625,22.0081787109375,0.0,0.0,0.0,0.0,0.694610595703125,22.219058990478516,0.0,0.0,0.0,0.0,0.7588415145874023,23.09418487548828,0.0,0.0,0.0,0.0,0.7219605445861816,23.870956897735596,0.0,0.0,0.0,0.0,0.7822775840759277,23.14462113380432,0.0,0.0,0.0,0.0,0.8030593395233154,24.56415820121765,0.0,0.0,0.0,0.0,0.7923189401626587,26.10904371738434,0.0,0.0,0.0,0.0
33,hallucinated,42,0.9118881225585938,25.855730175971985,0.0,0.0,0.0,0.0,0.6401748657226562,23.687335968017578,0.0,0.0,0.0,0.0,0.8728790283203125,24.458202362060547,0.05924224853515625,1.4620880484580994,0.873443603515625,0.9326858520507812,0.8677825927734375,24.973007202148438,0.0548858642578125,1.300032138824463,0.86798095703125,0.9228668212890625,0.85247802734375,24.736106872558594,0.0,0.0,0.0,0.0,0.8486328125,24.722824096679688,0.0,0.0,0.0,0.0,0.8271713256835938,25.451160430908203,0.0,0.0,0.0,0.0,0.7495689392089844,25.84400177001953,0.0,0.0,0.0,0.0,0.7602729797363281,26.797664642333984,0.0,0.0,0.0,0.0,0.7452583312988281,26.181255340576172,0.0,0.0,0.0,0.0,0.7676486968994141,27.220361709594727,0.0,0.0,0.0,0.0,0.8300762176513672,26.739553451538086,0.0,0.0,0.0,0.0,0.7564773559570312,26.195274353027344,0.0,0.0,0.0,0.0,0.7966232299804688,27.594647884368896,0.0,0.0,0.0,0.0,0.8043899536132812,26.327818870544434,0.0,0.0,0.0,0.0,0.8053131103515625,26.293001651763916,0.0,0.0,0.0,0.0,0.7950413227081299,26.484216451644897,0.03141021728515625,0.05303192138671875,0.8082656860351562,0.8396759033203125,0.806610107421875,26.94882583618164,0.0,0.0,0.0,0.0,0.804473876953125,26.462079524993896,0.0,0.0,0.0,0.0,0.8068618774414062,26.640682220458984,0.0,0.0,0.0,0.0,0.752532958984375,25.120162963867188,0.0,0.0,0.0,0.0,0.745208740234375,24.858308792114258,0.0,0.0,0.0,0.0,0.7315444946289062,24.763580322265625,0.0,0.0,0.0,0.0,0.732269287109375,25.007125854492188,0.0,0.0,0.0,0.0,0.6897964477539062,24.084609985351562,0.0,0.0,0.0,0.0,0.71539306640625,24.331703186035156,0.0,0.0,0.0,0.0,0.694610595703125,24.60381507873535,0.0,0.0,0.0,0.0,0.7588415145874023,25.635943293571472,0.0,0.0,0.0,0.0,0.7214927673339844,26.438779830932617,0.0,0.0,0.0,0.0,0.7822775840759277,25.608131766319275,0.0,0.0,0.0,0.0,0.8015905022621155,27.452162325382233,0.0,0.0,0.0,0.0,0.7921837568283081,28.760973870754242,0.0,0.0,0.0,0.0
34,grounded,46,0.9193058013916016,28.645693004131317,0.0,0.0,0.0,0.0,0.6386184692382812,25.824825286865234,0.0,0.0,0.0,0.0,0.8672332763671875,27.032428741455078,0.06215667724609375,1.591762661933899,0.8705291748046875,0.9326858520507812,0.8665313720703125,27.520248413085938,0.055877685546875,1.5499343872070312,0.8669891357421875,0.9228668212890625,0.85247802734375,27.08856201171875,0.0,0.0,0.0,0.0,0.8486328125,27.6016845703125,0.0,0.0,0.0,0.0,0.8271713256835938,28.23566436767578,0.0,0.0,0.0,0.0,0.7597198486328125,28.485595703125,0.0,0.0,0.0,0.0,0.7602729797363281,29.02628993988037,0.0,0.0,0.0,0.0,0.7691268920898438,28.783252716064453,0.0,0.0,0.0,0.0,0.7809906005859375,30.233156204223633,0.0,0.0,0.0,0.0,0.8300762176513672,29.8502140045166,0.0,0.0,0.0,0.0,0.7711067199707031,29.605121612548828,0.0,0.0,0.0,0.0,0.821502685546875,30.917053699493408,0.0,0.0,0.0,0.0,0.8043899536132812,29.55376970767975,0.0,0.0,0.0,0.0,0.7961044311523438,29.481749057769775,0.0,0.0,0.0,0.0,0.8051105737686157,29.67965281009674,0.030643463134765625,0.030643463134765625,0.8090324401855469,0.8396759033203125,0.806610107421875,30.018680214881897,0.0,0.0,0.0,0.0,0.804473876953125,30.027191638946533,0.0,0.0,0.0,0.0,0.8089526891708374,30.03875768184662,0.0,0.0,0.0,0.0,0.752532958984375,28.282917022705078,0.0,0.0,0.0,0.0,0.745208740234375,27.753146171569824,0.0,0.0,0.0,0.0,0.7315444946289062,27.099308013916016,0.0,0.0,0.0,0.0,0.732269287109375,27.89346694946289,0.0,0.0,0.0,0.0,0.6897964477539062,26.959068298339844,0.0,0.0,0.0,0.0,0.71539306640625,26.888916015625,0.0,0.0,0.0,0.0,0.694610595703125,27.4926700592041,0.0,0.0,0.0,0.0,0.7588415145874023,28.28640365600586,0.0,0.0,0.0,0.0,0.7236480712890625,29.128884315490723,0.0,0.0,0.0,0.0,0.7822775840759277,28.315860629081726,0.0,0.0,0.0,0.0,0.7919299602508545,29.492835760116577,0.0,0.0,0.0,0.0,0.8099038004875183,31.668590486049652,0.0,0.0,0.0,0.0
34,hallucinated,51,0.9253349304199219,31.930263698101044,0.0,0.0,0.0,0.0,0.6386184692382812,28.744182586669922,0.0,0.0,0.0,0.0,0.8672332763671875,30.060665130615234,0.06215667724609375,1.699977993965149,0.8705291748046875,0.9326858520507812,0.8665313720703125,30.612472534179688,0.055877685546875,1.6895866394042969,0.8669891357421875,0.9228668212890625,0.85247802734375,30.204486846923828,0.0,0.0,0.0,0.0,0.8486328125,30.874126434326172,0.0,0.0,0.0,0.0,0.8271713256835938,31.331336975097656,0.0,0.0,0.0,0.0,0.7597198486328125,31.820837020874023,0.0,0.0,0.0,0.0,0.7602729797363281,32.30942440032959,0.0,0.0,0.0,0.0,0.7364959716796875,32.143943786621094,0.0,0.0,0.0,0.0,0.7939376831054688,33.79954719543457,0.0,0.0,0.0,0.0,0.8300762176513672,33.37758731842041,0.0,0.0,0.0,0.0,0.7868499755859375,33.11084747314453,0.0,0.0,0.0,0.0,0.8192362785339355,34.31364297866821,0.0,0.0,0.0,0.0,0.8043899536132812,32.99942231178284,0.0,0.0,0.0,0.0,0.8053131103515625,32.96414232254028,0.0,0.0,0.0,0.0,0.8050615787506104,33.19736695289612,0.0087432861328125,0.0087432861328125,0.8309326171875,0.8396759033203125,0.806610107421875,33.40880024433136,0.0,0.0,0.0,0.0,0.804473876953125,33.38881969451904,0.0,0.0,0.0,0.0,0.8089526891708374,33.44186818599701,0.0,0.0,0.0,0.0,0.752532958984375,31.572081565856934,0.0,0.0,0.0,0.0,0.745208740234375,30.83369255065918,0.0,0.0,0.0,0.0,0.7315444946289062,30.09512710571289,0.0,0.0,0.0,0.0,0.732269287109375,30.951478958129883,0.0,0.0,0.0,0.0,0.6897964477539062,29.924076080322266,0.0,0.0,0.0,0.0,0.71539306640625,29.881616592407227,0.0,0.0,0.0,0.0,0.694610595703125,30.544125080108643,0.0,0.0,0.0,0.0,0.7588415145874023,31.505818367004395,0.0,0.0,0.0,0.0,0.7243022918701172,32.438032150268555,0.0,0.0,0.0,0.0,0.7822775840759277,31.605196118354797,0.0,0.0,0.0,0.0,0.8193299770355225,33.10823702812195,0.0,0.0,0.0,0.0,0.8265442848205566,35.45927953720093,0.0,0.0,0.0,0.0
35,grounded,44,0.9142169952392578,27.00469821691513,0.0,0.0,0.0,0.0,0.6377525329589844,24.74884796142578,0.0,0.0,0.0,0.0,0.8536834716796875,25.85287094116211,0.06484222412109375,1.5767079591751099,0.8678436279296875,0.9326858520507812,0.8673934936523438,26.069007873535156,0.05218505859375,1.3380699157714844,0.8706817626953125,0.9228668212890625,0.85247802734375,26.17989158630371,0.0,0.0,0.0,0.0,0.8486328125,26.113265991210938,0.0,0.0,0.0,0.0,0.8271713256835938,26.70470428466797,0.0,0.0,0.0,0.0,0.7602920532226562,27.29444122314453,0.0,0.0,0.0,0.0,0.7602729797363281,27.777265548706055,0.0,0.0,0.0,0.0,0.7449874877929688,27.556537628173828,0.0,0.0,0.0,0.0,0.7825164794921875,28.954919815063477,0.0,0.0,0.0,0.0,0.8027877807617188,28.21144962310791,0.0,0.0,0.0,0.0,0.7680587768554688,27.714385986328125,0.0,0.0,0.0,0.0,0.8510208129882812,29.622750759124756,0.0,0.0,0.0,0.0,0.8043899536132812,27.901100635528564,0.0,0.0,0.0,0.0,0.7951469421386719,28.002802848815918,0.0513916015625,0.0513916015625,0.7539215087890625,0.8053131103515625,0.8154468536376953,28.324456214904785,0.07123565673828125,0.14691925048828125,0.7684402465820312,0.8396759033203125,0.806610107421875,28.516297459602356,0.0,0.0,0.0,0.0,0.7814254760742188,28.02921485900879,0.0,0.0,0.0,0.0,0.7954216003417969,28.270654678344727,0.0,0.0,0.0,0.0,0.752532958984375,26.515506744384766,0.0,0.0,0.0,0.0,0.745208740234375,25.945499420166016,0.0,0.0,0.0,0.0,0.7315444946289062,25.699600219726562,0.0,0.0,0.0,0.0,0.732269287109375,26.225322723388672,0.0,0.0,0.0,0.0,0.6897964477539062,25.477198600769043,0.0,0.0,0.0,0.0,0.71539306640625,25.922457218170166,0.0,0.0,0.0,0.0,0.694610595703125,26.143352508544922,0.0,0.0,0.0,0.0,0.7588415145874023,27.05635166168213,0.0,0.0,0.0,0.0,0.7491531372070312,27.836456298828125,0.0,0.0,0.0,0.0,0.7822775840759277,27.458892107009888,0.0,0.0,0.0,0.0,0.7862339019775391,28.744844436645508,0.0,0.0,0.0,0.0,0.8204347491264343,30.684382498264313,0.0,0.0,0.0,0.0
35,hallucinated,41,0.9089927673339844,25.07240790128708,0.0,0.0,0.0,0.0,0.6377525329589844,23.01604461669922,0.0,0.0,0.0,0.0,0.85369873046875,24.097087860107422,0.06484222412109375,1.4550000429153442,0.8678436279296875,0.9326858520507812,0.8674545288085938,24.20374298095703,0.05218505859375,1.2350082397460938,0.8706817626953125,0.9228668212890625,0.85247802734375,24.326148986816406,0.0,0.0,0.0,0.0,0.8486328125,24.346702575683594,0.0,0.0,0.0,0.0,0.8271713256835938,24.927688598632812,0.0,0.0,0.0,0.0,0.7603836059570312,25.51007080078125,0.0,0.0,0.0,0.0,0.7602729797363281,25.713397979736328,0.0,0.0,0.0,0.0,0.7310867309570312,25.34201431274414,0.0,0.0,0.0,0.0,0.7705764770507812,26.66746711730957,0.0,0.0,0.0,0.0,0.8300762176513672,26.15738868713379,0.0,0.0,0.0,0.0,0.7650146484375,25.832616806030273,0.0,0.0,0.0,0.0,0.8485908508300781,27.464837312698364,0.0,0.0,0.0,0.0,0.8043899536132812,25.955633640289307,0.0,0.0,0.0,0.0,0.8053131103515625,26.178595900535583,0.0,0.0,0.0,0.0,0.8163261413574219,26.43455410003662,0.0,0.0,0.0,0.0,0.806610107421875,26.54801893234253,0.0,0.0,0.0,0.0,0.804473876953125,26.284160614013672,0.0,0.0,0.0,0.0,0.8089526891708374,26.267172694206238,0.0,0.0,0.0,0.0,0.752532958984375,24.700313568115234,0.0,0.0,0.0,0.0,0.745208740234375,24.07785415649414,0.0,0.0,0.0,0.0,0.7315444946289062,23.801246643066406,0.0,0.0,0.0,0.0,0.732269287109375,24.275779724121094,0.0,0.0,0.0,0.0,0.6897964477539062,23.75000298023224,0.0,0.0,0.0,0.0,0.71539306640625,24.03032875061035,0.0,0.0,0.0,0.0,0.694610595703125,24.041098594665527,0.0,0.0,0.0,0.0,0.7588415145874023,24.92990779876709,0.0,0.0,0.0,0.0,0.71917724609375,25.75421142578125,0.0,0.0,0.0,0.0,0.7822775840759277,25.452287793159485,0.0,0.0,0.0,0.0,0.7925214767456055,26.74088478088379,0.0,0.0,0.0,0.0,0.8098785877227783,28.43983256816864,0.0,0.0,0.0,0.0
36,grounded,33,0.8954372406005859,19.995244204998016,0.0,0.0,0.0,0.0,0.6392936706542969,18.292938232421875,0.0,0.0,0.0,0.0,0.8716583251953125,19.009601593017578,0.05535125732421875,0.9991943836212158,0.8774261474609375,0.9327774047851562,0.871673583984375,19.152267456054688,0.051055908203125,0.9012603759765625,0.8719329833984375,0.9229888916015625,0.8525238037109375,18.95416259765625,0.0,0.0,0.0,0.0,0.848602294921875,18.938751220703125,0.0,0.0,0.0,0.0,0.8268585205078125,19.75937271118164,0.0,0.0,0.0,0.0,0.7547836303710938,19.735721588134766,0.0,0.0,0.0,0.0,0.7601947784423828,20.345062255859375,0.0,0.0,0.0,0.0,0.7556648254394531,19.991268157958984,0.0,0.0,0.0,0.0,0.7681903839111328,20.803728103637695,0.0,0.0,0.0,0.0,0.8303365707397461,20.315443992614746,0.0,0.0,0.0,0.0,0.7569427490234375,19.964832305908203,0.0,0.0,0.0,0.0,0.8065032958984375,20.881247520446777,0.0,0.0,0.0,0.0,0.8048553466796875,19.891862869262695,0.0,0.0,0.0,0.0,0.8058929443359375,19.885125160217285,0.0,0.0,0.0,0.0,0.840240478515625,20.19196081161499,0.0,0.0,0.0,0.0,0.8072013854980469,20.691975593566895,0.0,0.0,0.0,0.0,0.80548095703125,20.340643882751465,0.0,0.0,0.0,0.0,0.8093174695968628,20.508576273918152,0.0,0.0,0.0,0.0,0.752777099609375,19.340118408203125,0.0,0.0,0.0,0.0,0.7450408935546875,19.114831924438477,0.0,0.0,0.0,0.0,0.7321548461914062,19.054723739624023,0.0,0.0,0.0,0.0,0.7318572998046875,19.47442626953125,0.0,0.0,0.0,0.0,0.6894340515136719,18.890268325805664,0.0,0.0,0.0,0.0,0.71490478515625,18.983707427978516,0.0,0.0,0.0,0.0,0.694732666015625,19.177956581115723,0.0,0.0,0.0,0.0,0.7586355209350586,19.819718837738037,0.0,0.0,0.0,0.0,0.719512939453125,20.140525817871094,0.0,0.0,0.0,0.0,0.7819626331329346,19.7934992313385,0.0,0.0,0.0,0.0,0.7649326324462891,20.76518487930298,0.0,0.0,0.0,0.0,0.7770500183105469,22.16911953687668,0.0,0.0,0.0,0.0
36,hallucinated,33,0.8951206207275391,20.005423724651337,0.0,0.0,0.0,0.0,0.6392936706542969,18.3477783203125,0.0,0.0,0.0,0.0,0.8716583251953125,19.009906768798828,0.05496978759765625,0.9926712512969971,0.8778076171875,0.9327774047851562,0.871673583984375,19.178054809570312,0.051055908203125,0.9045639038085938,0.8719329833984375,0.9229888916015625,0.8525238037109375,18.99774169921875,0.0,0.0,0.0,0.0,0.848602294921875,18.945709228515625,0.0,0.0,0.0,0.0,0.8268585205078125,19.755863189697266,0.0,0.0,0.0,0.0,0.7547836303710938,19.802040100097656,0.0,0.0,0.0,0.0,0.7601947784423828,20.361312866210938,0.0,0.0,0.0,0.0,0.7348785400390625,19.998886108398438,0.0,0.0,0.0,0.0,0.7681903839111328,20.843034744262695,0.0,0.0,0.0,0.0,0.8303365707397461,20.370970726013184,0.0,0.0,0.0,0.0,0.7569427490234375,19.938274383544922,0.0,0.0,0.0,0.0,0.8065032958984375,20.9475736618042,0.0,0.0,0.0,0.0,0.8048553466796875,19.976173400878906,0.0,0.0,0.0,0.0,0.8058929443359375,20.004321098327637,0.0,0.0,0.0,0.0,0.840240478515625,20.19764757156372,0.0,0.0,0.0,0.0,0.8072013854980469,20.666096687316895,0.0,0.0,0.0,0.0,0.80548095703125,20.33495807647705,0.0,0.0,0.0,0.0,0.8093174695968628,20.514721751213074,0.0,0.0,0.0,0.0,0.752777099609375,19.414993286132812,0.0,0.0,0.0,0.0,0.7450408935546875,19.098581314086914,0.0,0.0,0.0,0.0,0.7321548461914062,19.068838119506836,0.0,0.0,0.0,0.0,0.7318572998046875,19.378005981445312,0.0,0.0,0.0,0.0,0.6894340515136719,18.8497371673584,0.0,0.0,0.0,0.0,0.71490478515625,18.976836442947388,0.0,0.0,0.0,0.0,0.694732666015625,19.14155673980713,0.0,0.0,0.0,0.0,0.7586355209350586,19.79002809524536,0.0,0.0,0.0,0.0,0.719512939453125,20.03008270263672,0.0,0.0,0.0,0.0,0.7819626331329346,19.669761896133423,0.0,0.0,0.0,0.0,0.7649326324462891,20.78844690322876,0.0,0.0,0.0,0.0,0.7770500183105469,22.07359355688095,0.0,0.0,0.0,0.0
37,grounded,38,0.9034366607666016,23.361132383346558,0.0,0.0,0.0,0.0,0.6424064636230469,21.296161651611328,0.0,0.0,0.0,0.0,0.856536865234375,22.150100708007812,0.06282806396484375,1.258279800415039,0.8698577880859375,0.9326858520507812,0.8561325073242188,22.40094757080078,0.0573883056640625,1.1485977172851562,0.865478515625,0.9228668212890625,0.85247802734375,22.468589782714844,0.0,0.0,0.0,0.0,0.8486328125,22.55889129638672,0.0,0.0,0.0,0.0,0.8271713256835938,23.335067749023438,0.0,0.0,0.0,0.0,0.7616653442382812,23.67156410217285,0.0,0.0,0.0,0.0,0.7602729797363281,24.00148582458496,0.0,0.0,0.0,0.0,0.7357521057128906,23.541738510131836,0.0,0.0,0.0,0.0,0.7776870727539062,24.41839027404785,0.0,0.0,0.0,0.0,0.8300762176513672,23.780981063842773,0.0,0.0,0.0,0.0,0.75616455078125,23.524049758911133,0.0,0.0,0.0,0.0,0.8061752319335938,24.625338554382324,0.0,0.0,0.0,0.0,0.8043899536132812,23.647278785705566,0.0,0.0,0.0,0.0,0.8053131103515625,23.97728443145752,0.0,0.0,0.0,0.0,0.79119873046875,24.054065704345703,0.03679656982421875,0.0557403564453125,0.8028793334960938,0.8396759033203125,0.806610107421875,24.52712917327881,0.0,0.0,0.0,0.0,0.804473876953125,24.022080421447754,0.0,0.0,0.0,0.0,0.8089526891708374,23.896232962608337,0.0,0.0,0.0,0.0,0.752532958984375,22.46799087524414,0.0,0.0,0.0,0.0,0.745208740234375,22.424516677856445,0.0,0.0,0.0,0.0,0.7315444946289062,22.217613220214844,0.0,0.0,0.0,0.0,0.7412948608398438,22.799835205078125,0.0,0.0,0.0,0.0,0.6897964477539062,22.167434692382812,0.0,0.0,0.0,0.0,0.71539306640625,22.265302658081055,0.0,0.0,0.0,0.0,0.694610595703125,22.544267654418945,0.0,0.0,0.0,0.0,0.7588415145874023,23.21674346923828,0.0,0.0,0.0,0.0,0.71917724609375,23.7098388671875,0.0,0.0,0.0,0.0,0.7822775840759277,23.250028133392334,0.0,0.0,0.0,0.0,0.751333475112915,24.452024459838867,0.0,0.0,0.0,0.0,0.7804193496704102,25.750226736068726,0.0,0.0,0.0,0.0
37,hallucinated,36,0.900634765625,22.069619596004486,0.0,0.0,0.0,0.0,0.6424064636230469,20.11989402770996,0.0,0.0,0.0,0.0,0.856536865234375,20.85906982421875,0.06282806396484375,1.162515640258789,0.8698577880859375,0.9326858520507812,0.8561325073242188,21.14429473876953,0.0573883056640625,1.0475082397460938,0.865478515625,0.9228668212890625,0.85247802734375,21.12120819091797,0.0,0.0,0.0,0.0,0.8486328125,21.260337829589844,0.0,0.0,0.0,0.0,0.8271713256835938,21.868026733398438,0.0,0.0,0.0,0.0,0.7616653442382812,22.063730239868164,0.0,0.0,0.0,0.0,0.7602729797363281,22.446828842163086,0.0,0.0,0.0,0.0,0.7357521057128906,22.069868087768555,0.0,0.0,0.0,0.0,0.7676486968994141,22.810129165649414,0.0,0.0,0.0,0.0,0.8300762176513672,22.167814254760742,0.0,0.0,0.0,0.0,0.75616455078125,21.874536514282227,0.0,0.0,0.0,0.0,0.8061752319335938,23.01116180419922,0.0,0.0,0.0,0.0,0.8043899536132812,22.2227144241333,0.0,0.0,0.0,0.0,0.8053131103515625,22.37840461730957,0.0,0.0,0.0,0.0,0.8028793334960938,22.494770050048828,0.0014495849609375,0.0014495849609375,0.838226318359375,0.8396759033203125,0.806610107421875,22.907607078552246,0.0,0.0,0.0,0.0,0.804473876953125,22.58731174468994,0.0,0.0,0.0,0.0,0.8089526891708374,22.477175116539,0.0,0.0,0.0,0.0,0.752532958984375,21.145267486572266,0.0,0.0,0.0,0.0,0.745208740234375,21.022064208984375,0.0,0.0,0.0,0.0,0.7315444946289062,20.912517547607422,0.0,0.0,0.0,0.0,0.732269287109375,21.404617309570312,0.0,0.0,0.0,0.0,0.6897964477539062,20.86865997314453,0.0,0.0,0.0,0.0,0.71539306640625,20.87786865234375,0.0,0.0,0.0,0.0,0.694610595703125,21.25266456604004,0.0,0.0,0.0,0.0,0.7588415145874023,21.807231903076172,0.0,0.0,0.0,0.0,0.71917724609375,22.26787567138672,0.0,0.0,0.0,0.0,0.7822775840759277,21.877930164337158,0.0,0.0,0.0,0.0,0.751333475112915,22.97856640815735,0.0,0.0,0.0,0.0,0.7804193496704102,24.3043172955513,0.0,0.0,0.0,0.0
38,grounded,38,0.9058036804199219,23.30830854177475,0.0,0.0,0.0,0.0,0.6397514343261719,21.237335205078125,0.0,0.0,0.0,0.0,0.86895751953125,22.362503051757812,0.06183624267578125,1.2511085867881775,0.870849609375,0.9326858520507812,0.8698272705078125,22.47979736328125,0.0524444580078125,1.1217422485351562,0.87042236328125,0.9228668212890625,0.85247802734375,22.40180206298828,0.0,0.0,0.0,0.0,0.8486328125,22.61919403076172,0.0,0.0,0.0,0.0,0.8271713256835938,23.068450927734375,0.0,0.0,0.0,0.0,0.762969970703125,23.4658203125,0.0,0.0,0.0,0.0,0.7602729797363281,24.00504159927368,0.0,0.0,0.0,0.0,0.7597579956054688,23.685577392578125,0.0,0.0,0.0,0.0,0.7676486968994141,24.380525588989258,0.0,0.0,0.0,0.0,0.8300762176513672,23.984386444091797,0.0,0.0,0.0,0.0,0.7623367309570312,23.581375122070312,0.0,0.0,0.0,0.0,0.8061752319335938,24.874534606933594,0.0,0.0,0.0,0.0,0.8043899536132812,23.774126052856445,0.0,0.0,0.0,0.0,0.8053131103515625,23.974007606506348,0.0,0.0,0.0,0.0,0.8396759033203125,24.21487522125244,0.0,0.0,0.0,0.0,0.806610107421875,24.310881853103638,0.0,0.0,0.0,0.0,0.804473876953125,24.198174953460693,0.0,0.0,0.0,0.0,0.8089526891708374,24.53722631931305,0.0,0.0,0.0,0.0,0.752532958984375,22.679513931274414,0.0,0.0,0.0,0.0,0.745208740234375,22.876212120056152,0.0,0.0,0.0,0.0,0.7315444946289062,22.507713317871094,0.0,0.0,0.0,0.0,0.732269287109375,22.793548583984375,0.0,0.0,0.0,0.0,0.6897964477539062,22.319809913635254,0.0,0.0,0.0,0.0,0.71539306640625,22.419675827026367,0.0,0.0,0.0,0.0,0.694610595703125,22.545899271965027,0.0,0.0,0.0,0.0,0.7588415145874023,23.367380738258362,0.0,0.0,0.0,0.0,0.7227592468261719,23.869612216949463,0.0,0.0,0.0,0.0,0.7822775840759277,23.410907745361328,0.0,0.0,0.0,0.0,0.7767806649208069,24.80282551050186,0.0,0.0,0.0,0.0,0.8185533285140991,26.20224803686142,0.0,0.0,0.0,0.0
38,hallucinated,34,0.8967475891113281,20.59798163175583,0.0,0.0,0.0,0.0,0.6402854919433594,18.854694366455078,0.0,0.0,0.0,0.0,0.8715362548828125,19.819297790527344,0.06063079833984375,1.0584076642990112,0.8721466064453125,0.9327774047851562,0.8704986572265625,19.955307006835938,0.0514373779296875,0.9487075805664062,0.871551513671875,0.9229888916015625,0.8525238037109375,19.864486694335938,0.0,0.0,0.0,0.0,0.848602294921875,19.985858917236328,0.0,0.0,0.0,0.0,0.8268585205078125,20.466697692871094,0.0,0.0,0.0,0.0,0.7636642456054688,20.716293334960938,0.0,0.0,0.0,0.0,0.7601947784423828,21.316808223724365,0.0,0.0,0.0,0.0,0.7598495483398438,20.807540893554688,0.0,0.0,0.0,0.0,0.7681903839111328,21.45676612854004,0.0,0.0,0.0,0.0,0.8303365707397461,21.202303886413574,0.0,0.0,0.0,0.0,0.7631988525390625,20.764995574951172,0.0,0.0,0.0,0.0,0.8065032958984375,21.96382713317871,0.0,0.0,0.0,0.0,0.8048553466796875,20.987170219421387,0.0,0.0,0.0,0.0,0.8058929443359375,21.243942260742188,0.0,0.0,0.0,0.0,0.840240478515625,21.595107078552246,0.0,0.0,0.0,0.0,0.8072013854980469,21.6000657081604,0.0,0.0,0.0,0.0,0.80548095703125,21.45420265197754,0.0,0.0,0.0,0.0,0.8093174695968628,21.71379292011261,0.0,0.0,0.0,0.0,0.752777099609375,20.145957946777344,0.0,0.0,0.0,0.0,0.7450408935546875,20.19259262084961,0.0,0.0,0.0,0.0,0.7321548461914062,19.988975524902344,0.0,0.0,0.0,0.0,0.7318572998046875,20.19513702392578,0.0,0.0,0.0,0.0,0.6894340515136719,19.79874610900879,0.0,0.0,0.0,0.0,0.71490478515625,19.844377517700195,0.0,0.0,0.0,0.0,0.694732666015625,19.955466270446777,0.0,0.0,0.0,0.0,0.7586355209350586,20.641510009765625,0.0,0.0,0.0,0.0,0.719512939453125,21.11258316040039,0.0,0.0,0.0,0.0,0.7819626331329346,20.631139993667603,0.0,0.0,0.0,0.0,0.7727460861206055,21.85033130645752,0.0,0.0,0.0,0.0,0.8183466196060181,23.181036233901978,0.0,0.0,0.0,0.0
39,grounded,43,0.9157447814941406,26.63763779401779,0.0,0.0,0.0,0.0,0.6397171020507812,24.211151123046875,0.0,0.0,0.0,0.0,0.87225341796875,25.153533935546875,0.05947113037109375,1.4403219819068909,0.8732147216796875,0.9326858520507812,0.863037109375,25.6390380859375,0.0582275390625,1.3155479431152344,0.8646392822265625,0.9228668212890625,0.85247802734375,25.662458419799805,0.0,0.0,0.0,0.0,0.8486328125,25.893451690673828,0.0,0.0,0.0,0.0,0.8271713256835938,26.560401916503906,0.0,0.0,0.0,0.0,0.757781982421875,26.98278045654297,0.0,0.0,0.0,0.0,0.7602729797363281,27.656478881835938,0.0,0.0,0.0,0.0,0.7655754089355469,27.414185523986816,0.0,0.0,0.0,0.0,0.7864990234375,28.485979080200195,0.0,0.0,0.0,0.0,0.7629013061523438,27.959476470947266,0.05892372131347656,0.12183380126953125,0.7711524963378906,0.8300762176513672,0.7854080200195312,28.05845832824707,0.0,0.0,0.0,0.0,0.8220863342285156,29.178955554962158,0.01932525634765625,0.01932525634765625,0.7868499755859375,0.8061752319335938,0.7843174934387207,27.77692461013794,0.05078887939453125,0.0931854248046875,0.75360107421875,0.8043899536132812,0.7848052978515625,28.081586241722107,0.033599853515625,0.04920387268066406,0.7717132568359375,0.8053131103515625,0.8046646118164062,28.501603484153748,0.04994964599609375,0.21228408813476562,0.7897262573242188,0.8396759033203125,0.806610107421875,28.387154936790466,0.0,0.0,0.0,0.0,0.7727584838867188,27.82026195526123,0.003292083740234375,0.003292083740234375,0.8011817932128906,0.804473876953125,0.8089526891708374,28.223224997520447,0.0,0.0,0.0,0.0,0.752532958984375,26.512283325195312,0.0,0.0,0.0,0.0,0.745208740234375,26.149095058441162,0.0,0.0,0.0,0.0,0.7315444946289062,25.274253845214844,0.0,0.0,0.0,0.0,0.732269287109375,25.841957092285156,0.0,0.0,0.0,0.0,0.6897964477539062,25.296005249023438,0.0,0.0,0.0,0.0,0.71539306640625,25.583906173706055,0.0,0.0,0.0,0.0,0.694610595703125,25.67694664001465,0.0,0.0,0.0,0.0,0.7588415145874023,26.33770179748535,0.0,0.0,0.0,0.0,0.71917724609375,27.124935150146484,0.0,0.0,0.0,0.0,0.7822775840759277,26.273140907287598,0.0,0.0,0.0,0.0,0.748103141784668,27.79527187347412,0.0,0.0,0.0,0.0,0.7971162796020508,29.536578953266144,0.0,0.0,0.0,0.0
39,hallucinated,41,0.9126625061035156,25.33160823583603,0.0,0.0,0.0,0.0,0.6397171020507812,23.060047149658203,0.0,0.0,0.0,0.0,0.87225341796875,23.9208984375,0.05947113037109375,1.3587713837623596,0.8732147216796875,0.9326858520507812,0.863037109375,24.330825805664062,0.0582275390625,1.2531929016113281,0.8646392822265625,0.9228668212890625,0.85247802734375,24.43586540222168,0.0,0.0,0.0,0.0,0.8486328125,24.581111907958984,0.0,0.0,0.0,0.0,0.8271713256835938,25.283279418945312,0.0,0.0,0.0,0.0,0.757781982421875,25.619400024414062,0.0,0.0,0.0,0.0,0.7602729797363281,26.254554748535156,0.0,0.0,0.0,0.0,0.7658100128173828,25.974809646606445,0.0,0.0,0.0,0.0,0.7676486968994141,26.954423904418945,0.0,0.0,0.0,0.0,0.7582893371582031,26.353816986083984,0.0,0.0,0.0,0.0,0.7689285278320312,26.455015182495117,0.0,0.0,0.0,0.0,0.821746826171875,27.467427730560303,0.0069122314453125,0.0069122314453125,0.7992630004882812,0.8061752319335938,0.7839546203613281,26.226383209228516,0.0,0.0,0.0,0.0,0.7851028442382812,26.389631867408752,0.0,0.0,0.0,0.0,0.8037109375,26.890471875667572,0.04827117919921875,0.12239456176757812,0.7914047241210938,0.8396759033203125,0.7965774536132812,26.864463090896606,0.0,0.0,0.0,0.0,0.7511444091796875,26.26034927368164,0.0,0.0,0.0,0.0,0.8077430725097656,26.81638526916504,0.0,0.0,0.0,0.0,0.752532958984375,25.13970184326172,0.0,0.0,0.0,0.0,0.745208740234375,24.773038387298584,0.0,0.0,0.0,0.0,0.7315444946289062,24.066139221191406,0.0,0.0,0.0,0.0,0.732269287109375,24.593238830566406,0.0,0.0,0.0,0.0,0.6897964477539062,24.017417907714844,0.0,0.0,0.0,0.0,0.71539306640625,24.341858386993408,0.0,0.0,0.0,0.0,0.69482421875,24.45540428161621,0.0,0.0,0.0,0.0,0.7588415145874023,25.088289260864258,0.0,0.0,0.0,0.0,0.71917724609375,25.832353591918945,0.0,0.0,0.0,0.0,0.7822775840759277,25.033300042152405,0.0,0.0,0.0,0.0,0.7469348907470703,26.449254989624023,0.0,0.0,0.0,0.0,0.7971162796020508,28.100333273410797,0.0,0.0,0.0,0.0
40,grounded,46,0.9211063385009766,28.810570538043976,0.0,0.0,0.0,0.0,0.6398658752441406,26.006668090820312,0.0,0.0,0.0,0.0,0.8704833984375,27.04944610595703,0.05554962158203125,1.5352491736412048,0.87713623046875,0.9326858520507812,0.8646087646484375,27.5955810546875,0.0543060302734375,1.4308242797851562,0.868560791015625,0.9228668212890625,0.85247802734375,27.590499877929688,0.0,0.0,0.0,0.0,0.8486328125,28.247827529907227,0.0,0.0,0.0,0.0,0.8271713256835938,28.663244247436523,0.0,0.0,0.0,0.0,0.768157958984375,29.096332550048828,0.0,0.0,0.0,0.0,0.7768592834472656,30.00843048095703,0.0,0.0,0.0,0.0,0.7868728637695312,29.02806854248047,0.0,0.0,0.0,0.0,0.7707061767578125,30.487756729125977,0.0,0.0,0.0,0.0,0.75225830078125,29.65671157836914,0.022016525268554688,0.031116485595703125,0.8080596923828125,0.8300762176513672,0.7767562866210938,29.781341552734375,0.0,0.0,0.0,0.0,0.8417510986328125,31.45724105834961,0.0,0.0,0.0,0.0,0.7810440063476562,29.85201072692871,0.0188751220703125,0.0188751220703125,0.7855148315429688,0.8043899536132812,0.8250656127929688,30.29512119293213,0.00457763671875,0.00457763671875,0.8007354736328125,0.8053131103515625,0.8488006591796875,30.88105583190918,0.0706939697265625,0.18395423889160156,0.76898193359375,0.8396759033203125,0.806610107421875,30.773205161094666,0.0,0.0,0.0,0.0,0.804473876953125,30.4658340215683,0.0,0.0,0.0,0.0,0.8089526891708374,30.334499716758728,0.0,0.0,0.0,0.0,0.7847099304199219,28.63009262084961,0.0,0.0,0.0,0.0,0.745208740234375,28.11068344116211,0.0,0.0,0.0,0.0,0.7315444946289062,27.52312469482422,0.0,0.0,0.0,0.0,0.732269287109375,28.51847267150879,0.0,0.0,0.0,0.0,0.6897964477539062,27.284996032714844,0.0,0.0,0.0,0.0,0.71539306640625,27.747838973999023,0.0,0.0,0.0,0.0,0.694610595703125,27.77377223968506,0.0,0.0,0.0,0.0,0.7588415145874023,28.74924945831299,0.0,0.0,0.0,0.0,0.7384719848632812,29.6571044921875,0.0,0.0,0.0,0.0,0.7822775840759277,28.666287899017334,0.0,0.0,0.0,0.0,0.768798828125,29.961814880371094,0.0,0.0,0.0,0.0,0.7997779846191406,31.97553277015686,0.0,0.0,0.0,0.0
40,hallucinated,47,0.9222335815429688,29.486181437969208,0.0,0.0,0.0,0.0,0.6398658752441406,26.594863891601562,0.0,0.0,0.0,0.0,0.8704833984375,27.664649963378906,0.05554962158203125,1.5799116492271423,0.87713623046875,0.9326858520507812,0.8646087646484375,28.2818603515625,0.0543060302734375,1.4502410888671875,0.868560791015625,0.9228668212890625,0.85247802734375,28.236434936523438,0.0,0.0,0.0,0.0,0.8486328125,28.820886611938477,0.0,0.0,0.0,0.0,0.8271713256835938,29.27604103088379,0.0,0.0,0.0,0.0,0.7680587768554688,29.73020362854004,0.0,0.0,0.0,0.0,0.7770195007324219,30.755191802978516,0.0,0.0,0.0,0.0,0.7867527008056641,29.75307846069336,0.0,0.0,0.0,0.0,0.797515869140625,31.305452346801758,0.0,0.0,0.0,0.0,0.8204421997070312,30.521303176879883,0.00875091552734375,0.016332626342773438,0.8213253021240234,0.8300762176513672,0.7777633666992188,30.564504623413086,0.0,0.0,0.0,0.0,0.8417911529541016,32.39679527282715,0.0,0.0,0.0,0.0,0.8008651733398438,30.661251544952393,0.0,0.0,0.0,0.0,0.8249092102050781,31.296781539916992,0.0,0.0,0.0,0.0,0.8482620716094971,31.88163685798645,0.03601837158203125,0.1268458366394043,0.8036575317382812,0.8396759033203125,0.806610107421875,31.42254650592804,0.0,0.0,0.0,0.0,0.804473876953125,31.154643297195435,0.0,0.0,0.0,0.0,0.8089526891708374,30.9559406042099,0.0,0.0,0.0,0.0,0.7833976745605469,29.301090240478516,0.0,0.0,0.0,0.0,0.745208740234375,28.77100372314453,0.0,0.0,0.0,0.0,0.7315444946289062,28.157432556152344,0.0,0.0,0.0,0.0,0.732269287109375,29.130703926086426,0.0,0.0,0.0,0.0,0.6897964477539062,27.95490550994873,0.0,0.0,0.0,0.0,0.71539306640625,28.36025905609131,0.0,0.0,0.0,0.0,0.694610595703125,28.40589141845703,0.0,0.0,0.0,0.0,0.7588415145874023,29.41585063934326,0.0,0.0,0.0,0.0,0.728729248046875,30.24886703491211,0.0,0.0,0.0,0.0,0.7822775840759277,29.220624923706055,0.0,0.0,0.0,0.0,0.7693781852722168,30.625900745391846,0.0,0.0,0.0,0.0,0.7994899749755859,32.684111058712006,0.0,0.0,0.0,0.0
41,grounded,37,0.9014625549316406,22.5456582903862,0.0,0.0,0.0,0.0,0.6407356262207031,20.67780303955078,0.0,0.0,0.0,0.0,0.86590576171875,21.455726623535156,0.06464385986328125,1.2619070410728455,0.8680419921875,0.9326858520507812,0.8715667724609375,21.815277099609375,0.0509033203125,1.07586669921875,0.8719635009765625,0.9228668212890625,0.85247802734375,21.717269897460938,0.0,0.0,0.0,0.0,0.8486328125,21.843505859375,0.0,0.0,0.0,0.0,0.8271713256835938,22.42325210571289,0.0,0.0,0.0,0.0,0.7637252807617188,22.666885375976562,0.0,0.0,0.0,0.0,0.7602729797363281,23.261600494384766,0.0,0.0,0.0,0.0,0.7244377136230469,22.64169692993164,0.0,0.0,0.0,0.0,0.7803192138671875,24.007673263549805,0.0,0.0,0.0,0.0,0.8300762176513672,23.339136123657227,0.0,0.0,0.0,0.0,0.75616455078125,22.972396850585938,0.0,0.0,0.0,0.0,0.8061752319335938,24.25990867614746,0.0,0.0,0.0,0.0,0.8043899536132812,23.19375991821289,0.0,0.0,0.0,0.0,0.8120651245117188,23.539620399475098,0.0,0.0,0.0,0.0,0.8126282691955566,23.4490647315979,0.0,0.0,0.0,0.0,0.806610107421875,23.959259033203125,0.0,0.0,0.0,0.0,0.804473876953125,23.25522518157959,0.0,0.0,0.0,0.0,0.8089526891708374,23.42636501789093,0.0,0.0,0.0,0.0,0.752532958984375,22.271162033081055,0.0,0.0,0.0,0.0,0.745208740234375,22.041703939437866,0.0,0.0,0.0,0.0,0.7315444946289062,21.891010284423828,0.0,0.0,0.0,0.0,0.732269287109375,22.289480209350586,0.0,0.0,0.0,0.0,0.6897964477539062,21.53373908996582,0.0,0.0,0.0,0.0,0.71539306640625,21.713912963867188,0.0,0.0,0.0,0.0,0.694610595703125,21.80253791809082,0.0,0.0,0.0,0.0,0.7588415145874023,22.49835515022278,0.0,0.0,0.0,0.0,0.71917724609375,23.020732879638672,0.0,0.0,0.0,0.0,0.7822775840759277,22.391214847564697,0.0,0.0,0.0,0.0,0.751068115234375,23.44786548614502,0.0,0.0,0.0,0.0,0.7947913408279419,25.089318335056305,0.0,0.0,0.0,0.0
41,hallucinated,37,0.9009857177734375,22.55440467596054,0.0,0.0,0.0,0.0,0.6407356262207031,20.689445972442627,0.0,0.0,0.0,0.0,0.86590576171875,21.543540954589844,0.06464385986328125,1.2138494849205017,0.8680419921875,0.9326858520507812,0.8715667724609375,21.77178955078125,0.0508575439453125,1.0689697265625,0.87200927734375,0.9228668212890625,0.85247802734375,21.642780303955078,0.0,0.0,0.0,0.0,0.8486328125,21.866378784179688,0.0,0.0,0.0,0.0,0.8271713256835938,22.32076644897461,0.0,0.0,0.0,0.0,0.7637252807617188,22.481651306152344,0.0,0.0,0.0,0.0,0.7602729797363281,23.290531158447266,0.0,0.0,0.0,0.0,0.72686767578125,22.75421142578125,0.0,0.0,0.0,0.0,0.7676486968994141,23.76533317565918,0.0,0.0,0.0,0.0,0.8300762176513672,23.54121971130371,0.0,0.0,0.0,0.0,0.7594633102416992,23.11348819732666,0.0,0.0,0.0,0.0,0.8061752319335938,24.33308982849121,0.0,0.0,0.0,0.0,0.8043899536132812,23.305625915527344,0.0,0.0,0.0,0.0,0.8120651245117188,23.58726930618286,0.0,0.0,0.0,0.0,0.8126282691955566,23.581892490386963,0.01636505126953125,0.01636505126953125,0.8233108520507812,0.8396759033203125,0.806610107421875,23.96772003173828,0.0,0.0,0.0,0.0,0.804473876953125,23.4888277053833,0.0,0.0,0.0,0.0,0.8089526891708374,23.68330180644989,0.0,0.0,0.0,0.0,0.752532958984375,22.363576889038086,0.0,0.0,0.0,0.0,0.745208740234375,22.06483244895935,0.0,0.0,0.0,0.0,0.7315444946289062,21.871734619140625,0.0,0.0,0.0,0.0,0.732269287109375,22.250532150268555,0.0,0.0,0.0,0.0,0.6897964477539062,21.529764652252197,0.0,0.0,0.0,0.0,0.71539306640625,21.689342498779297,0.0,0.0,0.0,0.0,0.694610595703125,21.861377716064453,0.0,0.0,0.0,0.0,0.7588415145874023,22.437825202941895,0.0,0.0,0.0,0.0,0.71917724609375,22.99985122680664,0.0,0.0,0.0,0.0,0.7822775840759277,22.651390552520752,0.0,0.0,0.0,0.0,0.751068115234375,23.804286003112793,0.0,0.0,0.0,0.0,0.7947913408279419,25.332930028438568,0.0,0.0,0.0,0.0
42,grounded,38,0.9052467346191406,23.347423493862152,0.0,0.0,0.0,0.0,0.6381149291992188,21.361698150634766,0.0,0.0,0.0,0.0,0.8704071044921875,22.11886978149414,0.05867767333984375,1.260263442993164,0.8740081787109375,0.9326858520507812,0.8654022216796875,22.463653564453125,0.0561065673828125,1.182464599609375,0.86676025390625,0.9228668212890625,0.85247802734375,22.293487548828125,0.0,0.0,0.0,0.0,0.8486328125,22.396568298339844,0.0,0.0,0.0,0.0,0.8271713256835938,23.564517974853516,0.0,0.0,0.0,0.0,0.76959228515625,24.07257652282715,0.0,0.0,0.0,0.0,0.7602729797363281,23.819599151611328,0.0,0.0,0.0,0.0,0.727569580078125,23.50026512145996,0.0,0.0,0.0,0.0,0.7676486968994141,24.3323917388916,0.0,0.0,0.0,0.0,0.7982101440429688,24.084102630615234,0.012044906616210938,0.012044906616210938,0.8180313110351562,0.8300762176513672,0.7755126953125,23.806556701660156,0.0,0.0,0.0,0.0,0.8061752319335938,25.246315002441406,0.0,0.0,0.0,0.0,0.8043899536132812,24.00432538986206,0.0,0.0,0.0,0.0,0.8053131103515625,24.304856300354004,0.0,0.0,0.0,0.0,0.804107666015625,24.54015064239502,0.0,0.0,0.0,0.0,0.806610107421875,24.557531356811523,0.0,0.0,0.0,0.0,0.804473876953125,24.142027854919434,0.0,0.0,0.0,0.0,0.8089526891708374,24.238178849220276,0.0,0.0,0.0,0.0,0.752532958984375,23.0240535736084,0.0,0.0,0.0,0.0,0.745208740234375,22.370201110839844,0.0,0.0,0.0,0.0,0.7315444946289062,22.504150390625,0.0,0.0,0.0,0.0,0.732269287109375,23.03225803375244,0.0,0.0,0.0,0.0,0.6897964477539062,22.115190505981445,0.0,0.0,0.0,0.0,0.71539306640625,22.338315963745117,0.0,0.0,0.0,0.0,0.694610595703125,22.469010591506958,0.0,0.0,0.0,0.0,0.7588415145874023,23.13915252685547,0.0,0.0,0.0,0.0,0.71917724609375,23.5464448928833,0.0,0.0,0.0,0.0,0.7822775840759277,23.090962529182434,0.0,0.0,0.0,0.0,0.7942714691162109,24.346901893615723,0.0,0.0,0.0,0.0,0.8142214417457581,25.93164098262787,0.0,0.0,0.0,0.0
42,hallucinated,42,0.9115715026855469,25.965032517910004,0.0,0.0,0.0,0.0,0.6381149291992188,23.75029945373535,0.0,0.0,0.0,0.0,0.8704071044921875,24.51675796508789,0.05867767333984375,1.433176040649414,0.8740081787109375,0.9326858520507812,0.8654022216796875,24.93994140625,0.0561065673828125,1.3532867431640625,0.86676025390625,0.9228668212890625,0.85247802734375,24.788162231445312,0.0,0.0,0.0,0.0,0.8486328125,24.93006134033203,0.0,0.0,0.0,0.0,0.8271713256835938,26.155139923095703,0.0,0.0,0.0,0.0,0.76959228515625,26.776723861694336,0.0,0.0,0.0,0.0,0.7602729797363281,26.469745635986328,0.0,0.0,0.0,0.0,0.7275848388671875,26.304906845092773,0.0,0.0,0.0,0.0,0.7676486968994141,27.352739334106445,0.0,0.0,0.0,0.0,0.7982101440429688,26.843578338623047,0.012044906616210938,0.012044906616210938,0.8180313110351562,0.8300762176513672,0.7755126953125,26.601289749145508,0.0,0.0,0.0,0.0,0.8086395263671875,28.20881462097168,0.0,0.0,0.0,0.0,0.8043899536132812,26.743690013885498,0.0,0.0,0.0,0.0,0.8053131103515625,27.002243041992188,0.0,0.0,0.0,0.0,0.804107666015625,27.42360019683838,0.0,0.0,0.0,0.0,0.806610107421875,27.48078727722168,0.0,0.0,0.0,0.0,0.804473876953125,27.004767417907715,0.0,0.0,0.0,0.0,0.8089526891708374,27.223202347755432,0.0,0.0,0.0,0.0,0.752532958984375,25.77778434753418,0.0,0.0,0.0,0.0,0.745208740234375,25.026275634765625,0.0,0.0,0.0,0.0,0.7315444946289062,25.030181884765625,0.0,0.0,0.0,0.0,0.732269287109375,25.636412620544434,0.0,0.0,0.0,0.0,0.6897964477539062,24.60648536682129,0.0,0.0,0.0,0.0,0.71539306640625,25.04180908203125,0.0,0.0,0.0,0.0,0.694610595703125,25.052261352539062,0.0,0.0,0.0,0.0,0.7588415145874023,25.909239768981934,0.0,0.0,0.0,0.0,0.71917724609375,26.367862701416016,0.0,0.0,0.0,0.0,0.7822775840759277,25.73500680923462,0.0,0.0,0.0,0.0,0.7941627502441406,27.227999687194824,0.0,0.0,0.0,0.0,0.8141680359840393,28.918808043003082,0.0,0.0,0.0,0.0
43,grounded,38,0.9049510955810547,23.377609431743622,0.0,0.0,0.0,0.0,0.6383628845214844,21.34119415283203,0.0,0.0,0.0,0.0,0.8764190673828125,22.100234985351562,0.05445098876953125,1.2492154836654663,0.87823486328125,0.9326858520507812,0.86676025390625,22.413467407226562,0.054229736328125,1.1554641723632812,0.8686370849609375,0.9228668212890625,0.85247802734375,22.2777099609375,0.0,0.0,0.0,0.0,0.8486328125,22.490524291992188,0.0,0.0,0.0,0.0,0.8271713256835938,23.412006378173828,0.0,0.0,0.0,0.0,0.7780914306640625,24.211750030517578,0.0,0.0,0.0,0.0,0.7602729797363281,24.11414909362793,0.0,0.0,0.0,0.0,0.7765960693359375,23.63222885131836,0.0,0.0,0.0,0.0,0.7676486968994141,24.41520881652832,0.0,0.0,0.0,0.0,0.8028984069824219,24.160083770751953,0.025182723999023438,0.05492210388183594,0.8048934936523438,0.8300762176513672,0.8134403228759766,24.126564025878906,0.0,0.0,0.0,0.0,0.8272628784179688,25.66482162475586,0.0,0.0,0.0,0.0,0.8020143508911133,24.32956886291504,0.0,0.0,0.0,0.0,0.8109283447265625,24.62321138381958,0.0,0.0,0.0,0.0,0.8126869201660156,24.896520137786865,0.0446929931640625,0.10698509216308594,0.79498291015625,0.8396759033203125,0.806610107421875,24.755197525024414,0.0,0.0,0.0,0.0,0.804473876953125,24.389875411987305,0.0,0.0,0.0,0.0,0.8089526891708374,24.440568804740906,0.0,0.0,0.0,0.0,0.752532958984375,23.531150817871094,0.0,0.0,0.0,0.0,0.745208740234375,22.916797637939453,0.0,0.0,0.0,0.0,0.7315444946289062,22.624671936035156,0.0,0.0,0.0,0.0,0.732269287109375,23.21324634552002,0.0,0.0,0.0,0.0,0.6897964477539062,22.35971450805664,0.0,0.0,0.0,0.0,0.71539306640625,22.632906913757324,0.0,0.0,0.0,0.0,0.694610595703125,22.658243119716644,0.0,0.0,0.0,0.0,0.7588415145874023,23.338009119033813,0.0,0.0,0.0,0.0,0.71917724609375,23.969743728637695,0.0,0.0,0.0,0.0,0.7822775840759277,23.14391952753067,0.0,0.0,0.0,0.0,0.7624702453613281,24.345687866210938,0.0,0.0,0.0,0.0,0.7884960174560547,25.794766187667847,0.0,0.0,0.0,0.0
43,hallucinated,39,0.9062080383300781,24.02536314725876,0.0,0.0,0.0,0.0,0.6383628845214844,21.95604705810547,0.0,0.0,0.0,0.0,0.8764190673828125,22.675445556640625,0.05594635009765625,1.2885297536849976,0.876739501953125,0.9326858520507812,0.86676025390625,23.023300170898438,0.054229736328125,1.2184982299804688,0.8686370849609375,0.9228668212890625,0.85247802734375,22.926300048828125,0.0,0.0,0.0,0.0,0.8486328125,23.126510620117188,0.0,0.0,0.0,0.0,0.8271713256835938,24.096851348876953,0.0,0.0,0.0,0.0,0.7780914306640625,24.96993637084961,0.0,0.0,0.0,0.0,0.7602729797363281,24.83747673034668,0.0,0.0,0.0,0.0,0.7765960693359375,24.437076568603516,0.0,0.0,0.0,0.0,0.7676486968994141,25.205148696899414,0.0,0.0,0.0,0.0,0.8028984069824219,24.945926666259766,0.025182723999023438,0.05577659606933594,0.8048934936523438,0.8300762176513672,0.8132419586181641,24.924723625183105,0.0,0.0,0.0,0.0,0.8379745483398438,26.501533269882202,0.0,0.0,0.0,0.0,0.8011670112609863,25.128675937652588,0.0,0.0,0.0,0.0,0.8104820251464844,25.32422113418579,0.0,0.0,0.0,0.0,0.8124580383300781,25.77202820777893,0.0445709228515625,0.10996055603027344,0.79510498046875,0.8396759033203125,0.806610107421875,25.46518039703369,0.0,0.0,0.0,0.0,0.804473876953125,25.096452713012695,0.0,0.0,0.0,0.0,0.8089526891708374,25.108853697776794,0.0,0.0,0.0,0.0,0.752532958984375,24.151241302490234,0.0,0.0,0.0,0.0,0.745208740234375,23.51740074157715,0.0,0.0,0.0,0.0,0.7315444946289062,23.20873260498047,0.0,0.0,0.0,0.0,0.732269287109375,23.803853034973145,0.0,0.0,0.0,0.0,0.6897964477539062,23.01882553100586,0.0,0.0,0.0,0.0,0.71539306640625,23.194969177246094,0.0,0.0,0.0,0.0,0.694610595703125,23.250980377197266,0.0,0.0,0.0,0.0,0.7588415145874023,23.907756805419922,0.0,0.0,0.0,0.0,0.71917724609375,24.682571411132812,0.0,0.0,0.0,0.0,0.7822775840759277,23.68040132522583,0.0,0.0,0.0,0.0,0.7614059448242188,24.99610996246338,0.0,0.0,0.0,0.0,0.7885580062866211,26.399561405181885,0.0,0.0,0.0,0.0
44,grounded,42,0.9118633270263672,25.973181903362274,0.0,0.0,0.0,0.0,0.6368408203125,23.61569595336914,0.0,0.0,0.0,0.0,0.8764190673828125,24.569671630859375,0.05326080322265625,1.3649742603302002,0.879425048828125,0.9326858520507812,0.86529541015625,25.027572631835938,0.0561065673828125,1.295684814453125,0.86676025390625,0.9228668212890625,0.85247802734375,24.93539047241211,0.0,0.0,0.0,0.0,0.8486328125,25.056114196777344,0.0,0.0,0.0,0.0,0.8271713256835938,25.878494262695312,0.0,0.0,0.0,0.0,0.7581787109375,26.644271850585938,0.0,0.0,0.0,0.0,0.7602729797363281,26.718591690063477,0.0,0.0,0.0,0.0,0.73828125,26.022380828857422,0.0,0.0,0.0,0.0,0.7676486968994141,27.134016036987305,0.0,0.0,0.0,0.0,0.8300762176513672,26.8865909576416,0.0,0.0,0.0,0.0,0.7720508575439453,26.507863998413086,0.0,0.0,0.0,0.0,0.8115997314453125,28.33252716064453,0.0,0.0,0.0,0.0,0.8043899536132812,26.887834548950195,0.0,0.0,0.0,0.0,0.8053131103515625,27.09489607810974,0.0,0.0,0.0,0.0,0.8396759033203125,27.365659475326538,0.0,0.0,0.0,0.0,0.806610107421875,27.41407012939453,0.0,0.0,0.0,0.0,0.804473876953125,27.015457153320312,0.0,0.0,0.0,0.0,0.8089526891708374,27.156124472618103,0.0,0.0,0.0,0.0,0.752532958984375,25.808273315429688,0.0,0.0,0.0,0.0,0.745208740234375,25.37756848335266,0.0,0.0,0.0,0.0,0.7315444946289062,25.068809509277344,0.0,0.0,0.0,0.0,0.732269287109375,25.75611972808838,0.0,0.0,0.0,0.0,0.6897964477539062,24.701099753379822,0.0,0.0,0.0,0.0,0.71539306640625,25.085224151611328,0.0,0.0,0.0,0.0,0.694610595703125,24.986365795135498,0.0,0.0,0.0,0.0,0.7588415145874023,25.94750714302063,0.0,0.0,0.0,0.0,0.71917724609375,26.541946411132812,0.0,0.0,0.0,0.0,0.7822775840759277,25.50777977705002,0.0,0.0,0.0,0.0,0.7582149505615234,27.062872886657715,0.0,0.0,0.0,0.0,0.8072649240493774,28.67862558364868,0.0,0.0,0.0,0.0
44,hallucinated,43,0.9131832122802734,26.624565303325653,0.0,0.0,0.0,0.0,0.6368408203125,24.22995376586914,0.0,0.0,0.0,0.0,0.8764190673828125,25.146896362304688,0.05353546142578125,1.4011681079864502,0.879150390625,0.9326858520507812,0.86529541015625,25.648452758789062,0.0561065673828125,1.35650634765625,0.86676025390625,0.9228668212890625,0.85247802734375,25.580318450927734,0.0,0.0,0.0,0.0,0.8486328125,25.707565307617188,0.0,0.0,0.0,0.0,0.8271713256835938,26.567428588867188,0.0,0.0,0.0,0.0,0.7581787109375,27.369518280029297,0.0,0.0,0.0,0.0,0.7602729797363281,27.386606216430664,0.0,0.0,0.0,0.0,0.73828125,26.756771087646484,0.0,0.0,0.0,0.0,0.7676486968994141,27.977888107299805,0.0,0.0,0.0,0.0,0.8300762176513672,27.649309158325195,0.0,0.0,0.0,0.0,0.7720508575439453,27.163728713989258,0.0,0.0,0.0,0.0,0.8352203369140625,29.206401824951172,0.0,0.0,0.0,0.0,0.8043899536132812,27.67622184753418,0.0,0.0,0.0,0.0,0.8053131103515625,27.772424459457397,0.0,0.0,0.0,0.0,0.8396759033203125,28.219037771224976,0.0,0.0,0.0,0.0,0.806610107421875,28.227439880371094,0.0,0.0,0.0,0.0,0.804473876953125,27.723556518554688,0.0,0.0,0.0,0.0,0.8089526891708374,27.887738585472107,0.0,0.0,0.0,0.0,0.752532958984375,26.496227264404297,0.0,0.0,0.0,0.0,0.745208740234375,25.980828046798706,0.0,0.0,0.0,0.0,0.7315444946289062,25.653038024902344,0.0,0.0,0.0,0.0,0.732269287109375,26.339428901672363,0.0,0.0,0.0,0.0,0.6897964477539062,25.264955520629883,0.0,0.0,0.0,0.0,0.71539306640625,25.662769317626953,0.0,0.0,0.0,0.0,0.694610595703125,25.551406860351562,0.0,0.0,0.0,0.0,0.7588415145874023,26.60626220703125,0.0,0.0,0.0,0.0,0.71917724609375,27.21251678466797,0.0,0.0,0.0,0.0,0.7822775840759277,25.965616703033447,0.0,0.0,0.0,0.0,0.7582149505615234,27.71920394897461,0.0,0.0,0.0,0.0,0.8072649240493774,29.22063046693802,0.0,0.0,0.0,0.0
45,grounded,47,0.9171981811523438,29.096241533756256,0.0,0.0,0.0,0.0,0.6388015747070312,26.63437271118164,0.0,0.0,0.0,0.0,0.8739166259765625,27.49993896484375,0.05626678466796875,1.5842924118041992,0.8764190673828125,0.9326858520507812,0.8647308349609375,28.381195068359375,0.0565643310546875,1.5888214111328125,0.866302490234375,0.9228668212890625,0.85247802734375,28.22672152519226,0.0,0.0,0.0,0.0,0.8486328125,28.312591552734375,0.0,0.0,0.0,0.0,0.8271713256835938,29.417579650878906,0.0,0.0,0.0,0.0,0.7826671600341797,30.530242681503296,0.0,0.0,0.0,0.0,0.7602729797363281,30.422715187072754,0.0,0.0,0.0,0.0,0.78131103515625,30.599138259887695,0.0,0.0,0.0,0.0,0.7858505249023438,31.44761848449707,0.0,0.0,0.0,0.0,0.7761917114257812,30.685874938964844,0.05125999450683594,0.08111763000488281,0.7788162231445312,0.8300762176513672,0.7968482971191406,30.456555604934692,0.0,0.0,0.0,0.0,0.8260765075683594,32.345473766326904,0.0,0.0,0.0,0.0,0.7852401733398438,30.435111045837402,0.0,0.0,0.0,0.0,0.8114051818847656,30.9536075592041,0.0,0.0,0.0,0.0,0.8214912414550781,30.94055461883545,0.0681915283203125,0.12812042236328125,0.771484375,0.8396759033203125,0.806610107421875,31.106314659118652,0.0,0.0,0.0,0.0,0.7969474792480469,30.56911563873291,0.0,0.0,0.0,0.0,0.8060836791992188,30.68088972568512,0.0,0.0,0.0,0.0,0.752532958984375,29.116931438446045,0.0,0.0,0.0,0.0,0.745208740234375,28.707645416259766,0.0,0.0,0.0,0.0,0.7315444946289062,28.35812282562256,0.0,0.0,0.0,0.0,0.732269287109375,28.788044929504395,0.0,0.0,0.0,0.0,0.69464111328125,28.066000938415527,0.0,0.0,0.0,0.0,0.71539306640625,28.11101531982422,0.0,0.0,0.0,0.0,0.694610595703125,28.238794326782227,0.0,0.0,0.0,0.0,0.7588415145874023,29.331112444400787,0.0,0.0,0.0,0.0,0.7275390625,30.22019386291504,0.0,0.0,0.0,0.0,0.7822775840759277,29.16042470932007,0.0,0.0,0.0,0.0,0.7860527038574219,31.026944279670715,0.0,0.0,0.0,0.0,0.8090052604675293,32.62366861104965,0.0,0.0,0.0,0.0
45,hallucinated,47,0.9170818328857422,29.08563858270645,0.0,0.0,0.0,0.0,0.6388015747070312,26.64974594116211,0.0,0.0,0.0,0.0,0.8739166259765625,27.54449462890625,0.05626678466796875,1.5839109420776367,0.8764190673828125,0.9326858520507812,0.8647308349609375,28.32659912109375,0.0565643310546875,1.5936508178710938,0.866302490234375,0.9228668212890625,0.85247802734375,28.211127042770386,0.0,0.0,0.0,0.0,0.8486328125,28.24908447265625,0.0,0.0,0.0,0.0,0.8271713256835938,29.40453338623047,0.0,0.0,0.0,0.0,0.7826671600341797,30.52172064781189,0.0,0.0,0.0,0.0,0.7602729797363281,30.42030429840088,0.0,0.0,0.0,0.0,0.78131103515625,30.540773391723633,0.0,0.0,0.0,0.0,0.7858505249023438,31.4437198638916,0.0,0.0,0.0,0.0,0.7761917114257812,30.60391616821289,0.0008144378662109375,0.0008144378662109375,0.8292617797851562,0.8300762176513672,0.7968482971191406,30.415065050125122,0.0,0.0,0.0,0.0,0.8307075500488281,32.26624631881714,0.0,0.0,0.0,0.0,0.7852401733398438,30.485060691833496,0.0,0.0,0.0,0.0,0.8114051818847656,30.89894962310791,0.0,0.0,0.0,0.0,0.8214912414550781,30.97733974456787,0.0681915283203125,0.11865997314453125,0.771484375,0.8396759033203125,0.806610107421875,31.100707054138184,0.0,0.0,0.0,0.0,0.7969474792480469,30.55644702911377,0.0,0.0,0.0,0.0,0.8060836791992188,30.633389115333557,0.0,0.0,0.0,0.0,0.752532958984375,29.034152507781982,0.0,0.0,0.0,0.0,0.745208740234375,28.580516815185547,0.0,0.0,0.0,0.0,0.7315444946289062,28.289549827575684,0.0,0.0,0.0,0.0,0.732269287109375,28.699292182922363,0.0,0.0,0.0,0.0,0.69464111328125,28.107487678527832,0.0,0.0,0.0,0.0,0.71539306640625,27.98935317993164,0.0,0.0,0.0,0.0,0.694610595703125,28.226821899414062,0.0,0.0,0.0,0.0,0.7588415145874023,29.258011400699615,0.0,0.0,0.0,0.0,0.7275390625,30.21286106109619,0.0,0.0,0.0,0.0,0.7822775840759277,29.154826641082764,0.0,0.0,0.0,0.0,0.7860527038574219,30.975704312324524,0.0,0.0,0.0,0.0,0.8090052604675293,32.63198798894882,0.0,0.0,0.0,0.0
46,grounded,47,0.9177436828613281,29.191789090633392,0.0,0.0,0.0,0.0,0.6389503479003906,26.61431121826172,0.0,0.0,0.0,0.0,0.8677215576171875,27.707469940185547,0.05652618408203125,1.523043692111969,0.87615966796875,0.9326858520507812,0.86676025390625,28.069137573242188,0.0547943115234375,1.5237808227539062,0.868072509765625,0.9228668212890625,0.85247802734375,28.075206756591797,0.0,0.0,0.0,0.0,0.8486328125,28.109941482543945,0.0,0.0,0.0,0.0,0.8271713256835938,29.29995346069336,0.0,0.0,0.0,0.0,0.7667236328125,30.19239044189453,0.0,0.0,0.0,0.0,0.7602729797363281,30.280290603637695,0.0,0.0,0.0,0.0,0.7650527954101562,29.87517547607422,0.0,0.0,0.0,0.0,0.7676486968994141,30.919252395629883,0.0,0.0,0.0,0.0,0.7805328369140625,30.489078521728516,0.04825782775878906,0.04825782775878906,0.7818183898925781,0.8300762176513672,0.79376220703125,30.35971450805664,0.0,0.0,0.0,0.0,0.8526091575622559,32.396695613861084,0.0,0.0,0.0,0.0,0.8043899536132812,30.57215690612793,0.0,0.0,0.0,0.0,0.8189125061035156,31.021386086940765,0.0,0.0,0.0,0.0,0.8259429931640625,31.36572790145874,0.0318450927734375,0.0318450927734375,0.807830810546875,0.8396759033203125,0.806610107421875,31.232595443725586,0.0,0.0,0.0,0.0,0.804473876953125,30.800747871398926,0.0,0.0,0.0,0.0,0.8089526891708374,30.876606941223145,0.0,0.0,0.0,0.0,0.752532958984375,29.789772033691406,0.0,0.0,0.0,0.0,0.745208740234375,28.47583770751953,0.0,0.0,0.0,0.0,0.7315444946289062,28.26599884033203,0.0,0.0,0.0,0.0,0.732269287109375,29.039212226867676,0.0,0.0,0.0,0.0,0.6897964477539062,27.921513080596924,0.0,0.0,0.0,0.0,0.71539306640625,28.247194290161133,0.0,0.0,0.0,0.0,0.694610595703125,28.383493423461914,0.0,0.0,0.0,0.0,0.7588415145874023,29.44313669204712,0.0,0.0,0.0,0.0,0.7857704162597656,30.33639430999756,0.0,0.0,0.0,0.0,0.7822775840759277,29.09675770998001,0.0,0.0,0.0,0.0,0.7359738349914551,30.68405294418335,0.0,0.0,0.0,0.0,0.7950057983398438,32.328553378582,0.0,0.0,0.0,0.0
46,hallucinated,41,0.9079437255859375,25.283450543880463,0.0,0.0,0.0,0.0,0.6389503479003906,23.118087768554688,0.0,0.0,0.0,0.0,0.8666534423828125,23.98531723022461,0.06497955322265625,1.3886494040489197,0.867706298828125,0.9326858520507812,0.8658599853515625,24.472549438476562,0.0561065673828125,1.3132476806640625,0.86676025390625,0.9228668212890625,0.85247802734375,24.32568359375,0.0,0.0,0.0,0.0,0.8486328125,24.373199462890625,0.0,0.0,0.0,0.0,0.8271713256835938,25.394901275634766,0.0,0.0,0.0,0.0,0.766632080078125,25.88336181640625,0.0,0.0,0.0,0.0,0.7602729797363281,26.109264373779297,0.0,0.0,0.0,0.0,0.760711669921875,25.736326217651367,0.0,0.0,0.0,0.0,0.7676486968994141,26.8489933013916,0.0,0.0,0.0,0.0,0.8238449096679688,26.372684478759766,0.0,0.0,0.0,0.0,0.75616455078125,25.729084014892578,0.0,0.0,0.0,0.0,0.8171615600585938,27.66417694091797,0.0,0.0,0.0,0.0,0.8043899536132812,26.160346031188965,0.0,0.0,0.0,0.0,0.8195991516113281,26.297130584716797,0.0,0.0,0.0,0.0,0.8396759033203125,26.865365028381348,0.0,0.0,0.0,0.0,0.806610107421875,26.677788734436035,0.0,0.0,0.0,0.0,0.804473876953125,26.256555557250977,0.0,0.0,0.0,0.0,0.8089526891708374,26.604179739952087,0.0,0.0,0.0,0.0,0.752532958984375,25.5651798248291,0.0,0.0,0.0,0.0,0.745208740234375,24.60970687866211,0.0,0.0,0.0,0.0,0.7315444946289062,24.583152770996094,0.0,0.0,0.0,0.0,0.732269287109375,25.149178504943848,0.0,0.0,0.0,0.0,0.6897964477539062,24.507529735565186,0.0,0.0,0.0,0.0,0.71539306640625,24.556598663330078,0.0,0.0,0.0,0.0,0.703216552734375,24.79606819152832,0.0,0.0,0.0,0.0,0.7588415145874023,25.431190967559814,0.0,0.0,0.0,0.0,0.7510356903076172,26.317753791809082,0.0,0.0,0.0,0.0,0.7822775840759277,25.406177043914795,0.0,0.0,0.0,0.0,0.7753188014030457,26.613921344280243,0.0,0.0,0.0,0.0,0.7932806015014648,28.00510573387146,0.0,0.0,0.0,0.0
47,grounded,51,0.9246368408203125,32.082992374897,0.0,0.0,0.0,0.0,0.6402397155761719,29.154123306274414,0.0,0.0,0.0,0.0,0.8678741455078125,30.135616302490234,0.06441497802734375,1.7064678072929382,0.8682708740234375,0.9326858520507812,0.8612823486328125,30.57354736328125,0.0543060302734375,1.613372802734375,0.868560791015625,0.9228668212890625,0.85247802734375,30.133651733398438,0.0,0.0,0.0,0.0,0.8486328125,30.77313232421875,0.0,0.0,0.0,0.0,0.8271713256835938,31.677104949951172,0.0,0.0,0.0,0.0,0.751922607421875,31.962989807128906,0.0,0.0,0.0,0.0,0.7602729797363281,32.660316467285156,0.0,0.0,0.0,0.0,0.7642097473144531,32.748714447021484,0.0,0.0,0.0,0.0,0.7757339477539062,33.73238563537598,0.0,0.0,0.0,0.0,0.7600212097167969,33.478721618652344,0.0057353973388671875,0.0057353973388671875,0.8243408203125,0.8300762176513672,0.7898330688476562,33.32558059692383,0.0,0.0,0.0,0.0,0.8205413818359375,34.885342597961426,0.0,0.0,0.0,0.0,0.7747278213500977,33.70677852630615,0.042362213134765625,0.042362213134765625,0.7620277404785156,0.8043899536132812,0.8151321411132812,34.004496812820435,0.024997711181640625,0.024997711181640625,0.7803153991699219,0.8053131103515625,0.8102834224700928,33.28574299812317,0.0965423583984375,0.5361003875732422,0.743133544921875,0.8396759033203125,0.806610107421875,34.0474739074707,0.0,0.0,0.0,0.0,0.7823238372802734,33.48069226741791,0.01715850830078125,0.01715850830078125,0.7873153686523438,0.804473876953125,0.8044624328613281,33.69955086708069,0.0,0.0,0.0,0.0,0.752532958984375,31.899415969848633,0.0,0.0,0.0,0.0,0.745208740234375,31.364468336105347,0.0,0.0,0.0,0.0,0.7315444946289062,30.513081073760986,0.0,0.0,0.0,0.0,0.7372665405273438,31.175435066223145,0.0,0.0,0.0,0.0,0.6897964477539062,30.023765563964844,0.0,0.0,0.0,0.0,0.71539306640625,30.10846710205078,0.0,0.0,0.0,0.0,0.694610595703125,30.760637283325195,0.0,0.0,0.0,0.0,0.7588415145874023,31.933825969696045,0.0,0.0,0.0,0.0,0.7197341918945312,32.44332456588745,0.0,0.0,0.0,0.0,0.7822775840759277,31.797922611236572,0.0,0.0,0.0,0.0,0.8007621765136719,33.65148025751114,0.0,0.0,0.0,0.0,0.8096227645874023,35.25503474473953,0.013265788555145264,0.020340800285339355,0.9061088562011719,0.9193746447563171
47,hallucinated,44,0.9158458709716797,27.41551512479782,0.0,0.0,0.0,0.0,0.6402397155761719,24.96635627746582,0.0,0.0,0.0,0.0,0.8678741455078125,25.818599700927734,0.06441497802734375,1.4456340670585632,0.8682708740234375,0.9326858520507812,0.8612823486328125,26.131088256835938,0.0543060302734375,1.3600845336914062,0.868560791015625,0.9228668212890625,0.85247802734375,25.861236572265625,0.0,0.0,0.0,0.0,0.8486328125,26.40231704711914,0.0,0.0,0.0,0.0,0.8271713256835938,27.142669677734375,0.0,0.0,0.0,0.0,0.751922607421875,27.205921173095703,0.0,0.0,0.0,0.0,0.7602729797363281,27.873180389404297,0.0,0.0,0.0,0.0,0.727813720703125,27.596593856811523,0.0,0.0,0.0,0.0,0.7676486968994141,28.57187843322754,0.0,0.0,0.0,0.0,0.8300762176513672,28.411954879760742,0.0,0.0,0.0,0.0,0.7679653167724609,27.901216506958008,0.0,0.0,0.0,0.0,0.80975341796875,29.429000854492188,0.0,0.0,0.0,0.0,0.8043899536132812,28.459755897521973,0.0,0.0,0.0,0.0,0.814976692199707,28.706208765506744,0.0,0.0,0.0,0.0,0.8097822666168213,28.673311471939087,0.0873260498046875,0.25675487518310547,0.752349853515625,0.8396759033203125,0.806610107421875,28.86610698699951,0.0,0.0,0.0,0.0,0.804473876953125,28.353360652923584,0.0,0.0,0.0,0.0,0.8089526891708374,28.631510138511658,0.0,0.0,0.0,0.0,0.752532958984375,27.201623916625977,0.0,0.0,0.0,0.0,0.745208740234375,26.547840118408203,0.0,0.0,0.0,0.0,0.7315444946289062,26.081157684326172,0.0,0.0,0.0,0.0,0.732269287109375,26.539886474609375,0.0,0.0,0.0,0.0,0.6897964477539062,25.73981475830078,0.0,0.0,0.0,0.0,0.71539306640625,25.994050979614258,0.0,0.0,0.0,0.0,0.694610595703125,26.38797664642334,0.0,0.0,0.0,0.0,0.7588415145874023,27.281747341156006,0.0,0.0,0.0,0.0,0.7195839881896973,27.82774591445923,0.0,0.0,0.0,0.0,0.7822775840759277,27.127907752990723,0.0,0.0,0.0,0.0,0.7792481184005737,28.68950492143631,0.0,0.0,0.0,0.0,0.8094902038574219,30.217679858207703,0.01275104284286499,0.01275104284286499,0.9063780903816223,0.9191291332244873
48,grounded,50,0.9236278533935547,31.445095002651215,0.0,0.0,0.0,0.0,0.6394882202148438,28.440656661987305,0.0,0.0,0.0,0.0,0.86260986328125,29.74805450439453,0.06131744384765625,1.6521684527397156,0.871368408203125,0.9326858520507812,0.8653106689453125,30.107147216796875,0.05517578125,1.5543594360351562,0.8676910400390625,0.9228668212890625,0.85247802734375,30.006807327270508,0.0,0.0,0.0,0.0,0.8486328125,30.766164541244507,0.0,0.0,0.0,0.0,0.8271713256835938,31.139270782470703,0.0,0.0,0.0,0.0,0.7725296020507812,32.46729850769043,0.0,0.0,0.0,0.0,0.763153076171875,32.4721565246582,0.0,0.0,0.0,0.0,0.743804931640625,31.636184692382812,0.0,0.0,0.0,0.0,0.800537109375,33.31264686584473,0.0,0.0,0.0,0.0,0.8300762176513672,32.485830307006836,0.0,0.0,0.0,0.0,0.7616806030273438,31.996047496795654,0.0,0.0,0.0,0.0,0.8189201354980469,34.09510612487793,0.0,0.0,0.0,0.0,0.8043899536132812,32.275668263435364,0.0,0.0,0.0,0.0,0.819514274597168,32.4145393371582,0.0,0.0,0.0,0.0,0.8396759033203125,32.644121050834656,0.0,0.0,0.0,0.0,0.806610107421875,33.47407913208008,0.0,0.0,0.0,0.0,0.804473876953125,32.66209030151367,0.0,0.0,0.0,0.0,0.8089526891708374,32.61307418346405,0.0,0.0,0.0,0.0,0.752532958984375,30.894954681396484,0.0,0.0,0.0,0.0,0.745208740234375,30.73429298400879,0.0,0.0,0.0,0.0,0.7315444946289062,30.26530933380127,0.0,0.0,0.0,0.0,0.732269287109375,30.9340181350708,0.0,0.0,0.0,0.0,0.6897964477539062,29.67211151123047,0.0,0.0,0.0,0.0,0.71539306640625,29.67651891708374,0.0,0.0,0.0,0.0,0.694610595703125,30.0298068523407,0.0,0.0,0.0,0.0,0.7588415145874023,31.131764888763428,0.0,0.0,0.0,0.0,0.742156982421875,32.00046157836914,0.0,0.0,0.0,0.0,0.7822775840759277,30.779761791229248,0.0,0.0,0.0,0.0,0.7847981452941895,32.7103408575058,0.0,0.0,0.0,0.0,0.8502177596092224,34.75587052106857,0.0,0.0,0.0,0.0
48,hallucinated,51,0.9254798889160156,32.14627408981323,0.0,0.0,0.0,0.0,0.6394882202148438,29.034154891967773,0.0,0.0,0.0,0.0,0.86260986328125,30.37059783935547,0.06131744384765625,1.6912118792533875,0.871368408203125,0.9326858520507812,0.8653106689453125,30.751556396484375,0.05517578125,1.5852584838867188,0.8676910400390625,0.9228668212890625,0.85247802734375,30.619524002075195,0.0,0.0,0.0,0.0,0.8486328125,31.41200041770935,0.0,0.0,0.0,0.0,0.8271713256835938,31.70511245727539,0.0,0.0,0.0,0.0,0.7725296020507812,33.13723373413086,0.0,0.0,0.0,0.0,0.767364501953125,33.18507766723633,0.0,0.0,0.0,0.0,0.743804931640625,32.25062942504883,0.0,0.0,0.0,0.0,0.7767333984375,34.0449161529541,0.0,0.0,0.0,0.0,0.8300762176513672,33.07790946960449,0.0,0.0,0.0,0.0,0.7586116790771484,32.62689399719238,0.0,0.0,0.0,0.0,0.826812744140625,34.93355369567871,0.0,0.0,0.0,0.0,0.8043899536132812,32.86625921726227,0.0,0.0,0.0,0.0,0.819514274597168,33.005821228027344,0.0,0.0,0.0,0.0,0.8396759033203125,33.35978305339813,0.0,0.0,0.0,0.0,0.806610107421875,34.164180755615234,0.0,0.0,0.0,0.0,0.804473876953125,33.355520248413086,0.0,0.0,0.0,0.0,0.8089526891708374,33.081406474113464,0.0,0.0,0.0,0.0,0.752532958984375,31.337276458740234,0.0,0.0,0.0,0.0,0.745208740234375,31.32317543029785,0.0,0.0,0.0,0.0,0.7315444946289062,30.71098041534424,0.0,0.0,0.0,0.0,0.732269287109375,31.550164222717285,0.0,0.0,0.0,0.0,0.6897964477539062,30.288857460021973,0.0,0.0,0.0,0.0,0.71539306640625,30.16544532775879,0.0,0.0,0.0,0.0,0.694610595703125,30.572744131088257,0.0,0.0,0.0,0.0,0.7588415145874023,31.759376049041748,0.0,0.0,0.0,0.0,0.742156982421875,32.66176223754883,0.0,0.0,0.0,0.0,0.7822775840759277,31.37717866897583,0.0,0.0,0.0,0.0,0.7847981452941895,33.35126596689224,0.0,0.0,0.0,0.0,0.8389928936958313,35.45945477485657,0.0,0.0,0.0,0.0
49,grounded,48,0.9192695617675781,29.896686255931854,0.0,0.0,0.0,0.0,0.6370391845703125,27.15992546081543,0.0,0.0,0.0,0.0,0.8745269775390625,28.175750732421875,0.05771636962890625,1.6895376443862915,0.874969482421875,0.9326858520507812,0.867523193359375,28.798675537109375,0.05467987060546875,1.5486640930175781,0.8681869506835938,0.9228668212890625,0.85247802734375,28.662975311279297,0.0,0.0,0.0,0.0,0.8486328125,29.04662322998047,0.0,0.0,0.0,0.0,0.8271713256835938,29.916488647460938,0.0,0.0,0.0,0.0,0.7866439819335938,30.638622283935547,0.0,0.0,0.0,0.0,0.7602729797363281,30.907426834106445,0.0,0.0,0.0,0.0,0.74359130859375,30.336727142333984,0.0,0.0,0.0,0.0,0.7882843017578125,32.20791053771973,0.0,0.0,0.0,0.0,0.8300762176513672,31.313354969024658,0.0,0.0,0.0,0.0,0.7630157470703125,31.050886154174805,0.0,0.0,0.0,0.0,0.8364944458007812,33.02569007873535,0.0,0.0,0.0,0.0,0.8043899536132812,31.094980716705322,0.0,0.0,0.0,0.0,0.8137245178222656,31.71924650669098,0.0,0.0,0.0,0.0,0.8373451232910156,31.630659699440002,0.0,0.0,0.0,0.0,0.806610107421875,32.24453544616699,0.0,0.0,0.0,0.0,0.804473876953125,31.486085414886475,0.0,0.0,0.0,0.0,0.8089526891708374,31.36847198009491,0.0,0.0,0.0,0.0,0.752532958984375,29.88328742980957,0.0,0.0,0.0,0.0,0.745208740234375,29.319573402404785,0.0,0.0,0.0,0.0,0.7315444946289062,29.07928466796875,0.0,0.0,0.0,0.0,0.7423324584960938,29.858509063720703,0.0,0.0,0.0,0.0,0.6897964477539062,28.765544891357422,0.0,0.0,0.0,0.0,0.71539306640625,28.737672805786133,0.0,0.0,0.0,0.0,0.694610595703125,29.098897457122803,0.0,0.0,0.0,0.0,0.7588415145874023,29.927526473999023,0.0,0.0,0.0,0.0,0.71917724609375,30.7742919921875,0.0,0.0,0.0,0.0,0.7822775840759277,29.782575130462646,0.0,0.0,0.0,0.0,0.7675333023071289,31.25110149383545,0.0,0.0,0.0,0.0,0.7872138023376465,33.17470198869705,0.0,0.0,0.0,0.0
49,hallucinated,54,0.9250831604003906,33.85181611776352,0.0,0.0,0.0,0.0,0.6369400024414062,30.74115753173828,0.0,0.0,0.0,0.0,0.875518798828125,32.05347442626953,0.05716705322265625,1.8100457787513733,0.8756103515625,0.9327774047851562,0.8684539794921875,32.45826721191406,0.0538330078125,1.8007049560546875,0.8691558837890625,0.9229888916015625,0.8525238037109375,32.5529670715332,0.0,0.0,0.0,0.0,0.848602294921875,32.97322082519531,0.0,0.0,0.0,0.0,0.8268585205078125,33.8499755859375,0.0,0.0,0.0,0.0,0.78643798828125,34.94899559020996,0.0,0.0,0.0,0.0,0.7697372436523438,35.59102725982666,0.0,0.0,0.0,0.0,0.7763023376464844,34.990328788757324,0.0,0.0,0.0,0.0,0.7681903839111328,36.243024826049805,0.0,0.0,0.0,0.0,0.8121109008789062,35.583866119384766,0.005621910095214844,0.005621910095214844,0.8247146606445312,0.8303365707397461,0.8055419921875,35.57622146606445,0.0,0.0,0.0,0.0,0.8418197631835938,37.89387512207031,0.0,0.0,0.0,0.0,0.7878684997558594,35.61740684509277,0.01198577880859375,0.013988494873046875,0.7928695678710938,0.8048553466796875,0.8083515167236328,35.80514621734619,0.0,0.0,0.0,0.0,0.8197635412216187,36.05623281002045,0.010711669921875,0.014530181884765625,0.82952880859375,0.840240478515625,0.8072013854980469,36.730042457580566,0.0,0.0,0.0,0.0,0.80548095703125,36.13364124298096,0.0,0.0,0.0,0.0,0.8093174695968628,35.71005713939667,0.0,0.0,0.0,0.0,0.752777099609375,33.91821002960205,0.0,0.0,0.0,0.0,0.7450408935546875,32.89679145812988,0.0,0.0,0.0,0.0,0.7321548461914062,32.65833282470703,0.0,0.0,0.0,0.0,0.7318572998046875,33.56278991699219,0.0,0.0,0.0,0.0,0.6894340515136719,32.18732452392578,0.0,0.0,0.0,0.0,0.71490478515625,32.13703918457031,0.0,0.0,0.0,0.0,0.694732666015625,32.548555850982666,0.0,0.0,0.0,0.0,0.7586355209350586,33.62468242645264,0.0,0.0,0.0,0.0,0.7236518859863281,34.706586837768555,0.0,0.0,0.0,0.0,0.7819626331329346,33.28963327407837,0.0,0.0,0.0,0.0,0.7681369781494141,35.39915657043457,0.0,0.0,0.0,0.0,0.7872681617736816,37.58267813920975,0.0,0.0,0.0,0.0
50,grounded,41,0.9102325439453125,25.361413180828094,0.0,0.0,0.0,0.0,0.6372756958007812,23.10883378982544,0.0,0.0,0.0,0.0,0.875946044921875,24.105300903320312,0.05323028564453125,1.3081488609313965,0.87945556640625,0.9326858520507812,0.870513916015625,24.331695556640625,0.0512542724609375,1.2380828857421875,0.871612548828125,0.9228668212890625,0.85247802734375,24.233055114746094,0.0,0.0,0.0,0.0,0.8486328125,24.52855682373047,0.0,0.0,0.0,0.0,0.8271713256835938,25.358749389648438,0.0,0.0,0.0,0.0,0.8128509521484375,26.82586669921875,0.0,0.0,0.0,0.0,0.7700042724609375,26.538137435913086,0.0,0.0,0.0,0.0,0.7601051330566406,25.823589324951172,0.0,0.0,0.0,0.0,0.77587890625,27.107027053833008,0.0,0.0,0.0,0.0,0.8300762176513672,26.60495948791504,0.0,0.0,0.0,0.0,0.7969207763671875,26.076011657714844,0.0,0.0,0.0,0.0,0.8218173980712891,27.79176139831543,0.0,0.0,0.0,0.0,0.8043899536132812,26.228437662124634,0.0,0.0,0.0,0.0,0.8053131103515625,26.54314374923706,0.0,0.0,0.0,0.0,0.8396759033203125,26.802374362945557,0.0,0.0,0.0,0.0,0.806610107421875,27.178709030151367,0.0,0.0,0.0,0.0,0.804473876953125,26.73087215423584,0.0,0.0,0.0,0.0,0.8089526891708374,27.024887204170227,0.0,0.0,0.0,0.0,0.752532958984375,25.613435745239258,0.0,0.0,0.0,0.0,0.745208740234375,24.747323989868164,0.0,0.0,0.0,0.0,0.7315444946289062,24.723003387451172,0.0,0.0,0.0,0.0,0.732269287109375,25.308619499206543,0.0,0.0,0.0,0.0,0.6897964477539062,24.485379099845886,0.0,0.0,0.0,0.0,0.71539306640625,24.44174575805664,0.0,0.0,0.0,0.0,0.694610595703125,24.58706772327423,0.0,0.0,0.0,0.0,0.7588415145874023,25.174180507659912,0.0,0.0,0.0,0.0,0.7217750549316406,25.942654609680176,0.0,0.0,0.0,0.0,0.7822775840759277,25.15508610010147,0.0,0.0,0.0,0.0,0.7556028366088867,26.588579893112183,0.0,0.0,0.0,0.0,0.7871851325035095,28.021968364715576,0.0,0.0,0.0,0.0
50,hallucinated,37,0.9033107757568359,22.65302586555481,0.0,0.0,0.0,0.0,0.6372756958007812,20.75157880783081,0.0,0.0,0.0,0.0,0.875946044921875,21.482818603515625,0.0560455322265625,1.208280086517334,0.8766403198242188,0.9326858520507812,0.870513916015625,21.871185302734375,0.0517120361328125,1.1084175109863281,0.87115478515625,0.9228668212890625,0.85247802734375,21.68511199951172,0.0,0.0,0.0,0.0,0.8486328125,21.889892578125,0.0,0.0,0.0,0.0,0.8271713256835938,22.620376586914062,0.0,0.0,0.0,0.0,0.7842330932617188,23.533283233642578,0.0,0.0,0.0,0.0,0.7602729797363281,23.47853660583496,0.0,0.0,0.0,0.0,0.8018646240234375,23.113666534423828,0.0,0.0,0.0,0.0,0.7676486968994141,24.194543838500977,0.0,0.0,0.0,0.0,0.8300762176513672,23.78883171081543,0.0,0.0,0.0,0.0,0.7652435302734375,23.273391723632812,0.0,0.0,0.0,0.0,0.8219356536865234,24.712045669555664,0.0,0.0,0.0,0.0,0.8043899536132812,23.201971769332886,0.0,0.0,0.0,0.0,0.8053131103515625,23.415464878082275,0.0,0.0,0.0,0.0,0.8396759033203125,23.68428325653076,0.0,0.0,0.0,0.0,0.806610107421875,23.938724517822266,0.0,0.0,0.0,0.0,0.804473876953125,23.379228591918945,0.0,0.0,0.0,0.0,0.8089526891708374,23.526115775108337,0.0,0.0,0.0,0.0,0.752532958984375,22.491111755371094,0.0,0.0,0.0,0.0,0.745208740234375,21.85146713256836,0.0,0.0,0.0,0.0,0.7315444946289062,21.950298309326172,0.0,0.0,0.0,0.0,0.732269287109375,22.42383575439453,0.0,0.0,0.0,0.0,0.6897964477539062,21.86477279663086,0.0,0.0,0.0,0.0,0.71539306640625,21.853461265563965,0.0,0.0,0.0,0.0,0.694610595703125,21.947490692138672,0.0,0.0,0.0,0.0,0.7588415145874023,22.615297317504883,0.0,0.0,0.0,0.0,0.71917724609375,23.209750175476074,0.0,0.0,0.0,0.0,0.7822775840759277,22.527679443359375,0.0,0.0,0.0,0.0,0.7558574676513672,23.521053969860077,0.0,0.0,0.0,0.0,0.7830715179443359,24.914233207702637,0.0,0.0,0.0,0.0
51,grounded,55,0.9269046783447266,34.6127113699913,0.0,0.0,0.0,0.0,0.6369781494140625,31.454764366149902,0.0,0.0,0.0,0.0,0.8730621337890625,32.59236145019531,0.0596771240234375,1.9224225878715515,0.8731002807617188,0.9327774047851562,0.8676300048828125,33.246612548828125,0.0545501708984375,1.8676156997680664,0.868438720703125,0.9229888916015625,0.8525238037109375,33.16047668457031,0.0,0.0,0.0,0.0,0.848602294921875,33.498863220214844,0.0,0.0,0.0,0.0,0.8268585205078125,34.55470657348633,0.0,0.0,0.0,0.0,0.7964687347412109,35.32782554626465,0.0,0.0,0.0,0.0,0.7601947784423828,35.576040267944336,0.0,0.0,0.0,0.0,0.7543258666992188,34.81340789794922,0.0,0.0,0.0,0.0,0.7982635498046875,37.26175498962402,0.0,0.0,0.0,0.0,0.8303365707397461,35.977999687194824,0.0,0.0,0.0,0.0,0.777374267578125,35.63758897781372,0.0,0.0,0.0,0.0,0.8196029663085938,37.543601989746094,0.0,0.0,0.0,0.0,0.8048553466796875,35.35480582714081,0.0,0.0,0.0,0.0,0.8220453262329102,35.88370323181152,0.0,0.0,0.0,0.0,0.7917404174804688,35.942445158958435,0.0,0.0,0.0,0.0,0.8072013854980469,36.506248474121094,0.0,0.0,0.0,0.0,0.7794704437255859,36.08627414703369,0.0,0.0,0.0,0.0,0.8093174695968628,35.95545566082001,0.0,0.0,0.0,0.0,0.752777099609375,33.8942985534668,0.0,0.0,0.0,0.0,0.7450408935546875,33.323299407958984,0.0,0.0,0.0,0.0,0.7321548461914062,33.535072326660156,0.0,0.0,0.0,0.0,0.7318572998046875,34.09494876861572,0.0,0.0,0.0,0.0,0.6949996948242188,32.85710048675537,0.0,0.0,0.0,0.0,0.71490478515625,32.51492691040039,0.0,0.0,0.0,0.0,0.714813232421875,33.20623826980591,0.0,0.0,0.0,0.0,0.7586355209350586,34.221821308135986,0.0,0.0,0.0,0.0,0.7198591232299805,34.79213619232178,0.0,0.0,0.0,0.0,0.7819626331329346,33.43058806657791,0.0,0.0,0.0,0.0,0.7612652778625488,35.37903356552124,0.0,0.0,0.0,0.0,0.8194831609725952,37.37641799449921,0.0,0.0,0.0,0.0
51,hallucinated,47,0.9194927215576172,29.310586392879486,0.0,0.0,0.0,0.0,0.6369667053222656,26.580299377441406,0.0,0.0,0.0,0.0,0.8748931884765625,27.572086334228516,0.05376434326171875,1.6098721027374268,0.8789215087890625,0.9326858520507812,0.8665924072265625,28.256134033203125,0.0533447265625,1.5596017837524414,0.8695220947265625,0.9228668212890625,0.85247802734375,28.149330139160156,0.0,0.0,0.0,0.0,0.8486328125,28.328935623168945,0.0,0.0,0.0,0.0,0.8271713256835938,29.287403106689453,0.0,0.0,0.0,0.0,0.7959880828857422,29.499784469604492,0.0,0.0,0.0,0.0,0.7602729797363281,29.896343231201172,0.0,0.0,0.0,0.0,0.7655410766601562,28.897899627685547,0.0,0.0,0.0,0.0,0.7676486968994141,31.22076988220215,0.0,0.0,0.0,0.0,0.8300762176513672,29.932600021362305,0.0,0.0,0.0,0.0,0.7604866027832031,29.590510368347168,0.0,0.0,0.0,0.0,0.8200645446777344,31.457130432128906,0.0,0.0,0.0,0.0,0.8043899536132812,29.40975797176361,0.0,0.0,0.0,0.0,0.8220882415771484,29.76262331008911,0.0,0.0,0.0,0.0,0.8199234008789062,30.087491512298584,0.0,0.0,0.0,0.0,0.806610107421875,30.689002990722656,0.0,0.0,0.0,0.0,0.804473876953125,30.391624450683594,0.0,0.0,0.0,0.0,0.8089526891708374,30.240219473838806,0.0,0.0,0.0,0.0,0.752532958984375,28.58136749267578,0.0,0.0,0.0,0.0,0.745208740234375,28.30569076538086,0.0,0.0,0.0,0.0,0.7315444946289062,28.236576080322266,0.0,0.0,0.0,0.0,0.732269287109375,28.96640920639038,0.0,0.0,0.0,0.0,0.694366455078125,27.8818998336792,0.0,0.0,0.0,0.0,0.71539306640625,27.65372371673584,0.0,0.0,0.0,0.0,0.7141151428222656,28.104103565216064,0.0,0.0,0.0,0.0,0.7588415145874023,29.097153663635254,0.0,0.0,0.0,0.0,0.7207412719726562,29.55207061767578,0.0,0.0,0.0,0.0,0.7822775840759277,28.50594860315323,0.0,0.0,0.0,0.0,0.7601239681243896,29.90770125389099,0.0,0.0,0.0,0.0,0.8107733130455017,31.71536284685135,0.0,0.0,0.0,0.0
52,grounded,45,0.9175014495849609,28.030166923999786,0.0,0.0,0.0,0.0,0.6377449035644531,25.43167495727539,0.0,0.0,0.0,0.0,0.8676910400390625,26.612770080566406,0.06462860107421875,1.4911507368087769,0.8680572509765625,0.9326858520507812,0.8625640869140625,26.83246612548828,0.0543060302734375,1.4522705078125,0.868560791015625,0.9228668212890625,0.85247802734375,26.591487884521484,0.0,0.0,0.0,0.0,0.8486328125,27.06735610961914,0.0,0.0,0.0,0.0,0.8271713256835938,27.554279327392578,0.0,0.0,0.0,0.0,0.753570556640625,28.016925811767578,0.0,0.0,0.0,0.0,0.7602729797363281,28.360990524291992,0.0,0.0,0.0,0.0,0.7354278564453125,28.283475875854492,0.0,0.0,0.0,0.0,0.7676486968994141,29.24289894104004,0.0,0.0,0.0,0.0,0.7652130126953125,28.983612060546875,0.008825302124023438,0.011684417724609375,0.8212509155273438,0.8300762176513672,0.7763824462890625,28.62307357788086,0.0,0.0,0.0,0.0,0.8518905639648438,30.23076295852661,0.0,0.0,0.0,0.0,0.7855567932128906,29.178776741027832,0.01863861083984375,0.01863861083984375,0.7857513427734375,0.8043899536132812,0.8258326053619385,29.239837765693665,0.0,0.0,0.0,0.0,0.8093812465667725,29.28723978996277,0.0719757080078125,0.22039794921875,0.7677001953125,0.8396759033203125,0.806610107421875,29.568979263305664,0.0,0.0,0.0,0.0,0.7741355895996094,29.1488356590271,0.02744293212890625,0.04619598388671875,0.7770309448242188,0.804473876953125,0.8056702613830566,29.722052693367004,0.0,0.0,0.0,0.0,0.7598953247070312,28.140865325927734,0.0,0.0,0.0,0.0,0.745208740234375,27.51204490661621,0.0,0.0,0.0,0.0,0.7315444946289062,27.079086303710938,0.0,0.0,0.0,0.0,0.7369446754455566,27.392195224761963,0.0,0.0,0.0,0.0,0.6897964477539062,26.517438888549805,0.0,0.0,0.0,0.0,0.71539306640625,26.588693141937256,0.0,0.0,0.0,0.0,0.694610595703125,26.922630310058594,0.0,0.0,0.0,0.0,0.7588415145874023,27.75299644470215,0.0,0.0,0.0,0.0,0.71917724609375,28.441314697265625,0.0,0.0,0.0,0.0,0.7822775840759277,27.768475770950317,0.0,0.0,0.0,0.0,0.7863245010375977,29.396263003349304,0.0,0.0,0.0,0.0,0.7986927032470703,30.914913058280945,0.0,0.0,0.0,0.0
52,hallucinated,44,0.9145736694335938,27.333796322345734,0.0,0.0,0.0,0.0,0.6377449035644531,24.892210006713867,0.0,0.0,0.0,0.0,0.8676910400390625,26.025787353515625,0.06462860107421875,1.4476498365402222,0.8680572509765625,0.9326858520507812,0.8625640869140625,26.166114807128906,0.0543060302734375,1.4243927001953125,0.868560791015625,0.9228668212890625,0.85247802734375,26.030391693115234,0.0,0.0,0.0,0.0,0.8486328125,26.342830657958984,0.0,0.0,0.0,0.0,0.8271713256835938,26.935245513916016,0.0,0.0,0.0,0.0,0.753570556640625,27.30959701538086,0.0,0.0,0.0,0.0,0.7602729797363281,27.741777420043945,0.0,0.0,0.0,0.0,0.7354278564453125,27.544998168945312,0.0,0.0,0.0,0.0,0.7676486968994141,28.537797927856445,0.0,0.0,0.0,0.0,0.8281631469726562,28.265338897705078,0.0,0.0,0.0,0.0,0.75616455078125,27.857864379882812,0.0,0.0,0.0,0.0,0.81915283203125,29.330220699310303,0.0,0.0,0.0,0.0,0.8043899536132812,28.256223678588867,0.0,0.0,0.0,0.0,0.8251936435699463,28.608574092388153,0.0,0.0,0.0,0.0,0.8095953464508057,28.679174184799194,0.0748138427734375,0.08855247497558594,0.764862060546875,0.8396759033203125,0.806610107421875,28.759339332580566,0.0,0.0,0.0,0.0,0.804473876953125,28.275643348693848,0.0,0.0,0.0,0.0,0.8089526891708374,28.816195964813232,0.0,0.0,0.0,0.0,0.7590866088867188,27.373807191848755,0.0,0.0,0.0,0.0,0.745208740234375,26.62726402282715,0.0,0.0,0.0,0.0,0.7315444946289062,26.342018127441406,0.0,0.0,0.0,0.0,0.732269287109375,26.559213638305664,0.0,0.0,0.0,0.0,0.6897964477539062,25.760150909423828,0.0,0.0,0.0,0.0,0.71539306640625,25.827979564666748,0.0,0.0,0.0,0.0,0.694610595703125,26.15875244140625,0.0,0.0,0.0,0.0,0.7588415145874023,26.9519362449646,0.0,0.0,0.0,0.0,0.71917724609375,27.627593994140625,0.0,0.0,0.0,0.0,0.7822775840759277,26.97339230775833,0.0,0.0,0.0,0.0,0.7858972549438477,28.439080476760864,0.0,0.0,0.0,0.0,0.7991561889648438,29.96179312467575,0.0,0.0,0.0,0.0
53,grounded,33,0.8941593170166016,20.104707539081573,0.0,0.0,0.0,0.0,0.6377830505371094,18.4093074798584,0.0,0.0,0.0,0.0,0.8674163818359375,19.095779418945312,0.06273651123046875,1.1035218834877014,0.8700408935546875,0.9327774047851562,0.8648605346679688,19.31005096435547,0.0564117431640625,0.9502334594726562,0.8665771484375,0.9229888916015625,0.8525238037109375,19.139244079589844,0.0,0.0,0.0,0.0,0.848602294921875,19.26727294921875,0.0,0.0,0.0,0.0,0.8268585205078125,20.00916290283203,0.0,0.0,0.0,0.0,0.7555923461914062,20.01129913330078,0.0,0.0,0.0,0.0,0.7601947784423828,20.259767532348633,0.0,0.0,0.0,0.0,0.7201461791992188,19.877384185791016,0.0,0.0,0.0,0.0,0.7681903839111328,20.916608810424805,0.0,0.0,0.0,0.0,0.8303365707397461,20.511347770690918,0.0,0.0,0.0,0.0,0.7569427490234375,20.068775177001953,0.0,0.0,0.0,0.0,0.8065032958984375,21.104995727539062,0.0,0.0,0.0,0.0,0.8048553466796875,20.11135959625244,0.0,0.0,0.0,0.0,0.8058929443359375,20.391484260559082,0.0,0.0,0.0,0.0,0.7777099609375,20.283601760864258,0.0,0.0,0.0,0.0,0.8072013854980469,20.71491527557373,0.0,0.0,0.0,0.0,0.80548095703125,20.399364471435547,0.0,0.0,0.0,0.0,0.8093174695968628,20.615897059440613,0.0,0.0,0.0,0.0,0.752777099609375,19.51761245727539,0.0,0.0,0.0,0.0,0.7450408935546875,19.211362838745117,0.0,0.0,0.0,0.0,0.7321548461914062,19.291507720947266,0.0,0.0,0.0,0.0,0.7318572998046875,19.375259399414062,0.0,0.0,0.0,0.0,0.6894340515136719,19.04439353942871,0.0,0.0,0.0,0.0,0.71490478515625,19.155853271484375,0.0,0.0,0.0,0.0,0.694732666015625,19.259879112243652,0.0,0.0,0.0,0.0,0.7586355209350586,19.763375282287598,0.0,0.0,0.0,0.0,0.719512939453125,20.215309143066406,0.0,0.0,0.0,0.0,0.7819626331329346,19.923893213272095,0.0,0.0,0.0,0.0,0.7669079303741455,21.014771223068237,0.0,0.0,0.0,0.0,0.8127315640449524,22.311679422855377,0.0,0.0,0.0,0.0
53,hallucinated,39,0.9073066711425781,23.977069556713104,0.0,0.0,0.0,0.0,0.6376609802246094,21.930517196655273,0.0,0.0,0.0,0.0,0.8693389892578125,22.880573272705078,0.06015777587890625,1.3054431676864624,0.872528076171875,0.9326858520507812,0.8675994873046875,23.013656616210938,0.0519561767578125,1.1734237670898438,0.87091064453125,0.9228668212890625,0.85247802734375,22.845314025878906,0.0,0.0,0.0,0.0,0.8486328125,22.952674865722656,0.0,0.0,0.0,0.0,0.8271713256835938,23.86712646484375,0.0,0.0,0.0,0.0,0.7548408508300781,24.031330108642578,0.0,0.0,0.0,0.0,0.7602729797363281,24.24143409729004,0.0,0.0,0.0,0.0,0.7133941650390625,23.759838104248047,0.0,0.0,0.0,0.0,0.7676486968994141,25.279706954956055,0.0,0.0,0.0,0.0,0.8300762176513672,24.58568572998047,0.0,0.0,0.0,0.0,0.7633438110351562,24.363704681396484,0.0,0.0,0.0,0.0,0.8020076751708984,25.533742904663086,0.0,0.0,0.0,0.0,0.8043899536132812,24.15841770172119,0.0,0.0,0.0,0.0,0.8053131103515625,24.63518714904785,0.0,0.0,0.0,0.0,0.823974609375,24.44483244419098,0.0,0.0,0.0,0.0,0.806610107421875,25.024519443511963,0.0,0.0,0.0,0.0,0.804473876953125,24.65993881225586,0.0,0.0,0.0,0.0,0.8089526891708374,25.009350180625916,0.0,0.0,0.0,0.0,0.752532958984375,23.36566162109375,0.0,0.0,0.0,0.0,0.745208740234375,23.09461212158203,0.0,0.0,0.0,0.0,0.7315444946289062,22.966705322265625,0.0,0.0,0.0,0.0,0.732269287109375,23.101234436035156,0.0,0.0,0.0,0.0,0.6897964477539062,22.7529354095459,0.0,0.0,0.0,0.0,0.71539306640625,22.78740692138672,0.0,0.0,0.0,0.0,0.694610595703125,22.928248405456543,0.0,0.0,0.0,0.0,0.7588415145874023,23.47648048400879,0.0,0.0,0.0,0.0,0.71917724609375,24.173816680908203,0.0,0.0,0.0,0.0,0.7822775840759277,23.610432505607605,0.0,0.0,0.0,0.0,0.7675156593322754,25.05378770828247,0.0,0.0,0.0,0.0,0.8009821176528931,26.655889630317688,0.0,0.0,0.0,0.0
54,grounded,44,0.9167156219482422,27.254490673542023,0.0,0.0,0.0,0.0,0.6409530639648438,24.805500030517578,0.0,0.0,0.0,0.0,0.8724212646484375,25.653594970703125,0.05983734130859375,1.4584407806396484,0.8728485107421875,0.9326858520507812,0.8687896728515625,26.202301025390625,0.0540313720703125,1.3283119201660156,0.86883544921875,0.9228668212890625,0.85247802734375,25.989109992980957,0.0,0.0,0.0,0.0,0.8486328125,26.22852325439453,0.0,0.0,0.0,0.0,0.8271713256835938,26.984050750732422,0.0,0.0,0.0,0.0,0.7694778442382812,27.245444774627686,0.0,0.0,0.0,0.0,0.7602729797363281,28.123510360717773,0.0,0.0,0.0,0.0,0.7579145431518555,27.74250829219818,0.0,0.0,0.0,0.0,0.792205810546875,29.20710563659668,0.0,0.0,0.0,0.0,0.8046340942382812,28.207429885864258,0.012701034545898438,0.012701034545898438,0.8173751831054688,0.8300762176513672,0.7684988975524902,27.957866191864014,0.0,0.0,0.0,0.0,0.8217029571533203,29.66343402862549,0.0,0.0,0.0,0.0,0.8043899536132812,27.94627010822296,0.0,0.0,0.0,0.0,0.8053131103515625,28.093736171722412,0.0,0.0,0.0,0.0,0.801264762878418,28.627143383026123,0.034114837646484375,0.034114837646484375,0.8055610656738281,0.8396759033203125,0.806610107421875,28.832345008850098,0.0,0.0,0.0,0.0,0.804473876953125,28.07190978527069,0.0,0.0,0.0,0.0,0.8089526891708374,28.487131476402283,0.0,0.0,0.0,0.0,0.752532958984375,26.91165018081665,0.0,0.0,0.0,0.0,0.745208740234375,26.418208122253418,0.0,0.0,0.0,0.0,0.7315444946289062,26.057374954223633,0.0,0.0,0.0,0.0,0.732269287109375,26.458699226379395,0.0,0.0,0.0,0.0,0.6897964477539062,25.632720947265625,0.0,0.0,0.0,0.0,0.71539306640625,25.927833557128906,0.0,0.0,0.0,0.0,0.694610595703125,26.059860229492188,0.0,0.0,0.0,0.0,0.7588415145874023,27.182434797286987,0.0,0.0,0.0,0.0,0.7290267944335938,27.82555627822876,0.0,0.0,0.0,0.0,0.7822775840759277,27.23983860015869,0.0,0.0,0.0,0.0,0.7622795104980469,28.57031488418579,0.0,0.0,0.0,0.0,0.795718789100647,30.271887242794037,0.0,0.0,0.0,0.0
54,hallucinated,40,0.9094600677490234,24.601707756519318,0.0,0.0,0.0,0.0,0.6409530639648438,22.46713638305664,0.0,0.0,0.0,0.0,0.8724212646484375,23.335235595703125,0.05983734130859375,1.2797527313232422,0.8728485107421875,0.9326858520507812,0.8687896728515625,23.70977783203125,0.0540313720703125,1.1601676940917969,0.86883544921875,0.9228668212890625,0.85247802734375,23.524571418762207,0.0,0.0,0.0,0.0,0.8486328125,23.762611389160156,0.0,0.0,0.0,0.0,0.8271713256835938,24.453411102294922,0.0,0.0,0.0,0.0,0.7693939208984375,24.66889524459839,0.0,0.0,0.0,0.0,0.7602729797363281,25.45296287536621,0.0,0.0,0.0,0.0,0.7582664489746094,25.049408316612244,0.0,0.0,0.0,0.0,0.77215576171875,26.198999404907227,0.0,0.0,0.0,0.0,0.8035926818847656,25.47662353515625,0.0,0.0,0.0,0.0,0.765594482421875,25.238161087036133,0.0,0.0,0.0,0.0,0.8216781616210938,26.7192440032959,0.0,0.0,0.0,0.0,0.8043899536132812,25.198400616645813,0.0,0.0,0.0,0.0,0.8053131103515625,25.374614477157593,0.0,0.0,0.0,0.0,0.8010988235473633,25.92399287223816,0.033977508544921875,0.033977508544921875,0.8056983947753906,0.8396759033203125,0.806610107421875,26.024996280670166,0.0,0.0,0.0,0.0,0.804473876953125,25.60592257976532,0.0,0.0,0.0,0.0,0.8089526891708374,25.99563443660736,0.0,0.0,0.0,0.0,0.752532958984375,24.561676025390625,0.0,0.0,0.0,0.0,0.745208740234375,24.081494331359863,0.0,0.0,0.0,0.0,0.7315444946289062,23.617740631103516,0.0,0.0,0.0,0.0,0.732269287109375,24.010967254638672,0.0,0.0,0.0,0.0,0.6897964477539062,23.352439880371094,0.0,0.0,0.0,0.0,0.71539306640625,23.658327102661133,0.0,0.0,0.0,0.0,0.694610595703125,23.697152614593506,0.0,0.0,0.0,0.0,0.7588415145874023,24.62981677055359,0.0,0.0,0.0,0.0,0.7228760719299316,25.296671390533447,0.0,0.0,0.0,0.0,0.7822775840759277,24.839009284973145,0.0,0.0,0.0,0.0,0.7615795135498047,26.03686809539795,0.0,0.0,0.0,0.0,0.7961759567260742,27.574491381645203,0.0,0.0,0.0,0.0
55,grounded,40,0.9085063934326172,24.66472738981247,0.0,0.0,0.0,0.0,0.6381568908691406,22.501142501831055,0.0,0.0,0.0,0.0,0.8733978271484375,23.483036041259766,0.05605316162109375,1.3421919345855713,0.8766326904296875,0.9326858520507812,0.8721771240234375,23.85706329345703,0.0496368408203125,1.2282638549804688,0.87322998046875,0.9228668212890625,0.85247802734375,23.821739196777344,0.0,0.0,0.0,0.0,0.8486328125,23.828004837036133,0.0,0.0,0.0,0.0,0.8271713256835938,24.70193862915039,0.0,0.0,0.0,0.0,0.7657127380371094,25.000659942626953,0.0,0.0,0.0,0.0,0.7602729797363281,25.39459228515625,0.0,0.0,0.0,0.0,0.729034423828125,24.435043334960938,0.0,0.0,0.0,0.0,0.7676486968994141,26.231107711791992,0.0,0.0,0.0,0.0,0.8300762176513672,25.225234985351562,0.0,0.0,0.0,0.0,0.75616455078125,24.899136543273926,0.0,0.0,0.0,0.0,0.8061752319335938,26.318408966064453,0.0,0.0,0.0,0.0,0.8043899536132812,25.13928186893463,0.0,0.0,0.0,0.0,0.8053131103515625,25.188678741455078,0.0,0.0,0.0,0.0,0.8396759033203125,25.61888098716736,0.0,0.0,0.0,0.0,0.806610107421875,26.12248706817627,0.0,0.0,0.0,0.0,0.804473876953125,25.660524368286133,0.0,0.0,0.0,0.0,0.8089526891708374,25.549000144004822,0.0,0.0,0.0,0.0,0.752532958984375,24.151305675506592,0.0,0.0,0.0,0.0,0.745208740234375,23.85831069946289,0.0,0.0,0.0,0.0,0.7315444946289062,23.803203582763672,0.0,0.0,0.0,0.0,0.732269287109375,24.302345275878906,0.0,0.0,0.0,0.0,0.6897964477539062,23.292932510375977,0.0,0.0,0.0,0.0,0.71539306640625,23.407071113586426,0.0,0.0,0.0,0.0,0.694610595703125,23.838152408599854,0.0,0.0,0.0,0.0,0.7588415145874023,24.505136251449585,0.0,0.0,0.0,0.0,0.71917724609375,24.922595024108887,0.0,0.0,0.0,0.0,0.7822775840759277,24.063889026641846,0.0,0.0,0.0,0.0,0.7447936534881592,25.71939444541931,0.0,0.0,0.0,0.0,0.7985736131668091,27.360009908676147,0.0,0.0,0.0,0.0
55,hallucinated,37,0.9039993286132812,22.680520713329315,0.0,0.0,0.0,0.0,0.6381568908691406,20.737120628356934,0.0,0.0,0.0,0.0,0.8726959228515625,21.611774444580078,0.05928802490234375,1.240469217300415,0.8733978271484375,0.9326858520507812,0.8730010986328125,21.914588928222656,0.049530029296875,1.1121597290039062,0.8733367919921875,0.9228668212890625,0.85247802734375,21.882061004638672,0.0,0.0,0.0,0.0,0.8486328125,21.865005493164062,0.0,0.0,0.0,0.0,0.8271713256835938,22.845901489257812,0.0,0.0,0.0,0.0,0.766448974609375,22.78641128540039,0.0,0.0,0.0,0.0,0.7602729797363281,23.404388427734375,0.0,0.0,0.0,0.0,0.7302398681640625,22.590595245361328,0.0,0.0,0.0,0.0,0.7763214111328125,24.093870162963867,0.0,0.0,0.0,0.0,0.8300762176513672,23.223785400390625,0.0,0.0,0.0,0.0,0.75616455078125,22.84730339050293,0.0,0.0,0.0,0.0,0.8061752319335938,24.259382247924805,0.0,0.0,0.0,0.0,0.8043899536132812,22.882093906402588,0.0,0.0,0.0,0.0,0.8053131103515625,23.16704559326172,0.0,0.0,0.0,0.0,0.8396759033203125,23.48491096496582,0.0,0.0,0.0,0.0,0.806610107421875,24.004064559936523,0.0,0.0,0.0,0.0,0.804473876953125,23.518388748168945,0.0,0.0,0.0,0.0,0.8089526891708374,23.42914617061615,0.0,0.0,0.0,0.0,0.752532958984375,22.14882230758667,0.0,0.0,0.0,0.0,0.745208740234375,21.964435577392578,0.0,0.0,0.0,0.0,0.7315444946289062,21.822307586669922,0.0,0.0,0.0,0.0,0.732269287109375,22.26878547668457,0.0,0.0,0.0,0.0,0.6897964477539062,21.51981258392334,0.0,0.0,0.0,0.0,0.71539306640625,21.488433837890625,0.0,0.0,0.0,0.0,0.694610595703125,21.753803730010986,0.0,0.0,0.0,0.0,0.7588415145874023,22.334004878997803,0.0,0.0,0.0,0.0,0.71917724609375,22.895404815673828,0.0,0.0,0.0,0.0,0.7822775840759277,22.38911199569702,0.0,0.0,0.0,0.0,0.7439005374908447,23.706834077835083,0.0,0.0,0.0,0.0,0.7995836734771729,25.15145844221115,0.0,0.0,0.0,0.0
56,grounded,41,0.9072093963623047,25.312858164310455,0.0,0.0,0.0,0.0,0.6374893188476562,23.13005828857422,0.0,0.0,0.0,0.0,0.8658447265625,24.097503662109375,0.06568145751953125,1.4255237579345703,0.86700439453125,0.9326858520507812,0.86474609375,24.39227294921875,0.056884765625,1.2798004150390625,0.8659820556640625,0.9228668212890625,0.85247802734375,24.185348510742188,0.0,0.0,0.0,0.0,0.8486328125,24.366416931152344,0.0,0.0,0.0,0.0,0.8271713256835938,25.164077758789062,0.0,0.0,0.0,0.0,0.7541732788085938,25.717283248901367,0.0,0.0,0.0,0.0,0.7602729797363281,25.710052490234375,0.0,0.0,0.0,0.0,0.714996337890625,25.353633880615234,0.0,0.0,0.0,0.0,0.7676486968994141,26.92711067199707,0.0,0.0,0.0,0.0,0.8300762176513672,26.164653778076172,0.0,0.0,0.0,0.0,0.767547607421875,25.8029727935791,0.0,0.0,0.0,0.0,0.8061752319335938,27.17691421508789,0.0,0.0,0.0,0.0,0.8043899536132812,26.084593772888184,0.0,0.0,0.0,0.0,0.8053131103515625,25.887958526611328,0.0,0.0,0.0,0.0,0.8396759033203125,26.239022731781006,0.0,0.0,0.0,0.0,0.806610107421875,26.60832977294922,0.0,0.0,0.0,0.0,0.804473876953125,26.067354202270508,0.0,0.0,0.0,0.0,0.8089526891708374,26.33370053768158,0.0,0.0,0.0,0.0,0.752532958984375,25.230344772338867,0.0,0.0,0.0,0.0,0.745208740234375,24.543593406677246,0.0,0.0,0.0,0.0,0.7315444946289062,24.528697967529297,0.0,0.0,0.0,0.0,0.732269287109375,24.803550720214844,0.0,0.0,0.0,0.0,0.6897964477539062,24.05066680908203,0.0,0.0,0.0,0.0,0.71539306640625,24.250329971313477,0.0,0.0,0.0,0.0,0.694610595703125,24.55137872695923,0.0,0.0,0.0,0.0,0.7588415145874023,25.13873291015625,0.0,0.0,0.0,0.0,0.71917724609375,25.75934410095215,0.0,0.0,0.0,0.0,0.7822775840759277,25.108660221099854,0.0,0.0,0.0,0.0,0.7589607238769531,26.69824981689453,0.0,0.0,0.0,0.0,0.8004805445671082,28.285908102989197,0.0,0.0,0.0,0.0
56,hallucinated,41,0.9086856842041016,25.230355203151703,0.0,0.0,0.0,0.0,0.6374893188476562,23.09394073486328,0.0,0.0,0.0,0.0,0.872528076171875,24.169937133789062,0.059719085693359375,1.390798568725586,0.8729667663574219,0.9326858520507812,0.8659820556640625,24.287734985351562,0.0558013916015625,1.3098907470703125,0.8670654296875,0.9228668212890625,0.85247802734375,24.189239501953125,0.0,0.0,0.0,0.0,0.8486328125,24.296188354492188,0.0,0.0,0.0,0.0,0.8271713256835938,25.2083740234375,0.0,0.0,0.0,0.0,0.7518310546875,25.62010955810547,0.0,0.0,0.0,0.0,0.7602729797363281,25.76153564453125,0.0,0.0,0.0,0.0,0.732421875,25.562435150146484,0.0,0.0,0.0,0.0,0.7811737060546875,27.078142166137695,0.0,0.0,0.0,0.0,0.8300762176513672,26.223512649536133,0.0,0.0,0.0,0.0,0.75616455078125,25.845970153808594,0.0,0.0,0.0,0.0,0.8061752319335938,27.21225357055664,0.0,0.0,0.0,0.0,0.8043899536132812,25.978983879089355,0.0,0.0,0.0,0.0,0.8053131103515625,26.02739381790161,0.0,0.0,0.0,0.0,0.8374862670898438,26.276187419891357,0.0,0.0,0.0,0.0,0.806610107421875,26.785106658935547,0.0,0.0,0.0,0.0,0.804473876953125,26.23465347290039,0.0,0.0,0.0,0.0,0.8089526891708374,26.255154013633728,0.0,0.0,0.0,0.0,0.752532958984375,24.886655807495117,0.0,0.0,0.0,0.0,0.745208740234375,24.497951865196228,0.0,0.0,0.0,0.0,0.7315444946289062,24.22762680053711,0.0,0.0,0.0,0.0,0.732269287109375,24.492149353027344,0.0,0.0,0.0,0.0,0.6897964477539062,24.010486602783203,0.0,0.0,0.0,0.0,0.71539306640625,23.966697692871094,0.0,0.0,0.0,0.0,0.694610595703125,24.24797296524048,0.0,0.0,0.0,0.0,0.7588415145874023,24.867876052856445,0.0,0.0,0.0,0.0,0.7202606201171875,25.576875686645508,0.0,0.0,0.0,0.0,0.7822775840759277,24.909133076667786,0.0,0.0,0.0,0.0,0.7589607238769531,26.51582622528076,0.0,0.0,0.0,0.0,0.78816819190979,28.03163516521454,0.0,0.0,0.0,0.0
57,grounded,34,0.8957233428955078,20.71263951063156,0.0,0.0,0.0,0.0,0.6367683410644531,18.995838165283203,0.0,0.0,0.0,0.0,0.867523193359375,19.657310485839844,0.05704498291015625,1.0876280069351196,0.875732421875,0.9327774047851562,0.8649215698242188,19.97087860107422,0.0579681396484375,0.9966964721679688,0.865020751953125,0.9229888916015625,0.8525238037109375,19.89599609375,0.0,0.0,0.0,0.0,0.848602294921875,20.09526824951172,0.0,0.0,0.0,0.0,0.8268585205078125,20.550662994384766,0.0,0.0,0.0,0.0,0.7496414184570312,20.909996032714844,0.0,0.0,0.0,0.0,0.7601947784423828,21.051700592041016,0.0,0.0,0.0,0.0,0.7427215576171875,20.941509246826172,0.0,0.0,0.0,0.0,0.774993896484375,22.056222915649414,0.0,0.0,0.0,0.0,0.8303365707397461,21.56996440887451,0.0,0.0,0.0,0.0,0.7569427490234375,21.180959701538086,0.0,0.0,0.0,0.0,0.8065032958984375,21.959217071533203,0.0,0.0,0.0,0.0,0.8048553466796875,21.058085441589355,0.0,0.0,0.0,0.0,0.8058929443359375,21.412282943725586,0.0,0.0,0.0,0.0,0.840240478515625,21.302196264266968,0.0,0.0,0.0,0.0,0.8072013854980469,21.648887634277344,0.0,0.0,0.0,0.0,0.80548095703125,21.04916000366211,0.0,0.0,0.0,0.0,0.8093174695968628,21.25314223766327,0.0,0.0,0.0,0.0,0.752777099609375,20.044998168945312,0.0,0.0,0.0,0.0,0.7450408935546875,19.865570068359375,0.0,0.0,0.0,0.0,0.7321548461914062,19.84392547607422,0.0,0.0,0.0,0.0,0.7318572998046875,20.240325927734375,0.0,0.0,0.0,0.0,0.6894340515136719,19.722373962402344,0.0,0.0,0.0,0.0,0.71490478515625,19.860843658447266,0.0,0.0,0.0,0.0,0.694732666015625,20.04203510284424,0.0,0.0,0.0,0.0,0.7586355209350586,20.56832504272461,0.0,0.0,0.0,0.0,0.719512939453125,21.06578826904297,0.0,0.0,0.0,0.0,0.7819626331329346,20.539811372756958,0.0,0.0,0.0,0.0,0.7581987380981445,21.758028984069824,0.0,0.0,0.0,0.0,0.8059976100921631,23.19211733341217,0.0,0.0,0.0,0.0
57,hallucinated,35,0.8980083465576172,21.31294173002243,0.0,0.0,0.0,0.0,0.6367683410644531,19.554752349853516,0.0,0.0,0.0,0.0,0.8779449462890625,20.26024627685547,0.05330657958984375,1.0582853555679321,0.8794708251953125,0.9327774047851562,0.870849609375,20.555145263671875,0.0507659912109375,0.9987945556640625,0.872222900390625,0.9229888916015625,0.8525238037109375,20.56622314453125,0.0,0.0,0.0,0.0,0.848602294921875,20.727619171142578,0.0,0.0,0.0,0.0,0.8268585205078125,21.24454116821289,0.0,0.0,0.0,0.0,0.7670745849609375,21.953575134277344,0.0,0.0,0.0,0.0,0.7601947784423828,21.923694610595703,0.0,0.0,0.0,0.0,0.7646636962890625,21.83071517944336,0.0,0.0,0.0,0.0,0.7681903839111328,22.854372024536133,0.0,0.0,0.0,0.0,0.8303365707397461,22.43915843963623,0.0,0.0,0.0,0.0,0.7620697021484375,21.997039794921875,0.0,0.0,0.0,0.0,0.8137741088867188,23.108264923095703,0.0,0.0,0.0,0.0,0.8048553466796875,22.035456657409668,0.0,0.0,0.0,0.0,0.8058929443359375,22.40973663330078,0.0,0.0,0.0,0.0,0.8167400360107422,22.518003344535828,0.0,0.0,0.0,0.0,0.8072013854980469,22.703022003173828,0.0,0.0,0.0,0.0,0.80548095703125,22.17790985107422,0.0,0.0,0.0,0.0,0.8093174695968628,22.31672179698944,0.0,0.0,0.0,0.0,0.752777099609375,21.040775299072266,0.0,0.0,0.0,0.0,0.7450408935546875,20.772456645965576,0.0,0.0,0.0,0.0,0.7321548461914062,20.55376434326172,0.0,0.0,0.0,0.0,0.7318572998046875,20.98724365234375,0.0,0.0,0.0,0.0,0.6894340515136719,20.372276306152344,0.0,0.0,0.0,0.0,0.71490478515625,20.376197814941406,0.0,0.0,0.0,0.0,0.694732666015625,20.643567085266113,0.0,0.0,0.0,0.0,0.7586355209350586,21.14050531387329,0.0,0.0,0.0,0.0,0.719512939453125,21.745813369750977,0.0,0.0,0.0,0.0,0.7819626331329346,21.001213312149048,0.0,0.0,0.0,0.0,0.7511005401611328,22.440366744995117,0.0,0.0,0.0,0.0,0.7797267436981201,23.731271505355835,0.0,0.0,0.0,0.0
58,grounded,38,0.902435302734375,23.125361502170563,0.0,0.0,0.0,0.0,0.6389045715332031,21.346588134765625,0.0,0.0,0.0,0.0,0.8688812255859375,22.098751068115234,0.05496978759765625,1.1970582604408264,0.877716064453125,0.9326858520507812,0.871490478515625,22.449249267578125,0.0511016845703125,1.1196746826171875,0.87176513671875,0.9228668212890625,0.85247802734375,22.284812927246094,0.0,0.0,0.0,0.0,0.8486328125,22.56923484802246,0.0,0.0,0.0,0.0,0.8271713256835938,23.214073181152344,0.0,0.0,0.0,0.0,0.7512969970703125,23.52047824859619,0.0,0.0,0.0,0.0,0.7602729797363281,23.918720245361328,0.0,0.0,0.0,0.0,0.7565803527832031,23.76866626739502,0.0,0.0,0.0,0.0,0.7676486968994141,24.47789192199707,0.0,0.0,0.0,0.0,0.8300762176513672,24.293696403503418,0.0,0.0,0.0,0.0,0.77386474609375,23.98590087890625,0.0,0.0,0.0,0.0,0.80938720703125,25.32308578491211,0.0,0.0,0.0,0.0,0.8043899536132812,24.16797661781311,0.0,0.0,0.0,0.0,0.8059501647949219,24.525296211242676,0.0,0.0,0.0,0.0,0.8013277053833008,24.730932235717773,0.036876678466796875,0.052387237548828125,0.8027992248535156,0.8396759033203125,0.806610107421875,25.037389755249023,0.0,0.0,0.0,0.0,0.7703628540039062,24.24059295654297,0.0,0.0,0.0,0.0,0.793391227722168,24.609217643737793,0.0,0.0,0.0,0.0,0.752532958984375,23.29472541809082,0.0,0.0,0.0,0.0,0.745208740234375,22.748111724853516,0.0,0.0,0.0,0.0,0.7315444946289062,22.57204818725586,0.0,0.0,0.0,0.0,0.732269287109375,22.958602905273438,0.0,0.0,0.0,0.0,0.6978759765625,22.278980255126953,0.0,0.0,0.0,0.0,0.71539306640625,22.253925323486328,0.0,0.0,0.0,0.0,0.694610595703125,22.585453033447266,0.0,0.0,0.0,0.0,0.7588415145874023,23.3328857421875,0.0,0.0,0.0,0.0,0.71917724609375,23.765682220458984,0.0,0.0,0.0,0.0,0.7822775840759277,23.31138277053833,0.0,0.0,0.0,0.0,0.7580728530883789,24.50830078125,0.0,0.0,0.0,0.0,0.799990177154541,25.984565556049347,0.0,0.0,0.0,0.0
58,hallucinated,37,0.9007034301757812,22.471461594104767,0.0,0.0,0.0,0.0,0.6389045715332031,20.773193359375,0.0,0.0,0.0,0.0,0.8688812255859375,21.504573822021484,0.05915069580078125,1.1521897912025452,0.87353515625,0.9326858520507812,0.871490478515625,21.814300537109375,0.0511016845703125,1.0766677856445312,0.87176513671875,0.9228668212890625,0.85247802734375,21.686729431152344,0.0,0.0,0.0,0.0,0.8486328125,21.922054290771484,0.0,0.0,0.0,0.0,0.8271713256835938,22.545162200927734,0.0,0.0,0.0,0.0,0.750762939453125,22.896145820617676,0.0,0.0,0.0,0.0,0.7602729797363281,23.271745681762695,0.0,0.0,0.0,0.0,0.7559280395507812,23.056065559387207,0.0,0.0,0.0,0.0,0.7676486968994141,23.742387771606445,0.0,0.0,0.0,0.0,0.8300762176513672,23.60811138153076,0.0,0.0,0.0,0.0,0.764007568359375,23.269969940185547,0.0,0.0,0.0,0.0,0.808441162109375,24.590593338012695,0.0,0.0,0.0,0.0,0.8043899536132812,23.454124331474304,0.0,0.0,0.0,0.0,0.8062973022460938,23.87057876586914,0.0,0.0,0.0,0.0,0.827056884765625,24.073402881622314,0.00411224365234375,0.00411224365234375,0.8355636596679688,0.8396759033203125,0.806610107421875,24.28758430480957,0.0,0.0,0.0,0.0,0.804473876953125,23.52773094177246,0.0,0.0,0.0,0.0,0.8089526891708374,23.848718762397766,0.0,0.0,0.0,0.0,0.752532958984375,22.62916660308838,0.0,0.0,0.0,0.0,0.745208740234375,22.086637020111084,0.0,0.0,0.0,0.0,0.7315444946289062,21.92193603515625,0.0,0.0,0.0,0.0,0.732269287109375,22.308868408203125,0.0,0.0,0.0,0.0,0.6986541748046875,21.63709259033203,0.0,0.0,0.0,0.0,0.71539306640625,21.598369598388672,0.0,0.0,0.0,0.0,0.694610595703125,21.93492889404297,0.0,0.0,0.0,0.0,0.7588415145874023,22.618099212646484,0.0,0.0,0.0,0.0,0.71917724609375,23.087234497070312,0.0,0.0,0.0,0.0,0.7822775840759277,22.635013103485107,0.0,0.0,0.0,0.0,0.7571163177490234,23.80466079711914,0.0,0.0,0.0,0.0,0.7983688712120056,25.214915335178375,0.0,0.0,0.0,0.0
59,grounded,54,0.925689697265625,33.72773319482803,0.0,0.0,0.0,0.0,0.6380043029785156,30.710631489753723,0.0,0.0,0.0,0.0,0.8712615966796875,32.04094696044922,0.06063079833984375,1.8696924448013306,0.8721466064453125,0.9327774047851562,0.8692626953125,32.42657470703125,0.05340576171875,1.7514801025390625,0.8695831298828125,0.9229888916015625,0.8525238037109375,32.21413040161133,0.0,0.0,0.0,0.0,0.848602294921875,32.79423904418945,0.0,0.0,0.0,0.0,0.8268585205078125,33.67726135253906,0.0,0.0,0.0,0.0,0.7552413940429688,33.95063400268555,0.0,0.0,0.0,0.0,0.7601947784423828,34.677072525024414,0.0,0.0,0.0,0.0,0.7390823364257812,34.30390167236328,0.0,0.0,0.0,0.0,0.7899246215820312,36.562185287475586,0.0,0.0,0.0,0.0,0.7701492309570312,35.606468200683594,0.040549278259277344,0.11984539031982422,0.7897872924804688,0.8303365707397461,0.7694816589355469,35.2623348236084,0.0,0.0,0.0,0.0,0.8428573608398438,37.10739517211914,0.0,0.0,0.0,0.0,0.8175029754638672,35.228042125701904,0.0,0.0,0.0,0.0,0.8157291412353516,35.66835117340088,0.04181671142578125,0.06164121627807617,0.7640762329101562,0.8058929443359375,0.794177770614624,35.97238516807556,0.083740234375,0.552825927734375,0.756500244140625,0.840240478515625,0.8072013854980469,36.191022872924805,0.0,0.0,0.0,0.0,0.7997283935546875,36.01302623748779,0.03009796142578125,0.07577323913574219,0.7753829956054688,0.80548095703125,0.7937126159667969,34.981048583984375,0.007540583610534668,0.007540583610534668,0.8017768859863281,0.8093174695968628,0.752777099609375,33.60224151611328,0.0,0.0,0.0,0.0,0.7450408935546875,32.999446868896484,0.0,0.0,0.0,0.0,0.7321548461914062,32.661916732788086,0.0,0.0,0.0,0.0,0.7325706481933594,33.24543380737305,0.0,0.0,0.0,0.0,0.6894340515136719,32.4348030090332,0.0,0.0,0.0,0.0,0.71490478515625,32.03700256347656,0.0,0.0,0.0,0.0,0.694732666015625,32.99186897277832,0.0,0.0,0.0,0.0,0.7586355209350586,33.81155014038086,0.0,0.0,0.0,0.0,0.748692512512207,34.68286418914795,0.0,0.0,0.0,0.0,0.7819626331329346,33.60576844215393,0.0,0.0,0.0,0.0,0.7837109565734863,35.81428146362305,0.0,0.0,0.0,0.0,0.7880376577377319,37.32699513435364,0.0,0.0,0.0,0.0
59,hallucinated,45,0.9157962799072266,27.814716637134552,0.0,0.0,0.0,0.0,0.6378021240234375,25.369186401367188,0.0,0.0,0.0,0.0,0.870574951171875,26.517269134521484,0.06122589111328125,1.5004932880401611,0.8714599609375,0.9326858520507812,0.8681793212890625,26.772621154785156,0.0543060302734375,1.401796817779541,0.868560791015625,0.9228668212890625,0.85247802734375,26.463756561279297,0.0,0.0,0.0,0.0,0.8486328125,26.72231674194336,0.0,0.0,0.0,0.0,0.8271713256835938,27.672134399414062,0.0,0.0,0.0,0.0,0.75469970703125,27.886295318603516,0.0,0.0,0.0,0.0,0.7602729797363281,28.531169891357422,0.0,0.0,0.0,0.0,0.7456588745117188,28.022315979003906,0.0,0.0,0.0,0.0,0.778778076171875,29.474496841430664,0.0,0.0,0.0,0.0,0.7847213745117188,28.934757232666016,0.0049266815185546875,0.0049266815185546875,0.8251495361328125,0.8300762176513672,0.75616455078125,28.512237548828125,0.0,0.0,0.0,0.0,0.8326683044433594,29.922502517700195,0.0,0.0,0.0,0.0,0.8043899536132812,28.597511053085327,0.0,0.0,0.0,0.0,0.8098678588867188,28.816758155822754,0.012826919555664062,0.012826919555664062,0.7924861907958984,0.8053131103515625,0.8056116104125977,29.39192295074463,0.07171630859375,0.1487579345703125,0.7679595947265625,0.8396759033203125,0.806610107421875,29.508065223693848,0.0,0.0,0.0,0.0,0.804473876953125,29.196160793304443,0.0,0.0,0.0,0.0,0.7891769409179688,29.08111047744751,0.0,0.0,0.0,0.0,0.752532958984375,27.6453857421875,0.0,0.0,0.0,0.0,0.745208740234375,27.108806610107422,0.0,0.0,0.0,0.0,0.7315444946289062,26.832927703857422,0.0,0.0,0.0,0.0,0.732269287109375,27.174907684326172,0.0,0.0,0.0,0.0,0.6897964477539062,26.662652730941772,0.0,0.0,0.0,0.0,0.71539306640625,26.450237274169922,0.0,0.0,0.0,0.0,0.694610595703125,26.99586582183838,0.0,0.0,0.0,0.0,0.7588415145874023,27.73538112640381,0.0,0.0,0.0,0.0,0.7278366088867188,28.524364471435547,0.0,0.0,0.0,0.0,0.7822775840759277,27.62792730331421,0.0,0.0,0.0,0.0,0.7839943170547485,29.401179909706116,0.0,0.0,0.0,0.0,0.7869070172309875,30.69282215833664,0.0,0.0,0.0,0.0
60,grounded,37,0.9040031433105469,22.707352221012115,0.0,0.0,0.0,0.0,0.6390342712402344,20.816123962402344,0.0,0.0,0.0,0.0,0.87078857421875,21.481319427490234,0.05724334716796875,1.2051965594291687,0.8754425048828125,0.9326858520507812,0.86676025390625,21.8216552734375,0.0536651611328125,1.105224609375,0.86920166015625,0.9228668212890625,0.85247802734375,21.630592346191406,0.0,0.0,0.0,0.0,0.8486328125,21.809722900390625,0.0,0.0,0.0,0.0,0.8271713256835938,22.654674530029297,0.0,0.0,0.0,0.0,0.774078369140625,23.11212158203125,0.0,0.0,0.0,0.0,0.7602729797363281,23.244415283203125,0.0,0.0,0.0,0.0,0.7710723876953125,22.78243064880371,0.0,0.0,0.0,0.0,0.7676486968994141,23.809717178344727,0.0,0.0,0.0,0.0,0.8162403106689453,23.475099563598633,0.0,0.0,0.0,0.0,0.785308837890625,23.062774658203125,0.0,0.0,0.0,0.0,0.8115463256835938,24.470744132995605,0.0,0.0,0.0,0.0,0.8043899536132812,23.261013507843018,0.0,0.0,0.0,0.0,0.80419921875,23.64003825187683,0.0,0.0,0.0,0.0,0.7941207885742188,23.687673091888428,0.005908966064453125,0.005908966064453125,0.8337669372558594,0.8396759033203125,0.806610107421875,23.823360443115234,0.0,0.0,0.0,0.0,0.804473876953125,23.563536167144775,0.0,0.0,0.0,0.0,0.8089526891708374,23.878851532936096,0.0,0.0,0.0,0.0,0.752532958984375,22.608692169189453,0.0,0.0,0.0,0.0,0.745208740234375,22.083465576171875,0.0,0.0,0.0,0.0,0.7315444946289062,21.961952209472656,0.0,0.0,0.0,0.0,0.732269287109375,22.479735374450684,0.0,0.0,0.0,0.0,0.6897964477539062,21.59652805328369,0.0,0.0,0.0,0.0,0.71539306640625,21.881206512451172,0.0,0.0,0.0,0.0,0.694610595703125,21.988049685955048,0.0,0.0,0.0,0.0,0.7588415145874023,22.47329044342041,0.0,0.0,0.0,0.0,0.71917724609375,23.068647384643555,0.0,0.0,0.0,0.0,0.7822775840759277,22.466228187084198,0.0,0.0,0.0,0.0,0.7882308959960938,23.742605209350586,0.0,0.0,0.0,0.0,0.8057036399841309,25.04286104440689,0.0,0.0,0.0,0.0
60,hallucinated,32,0.892547607421875,19.41346710920334,0.0,0.0,0.0,0.0,0.6377716064453125,17.819896697998047,0.0,0.0,0.0,0.0,0.8700408935546875,18.452861785888672,0.0581817626953125,1.0411249995231628,0.874664306640625,0.9328460693359375,0.8662185668945312,18.718284606933594,0.0541839599609375,0.9315032958984375,0.8686981201171875,0.922882080078125,0.8529586791992188,18.56041717529297,0.0,0.0,0.0,0.0,0.8491973876953125,18.643543243408203,0.0,0.0,0.0,0.0,0.826873779296875,19.415206909179688,0.0,0.0,0.0,0.0,0.773895263671875,19.606719970703125,0.0,0.0,0.0,0.0,0.7604351043701172,19.829919815063477,0.0,0.0,0.0,0.0,0.7265548706054688,19.448972702026367,0.0,0.0,0.0,0.0,0.7742538452148438,20.37893295288086,0.0,0.0,0.0,0.0,0.8277711868286133,19.918824195861816,0.0,0.0,0.0,0.0,0.754180908203125,19.526222229003906,0.0,0.0,0.0,0.0,0.8105049133300781,20.712207794189453,0.0,0.0,0.0,0.0,0.8018264770507812,19.643802642822266,0.0,0.0,0.0,0.0,0.8050270080566406,19.895026683807373,0.0,0.0,0.0,0.0,0.8345565795898438,20.070729732513428,0.0,0.0,0.0,0.0,0.8057937622070312,20.22950553894043,0.0,0.0,0.0,0.0,0.8037567138671875,19.949451446533203,0.0,0.0,0.0,0.0,0.8084371089935303,20.19724726676941,0.0,0.0,0.0,0.0,0.752960205078125,19.071395874023438,0.0,0.0,0.0,0.0,0.74493408203125,18.773300170898438,0.0,0.0,0.0,0.0,0.7316436767578125,18.83159637451172,0.0,0.0,0.0,0.0,0.7320938110351562,19.105894088745117,0.0,0.0,0.0,0.0,0.6897659301757812,18.56865692138672,0.0,0.0,0.0,0.0,0.7156257629394531,18.634357452392578,0.0,0.0,0.0,0.0,0.6943359375,18.711170196533203,0.0,0.0,0.0,0.0,0.7588987350463867,19.24358558654785,0.0,0.0,0.0,0.0,0.719512939453125,19.733070373535156,0.0,0.0,0.0,0.0,0.7820165157318115,19.210094213485718,0.0,0.0,0.0,0.0,0.7891674041748047,20.24254608154297,0.0,0.0,0.0,0.0,0.8054332733154297,21.43024981021881,0.0,0.0,0.0,0.0
61,grounded,35,0.8982582092285156,21.253187596797943,0.0,0.0,0.0,0.0,0.6406478881835938,19.495704650878906,0.0,0.0,0.0,0.0,0.878997802734375,20.22998809814453,0.05332183837890625,1.143492341041565,0.87945556640625,0.9327774047851562,0.869476318359375,20.670028686523438,0.0518646240234375,0.9825458526611328,0.871124267578125,0.9229888916015625,0.8525238037109375,20.634994506835938,0.0,0.0,0.0,0.0,0.848602294921875,20.71160125732422,0.0,0.0,0.0,0.0,0.8268585205078125,21.189990997314453,0.0,0.0,0.0,0.0,0.765838623046875,21.318405151367188,0.0,0.0,0.0,0.0,0.7601947784423828,21.78226089477539,0.0,0.0,0.0,0.0,0.7239837646484375,21.114219665527344,0.0,0.0,0.0,0.0,0.7681903839111328,22.49809455871582,0.0,0.0,0.0,0.0,0.8303365707397461,21.950812339782715,0.0,0.0,0.0,0.0,0.7661781311035156,21.654151916503906,0.0,0.0,0.0,0.0,0.8103106021881104,23.00281286239624,0.0,0.0,0.0,0.0,0.8048553466796875,21.63205122947693,0.0,0.0,0.0,0.0,0.8315720558166504,21.80674982070923,0.0,0.0,0.0,0.0,0.840240478515625,21.882636308670044,0.0,0.0,0.0,0.0,0.8072013854980469,22.4024099111557,0.0,0.0,0.0,0.0,0.80548095703125,22.11918878555298,0.0,0.0,0.0,0.0,0.8093174695968628,22.17907416820526,0.0,0.0,0.0,0.0,0.752777099609375,20.716190338134766,0.0,0.0,0.0,0.0,0.7450408935546875,20.388961791992188,0.0,0.0,0.0,0.0,0.7321548461914062,20.305805206298828,0.0,0.0,0.0,0.0,0.7318572998046875,20.807846069335938,0.0,0.0,0.0,0.0,0.6894340515136719,20.463565826416016,0.0,0.0,0.0,0.0,0.71490478515625,20.428021907806396,0.0,0.0,0.0,0.0,0.694732666015625,20.53159999847412,0.0,0.0,0.0,0.0,0.7586355209350586,21.142274856567383,0.0,0.0,0.0,0.0,0.7338199615478516,21.63641929626465,0.0,0.0,0.0,0.0,0.7819626331329346,21.41977620124817,0.0,0.0,0.0,0.0,0.7733097076416016,22.3508882522583,0.0,0.0,0.0,0.0,0.7977679371833801,23.703318655490875,0.0,0.0,0.0,0.0
61,hallucinated,47,0.9183845520019531,29.009242296218872,0.0,0.0,0.0,0.0,0.6408309936523438,26.451313018798828,0.0,0.0,0.0,0.0,0.8783111572265625,27.59830093383789,0.05397796630859375,1.5481765866279602,0.8787078857421875,0.9326858520507812,0.8685760498046875,28.23571014404297,0.0526123046875,1.4089179039001465,0.8702545166015625,0.9228668212890625,0.85247802734375,28.321666717529297,0.0,0.0,0.0,0.0,0.8486328125,28.490894317626953,0.0,0.0,0.0,0.0,0.8271713256835938,29.02456283569336,0.0,0.0,0.0,0.0,0.7647018432617188,29.541769981384277,0.0,0.0,0.0,0.0,0.7602729797363281,30.202909469604492,0.0,0.0,0.0,0.0,0.7432174682617188,29.574634552001953,0.0,0.0,0.0,0.0,0.7820892333984375,31.55533790588379,0.0,0.0,0.0,0.0,0.8300762176513672,30.44664764404297,0.0,0.0,0.0,0.0,0.7698860168457031,30.624849319458008,0.0,0.0,0.0,0.0,0.8264560699462891,32.521780252456665,0.0,0.0,0.0,0.0,0.8043899536132812,30.36001944541931,0.0,0.0,0.0,0.0,0.8320455551147461,30.627569437026978,0.0,0.0,0.0,0.0,0.8396759033203125,30.98243510723114,0.0,0.0,0.0,0.0,0.806610107421875,31.30297338962555,0.0,0.0,0.0,0.0,0.804473876953125,30.820387363433838,0.0,0.0,0.0,0.0,0.8089526891708374,30.94480073451996,0.0,0.0,0.0,0.0,0.752532958984375,29.01650047302246,0.0,0.0,0.0,0.0,0.745208740234375,28.495361328125,0.0,0.0,0.0,0.0,0.7315444946289062,27.66895294189453,0.0,0.0,0.0,0.0,0.732269287109375,28.476713180541992,0.0,0.0,0.0,0.0,0.6897964477539062,27.711688995361328,0.0,0.0,0.0,0.0,0.71539306640625,27.520919799804688,0.0,0.0,0.0,0.0,0.694610595703125,27.970802307128906,0.0,0.0,0.0,0.0,0.7588415145874023,28.906818389892578,0.0,0.0,0.0,0.0,0.7336654663085938,29.659658432006836,0.0,0.0,0.0,0.0,0.7822775840759277,29.278982639312744,0.0,0.0,0.0,0.0,0.7724332809448242,30.547032356262207,0.0,0.0,0.0,0.0,0.7976186275482178,32.46702289581299,0.0,0.0,0.0,0.0
62,grounded,55,0.9250564575195312,34.211959302425385,0.0,0.0,0.0,0.0,0.6395339965820312,31.282428741455078,0.0,0.0,0.0,0.0,0.8775482177734375,32.69183540344238,0.05319976806640625,1.8786682486534119,0.87957763671875,0.9327774047851562,0.871551513671875,33.28141784667969,0.049407958984375,1.7939682006835938,0.8735809326171875,0.9229888916015625,0.8525238037109375,33.19230651855469,0.0,0.0,0.0,0.0,0.848602294921875,33.54517364501953,0.0,0.0,0.0,0.0,0.8268585205078125,34.42029571533203,0.0,0.0,0.0,0.0,0.7711563110351562,35.55145263671875,0.0,0.0,0.0,0.0,0.7724499702453613,36.09869623184204,0.0,0.0,0.0,0.0,0.7728118896484375,35.68397617340088,0.0,0.0,0.0,0.0,0.7843399047851562,37.494733810424805,0.0,0.0,0.0,0.0,0.8229084014892578,35.93573760986328,0.0,0.0,0.0,0.0,0.8079299926757812,36.53812885284424,0.0,0.0,0.0,0.0,0.8457746505737305,38.383543491363525,0.0,0.0,0.0,0.0,0.8048553466796875,36.47930747270584,0.0,0.0,0.0,0.0,0.8097782135009766,35.97408103942871,0.0,0.0,0.0,0.0,0.8235914707183838,36.91920304298401,0.0,0.0,0.0,0.0,0.8072013854980469,36.93883657455444,0.0,0.0,0.0,0.0,0.8242082595825195,36.75889778137207,0.0,0.0,0.0,0.0,0.8093174695968628,36.69918668270111,0.0,0.0,0.0,0.0,0.752777099609375,34.56449890136719,0.0,0.0,0.0,0.0,0.7450408935546875,33.69914627075195,0.0,0.0,0.0,0.0,0.7321548461914062,33.27468490600586,0.0,0.0,0.0,0.0,0.7318572998046875,34.274105072021484,0.0,0.0,0.0,0.0,0.6894340515136719,33.16218566894531,0.0,0.0,0.0,0.0,0.71490478515625,32.877464294433594,0.0,0.0,0.0,0.0,0.694732666015625,33.558228492736816,0.0,0.0,0.0,0.0,0.7586355209350586,34.60867094993591,0.0,0.0,0.0,0.0,0.7317352294921875,35.23120307922363,0.0,0.0,0.0,0.0,0.7819626331329346,33.95894527435303,0.0,0.0,0.0,0.0,0.8265423774719238,36.06657075881958,0.0,0.0,0.0,0.0,0.8146321773529053,38.05391216278076,0.0,0.0,0.0,0.0
62,hallucinated,42,0.9096450805664062,25.778856992721558,0.0,0.0,0.0,0.0,0.6392478942871094,23.56785774230957,0.0,0.0,0.0,0.0,0.8703460693359375,24.578475952148438,0.05535125732421875,1.4371826648712158,0.8773345947265625,0.9326858520507812,0.8701553344726562,25.14447784423828,0.0524444580078125,1.2945289611816406,0.87042236328125,0.9228668212890625,0.85247802734375,24.972171783447266,0.0,0.0,0.0,0.0,0.8486328125,25.2503662109375,0.0,0.0,0.0,0.0,0.8271713256835938,25.96112823486328,0.0,0.0,0.0,0.0,0.77069091796875,26.058231353759766,0.0,0.0,0.0,0.0,0.7717137336730957,26.80389642715454,0.0,0.0,0.0,0.0,0.7551345825195312,26.13713836669922,0.0,0.0,0.0,0.0,0.7734718322753906,27.84114646911621,0.0,0.0,0.0,0.0,0.8300762176513672,26.616987228393555,0.0,0.0,0.0,0.0,0.75616455078125,26.57404327392578,0.0,0.0,0.0,0.0,0.8284404277801514,28.011722803115845,0.0,0.0,0.0,0.0,0.8043899536132812,26.73117631673813,0.0,0.0,0.0,0.0,0.8100271224975586,26.38974666595459,0.0,0.0,0.0,0.0,0.8396759033203125,27.009364128112793,0.0,0.0,0.0,0.0,0.806610107421875,27.41459894180298,0.0,0.0,0.0,0.0,0.804473876953125,27.030898094177246,0.0,0.0,0.0,0.0,0.8089526891708374,27.33669888973236,0.0,0.0,0.0,0.0,0.752532958984375,25.52002716064453,0.0,0.0,0.0,0.0,0.745208740234375,25.225162506103516,0.0,0.0,0.0,0.0,0.7315444946289062,24.867656707763672,0.0,0.0,0.0,0.0,0.732269287109375,25.47675323486328,0.0,0.0,0.0,0.0,0.6897964477539062,25.019615173339844,0.0,0.0,0.0,0.0,0.71539306640625,24.781906127929688,0.0,0.0,0.0,0.0,0.694610595703125,25.135866165161133,0.0,0.0,0.0,0.0,0.7588415145874023,26.028885006904602,0.0,0.0,0.0,0.0,0.71917724609375,26.47579574584961,0.0,0.0,0.0,0.0,0.7822775840759277,25.83560085296631,0.0,0.0,0.0,0.0,0.7414827346801758,26.958109974861145,0.0,0.0,0.0,0.0,0.8089656829833984,28.691493570804596,0.0,0.0,0.0,0.0
63,grounded,36,0.9005069732666016,21.939463138580322,0.0,0.0,0.0,0.0,0.6415252685546875,20.022930145263672,0.0,0.0,0.0,0.0,0.871673583984375,20.808094024658203,0.05948638916015625,1.1841864585876465,0.873199462890625,0.9326858520507812,0.8672637939453125,21.317092895507812,0.0524444580078125,1.032529354095459,0.87042236328125,0.9228668212890625,0.85247802734375,21.118385314941406,0.0,0.0,0.0,0.0,0.8486328125,21.167552947998047,0.0,0.0,0.0,0.0,0.8271713256835938,21.836196899414062,0.0,0.0,0.0,0.0,0.7742691040039062,21.909210205078125,0.0,0.0,0.0,0.0,0.7608451843261719,22.481557846069336,0.0,0.0,0.0,0.0,0.7436847686767578,21.85832405090332,0.0,0.0,0.0,0.0,0.7676486968994141,23.144487380981445,0.0,0.0,0.0,0.0,0.8300762176513672,22.45221519470215,0.0,0.0,0.0,0.0,0.75616455078125,22.1853084564209,0.0,0.0,0.0,0.0,0.8120803833007812,23.636760473251343,0.0,0.0,0.0,0.0,0.8043899536132812,22.3690767288208,0.0,0.0,0.0,0.0,0.8053131103515625,22.599477767944336,0.0,0.0,0.0,0.0,0.8396759033203125,22.824792623519897,0.0,0.0,0.0,0.0,0.806610107421875,23.0615776181221,0.0,0.0,0.0,0.0,0.804473876953125,22.87383460998535,0.0,0.0,0.0,0.0,0.8143959045410156,23.13168466091156,0.0,0.0,0.0,0.0,0.752532958984375,21.61359214782715,0.0,0.0,0.0,0.0,0.745208740234375,21.250267028808594,0.0,0.0,0.0,0.0,0.7315444946289062,21.05813980102539,0.0,0.0,0.0,0.0,0.732269287109375,21.607223510742188,0.0,0.0,0.0,0.0,0.6897964477539062,20.947147369384766,0.0,0.0,0.0,0.0,0.71539306640625,21.18704319000244,0.0,0.0,0.0,0.0,0.694610595703125,21.124998092651367,0.0,0.0,0.0,0.0,0.7588415145874023,21.942000150680542,0.0,0.0,0.0,0.0,0.71917724609375,22.44307518005371,0.0,0.0,0.0,0.0,0.7822775840759277,21.905599117279053,0.0,0.0,0.0,0.0,0.7620363235473633,22.96564769744873,0.0,0.0,0.0,0.0,0.8050973415374756,24.238475799560547,0.0,0.0,0.0,0.0
63,hallucinated,47,0.9181060791015625,29.075645864009857,0.0,0.0,0.0,0.0,0.6415252685546875,26.41104507446289,0.0,0.0,0.0,0.0,0.873199462890625,27.615222930908203,0.05387115478515625,1.5593376159667969,0.878814697265625,0.9326858520507812,0.8672637939453125,28.104446411132812,0.05474853515625,1.4765219688415527,0.8681182861328125,0.9228668212890625,0.85247802734375,27.95232391357422,0.0,0.0,0.0,0.0,0.8486328125,28.30831527709961,0.0,0.0,0.0,0.0,0.8271713256835938,28.944046020507812,0.0,0.0,0.0,0.0,0.7742691040039062,29.557605743408203,0.0,0.0,0.0,0.0,0.7652969360351562,30.307783126831055,0.0,0.0,0.0,0.0,0.7881755828857422,29.702556610107422,0.0,0.0,0.0,0.0,0.81610107421875,31.2648868560791,0.0,0.0,0.0,0.0,0.8300762176513672,30.497203826904297,0.0,0.0,0.0,0.0,0.8031997680664062,30.37177276611328,0.0,0.0,0.0,0.0,0.8310604095458984,32.15978920459747,0.0,0.0,0.0,0.0,0.8043899536132812,30.218113899230957,0.0,0.0,0.0,0.0,0.8053131103515625,30.304830312728882,0.0,0.0,0.0,0.0,0.8208847045898438,30.855448961257935,0.021820068359375,0.021820068359375,0.8178558349609375,0.8396759033203125,0.806396484375,30.896333158016205,0.0,0.0,0.0,0.0,0.804473876953125,30.9083251953125,0.0,0.0,0.0,0.0,0.8150596618652344,31.449041724205017,0.0,0.0,0.0,0.0,0.752532958984375,28.988197326660156,0.0,0.0,0.0,0.0,0.745208740234375,28.53415870666504,0.0,0.0,0.0,0.0,0.7315444946289062,27.83873748779297,0.0,0.0,0.0,0.0,0.732269287109375,28.54143524169922,0.0,0.0,0.0,0.0,0.6897964477539062,27.629379272460938,0.0,0.0,0.0,0.0,0.71539306640625,27.85075283050537,0.0,0.0,0.0,0.0,0.694610595703125,27.9573917388916,0.0,0.0,0.0,0.0,0.7588415145874023,29.070832133293152,0.0,0.0,0.0,0.0,0.7358131408691406,29.79042339324951,0.0,0.0,0.0,0.0,0.7822775840759277,29.259787499904633,0.0,0.0,0.0,0.0,0.7613544464111328,30.662566483020782,0.0,0.0,0.0,0.0,0.804309606552124,32.36795383691788,0.0,0.0,0.0,0.0
64,grounded,47,0.9189319610595703,29.12391871213913,0.0,0.0,0.0,0.0,0.6411399841308594,26.739646911621094,0.0,0.0,0.0,0.0,0.8695220947265625,27.582626342773438,0.06195831298828125,1.598154067993164,0.8707275390625,0.9326858520507812,0.8618316650390625,28.112686157226562,0.059600830078125,1.5676422119140625,0.8632659912109375,0.9228668212890625,0.85247802734375,28.14339828491211,0.0,0.0,0.0,0.0,0.8486328125,28.3162841796875,0.0,0.0,0.0,0.0,0.8271713256835938,29.167465209960938,0.0,0.0,0.0,0.0,0.7744903564453125,30.239234924316406,0.0,0.0,0.0,0.0,0.7602729797363281,29.945094108581543,0.0,0.0,0.0,0.0,0.8010635375976562,30.004289627075195,0.0,0.0,0.0,0.0,0.7907257080078125,31.241716384887695,0.0,0.0,0.0,0.0,0.8300762176513672,30.54552459716797,0.0,0.0,0.0,0.0,0.7985153198242188,30.436824798583984,0.0,0.0,0.0,0.0,0.82177734375,31.929750442504883,0.0,0.0,0.0,0.0,0.8043899536132812,30.571309089660645,0.0,0.0,0.0,0.0,0.8161506652832031,30.90292263031006,0.0,0.0,0.0,0.0,0.7817933559417725,30.437495946884155,0.0,0.0,0.0,0.0,0.806610107421875,30.960593223571777,0.0,0.0,0.0,0.0,0.804473876953125,30.493200302124023,0.0,0.0,0.0,0.0,0.8089526891708374,30.66916310787201,0.0,0.0,0.0,0.0,0.7613677978515625,29.118080139160156,0.0,0.0,0.0,0.0,0.745208740234375,28.542621612548828,0.0,0.0,0.0,0.0,0.7315444946289062,28.087722778320312,0.0,0.0,0.0,0.0,0.732269287109375,28.58498764038086,0.0,0.0,0.0,0.0,0.6897964477539062,28.0263671875,0.0,0.0,0.0,0.0,0.71539306640625,27.77789068222046,0.0,0.0,0.0,0.0,0.694610595703125,28.116849899291992,0.0,0.0,0.0,0.0,0.7588415145874023,29.0348482131958,0.0,0.0,0.0,0.0,0.71917724609375,29.87642765045166,0.0,0.0,0.0,0.0,0.7822775840759277,28.997887134552002,0.0,0.0,0.0,0.0,0.7836589813232422,30.658270359039307,0.0,0.0,0.0,0.0,0.780850887298584,32.33654445409775,0.0,0.0,0.0,0.0
64,hallucinated,41,0.9110813140869141,25.224533021450043,0.0,0.0,0.0,0.0,0.6411399841308594,23.211204528808594,0.0,0.0,0.0,0.0,0.8695220947265625,23.8861083984375,0.06093597412109375,1.3790433406829834,0.8717498779296875,0.9326858520507812,0.8618316650390625,24.304672241210938,0.059600830078125,1.3070220947265625,0.8632659912109375,0.9228668212890625,0.85247802734375,24.361793518066406,0.0,0.0,0.0,0.0,0.8486328125,24.573822021484375,0.0,0.0,0.0,0.0,0.8271713256835938,25.186771392822266,0.0,0.0,0.0,0.0,0.7730712890625,25.993663787841797,0.0,0.0,0.0,0.0,0.7602729797363281,25.63992404937744,0.0,0.0,0.0,0.0,0.7415008544921875,25.67742156982422,0.0,0.0,0.0,0.0,0.7676486968994141,26.63023567199707,0.0,0.0,0.0,0.0,0.8300762176513672,26.19271469116211,0.0,0.0,0.0,0.0,0.75616455078125,26.003450393676758,0.0,0.0,0.0,0.0,0.8226776123046875,27.494609832763672,0.0,0.0,0.0,0.0,0.8043899536132812,26.154634475708008,0.0,0.0,0.0,0.0,0.8165740966796875,26.48979949951172,0.0,0.0,0.0,0.0,0.7997283935546875,26.285250425338745,0.0,0.0,0.0,0.0,0.806610107421875,26.658145904541016,0.0,0.0,0.0,0.0,0.804473876953125,26.373626708984375,0.0,0.0,0.0,0.0,0.8175716400146484,26.678442358970642,0.0,0.0,0.0,0.0,0.752532958984375,25.09772300720215,0.0,0.0,0.0,0.0,0.745208740234375,24.735466957092285,0.0,0.0,0.0,0.0,0.7315444946289062,24.225135803222656,0.0,0.0,0.0,0.0,0.732269287109375,24.683963775634766,0.0,0.0,0.0,0.0,0.6897964477539062,24.236862182617188,0.0,0.0,0.0,0.0,0.71539306640625,23.956867218017578,0.0,0.0,0.0,0.0,0.694610595703125,24.325751543045044,0.0,0.0,0.0,0.0,0.7588415145874023,25.050761222839355,0.0,0.0,0.0,0.0,0.71917724609375,25.89930534362793,0.0,0.0,0.0,0.0,0.7822775840759277,25.146907329559326,0.0,0.0,0.0,0.0,0.7834396362304688,26.389944076538086,0.0,0.0,0.0,0.0,0.7766400575637817,27.855239033699036,0.0,0.0,0.0,0.0
65,grounded,43,0.9143047332763672,26.71738702058792,0.0,0.0,0.0,0.0,0.6387596130371094,24.258010864257812,0.0,0.0,0.0,0.0,0.8605422973632812,25.32021713256836,0.07128143310546875,1.4711726903915405,0.8614044189453125,0.9326858520507812,0.8638458251953125,25.64349365234375,0.0558319091796875,1.349700927734375,0.867034912109375,0.9228668212890625,0.85247802734375,25.56723403930664,0.0,0.0,0.0,0.0,0.8486328125,25.83315658569336,0.0,0.0,0.0,0.0,0.8271713256835938,26.444557189941406,0.0,0.0,0.0,0.0,0.7471237182617188,27.01673698425293,0.0,0.0,0.0,0.0,0.7602729797363281,27.022171020507812,0.0,0.0,0.0,0.0,0.7451934814453125,26.637317657470703,0.0,0.0,0.0,0.0,0.7809906005859375,28.61387062072754,0.0,0.0,0.0,0.0,0.8300762176513672,27.6534366607666,0.0,0.0,0.0,0.0,0.75616455078125,27.14742088317871,0.0,0.0,0.0,0.0,0.806915283203125,28.652664184570312,0.0,0.0,0.0,0.0,0.8043899536132812,27.207806825637817,0.0,0.0,0.0,0.0,0.8053131103515625,27.489368081092834,0.0,0.0,0.0,0.0,0.7823920249938965,27.30584478378296,0.0,0.0,0.0,0.0,0.806610107421875,28.033401489257812,0.0,0.0,0.0,0.0,0.804473876953125,27.297164916992188,0.0,0.0,0.0,0.0,0.8089526891708374,27.667641043663025,0.0,0.0,0.0,0.0,0.752532958984375,26.440675735473633,0.0,0.0,0.0,0.0,0.745208740234375,25.777551651000977,0.0,0.0,0.0,0.0,0.7315444946289062,25.472816467285156,0.0,0.0,0.0,0.0,0.732269287109375,26.155027389526367,0.0,0.0,0.0,0.0,0.6897964477539062,25.25533390045166,0.0,0.0,0.0,0.0,0.71539306640625,25.25632095336914,0.0,0.0,0.0,0.0,0.694610595703125,25.72555434703827,0.0,0.0,0.0,0.0,0.7588415145874023,26.63085901737213,0.0,0.0,0.0,0.0,0.7377829551696777,27.08482837677002,0.0,0.0,0.0,0.0,0.7822775840759277,26.78620797395706,0.0,0.0,0.0,0.0,0.7789223194122314,28.23714554309845,0.0,0.0,0.0,0.0,0.8056430816650391,29.614032924175262,0.0,0.0,0.0,0.0
65,hallucinated,41,0.9101181030273438,25.32548302412033,0.0,0.0,0.0,0.0,0.6387596130371094,23.010269165039062,0.0,0.0,0.0,0.0,0.8605422973632812,24.040271759033203,0.07128143310546875,1.4242976903915405,0.8614044189453125,0.9326858520507812,0.8638458251953125,24.232421875,0.0558319091796875,1.2797927856445312,0.867034912109375,0.9228668212890625,0.85247802734375,24.320011138916016,0.0,0.0,0.0,0.0,0.8486328125,24.450603485107422,0.0,0.0,0.0,0.0,0.8271713256835938,25.056053161621094,0.0,0.0,0.0,0.0,0.74639892578125,25.378040313720703,0.0,0.0,0.0,0.0,0.7602729797363281,25.68252182006836,0.0,0.0,0.0,0.0,0.7277030944824219,25.271129608154297,0.0,0.0,0.0,0.0,0.7878875732421875,27.068872451782227,0.0,0.0,0.0,0.0,0.8300762176513672,26.14174461364746,0.0,0.0,0.0,0.0,0.7633552551269531,25.7105712890625,0.0,0.0,0.0,0.0,0.8061752319335938,27.39886474609375,0.0,0.0,0.0,0.0,0.8043899536132812,25.78662657737732,0.0,0.0,0.0,0.0,0.8053131103515625,26.172618508338928,0.0,0.0,0.0,0.0,0.7822480201721191,26.006781101226807,0.0,0.0,0.0,0.0,0.806610107421875,26.744945526123047,0.0,0.0,0.0,0.0,0.804473876953125,25.93315887451172,0.0,0.0,0.0,0.0,0.8089526891708374,26.331203818321228,0.0,0.0,0.0,0.0,0.752532958984375,25.07706642150879,0.0,0.0,0.0,0.0,0.745208740234375,24.48401641845703,0.0,0.0,0.0,0.0,0.7315444946289062,24.118614196777344,0.0,0.0,0.0,0.0,0.732269287109375,24.676025390625,0.0,0.0,0.0,0.0,0.6897964477539062,24.05283612012863,0.0,0.0,0.0,0.0,0.71539306640625,23.911394119262695,0.0,0.0,0.0,0.0,0.694610595703125,24.213375687599182,0.0,0.0,0.0,0.0,0.7588415145874023,25.069651007652283,0.0,0.0,0.0,0.0,0.7379050254821777,25.61953115463257,0.0,0.0,0.0,0.0,0.7822775840759277,25.150693893432617,0.0,0.0,0.0,0.0,0.7725106477737427,26.4725524187088,0.0,0.0,0.0,0.0,0.8061569929122925,28.10839056968689,0.0,0.0,0.0,0.0
66,grounded,44,0.9127178192138672,27.25569921731949,0.0,0.0,0.0,0.0,0.6367912292480469,24.836124420166016,0.0,0.0,0.0,0.0,0.8668365478515625,25.782073974609375,0.06523895263671875,1.473793625831604,0.8674468994140625,0.9326858520507812,0.8654632568359375,26.312652587890625,0.0572509765625,1.3955764770507812,0.8656158447265625,0.9228668212890625,0.85247802734375,26.224105834960938,0.0,0.0,0.0,0.0,0.8486328125,26.535133361816406,0.0,0.0,0.0,0.0,0.8271713256835938,27.040283203125,0.0,0.0,0.0,0.0,0.8024177551269531,28.33061408996582,0.0,0.0,0.0,0.0,0.7602729797363281,27.856618881225586,0.0,0.0,0.0,0.0,0.7440185546875,27.41155242919922,0.0,0.0,0.0,0.0,0.780792236328125,29.049875259399414,0.0,0.0,0.0,0.0,0.8097152709960938,28.64830207824707,0.0,0.0,0.0,0.0,0.7807598114013672,28.19974422454834,0.0,0.0,0.0,0.0,0.8093814849853516,29.56789207458496,0.0,0.0,0.0,0.0,0.8043899536132812,28.336684226989746,0.0,0.0,0.0,0.0,0.8083095550537109,28.56181526184082,0.0,0.0,0.0,0.0,0.8396759033203125,28.311774730682373,0.0,0.0,0.0,0.0,0.806610107421875,29.04348373413086,0.0,0.0,0.0,0.0,0.804473876953125,28.331884384155273,0.0,0.0,0.0,0.0,0.8089526891708374,28.207630515098572,0.0,0.0,0.0,0.0,0.752532958984375,27.14181137084961,0.0,0.0,0.0,0.0,0.745208740234375,26.44800567626953,0.0,0.0,0.0,0.0,0.7315444946289062,26.286540985107422,0.0,0.0,0.0,0.0,0.732269287109375,26.74394416809082,0.0,0.0,0.0,0.0,0.6897964477539062,25.772010803222656,0.0,0.0,0.0,0.0,0.71539306640625,25.80938720703125,0.0,0.0,0.0,0.0,0.694610595703125,26.31900119781494,0.0,0.0,0.0,0.0,0.7588415145874023,26.91357707977295,0.0,0.0,0.0,0.0,0.71917724609375,27.634361267089844,0.0,0.0,0.0,0.0,0.7822775840759277,27.185061931610107,0.0,0.0,0.0,0.0,0.8020055294036865,28.830637574195862,0.0,0.0,0.0,0.0,0.799086332321167,30.36198627948761,0.0,0.0,0.0,0.0
66,hallucinated,36,0.8997840881347656,21.943696916103363,0.0,0.0,0.0,0.0,0.6367912292480469,20.06817626953125,0.0,0.0,0.0,0.0,0.8674468994140625,20.829025268554688,0.05323028564453125,1.1127134561538696,0.87945556640625,0.9326858520507812,0.868682861328125,21.22808837890625,0.0531463623046875,1.0532150268554688,0.869720458984375,0.9228668212890625,0.85247802734375,21.152481079101562,0.0,0.0,0.0,0.0,0.8486328125,21.28075408935547,0.0,0.0,0.0,0.0,0.8271713256835938,21.864669799804688,0.0,0.0,0.0,0.0,0.7652835845947266,22.43858528137207,0.0,0.0,0.0,0.0,0.7602729797363281,22.37290382385254,0.0,0.0,0.0,0.0,0.714080810546875,21.841033935546875,0.0,0.0,0.0,0.0,0.7676486968994141,23.18217658996582,0.0,0.0,0.0,0.0,0.8244171142578125,22.76885986328125,0.0,0.0,0.0,0.0,0.7590179443359375,22.442026138305664,0.0,0.0,0.0,0.0,0.8089065551757812,23.728153228759766,0.0,0.0,0.0,0.0,0.8043899536132812,22.458949089050293,0.0,0.0,0.0,0.0,0.8083667755126953,22.794367790222168,0.0,0.0,0.0,0.0,0.8281822204589844,23.080251216888428,0.0,0.0,0.0,0.0,0.806610107421875,23.388282299041748,0.0,0.0,0.0,0.0,0.804473876953125,22.950593948364258,0.0,0.0,0.0,0.0,0.8089526891708374,22.881779074668884,0.0,0.0,0.0,0.0,0.752532958984375,21.95883846282959,0.0,0.0,0.0,0.0,0.745208740234375,21.540000915527344,0.0,0.0,0.0,0.0,0.7315444946289062,21.24083709716797,0.0,0.0,0.0,0.0,0.732269287109375,21.54003143310547,0.0,0.0,0.0,0.0,0.6897964477539062,21.00598907470703,0.0,0.0,0.0,0.0,0.71539306640625,20.98375701904297,0.0,0.0,0.0,0.0,0.694610595703125,21.207759857177734,0.0,0.0,0.0,0.0,0.7588415145874023,21.73427963256836,0.0,0.0,0.0,0.0,0.71917724609375,22.310346603393555,0.0,0.0,0.0,0.0,0.7822775840759277,21.682210445404053,0.0,0.0,0.0,0.0,0.7559165954589844,22.942477226257324,0.0,0.0,0.0,0.0,0.7977300882339478,24.32690739631653,0.0,0.0,0.0,0.0
67,grounded,30,0.8871917724609375,18.068622529506683,0.0,0.0,0.0,0.0,0.6369094848632812,16.63608169555664,0.0,0.0,0.0,0.0,0.8654022216796875,17.167823791503906,0.0577392578125,0.9089922904968262,0.8751068115234375,0.9328460693359375,0.8697967529296875,17.436309814453125,0.052520751953125,0.8288688659667969,0.870361328125,0.922882080078125,0.8529586791992188,17.31452178955078,0.0,0.0,0.0,0.0,0.8491973876953125,17.3992919921875,0.0,0.0,0.0,0.0,0.826873779296875,17.94310760498047,0.0,0.0,0.0,0.0,0.7441482543945312,18.22501564025879,0.0,0.0,0.0,0.0,0.7604351043701172,18.50918197631836,0.0,0.0,0.0,0.0,0.7226486206054688,17.998001098632812,0.0,0.0,0.0,0.0,0.7666435241699219,18.759857177734375,0.0,0.0,0.0,0.0,0.8277711868286133,18.690152168273926,0.0,0.0,0.0,0.0,0.754180908203125,18.30807113647461,0.0,0.0,0.0,0.0,0.8040771484375,18.986984252929688,0.0,0.0,0.0,0.0,0.8018264770507812,18.481526136398315,0.0,0.0,0.0,0.0,0.8014717102050781,18.863122940063477,0.0,0.0,0.0,0.0,0.7635040283203125,18.687018394470215,0.0,0.0,0.0,0.0,0.8057937622070312,18.969947814941406,0.0,0.0,0.0,0.0,0.7920379638671875,18.73024272918701,0.0,0.0,0.0,0.0,0.8084371089935303,19.022645711898804,0.0,0.0,0.0,0.0,0.752960205078125,17.919361114501953,0.0,0.0,0.0,0.0,0.74493408203125,17.56373405456543,0.0,0.0,0.0,0.0,0.7316436767578125,17.693321228027344,0.0,0.0,0.0,0.0,0.7320938110351562,17.737045288085938,0.0,0.0,0.0,0.0,0.6897659301757812,17.286460876464844,0.0,0.0,0.0,0.0,0.7156257629394531,17.46800994873047,0.0,0.0,0.0,0.0,0.6943359375,17.654186248779297,0.0,0.0,0.0,0.0,0.7588987350463867,18.140451908111572,0.0,0.0,0.0,0.0,0.719512939453125,18.564857482910156,0.0,0.0,0.0,0.0,0.7820165157318115,18.202577352523804,0.0,0.0,0.0,0.0,0.7463741302490234,19.154563426971436,0.0,0.0,0.0,0.0,0.7919902801513672,20.538744926452637,0.0,0.0,0.0,0.0
67,hallucinated,29,0.8852348327636719,17.43395608663559,0.0,0.0,0.0,0.0,0.6369094848632812,16.049427032470703,0.0,0.0,0.0,0.0,0.8654022216796875,16.564491271972656,0.0595245361328125,0.8745226860046387,0.873321533203125,0.9328460693359375,0.8697967529296875,16.798660278320312,0.052520751953125,0.7856674194335938,0.870361328125,0.922882080078125,0.8529586791992188,16.707923889160156,0.0,0.0,0.0,0.0,0.8491973876953125,16.808822631835938,0.0,0.0,0.0,0.0,0.826873779296875,17.317466735839844,0.0,0.0,0.0,0.0,0.7441482543945312,17.620569229125977,0.0,0.0,0.0,0.0,0.7604351043701172,17.841243743896484,0.0,0.0,0.0,0.0,0.7161521911621094,17.375755310058594,0.0,0.0,0.0,0.0,0.7666435241699219,18.05162811279297,0.0,0.0,0.0,0.0,0.8237838745117188,18.113418579101562,0.0,0.0,0.0,0.0,0.754180908203125,17.652088165283203,0.0,0.0,0.0,0.0,0.8040771484375,18.47380828857422,0.0,0.0,0.0,0.0,0.8018264770507812,17.865288496017456,0.0,0.0,0.0,0.0,0.8014717102050781,18.174711227416992,0.0,0.0,0.0,0.0,0.7635040283203125,17.97391414642334,0.0,0.0,0.0,0.0,0.8057937622070312,18.294212341308594,0.0,0.0,0.0,0.0,0.7920379638671875,17.955055236816406,0.0,0.0,0.0,0.0,0.8084371089935303,18.35293936729431,0.0,0.0,0.0,0.0,0.752960205078125,17.320817947387695,0.0,0.0,0.0,0.0,0.74493408203125,16.996767044067383,0.0,0.0,0.0,0.0,0.7316436767578125,17.042312622070312,0.0,0.0,0.0,0.0,0.7320938110351562,17.12879180908203,0.0,0.0,0.0,0.0,0.6897659301757812,16.662212371826172,0.0,0.0,0.0,0.0,0.7156257629394531,16.819841384887695,0.0,0.0,0.0,0.0,0.6943359375,16.95555305480957,0.0,0.0,0.0,0.0,0.7588987350463867,17.343969702720642,0.0,0.0,0.0,0.0,0.719512939453125,17.871280670166016,0.0,0.0,0.0,0.0,0.7820165157318115,17.546531438827515,0.0,0.0,0.0,0.0,0.7463741302490234,18.395551204681396,0.0,0.0,0.0,0.0,0.7919902801513672,19.708404541015625,0.0,0.0,0.0,0.0
68,grounded,45,0.9159984588623047,27.953968822956085,0.0,0.0,0.0,0.0,0.6374435424804688,25.401657104492188,0.0,0.0,0.0,0.0,0.8609161376953125,26.372791290283203,0.06267547607421875,1.4909998178482056,0.8700103759765625,0.9326858520507812,0.861297607421875,26.672088623046875,0.0575103759765625,1.460845947265625,0.8653564453125,0.9228668212890625,0.85247802734375,26.658313751220703,0.0,0.0,0.0,0.0,0.8486328125,26.845138549804688,0.0,0.0,0.0,0.0,0.8271713256835938,27.596946716308594,0.0,0.0,0.0,0.0,0.7602615356445312,28.473094940185547,0.0,0.0,0.0,0.0,0.7602729797363281,28.68747329711914,0.0,0.0,0.0,0.0,0.7412643432617188,28.048921585083008,0.0,0.0,0.0,0.0,0.7868804931640625,29.744714736938477,0.0,0.0,0.0,0.0,0.82147216796875,29.333032608032227,0.0008449554443359375,0.0008449554443359375,0.8292312622070312,0.8300762176513672,0.7803802490234375,28.950730323791504,0.0,0.0,0.0,0.0,0.8061752319335938,30.16637659072876,0.0,0.0,0.0,0.0,0.8043899536132812,28.818241834640503,0.0,0.0,0.0,0.0,0.8053131103515625,29.037102222442627,0.0,0.0,0.0,0.0,0.7910003662109375,29.07563352584839,0.0,0.0,0.0,0.0,0.806610107421875,29.496703147888184,0.0,0.0,0.0,0.0,0.804473876953125,28.999052047729492,0.0,0.0,0.0,0.0,0.8089526891708374,28.978669464588165,0.0,0.0,0.0,0.0,0.752532958984375,27.912385940551758,0.0,0.0,0.0,0.0,0.745208740234375,27.071250915527344,0.0,0.0,0.0,0.0,0.7315444946289062,26.863731384277344,0.0,0.0,0.0,0.0,0.732269287109375,27.516334533691406,0.0,0.0,0.0,0.0,0.6897964477539062,26.62347412109375,0.0,0.0,0.0,0.0,0.71539306640625,26.514034271240234,0.0,0.0,0.0,0.0,0.694610595703125,26.955718994140625,0.0,0.0,0.0,0.0,0.7588415145874023,27.757183074951172,0.0,0.0,0.0,0.0,0.71917724609375,28.368350982666016,0.0,0.0,0.0,0.0,0.7822775840759277,27.513719081878662,0.0,0.0,0.0,0.0,0.7496709823608398,29.214821815490723,0.0,0.0,0.0,0.0,0.7927587032318115,30.775048434734344,0.0,0.0,0.0,0.0
68,hallucinated,41,0.910400390625,25.30541056394577,0.0,0.0,0.0,0.0,0.6374435424804688,23.139307498931885,0.0,0.0,0.0,0.0,0.8700103759765625,24.005329132080078,0.05323028564453125,1.334398865699768,0.87945556640625,0.9326858520507812,0.8653564453125,24.202713012695312,0.05401611328125,1.286224365234375,0.8688507080078125,0.9228668212890625,0.85247802734375,24.26156997680664,0.0,0.0,0.0,0.0,0.8486328125,24.481229782104492,0.0,0.0,0.0,0.0,0.8271713256835938,25.11949920654297,0.0,0.0,0.0,0.0,0.7775421142578125,25.881763458251953,0.0,0.0,0.0,0.0,0.7602729797363281,25.940956115722656,0.0,0.0,0.0,0.0,0.7192840576171875,25.24778938293457,0.0,0.0,0.0,0.0,0.7676486968994141,26.632875442504883,0.0,0.0,0.0,0.0,0.82147216796875,26.346660614013672,0.0,0.0,0.0,0.0,0.75616455078125,25.985379219055176,0.0,0.0,0.0,0.0,0.8160018920898438,27.476805210113525,0.0,0.0,0.0,0.0,0.8043899536132812,26.20792555809021,0.0,0.0,0.0,0.0,0.8053131103515625,26.316535472869873,0.0,0.0,0.0,0.0,0.7910003662109375,26.57649850845337,0.03076934814453125,0.03557586669921875,0.8089065551757812,0.8396759033203125,0.806610107421875,26.90610408782959,0.0,0.0,0.0,0.0,0.804473876953125,26.42926025390625,0.0,0.0,0.0,0.0,0.8089526891708374,26.60428559780121,0.0,0.0,0.0,0.0,0.752532958984375,25.356494903564453,0.0,0.0,0.0,0.0,0.745208740234375,24.521512985229492,0.0,0.0,0.0,0.0,0.7315444946289062,24.31189727783203,0.0,0.0,0.0,0.0,0.732269287109375,24.820138931274414,0.0,0.0,0.0,0.0,0.6897964477539062,24.230093002319336,0.0,0.0,0.0,0.0,0.71539306640625,23.977628707885742,0.0,0.0,0.0,0.0,0.694610595703125,24.309326171875,0.0,0.0,0.0,0.0,0.7588415145874023,24.992977142333984,0.0,0.0,0.0,0.0,0.71917724609375,25.721534729003906,0.0,0.0,0.0,0.0,0.7822775840759277,24.667880535125732,0.0,0.0,0.0,0.0,0.7292861938476562,26.355030059814453,0.0,0.0,0.0,0.0,0.7925529479980469,27.835487365722656,0.0,0.0,0.0,0.0
69,grounded,37,0.9043445587158203,22.652251183986664,0.0,0.0,0.0,0.0,0.6379776000976562,20.74850845336914,0.0,0.0,0.0,0.0,0.865875244140625,21.524112701416016,0.06320953369140625,1.225461721420288,0.869476318359375,0.9326858520507812,0.864044189453125,21.849517822265625,0.052581787109375,1.0853118896484375,0.8702850341796875,0.9228668212890625,0.85247802734375,21.603981018066406,0.0,0.0,0.0,0.0,0.8486328125,21.961181640625,0.0,0.0,0.0,0.0,0.8271713256835938,22.298458099365234,0.0,0.0,0.0,0.0,0.7598495483398438,22.763259887695312,0.0,0.0,0.0,0.0,0.7602729797363281,23.104097366333008,0.0,0.0,0.0,0.0,0.7133941650390625,22.614913940429688,0.0,0.0,0.0,0.0,0.768463134765625,23.67905616760254,0.0,0.0,0.0,0.0,0.8260498046875,23.355762481689453,0.0,0.0,0.0,0.0,0.75616455078125,23.014738082885742,0.0,0.0,0.0,0.0,0.8061752319335938,24.366268157958984,0.0,0.0,0.0,0.0,0.8043899536132812,23.22634220123291,0.0,0.0,0.0,0.0,0.8012542724609375,23.485000610351562,0.0,0.0,0.0,0.0,0.7625231742858887,23.036242961883545,0.0,0.0,0.0,0.0,0.806610107421875,23.729477882385254,0.0,0.0,0.0,0.0,0.804473876953125,23.30150604248047,0.0,0.0,0.0,0.0,0.8089526891708374,23.648685812950134,0.0,0.0,0.0,0.0,0.752532958984375,22.203216552734375,0.0,0.0,0.0,0.0,0.745208740234375,21.955608367919922,0.0,0.0,0.0,0.0,0.7315444946289062,21.6719970703125,0.0,0.0,0.0,0.0,0.732269287109375,22.250946044921875,0.0,0.0,0.0,0.0,0.6897964477539062,21.667180061340332,0.0,0.0,0.0,0.0,0.71539306640625,21.694252014160156,0.0,0.0,0.0,0.0,0.694610595703125,21.924863815307617,0.0,0.0,0.0,0.0,0.7588415145874023,22.49603271484375,0.0,0.0,0.0,0.0,0.71917724609375,22.863935470581055,0.0,0.0,0.0,0.0,0.7822775840759277,22.438471794128418,0.0,0.0,0.0,0.0,0.7761993408203125,23.720927238464355,0.0,0.0,0.0,0.0,0.7979111671447754,25.14969491958618,0.0,0.0,0.0,0.0
69,hallucinated,36,0.9028892517089844,22.029464423656464,0.0,0.0,0.0,0.0,0.6379776000976562,20.125537872314453,0.0,0.0,0.0,0.0,0.865875244140625,20.94094467163086,0.06320953369140625,1.1939141750335693,0.869476318359375,0.9326858520507812,0.864044189453125,21.27789306640625,0.052581787109375,1.0508041381835938,0.8702850341796875,0.9228668212890625,0.85247802734375,21.099891662597656,0.0,0.0,0.0,0.0,0.8486328125,21.338760375976562,0.0,0.0,0.0,0.0,0.8271713256835938,21.753978729248047,0.0,0.0,0.0,0.0,0.7587890625,22.20130157470703,0.0,0.0,0.0,0.0,0.7602729797363281,22.460237503051758,0.0,0.0,0.0,0.0,0.7133941650390625,21.975975036621094,0.0,0.0,0.0,0.0,0.7724838256835938,22.93333625793457,0.0,0.0,0.0,0.0,0.8300762176513672,22.697603225708008,0.0,0.0,0.0,0.0,0.75616455078125,22.380258560180664,0.0,0.0,0.0,0.0,0.8061752319335938,23.71688461303711,0.0,0.0,0.0,0.0,0.8043899536132812,22.453858375549316,0.0,0.0,0.0,0.0,0.8053131103515625,22.714447021484375,0.0,0.0,0.0,0.0,0.8396759033203125,22.856462001800537,0.0,0.0,0.0,0.0,0.806610107421875,23.16958522796631,0.0,0.0,0.0,0.0,0.804473876953125,22.80919647216797,0.0,0.0,0.0,0.0,0.8089526891708374,23.162357687950134,0.0,0.0,0.0,0.0,0.752532958984375,21.53582763671875,0.0,0.0,0.0,0.0,0.745208740234375,21.265544891357422,0.0,0.0,0.0,0.0,0.7315444946289062,21.10808563232422,0.0,0.0,0.0,0.0,0.732269287109375,21.713960647583008,0.0,0.0,0.0,0.0,0.6897964477539062,21.192532539367676,0.0,0.0,0.0,0.0,0.71539306640625,21.143875122070312,0.0,0.0,0.0,0.0,0.694610595703125,21.270774841308594,0.0,0.0,0.0,0.0,0.7588415145874023,21.945725440979004,0.0,0.0,0.0,0.0,0.7285537719726562,22.396259307861328,0.0,0.0,0.0,0.0,0.7822775840759277,21.849249362945557,0.0,0.0,0.0,0.0,0.7761993408203125,23.01103401184082,0.0,0.0,0.0,0.0,0.7979111671447754,24.428981840610504,0.0,0.0,0.0,0.0
70,grounded,35,0.8990535736083984,21.324898183345795,0.0,0.0,0.0,0.0,0.6385307312011719,19.519786834716797,0.0,0.0,0.0,0.0,0.8764190673828125,20.192001342773438,0.05558013916015625,1.1306039094924927,0.877197265625,0.9327774047851562,0.86566162109375,20.55999755859375,0.055419921875,1.006134033203125,0.8675689697265625,0.9229888916015625,0.8525238037109375,20.379589080810547,0.0,0.0,0.0,0.0,0.848602294921875,20.461334228515625,0.0,0.0,0.0,0.0,0.8268585205078125,21.154918670654297,0.0,0.0,0.0,0.0,0.764678955078125,21.210147857666016,0.0,0.0,0.0,0.0,0.7601947784423828,21.801608085632324,0.0,0.0,0.0,0.0,0.7402839660644531,21.32709503173828,0.0,0.0,0.0,0.0,0.7681903839111328,22.0692081451416,0.0,0.0,0.0,0.0,0.8303365707397461,21.826600074768066,0.0,0.0,0.0,0.0,0.7569427490234375,21.373363494873047,0.0,0.0,0.0,0.0,0.8065032958984375,22.610658168792725,0.0,0.0,0.0,0.0,0.8048553466796875,21.594308853149414,0.0,0.0,0.0,0.0,0.8058929443359375,21.913713455200195,0.0,0.0,0.0,0.0,0.8112219572067261,22.081054091453552,0.0433502197265625,0.1043853759765625,0.7968902587890625,0.840240478515625,0.8072013854980469,22.23337686061859,0.0,0.0,0.0,0.0,0.80548095703125,22.120896816253662,0.0,0.0,0.0,0.0,0.8093174695968628,22.275773882865906,0.0,0.0,0.0,0.0,0.752777099609375,21.010990142822266,0.0,0.0,0.0,0.0,0.7450408935546875,20.329856872558594,0.0,0.0,0.0,0.0,0.7321548461914062,20.356159210205078,0.0,0.0,0.0,0.0,0.7318572998046875,20.742404460906982,0.0,0.0,0.0,0.0,0.6894340515136719,20.087688446044922,0.0,0.0,0.0,0.0,0.71490478515625,20.254244804382324,0.0,0.0,0.0,0.0,0.694732666015625,20.520882606506348,0.0,0.0,0.0,0.0,0.7586355209350586,21.156832695007324,0.0,0.0,0.0,0.0,0.7410564422607422,21.585498809814453,0.0,0.0,0.0,0.0,0.7819626331329346,21.276630640029907,0.0,0.0,0.0,0.0,0.727752685546875,22.112131118774414,0.0,0.0,0.0,0.0,0.799872875213623,23.466332376003265,0.0,0.0,0.0,0.0
70,hallucinated,46,0.91766357421875,28.465509712696075,0.0,0.0,0.0,0.0,0.6387519836425781,26.00711441040039,0.0,0.0,0.0,0.0,0.8758392333984375,26.98027801513672,0.05631256103515625,1.5364691019058228,0.876373291015625,0.9326858520507812,0.86505126953125,27.4215087890625,0.056182861328125,1.4536285400390625,0.8666839599609375,0.9228668212890625,0.85247802734375,27.260009765625,0.0,0.0,0.0,0.0,0.8486328125,27.47663116455078,0.0,0.0,0.0,0.0,0.8271713256835938,28.098609924316406,0.0,0.0,0.0,0.0,0.76654052734375,28.875476837158203,0.0,0.0,0.0,0.0,0.7602729797363281,29.518853187561035,0.0,0.0,0.0,0.0,0.784271240234375,29.38271713256836,0.0,0.0,0.0,0.0,0.7973861694335938,30.23017692565918,0.0,0.0,0.0,0.0,0.7907562255859375,29.536441802978516,0.0002880096435546875,0.0002880096435546875,0.8297882080078125,0.8300762176513672,0.7775726318359375,29.530792236328125,0.0,0.0,0.0,0.0,0.8364791870117188,31.072834491729736,0.0,0.0,0.0,0.0,0.777918815612793,29.58088779449463,0.008205413818359375,0.008205413818359375,0.7961845397949219,0.8043899536132812,0.7990188598632812,29.78435516357422,0.0021209716796875,0.0021209716796875,0.803192138671875,0.8053131103515625,0.8101378679275513,29.92312729358673,0.0666961669921875,0.2564239501953125,0.772979736328125,0.8396759033203125,0.806610107421875,30.082454085350037,0.0,0.0,0.0,0.0,0.804473876953125,29.894570350646973,0.0,0.0,0.0,0.0,0.8089526891708374,30.539063334465027,0.0,0.0,0.0,0.0,0.752532958984375,28.577031016349792,0.0,0.0,0.0,0.0,0.745208740234375,27.4627103805542,0.0,0.0,0.0,0.0,0.7315444946289062,27.119712829589844,0.0,0.0,0.0,0.0,0.732269287109375,27.729312896728516,0.0,0.0,0.0,0.0,0.6897964477539062,26.717636108398438,0.0,0.0,0.0,0.0,0.71539306640625,26.831947326660156,0.0,0.0,0.0,0.0,0.7000885009765625,27.512263774871826,0.0,0.0,0.0,0.0,0.7588415145874023,28.32242387533188,0.0,0.0,0.0,0.0,0.7408218383789062,28.82629656791687,0.0,0.0,0.0,0.0,0.7822775840759277,28.54133939743042,0.0,0.0,0.0,0.0,0.7613153457641602,29.782307147979736,0.0,0.0,0.0,0.0,0.8005383014678955,31.473823726177216,0.0,0.0,0.0,0.0
71,grounded,41,0.9086189270019531,25.161265790462494,0.0,0.0,0.0,0.0,0.6381034851074219,23.002897262573242,0.0,0.0,0.0,0.0,0.8660125732421875,23.926761627197266,0.06064605712890625,1.413292646408081,0.872039794921875,0.9326858520507812,0.8640594482421875,24.429244995117188,0.05322265625,1.2596664428710938,0.8696441650390625,0.9228668212890625,0.85247802734375,24.341575622558594,0.0,0.0,0.0,0.0,0.8486328125,24.315654754638672,0.0,0.0,0.0,0.0,0.8271713256835938,25.334346771240234,0.0,0.0,0.0,0.0,0.7934989929199219,25.493614196777344,0.0,0.0,0.0,0.0,0.7776126861572266,25.810972213745117,0.0,0.0,0.0,0.0,0.7561664581298828,25.312583923339844,0.0,0.0,0.0,0.0,0.7697067260742188,26.82834815979004,0.0,0.0,0.0,0.0,0.8300762176513672,26.063114166259766,0.0,0.0,0.0,0.0,0.756683349609375,25.620956420898438,0.0,0.0,0.0,0.0,0.8479509353637695,27.327299118041992,0.0,0.0,0.0,0.0,0.8043899536132812,25.784253358840942,0.0,0.0,0.0,0.0,0.832463264465332,26.168150901794434,0.0,0.0,0.0,0.0,0.8396759033203125,26.071145057678223,0.0,0.0,0.0,0.0,0.806610107421875,26.472929000854492,0.0,0.0,0.0,0.0,0.804473876953125,26.213540077209473,0.0,0.0,0.0,0.0,0.8267850875854492,26.558111548423767,0.0,0.0,0.0,0.0,0.752532958984375,25.171232223510742,0.0,0.0,0.0,0.0,0.745208740234375,24.25061798095703,0.0,0.0,0.0,0.0,0.7315444946289062,24.283752918243408,0.0,0.0,0.0,0.0,0.732269287109375,24.80074644088745,0.0,0.0,0.0,0.0,0.6897964477539062,23.994004607200623,0.0,0.0,0.0,0.0,0.71539306640625,24.137139797210693,0.0,0.0,0.0,0.0,0.694610595703125,24.249723434448242,0.0,0.0,0.0,0.0,0.7588415145874023,25.120827436447144,0.0,0.0,0.0,0.0,0.72735595703125,25.851765632629395,0.0,0.0,0.0,0.0,0.7822775840759277,25.248295783996582,0.0,0.0,0.0,0.0,0.7610340118408203,26.281699180603027,0.0,0.0,0.0,0.0,0.8091983795166016,27.932886838912964,0.0,0.0,0.0,0.0
71,hallucinated,43,0.912750244140625,26.47561627626419,0.0,0.0,0.0,0.0,0.6381034851074219,24.147062301635742,0.0,0.0,0.0,0.0,0.8660125732421875,25.15152359008789,0.05945587158203125,1.4672553539276123,0.87322998046875,0.9326858520507812,0.8640594482421875,25.635940551757812,0.05352783203125,1.35150146484375,0.8693389892578125,0.9228668212890625,0.85247802734375,25.57146453857422,0.0,0.0,0.0,0.0,0.8486328125,25.611656188964844,0.0,0.0,0.0,0.0,0.8271713256835938,26.705364227294922,0.0,0.0,0.0,0.0,0.7934989929199219,27.047393798828125,0.0,0.0,0.0,0.0,0.7776126861572266,27.381410598754883,0.0,0.0,0.0,0.0,0.7580375671386719,26.978734016418457,0.0,0.0,0.0,0.0,0.7697067260742188,28.54081153869629,0.0,0.0,0.0,0.0,0.8300762176513672,27.753671646118164,0.0,0.0,0.0,0.0,0.7869377136230469,27.33624267578125,0.0,0.0,0.0,0.0,0.8704891204833984,29.377410888671875,0.0,0.0,0.0,0.0,0.8043899536132812,27.410991430282593,0.0,0.0,0.0,0.0,0.8327846527099609,27.702619552612305,0.0,0.0,0.0,0.0,0.8290743827819824,27.867817401885986,0.0,0.0,0.0,0.0,0.806610107421875,28.022262573242188,0.0,0.0,0.0,0.0,0.804473876953125,27.66234588623047,0.0,0.0,0.0,0.0,0.8089526891708374,28.204877257347107,0.0,0.0,0.0,0.0,0.752532958984375,26.620525360107422,0.0,0.0,0.0,0.0,0.745208740234375,25.745880126953125,0.0,0.0,0.0,0.0,0.7315444946289062,25.63188409805298,0.0,0.0,0.0,0.0,0.732269287109375,26.058990478515625,0.0,0.0,0.0,0.0,0.6897964477539062,25.212739169597626,0.0,0.0,0.0,0.0,0.71539306640625,25.294065952301025,0.0,0.0,0.0,0.0,0.694610595703125,25.580299377441406,0.0,0.0,0.0,0.0,0.7588415145874023,26.443114757537842,0.0,0.0,0.0,0.0,0.7271480560302734,27.14859104156494,0.0,0.0,0.0,0.0,0.7822775840759277,26.62021541595459,0.0,0.0,0.0,0.0,0.7604389190673828,27.658899307250977,0.0,0.0,0.0,0.0,0.8079602718353271,29.370617151260376,0.0,0.0,0.0,0.0
72,grounded,40,0.9061088562011719,24.499525547027588,0.0,0.0,0.0,0.0,0.6373100280761719,22.49224090576172,0.0,0.0,0.0,0.0,0.8715667724609375,23.38507843017578,0.05890655517578125,1.3435688018798828,0.873779296875,0.9326858520507812,0.8649444580078125,23.757217407226562,0.0568389892578125,1.218902587890625,0.86602783203125,0.9228668212890625,0.85247802734375,23.70305633544922,0.0,0.0,0.0,0.0,0.8486328125,24.297073364257812,0.0,0.0,0.0,0.0,0.8271713256835938,24.55984878540039,0.0,0.0,0.0,0.0,0.7864913940429688,25.2537899017334,0.0,0.0,0.0,0.0,0.767939567565918,25.476806640625,0.0,0.0,0.0,0.0,0.7840995788574219,25.09455394744873,0.0,0.0,0.0,0.0,0.7791061401367188,26.029695510864258,0.0,0.0,0.0,0.0,0.7677764892578125,25.53484344482422,0.0,0.0,0.0,0.0,0.7681961059570312,25.167131423950195,0.0,0.0,0.0,0.0,0.8068675994873047,26.463781356811523,0.0,0.0,0.0,0.0,0.8043899536132812,25.554840445518494,0.0,0.0,0.0,0.0,0.8184604644775391,25.795051097869873,0.0077972412109375,0.0077972412109375,0.797515869140625,0.8053131103515625,0.802609920501709,25.9207444190979,0.0753173828125,0.20338058471679688,0.7643585205078125,0.8396759033203125,0.806610107421875,25.94273567199707,0.0,0.0,0.0,0.0,0.804473876953125,25.410688400268555,0.0,0.0,0.0,0.0,0.7995681762695312,26.130207061767578,0.0,0.0,0.0,0.0,0.7550201416015625,24.777341842651367,0.0,0.0,0.0,0.0,0.745208740234375,23.825695037841797,0.0,0.0,0.0,0.0,0.7315444946289062,23.827238082885742,0.0,0.0,0.0,0.0,0.732269287109375,24.154468536376953,0.0,0.0,0.0,0.0,0.6897964477539062,23.864521503448486,0.0,0.0,0.0,0.0,0.71539306640625,23.825203895568848,0.0,0.0,0.0,0.0,0.694610595703125,24.027368545532227,0.0,0.0,0.0,0.0,0.7588415145874023,24.676334857940674,0.0,0.0,0.0,0.0,0.71917724609375,25.128952026367188,0.0,0.0,0.0,0.0,0.7822775840759277,24.71965456008911,0.0,0.0,0.0,0.0,0.7666168212890625,25.846824169158936,0.0,0.0,0.0,0.0,0.8119668960571289,27.68356418609619,0.0,0.0,0.0,0.0
72,hallucinated,46,0.9175434112548828,28.49551409482956,0.0,0.0,0.0,0.0,0.6373100280761719,25.952880859375,0.0,0.0,0.0,0.0,0.873779296875,27.00330352783203,0.05715179443359375,1.5903644561767578,0.8755340576171875,0.9326858520507812,0.86602783203125,27.65355682373047,0.05419921875,1.4330947399139404,0.8686676025390625,0.9228668212890625,0.85247802734375,27.414161682128906,0.0,0.0,0.0,0.0,0.8486328125,28.215057373046875,0.0,0.0,0.0,0.0,0.8271713256835938,28.454853057861328,0.0,0.0,0.0,0.0,0.7896652221679688,29.480342864990234,0.0,0.0,0.0,0.0,0.7682552337646484,29.759621620178223,0.0,0.0,0.0,0.0,0.7841987609863281,29.678889274597168,0.0,0.0,0.0,0.0,0.8174018859863281,30.94154167175293,0.0,0.0,0.0,0.0,0.759490966796875,30.07310676574707,0.04968833923339844,0.08930206298828125,0.7803878784179688,0.8300762176513672,0.777252197265625,29.912848472595215,0.0,0.0,0.0,0.0,0.8604698181152344,31.85667133331299,0.0,0.0,0.0,0.0,0.793668806552887,30.36529642343521,0.01819610595703125,0.04239845275878906,0.78619384765625,0.8043899536132812,0.8185997009277344,30.45650464296341,0.0222092866897583,0.047269999980926514,0.7831038236618042,0.8053131103515625,0.8245811462402344,30.40293550491333,0.071044921875,0.2870903015136719,0.7686309814453125,0.8396759033203125,0.8017654418945312,30.471482276916504,0.0,0.0,0.0,0.0,0.7589874267578125,29.76513671875,0.0422515869140625,0.07782363891601562,0.7622222900390625,0.804473876953125,0.8089526891708374,30.64973485469818,0.0,0.0,0.0,0.0,0.752532958984375,28.88273811340332,0.0,0.0,0.0,0.0,0.745208740234375,27.815662384033203,0.0,0.0,0.0,0.0,0.7315444946289062,27.66373062133789,0.0,0.0,0.0,0.0,0.732269287109375,28.109922409057617,0.0,0.0,0.0,0.0,0.6897964477539062,27.65556764602661,0.0,0.0,0.0,0.0,0.71539306640625,27.540990829467773,0.0,0.0,0.0,0.0,0.694610595703125,27.840524196624756,0.0,0.0,0.0,0.0,0.7588415145874023,28.50028431415558,0.0,0.0,0.0,0.0,0.71917724609375,29.14754867553711,0.0,0.0,0.0,0.0,0.7822775840759277,28.47616273164749,0.0,0.0,0.0,0.0,0.7774968147277832,29.76301145553589,0.0,0.0,0.0,0.0,0.8056596517562866,31.635442435741425,0.0,0.0,0.0,0.0
73,grounded,41,0.9102668762207031,25.246398746967316,0.0,0.0,0.0,0.0,0.6387596130371094,23.06470489501953,0.0,0.0,0.0,0.0,0.872802734375,24.264312744140625,0.05527496337890625,1.3306427001953125,0.877410888671875,0.9326858520507812,0.863525390625,24.41497802734375,0.056182861328125,1.2304916381835938,0.8666839599609375,0.9228668212890625,0.85247802734375,24.417537689208984,0.0,0.0,0.0,0.0,0.8486328125,24.86589002609253,0.0,0.0,0.0,0.0,0.8271713256835938,25.641213417053223,0.0,0.0,0.0,0.0,0.7742462158203125,26.02081298828125,0.0,0.0,0.0,0.0,0.7602729797363281,26.152027130126953,0.0,0.0,0.0,0.0,0.8150224685668945,26.032401084899902,0.0,0.0,0.0,0.0,0.7876434326171875,27.102999687194824,0.0,0.0,0.0,0.0,0.8116817474365234,26.616960525512695,0.0,0.0,0.0,0.0,0.7911529541015625,26.2387752532959,0.0,0.0,0.0,0.0,0.828399658203125,27.774925231933594,0.0,0.0,0.0,0.0,0.8043899536132812,26.3793603181839,0.0,0.0,0.0,0.0,0.8053131103515625,26.741891860961914,0.0,0.0,0.0,0.0,0.8471869230270386,27.031157851219177,0.0015106201171875,0.0015106201171875,0.838165283203125,0.8396759033203125,0.806610107421875,26.91018772125244,0.0,0.0,0.0,0.0,0.804473876953125,26.80078887939453,0.0,0.0,0.0,0.0,0.8089526891708374,27.033050417900085,0.0,0.0,0.0,0.0,0.7616329193115234,25.58524513244629,0.0,0.0,0.0,0.0,0.745208740234375,24.97258949279785,0.0,0.0,0.0,0.0,0.7315444946289062,24.46933078765869,0.0,0.0,0.0,0.0,0.732269287109375,24.726499557495117,0.0,0.0,0.0,0.0,0.6897964477539062,24.219082832336426,0.0,0.0,0.0,0.0,0.71539306640625,24.36771583557129,0.0,0.0,0.0,0.0,0.6968460083007812,24.551482677459717,0.0,0.0,0.0,0.0,0.7588415145874023,25.443913459777832,0.0,0.0,0.0,0.0,0.7301597595214844,26.046377182006836,0.0,0.0,0.0,0.0,0.7822775840759277,25.312674045562744,0.0,0.0,0.0,0.0,0.7646665573120117,26.645376205444336,0.0,0.0,0.0,0.0,0.8004370927810669,28.27713704109192,0.0,0.0,0.0,0.0
73,hallucinated,41,0.9104385375976562,25.24735337495804,0.0,0.0,0.0,0.0,0.6387596130371094,23.077064514160156,0.0,0.0,0.0,0.0,0.872802734375,24.221939086914062,0.05527496337890625,1.31097412109375,0.877410888671875,0.9326858520507812,0.863525390625,24.364288330078125,0.056182861328125,1.2222137451171875,0.8666839599609375,0.9228668212890625,0.85247802734375,24.428939819335938,0.0,0.0,0.0,0.0,0.8486328125,24.832587718963623,0.0,0.0,0.0,0.0,0.8271713256835938,25.576732635498047,0.0,0.0,0.0,0.0,0.7742462158203125,25.92293930053711,0.0,0.0,0.0,0.0,0.7602729797363281,26.108814239501953,0.0,0.0,0.0,0.0,0.7948799133300781,25.9462947845459,0.0,0.0,0.0,0.0,0.7864761352539062,27.08965492248535,0.0,0.0,0.0,0.0,0.8300762176513672,26.578258514404297,0.0,0.0,0.0,0.0,0.7755470275878906,26.22316551208496,0.0,0.0,0.0,0.0,0.8252077102661133,27.784198760986328,0.0,0.0,0.0,0.0,0.8043899536132812,26.315244793891907,0.0,0.0,0.0,0.0,0.8053131103515625,26.611635208129883,0.0,0.0,0.0,0.0,0.8471869230270386,26.885584712028503,0.0015106201171875,0.0015106201171875,0.838165283203125,0.8396759033203125,0.806610107421875,26.781532287597656,0.0,0.0,0.0,0.0,0.804473876953125,26.545780181884766,0.0,0.0,0.0,0.0,0.8089526891708374,27.00948131084442,0.0,0.0,0.0,0.0,0.7616329193115234,25.394132614135742,0.0,0.0,0.0,0.0,0.745208740234375,24.7467098236084,0.0,0.0,0.0,0.0,0.7315444946289062,24.458194732666016,0.0,0.0,0.0,0.0,0.732269287109375,24.667512893676758,0.0,0.0,0.0,0.0,0.6897964477539062,24.148794174194336,0.0,0.0,0.0,0.0,0.71539306640625,24.312089920043945,0.0,0.0,0.0,0.0,0.694610595703125,24.568151235580444,0.0,0.0,0.0,0.0,0.7588415145874023,25.410740852355957,0.0,0.0,0.0,0.0,0.7301597595214844,26.021202087402344,0.0,0.0,0.0,0.0,0.7822775840759277,25.28031015396118,0.0,0.0,0.0,0.0,0.7646665573120117,26.489352226257324,0.0,0.0,0.0,0.0,0.8004370927810669,28.11761564016342,0.0,0.0,0.0,0.0
74,grounded,56,0.9313735961914062,35.25144046545029,0.0,0.0,0.0,0.0,0.63995361328125,31.879506587982178,0.0,0.0,0.0,0.0,0.86822509765625,33.3420524597168,0.05860137939453125,1.8640164732933044,0.874176025390625,0.9327774047851562,0.86480712890625,34.03111267089844,0.05377197265625,1.8680698871612549,0.8692169189453125,0.9229888916015625,0.8525238037109375,33.82994842529297,0.0,0.0,0.0,0.0,0.848602294921875,34.421302795410156,0.0,0.0,0.0,0.0,0.8268585205078125,35.32068634033203,0.0,0.0,0.0,0.0,0.7825002670288086,36.43387508392334,0.0,0.0,0.0,0.0,0.7790985107421875,37.002137184143066,0.0,0.0,0.0,0.0,0.770263671875,36.62248992919922,0.0,0.0,0.0,0.0,0.8377761840820312,38.29900550842285,0.0,0.0,0.0,0.0,0.8245697021484375,37.69356727600098,0.0,0.0,0.0,0.0,0.8165473937988281,37.61436176300049,0.0,0.0,0.0,0.0,0.8731803894042969,39.74337553977966,0.009294509887695312,0.009294509887695312,0.8807010650634766,0.8899955749511719,0.8222002983093262,37.860145807266235,0.0,0.0,0.0,0.0,0.8213162422180176,38.15470379590988,0.0,0.0,0.0,0.0,0.8692295551300049,38.53554147481918,0.05472564697265625,0.09061813354492188,0.7855148315429688,0.840240478515625,0.8072013854980469,38.19192314147949,0.0,0.0,0.0,0.0,0.8102245330810547,37.83252191543579,0.0,0.0,0.0,0.0,0.8093174695968628,38.07883036136627,0.0,0.0,0.0,0.0,0.752777099609375,36.06294536590576,0.0,0.0,0.0,0.0,0.7450408935546875,34.87752068042755,0.0,0.0,0.0,0.0,0.7321548461914062,34.012895584106445,0.0,0.0,0.0,0.0,0.7334718704223633,34.989230155944824,0.0,0.0,0.0,0.0,0.6894340515136719,34.010252475738525,0.0,0.0,0.0,0.0,0.71490478515625,33.82051467895508,0.0,0.0,0.0,0.0,0.694732666015625,34.07288932800293,0.0,0.0,0.0,0.0,0.7586355209350586,34.87562370300293,0.0,0.0,0.0,0.0,0.7311925888061523,35.80886936187744,0.0,0.0,0.0,0.0,0.7819626331329346,34.83812201023102,0.0,0.0,0.0,0.0,0.7639923095703125,36.723294258117676,0.0,0.0,0.0,0.0,0.8098222613334656,39.17186105251312,0.0,0.0,0.0,0.0
74,hallucinated,55,0.9308013916015625,34.57620280981064,0.0,0.0,0.0,0.0,0.63995361328125,31.261966228485107,0.0,0.0,0.0,0.0,0.86822509765625,32.69685745239258,0.05860137939453125,1.8239659667015076,0.874176025390625,0.9327774047851562,0.86480712890625,33.38771057128906,0.05377197265625,1.8492519855499268,0.8692169189453125,0.9229888916015625,0.8525238037109375,33.220481872558594,0.0,0.0,0.0,0.0,0.848602294921875,33.86703872680664,0.0,0.0,0.0,0.0,0.8268585205078125,34.689720153808594,0.0,0.0,0.0,0.0,0.7825002670288086,35.61548900604248,0.0,0.0,0.0,0.0,0.7641630172729492,36.20192050933838,0.0,0.0,0.0,0.0,0.7783966064453125,36.141510009765625,0.0,0.0,0.0,0.0,0.8302536010742188,37.65852165222168,0.0,0.0,0.0,0.0,0.8228569030761719,36.88274383544922,0.006865501403808594,0.006865501403808594,0.8234710693359375,0.8303365707397461,0.8047714233398438,36.94010543823242,0.0,0.0,0.0,0.0,0.8737831115722656,38.945708990097046,0.0015897750854492188,0.0015897750854492188,0.8848533630371094,0.8864431381225586,0.8129119873046875,36.98334550857544,0.0,0.0,0.0,0.0,0.8213162422180176,37.4085191488266,0.0,0.0,0.0,0.0,0.8467717170715332,37.9432937502861,0.037841796875,0.11882972717285156,0.802398681640625,0.840240478515625,0.8072013854980469,37.30633735656738,0.0,0.0,0.0,0.0,0.8098287582397461,37.045093059539795,0.0,0.0,0.0,0.0,0.8093174695968628,37.00483572483063,0.0,0.0,0.0,0.0,0.7728118896484375,35.15747356414795,0.0,0.0,0.0,0.0,0.7450408935546875,34.10659980773926,0.0,0.0,0.0,0.0,0.7321548461914062,33.28114700317383,0.0,0.0,0.0,0.0,0.7318572998046875,34.03243064880371,0.0,0.0,0.0,0.0,0.6894340515136719,33.2915598154068,0.0,0.0,0.0,0.0,0.71490478515625,33.16085433959961,0.0,0.0,0.0,0.0,0.694732666015625,33.296607971191406,0.0,0.0,0.0,0.0,0.7586355209350586,34.16738986968994,0.0,0.0,0.0,0.0,0.7311925888061523,35.050533294677734,0.0,0.0,0.0,0.0,0.7819626331329346,34.24297785758972,0.0,0.0,0.0,0.0,0.7630758285522461,35.82317352294922,0.0,0.0,0.0,0.0,0.8155480623245239,38.42572242021561,0.0,0.0,0.0,0.0
75,grounded,44,0.9161148071289062,27.302423417568207,0.0,0.0,0.0,0.0,0.6390647888183594,24.79767608642578,0.0,0.0,0.0,0.0,0.8772125244140625,25.91576385498047,0.05323028564453125,1.5023178458213806,0.87945556640625,0.9326858520507812,0.870208740234375,26.398483276367188,0.0524139404296875,1.419036865234375,0.870452880859375,0.9228668212890625,0.85247802734375,26.041221618652344,0.0,0.0,0.0,0.0,0.8486328125,26.415760040283203,0.0,0.0,0.0,0.0,0.8271713256835938,27.3548583984375,0.0,0.0,0.0,0.0,0.7591934204101562,27.619388699531555,0.0,0.0,0.0,0.0,0.7612991333007812,28.448810577392578,0.0,0.0,0.0,0.0,0.8059005737304688,27.62297248840332,0.0,0.0,0.0,0.0,0.7854461669921875,29.2484188079834,0.0,0.0,0.0,0.0,0.7961463928222656,28.745386123657227,0.010236740112304688,0.011547088623046875,0.8198394775390625,0.8300762176513672,0.7710533142089844,28.372488021850586,0.0,0.0,0.0,0.0,0.8232345581054688,29.964990615844727,0.0,0.0,0.0,0.0,0.8043899536132812,28.28759479522705,0.0,0.0,0.0,0.0,0.8297691345214844,29.13352870941162,0.0,0.0,0.0,0.0,0.8309552073478699,29.112827956676483,0.00445556640625,0.00567626953125,0.8352203369140625,0.8396759033203125,0.806610107421875,29.024463653564453,0.0,0.0,0.0,0.0,0.804473876953125,28.685304641723633,0.0,0.0,0.0,0.0,0.8089526891708374,28.685319781303406,0.0,0.0,0.0,0.0,0.752532958984375,27.43596076965332,0.0,0.0,0.0,0.0,0.751708984375,27.105186462402344,0.0,0.0,0.0,0.0,0.7315444946289062,26.564796447753906,0.0,0.0,0.0,0.0,0.732269287109375,27.0941162109375,0.0,0.0,0.0,0.0,0.6897964477539062,26.101600646972656,0.0,0.0,0.0,0.0,0.71539306640625,26.073817372322083,0.0,0.0,0.0,0.0,0.694610595703125,26.51331901550293,0.0,0.0,0.0,0.0,0.7588415145874023,27.11954176425934,0.0,0.0,0.0,0.0,0.71917724609375,27.819159030914307,0.0,0.0,0.0,0.0,0.7822775840759277,26.97897481918335,0.0,0.0,0.0,0.0,0.7757787704467773,28.538081169128418,0.0,0.0,0.0,0.0,0.8126013278961182,30.128079295158386,0.0,0.0,0.0,0.0
75,hallucinated,52,0.9276828765869141,32.78007334470749,0.0,0.0,0.0,0.0,0.6390647888183594,29.562808990478516,0.0,0.0,0.0,0.0,0.8772125244140625,30.880889892578125,0.05323028564453125,1.7161888480186462,0.87945556640625,0.9326858520507812,0.870208740234375,31.201187133789062,0.0518035888671875,1.72589111328125,0.871063232421875,0.9228668212890625,0.85247802734375,30.952590942382812,0.0,0.0,0.0,0.0,0.8486328125,31.559043884277344,0.0,0.0,0.0,0.0,0.8271713256835938,32.392127990722656,0.0,0.0,0.0,0.0,0.7754096984863281,33.73240679502487,0.0,0.0,0.0,0.0,0.7612991333007812,34.06986999511719,0.0,0.0,0.0,0.0,0.75732421875,33.315202713012695,0.0,0.0,0.0,0.0,0.7805862426757812,34.906076431274414,0.0,0.0,0.0,0.0,0.7857437133789062,34.85220909118652,0.04705619812011719,0.18546295166015625,0.78302001953125,0.8300762176513672,0.7925071716308594,34.55931758880615,0.0,0.0,0.0,0.0,0.8565216064453125,36.44342613220215,0.0070760250091552734,0.0070760250091552734,0.8689310550689697,0.876007080078125,0.7796363830566406,34.673458099365234,0.03623199462890625,0.09984970092773438,0.768157958984375,0.8043899536132812,0.8315086364746094,35.632950246334076,0.0131072998046875,0.019748687744140625,0.792205810546875,0.8053131103515625,0.8310430645942688,35.609939992427826,0.028583526611328125,0.10940933227539062,0.8110923767089844,0.8396759033203125,0.7917022705078125,35.25692081451416,0.01337432861328125,0.01337432861328125,0.7932357788085938,0.806610107421875,0.8098373413085938,35.44486665725708,0.0,0.0,0.0,0.0,0.8203306198120117,35.242053627967834,0.0,0.0,0.0,0.0,0.77764892578125,33.51516151428223,0.0,0.0,0.0,0.0,0.745208740234375,32.22534799575806,0.0,0.0,0.0,0.0,0.7315444946289062,31.830238342285156,0.0,0.0,0.0,0.0,0.7390518188476562,32.42729568481445,0.0,0.0,0.0,0.0,0.6897964477539062,31.3188533782959,0.0,0.0,0.0,0.0,0.71539306640625,31.27189826965332,0.0,0.0,0.0,0.0,0.695556640625,31.751338958740234,0.0,0.0,0.0,0.0,0.7588415145874023,32.462053179740906,0.0,0.0,0.0,0.0,0.730865478515625,33.62673997879028,0.0,0.0,0.0,0.0,0.7822775840759277,32.19166946411133,0.0,0.0,0.0,0.0,0.7757129669189453,34.13075399398804,0.0,0.0,0.0,0.0,0.8118348121643066,36.024683356285095,0.0,0.0,0.0,0.0
76,grounded,35,0.8980751037597656,21.28855723142624,0.0,0.0,0.0,0.0,0.63946533203125,19.603580474853516,0.0,0.0,0.0,0.0,0.8654327392578125,20.317523956298828,0.05704498291015625,1.089612901210785,0.875732421875,0.9327774047851562,0.8692626953125,20.6015625,0.051422119140625,1.0118179321289062,0.8715667724609375,0.9229888916015625,0.8525238037109375,20.514202117919922,0.0,0.0,0.0,0.0,0.848602294921875,20.798704147338867,0.0,0.0,0.0,0.0,0.8268585205078125,21.32292938232422,0.0,0.0,0.0,0.0,0.7555770874023438,21.770492553710938,0.0,0.0,0.0,0.0,0.7601947784423828,21.95266056060791,0.0,0.0,0.0,0.0,0.7571487426757812,21.667892456054688,0.0,0.0,0.0,0.0,0.7692337036132812,22.501482009887695,0.0,0.0,0.0,0.0,0.8283920288085938,22.35559844970703,0.0,0.0,0.0,0.0,0.7569427490234375,21.93368148803711,0.0,0.0,0.0,0.0,0.8065032958984375,23.13681411743164,0.0,0.0,0.0,0.0,0.8048553466796875,22.169724822044373,0.0,0.0,0.0,0.0,0.8196604251861572,22.67467737197876,0.0,0.0,0.0,0.0,0.840240478515625,22.66030216217041,0.0,0.0,0.0,0.0,0.8072013854980469,22.74744415283203,0.0,0.0,0.0,0.0,0.80548095703125,22.462756395339966,0.0,0.0,0.0,0.0,0.8093174695968628,22.41051757335663,0.0,0.0,0.0,0.0,0.752777099609375,21.52279281616211,0.0,0.0,0.0,0.0,0.7450408935546875,21.116002798080444,0.0,0.0,0.0,0.0,0.7321548461914062,20.91999053955078,0.0,0.0,0.0,0.0,0.7318572998046875,21.107744216918945,0.0,0.0,0.0,0.0,0.6894340515136719,20.551504135131836,0.0,0.0,0.0,0.0,0.71490478515625,20.671865463256836,0.0,0.0,0.0,0.0,0.694732666015625,20.809456825256348,0.0,0.0,0.0,0.0,0.7586355209350586,21.271389722824097,0.0,0.0,0.0,0.0,0.719512939453125,21.842201232910156,0.0,0.0,0.0,0.0,0.7819626331329346,21.226876497268677,0.0,0.0,0.0,0.0,0.7529411315917969,22.55151081085205,0.0,0.0,0.0,0.0,0.8053512573242188,24.091137766838074,0.0,0.0,0.0,0.0
76,hallucinated,33,0.8937187194824219,20.006745994091034,0.0,0.0,0.0,0.0,0.63946533203125,18.414077758789062,0.0,0.0,0.0,0.0,0.8654327392578125,19.12637710571289,0.05939483642578125,1.0133838057518005,0.873382568359375,0.9327774047851562,0.8692626953125,19.33740234375,0.051422119140625,0.92913818359375,0.8715667724609375,0.9229888916015625,0.8525238037109375,19.295425415039062,0.0,0.0,0.0,0.0,0.848602294921875,19.504629135131836,0.0,0.0,0.0,0.0,0.8268585205078125,20.022144317626953,0.0,0.0,0.0,0.0,0.7525405883789062,20.542816162109375,0.0,0.0,0.0,0.0,0.7601947784423828,20.64194965362549,0.0,0.0,0.0,0.0,0.734527587890625,20.31826400756836,0.0,0.0,0.0,0.0,0.7681903839111328,21.001718521118164,0.0,0.0,0.0,0.0,0.8303365707397461,20.97019100189209,0.0,0.0,0.0,0.0,0.7569427490234375,20.49094009399414,0.0,0.0,0.0,0.0,0.8237724304199219,21.726463317871094,0.0,0.0,0.0,0.0,0.8048553466796875,20.923798441886902,0.0,0.0,0.0,0.0,0.8196604251861572,21.385087251663208,0.0,0.0,0.0,0.0,0.840240478515625,21.407620429992676,0.0,0.0,0.0,0.0,0.8072013854980469,21.383548736572266,0.0,0.0,0.0,0.0,0.80548095703125,20.86751937866211,0.0,0.0,0.0,0.0,0.8093174695968628,20.946637988090515,0.0,0.0,0.0,0.0,0.752777099609375,20.054725646972656,0.0,0.0,0.0,0.0,0.7450408935546875,19.665647506713867,0.0,0.0,0.0,0.0,0.7321548461914062,19.598827362060547,0.0,0.0,0.0,0.0,0.7318572998046875,19.802127838134766,0.0,0.0,0.0,0.0,0.6894340515136719,19.38832664489746,0.0,0.0,0.0,0.0,0.71490478515625,19.3209547996521,0.0,0.0,0.0,0.0,0.694732666015625,19.46267795562744,0.0,0.0,0.0,0.0,0.7586355209350586,19.893013954162598,0.0,0.0,0.0,0.0,0.719512939453125,20.514404296875,0.0,0.0,0.0,0.0,0.7819626331329346,19.962571382522583,0.0,0.0,0.0,0.0,0.7529411315917969,21.04827308654785,0.0,0.0,0.0,0.0,0.8053512573242188,22.501061022281647,0.0,0.0,0.0,0.0
77,grounded,39,0.9098625183105469,24.152820765972137,0.0,0.0,0.0,0.0,0.6402320861816406,21.9886474609375,0.0,0.0,0.0,0.0,0.876007080078125,22.815582275390625,0.05626678466796875,1.308786690235138,0.8764190673828125,0.9326858520507812,0.8616180419921875,23.179840087890625,0.0539398193359375,1.209259033203125,0.868927001953125,0.9228668212890625,0.85247802734375,22.996917724609375,0.0,0.0,0.0,0.0,0.8486328125,23.234619140625,0.0,0.0,0.0,0.0,0.8271713256835938,23.989219665527344,0.0,0.0,0.0,0.0,0.7727394104003906,24.765701293945312,0.0,0.0,0.0,0.0,0.7602729797363281,24.69842529296875,0.0,0.0,0.0,0.0,0.7378387451171875,24.117366790771484,0.0,0.0,0.0,0.0,0.7676486968994141,25.24704933166504,0.0,0.0,0.0,0.0,0.7959976196289062,24.631996154785156,0.0,0.0,0.0,0.0,0.768463134765625,24.30230712890625,0.0,0.0,0.0,0.0,0.8087577819824219,26.055423736572266,0.0,0.0,0.0,0.0,0.8043899536132812,24.715784549713135,0.0,0.0,0.0,0.0,0.8021659851074219,24.771581649780273,0.0,0.0,0.0,0.0,0.8082809448242188,25.07612895965576,0.04044914245605469,0.04044914245605469,0.7992267608642578,0.8396759033203125,0.806610107421875,25.262455940246582,0.0,0.0,0.0,0.0,0.804473876953125,25.173306226730347,0.0,0.0,0.0,0.0,0.8089526891708374,25.396877646446228,0.0,0.0,0.0,0.0,0.752532958984375,23.903079986572266,0.0,0.0,0.0,0.0,0.745208740234375,23.417884826660156,0.0,0.0,0.0,0.0,0.7315444946289062,23.235692262649536,0.0,0.0,0.0,0.0,0.732269287109375,23.767603397369385,0.0,0.0,0.0,0.0,0.6897964477539062,22.859370827674866,0.0,0.0,0.0,0.0,0.71539306640625,23.071425557136536,0.0,0.0,0.0,0.0,0.694610595703125,23.231253623962402,0.0,0.0,0.0,0.0,0.7588415145874023,23.83657169342041,0.0,0.0,0.0,0.0,0.7289943695068359,24.442224502563477,0.0,0.0,0.0,0.0,0.7822775840759277,23.796445906162262,0.0,0.0,0.0,0.0,0.7697734832763672,25.086503982543945,0.0,0.0,0.0,0.0,0.8127692937850952,26.52085930109024,0.0,0.0,0.0,0.0
77,hallucinated,42,0.9156169891357422,26.175658404827118,0.0,0.0,0.0,0.0,0.6402320861816406,23.714920043945312,0.0,0.0,0.0,0.0,0.876007080078125,24.597267150878906,0.05626678466796875,1.4227965474128723,0.8764190673828125,0.9326858520507812,0.8616180419921875,25.015716552734375,0.0539398193359375,1.359710693359375,0.868927001953125,0.9228668212890625,0.85247802734375,24.8829345703125,0.0,0.0,0.0,0.0,0.8486328125,25.208480834960938,0.0,0.0,0.0,0.0,0.8271713256835938,25.97100830078125,0.0,0.0,0.0,0.0,0.7727394104003906,26.773395538330078,0.0,0.0,0.0,0.0,0.7602729797363281,26.74193572998047,0.0,0.0,0.0,0.0,0.7646331787109375,26.289478302001953,0.0,0.0,0.0,0.0,0.7676486968994141,27.32725715637207,0.0,0.0,0.0,0.0,0.794830322265625,26.788745880126953,0.021425247192382812,0.021425247192382812,0.8086509704589844,0.8300762176513672,0.759490966796875,26.448440551757812,0.0,0.0,0.0,0.0,0.8298072814941406,28.449352264404297,0.0,0.0,0.0,0.0,0.8043899536132812,26.79307794570923,0.0,0.0,0.0,0.0,0.8021659851074219,26.90322208404541,0.0,0.0,0.0,0.0,0.7955846786499023,27.299006462097168,0.04044914245605469,0.04044914245605469,0.7992267608642578,0.8396759033203125,0.806610107421875,27.283130645751953,0.0,0.0,0.0,0.0,0.804473876953125,27.12731170654297,0.0,0.0,0.0,0.0,0.8089526891708374,27.26792275905609,0.0,0.0,0.0,0.0,0.752532958984375,25.615684509277344,0.0,0.0,0.0,0.0,0.745208740234375,25.039714813232422,0.0,0.0,0.0,0.0,0.7315444946289062,24.99202251434326,0.0,0.0,0.0,0.0,0.732269287109375,25.513675689697266,0.0,0.0,0.0,0.0,0.6897964477539062,24.528545379638672,0.0,0.0,0.0,0.0,0.71539306640625,24.795021057128906,0.0,0.0,0.0,0.0,0.694610595703125,24.86475372314453,0.0,0.0,0.0,0.0,0.7588415145874023,25.719465255737305,0.0,0.0,0.0,0.0,0.7322769165039062,26.443401336669922,0.0,0.0,0.0,0.0,0.7822775840759277,25.58511257171631,0.0,0.0,0.0,0.0,0.7688159942626953,27.062861442565918,0.0,0.0,0.0,0.0,0.8128596544265747,28.576005339622498,0.0,0.0,0.0,0.0
78,grounded,50,0.9218044281005859,31.25235503911972,0.0,0.0,0.0,0.0,0.6359214782714844,28.43472671508789,0.0,0.0,0.0,0.0,0.869842529296875,29.364826202392578,0.05779266357421875,1.7005902528762817,0.8748931884765625,0.9326858520507812,0.8665924072265625,30.098709106445312,0.0533447265625,1.6563949584960938,0.8695220947265625,0.9228668212890625,0.85247802734375,29.838138580322266,0.0,0.0,0.0,0.0,0.8486328125,30.22905206680298,0.0,0.0,0.0,0.0,0.8271713256835938,31.200077056884766,0.0,0.0,0.0,0.0,0.7837409973144531,31.911022186279297,0.0,0.0,0.0,0.0,0.7602729797363281,32.14051818847656,0.0,0.0,0.0,0.0,0.7564010620117188,31.186138153076172,0.0,0.0,0.0,0.0,0.8026809692382812,33.71087074279785,0.0,0.0,0.0,0.0,0.8251571655273438,32.61766338348389,0.0,0.0,0.0,0.0,0.7695999145507812,32.291972160339355,0.0,0.0,0.0,0.0,0.8325557708740234,34.011298179626465,0.0,0.0,0.0,0.0,0.8043899536132812,31.961249589920044,0.0,0.0,0.0,0.0,0.8137893676757812,32.43326663970947,0.0,0.0,0.0,0.0,0.8396759033203125,32.738933086395264,0.0,0.0,0.0,0.0,0.806610107421875,33.20425796508789,0.0,0.0,0.0,0.0,0.804473876953125,32.67363357543945,0.0,0.0,0.0,0.0,0.8089526891708374,32.7006858587265,0.0,0.0,0.0,0.0,0.752532958984375,30.921039581298828,0.0,0.0,0.0,0.0,0.745208740234375,30.098308563232422,0.0,0.0,0.0,0.0,0.7315444946289062,30.267822265625,0.0,0.0,0.0,0.0,0.732269287109375,30.95431423187256,0.0,0.0,0.0,0.0,0.6897964477539062,29.68923568725586,0.0,0.0,0.0,0.0,0.71539306640625,29.562650680541992,0.0,0.0,0.0,0.0,0.7097396850585938,30.096027374267578,0.0,0.0,0.0,0.0,0.7588415145874023,30.94923210144043,0.0,0.0,0.0,0.0,0.7240958213806152,31.440033435821533,0.0,0.0,0.0,0.0,0.7822775840759277,30.41964817047119,0.0,0.0,0.0,0.0,0.7552585601806641,32.04210948944092,0.0,0.0,0.0,0.0,0.7954998016357422,34.05971145629883,0.0,0.0,0.0,0.0
78,hallucinated,47,0.9209537506103516,29.34875124692917,0.0,0.0,0.0,0.0,0.6359214782714844,26.46166229248047,0.0,0.0,0.0,0.0,0.869842529296875,27.461017608642578,0.05779266357421875,1.6067105531692505,0.8748931884765625,0.9326858520507812,0.8665924072265625,28.282089233398438,0.0533447265625,1.5339889526367188,0.8695220947265625,0.9228668212890625,0.85247802734375,27.948612213134766,0.0,0.0,0.0,0.0,0.8486328125,28.481279850006104,0.0,0.0,0.0,0.0,0.8271713256835938,29.413021087646484,0.0,0.0,0.0,0.0,0.7837409973144531,29.846500396728516,0.0,0.0,0.0,0.0,0.7602729797363281,30.093292236328125,0.0,0.0,0.0,0.0,0.7675247192382812,29.15546417236328,0.0,0.0,0.0,0.0,0.780426025390625,31.482812881469727,0.0,0.0,0.0,0.0,0.8300762176513672,30.37382221221924,0.0,0.0,0.0,0.0,0.7740936279296875,29.99931049346924,0.0,0.0,0.0,0.0,0.8325557708740234,31.8373441696167,0.0,0.0,0.0,0.0,0.8043899536132812,29.790207147598267,0.0,0.0,0.0,0.0,0.8137893676757812,30.19078493118286,0.0,0.0,0.0,0.0,0.8220062255859375,30.466233730316162,0.0,0.0,0.0,0.0,0.806610107421875,31.072063446044922,0.0,0.0,0.0,0.0,0.804473876953125,30.655336380004883,0.0,0.0,0.0,0.0,0.8089526891708374,30.613666892051697,0.0,0.0,0.0,0.0,0.752532958984375,29.046504974365234,0.0,0.0,0.0,0.0,0.745208740234375,28.359359741210938,0.0,0.0,0.0,0.0,0.7315444946289062,28.22840118408203,0.0,0.0,0.0,0.0,0.732269287109375,29.06033992767334,0.0,0.0,0.0,0.0,0.6897964477539062,27.870319366455078,0.0,0.0,0.0,0.0,0.71539306640625,27.72821617126465,0.0,0.0,0.0,0.0,0.7093887329101562,28.077842712402344,0.0,0.0,0.0,0.0,0.7588415145874023,29.025068283081055,0.0,0.0,0.0,0.0,0.7240958213806152,29.535512447357178,0.0,0.0,0.0,0.0,0.7822775840759277,28.732225358486176,0.0,0.0,0.0,0.0,0.7564659118652344,30.03511333465576,0.0,0.0,0.0,0.0,0.7955198287963867,32.123195230960846,0.0,0.0,0.0,0.0
79,grounded,40,0.9062080383300781,24.443702161312103,0.0,0.0,0.0,0.0,0.6369094848632812,22.38650894165039,0.0,0.0,0.0,0.0,0.871337890625,23.377071380615234,0.05681610107421875,1.3568397760391235,0.8758697509765625,0.9326858520507812,0.869232177734375,23.700485229492188,0.0529937744140625,1.2253303527832031,0.869873046875,0.9228668212890625,0.85247802734375,23.47071075439453,0.0,0.0,0.0,0.0,0.8486328125,24.034034729003906,0.0,0.0,0.0,0.0,0.8271713256835938,24.694263458251953,0.0,0.0,0.0,0.0,0.7635040283203125,25.290210723876953,0.0,0.0,0.0,0.0,0.7602729797363281,25.728074073791504,0.0,0.0,0.0,0.0,0.757965087890625,25.139522552490234,0.0,0.0,0.0,0.0,0.7676486968994141,26.192854404449463,0.0,0.0,0.0,0.0,0.8054351806640625,25.47622299194336,0.0,0.0,0.0,0.0,0.7727508544921875,25.42157745361328,0.0,0.0,0.0,0.0,0.8386077880859375,26.85250473022461,0.0,0.0,0.0,0.0,0.8043899536132812,25.556509494781494,0.0,0.0,0.0,0.0,0.8183956146240234,26.30122882127762,0.00118255615234375,0.00118255615234375,0.8041305541992188,0.8053131103515625,0.8319590091705322,26.228582620620728,0.0352325439453125,0.10092544555664062,0.804443359375,0.8396759033203125,0.806610107421875,26.08268690109253,0.0,0.0,0.0,0.0,0.804473876953125,25.85434913635254,0.0,0.0,0.0,0.0,0.8089526891708374,26.115275740623474,0.0,0.0,0.0,0.0,0.752532958984375,24.741896629333496,0.0,0.0,0.0,0.0,0.745208740234375,24.333602905273438,0.0,0.0,0.0,0.0,0.7315444946289062,23.85915756225586,0.0,0.0,0.0,0.0,0.732269287109375,24.185823440551758,0.0,0.0,0.0,0.0,0.6897964477539062,23.479595184326172,0.0,0.0,0.0,0.0,0.71539306640625,23.752042770385742,0.0,0.0,0.0,0.0,0.694610595703125,24.020917892456055,0.0,0.0,0.0,0.0,0.7588415145874023,24.701812744140625,0.0,0.0,0.0,0.0,0.74798583984375,25.477787256240845,0.0,0.0,0.0,0.0,0.7822775840759277,24.71490240097046,0.0,0.0,0.0,0.0,0.771702766418457,26.01433753967285,0.0,0.0,0.0,0.0,0.8089745044708252,27.37388837337494,0.0,0.0,0.0,0.0
79,hallucinated,40,0.9060592651367188,24.479768574237823,0.0,0.0,0.0,0.0,0.6369094848632812,22.357654571533203,0.0,0.0,0.0,0.0,0.871337890625,23.36343002319336,0.05681610107421875,1.324863076210022,0.8758697509765625,0.9326858520507812,0.8683624267578125,23.6204833984375,0.0529937744140625,1.2550430297851562,0.869873046875,0.9228668212890625,0.85247802734375,23.55103302001953,0.0,0.0,0.0,0.0,0.8486328125,24.134536743164062,0.0,0.0,0.0,0.0,0.8271713256835938,24.564899444580078,0.0,0.0,0.0,0.0,0.7554893493652344,25.250896453857422,0.0,0.0,0.0,0.0,0.7602729797363281,25.766194343566895,0.0,0.0,0.0,0.0,0.7502365112304688,25.074634552001953,0.0,0.0,0.0,0.0,0.7676486968994141,25.967294692993164,0.0,0.0,0.0,0.0,0.8087749481201172,25.61448097229004,0.018926620483398438,0.018926620483398438,0.8111495971679688,0.8300762176513672,0.78009033203125,25.605443954467773,0.0,0.0,0.0,0.0,0.835235595703125,27.046969413757324,0.0,0.0,0.0,0.0,0.8043899536132812,25.915705800056458,0.0,0.0,0.0,0.0,0.8183956146240234,26.50238859653473,0.0,0.0,0.0,0.0,0.8319590091705322,26.587892770767212,0.05129241943359375,0.22919082641601562,0.7883834838867188,0.8396759033203125,0.806610107421875,26.205687999725342,0.0,0.0,0.0,0.0,0.804473876953125,26.113603591918945,0.0,0.0,0.0,0.0,0.7948074340820312,26.21726942062378,0.0,0.0,0.0,0.0,0.752532958984375,24.86540985107422,0.0,0.0,0.0,0.0,0.745208740234375,24.30644989013672,0.0,0.0,0.0,0.0,0.7315444946289062,23.86420440673828,0.0,0.0,0.0,0.0,0.732269287109375,24.123138427734375,0.0,0.0,0.0,0.0,0.6897964477539062,23.40727996826172,0.0,0.0,0.0,0.0,0.71539306640625,23.8035945892334,0.0,0.0,0.0,0.0,0.694610595703125,23.960817337036133,0.0,0.0,0.0,0.0,0.7588415145874023,24.76874351501465,0.0,0.0,0.0,0.0,0.7210922241210938,25.306119918823242,0.0,0.0,0.0,0.0,0.7822775840759277,24.570770740509033,0.0,0.0,0.0,0.0,0.771702766418457,25.937021732330322,0.0,0.0,0.0,0.0,0.8089745044708252,27.330047130584717,0.0,0.0,0.0,0.0
80,grounded,37,0.9036407470703125,22.693235099315643,0.0,0.0,0.0,0.0,0.6393241882324219,20.779247283935547,0.0,0.0,0.0,0.0,0.87066650390625,21.569438934326172,0.05956268310546875,1.2221084833145142,0.8731231689453125,0.9326858520507812,0.8643646240234375,22.00513458251953,0.05841064453125,1.1288261413574219,0.8644561767578125,0.9228668212890625,0.85247802734375,21.765419006347656,0.0,0.0,0.0,0.0,0.8486328125,21.944904327392578,0.0,0.0,0.0,0.0,0.8271713256835938,22.923572540283203,0.0,0.0,0.0,0.0,0.7846221923828125,23.323850631713867,0.0,0.0,0.0,0.0,0.7602729797363281,23.348840713500977,0.0,0.0,0.0,0.0,0.7365264892578125,22.982498168945312,0.0,0.0,0.0,0.0,0.803009033203125,24.28428077697754,0.0,0.0,0.0,0.0,0.8300762176513672,23.710779190063477,0.0,0.0,0.0,0.0,0.7798728942871094,23.441484451293945,0.0,0.0,0.0,0.0,0.8391952514648438,24.917034149169922,0.0,0.0,0.0,0.0,0.8043899536132812,23.247271299362183,0.0,0.0,0.0,0.0,0.8237881660461426,23.550407886505127,0.0,0.0,0.0,0.0,0.8388481140136719,23.952929496765137,0.0,0.0,0.0,0.0,0.806610107421875,24.065839767456055,0.0,0.0,0.0,0.0,0.804473876953125,23.55640411376953,0.0,0.0,0.0,0.0,0.8089526891708374,23.70232617855072,0.0,0.0,0.0,0.0,0.752532958984375,22.612318992614746,0.0,0.0,0.0,0.0,0.745208740234375,22.01177215576172,0.0,0.0,0.0,0.0,0.7315444946289062,21.901382446289062,0.0,0.0,0.0,0.0,0.732269287109375,22.411978721618652,0.0,0.0,0.0,0.0,0.6897964477539062,21.756160736083984,0.0,0.0,0.0,0.0,0.71539306640625,21.776599884033203,0.0,0.0,0.0,0.0,0.694610595703125,21.88279151916504,0.0,0.0,0.0,0.0,0.7588415145874023,22.52849531173706,0.0,0.0,0.0,0.0,0.7269172668457031,23.07911968231201,0.0,0.0,0.0,0.0,0.7822775840759277,22.333247661590576,0.0,0.0,0.0,0.0,0.7549018859863281,23.308552742004395,0.0,0.0,0.0,0.0,0.7800893783569336,24.873908162117004,0.0,0.0,0.0,0.0
80,hallucinated,41,0.9099903106689453,25.299791991710663,0.0,0.0,0.0,0.0,0.6393241882324219,23.170362949371338,0.0,0.0,0.0,0.0,0.87066650390625,24.014598846435547,0.05626678466796875,1.358289361000061,0.8764190673828125,0.9326858520507812,0.8643646240234375,24.478309631347656,0.05841064453125,1.2726097106933594,0.8644561767578125,0.9228668212890625,0.85247802734375,24.28491973876953,0.0,0.0,0.0,0.0,0.8486328125,24.543819427490234,0.0,0.0,0.0,0.0,0.8271713256835938,25.624282836914062,0.0,0.0,0.0,0.0,0.784759521484375,26.254959106445312,0.0,0.0,0.0,0.0,0.7602729797363281,26.192588806152344,0.0,0.0,0.0,0.0,0.7468719482421875,25.905431747436523,0.0,0.0,0.0,0.0,0.822235107421875,27.56424331665039,0.0,0.0,0.0,0.0,0.8300762176513672,26.777254104614258,0.0,0.0,0.0,0.0,0.798004150390625,26.49888324737549,0.0,0.0,0.0,0.0,0.841796875,28.267131805419922,0.0,0.0,0.0,0.0,0.8043899536132812,26.161065101623535,0.0,0.0,0.0,0.0,0.8237545490264893,26.484095811843872,0.0,0.0,0.0,0.0,0.8388481140136719,26.948718070983887,0.0,0.0,0.0,0.0,0.806610107421875,27.0280704498291,0.0,0.0,0.0,0.0,0.804473876953125,26.52896797657013,0.0,0.0,0.0,0.0,0.8178224563598633,26.70788609981537,0.0,0.0,0.0,0.0,0.752532958984375,25.341540336608887,0.0,0.0,0.0,0.0,0.745208740234375,24.601978302001953,0.0,0.0,0.0,0.0,0.7315444946289062,24.46381378173828,0.0,0.0,0.0,0.0,0.732269287109375,25.03953266143799,0.0,0.0,0.0,0.0,0.6897964477539062,24.36905002593994,0.0,0.0,0.0,0.0,0.71539306640625,24.258167266845703,0.0,0.0,0.0,0.0,0.694610595703125,24.437843322753906,0.0,0.0,0.0,0.0,0.7588415145874023,25.09592056274414,0.0,0.0,0.0,0.0,0.7268180847167969,25.708114624023438,0.0,0.0,0.0,0.0,0.7822775840759277,24.805949687957764,0.0,0.0,0.0,0.0,0.7546348571777344,25.964508533477783,0.0,0.0,0.0,0.0,0.7814388275146484,27.63601416349411,0.0,0.0,0.0,0.0
81,grounded,42,0.9118194580078125,25.97292321920395,0.0,0.0,0.0,0.0,0.6394119262695312,23.671031951904297,0.0,0.0,0.0,0.0,0.8751983642578125,24.476318359375,0.05564117431640625,1.3979470133781433,0.877044677734375,0.9326858520507812,0.8699798583984375,25.037200927734375,0.0523681640625,1.2747344970703125,0.8704986572265625,0.9228668212890625,0.85247802734375,24.785015106201172,0.0,0.0,0.0,0.0,0.8486328125,25.256629943847656,0.0,0.0,0.0,0.0,0.8271713256835938,25.96804428100586,0.0,0.0,0.0,0.0,0.7884674072265625,26.874588012695312,0.0,0.0,0.0,0.0,0.7602729797363281,26.740966796875,0.0,0.0,0.0,0.0,0.7494659423828125,26.17107391357422,0.0,0.0,0.0,0.0,0.7746734619140625,27.45418357849121,0.0,0.0,0.0,0.0,0.8300762176513672,26.80464744567871,0.0,0.0,0.0,0.0,0.7767105102539062,26.259946823120117,0.0,0.0,0.0,0.0,0.8129158020019531,28.34412384033203,0.0,0.0,0.0,0.0,0.8043899536132812,26.77720880508423,0.0,0.0,0.0,0.0,0.8169689178466797,27.080216884613037,0.0,0.0,0.0,0.0,0.8027501106262207,27.395401000976562,0.0,0.0,0.0,0.0,0.806610107421875,27.541261672973633,0.0,0.0,0.0,0.0,0.804473876953125,27.2663516998291,0.0,0.0,0.0,0.0,0.811248779296875,27.568564534187317,0.0,0.0,0.0,0.0,0.752532958984375,25.910167694091797,0.0,0.0,0.0,0.0,0.745208740234375,25.459275245666504,0.0,0.0,0.0,0.0,0.7315444946289062,25.142834663391113,0.0,0.0,0.0,0.0,0.732269287109375,25.627729415893555,0.0,0.0,0.0,0.0,0.6897964477539062,24.739810049533844,0.0,0.0,0.0,0.0,0.71539306640625,24.87794589996338,0.0,0.0,0.0,0.0,0.694610595703125,25.09153127670288,0.0,0.0,0.0,0.0,0.7588415145874023,25.87467873096466,0.0,0.0,0.0,0.0,0.71917724609375,26.334529876708984,0.0,0.0,0.0,0.0,0.7822775840759277,25.612267673015594,0.0,0.0,0.0,0.0,0.7934384346008301,27.0980806350708,0.0,0.0,0.0,0.0,0.7920680046081543,28.461199402809143,0.0,0.0,0.0,0.0
81,hallucinated,37,0.9026260375976562,22.627250492572784,0.0,0.0,0.0,0.0,0.6394119262695312,20.687618255615234,0.0,0.0,0.0,0.0,0.8751983642578125,21.403106689453125,0.05564117431640625,1.242086112499237,0.877044677734375,0.9326858520507812,0.8699798583984375,21.8568115234375,0.0523681640625,1.1023635864257812,0.8704986572265625,0.9228668212890625,0.85247802734375,21.644527435302734,0.0,0.0,0.0,0.0,0.8486328125,21.88762664794922,0.0,0.0,0.0,0.0,0.8271713256835938,22.648983001708984,0.0,0.0,0.0,0.0,0.7777786254882812,23.042644500732422,0.0,0.0,0.0,0.0,0.7602729797363281,23.165626525878906,0.0,0.0,0.0,0.0,0.7316970825195312,22.711570739746094,0.0,0.0,0.0,0.0,0.7976913452148438,23.950937271118164,0.0,0.0,0.0,0.0,0.8300762176513672,23.191633224487305,0.0,0.0,0.0,0.0,0.75616455078125,22.61223030090332,0.0,0.0,0.0,0.0,0.8129730224609375,24.473008155822754,0.0,0.0,0.0,0.0,0.8043899536132812,23.008803844451904,0.0,0.0,0.0,0.0,0.8172206878662109,23.1117525100708,0.0,0.0,0.0,0.0,0.82611083984375,23.4977445602417,0.0,0.0,0.0,0.0,0.806610107421875,23.77463150024414,0.0,0.0,0.0,0.0,0.804473876953125,23.398456573486328,0.0,0.0,0.0,0.0,0.8089526891708374,23.48481595516205,0.0,0.0,0.0,0.0,0.752532958984375,22.27436065673828,0.0,0.0,0.0,0.0,0.745208740234375,21.83749485015869,0.0,0.0,0.0,0.0,0.7315444946289062,21.794434547424316,0.0,0.0,0.0,0.0,0.732269287109375,22.255712509155273,0.0,0.0,0.0,0.0,0.6897964477539062,21.51483154296875,0.0,0.0,0.0,0.0,0.71539306640625,21.634803771972656,0.0,0.0,0.0,0.0,0.694610595703125,21.800405502319336,0.0,0.0,0.0,0.0,0.7588415145874023,22.54948329925537,0.0,0.0,0.0,0.0,0.71917724609375,22.949447631835938,0.0,0.0,0.0,0.0,0.7822775840759277,22.2714581489563,0.0,0.0,0.0,0.0,0.7929277420043945,23.460796356201172,0.0,0.0,0.0,0.0,0.7901401519775391,24.703188478946686,0.0,0.0,0.0,0.0
82,grounded,39,0.9078941345214844,24.04222983121872,0.0,0.0,0.0,0.0,0.6352119445800781,21.832984924316406,0.0,0.0,0.0,0.0,0.8719482421875,22.691905975341797,0.05672454833984375,1.2557440996170044,0.8759613037109375,0.9326858520507812,0.86590576171875,23.191986083984375,0.0561065673828125,1.200408935546875,0.86676025390625,0.9228668212890625,0.85247802734375,23.0428466796875,0.0,0.0,0.0,0.0,0.8486328125,23.255043029785156,0.0,0.0,0.0,0.0,0.8271713256835938,24.000709533691406,0.0,0.0,0.0,0.0,0.7673721313476562,24.832740783691406,0.0,0.0,0.0,0.0,0.7602729797363281,25.0101375579834,0.0,0.0,0.0,0.0,0.7385597229003906,24.470163345336914,0.0,0.0,0.0,0.0,0.791534423828125,25.735280990600586,0.0,0.0,0.0,0.0,0.8125801086425781,25.066513061523438,0.010190963745117188,0.010190963745117188,0.81988525390625,0.8300762176513672,0.75616455078125,24.604570388793945,0.0,0.0,0.0,0.0,0.8314313888549805,26.397482872009277,0.0,0.0,0.0,0.0,0.8043899536132812,24.90157651901245,0.0,0.0,0.0,0.0,0.8044281005859375,25.146732330322266,0.0,0.0,0.0,0.0,0.8274784088134766,25.65824282169342,0.04515838623046875,0.07972335815429688,0.7945175170898438,0.8396759033203125,0.806610107421875,25.496986389160156,0.0,0.0,0.0,0.0,0.7973995208740234,24.985450744628906,0.0,0.0,0.0,0.0,0.8089526891708374,25.402380347251892,0.0,0.0,0.0,0.0,0.752532958984375,24.224607467651367,0.0,0.0,0.0,0.0,0.745208740234375,23.31573486328125,0.0,0.0,0.0,0.0,0.7315444946289062,23.23801040649414,0.0,0.0,0.0,0.0,0.732269287109375,23.822028160095215,0.0,0.0,0.0,0.0,0.6897964477539062,22.9880473613739,0.0,0.0,0.0,0.0,0.71539306640625,23.127992630004883,0.0,0.0,0.0,0.0,0.694610595703125,23.309253692626953,0.0,0.0,0.0,0.0,0.7588415145874023,24.05130958557129,0.0,0.0,0.0,0.0,0.71917724609375,24.532062530517578,0.0,0.0,0.0,0.0,0.7822775840759277,23.870689392089844,0.0,0.0,0.0,0.0,0.7992947101593018,24.974069833755493,0.0,0.0,0.0,0.0,0.7976007461547852,26.485052466392517,0.0,0.0,0.0,0.0
82,hallucinated,38,0.9053535461425781,23.365324199199677,0.0,0.0,0.0,0.0,0.6352119445800781,21.26343536376953,0.0,0.0,0.0,0.0,0.8719482421875,22.052989959716797,0.05719757080078125,1.220847249031067,0.87548828125,0.9326858520507812,0.86590576171875,22.574615478515625,0.0561065673828125,1.1586227416992188,0.86676025390625,0.9228668212890625,0.85247802734375,22.411834716796875,0.0,0.0,0.0,0.0,0.8486328125,22.61963653564453,0.0,0.0,0.0,0.0,0.8271713256835938,23.314659118652344,0.0,0.0,0.0,0.0,0.7673721313476562,24.098609924316406,0.0,0.0,0.0,0.0,0.7602729797363281,24.332754135131836,0.0,0.0,0.0,0.0,0.7347488403320312,23.703248977661133,0.0,0.0,0.0,0.0,0.787445068359375,24.94148826599121,0.0,0.0,0.0,0.0,0.8125801086425781,24.334339141845703,0.010190963745117188,0.010190963745117188,0.81988525390625,0.8300762176513672,0.75616455078125,23.807336807250977,0.0,0.0,0.0,0.0,0.8314313888549805,25.569396018981934,0.0,0.0,0.0,0.0,0.8043899536132812,24.091242790222168,0.0,0.0,0.0,0.0,0.8039627075195312,24.279176950454712,0.0,0.0,0.0,0.0,0.8067889213562012,24.746692180633545,0.044734954833984375,0.07787895202636719,0.7949409484863281,0.8396759033203125,0.806610107421875,24.71243667602539,0.0,0.0,0.0,0.0,0.7982807159423828,24.19977569580078,0.0,0.0,0.0,0.0,0.8089526891708374,24.51701581478119,0.0,0.0,0.0,0.0,0.752532958984375,23.41356658935547,0.0,0.0,0.0,0.0,0.745208740234375,22.555461883544922,0.0,0.0,0.0,0.0,0.7315444946289062,22.560352325439453,0.0,0.0,0.0,0.0,0.732269287109375,23.14275074005127,0.0,0.0,0.0,0.0,0.6897964477539062,22.346224546432495,0.0,0.0,0.0,0.0,0.71539306640625,22.478962421417236,0.0,0.0,0.0,0.0,0.694610595703125,22.633960723876953,0.0,0.0,0.0,0.0,0.7588415145874023,23.427106857299805,0.0,0.0,0.0,0.0,0.71917724609375,23.865394592285156,0.0,0.0,0.0,0.0,0.7822775840759277,23.152266025543213,0.0,0.0,0.0,0.0,0.799572229385376,24.258814096450806,0.0,0.0,0.0,0.0,0.7955646514892578,25.745136618614197,0.0,0.0,0.0,0.0
83,grounded,35,0.8986034393310547,21.39416617155075,0.0,0.0,0.0,0.0,0.6444358825683594,19.572505950927734,0.0,0.0,0.0,0.0,0.877166748046875,20.217220306396484,0.05432891845703125,1.1300655603408813,0.878448486328125,0.9327774047851562,0.8674697875976562,20.65204620361328,0.051513671875,1.0148773193359375,0.8714752197265625,0.9229888916015625,0.8525238037109375,20.443798065185547,0.0,0.0,0.0,0.0,0.848602294921875,20.52153778076172,0.0,0.0,0.0,0.0,0.8268585205078125,21.55264663696289,0.0,0.0,0.0,0.0,0.7907905578613281,21.77414321899414,0.0,0.0,0.0,0.0,0.7601947784423828,21.840673446655273,0.0,0.0,0.0,0.0,0.7521352767944336,21.501425743103027,0.0,0.0,0.0,0.0,0.7757568359375,22.386987686157227,0.0,0.0,0.0,0.0,0.8303365707397461,21.91138744354248,0.0,0.0,0.0,0.0,0.7569427490234375,21.497365951538086,0.0,0.0,0.0,0.0,0.8143997192382812,22.65906524658203,0.0,0.0,0.0,0.0,0.8048553466796875,21.612507820129395,0.0,0.0,0.0,0.0,0.8058929443359375,21.832533836364746,0.0,0.0,0.0,0.0,0.80438232421875,21.935548305511475,0.0,0.0,0.0,0.0,0.8072013854980469,22.28892993927002,0.0,0.0,0.0,0.0,0.80548095703125,22.31256866455078,0.0,0.0,0.0,0.0,0.8093174695968628,22.125563502311707,0.0,0.0,0.0,0.0,0.752777099609375,20.83780288696289,0.0,0.0,0.0,0.0,0.7450408935546875,20.423080444335938,0.0,0.0,0.0,0.0,0.7321548461914062,20.509063720703125,0.0,0.0,0.0,0.0,0.7318572998046875,20.9177188873291,0.0,0.0,0.0,0.0,0.6894340515136719,20.30173110961914,0.0,0.0,0.0,0.0,0.71490478515625,20.504489421844482,0.0,0.0,0.0,0.0,0.694732666015625,20.492778778076172,0.0,0.0,0.0,0.0,0.7586355209350586,21.22808265686035,0.0,0.0,0.0,0.0,0.719512939453125,21.606002807617188,0.0,0.0,0.0,0.0,0.7819626331329346,21.20848822593689,0.0,0.0,0.0,0.0,0.7449188232421875,22.123437881469727,0.0,0.0,0.0,0.0,0.8034284114837646,23.567438304424286,0.0,0.0,0.0,0.0
83,hallucinated,35,0.8988475799560547,21.390095055103302,0.0,0.0,0.0,0.0,0.6444358825683594,19.598690032958984,0.0,0.0,0.0,0.0,0.8767852783203125,20.286113739013672,0.05561065673828125,1.11931574344635,0.877166748046875,0.9327774047851562,0.8674697875976562,20.69196319580078,0.05374908447265625,1.0199661254882812,0.8692398071289062,0.9229888916015625,0.8525238037109375,20.458690643310547,0.0,0.0,0.0,0.0,0.848602294921875,20.60303497314453,0.0,0.0,0.0,0.0,0.8268585205078125,21.551273345947266,0.0,0.0,0.0,0.0,0.7907905578613281,21.856998443603516,0.0,0.0,0.0,0.0,0.7601947784423828,21.930952072143555,0.0,0.0,0.0,0.0,0.7521352767944336,21.646307945251465,0.0,0.0,0.0,0.0,0.779022216796875,22.508546829223633,0.0,0.0,0.0,0.0,0.7956161499023438,21.987308502197266,0.0,0.0,0.0,0.0,0.7569427490234375,21.58346176147461,0.0,0.0,0.0,0.0,0.81951904296875,22.90927505493164,0.0,0.0,0.0,0.0,0.7998123168945312,21.66526699066162,0.0,0.0,0.0,0.0,0.8058929443359375,21.95591640472412,0.0,0.0,0.0,0.0,0.7947497367858887,22.145263195037842,0.035858154296875,0.035858154296875,0.80438232421875,0.840240478515625,0.8072013854980469,22.418763160705566,0.0,0.0,0.0,0.0,0.80548095703125,22.246017456054688,0.0,0.0,0.0,0.0,0.8093174695968628,22.109022974967957,0.0,0.0,0.0,0.0,0.752777099609375,20.905763626098633,0.0,0.0,0.0,0.0,0.7450408935546875,20.561050415039062,0.0,0.0,0.0,0.0,0.7321548461914062,20.58242416381836,0.0,0.0,0.0,0.0,0.7318572998046875,21.004220962524414,0.0,0.0,0.0,0.0,0.6894340515136719,20.409555435180664,0.0,0.0,0.0,0.0,0.71490478515625,20.523075103759766,0.0,0.0,0.0,0.0,0.694732666015625,20.528339385986328,0.0,0.0,0.0,0.0,0.7586355209350586,21.32084846496582,0.0,0.0,0.0,0.0,0.719512939453125,21.709327697753906,0.0,0.0,0.0,0.0,0.7819626331329346,21.344001531600952,0.0,0.0,0.0,0.0,0.7449188232421875,22.257478713989258,0.0,0.0,0.0,0.0,0.8034284114837646,23.696188867092133,0.0,0.0,0.0,0.0
84,grounded,39,0.9048824310302734,23.900879740715027,0.0,0.0,0.0,0.0,0.6406631469726562,21.877735137939453,0.0,0.0,0.0,0.0,0.875030517578125,22.78757095336914,0.05623626708984375,1.2842898964881897,0.8764495849609375,0.9326858520507812,0.86944580078125,23.150981903076172,0.0495758056640625,1.1574592590332031,0.873291015625,0.9228668212890625,0.85247802734375,22.947601318359375,0.0,0.0,0.0,0.0,0.8486328125,23.350601196289062,0.0,0.0,0.0,0.0,0.8271713256835938,24.000141143798828,0.0,0.0,0.0,0.0,0.7662086486816406,24.351181030273438,0.0,0.0,0.0,0.0,0.7602729797363281,24.671706199645996,0.0,0.0,0.0,0.0,0.7333660125732422,23.86305809020996,0.0,0.0,0.0,0.0,0.7875823974609375,25.40001106262207,0.0,0.0,0.0,0.0,0.8300762176513672,24.576766967773438,0.0,0.0,0.0,0.0,0.75616455078125,24.236629486083984,0.0,0.0,0.0,0.0,0.8113908767700195,25.706509590148926,0.0,0.0,0.0,0.0,0.8043899536132812,24.39718198776245,0.0,0.0,0.0,0.0,0.8053131103515625,24.498321533203125,0.0,0.0,0.0,0.0,0.8396759033203125,25.173060417175293,0.0,0.0,0.0,0.0,0.806610107421875,25.482065200805664,0.0,0.0,0.0,0.0,0.804473876953125,24.886865615844727,0.0,0.0,0.0,0.0,0.8089526891708374,25.076321482658386,0.0,0.0,0.0,0.0,0.752532958984375,23.73094940185547,0.0,0.0,0.0,0.0,0.745208740234375,23.33570098876953,0.0,0.0,0.0,0.0,0.7315444946289062,23.419960618019104,0.0,0.0,0.0,0.0,0.732269287109375,23.486244201660156,0.0,0.0,0.0,0.0,0.6897964477539062,22.717470169067383,0.0,0.0,0.0,0.0,0.71539306640625,22.874262809753418,0.0,0.0,0.0,0.0,0.694610595703125,23.182607650756836,0.0,0.0,0.0,0.0,0.7588415145874023,23.7974796295166,0.0,0.0,0.0,0.0,0.7296905517578125,24.488182067871094,0.0,0.0,0.0,0.0,0.7822775840759277,23.68116044998169,0.0,0.0,0.0,0.0,0.7546811103820801,25.35966730117798,0.0,0.0,0.0,0.0,0.795944333076477,26.583881497383118,0.0,0.0,0.0,0.0
84,hallucinated,46,0.9151935577392578,28.376945734024048,0.0,0.0,0.0,0.0,0.6406631469726562,25.97528648376465,0.0,0.0,0.0,0.0,0.875030517578125,27.046253204345703,0.05635833740234375,1.5722232460975647,0.8763275146484375,0.9326858520507812,0.8686370849609375,27.518291473388672,0.0534210205078125,1.4065990447998047,0.86944580078125,0.9228668212890625,0.85247802734375,27.157501220703125,0.0,0.0,0.0,0.0,0.8486328125,27.401779174804688,0.0,0.0,0.0,0.0,0.8271713256835938,28.380313873291016,0.0,0.0,0.0,0.0,0.7662086486816406,28.595703125,0.0,0.0,0.0,0.0,0.7602729797363281,29.561522483825684,0.0,0.0,0.0,0.0,0.7405281066894531,28.699064254760742,0.0,0.0,0.0,0.0,0.7678680419921875,30.289461135864258,0.0,0.0,0.0,0.0,0.7593841552734375,29.30088233947754,0.0,0.0,0.0,0.0,0.75616455078125,29.066055297851562,0.0,0.0,0.0,0.0,0.8115801811218262,30.610820293426514,0.0,0.0,0.0,0.0,0.8043899536132812,28.940298080444336,0.0,0.0,0.0,0.0,0.8053131103515625,29.04205894470215,0.0,0.0,0.0,0.0,0.7892360687255859,29.17161750793457,0.0,0.0,0.0,0.0,0.806610107421875,30.13394546508789,0.0,0.0,0.0,0.0,0.804473876953125,29.112808227539062,0.0,0.0,0.0,0.0,0.8089526891708374,29.41481053829193,0.0,0.0,0.0,0.0,0.752532958984375,27.736188411712646,0.0,0.0,0.0,0.0,0.745208740234375,27.403952598571777,0.0,0.0,0.0,0.0,0.7315444946289062,27.426931381225586,0.0,0.0,0.0,0.0,0.732269287109375,27.702064514160156,0.0,0.0,0.0,0.0,0.6897964477539062,26.727231979370117,0.0,0.0,0.0,0.0,0.71539306640625,26.857364654541016,0.0,0.0,0.0,0.0,0.694610595703125,27.285078048706055,0.0,0.0,0.0,0.0,0.7588415145874023,28.193705558776855,0.0,0.0,0.0,0.0,0.7253837585449219,28.951213836669922,0.0,0.0,0.0,0.0,0.7822775840759277,28.27190923690796,0.0,0.0,0.0,0.0,0.7742981910705566,30.018598556518555,0.0,0.0,0.0,0.0,0.7955551147460938,31.436759173870087,0.0,0.0,0.0,0.0
85,grounded,38,0.9062099456787109,23.308961987495422,0.0,0.0,0.0,0.0,0.6386451721191406,21.441986083984375,0.0,0.0,0.0,0.0,0.8744964599609375,22.183513641357422,0.05608367919921875,1.2535477876663208,0.8766021728515625,0.9326858520507812,0.86627197265625,22.598953247070312,0.0564422607421875,1.1859359741210938,0.866424560546875,0.9228668212890625,0.85247802734375,22.469070434570312,0.0,0.0,0.0,0.0,0.8486328125,22.80316162109375,0.0,0.0,0.0,0.0,0.8271713256835938,23.15231704711914,0.0,0.0,0.0,0.0,0.7558517456054688,23.96945571899414,0.0,0.0,0.0,0.0,0.7602729797363281,24.229145050048828,0.0,0.0,0.0,0.0,0.7445755004882812,23.549602508544922,0.0,0.0,0.0,0.0,0.7676486968994141,24.440889358520508,0.0,0.0,0.0,0.0,0.8146495819091797,24.262319564819336,0.0022487640380859375,0.0022487640380859375,0.8278274536132812,0.8300762176513672,0.7603759765625,24.212390899658203,0.0,0.0,0.0,0.0,0.8191604614257812,25.60443353652954,0.0,0.0,0.0,0.0,0.8043899536132812,24.17827320098877,0.0,0.0,0.0,0.0,0.8053131103515625,24.392345190048218,0.0,0.0,0.0,0.0,0.7939472198486328,24.658664226531982,0.0046234130859375,0.009211540222167969,0.835052490234375,0.8396759033203125,0.806610107421875,24.438459634780884,0.0,0.0,0.0,0.0,0.804473876953125,24.567992687225342,0.0,0.0,0.0,0.0,0.8089526891708374,24.473065733909607,0.0,0.0,0.0,0.0,0.752532958984375,23.36518669128418,0.0,0.0,0.0,0.0,0.745208740234375,22.71426773071289,0.0,0.0,0.0,0.0,0.7315444946289062,22.35889434814453,0.0,0.0,0.0,0.0,0.732269287109375,22.944927215576172,0.0,0.0,0.0,0.0,0.6897964477539062,22.493623733520508,0.0,0.0,0.0,0.0,0.71539306640625,22.54367446899414,0.0,0.0,0.0,0.0,0.694610595703125,22.638500213623047,0.0,0.0,0.0,0.0,0.7588415145874023,23.18980121612549,0.0,0.0,0.0,0.0,0.71917724609375,23.630085945129395,0.0,0.0,0.0,0.0,0.7822775840759277,23.022688388824463,0.0,0.0,0.0,0.0,0.7273311614990234,24.08768081665039,0.0,0.0,0.0,0.0,0.7743555903434753,25.823307693004608,0.0,0.0,0.0,0.0
85,hallucinated,37,0.9048976898193359,22.662828028202057,0.0,0.0,0.0,0.0,0.6386451721191406,20.848649978637695,0.0,0.0,0.0,0.0,0.8744964599609375,21.585247039794922,0.05608367919921875,1.2236024141311646,0.8766021728515625,0.9326858520507812,0.86627197265625,21.959243774414062,0.0564422607421875,1.1459579467773438,0.866424560546875,0.9228668212890625,0.85247802734375,21.844131469726562,0.0,0.0,0.0,0.0,0.8486328125,22.251598358154297,0.0,0.0,0.0,0.0,0.8271713256835938,22.53415298461914,0.0,0.0,0.0,0.0,0.7558517456054688,23.413921356201172,0.0,0.0,0.0,0.0,0.7602729797363281,23.58154296875,0.0,0.0,0.0,0.0,0.7271194458007812,22.84670066833496,0.0,0.0,0.0,0.0,0.7676486968994141,23.74858283996582,0.0,0.0,0.0,0.0,0.816192626953125,23.536718368530273,0.010084152221679688,0.010084152221679688,0.8199920654296875,0.8300762176513672,0.75616455078125,23.44338893890381,0.0,0.0,0.0,0.0,0.8077907562255859,24.71529722213745,0.00626373291015625,0.00626373291015625,0.7999114990234375,0.8061752319335938,0.8043899536132812,23.520931243896484,0.0,0.0,0.0,0.0,0.8053131103515625,23.718916654586792,0.0,0.0,0.0,0.0,0.8148460388183594,24.054593086242676,0.04864501953125,0.04864501953125,0.7910308837890625,0.8396759033203125,0.806610107421875,23.884058237075806,0.0,0.0,0.0,0.0,0.804473876953125,23.8766188621521,0.0,0.0,0.0,0.0,0.8089526891708374,23.81805169582367,0.0,0.0,0.0,0.0,0.752532958984375,22.617393493652344,0.0,0.0,0.0,0.0,0.745208740234375,22.106170654296875,0.0,0.0,0.0,0.0,0.7315444946289062,21.62497329711914,0.0,0.0,0.0,0.0,0.732269287109375,22.281665802001953,0.0,0.0,0.0,0.0,0.6897964477539062,21.892648696899414,0.0,0.0,0.0,0.0,0.71539306640625,21.895584106445312,0.0,0.0,0.0,0.0,0.694610595703125,21.945432662963867,0.0,0.0,0.0,0.0,0.7588415145874023,22.5135498046875,0.0,0.0,0.0,0.0,0.71917724609375,23.021297454833984,0.0,0.0,0.0,0.0,0.7822775840759277,22.52021074295044,0.0,0.0,0.0,0.0,0.7273311614990234,23.42813014984131,0.0,0.0,0.0,0.0,0.7707710266113281,25.020347833633423,0.0,0.0,0.0,0.0
86,grounded,33,0.8944282531738281,20.029151141643524,0.0,0.0,0.0,0.0,0.6427497863769531,18.398507118225098,0.0,0.0,0.0,0.0,0.8652801513671875,19.051227569580078,0.05641937255859375,1.025096356868744,0.8763580322265625,0.9327774047851562,0.8714752197265625,19.328140258789062,0.0510101318359375,0.927734375,0.871978759765625,0.9229888916015625,0.8525238037109375,19.305477142333984,0.0,0.0,0.0,0.0,0.848602294921875,19.560123443603516,0.0,0.0,0.0,0.0,0.8268585205078125,20.04953384399414,0.0,0.0,0.0,0.0,0.7699050903320312,20.63080596923828,0.0,0.0,0.0,0.0,0.7601947784423828,20.686195373535156,0.0,0.0,0.0,0.0,0.7399349212646484,20.077547073364258,0.0,0.0,0.0,0.0,0.7681903839111328,21.115236282348633,0.0,0.0,0.0,0.0,0.8303365707397461,20.73588466644287,0.0,0.0,0.0,0.0,0.7569427490234375,20.10240364074707,0.0,0.0,0.0,0.0,0.8082904815673828,21.446870803833008,0.0,0.0,0.0,0.0,0.8048553466796875,20.408367156982422,0.0,0.0,0.0,0.0,0.8058929443359375,20.81972360610962,0.0,0.0,0.0,0.0,0.840240478515625,20.711532592773438,0.0,0.0,0.0,0.0,0.8105883598327637,21.225823879241943,0.0,0.0,0.0,0.0,0.80548095703125,20.823534965515137,0.0,0.0,0.0,0.0,0.8093174695968628,21.08169448375702,0.0,0.0,0.0,0.0,0.752777099609375,19.831863403320312,0.0,0.0,0.0,0.0,0.7450408935546875,19.622879028320312,0.0,0.0,0.0,0.0,0.7321548461914062,19.398966789245605,0.0,0.0,0.0,0.0,0.7318572998046875,20.040353775024414,0.0,0.0,0.0,0.0,0.6894340515136719,19.241504311561584,0.0,0.0,0.0,0.0,0.71490478515625,19.415242195129395,0.0,0.0,0.0,0.0,0.694732666015625,19.68823480606079,0.0,0.0,0.0,0.0,0.7586355209350586,20.013300001621246,0.0,0.0,0.0,0.0,0.719512939453125,20.387020111083984,0.0,0.0,0.0,0.0,0.7819626331329346,19.9980651140213,0.0,0.0,0.0,0.0,0.792088508605957,21.042632579803467,0.0,0.0,0.0,0.0,0.7968435287475586,22.43207335472107,0.0,0.0,0.0,0.0
86,hallucinated,33,0.8942050933837891,19.97307002544403,0.0,0.0,0.0,0.0,0.6427497863769531,18.409118175506592,0.0,0.0,0.0,0.0,0.8652801513671875,19.00406265258789,0.05641937255859375,1.0163111090660095,0.8763580322265625,0.9327774047851562,0.8714752197265625,19.340438842773438,0.0510101318359375,0.9387741088867188,0.871978759765625,0.9229888916015625,0.8525238037109375,19.33230209350586,0.0,0.0,0.0,0.0,0.848602294921875,19.555084228515625,0.0,0.0,0.0,0.0,0.8268585205078125,20.109027862548828,0.0,0.0,0.0,0.0,0.7699050903320312,20.42510223388672,0.0,0.0,0.0,0.0,0.7601947784423828,20.678306579589844,0.0,0.0,0.0,0.0,0.7399349212646484,20.148807525634766,0.0,0.0,0.0,0.0,0.7771835327148438,21.089841842651367,0.0,0.0,0.0,0.0,0.8303365707397461,20.671359062194824,0.0,0.0,0.0,0.0,0.7569427490234375,20.055147171020508,0.0,0.0,0.0,0.0,0.8131103515625,21.443544387817383,0.0,0.0,0.0,0.0,0.8048553466796875,20.38313102722168,0.0,0.0,0.0,0.0,0.8058929443359375,20.77721643447876,0.0,0.0,0.0,0.0,0.840240478515625,20.713899612426758,0.0,0.0,0.0,0.0,0.8072013854980469,21.11566925048828,0.0,0.0,0.0,0.0,0.80548095703125,20.678532600402832,0.0,0.0,0.0,0.0,0.8093174695968628,20.875277400016785,0.0,0.0,0.0,0.0,0.752777099609375,19.728038787841797,0.0,0.0,0.0,0.0,0.7450408935546875,19.621170043945312,0.0,0.0,0.0,0.0,0.7321548461914062,19.372962951660156,0.0,0.0,0.0,0.0,0.7318572998046875,19.915664672851562,0.0,0.0,0.0,0.0,0.6894340515136719,19.288021087646484,0.0,0.0,0.0,0.0,0.71490478515625,19.332237243652344,0.0,0.0,0.0,0.0,0.694732666015625,19.575636863708496,0.0,0.0,0.0,0.0,0.7586355209350586,19.99126148223877,0.0,0.0,0.0,0.0,0.719512939453125,20.44391632080078,0.0,0.0,0.0,0.0,0.7819626331329346,20.005383491516113,0.0,0.0,0.0,0.0,0.792088508605957,20.9733943939209,0.0,0.0,0.0,0.0,0.7968435287475586,22.35062539577484,0.0,0.0,0.0,0.0
87,grounded,34,0.8971500396728516,20.722083508968353,0.0,0.0,0.0,0.0,0.6407279968261719,18.988880157470703,0.0,0.0,0.0,0.0,0.8650054931640625,19.649898529052734,0.06270599365234375,1.1212273836135864,0.8700714111328125,0.9327774047851562,0.8702239990234375,19.9715576171875,0.0507354736328125,0.9570083618164062,0.87225341796875,0.9229888916015625,0.8525238037109375,19.832828521728516,0.0,0.0,0.0,0.0,0.848602294921875,19.896018981933594,0.0,0.0,0.0,0.0,0.8268585205078125,20.563064575195312,0.0,0.0,0.0,0.0,0.7672119140625,20.756328582763672,0.0,0.0,0.0,0.0,0.7601947784423828,21.049070358276367,0.0,0.0,0.0,0.0,0.7310752868652344,20.51904296875,0.0,0.0,0.0,0.0,0.7681903839111328,21.388408660888672,0.0,0.0,0.0,0.0,0.8303365707397461,21.266860008239746,0.0,0.0,0.0,0.0,0.7569427490234375,20.789062976837158,0.0,0.0,0.0,0.0,0.8152189254760742,21.950243949890137,0.0,0.0,0.0,0.0,0.8048553466796875,21.025031089782715,0.0,0.0,0.0,0.0,0.8058929443359375,21.06667709350586,0.0,0.0,0.0,0.0,0.8023147583007812,21.454482555389404,0.0,0.0,0.0,0.0,0.8072013854980469,21.516969203948975,0.0,0.0,0.0,0.0,0.80548095703125,21.269227981567383,0.0,0.0,0.0,0.0,0.8093174695968628,21.436204433441162,0.0,0.0,0.0,0.0,0.752777099609375,20.343351364135742,0.0,0.0,0.0,0.0,0.7450408935546875,19.790252685546875,0.0,0.0,0.0,0.0,0.7321548461914062,19.88125228881836,0.0,0.0,0.0,0.0,0.73468017578125,20.33624267578125,0.0,0.0,0.0,0.0,0.6903076171875,19.74817657470703,0.0,0.0,0.0,0.0,0.71490478515625,19.809054374694824,0.0,0.0,0.0,0.0,0.694732666015625,19.912419319152832,0.0,0.0,0.0,0.0,0.7586355209350586,20.513431549072266,0.0,0.0,0.0,0.0,0.7298011779785156,21.06603479385376,0.0,0.0,0.0,0.0,0.7819626331329346,20.57526421546936,0.0,0.0,0.0,0.0,0.789954423904419,21.550622701644897,0.0,0.0,0.0,0.0,0.8036382794380188,22.894737660884857,0.0,0.0,0.0,0.0
87,hallucinated,43,0.9145832061767578,26.625941455364227,0.0,0.0,0.0,0.0,0.6407737731933594,24.306442260742188,0.0,0.0,0.0,0.0,0.8645477294921875,25.28807830810547,0.06336212158203125,1.4442739486694336,0.86932373046875,0.9326858520507812,0.86944580078125,25.695648193359375,0.0514678955078125,1.3015670776367188,0.87139892578125,0.9228668212890625,0.85247802734375,25.45172119140625,0.0,0.0,0.0,0.0,0.8486328125,25.760215759277344,0.0,0.0,0.0,0.0,0.8271713256835938,26.367141723632812,0.0,0.0,0.0,0.0,0.766082763671875,26.942951202392578,0.0,0.0,0.0,0.0,0.7602729797363281,27.298274993896484,0.0,0.0,0.0,0.0,0.7577877044677734,26.842134475708008,0.0,0.0,0.0,0.0,0.7726364135742188,28.024818420410156,0.0,0.0,0.0,0.0,0.7999649047851562,27.815799713134766,0.0039424896240234375,0.0039424896240234375,0.8261337280273438,0.8300762176513672,0.7794094085693359,27.64988946914673,0.0,0.0,0.0,0.0,0.8768386840820312,29.242542266845703,0.0,0.0,0.0,0.0,0.8043899536132812,27.78885841369629,0.0,0.0,0.0,0.0,0.8008627891540527,28.010232090950012,0.005950927734375,0.00595855712890625,0.7993621826171875,0.8053131103515625,0.8425369262695312,28.753485202789307,0.0375213623046875,0.08769989013671875,0.802154541015625,0.8396759033203125,0.806610107421875,28.457777500152588,0.0,0.0,0.0,0.0,0.804473876953125,28.03833246231079,0.0,0.0,0.0,0.0,0.8119423389434814,28.347317337989807,0.0,0.0,0.0,0.0,0.752532958984375,26.80779504776001,0.0,0.0,0.0,0.0,0.745208740234375,25.901273727416992,0.0,0.0,0.0,0.0,0.7315444946289062,25.65834617614746,0.0,0.0,0.0,0.0,0.7351455688476562,26.35486602783203,0.0,0.0,0.0,0.0,0.689910888671875,25.438880920410156,0.0,0.0,0.0,0.0,0.71539306640625,25.451263427734375,0.0,0.0,0.0,0.0,0.694610595703125,25.752251625061035,0.0,0.0,0.0,0.0,0.7588415145874023,26.388460159301758,0.0,0.0,0.0,0.0,0.7338790893554688,27.358765602111816,0.0,0.0,0.0,0.0,0.7822775840759277,26.5756858587265,0.0,0.0,0.0,0.0,0.7906794548034668,28.026360034942627,0.0,0.0,0.0,0.0,0.8031905293464661,29.550919711589813,0.0,0.0,0.0,0.0
88,grounded,38,0.9025020599365234,23.16320091485977,0.0,0.0,0.0,0.0,0.6402626037597656,21.410293579101562,0.0,0.0,0.0,0.0,0.8653717041015625,22.162982940673828,0.06244659423828125,1.2595736980438232,0.8702392578125,0.9326858520507812,0.87213134765625,22.41162109375,0.0501861572265625,1.11590576171875,0.8726806640625,0.9228668212890625,0.85247802734375,22.332443237304688,0.0,0.0,0.0,0.0,0.8486328125,22.681488037109375,0.0,0.0,0.0,0.0,0.8271713256835938,23.318775177001953,0.0,0.0,0.0,0.0,0.759124755859375,23.75234603881836,0.0,0.0,0.0,0.0,0.7602729797363281,23.963330268859863,0.0,0.0,0.0,0.0,0.7752418518066406,23.745773315429688,0.0,0.0,0.0,0.0,0.7676486968994141,24.595666885375977,0.0,0.0,0.0,0.0,0.8300762176513672,24.394962310791016,0.0,0.0,0.0,0.0,0.7675857543945312,24.018423080444336,0.0,0.0,0.0,0.0,0.8061752319335938,25.134346961975098,0.0,0.0,0.0,0.0,0.8043899536132812,24.033897399902344,0.0,0.0,0.0,0.0,0.8053131103515625,24.54208469390869,0.0,0.0,0.0,0.0,0.7813289165496826,24.39428400993347,0.0,0.0,0.0,0.0,0.806610107421875,24.747547149658203,0.0,0.0,0.0,0.0,0.804473876953125,24.689096450805664,0.0,0.0,0.0,0.0,0.8089526891708374,24.648355841636658,0.0,0.0,0.0,0.0,0.752532958984375,23.313419342041016,0.0,0.0,0.0,0.0,0.745208740234375,22.89120864868164,0.0,0.0,0.0,0.0,0.7315444946289062,22.681516647338867,0.0,0.0,0.0,0.0,0.732269287109375,22.886497497558594,0.0,0.0,0.0,0.0,0.6897964477539062,22.198089599609375,0.0,0.0,0.0,0.0,0.71539306640625,22.27434539794922,0.0,0.0,0.0,0.0,0.694610595703125,22.62596893310547,0.0,0.0,0.0,0.0,0.7588415145874023,23.301166534423828,0.0,0.0,0.0,0.0,0.71917724609375,23.73065185546875,0.0,0.0,0.0,0.0,0.7822775840759277,23.121065616607666,0.0,0.0,0.0,0.0,0.773834228515625,24.43744468688965,0.0,0.0,0.0,0.0,0.7793310880661011,25.851195693016052,0.0,0.0,0.0,0.0
88,hallucinated,37,0.9012126922607422,22.52654892206192,0.0,0.0,0.0,0.0,0.6402626037597656,20.84991455078125,0.0,0.0,0.0,0.0,0.8653717041015625,21.559864044189453,0.06244659423828125,1.2125651836395264,0.8702392578125,0.9326858520507812,0.87213134765625,21.786407470703125,0.0501861572265625,1.068115234375,0.8726806640625,0.9228668212890625,0.85247802734375,21.713272094726562,0.0,0.0,0.0,0.0,0.8486328125,22.063955307006836,0.0,0.0,0.0,0.0,0.8271713256835938,22.65414810180664,0.0,0.0,0.0,0.0,0.752777099609375,23.151927947998047,0.0,0.0,0.0,0.0,0.7602729797363281,23.318153381347656,0.0,0.0,0.0,0.0,0.7813664674758911,23.041780591011047,0.0,0.0,0.0,0.0,0.7676486968994141,23.878793716430664,0.0,0.0,0.0,0.0,0.8300762176513672,23.732009887695312,0.0,0.0,0.0,0.0,0.7705764770507812,23.350473403930664,0.0,0.0,0.0,0.0,0.8155899047851562,24.551435470581055,0.0,0.0,0.0,0.0,0.8043899536132812,23.360822439193726,0.0,0.0,0.0,0.0,0.8053131103515625,23.93752145767212,0.0,0.0,0.0,0.0,0.7815029621124268,23.752413034439087,0.0,0.0,0.0,0.0,0.806610107421875,23.963010787963867,0.0,0.0,0.0,0.0,0.804473876953125,23.56755828857422,0.0,0.0,0.0,0.0,0.8089526891708374,23.90927827358246,0.0,0.0,0.0,0.0,0.752532958984375,22.603933334350586,0.0,0.0,0.0,0.0,0.745208740234375,22.15166473388672,0.0,0.0,0.0,0.0,0.7315444946289062,21.90460968017578,0.0,0.0,0.0,0.0,0.732269287109375,22.153003692626953,0.0,0.0,0.0,0.0,0.6897964477539062,21.596477508544922,0.0,0.0,0.0,0.0,0.71539306640625,21.602651596069336,0.0,0.0,0.0,0.0,0.694610595703125,21.866416931152344,0.0,0.0,0.0,0.0,0.7588415145874023,22.51855754852295,0.0,0.0,0.0,0.0,0.71917724609375,23.091737747192383,0.0,0.0,0.0,0.0,0.7822775840759277,22.35865068435669,0.0,0.0,0.0,0.0,0.7733058929443359,23.645957469940186,0.0,0.0,0.0,0.0,0.7786557078361511,24.88533180952072,0.0,0.0,0.0,0.0
89,grounded,32,0.8914756774902344,19.367242991924286,0.0,0.0,0.0,0.0,0.6412620544433594,17.78815460205078,0.0,0.0,0.0,0.0,0.8748779296875,18.455764770507812,0.0563812255859375,0.9963982105255127,0.87646484375,0.9328460693359375,0.86737060546875,18.7027587890625,0.0543365478515625,0.9262161254882812,0.8685455322265625,0.922882080078125,0.8529586791992188,18.713104248046875,0.0,0.0,0.0,0.0,0.8491973876953125,18.963966369628906,0.0,0.0,0.0,0.0,0.826873779296875,19.354969024658203,0.0,0.0,0.0,0.0,0.7558822631835938,19.730918884277344,0.0,0.0,0.0,0.0,0.7604351043701172,20.088990211486816,0.0,0.0,0.0,0.0,0.7970199584960938,19.910682678222656,0.0,0.0,0.0,0.0,0.7779998779296875,20.583110809326172,0.0,0.0,0.0,0.0,0.8277711868286133,20.41017246246338,0.0,0.0,0.0,0.0,0.7580947875976562,20.05225372314453,0.0,0.0,0.0,0.0,0.8106880187988281,21.16766929626465,0.0,0.0,0.0,0.0,0.8018264770507812,20.295950174331665,0.0,0.0,0.0,0.0,0.8326907157897949,20.58334732055664,0.0,0.0,0.0,0.0,0.8384284973144531,20.575654983520508,0.0,0.0,0.0,0.0,0.8057937622070312,20.437633514404297,0.0,0.0,0.0,0.0,0.8037567138671875,20.289688110351562,0.0,0.0,0.0,0.0,0.8084371089935303,20.45321536064148,0.0,0.0,0.0,0.0,0.752960205078125,19.49779510498047,0.0,0.0,0.0,0.0,0.74493408203125,19.154415130615234,0.0,0.0,0.0,0.0,0.7316436767578125,18.94121551513672,0.0,0.0,0.0,0.0,0.7320938110351562,19.146995544433594,0.0,0.0,0.0,0.0,0.6897659301757812,18.71496295928955,0.0,0.0,0.0,0.0,0.7156257629394531,18.876157760620117,0.0,0.0,0.0,0.0,0.6943359375,19.02410125732422,0.0,0.0,0.0,0.0,0.7588987350463867,19.33804965019226,0.0,0.0,0.0,0.0,0.719512939453125,19.884113311767578,0.0,0.0,0.0,0.0,0.7820165157318115,19.479336977005005,0.0,0.0,0.0,0.0,0.766606330871582,20.55985164642334,0.0,0.0,0.0,0.0,0.7955291271209717,21.82001656293869,0.0,0.0,0.0,0.0
89,hallucinated,32,0.8923244476318359,19.37984675168991,0.0,0.0,0.0,0.0,0.6412620544433594,17.77935028076172,0.0,0.0,0.0,0.0,0.8748779296875,18.475082397460938,0.0559234619140625,0.9715530872344971,0.876922607421875,0.9328460693359375,0.86737060546875,18.673828125,0.0543365478515625,0.9161605834960938,0.8685455322265625,0.922882080078125,0.8529586791992188,18.659164428710938,0.0,0.0,0.0,0.0,0.8491973876953125,18.98072052001953,0.0,0.0,0.0,0.0,0.826873779296875,19.356861114501953,0.0,0.0,0.0,0.0,0.762908935546875,19.945148468017578,0.0,0.0,0.0,0.0,0.7604351043701172,20.174782752990723,0.0,0.0,0.0,0.0,0.7340545654296875,19.860675811767578,0.0,0.0,0.0,0.0,0.7811508178710938,20.600727081298828,0.0,0.0,0.0,0.0,0.8277711868286133,20.475674629211426,0.0,0.0,0.0,0.0,0.7972946166992188,20.137592315673828,0.0,0.0,0.0,0.0,0.8316841125488281,21.2551212310791,0.0,0.0,0.0,0.0,0.8018264770507812,20.42257285118103,0.0,0.0,0.0,0.0,0.8326907157897949,20.75138807296753,0.0,0.0,0.0,0.0,0.8384284973144531,20.71457290649414,0.0,0.0,0.0,0.0,0.8057937622070312,20.602584838867188,0.0,0.0,0.0,0.0,0.8037567138671875,20.31181526184082,0.0,0.0,0.0,0.0,0.8084371089935303,20.612518548965454,0.0,0.0,0.0,0.0,0.752960205078125,19.541959762573242,0.0,0.0,0.0,0.0,0.74493408203125,19.12513542175293,0.0,0.0,0.0,0.0,0.7316436767578125,18.898101806640625,0.0,0.0,0.0,0.0,0.7320938110351562,19.161949157714844,0.0,0.0,0.0,0.0,0.6897659301757812,18.740559577941895,0.0,0.0,0.0,0.0,0.7156257629394531,18.830018997192383,0.0,0.0,0.0,0.0,0.6943359375,18.930526733398438,0.0,0.0,0.0,0.0,0.7588987350463867,19.242894172668457,0.0,0.0,0.0,0.0,0.719512939453125,19.836910247802734,0.0,0.0,0.0,0.0,0.7820165157318115,19.409130811691284,0.0,0.0,0.0,0.0,0.766606330871582,20.442288398742676,0.0,0.0,0.0,0.0,0.7903204560279846,21.73216074705124,0.0,0.0,0.0,0.0
90,grounded,43,0.9129905700683594,26.578374683856964,0.0,0.0,0.0,0.0,0.6370811462402344,24.127685546875,0.0,0.0,0.0,0.0,0.874420166015625,25.209083557128906,0.05655670166015625,1.4226370453834534,0.876129150390625,0.9326858520507812,0.8650054931640625,25.587417602539062,0.0571136474609375,1.3715362548828125,0.865753173828125,0.9228668212890625,0.85247802734375,25.620094299316406,0.0,0.0,0.0,0.0,0.8486328125,26.082901000976562,0.0,0.0,0.0,0.0,0.8271713256835938,26.65802001953125,0.0,0.0,0.0,0.0,0.7606124877929688,27.530899047851562,0.0,0.0,0.0,0.0,0.7602729797363281,27.536388397216797,0.0,0.0,0.0,0.0,0.767822265625,27.527679443359375,0.0,0.0,0.0,0.0,0.8066864013671875,28.55140495300293,0.0,0.0,0.0,0.0,0.8104400634765625,28.026376724243164,0.0001201629638671875,0.0001201629638671875,0.8299560546875,0.8300762176513672,0.7945423126220703,27.92527961730957,0.0,0.0,0.0,0.0,0.8344631195068359,29.399883270263672,0.0,0.0,0.0,0.0,0.8043899536132812,27.9722820520401,0.0,0.0,0.0,0.0,0.7957954406738281,28.22600555419922,0.0,0.0,0.0,0.0,0.8475313186645508,28.667391777038574,0.05020904541015625,0.17556381225585938,0.7894668579101562,0.8396759033203125,0.806610107421875,28.566509246826172,0.0,0.0,0.0,0.0,0.804473876953125,28.089134216308594,0.0,0.0,0.0,0.0,0.8089526891708374,28.570492148399353,0.0,0.0,0.0,0.0,0.752532958984375,26.811111450195312,0.0,0.0,0.0,0.0,0.745208740234375,26.041160583496094,0.0,0.0,0.0,0.0,0.7315444946289062,25.64092445373535,0.0,0.0,0.0,0.0,0.732269287109375,26.327861785888672,0.0,0.0,0.0,0.0,0.6897964477539062,25.311912536621094,0.0,0.0,0.0,0.0,0.71539306640625,25.57489585876465,0.0,0.0,0.0,0.0,0.694610595703125,25.956027507781982,0.0,0.0,0.0,0.0,0.7588415145874023,26.463850438594818,0.0,0.0,0.0,0.0,0.7333183288574219,27.169532299041748,0.0,0.0,0.0,0.0,0.7822775840759277,26.12097978591919,0.0,0.0,0.0,0.0,0.7739496231079102,27.69006657600403,0.0,0.0,0.0,0.0,0.7892154455184937,29.10044777393341,0.0,0.0,0.0,0.0
90,hallucinated,49,0.9200916290283203,30.52802264690399,0.0,0.0,0.0,0.0,0.6370811462402344,27.692665100097656,0.0,0.0,0.0,0.0,0.874420166015625,28.942794799804688,0.05446624755859375,1.6575117707252502,0.8782196044921875,0.9326858520507812,0.8650054931640625,29.276473999023438,0.0571136474609375,1.6292343139648438,0.865753173828125,0.9228668212890625,0.85247802734375,29.47168731689453,0.0,0.0,0.0,0.0,0.8486328125,29.930418014526367,0.0,0.0,0.0,0.0,0.8271713256835938,30.574554443359375,0.0,0.0,0.0,0.0,0.7606124877929688,31.884902954101562,0.0,0.0,0.0,0.0,0.7602729797363281,31.70508575439453,0.0,0.0,0.0,0.0,0.7671394348144531,31.764610290527344,0.0,0.0,0.0,0.0,0.7987060546875,33.227495193481445,0.0,0.0,0.0,0.0,0.8066940307617188,32.22238349914551,0.018735885620117188,0.02144622802734375,0.81134033203125,0.8300762176513672,0.7708282470703125,32.25935935974121,0.0,0.0,0.0,0.0,0.8348960876464844,34.19470977783203,0.0,0.0,0.0,0.0,0.7886276245117188,32.4448881149292,0.0,0.0,0.0,0.0,0.7992229461669922,32.81657123565674,0.0,0.0,0.0,0.0,0.8374099731445312,33.13920307159424,0.05755615234375,0.12251091003417969,0.7821197509765625,0.8396759033203125,0.806610107421875,32.853498458862305,0.0,0.0,0.0,0.0,0.804473876953125,32.27445602416992,0.0,0.0,0.0,0.0,0.8089526891708374,32.807536482810974,0.0,0.0,0.0,0.0,0.752532958984375,30.740267753601074,0.0,0.0,0.0,0.0,0.745208740234375,29.70482635498047,0.0,0.0,0.0,0.0,0.7315444946289062,29.285037994384766,0.0,0.0,0.0,0.0,0.732269287109375,30.315811157226562,0.0,0.0,0.0,0.0,0.6897964477539062,28.95306396484375,0.0,0.0,0.0,0.0,0.71539306640625,29.3110408782959,0.0,0.0,0.0,0.0,0.694610595703125,29.642058849334717,0.0,0.0,0.0,0.0,0.7588415145874023,30.310438573360443,0.0,0.0,0.0,0.0,0.7198219299316406,30.999629497528076,0.0,0.0,0.0,0.0,0.7822775840759277,29.84086561203003,0.0,0.0,0.0,0.0,0.7740268707275391,31.596598863601685,0.0,0.0,0.0,0.0,0.7886794209480286,33.2368643283844,0.0,0.0,0.0,0.0
91,grounded,49,0.9205245971679688,30.420385658740997,0.0,0.0,0.0,0.0,0.6372146606445312,27.74727439880371,0.0,0.0,0.0,0.0,0.869873046875,28.747024536132812,0.05626678466796875,1.6399428844451904,0.8764190673828125,0.9326858520507812,0.86041259765625,29.486385345458984,0.058074951171875,1.597467064857483,0.8647918701171875,0.9228668212890625,0.85247802734375,29.211688995361328,0.0,0.0,0.0,0.0,0.8486328125,29.696556091308594,0.0,0.0,0.0,0.0,0.8271713256835938,30.43350601196289,0.0,0.0,0.0,0.0,0.76715087890625,31.56527328491211,0.0,0.0,0.0,0.0,0.7602729797363281,31.47386932373047,0.0,0.0,0.0,0.0,0.7702388763427734,31.612459182739258,0.0,0.0,0.0,0.0,0.7832183837890625,32.6869353055954,0.0,0.0,0.0,0.0,0.786224365234375,32.64027786254883,0.04308891296386719,0.04308891296386719,0.7869873046875,0.8300762176513672,0.7798004150390625,32.04691696166992,0.0,0.0,0.0,0.0,0.8470706939697266,34.247697591781616,0.0,0.0,0.0,0.0,0.8043899536132812,32.5190954208374,0.0,0.0,0.0,0.0,0.8079757690429688,32.97443836927414,0.0,0.0,0.0,0.0,0.8622426986694336,33.41545557975769,0.03826141357421875,0.1550121307373047,0.8014144897460938,0.8396759033203125,0.806610107421875,32.63302135467529,0.0,0.0,0.0,0.0,0.7978057861328125,32.71481657028198,0.00392913818359375,0.00392913818359375,0.8005447387695312,0.804473876953125,0.8026580810546875,32.48816919326782,0.0,0.0,0.0,0.0,0.752532958984375,30.523747444152832,0.0,0.0,0.0,0.0,0.745208740234375,29.610965728759766,0.0,0.0,0.0,0.0,0.7315444946289062,29.39434266090393,0.0,0.0,0.0,0.0,0.732269287109375,30.120030403137207,0.0,0.0,0.0,0.0,0.6897964477539062,29.41843032836914,0.0,0.0,0.0,0.0,0.71539306640625,29.349265217781067,0.0,0.0,0.0,0.0,0.694610595703125,29.47270107269287,0.0,0.0,0.0,0.0,0.7588415145874023,30.377113342285156,0.0,0.0,0.0,0.0,0.7457571029663086,31.301637172698975,0.0,0.0,0.0,0.0,0.7822775840759277,30.400631546974182,0.0,0.0,0.0,0.0,0.8156365156173706,32.218814432621,0.0,0.0,0.0,0.0,0.7958645224571228,33.90197640657425,0.0,0.0,0.0,0.0
91,hallucinated,47,0.919036865234375,29.134492218494415,0.0,0.0,0.0,0.0,0.6372146606445312,26.592824935913086,0.0,0.0,0.0,0.0,0.869873046875,27.56578826904297,0.05626678466796875,1.5609252452850342,0.8764190673828125,0.9326858520507812,0.86041259765625,28.226543426513672,0.058074951171875,1.5076433420181274,0.8647918701171875,0.9228668212890625,0.85247802734375,27.98044204711914,0.0,0.0,0.0,0.0,0.8486328125,28.434547424316406,0.0,0.0,0.0,0.0,0.8271713256835938,29.162630081176758,0.0,0.0,0.0,0.0,0.7667770385742188,30.130720138549805,0.0,0.0,0.0,0.0,0.7602729797363281,30.071876525878906,0.0,0.0,0.0,0.0,0.7705087661743164,30.151772499084473,0.0,0.0,0.0,0.0,0.7836151123046875,31.132030367851257,0.0,0.0,0.0,0.0,0.7855453491210938,31.087295532226562,0.0,0.0,0.0,0.0,0.7800827026367188,30.489948272705078,0.0,0.0,0.0,0.0,0.8479347229003906,32.56063628196716,0.0,0.0,0.0,0.0,0.8043899536132812,30.92074680328369,0.0,0.0,0.0,0.0,0.8079757690429688,31.352096378803253,0.0,0.0,0.0,0.0,0.8622426986694336,31.76531672477722,0.033565521240234375,0.10287666320800781,0.8061103820800781,0.8396759033203125,0.806610107421875,31.118342399597168,0.0,0.0,0.0,0.0,0.7965011596679688,31.13877296447754,0.0,0.0,0.0,0.0,0.8032379150390625,30.972861289978027,0.0,0.0,0.0,0.0,0.752532958984375,29.116313934326172,0.0,0.0,0.0,0.0,0.745208740234375,28.313858032226562,0.0,0.0,0.0,0.0,0.7315444946289062,28.102549076080322,0.0,0.0,0.0,0.0,0.732269287109375,28.803940773010254,0.0,0.0,0.0,0.0,0.6897964477539062,28.063373565673828,0.0,0.0,0.0,0.0,0.71539306640625,28.06179440021515,0.0,0.0,0.0,0.0,0.694610595703125,28.132404327392578,0.0,0.0,0.0,0.0,0.7588415145874023,29.019155502319336,0.0,0.0,0.0,0.0,0.7457571029663086,29.861543655395508,0.0,0.0,0.0,0.0,0.7822775840759277,29.09877872467041,0.0,0.0,0.0,0.0,0.8155330419540405,30.771725714206696,0.0,0.0,0.0,0.0,0.7950177788734436,32.42069000005722,0.0,0.0,0.0,0.0
92,grounded,46,0.9185371398925781,28.566806375980377,0.0,0.0,0.0,0.0,0.6361579895019531,25.9273681640625,0.0,0.0,0.0,0.0,0.876190185546875,27.05474090576172,0.05626678466796875,1.591100037097931,0.8764190673828125,0.9326858520507812,0.8616180419921875,27.605133056640625,0.0552978515625,1.4657058715820312,0.8675689697265625,0.9228668212890625,0.85247802734375,27.1953125,0.0,0.0,0.0,0.0,0.8486328125,27.82971954345703,0.0,0.0,0.0,0.0,0.8271713256835938,28.778770446777344,0.0,0.0,0.0,0.0,0.7788581848144531,29.20745849609375,0.0,0.0,0.0,0.0,0.7602729797363281,29.540693283081055,0.0,0.0,0.0,0.0,0.7621574401855469,29.26505756378174,0.0,0.0,0.0,0.0,0.7920455932617188,30.948469161987305,0.0,0.0,0.0,0.0,0.8077468872070312,30.2436580657959,0.019758224487304688,0.031185150146484375,0.8103179931640625,0.8300762176513672,0.8004608154296875,30.02843952178955,0.0,0.0,0.0,0.0,0.8713397979736328,32.10107612609863,0.006328582763671875,0.006328582763671875,0.7998466491699219,0.8061752319335938,0.8043899536132812,30.274871349334717,0.0,0.0,0.0,0.0,0.8536748886108398,31.170252442359924,0.03185272216796875,0.0609283447265625,0.7734603881835938,0.8053131103515625,0.8191953301429749,30.97017341852188,0.037872314453125,0.21040725708007812,0.8018035888671875,0.8396759033203125,0.806610107421875,30.826406955718994,0.0,0.0,0.0,0.0,0.804473876953125,30.101346969604492,0.0,0.0,0.0,0.0,0.7925872802734375,30.46330976486206,0.0,0.0,0.0,0.0,0.752532958984375,28.88600730895996,0.0,0.0,0.0,0.0,0.745208740234375,28.472591400146484,0.0,0.0,0.0,0.0,0.7315444946289062,27.684188842773438,0.0,0.0,0.0,0.0,0.732269287109375,28.303173065185547,0.0,0.0,0.0,0.0,0.6897964477539062,27.328478813171387,0.0,0.0,0.0,0.0,0.71539306640625,27.40799331665039,0.0,0.0,0.0,0.0,0.694610595703125,27.605182647705078,0.0,0.0,0.0,0.0,0.7588415145874023,28.55132246017456,0.0,0.0,0.0,0.0,0.7507553100585938,28.95140838623047,0.0,0.0,0.0,0.0,0.7822775840759277,28.335114002227783,0.0,0.0,0.0,0.0,0.780156135559082,29.837108612060547,0.0,0.0,0.0,0.0,0.8023145198822021,31.321391761302948,0.0,0.0,0.0,0.0
92,hallucinated,36,0.9034461975097656,22.06354296207428,0.0,0.0,0.0,0.0,0.6361579895019531,20.073699951171875,0.0,0.0,0.0,0.0,0.8756103515625,20.861610412597656,0.05649566650390625,1.1913769841194153,0.876190185546875,0.9326858520507812,0.8616180419921875,21.19866943359375,0.0552978515625,1.102020263671875,0.8675689697265625,0.9228668212890625,0.85247802734375,20.992599487304688,0.0,0.0,0.0,0.0,0.8486328125,21.21932601928711,0.0,0.0,0.0,0.0,0.8271713256835938,22.054061889648438,0.0,0.0,0.0,0.0,0.7790451049804688,22.426795959472656,0.0,0.0,0.0,0.0,0.7602729797363281,22.706266403198242,0.0,0.0,0.0,0.0,0.7523422241210938,22.34206247329712,0.0,0.0,0.0,0.0,0.7932891845703125,23.270288467407227,0.0,0.0,0.0,0.0,0.7944412231445312,22.7613582611084,0.03196525573730469,0.07164192199707031,0.7981109619140625,0.8300762176513672,0.7648429870605469,22.404382705688477,0.0,0.0,0.0,0.0,0.84027099609375,23.731792449951172,0.0,0.0,0.0,0.0,0.8043899536132812,22.5933039188385,0.0,0.0,0.0,0.0,0.81634521484375,22.978277444839478,0.0,0.0,0.0,0.0,0.8194146156311035,23.08391809463501,0.018667221069335938,0.03595542907714844,0.8210086822509766,0.8396759033203125,0.806610107421875,23.267280101776123,0.0,0.0,0.0,0.0,0.804473876953125,22.81442642211914,0.0,0.0,0.0,0.0,0.8089526891708374,22.904563307762146,0.0,0.0,0.0,0.0,0.752532958984375,21.914958953857422,0.0,0.0,0.0,0.0,0.745208740234375,21.427898406982422,0.0,0.0,0.0,0.0,0.7315444946289062,21.111366271972656,0.0,0.0,0.0,0.0,0.732269287109375,21.49787139892578,0.0,0.0,0.0,0.0,0.6897964477539062,21.02422523498535,0.0,0.0,0.0,0.0,0.71539306640625,21.098522186279297,0.0,0.0,0.0,0.0,0.694610595703125,21.230113983154297,0.0,0.0,0.0,0.0,0.7588415145874023,21.966087341308594,0.0,0.0,0.0,0.0,0.71917724609375,22.329696655273438,0.0,0.0,0.0,0.0,0.7822775840759277,21.720287322998047,0.0,0.0,0.0,0.0,0.779820442199707,22.755573272705078,0.0,0.0,0.0,0.0,0.8032433986663818,24.282347202301025,0.0,0.0,0.0,0.0
93,grounded,41,0.910247802734375,25.357220828533173,0.0,0.0,0.0,0.0,0.6384086608886719,23.1103253364563,0.0,0.0,0.0,0.0,0.8763275146484375,24.154582977294922,0.05323028564453125,1.316311240196228,0.87945556640625,0.9326858520507812,0.870513916015625,24.3455810546875,0.05126953125,1.2551422119140625,0.8715972900390625,0.9228668212890625,0.85247802734375,24.256065368652344,0.0,0.0,0.0,0.0,0.8486328125,24.50617218017578,0.0,0.0,0.0,0.0,0.8271713256835938,25.337677001953125,0.0,0.0,0.0,0.0,0.809173583984375,26.760147094726562,0.0,0.0,0.0,0.0,0.7637786865234375,26.460433959960938,0.0,0.0,0.0,0.0,0.7509422302246094,25.75826644897461,0.0,0.0,0.0,0.0,0.7700347900390625,27.042001724243164,0.0,0.0,0.0,0.0,0.8300762176513672,26.433290481567383,0.0,0.0,0.0,0.0,0.7833709716796875,26.065349578857422,0.0,0.0,0.0,0.0,0.8135871887207031,27.626052856445312,0.0,0.0,0.0,0.0,0.8043899536132812,26.035091161727905,0.0,0.0,0.0,0.0,0.8053131103515625,26.363959312438965,0.0,0.0,0.0,0.0,0.8152732849121094,26.390103101730347,0.0,0.0,0.0,0.0,0.806610107421875,27.08454132080078,0.0,0.0,0.0,0.0,0.804473876953125,26.62595844268799,0.0,0.0,0.0,0.0,0.8089526891708374,26.781424403190613,0.0,0.0,0.0,0.0,0.752532958984375,25.323217391967773,0.0,0.0,0.0,0.0,0.745208740234375,24.73186492919922,0.0,0.0,0.0,0.0,0.7315444946289062,24.528018951416016,0.0,0.0,0.0,0.0,0.732269287109375,25.09164810180664,0.0,0.0,0.0,0.0,0.6897964477539062,24.445277094841003,0.0,0.0,0.0,0.0,0.71539306640625,24.57186257839203,0.0,0.0,0.0,0.0,0.694610595703125,24.5801522731781,0.0,0.0,0.0,0.0,0.7588415145874023,25.33189368247986,0.0,0.0,0.0,0.0,0.7252578735351562,26.023856163024902,0.0,0.0,0.0,0.0,0.7822775840759277,25.160651922225952,0.0,0.0,0.0,0.0,0.7596917152404785,26.680018544197083,0.0,0.0,0.0,0.0,0.8001387119293213,28.03017693758011,0.0,0.0,0.0,0.0
93,hallucinated,39,0.9074306488037109,24.06560915708542,0.0,0.0,0.0,0.0,0.6384086608886719,21.892505168914795,0.0,0.0,0.0,0.0,0.8763275146484375,22.757469177246094,0.05609893798828125,1.2695157527923584,0.8765869140625,0.9326858520507812,0.870513916015625,23.094772338867188,0.05126953125,1.2141189575195312,0.8715972900390625,0.9228668212890625,0.85247802734375,22.9027099609375,0.0,0.0,0.0,0.0,0.8486328125,23.071182250976562,0.0,0.0,0.0,0.0,0.8271713256835938,23.949264526367188,0.0,0.0,0.0,0.0,0.7799568176269531,24.96065902709961,0.0,0.0,0.0,0.0,0.7602729797363281,24.774192810058594,0.0,0.0,0.0,0.0,0.7735557556152344,24.373878479003906,0.0,0.0,0.0,0.0,0.7676486968994141,25.300630569458008,0.0,0.0,0.0,0.0,0.8300762176513672,24.952051162719727,0.0,0.0,0.0,0.0,0.7736644744873047,24.473682403564453,0.0,0.0,0.0,0.0,0.813624382019043,26.07564067840576,0.0,0.0,0.0,0.0,0.8043899536132812,24.406585216522217,0.0,0.0,0.0,0.0,0.8053131103515625,24.814510345458984,0.0,0.0,0.0,0.0,0.8152732849121094,25.09588932991028,0.0,0.0,0.0,0.0,0.806610107421875,25.594022750854492,0.0,0.0,0.0,0.0,0.804473876953125,25.203763008117676,0.0,0.0,0.0,0.0,0.8089526891708374,25.153873801231384,0.0,0.0,0.0,0.0,0.752532958984375,23.875152587890625,0.0,0.0,0.0,0.0,0.745208740234375,23.254539489746094,0.0,0.0,0.0,0.0,0.7315444946289062,23.142030715942383,0.0,0.0,0.0,0.0,0.732269287109375,23.67037582397461,0.0,0.0,0.0,0.0,0.6897964477539062,23.07377052307129,0.0,0.0,0.0,0.0,0.71539306640625,23.34591007232666,0.0,0.0,0.0,0.0,0.694610595703125,23.169506072998047,0.0,0.0,0.0,0.0,0.7588415145874023,24.108823776245117,0.0,0.0,0.0,0.0,0.7223663330078125,24.772899627685547,0.0,0.0,0.0,0.0,0.7822775840759277,23.780329704284668,0.0,0.0,0.0,0.0,0.7351117134094238,25.057249546051025,0.0,0.0,0.0,0.0,0.7993998527526855,26.623423218727112,0.0,0.0,0.0,0.0
94,grounded,34,0.8969097137451172,20.719691693782806,0.0,0.0,0.0,0.0,0.6391258239746094,18.95661163330078,0.0,0.0,0.0,0.0,0.862091064453125,19.632732391357422,0.06560516357421875,1.0890787839889526,0.8671722412109375,0.9327774047851562,0.869384765625,19.8961181640625,0.0519256591796875,1.0106658935546875,0.871063232421875,0.9229888916015625,0.8525238037109375,19.79857635498047,0.0,0.0,0.0,0.0,0.848602294921875,19.978485107421875,0.0,0.0,0.0,0.0,0.8268585205078125,20.601783752441406,0.0,0.0,0.0,0.0,0.7633514404296875,20.97875452041626,0.0,0.0,0.0,0.0,0.7601947784423828,21.397920608520508,0.0,0.0,0.0,0.0,0.7309188842773438,20.694438934326172,0.0,0.0,0.0,0.0,0.7681903839111328,21.467866897583008,0.0,0.0,0.0,0.0,0.8303365707397461,21.34842586517334,0.0,0.0,0.0,0.0,0.7569427490234375,20.852191925048828,0.0,0.0,0.0,0.0,0.8065032958984375,22.189298629760742,0.0,0.0,0.0,0.0,0.8048553466796875,21.124874114990234,0.0,0.0,0.0,0.0,0.8058929443359375,21.5040944814682,0.0,0.0,0.0,0.0,0.840240478515625,21.516221284866333,0.0,0.0,0.0,0.0,0.8072013854980469,21.668561935424805,0.0,0.0,0.0,0.0,0.80548095703125,21.50095558166504,0.0,0.0,0.0,0.0,0.8093174695968628,21.517746806144714,0.0,0.0,0.0,0.0,0.752777099609375,20.636016845703125,0.0,0.0,0.0,0.0,0.7450408935546875,20.073633193969727,0.0,0.0,0.0,0.0,0.7321548461914062,20.048538208007812,0.0,0.0,0.0,0.0,0.7318572998046875,20.286869049072266,0.0,0.0,0.0,0.0,0.6894340515136719,19.73221206665039,0.0,0.0,0.0,0.0,0.71490478515625,19.845412731170654,0.0,0.0,0.0,0.0,0.694732666015625,19.957085609436035,0.0,0.0,0.0,0.0,0.7586355209350586,20.642253875732422,0.0,0.0,0.0,0.0,0.719512939453125,20.94158935546875,0.0,0.0,0.0,0.0,0.7819626331329346,20.52507996559143,0.0,0.0,0.0,0.0,0.7770967483520508,21.641982078552246,0.0,0.0,0.0,0.0,0.7955689430236816,23.03117609024048,0.0,0.0,0.0,0.0
94,hallucinated,38,0.9065284729003906,23.347489416599274,0.0,0.0,0.0,0.0,0.639434814453125,21.29017448425293,0.0,0.0,0.0,0.0,0.861663818359375,22.083419799804688,0.06591033935546875,1.269059181213379,0.8667755126953125,0.9326858520507812,0.8687744140625,22.40826416015625,0.0519561767578125,1.1866989135742188,0.87091064453125,0.9228668212890625,0.85247802734375,22.291797637939453,0.0,0.0,0.0,0.0,0.8486328125,22.685462951660156,0.0,0.0,0.0,0.0,0.8271713256835938,23.321876525878906,0.0,0.0,0.0,0.0,0.7627487182617188,23.752126693725586,0.0,0.0,0.0,0.0,0.7602729797363281,24.160951614379883,0.0,0.0,0.0,0.0,0.7592306137084961,23.677739143371582,0.0,0.0,0.0,0.0,0.7676486968994141,24.473222732543945,0.0,0.0,0.0,0.0,0.8300762176513672,24.22551918029785,0.0,0.0,0.0,0.0,0.75616455078125,23.593523025512695,0.0,0.0,0.0,0.0,0.8067169189453125,25.142297744750977,0.0,0.0,0.0,0.0,0.8043899536132812,23.81197738647461,0.0,0.0,0.0,0.0,0.8050308227539062,24.227247893810272,0.0,0.0,0.0,0.0,0.7777447700500488,24.17591142654419,0.02431488037109375,0.0585479736328125,0.8153610229492188,0.8396759033203125,0.806610107421875,24.571680068969727,0.0,0.0,0.0,0.0,0.804473876953125,24.237812995910645,0.0,0.0,0.0,0.0,0.8089526891708374,24.249313712120056,0.0,0.0,0.0,0.0,0.752532958984375,23.137554168701172,0.0,0.0,0.0,0.0,0.745208740234375,22.60222625732422,0.0,0.0,0.0,0.0,0.7315444946289062,22.46366596221924,0.0,0.0,0.0,0.0,0.732269287109375,22.962854385375977,0.0,0.0,0.0,0.0,0.6897964477539062,22.28080654144287,0.0,0.0,0.0,0.0,0.71539306640625,22.354282796382904,0.0,0.0,0.0,0.0,0.694610595703125,22.50300407409668,0.0,0.0,0.0,0.0,0.7588415145874023,23.184793710708618,0.0,0.0,0.0,0.0,0.71917724609375,23.605167388916016,0.0,0.0,0.0,0.0,0.7822775840759277,23.11686372756958,0.0,0.0,0.0,0.0,0.7766690254211426,24.252529621124268,0.0,0.0,0.0,0.0,0.7944436073303223,25.758115768432617,0.0,0.0,0.0,0.0
95,grounded,40,0.9065589904785156,24.48020213842392,0.0,0.0,0.0,0.0,0.6378936767578125,22.484355926513672,0.0,0.0,0.0,0.0,0.870025634765625,23.341670989990234,0.05730438232421875,1.236960530281067,0.8753814697265625,0.9326858520507812,0.8674163818359375,23.66461944580078,0.0513916015625,1.1806483268737793,0.8714752197265625,0.9228668212890625,0.85247802734375,23.719192504882812,0.0,0.0,0.0,0.0,0.8486328125,24.137252807617188,0.0,0.0,0.0,0.0,0.8271713256835938,24.481964111328125,0.0,0.0,0.0,0.0,0.7652149200439453,25.341596603393555,0.0,0.0,0.0,0.0,0.76153564453125,25.882564544677734,0.0,0.0,0.0,0.0,0.7722535133361816,25.66051149368286,0.0,0.0,0.0,0.0,0.8160629272460938,26.801660537719727,0.0,0.0,0.0,0.0,0.8120098114013672,26.311948776245117,0.009424209594726562,0.01226043701171875,0.8206520080566406,0.8300762176513672,0.7969322204589844,26.284465312957764,0.0,0.0,0.0,0.0,0.8642616271972656,27.871731281280518,0.051212310791015625,0.051212310791015625,0.8205108642578125,0.8717231750488281,0.7965087890625,26.29403269290924,0.0,0.0,0.0,0.0,0.8040323257446289,26.464118003845215,0.0,0.0,0.0,0.0,0.8270111083984375,26.860292673110962,0.040500640869140625,0.1118927001953125,0.7991752624511719,0.8396759033203125,0.806610107421875,26.870634973049164,0.0,0.0,0.0,0.0,0.804473876953125,26.323166251182556,0.0,0.0,0.0,0.0,0.8089526891708374,26.38165247440338,0.0,0.0,0.0,0.0,0.752532958984375,24.871476650238037,0.0,0.0,0.0,0.0,0.745208740234375,24.351167678833008,0.0,0.0,0.0,0.0,0.7315444946289062,23.816368103027344,0.0,0.0,0.0,0.0,0.732269287109375,24.577211380004883,0.0,0.0,0.0,0.0,0.6897964477539062,23.966951370239258,0.0,0.0,0.0,0.0,0.71539306640625,23.920419692993164,0.0,0.0,0.0,0.0,0.694610595703125,23.926231384277344,0.0,0.0,0.0,0.0,0.7588415145874023,24.534204483032227,0.0,0.0,0.0,0.0,0.7260322570800781,25.389074325561523,0.0,0.0,0.0,0.0,0.7822775840759277,24.730425357818604,0.0,0.0,0.0,0.0,0.74578857421875,26.03181743621826,0.0,0.0,0.0,0.0,0.8021998405456543,27.827057719230652,0.0,0.0,0.0,0.0
95,hallucinated,40,0.9064598083496094,24.48814433813095,0.0,0.0,0.0,0.0,0.6378936767578125,22.464244842529297,0.0,0.0,0.0,0.0,0.870025634765625,23.33523178100586,0.05730438232421875,1.2517882585525513,0.8753814697265625,0.9326858520507812,0.8674163818359375,23.68323516845703,0.0513916015625,1.181556224822998,0.8714752197265625,0.9228668212890625,0.85247802734375,23.690139770507812,0.0,0.0,0.0,0.0,0.8486328125,24.134033203125,0.0,0.0,0.0,0.0,0.8271713256835938,24.471099853515625,0.0,0.0,0.0,0.0,0.7613906860351562,25.270009994506836,0.0,0.0,0.0,0.0,0.7677154541015625,25.852924346923828,0.0,0.0,0.0,0.0,0.7667064666748047,25.55708885192871,0.0,0.0,0.0,0.0,0.8175697326660156,26.76603126525879,0.0,0.0,0.0,0.0,0.8018569946289062,26.262813568115234,0.01806640625,0.031708717346191406,0.8120098114013672,0.8300762176513672,0.79534912109375,26.177912712097168,0.0,0.0,0.0,0.0,0.8585491180419922,27.81584405899048,0.051212310791015625,0.051212310791015625,0.8205108642578125,0.8717231750488281,0.8042030334472656,26.29365599155426,0.0,0.0,0.0,0.0,0.7983124256134033,26.39113140106201,0.0,0.0,0.0,0.0,0.8270111083984375,26.877487421035767,0.042938232421875,0.11433029174804688,0.7967376708984375,0.8396759033203125,0.806610107421875,26.857628524303436,0.0,0.0,0.0,0.0,0.804473876953125,26.281387090682983,0.0,0.0,0.0,0.0,0.8089526891708374,26.36009180545807,0.0,0.0,0.0,0.0,0.752532958984375,24.84420919418335,0.0,0.0,0.0,0.0,0.745208740234375,24.3580265045166,0.0,0.0,0.0,0.0,0.7315444946289062,23.806076049804688,0.0,0.0,0.0,0.0,0.732269287109375,24.553674697875977,0.0,0.0,0.0,0.0,0.6897964477539062,23.979202270507812,0.0,0.0,0.0,0.0,0.71539306640625,23.902124404907227,0.0,0.0,0.0,0.0,0.694610595703125,23.926143646240234,0.0,0.0,0.0,0.0,0.7588415145874023,24.523656845092773,0.0,0.0,0.0,0.0,0.7260322570800781,25.354639053344727,0.0,0.0,0.0,0.0,0.7822775840759277,24.73106622695923,0.0,0.0,0.0,0.0,0.74578857421875,26.014310836791992,0.0,0.0,0.0,0.0,0.8021998405456543,27.792861998081207,0.0,0.0,0.0,0.0
96,grounded,43,0.9126415252685547,26.490968346595764,0.0,0.0,0.0,0.0,0.6372528076171875,24.281968235969543,0.0,0.0,0.0,0.0,0.8686676025390625,25.076038360595703,0.06169891357421875,1.4432413578033447,0.8709869384765625,0.9326858520507812,0.8627777099609375,25.533126831054688,0.058502197265625,1.3601150512695312,0.8643646240234375,0.9228668212890625,0.85247802734375,25.368194580078125,0.0,0.0,0.0,0.0,0.8486328125,25.49530792236328,0.0,0.0,0.0,0.0,0.8271713256835938,26.662548065185547,0.0,0.0,0.0,0.0,0.7681894302368164,27.196702003479004,0.0,0.0,0.0,0.0,0.7602729797363281,27.395557403564453,0.0,0.0,0.0,0.0,0.7580413818359375,26.88429832458496,0.0,0.0,0.0,0.0,0.78228759765625,27.8439884185791,0.0,0.0,0.0,0.0,0.7803001403808594,27.72357749938965,0.026739120483398438,0.0313568115234375,0.8033370971679688,0.8300762176513672,0.7962417602539062,27.277816772460938,0.0,0.0,0.0,0.0,0.8008270263671875,28.616962432861328,0.0,0.0,0.0,0.0,0.7876605987548828,27.46822738647461,0.0088653564453125,0.0088653564453125,0.7955245971679688,0.8043899536132812,0.8005256652832031,27.465621948242188,0.017425537109375,0.019514083862304688,0.7878875732421875,0.8053131103515625,0.8075695037841797,27.431467056274414,0.0843658447265625,0.17542266845703125,0.75531005859375,0.8396759033203125,0.806610107421875,27.936370849609375,0.0,0.0,0.0,0.0,0.7757339477539062,27.41777801513672,0.0,0.0,0.0,0.0,0.7845892906188965,27.8840012550354,0.0023578405380249023,0.0023578405380249023,0.8065948486328125,0.8089526891708374,0.752532958984375,26.4479501247406,0.0,0.0,0.0,0.0,0.745208740234375,25.971039056777954,0.0,0.0,0.0,0.0,0.7315444946289062,25.7470383644104,0.0,0.0,0.0,0.0,0.732269287109375,26.116168975830078,0.0,0.0,0.0,0.0,0.6897964477539062,25.18448567390442,0.0,0.0,0.0,0.0,0.71539306640625,25.435957431793213,0.0,0.0,0.0,0.0,0.694610595703125,25.81675887107849,0.0,0.0,0.0,0.0,0.7588415145874023,26.527343273162842,0.0,0.0,0.0,0.0,0.71917724609375,27.100829124450684,0.0,0.0,0.0,0.0,0.7822775840759277,26.39615786075592,0.0,0.0,0.0,0.0,0.8181526064872742,27.842961013317108,0.0,0.0,0.0,0.0,0.8128452301025391,29.309471607208252,0.0,0.0,0.0,0.0
96,hallucinated,40,0.9083538055419922,24.585363686084747,0.0,0.0,0.0,0.0,0.6372528076171875,22.506826519966125,0.0,0.0,0.0,0.0,0.8686676025390625,23.26681900024414,0.06169891357421875,1.3805277347564697,0.8709869384765625,0.9326858520507812,0.8627777099609375,23.739837646484375,0.058502197265625,1.2712554931640625,0.8643646240234375,0.9228668212890625,0.85247802734375,23.470569610595703,0.0,0.0,0.0,0.0,0.8486328125,23.62221908569336,0.0,0.0,0.0,0.0,0.8271713256835938,24.565929412841797,0.0,0.0,0.0,0.0,0.7681894302368164,25.162713050842285,0.0,0.0,0.0,0.0,0.7602729797363281,25.235797882080078,0.0,0.0,0.0,0.0,0.7392578125,24.9113826751709,0.0,0.0,0.0,0.0,0.7676486968994141,26.0047550201416,0.0,0.0,0.0,0.0,0.806488037109375,25.496763229370117,0.0,0.0,0.0,0.0,0.75616455078125,25.00182342529297,0.0,0.0,0.0,0.0,0.8061752319335938,26.573787689208984,0.0,0.0,0.0,0.0,0.8043899536132812,25.29919719696045,0.0,0.0,0.0,0.0,0.8038253784179688,25.331954956054688,0.0,0.0,0.0,0.0,0.8079037666320801,25.456029415130615,0.0,0.0,0.0,0.0,0.806610107421875,25.840900421142578,0.0,0.0,0.0,0.0,0.7755508422851562,25.42789125442505,0.0,0.0,0.0,0.0,0.7848224639892578,25.740694999694824,0.0030597448348999023,0.0030597448348999023,0.8058929443359375,0.8089526891708374,0.752532958984375,24.41981792449951,0.0,0.0,0.0,0.0,0.745208740234375,23.8787202835083,0.0,0.0,0.0,0.0,0.7315444946289062,23.87610387802124,0.0,0.0,0.0,0.0,0.732269287109375,24.164871215820312,0.0,0.0,0.0,0.0,0.6897964477539062,23.418628692626953,0.0,0.0,0.0,0.0,0.71539306640625,23.471580505371094,0.0,0.0,0.0,0.0,0.694610595703125,23.688631057739258,0.0,0.0,0.0,0.0,0.7588415145874023,24.443729400634766,0.0,0.0,0.0,0.0,0.71917724609375,24.960819244384766,0.0,0.0,0.0,0.0,0.7822775840759277,24.363810539245605,0.0,0.0,0.0,0.0,0.8189043998718262,25.45953130722046,0.0,0.0,0.0,0.0,0.8132352828979492,26.95818865299225,0.0,0.0,0.0,0.0
97,grounded,40,0.9062061309814453,24.43433278799057,0.0,0.0,0.0,0.0,0.639312744140625,22.37804412841797,0.0,0.0,0.0,0.0,0.8672637939453125,23.328853607177734,0.05997467041015625,1.3458212614059448,0.872711181640625,0.9326858520507812,0.86846923828125,23.595443725585938,0.05133056640625,1.198448657989502,0.8715362548828125,0.9228668212890625,0.85247802734375,23.438186645507812,0.0,0.0,0.0,0.0,0.8486328125,23.788654327392578,0.0,0.0,0.0,0.0,0.8271713256835938,24.46208953857422,0.0,0.0,0.0,0.0,0.7710037231445312,24.872081756591797,0.0,0.0,0.0,0.0,0.7602729797363281,25.349960327148438,0.0,0.0,0.0,0.0,0.7868270874023438,24.95840835571289,0.0,0.0,0.0,0.0,0.773834228515625,26.2352352142334,0.0,0.0,0.0,0.0,0.8243484497070312,25.556499481201172,0.0,0.0,0.0,0.0,0.7662849426269531,25.363242149353027,0.0,0.0,0.0,0.0,0.8325634002685547,26.661677360534668,0.0,0.0,0.0,0.0,0.7811431884765625,25.225198984146118,0.0,0.0,0.0,0.0,0.7925033569335938,25.549484252929688,0.0,0.0,0.0,0.0,0.7854118347167969,25.385246992111206,0.03490447998046875,0.03490447998046875,0.8047714233398438,0.8396759033203125,0.806610107421875,25.78731107711792,0.0,0.0,0.0,0.0,0.7861270904541016,25.539456844329834,0.00484466552734375,0.00484466552734375,0.7996292114257812,0.804473876953125,0.7688827514648438,25.65742778778076,0.0036433935165405273,0.0036433935165405273,0.8053092956542969,0.8089526891708374,0.752532958984375,24.160560369491577,0.0,0.0,0.0,0.0,0.745208740234375,23.76679801940918,0.0,0.0,0.0,0.0,0.7315444946289062,23.491841793060303,0.0,0.0,0.0,0.0,0.732269287109375,23.806198596954346,0.0,0.0,0.0,0.0,0.6897964477539062,23.16704559326172,0.0,0.0,0.0,0.0,0.71539306640625,23.15707015991211,0.0,0.0,0.0,0.0,0.694610595703125,23.519689559936523,0.0,0.0,0.0,0.0,0.7588415145874023,24.260042667388916,0.0,0.0,0.0,0.0,0.71917724609375,24.84210205078125,0.0,0.0,0.0,0.0,0.7822775840759277,24.552186489105225,0.0,0.0,0.0,0.0,0.7472038269042969,25.624547004699707,0.0,0.0,0.0,0.0,0.8063216209411621,27.283650159835815,0.0,0.0,0.0,0.0
97,hallucinated,37,0.9015235900878906,22.530965745449066,0.0,0.0,0.0,0.0,0.639312744140625,20.640865325927734,0.0,0.0,0.0,0.0,0.8672637939453125,21.578861236572266,0.05997467041015625,1.2084234952926636,0.872711181640625,0.9326858520507812,0.86846923828125,21.770172119140625,0.05133056640625,1.0916290283203125,0.8715362548828125,0.9228668212890625,0.85247802734375,21.660903930664062,0.0,0.0,0.0,0.0,0.8486328125,22.040180206298828,0.0,0.0,0.0,0.0,0.8271713256835938,22.455265045166016,0.0,0.0,0.0,0.0,0.7722854614257812,22.959692001342773,0.0,0.0,0.0,0.0,0.7602729797363281,23.511646270751953,0.0,0.0,0.0,0.0,0.7874221801757812,22.987509727478027,0.0,0.0,0.0,0.0,0.7785491943359375,24.040430068969727,0.0,0.0,0.0,0.0,0.8114471435546875,23.574169158935547,0.018575668334960938,0.027095794677734375,0.8115005493164062,0.8300762176513672,0.75616455078125,23.187439918518066,0.0,0.0,0.0,0.0,0.8402786254882812,24.53674602508545,0.008390426635742188,0.012102127075195312,0.7977848052978516,0.8061752319335938,0.7928047180175781,23.076236963272095,0.0,0.0,0.0,0.0,0.7802658081054688,23.43490982055664,0.0346527099609375,0.0346527099609375,0.770660400390625,0.8053131103515625,0.7882556915283203,23.582382440567017,0.05980682373046875,0.09920501708984375,0.7798690795898438,0.8396759033203125,0.806610107421875,23.831363201141357,0.0,0.0,0.0,0.0,0.7797889709472656,23.677863597869873,0.0,0.0,0.0,0.0,0.7812347412109375,23.602675437927246,0.0,0.0,0.0,0.0,0.752532958984375,22.375746726989746,0.0,0.0,0.0,0.0,0.745208740234375,21.986254692077637,0.0,0.0,0.0,0.0,0.7315444946289062,21.747307300567627,0.0,0.0,0.0,0.0,0.732269287109375,22.054454803466797,0.0,0.0,0.0,0.0,0.6897964477539062,21.403038024902344,0.0,0.0,0.0,0.0,0.71539306640625,21.418697357177734,0.0,0.0,0.0,0.0,0.694610595703125,21.716358184814453,0.0,0.0,0.0,0.0,0.7588415145874023,22.644307136535645,0.0,0.0,0.0,0.0,0.71917724609375,22.950780868530273,0.0,0.0,0.0,0.0,0.7822775840759277,22.764444828033447,0.0,0.0,0.0,0.0,0.747039794921875,23.79444408416748,0.0,0.0,0.0,0.0,0.8063216209411621,25.20403015613556,0.0,0.0,0.0,0.0
98,grounded,35,0.8970699310302734,21.28814262151718,0.0,0.0,0.0,0.0,0.6398696899414062,19.68737030029297,0.0,0.0,0.0,0.0,0.864715576171875,20.335372924804688,0.06713104248046875,1.086279034614563,0.8656463623046875,0.9327774047851562,0.8625106811523438,20.555931091308594,0.0533599853515625,1.0198211669921875,0.86962890625,0.9229888916015625,0.8525238037109375,20.627548217773438,0.0,0.0,0.0,0.0,0.848602294921875,20.839576721191406,0.0,0.0,0.0,0.0,0.8268585205078125,21.226207733154297,0.0,0.0,0.0,0.0,0.7712783813476562,21.711944580078125,0.0,0.0,0.0,0.0,0.7601947784423828,21.822425842285156,0.0,0.0,0.0,0.0,0.7735557556152344,21.673728942871094,0.0,0.0,0.0,0.0,0.7681903839111328,22.29473304748535,0.0,0.0,0.0,0.0,0.801884651184082,22.31590747833252,0.0024824142456054688,0.0024824142456054688,0.8278541564941406,0.8303365707397461,0.7742271423339844,22.180580139160156,0.0,0.0,0.0,0.0,0.8065032958984375,22.961261749267578,0.0,0.0,0.0,0.0,0.8048553466796875,22.293682098388672,0.0,0.0,0.0,0.0,0.8129920959472656,22.637518882751465,0.0,0.0,0.0,0.0,0.8096466064453125,22.60421061515808,0.00054168701171875,0.00054168701171875,0.8396987915039062,0.840240478515625,0.8072013854980469,22.510870933532715,0.0,0.0,0.0,0.0,0.80548095703125,22.406103134155273,0.0,0.0,0.0,0.0,0.8093174695968628,22.602532267570496,0.0,0.0,0.0,0.0,0.752777099609375,21.410404205322266,0.0,0.0,0.0,0.0,0.7450408935546875,21.001301765441895,0.0,0.0,0.0,0.0,0.7321548461914062,20.907771110534668,0.0,0.0,0.0,0.0,0.7318572998046875,21.04730987548828,0.0,0.0,0.0,0.0,0.6894340515136719,20.458486557006836,0.0,0.0,0.0,0.0,0.71490478515625,20.778478622436523,0.0,0.0,0.0,0.0,0.694732666015625,21.063042640686035,0.0,0.0,0.0,0.0,0.7586355209350586,21.64511203765869,0.0,0.0,0.0,0.0,0.719512939453125,22.174623489379883,0.0,0.0,0.0,0.0,0.7819626331329346,21.550207376480103,0.0,0.0,0.0,0.0,0.7506465911865234,22.942437171936035,0.0,0.0,0.0,0.0,0.793843686580658,24.38117790222168,0.0,0.0,0.0,0.0
98,hallucinated,33,0.8930282592773438,19.951979100704193,0.0,0.0,0.0,0.0,0.6398696899414062,18.46576690673828,0.0,0.0,0.0,0.0,0.8656463623046875,19.091400146484375,0.05756378173828125,0.9978581666946411,0.875213623046875,0.9327774047851562,0.86962890625,19.296234130859375,0.051025390625,0.9474639892578125,0.8719635009765625,0.9229888916015625,0.8525238037109375,19.35544776916504,0.0,0.0,0.0,0.0,0.848602294921875,19.540523529052734,0.0,0.0,0.0,0.0,0.8268585205078125,19.96509552001953,0.0,0.0,0.0,0.0,0.7669906616210938,20.4019775390625,0.0,0.0,0.0,0.0,0.7601947784423828,20.512073516845703,0.0,0.0,0.0,0.0,0.7518997192382812,20.323387145996094,0.0,0.0,0.0,0.0,0.7681903839111328,20.892969131469727,0.0,0.0,0.0,0.0,0.801884651184082,20.98068332672119,0.014655113220214844,0.014655113220214844,0.8156814575195312,0.8303365707397461,0.7757987976074219,20.776325225830078,0.0,0.0,0.0,0.0,0.8214035034179688,21.693397521972656,0.0,0.0,0.0,0.0,0.8048553466796875,21.012218952178955,0.0,0.0,0.0,0.0,0.8130340576171875,21.25224733352661,0.0,0.0,0.0,0.0,0.81658935546875,21.39750647544861,0.00054168701171875,0.00054168701171875,0.8396987915039062,0.840240478515625,0.8072013854980469,21.18061065673828,0.0,0.0,0.0,0.0,0.80548095703125,20.89512825012207,0.0,0.0,0.0,0.0,0.8093174695968628,21.119118571281433,0.0,0.0,0.0,0.0,0.752777099609375,20.046016693115234,0.0,0.0,0.0,0.0,0.7450408935546875,19.546409606933594,0.0,0.0,0.0,0.0,0.7321548461914062,19.447425842285156,0.0,0.0,0.0,0.0,0.7318572998046875,19.66046142578125,0.0,0.0,0.0,0.0,0.6894340515136719,19.264732360839844,0.0,0.0,0.0,0.0,0.71490478515625,19.454790115356445,0.0,0.0,0.0,0.0,0.694732666015625,19.66177272796631,0.0,0.0,0.0,0.0,0.7586355209350586,20.19309711456299,0.0,0.0,0.0,0.0,0.719512939453125,20.823320388793945,0.0,0.0,0.0,0.0,0.7819626331329346,20.10459542274475,0.0,0.0,0.0,0.0,0.7480106353759766,21.333168029785156,0.0,0.0,0.0,0.0,0.7935070395469666,22.80135715007782,0.0,0.0,0.0,0.0
99,grounded,47,0.9197425842285156,29.333349227905273,0.0,0.0,0.0,0.0,0.6384925842285156,26.51268768310547,0.0,0.0,0.0,0.0,0.8719253540039062,27.701942443847656,0.05841827392578125,1.5421613454818726,0.874267578125,0.9326858520507812,0.8679046630859375,28.190292358398438,0.0526580810546875,1.4590988159179688,0.870208740234375,0.9228668212890625,0.85247802734375,28.087230682373047,0.0,0.0,0.0,0.0,0.8486328125,28.687530517578125,0.0,0.0,0.0,0.0,0.8271713256835938,29.08454132080078,0.0,0.0,0.0,0.0,0.7794909477233887,30.09367609024048,0.0,0.0,0.0,0.0,0.7602729797363281,30.331018447875977,0.0,0.0,0.0,0.0,0.7972946166992188,30.089004516601562,0.0,0.0,0.0,0.0,0.78497314453125,31.578489303588867,0.0,0.0,0.0,0.0,0.8249969482421875,30.91596794128418,0.0,0.0,0.0,0.0,0.8150510787963867,31.057239532470703,0.0,0.0,0.0,0.0,0.8663716316223145,32.91839051246643,0.0,0.0,0.0,0.0,0.8043899536132812,30.854924201965332,0.0,0.0,0.0,0.0,0.8053131103515625,30.90400505065918,0.0,0.0,0.0,0.0,0.8422250747680664,31.90506386756897,0.0,0.0,0.0,0.0,0.806610107421875,31.634485244750977,0.0,0.0,0.0,0.0,0.804473876953125,31.20142126083374,0.0,0.0,0.0,0.0,0.8089526891708374,30.824878096580505,0.0,0.0,0.0,0.0,0.752532958984375,29.232321739196777,0.0,0.0,0.0,0.0,0.745208740234375,29.026548385620117,0.0,0.0,0.0,0.0,0.7315444946289062,28.14337921142578,0.0,0.0,0.0,0.0,0.732269287109375,29.143101692199707,0.0,0.0,0.0,0.0,0.6897964477539062,27.897939682006836,0.0,0.0,0.0,0.0,0.71539306640625,28.336174964904785,0.0,0.0,0.0,0.0,0.694610595703125,28.31770896911621,0.0,0.0,0.0,0.0,0.7588415145874023,29.24501609802246,0.0,0.0,0.0,0.0,0.7382431030273438,30.1911563873291,0.0,0.0,0.0,0.0,0.7822775840759277,29.296276092529297,0.0,0.0,0.0,0.0,0.7840971946716309,30.969162166118622,0.0,0.0,0.0,0.0,0.7975238561630249,32.60214853286743,0.0,0.0,0.0,0.0
99,hallucinated,41,0.9109039306640625,25.275271892547607,0.0,0.0,0.0,0.0,0.6384925842285156,22.953781127929688,0.0,0.0,0.0,0.0,0.874267578125,23.967437744140625,0.05323028564453125,1.3069127798080444,0.87945556640625,0.9326858520507812,0.8679046630859375,24.425949096679688,0.0526580810546875,1.2370452880859375,0.870208740234375,0.9228668212890625,0.85247802734375,24.31460189819336,0.0,0.0,0.0,0.0,0.8486328125,24.687437057495117,0.0,0.0,0.0,0.0,0.8271713256835938,25.20789337158203,0.0,0.0,0.0,0.0,0.7794909477233887,26.075875759124756,0.0,0.0,0.0,0.0,0.7602729797363281,26.198163986206055,0.0,0.0,0.0,0.0,0.7519092559814453,25.726926803588867,0.0,0.0,0.0,0.0,0.7842483520507812,26.94032859802246,0.0,0.0,0.0,0.0,0.8300762176513672,26.622461318969727,0.0,0.0,0.0,0.0,0.8050594329833984,26.239070892333984,0.0,0.0,0.0,0.0,0.8357086181640625,27.91699719429016,0.0,0.0,0.0,0.0,0.8043899536132812,26.34895420074463,0.0,0.0,0.0,0.0,0.8053131103515625,26.404797077178955,0.0,0.0,0.0,0.0,0.842010498046875,27.27401900291443,0.008141517639160156,0.008141517639160156,0.8315343856811523,0.8396759033203125,0.806610107421875,27.19924235343933,0.0,0.0,0.0,0.0,0.804473876953125,27.021427154541016,0.0,0.0,0.0,0.0,0.8089526891708374,26.73733127117157,0.0,0.0,0.0,0.0,0.752532958984375,25.212867736816406,0.0,0.0,0.0,0.0,0.745208740234375,25.19171142578125,0.0,0.0,0.0,0.0,0.7315444946289062,24.39984893798828,0.0,0.0,0.0,0.0,0.737457275390625,25.221426010131836,0.0,0.0,0.0,0.0,0.6897964477539062,24.12351417541504,0.0,0.0,0.0,0.0,0.71539306640625,24.488905906677246,0.0,0.0,0.0,0.0,0.694610595703125,24.526673793792725,0.0,0.0,0.0,0.0,0.7588415145874023,25.293659210205078,0.0,0.0,0.0,0.0,0.71917724609375,26.03819465637207,0.0,0.0,0.0,0.0,0.7822775840759277,25.44963312149048,0.0,0.0,0.0,0.0,0.777444064617157,26.830166041851044,0.0,0.0,0.0,0.0,0.7984473705291748,28.45746636390686,0.0,0.0,0.0,0.0
